row_i,col_j,solenoid_length_m,ri,rf,th,a,a_sc,v,v_bore,b0,scan,je_sc,je_max,stress,rebco_pancake_length,rebco_total_length,j_crit,margin,converged
0,0,2.0,0.01,0.07812809993849779,0.06812809993849779,0.018862122292152797,0.0037724244584305586,0.0006283185307179586,0.0006283185307179586,23.08140232279851,140678027514255.28,269.9172049176341,269.90665846277454,31.114171817886312,37.72424458430558,18862.12229215279,539.8133169255491,1.9999218541488473,True
0,1,2.0,0.06137931034482759,0.09885049184706446,0.03747118150223687,0.018862122292152797,0.0037724244584305586,0.023671396346335083,0.023671396346335083,15.433633083856567,3925747116.8600364,328.83267355676617,328.8183129698834,155.2462434179951,37.724244584305616,18862.12229215281,657.6366259397668,1.9999126571777224,True
0,2,2.0,0.11275862068965517,0.13681559318964132,0.024056972499986146,0.018862122292152797,0.0037724244584305586,0.0798876006791208,0.0798876006791208,11.251862906883428,241015852.10979393,375.0928232670272,375.0819879357591,236.11185186441773,37.72424458430555,18862.122292152777,750.1639758715182,1.999942225867327,True
0,3,2.0,0.16413793103448276,0.18150829293528303,0.01737036190080027,0.018862122292152797,0.0037724244584305586,0.16927693152907516,0.16927693152907516,8.807732387162241,52532196.48605745,409.4877986631671,409.4936067281381,291.66777564945414,37.72424458430567,18862.122292152835,818.9872134562762,2.0000283674629133,True
0,4,2.0,0.21551724137931036,0.2290233204976031,0.013506079118292741,0.018862122292152797,0.0037724244584305586,0.29183938889619815,0.29183938889619815,7.220936017423708,18924347.64579961,435.8413371455255,435.83679882131986,331.0547808270245,37.724244584305815,18862.122292152908,871.6735976426397,1.9999791744205113,True
0,5,2.0,0.26689655172413795,0.27791683886053997,0.011020287136402018,0.018862122292152797,0.0037724244584305586,0.44757497278048974,0.44757497278048974,6.102961923451356,8915779.266514145,456.75485790004626,456.75954390872187,358.91492110986053,37.724244584305076,18862.122292152537,913.5190878174437,2.000020518703171,True
0,6,2.0,0.3182758620689655,0.3275721666682673,0.009296304599301752,0.018862122292152797,0.0037724244584305586,0.6364836831819498,0.6364836831819498,5.268142069111818,4965394.594934715,473.8903569153532,473.88463279256956,378.0667246847634,37.72424458430475,18862.122292152373,947.7692655851391,1.999975841995094,True
0,7,2.0,0.36965517241379314,0.3776889546866191,0.008033782272825973,0.018862122292152797,0.0037724244584305586,0.8585655201005787,0.8585655201005787,4.617242367383195,3102885.5961257857,488.24239776034136,488.2490285813321,390.3032919911849,37.724244584304714,18862.12229215236,976.4980571626642,2.000027162004042,True
0,8,2.0,0.4210344827586207,0.4281051689384504,0.007070686179829699,0.018862122292152797,0.0037724244584305586,1.113820483536376,1.113820483536376,4.093608957478804,2108944.628433388,500.52307324586525,500.51832790450646,397.03514594262793,37.724244584305325,18862.122292152664,1001.0366558090129,1.9999810384711019,True
0,9,2.0,0.4724137931034483,0.4787262181188613,0.006312425015413015,0.018862122292152797,0.0037724244584305586,1.402248573489342,1.402248573489342,3.661750682956953,1528866.230103908,511.1610098249654,511.15846856312066,399.2675545578712,37.724244584305325,18862.122292152664,1022.3169371262413,1.9999900569026359,True
0,10,2.0,0.5237931034482759,0.529493357106561,0.005700253658285082,0.018862122292152797,0.0037724244584305586,1.7238497899594767,1.7238497899594767,3.298861020477545,1166148.3022179278,520.4938658016176,520.4908116098613,397.8815241429641,37.724244584307826,18862.122292153912,1040.9816232197227,1.9999882642545592,True
0,11,2.0,0.5751724137931035,0.5803682499832197,0.00519583619011621,0.018862122292152797,0.0037724244584305586,2.07862413294678,2.07862413294678,2.9893112910130912,926837.2398699085,528.7547681984178,528.7519190317502,393.5908768069612,37.72424458430735,18862.122292153676,1057.5038380635003,1.9999892231074254,True
0,12,2.0,0.626551724137931,0.6313248474598587,0.004773123321927697,0.018862122292152797,0.0037724244584305586,2.4665716024512516,2.4665716024512516,2.7220771450290147,762009.6219504353,536.1208958015699,536.1184837211772,387.0038386751772,37.72424458430491,18862.122292152457,1072.2369674423544,1.999991001729604,True
0,13,2.0,0.6779310344827586,0.6823448450123025,0.004413810529543927,0.018862122292152797,0.0037724244584305586,2.887692198472892,2.887692198472892,2.4891153478782337,644453.3811916739,542.7282533730745,542.7263072536363,378.63609711303144,37.72424458430703,18862.122292153515,1085.4526145072725,1.9999928283835378,True
0,14,2.0,0.7293103448275863,0.7334150114856749,0.004104666658088618,0.018862122292152797,0.0037724244584305586,3.3419859210117013,3.3419859210117013,2.284394090549639,558181.0613216178,548.6837308891178,548.6822021723606,368.92380274389814,37.724244584304316,18862.12229215216,1097.3644043447212,1.9999944276942394,True
0,15,2.0,0.7806896551724138,0.7845255494202992,0.0038358942478853297,0.018862122292152797,0.0037724244584305586,3.829452770067679,3.829452770067679,2.1032803028627494,493359.60197709425,554.0731323004128,554.0719501428745,358.2335433547424,37.72424458430796,18862.12229215398,1108.143900285749,1.9999957328465525,True
0,16,2.0,0.8320689655172414,0.8356690513456462,0.0036000858284047643,0.018862122292152797,0.0037724244584305586,4.350092745640825,4.350092745640825,1.9421400924194536,443701.25782285654,558.9666412221303,558.9657354962742,346.87078000199983,37.72424458430239,18862.122292151194,1117.9314709925484,1.9999967592847612,True
0,17,2.0,0.883448275862069,0.8868398142413669,0.0033915383792979537,0.018862122292152797,0.0037724244584305586,4.90390584773114,4.90390584773114,1.7980708240185777,405048.48125978885,563.4226168231475,563.4219265401088,335.08741721844433,37.72424458430784,18862.12229215392,1126.8438530802175,1.9999975496793416,True
0,18,2.0,0.9348275862068965,0.938033376769405,0.0032057905625084704,0.018862122292152797,0.0037724244584305586,5.490892076338623,5.490892076338623,1.6687169334840435,374571.0525374886,567.4902797104957,567.4897550095205,323.08876777705603,37.72424458430278,18862.12229215139,1134.979510019041,1.9999981508018942,True
0,19,2.0,0.9862068965517242,0.9892461992882172,0.003039302736492999,0.018862122292152797,0.0037724244584305586,6.1110514314632765,6.1110514314632765,1.5521279978883111,350303.6543965786,571.2070857953044,571.21164713862,311.0350132453057,37.724244584303904,18862.12229215195,1142.42329427724,2.0000159708919205,True
0,20,2.0,1.0375862068965518,1.0404754378369407,0.002889230940388954,0.018862122292152797,0.0037724244584305586,6.764383913105096,6.764383913105096,1.4467183735322546,330809.35354917956,574.6192604905445,574.6229527650352,299.06808327788985,37.72424458429552,18862.12229214776,1149.2459055300703,2.0000128512033775,True
0,21,2.0,1.0889655172413792,1.0917187814363114,0.002753264194932159,0.018862122292152797,0.0037724244584305586,7.450889521264084,7.450889521264084,1.3511145916486476,315073.6705421215,577.7527184845749,577.7557074296309,287.28354394487064,37.72424458431015,18862.122292155076,1155.5114148592618,2.0000103467970307,True
0,22,2.0,1.140344827586207,1.142974332958801,0.0026295053725939876,0.018862122292152797,0.0037724244584305586,8.170568255940244,8.170568255940244,1.2641651720514417,302332.6862089993,580.6350849612933,580.6375064573372,275.75914088713733,37.72424458430552,18862.12229215276,1161.2750129146743,2.00000834085334,True
0,23,2.0,1.1917241379310346,1.1942405205516464,0.0025163826206118234,0.018862122292152797,0.0037724244584305586,8.923420117133572,8.923420117133572,1.1848854857360898,292010.1473552772,583.290691034064,583.292655444052,264.552553877757,37.72424458430409,18862.122292152046,1166.585310888104,2.0000067356123394,True
0,24,2.0,1.243103448275862,1.245516030854416,0.0024125825785539234,0.018862122292152797,0.0037724244584305586,9.709445104844063,9.709445104844063,1.1124279947772628,283664.89223373384,585.7410677138313,585.7426641286852,253.70500981879633,37.72424458430531,18862.122292152657,1171.4853282573704,2.0000054509234264,True
0,25,2.0,1.2944827586206897,1.2967997580066981,0.002316999386008378,0.018862122292152797,0.0037724244584305586,10.52864321907173,10.52864321907173,1.0460589534572733,276954.6031967254,588.0053428325235,588.0066428932456,243.244379511316,37.724244584312,18862.122292155997,1176.0132857864912,2.0000044219350657,True
0,26,2.0,1.3458620689655172,1.348090764258899,0.002228695293381877,0.018862122292152797,0.0037724244584305586,11.38101445981656,11.38101445981656,0.9851399172451273,271610.36866828747,590.100565011688,590.1016261968122,233.18780332716096,37.724244584297494,18862.122292148746,1180.2032523936243,2.0000035966246674,True
0,27,2.0,1.3972413793103449,1.3993882492207352,0.00214686991039037,0.018862122292152797,0.0037724244584305586,12.266558827078562,12.266558827078562,0.9291128843492049,267418.5392265368,592.041971862052,592.042840237386,223.5438957594264,37.724244584300656,18862.12229215033,1184.085680474772,2.000002933492473,True
0,28,2.0,1.4486206896551725,1.4506915256170168,0.0020708359618442085,0.018862122292152797,0.0037724244584305586,13.185276320857731,13.185276320857731,0.8774882219083845,264207.59243068326,593.8432148201447,593.843927297538,214.3145799656521,37.72424458430116,18862.12229215058,1187.687854595076,2.0000023995471383,True
0,29,2.0,1.5,1.502,0.0020000000000000018,0.018862122292152797,0.0037724244584305586,14.137166941154069,14.137166941154069,0.8298347561340934,261838.4926675883,595.5165496956939,595.5171358662069,205.49660188915047,37.72424458430704,18862.12229215352,1191.0342717324138,2.000001968612,True
1,0,2.0,0.01,0.20008722235995993,0.19008722235995992,0.12545917762876463,0.02509183552575292,0.0006283185307179586,0.0006283185307179586,43.87865854200662,10771139911720.729,184.96823278515274,184.97924527416058,40.300821539845735,250.91835525752919,125459.17762876459,369.95849054832115,2.0001190743820385,True
1,1,2.0,0.06137931034482759,0.20905098968943125,0.14767167934460368,0.12545917762876463,0.02509183552575292,0.023671396346335083,0.023671396346335083,37.512342487122275,112485946.19770226,204.1584782815473,204.14590942276126,232.7197815933637,250.91835525752919,125459.17762876459,408.2918188455225,1.9998768715471251,True
1,2,2.0,0.11275862068965517,0.22945457740380246,0.11669595671414729,0.12545917762876463,0.02509183552575292,0.0798876006791208,0.0798876006791208,32.29112176089864,3553127.6256574336,223.51283880505758,223.50377789641,400.88550235079686,250.91835525752913,125459.17762876456,447.00755579282,1.9999189227008523,True
1,3,2.0,0.16413793103448276,0.25860424775321206,0.09446631671872929,0.12545917762876463,0.02509183552575292,0.16927693152907516,0.16927693152907516,28.117394506830443,505803.35407844034,242.16650567311518,242.1789360573444,546.5655586866711,250.91835525752919,125459.17762876459,484.3578721146888,2.00010265981412,True
1,4,2.0,0.21551724137931036,0.2939091320178262,0.07839189063851584,0.12545917762876463,0.02509183552575292,0.29183938889619815,0.29183938889619815,24.790048937697588,136233.95619162245,259.735787554918,259.7438959153019,672.2422268567317,250.9183552575293,125459.17762876465,519.4877918306038,2.0000624354499643,True
1,5,2.0,0.26689655172413795,0.3334196543006418,0.06652310257650385,0.12545917762876463,0.02509183552575292,0.44757497278048974,0.44757497278048974,21.675310535944163,56035.1626124693,270.7511815814802,278.95258280862026,750.0,250.9183552575294,125459.17762876471,557.9051656172405,2.0605825701608023,True
1,6,2.0,0.3182758620689655,0.37581168279800353,0.05753582072903801,0.12545917762876463,0.02509183552575292,0.6364836831819498,0.6364836831819498,18.45941213630711,32939.136919022065,270.2714025424987,302.3933149374984,750.0000000000002,250.91835525752856,125459.17762876429,604.7866298749968,2.237701155896053,True
1,7,2.0,0.36965517241379314,0.4202140443202668,0.05055887190647368,0.12545917762876463,0.02509183552575292,0.8585655201005787,0.8585655201005787,16.056498956401686,21217.442306680023,271.73235057141386,322.96982178380796,750.0000000000001,250.91835525752924,125459.17762876462,645.9396435676159,2.3771171971585208,True
1,8,2.0,0.4210344827586207,0.4660524994284907,0.04501801666986999,0.12545917762876463,0.02509183552575292,1.113820483536376,1.113820483536376,14.196618351930706,14579.779804138308,274.5379956834816,341.1536879999657,750.0000000000001,250.91835525752944,125459.17762876472,682.3073759999314,2.4852930622636746,True
1,9,2.0,0.4724137931034483,0.5129421882299326,0.04052839512648437,0.12545917762876463,0.02509183552575292,1.402248573489342,1.402248573489342,12.716540542069609,10511.11172043393,278.354524863608,357.32399849521204,750.0000000000002,250.91835525752992,125459.17762876496,714.6479969904241,2.5674021190803247,True
1,10,2.0,0.5237931034482759,0.5606194001028686,0.036826296654592694,0.12545917762876463,0.02509183552575292,1.7238497899594767,1.7238497899594767,11.5119712734476,7863.41275641577,282.97813944531856,371.78782197308936,750.0000000000003,250.91835525753055,125459.17762876528,743.5756439461787,2.627678750746271,True
1,11,2.0,0.5751724137931035,0.6088991723925309,0.03372675859942742,0.12545917762876463,0.02509183552575292,2.07862413294678,2.07862413294678,10.513294725373548,6058.04768660555,288.27439333523483,384.7954218988912,750.0000000000001,250.91835525752856,125459.17762876429,769.5908437977824,2.66964691138149,True
1,12,2.0,0.626551724137931,0.657648811731564,0.031097087593632944,0.12545917762876463,0.02509183552575292,2.4665716024512516,2.4665716024512516,9.672348930125409,4780.07103587487,294.148257244556,396.5520496951362,750.0000000000003,250.91835525752876,125459.17762876437,793.1040993902724,2.6962733242743044,True
1,13,2.0,0.6779310344827586,0.7067710973622133,0.02884006287945473,0.12545917762876463,0.02509183552575292,2.887692198472892,2.887692198472892,8.9548003013661,3847.2284573586444,300.5284495085481,407.22715076131544,749.9999999999998,250.91835525752865,125459.17762876433,814.4543015226309,2.7100738810402207,True
1,14,2.0,0.7293103448275863,0.756193411518678,0.02688306669109175,0.12545917762876463,0.02509183552575292,3.3419859210117013,3.3419859210117013,8.33554075704095,3148.647854888221,307.3588166850479,416.9615515784553,750.0000000000002,250.91835525752492,125459.17762876247,833.9231031569107,2.713190765604215,True
1,15,2.0,0.7806896551724138,0.8058605550868875,0.025170899914473632,0.12545917762876463,0.02509183552575292,3.829452770067679,3.829452770067679,7.795800570766467,2614.022499455798,314.59337985428823,425.87307500995786,750.0,250.91835525752614,125459.17762876308,851.7461500199157,2.7074509654793855,True
1,16,2.0,0.8320689655172414,0.8557298989334522,0.023660933416210783,0.12545917762876463,0.02509183552575292,4.350092745640825,4.350092745640825,7.321276959073505,2197.179455850857,322.1933696360502,434.06093912962945,750.0000000000002,250.9183552575248,125459.17762876241,868.1218782592589,2.6944126107867765,True
1,17,2.0,0.883448275862069,0.9057680457354335,0.02231976987336448,0.12545917762876463,0.02509183552575292,4.90390584773114,4.90390584773114,6.900886015230698,1866.87297291693,330.12537978769757,441.6092176097006,750.0,250.91835525752566,125459.17762876283,883.2184352194012,2.6754030113873575,True
1,18,2.0,0.9348275862068965,0.9559484884056968,0.02112090219880025,0.12545917762876463,0.02509183552575292,5.490892076338623,5.490892076338623,6.5259093149717575,1601.4034711380507,338.36017018654,448.5895762059569,749.9999999999999,250.91835525752344,125459.17762876172,897.1791524119138,2.651550718624162,True
1,19,2.0,0.9862068965517242,1.0062499388113808,0.020043042259656585,0.12545917762876463,0.02509183552575292,6.1110514314632765,6.1110514314632765,6.189397355184309,1385.355839740474,346.87185788260825,455.0634495195387,750.0000000000001,250.91835525752518,125459.17762876258,910.1268990390774,2.623813025924667,True
1,20,2.0,1.0375862068965518,1.0566551155858273,0.019068908689275466,0.12545917762876463,0.02509183552575292,6.764383913105096,6.764383913105096,5.885744238869139,1207.5586250636625,355.6373466415054,461.08378325261236,750.0000000000005,250.91835525752904,125459.17762876452,922.1675665052247,2.592999793789377,True
1,21,2.0,1.0889655172413792,1.1071498517782083,0.018184334536829105,0.12545917762876463,0.02509183552575292,7.450889521264084,7.450889521264084,5.610379046486072,1059.7710066805168,364.63590730695825,466.69643746751666,750.0000000000001,250.91835525753552,125459.17762876776,933.3928749350333,2.5597941843650722,True
1,22,2.0,1.140344827586207,1.1577224288897319,0.017377601303524948,0.12545917762876463,0.02509183552575292,8.170568255940244,8.170568255940244,5.359538283936876,935.8168870505698,373.8488565015505,471.94132387545835,750.0,250.91835525753638,125459.17762876819,943.8826477509167,2.5247707230769665,True
1,23,2.0,1.1917241379310346,1.208363073533444,0.016638935602409477,0.12545917762876463,0.02509183552575292,8.923420117133572,8.923420117133572,5.130095667477603,831.0011136069504,383.25930162204764,476.85333320897536,749.9999999999997,250.91835525752543,125459.17762876271,953.7066664179507,2.488411011504821,True
1,24,2.0,1.243103448275862,1.2590635725280368,0.015960124252174746,0.12545917762876463,0.02509183552575292,9.709445104844063,9.709445104844063,4.919433112243968,741.7080403259914,392.85193217165596,481.4630959140985,750.0000000000003,250.91835525752606,125459.17762876303,962.926191828197,2.4511173624760185,True
1,25,2.0,1.2944827586206897,1.3098169753511195,0.015334216730429784,0.12545917762876463,0.02509183552575292,10.52864321907173,10.52864321907173,4.725341766968917,665.1204979442012,402.612844734351,485.79760969174794,750.0000000000002,250.91835525752836,125459.17762876418,971.5952193834959,2.4132245955157408,True
1,26,2.0,1.3458620689655172,1.360617361800101,0.014755292834583766,0.12545917762876463,0.02509183552575292,11.38101445981656,11.38101445981656,4.545945254395296,599.0198399604112,412.5293933208124,489.8807600391603,750.0,250.91835525753598,125459.17762876798,979.7615200783206,2.375010207615407,True
1,27,2.0,1.3972413793103449,1.4114596588669472,0.014218279556602376,0.12545917762876463,0.02509183552575292,12.266558827078562,12.266558827078562,4.379639526352901,541.6415549175337,422.5900595494903,493.73375430635053,750.0000000000001,250.9183552575208,125459.1776287604,987.4675086127011,2.336703115225683,True
1,28,2.0,1.4486206896551725,1.4623394951408348,0.013718805485662289,0.12545917762876463,0.02509183552575292,13.185276320857731,13.185276320857731,4.225045292349559,491.5695821238174,432.7843388374269,497.37548545547554,749.9999999999999,250.91835525752046,125459.17762876023,994.7509709109511,2.2984911459206567,True
1,29,2.0,1.5,1.5132530841044811,0.013253084104481117,0.12545917762876463,0.02509183552575292,14.137166941154069,14.137166941154069,4.080970064092386,447.6579877169017,443.1026398655865,500.82283837037176,750.0,250.9183552575257,125459.17762876285,1001.6456767407435,2.260527441327339,True
2,0,2.0,0.01,0.2719665293808196,0.2619665293808196,0.23205623296537647,0.04641124659307529,0.0006283185307179586,0.0006283185307179586,53.09103065888002,5025628813560.152,163.2975866475571,163.28923247434182,42.81112561069536,464.1124659307529,232056.23296537643,326.57846494868363,1.9998976816083227,True
2,1,2.0,0.06137931034482759,0.27862737274333776,0.2172480623985102,0.23205623296537647,0.04641124659307529,0.023671396346335083,0.023671396346335083,47.32555129787779,44402996.39534387,176.1466545106405,176.15524054433862,251.7778939995545,464.1124659307529,232056.23296537643,352.31048108867725,2.000097487332041,True
2,2,2.0,0.11275862068965517,0.29424530521876086,0.18148668452910569,0.23205623296537647,0.04641124659307529,0.0798876006791208,0.0798876006791208,42.282067179442436,1208699.9067303496,189.4157822918701,189.40624051994143,441.9544916285332,464.1124659307528,232056.2329653764,378.81248103988287,1.9998992505079227,True
2,3,2.0,0.16413793103448276,0.3175012653639806,0.15336333432949784,0.23205623296537647,0.04641124659307529,0.16927693152907516,0.16927693152907516,37.94736583211314,152459.84220294727,202.68780378523604,202.697256697648,613.212248882591,464.11246593075276,232056.23296537637,405.394513395296,2.0000932755916776,True
2,4,2.0,0.21551724137931036,0.3468623277832231,0.13134508640391276,0.23205623296537647,0.04641124659307529,0.29183938889619815,0.29183938889619815,33.893503798694375,38987.82756774896,213.42373300565356,217.14446436036388,749.9999999999997,464.1124659307531,232056.23296537655,434.28892872072777,2.034867081578146,True
2,5,2.0,0.26689655172413795,0.3809193647291821,0.11402281300504413,0.23205623296537647,0.04641124659307529,0.44757497278048974,0.44757497278048974,28.37755379850159,19073.136928786753,208.25253521334503,240.91456620787295,750.0000000000001,464.1124659307526,232056.2329653763,481.8291324157459,2.3136771512631737,True
2,6,2.0,0.3182758620689655,0.4185275588049028,0.10025169673593726,0.23205623296537647,0.04641124659307529,0.6364836831819498,0.6364836831819498,24.366579902848322,10849.391404866617,206.17277908470916,262.1835313956606,749.9999999999998,464.1124659307529,232056.23296537643,524.3670627913212,2.5433379960206928,True
2,7,2.0,0.36965517241379314,0.4588144936635277,0.08915932124973458,0.23205623296537647,0.04641124659307529,0.8585655201005787,0.8585655201005787,21.322373406262315,6822.66854383765,206.02299970301635,281.3290937844138,750.0000000000002,464.11246593075265,232056.23296537632,562.6581875688277,2.73104550647211,True
2,8,2.0,0.4210344827586207,0.5011345415906466,0.08010005883202592,0.23205623296537647,0.04641124659307529,1.113820483536376,1.113820483536376,18.93686774390466,4605.300887727003,207.19031359370024,298.64171732906675,750.0000000000001,464.11246593075333,232056.23296537666,597.2834346581335,2.88277682628255,True
2,9,2.0,0.4724137931034483,0.5450142979939478,0.07260050489049957,0.23205623296537647,0.04641124659307529,1.402248573489342,1.402248573489342,17.019982036816494,3275.579793529945,209.32219991381768,314.3593006986477,750.0000000000002,464.1124659307536,232056.2329653768,628.7186013972954,3.0035925556684955,True
2,10,2.0,0.5237931034482759,0.5901059297477229,0.06631282629944701,0.23205623296537647,0.04641124659307529,1.7238497899594767,1.7238497899594767,15.447899759832294,2425.11362053337,212.20091512618865,328.68174765264547,750.0000000000001,464.1124659307528,232056.2329653764,657.3634953052909,3.09783534587671,True
2,11,2.0,0.5751724137931035,0.6361517890346873,0.06097937524158381,0.23205623296537647,0.04641124659307529,2.07862413294678,2.07862413294678,14.136536622016674,1853.1729607012505,215.68329121233666,341.77882464989966,750.0000000000001,464.1124659307522,232056.23296537608,683.5576492997993,3.1692656647512303,True
2,12,2.0,0.626551724137931,0.6829588978288974,0.05640717369096637,0.23205623296537647,0.04641124659307529,2.4665716024512516,2.4665716024512516,13.026845629328774,1452.7975711240326,219.66977417148232,353.7954608166783,750.0000000000003,464.1124659307528,232056.2329653764,707.5909216333566,3.2211574136776098,True
2,13,2.0,0.6779310344827586,0.7303809147412818,0.05244988025852315,0.23205623296537647,0.04641124659307529,2.887692198472892,2.887692198472892,12.076193250979234,1163.1919294073214,224.08759695449493,364.85582632613136,750.0000000000003,464.11246593075157,232056.2329653758,729.7116526522627,3.256367878318781,True
2,14,2.0,0.7293103448275863,0.7783054491496131,0.048995104322026806,0.23205623296537647,0.04641124659307529,3.3419859210117013,3.3419859210117013,11.253062163800838,947.9301511470379,228.88120702646353,375.06665269816017,749.9999999999998,464.1124659307523,232056.23296537614,750.1333053963203,3.2773914256297547,True
2,15,2.0,0.7806896551724138,0.8266451057114357,0.045955450539021836,0.23205623296537647,0.04641124659307529,3.829452770067679,3.829452770067679,10.533673752808468,784.2106762868534,234.0066012256696,384.5199875075278,749.9999999999998,464.1124659307491,232056.23296537457,769.0399750150556,3.286402909093211,True
2,16,2.0,0.8320689655172414,0.8753311124828024,0.043262146965560966,0.23205623296537647,0.04641124659307529,4.350092745640825,4.350092745640825,9.89976609938601,657.2235845997778,239.42785093551282,393.2954903740586,749.9999999999999,464.1124659307492,232056.2329653746,786.5909807481172,3.2852944119687084,True
2,17,2.0,0.883448275862069,0.9243087412910853,0.040860465429016335,0.23205623296537647,0.04641124659307529,4.90390584773114,4.90390584773114,9.337092309516514,557.0415299003897,245.11489773956538,401.4623471893283,749.9999999999998,464.1124659307521,232056.23296537605,802.9246943786566,3.2757074408091027,True
2,18,2.0,0.9348275862068965,0.9735339793951009,0.03870639318820435,0.23205623296537647,0.04641124659307529,5.490892076338623,5.490892076338623,8.834381580786802,476.8263957522952,251.042108481639,409.080865570149,750.0000000000001,464.1124659307532,232056.2329653766,818.161731140298,3.2590617410311373,True
2,19,2.0,0.9862068965517242,1.022971082636079,0.03676418608435472,0.23205623296537647,0.04641124659307529,6.1110514314632765,6.1110514314632765,8.382605379594134,411.75483995745896,257.18729679694553,416.20380497342165,750.0000000000003,464.11246593075373,232056.23296537687,832.4076099468433,3.236581356520286,True
2,20,2.0,1.0375862068965518,1.0725907559947654,0.0350045490982136,0.23205623296537647,0.04641124659307529,6.764383913105096,6.764383913105096,7.974449470318013,358.35290298191984,263.5310386307482,422.87748678682794,749.9999999999999,464.11246593074173,232056.23296537087,845.7549735736559,3.2093182570372765,True
2,21,2.0,1.0889655172413792,1.1223687855799593,0.033403268338580094,0.23205623296537647,0.04641124659307529,7.450889521264084,7.450889521264084,7.6039277001192325,314.0717931706778,270.05617774010454,429.14272246058766,750.0,464.11246593075094,232056.23296537547,858.2854449211753,3.178173712238378,True
2,22,2.0,1.140344827586207,1.1722849990109334,0.03194017142472649,0.23205623296537647,0.04641124659307529,8.170568255940244,8.170568255940244,7.26609521187773,277.01038466219427,276.7474571008526,435.03559135067593,749.9999999999998,464.1124659307513,232056.23296537565,870.0711827013519,3.143917533393196,True
2,23,2.0,1.1917241379310346,1.2223224672855015,0.030598329354466935,0.23205623296537647,0.04641124659307529,8.923420117133572,8.923420117133572,6.956832566016327,245.7294777293928,283.59123593938074,440.58809443146174,750.0000000000002,464.112465930755,232056.23296537748,881.1761888629235,3.1072052912498322,True
2,24,2.0,1.243103448275862,1.2724668860991184,0.029363437823256344,0.23205623296537647,0.04641124659307529,9.709445104844063,9.709445104844063,6.672681203239731,219.12489533412096,290.57526657028546,445.8287053792221,750.0000000000002,464.1124659307501,232056.23296537503,891.6574107584441,3.0685936256132336,True
2,25,2.0,1.2944827586206897,1.3227060918698752,0.028223333249185467,0.23205623296537647,0.04641124659307529,10.52864321907173,10.52864321907173,6.410716598090878,196.33915572308453,297.6885141647387,450.78283665325864,749.9999999999999,464.1124659307516,232056.23296537582,901.5656733065173,3.0285537748614555,True
2,26,2.0,1.3458620689655172,1.373029679862599,0.02716761089708175,0.23205623296537647,0.04641124659307529,11.38101445981656,11.38101445981656,6.168449436214193,176.69895279495768,304.9210081953727,455.47323501039165,750.0000000000003,464.1124659307571,232056.23296537853,910.9464700207833,2.987483464691651,True
2,27,2.0,1.3972413793103449,1.4234287004133797,0.02618732110303479,0.23205623296537647,0.04641124659307529,12.266558827078562,12.266558827078562,5.943747873141196,159.67022129066294,312.26371789141416,459.92031827824,750.0,464.1124659307532,232056.2329653766,919.84063655648,2.945717301926006,True
2,28,2.0,1.4486206896551725,1.4738954154214863,0.025274725766313733,0.23205623296537647,0.04641124659307529,13.185276320857731,13.185276320857731,5.734775824883524,144.82538572716356,319.7084463628231,464.1424630857442,750.0000000000003,464.1124659307564,232056.2329653782,928.2849261714885,2.9035358206270803,True
2,29,2.0,1.5,1.5244231017350296,0.024423101735029595,0.23205623296537647,0.04641124659307529,14.137166941154069,14.137166941154069,5.539943573309935,131.81918104110687,327.2477395834863,468.1562515196824,750.0000000000001,464.11246593075975,232056.23296537987,936.3125030393649,2.8611733246227544,True
3,0,2.0,0.01,0.3284763152118769,0.3184763152118769,0.33865328830198826,0.06773065766039764,0.0006283185307179586,0.0006283185307179586,59.46232073304344,3193799246911.7637,151.25537802087283,151.26526885709418,44.17399836423486,677.3065766039763,338653.28830198816,302.53053771418837,2.0001307832666946,True
3,1,2.0,0.06137931034482759,0.33401213959013376,0.2726328292453062,0.33865328830198826,0.06773065766039764,0.023671396346335083,0.023671396346335083,54.07298307489599,26053956.781788364,161.3098146443124,161.3001829365434,261.91758196435876,677.3065766039764,338653.2883019882,322.6003658730868,1.9998805812555143,True
3,2,2.0,0.11275862068965517,0.3471472255326346,0.23438860484297944,0.33865328830198826,0.06773065766039764,0.0798876006791208,0.0798876006791208,49.20141811595319,659223.76356691,171.71970125898576,171.73000759594075,463.37077806337334,677.3065766039762,338653.2883019881,343.4600151918815,2.000120036744525,True
3,3,2.0,0.16413793103448276,0.36706668339615484,0.20292875236167207,0.33865328830198826,0.06773065766039764,0.16927693152907516,0.16927693152907516,44.879152785468726,77929.77154428825,182.32710017435576,182.3190915093568,648.2086312049482,677.3065766039765,338653.2883019883,364.6381830187136,1.9999121505800148,True
3,4,2.0,0.21551724137931036,0.3927395714553351,0.17722233007602475,0.33865328830198826,0.06773065766039764,0.29183938889619815,0.29183938889619815,39.37030442718765,21415.085527293006,184.9429918866194,198.11270524992335,750.0000000000001,677.306576603976,338653.28830198804,396.2254104998467,2.1424191663491388,True
3,5,2.0,0.26689655172413795,0.4231199108732745,0.15622335914913654,0.33865328830198826,0.06773065766039764,0.44757497278048974,0.44757497278048974,33.216362089844694,10160.46736112389,179.0960315376389,219.78265356458198,750.0,677.3065766039772,338653.2883019886,439.56530712916395,2.454355372116577,True
3,6,2.0,0.3182758620689655,0.45727039487694315,0.13899453280797763,0.33865328830198826,0.06773065766039764,0.6364836831819498,0.6364836831819498,28.69112443490562,5644.083163851313,176.25571694799842,239.40977821639603,750.0,677.3065766039758,338653.2883019879,478.81955643279207,2.716618585336784,True
3,7,2.0,0.36965517241379314,0.4944103924347095,0.12475522002091638,0.33865328830198826,0.06773065766039764,0.8585655201005787,0.8585655201005787,25.22211671471061,3484.739573977455,175.30735927088028,257.3056134064821,750.0000000000001,677.3065766039758,338653.2883019879,514.6112268129642,2.9354798848906314,True
3,8,2.0,0.4210344827586207,0.5339164029386919,0.1128819201800712,0.33865328830198826,0.06773065766039764,1.113820483536376,1.113820483536376,22.48039421391368,2318.8619989075464,175.6503856985064,273.6931414107048,749.9999999999999,677.3065766039762,338653.2883019881,547.3862828214096,3.116339771442154,True
3,9,2.0,0.4724137931034483,0.575301209428209,0.10288741632476067,0.33865328830198826,0.06773065766039764,1.402248573489342,1.402248573489342,20.261444656604073,1630.9586193729035,176.9330679119984,288.74914181056096,750.0000000000001,677.3065766039764,338653.2883019882,577.4982836211219,3.2639364163874305,True
3,10,2.0,0.5237931034482759,0.6181875968305646,0.09439449338228867,0.33865328830198826,0.06773065766039764,1.7238497899594767,1.7238497899594767,18.43079223734126,1196.8338048123337,178.93534163517043,302.62149227792867,749.9999999999994,677.3065766039753,338653.28830198763,605.2429845558573,3.3824675384132976,True
3,11,2.0,0.5751724137931035,0.6622839234374918,0.0871115096443883,0.33865328830198826,0.06773065766039764,2.07862413294678,2.07862413294678,16.89621034041295,908.0940197718785,181.51157537457257,315.4371274212221,750.0,677.3065766039778,338653.28830198885,630.8742548424442,3.475669546366692,True
3,12,2.0,0.626551724137931,0.7073639464062234,0.08081222226829232,0.33865328830198826,0.06773065766039764,2.4665716024512516,2.4665716024512516,15.592315780454573,707.8148749577334,184.5605108903,327.30633318233373,750.0000000000001,677.3065766039788,338653.2883019894,654.6126663646675,3.546872855991168,True
3,13,2.0,0.6779310344827586,0.7532510718014516,0.07532003731869297,0.33865328830198826,0.06773065766039764,2.887692198472892,2.887692198472892,14.471483940736936,564.0522413546213,188.00857198736543,338.32550561133934,750.0,677.3065766039801,338653.2883019901,676.6510112226787,3.5990434056812637,True
3,14,2.0,0.7293103448275863,0.7998063945278914,0.0704960497003051,0.33865328830198826,0.06773065766039764,3.3419859210117013,3.3419859210117013,13.498228182674218,457.8804989319413,191.80017128976579,348.57919057618005,750.0000000000001,677.3065766039757,338653.28830198786,697.1583811523601,3.634816259361493,True
3,15,2.0,0.7806896551724138,0.8469197289875793,0.06623007381516544,0.33865328830198826,0.06773065766039764,3.829452770067679,3.829452770067679,12.64558627065872,377.5689991968143,195.89186328553703,358.1417260572974,749.9999999999998,677.3065766039759,338653.288301988,716.2834521145948,3.656524779033428,True
3,16,2.0,0.8320689655172414,0.8945029083418927,0.06243394282465131,0.33865328830198826,0.06773065766039764,4.350092745640825,4.350092745640825,11.892722372758227,315.5642175016171,200.24869701357133,367.0786208381535,750.0,677.3065766039784,338653.2883019892,734.157241676307,3.6662273094668447,True
3,17,2.0,0.883448275862069,0.9424847721734472,0.059036496311378195,0.33865328830198826,0.06773065766039764,4.90390584773114,4.90390584773114,11.223292597215377,266.8412971503777,204.8418694738056,375.44773209998124,750.0000000000002,677.3065766039799,338653.28830198996,750.8954641999625,3.6657323335744314,True
3,18,2.0,0.9348275862068965,0.99080740085477,0.055979814647873494,0.33865328830198826,0.06773065766039764,5.490892076338623,5.490892076338623,10.624304998866148,227.96217098695183,209.64717088893687,383.3002772187465,750.0000000000001,677.3065766039743,338653.28830198717,766.600554437493,3.6566224632890894,True
3,19,2.0,0.9862068965517242,1.0394232691552348,0.05321637260351053,0.33865328830198826,0.06773065766039764,6.1110514314632765,6.1110514314632765,10.085308283684318,196.51607770207767,214.64392477836955,390.6817042673024,750.0000000000002,677.3065766039741,338653.28830198705,781.3634085346048,3.6402773073656807,True
3,20,2.0,1.0375862068965518,1.0882930792746714,0.05070687237811966,0.33865328830198826,0.06773065766039764,6.764383913105096,6.764383913105096,9.597804038824412,170.77577101037272,219.8142448080165,397.6324408594967,749.9999999999999,677.3065766039731,338653.2883019865,795.2648817189934,3.6178951114545352,True
3,21,2.0,1.0889655172413792,1.1373840984451808,0.0484185812038016,0.33865328830198826,0.06773065766039764,7.450889521264084,7.450889521264084,9.154814046477044,149.4798799197052,225.1424991880513,404.1885381616496,749.9999999999998,677.3065766039728,338653.28830198635,808.3770763232992,3.590513027254346,True
3,22,2.0,1.140344827586207,1.1866688735522595,0.04632404596605255,0.33865328830198826,0.06773065766039764,8.170568255940244,8.170568255940244,8.750557138687928,131.69144649688408,230.6149141783156,410.38222478244,750.0000000000001,677.3065766039714,338653.2883019857,820.76444956488,3.55902588732943,True
3,23,2.0,1.1917241379310346,1.2361242294294859,0.044400091498451255,0.33865328830198826,0.06773065766039764,8.923420117133572,8.923420117133572,8.380204681309774,116.70378925335802,236.2192729713182,416.2423834059865,750.0000000000001,677.3065766039691,338653.28830198455,832.484766811973,3.524203407877957,True
3,24,2.0,1.243103448275862,1.285730482165882,0.04262703389001987,0.33865328830198826,0.06773065766039764,9.709445104844063,9.709445104844063,8.039693329364718,103.97652399008788,241.94468148506272,421.79496134766254,750.0000000000003,677.3065766039713,338653.28830198565,843.5899226953251,3.4867057937266828,True
3,25,2.0,1.2944827586206897,1.335470816611656,0.040988057990966276,0.33865328830198826,0.06773065766039764,10.52864321907173,10.52864321907173,7.725580057682437,93.09124588125273,247.78138219134183,427.0633246774623,750.0,677.3065766039681,338653.288301984,854.1266493549246,3.447097767399451,True
3,26,2.0,1.3458620689655172,1.3853307902213519,0.03946872125583467,0.33865328830198826,0.06773065766039764,11.38101445981656,11.38101445981656,7.434928781691963,83.72029708679743,253.72060323387842,432.0685641796994,749.9999999999999,677.3065766039824,338653.2883019912,864.1371283593988,3.405861082408201,True
3,27,2.0,1.3972413793103449,1.4352979348247692,0.03805655551442433,0.33865328830198826,0.06773065766039764,12.266558827078562,12.266558827078562,7.165220851780043,75.60440821394788,259.7544340666681,436.8297602042415,749.9999999999999,677.3065766039751,338653.2883019876,873.659520408483,3.3634056086382382,True
3,28,2.0,1.4486206896551725,1.4853614348542243,0.036740745199051794,0.33865328830198826,0.06773065766039764,13.185276320857731,13.185276320857731,6.914283778907384,68.53646126035873,265.8757214612792,441.36421240900575,750.0000000000001,677.3065766039709,338653.2883019855,882.7284248180115,3.3200790954753177,True
3,29,2.0,1.5,1.5355118656836138,0.03551186568361375,0.33865328830198826,0.06773065766039764,14.137166941154069,14.137166941154069,6.680234018263385,62.34954197071405,272.0779814823687,445.6876394852543,749.9999999999999,677.3065766039891,338653.28830199456,891.3752789705086,3.276175727686629,True
4,0,2.0,0.01,0.37660003479407234,0.3666000347940723,0.4452503436386001,0.08905006872772,0.0006283185307179586,0.0006283185307179586,64.43484745796094,2316284045487.2393,143.1390191394084,143.14588669613747,45.06187389767603,890.5006872772,445250.34363859997,286.29177339227493,2.000095956459257,True
4,1,2.0,0.06137931034482759,0.3814380761608667,0.32005876581603915,0.4452503436386001,0.08905006872772,0.023671396346335083,0.023671396346335083,59.30031262499029,18012212.98094751,151.53773977051392,151.54694471010953,268.32824141574423,890.5006872772001,445250.3436386,303.09388942021906,2.0001214870910644,True
4,2,2.0,0.11275862068965517,0.39299121204771237,0.2802325913580572,0.4452503436386001,0.08905006872772,0.0798876006791208,0.0798876006791208,54.58651323321017,435112.8600920457,160.2905337224154,160.28103480269513,477.04786955834027,890.5006872771997,445250.34363859985,320.56206960539026,1.999881478718678,True
4,3,2.0,0.16413793103448276,0.41069312949108017,0.2465551984565974,0.4452503436386001,0.08905006872772,0.16927693152907516,0.16927693152907516,50.30627598275611,49362.06576548362,169.24502779220583,169.2360181117056,670.3463815372639,890.5006872772001,445250.3436386,338.4720362234112,1.9998935309282906,True
4,4,2.0,0.21551724137931036,0.43379173290721484,0.21827449152790449,0.4452503436386001,0.08905006872772,0.29183938889619815,0.29183938889619815,43.69291746628409,14117.270209031089,167.69288387298573,185.48254081604273,750.0000000000001,890.5006872771997,445250.34363859985,370.96508163208546,2.212169491420176,True
4,5,2.0,0.26689655172413795,0.46147736188152494,0.19458081015738699,0.4452503436386001,0.08905006872772,0.44757497278048974,0.44757497278048974,37.07055463256363,6549.461811915341,161.49394573691427,205.6406143579836,749.9999999999997,890.5006872772007,445250.3436386003,411.2812287159672,2.5467284661307064,True
4,6,2.0,0.3182758620689655,0.4929777992796832,0.1747019372107177,0.4452503436386001,0.08905006872772,0.6364836831819498,0.6364836831819498,32.166037976353834,3572.6740790465183,158.21202249173518,224.01751766151315,749.9999999999999,890.5006872772001,445250.3436386,448.0350353230263,2.8318646602626623,True
4,7,2.0,0.36965517241379314,0.5276102090551013,0.1579550366413081,0.4452503436386001,0.08905006872772,0.8585655201005787,0.8585655201005787,28.380425806366492,2173.8062000875707,156.7773721804946,240.90068931915806,749.9999999999999,890.5006872771995,445250.34363859973,481.8013786383161,3.0731563613888615,True
4,8,2.0,0.4210344827586207,0.5647987445796209,0.14376426182100016,0.4452503436386001,0.08905006872772,1.113820483536376,1.113820483536376,25.36980901724797,1429.623909299988,156.60690424163903,256.48364207806935,750.0000000000002,890.5006872772009,445250.34363860043,512.9672841561387,3.2755087436288757,True
4,9,2.0,0.4724137931034483,0.6040715008351942,0.13165770773174595,0.4452503436386001,0.08905006872772,1.402248573489342,1.402248573489342,22.919884333561118,996.0356581372324,157.35518064227077,270.9128982106104,750.0,890.5006872771993,445250.3436385996,541.8257964212208,3.4433298872631375,True
4,10,2.0,0.5237931034482759,0.6450479063037665,0.12125480285549062,0.4452503436386001,0.08905006872772,1.7238497899594767,1.7238497899594767,20.88912017912389,725.3193565550455,158.8039777976598,284.30805764831786,750.0,890.5006872771991,445250.34363859956,568.6161152966357,3.58061632449244,True
4,11,2.0,0.5751724137931035,0.6874233715807759,0.11225095778767247,0.4452503436386001,0.08905006872772,2.07862413294678,2.07862413294678,19.179910002321588,546.8922704256208,160.80792060695484,296.7710094511901,750.0000000000002,890.5006872771979,445250.343638599,593.5420189023802,3.6909999001424176,True
4,12,2.0,0.626551724137931,0.7309546150255231,0.10440289088759203,0.4452503436386001,0.08905006872772,2.4665716024512516,2.4665716024512516,17.72263768421885,424.08092247030993,163.26561729019977,308.390545847325,750.0000000000001,890.5006872771987,445250.3436385994,616.78109169465,3.7777769865552275,True
4,13,2.0,0.6779310344827586,0.7754470154186937,0.09751598093593505,0.4452503436386001,0.08905006872772,2.887692198472892,2.887692198472892,16.466287755794472,336.5028871616277,166.10342943061272,319.24495710960565,750.0000000000002,890.5006872772001,445250.3436386,638.4899142192113,3.8439297515282855,True
4,14,2.0,0.7293103448275863,0.8207442752035674,0.09143393037598113,0.4452503436386001,0.08905006872772,3.3419859210117013,3.3419859210117013,15.372626269884751,272.1867206685646,169.26592184518083,329.4036997666979,750.0,890.500687277199,445250.3436385995,658.8073995333958,3.8921443392248465,True
4,15,2.0,0.7806896551724138,0.866720210852452,0.08603055568003815,0.4452503436386001,0.08905006872772,3.829452770067679,3.829452770067679,14.412446668801026,223.76973667185047,172.71002686552637,338.92860923483767,749.9999999999999,890.5006872772008,445250.3436386004,677.8572184696753,3.92482840036532,True
4,16,2.0,0.8320689655172414,0.9132723304599941,0.08120336494275271,0.4452503436386001,0.08905006872772,4.350092745640825,4.350092745640825,13.563067170669408,186.54397390547354,176.4013596904151,347.8748633080285,750.0,890.5006872771975,445250.34363859874,695.749726616057,3.94412904660769,True
4,17,2.0,0.883448275862069,0.9603168447603941,0.07686856889832516,0.4452503436386001,0.08905006872772,4.90390584773114,4.90390584773114,12.806616235885162,157.39705497654896,180.311822175782,356.29178935232954,750.0000000000001,890.5006872771994,445250.3436385997,712.5835787046591,3.9519515143603683,True
4,18,2.0,0.9348275862068965,1.0077847995183837,0.07295721331148719,0.4452503436386001,0.08905006872772,5.490892076338623,5.490892076338623,12.128830317681269,134.211342985716,184.41800100469194,364.22355922300926,749.9999999999999,890.5006872771953,445250.34363859764,728.4471184460185,3.949978388647025,True
4,19,2.0,0.9862068965517242,1.0556190738202298,0.06941217726850557,0.4452503436386001,0.08905006872772,6.1110514314632765,6.1110514314632765,11.518193694995668,115.50938979351264,188.700068333614,371.7097949546119,750.0,890.5006872771963,445250.34363859816,743.4195899092238,3.9396890338952515,True
4,20,2.0,1.0375862068965518,1.1037720430183355,0.06618583612178375,0.4452503436386001,0.08905006872772,6.764383913105096,6.764383913105096,10.965312078621096,100.23739770013705,193.14100780480152,378.7860992275827,749.9999999999999,890.5006872771937,445250.3436385969,757.5721984551654,3.922378820870645,True
4,21,2.0,1.0889655172413792,1.1522037510560714,0.06323823381469218,0.4452503436386001,0.08905006872772,7.450889521264084,7.450889521264084,10.462449232246746,87.62890702848888,197.7260559376872,385.48452060047333,750.0000000000002,890.5006872772092,445250.34363860457,770.9690412009467,3.8991777666566887,True
4,22,2.0,1.140344827586207,1.200880473656522,0.06053564607031503,0.4452503436386001,0.08905006872772,8.170568255940244,8.170568255940244,10.003179314618723,77.1166529953109,202.4422891582759,391.83396155592715,749.9999999999998,890.5006872772011,445250.34363860055,783.6679231118543,3.8710682751623966,True
4,23,2.0,1.1917241379310346,1.2497735823477643,0.058049444416729656,0.4452503436386001,0.08905006872772,8.923420117133572,8.923420117133572,9.58212269129598,68.27418939029263,207.27831138943972,397.86053629497036,750.0,890.5006872772105,445250.34363860526,795.7210725899407,3.8389017512542347,True
4,24,2.0,1.243103448275862,1.2988586410084184,0.05575519273255636,0.4452503436386001,0.08905006872772,9.709445104844063,9.709445104844063,9.19474282594689,60.776387201495375,212.2240125347918,403.5878844204217,750.0000000000001,890.5006872771945,445250.34363859723,807.1757688408434,3.803413945481385,True
4,25,2.0,1.2944827586206897,1.3481146830196338,0.05363192439894404,0.4452503436386001,0.08905006872772,10.52864321907173,10.52864321907173,8.837188455773369,54.37218248632315,217.2703779864158,409.0374459828315,750.0000000000006,890.5006872772101,445250.34363860503,818.074891965663,3.765238959619294,True
4,26,2.0,1.3458620689655172,1.3975236294557023,0.05166156049018511,0.4452503436386001,0.08905006872772,11.38101445981656,11.38101445981656,8.506169744705467,48.865442064831605,222.40933561716247,414.2287027558368,750.0000000000005,890.5006872772033,445250.34363860165,828.4574055116736,3.724921902278929,True
4,27,2.0,1.3972413793103449,1.4470698180336605,0.04982843872331566,0.4452503436386001,0.08905006872772,12.266558827078562,12.266558827078562,8.198860213165444,44.10131251870906,227.63363087095624,419.17939004554455,749.9999999999999,890.500687277204,445250.343638602,838.3587800910891,3.6829302282066934,True
4,28,2.0,1.4486206896551725,1.4967396195410623,0.04811892988588973,0.4452503436386001,0.08905006872772,13.185276320857731,13.185276320857731,7.9128184226536815,39.95633789288697,232.9367233289942,423.9056828198004,749.9999999999997,890.500687277198,445250.34363859904,847.8113656396008,3.6396638259660437,True
4,29,2.0,1.5,1.5465211237506251,0.046521123750625115,0.4452503436386001,0.08905006872772,14.137166941154069,14.137166941154069,7.64592494369924,36.331209189861696,238.31269999668726,428.42235947055144,750.0000000000002,890.5006872772041,445250.343638602,856.8447189411029,3.5954639385690053,True
5,0,2.0,0.01,0.41923559338231364,0.40923559338231363,0.551847398975212,0.11036947979504237,0.0006283185307179586,0.0006283185307179586,68.54625708932184,1808589697874.1216,137.11038099761785,137.11955458395866,45.68295954993055,1103.6947979504237,551847.3989752118,274.2391091679173,2.0001338131551245,True
5,1,2.0,0.06137931034482759,0.42358694797765817,0.3622076376328306,0.551847398975212,0.11036947979504237,0.023671396346335083,0.023671396346335083,63.61413765886444,13601300.251523165,144.42765627008626,144.41950020014406,272.8549454172667,1103.6947979504234,551847.3989752117,288.8390004002881,1.9998870566738693,True
5,2,2.0,0.11275862068965517,0.4340195724831475,0.32126095179349234,0.551847398975212,0.11036947979504237,0.0798876006791208,0.0798876006791208,59.01775003655238,318429.09431354894,152.03283906950676,152.04099491436588,486.42652673103464,1103.6947979504234,551847.3989752117,304.08198982873176,2.0001072905683936,True
5,3,2.0,0.16413793103448276,0.4501108120928682,0.2859728810583854,0.551847398975212,0.11036947979504237,0.16927693152907516,0.16927693152907516,54.79614451232353,35065.65802485272,159.8783651933519,159.8690611074433,685.7159463393983,1103.6947979504234,551847.3989752117,319.7381222148866,1.9998836104447608,True
5,4,2.0,0.21551724137931036,0.4712814064763945,0.2557641650970841,0.551847398975212,0.11036947979504237,0.29183938889619815,0.29183938889619815,47.29654313777642,10281.993055122757,155.8510150663596,176.22564644655242,750.0,1103.694797950424,551847.3989752119,352.45129289310484,2.261462928188405,True
5,5,2.0,0.26689655172413795,0.4968825334833738,0.22998598175923585,0.551847398975212,0.11036947979504237,0.44757497278048974,0.44757497278048974,40.302293634097296,4688.165104002872,149.45053254812123,195.23140603865087,750.0,1103.6947979504237,551847.3989752118,390.46281207730175,2.6126558762952388,True
5,6,2.0,0.3182758620689655,0.5262679993447861,0.20799213727582055,0.551847398975212,0.11036947979504237,0.6364836831819498,0.6364836831819498,35.097175617338124,2520.5481911081165,145.88458147060985,212.6227374170008,750.0000000000002,1103.6947979504234,551847.3989752117,425.2454748340016,2.9149446127017353,True
5,7,2.0,0.36965517241379314,0.5588411484947147,0.18918597608092153,0.551847398975212,0.11036947979504237,0.8585655201005787,0.8585655201005787,31.059655743162295,1515.3393474463248,144.12197460953874,228.6774496017211,749.9999999999999,1103.6947979504243,551847.3989752121,457.3548992034422,3.1733876838873956,True
5,8,2.0,0.4210344827586207,0.594077872362235,0.17304338960361426,0.551847398975212,0.11036947979504237,1.113820483536376,1.113820483536376,27.833590619985067,986.764809711306,143.5967698161013,243.57498418085555,750.0,1103.6947979504241,551847.398975212,487.1499683617111,3.392485562074863,True
5,9,2.0,0.4724137931034483,0.6315324810910428,0.1591186879875945,0.551847398975212,0.11036947979504237,1.402248573489342,1.402248573489342,25.197060078500055,681.9069031402752,143.9711831683899,257.4456398452714,749.9999999999999,1103.6947979504248,551847.3989752124,514.8912796905428,3.5763495746806613,True
5,10,2.0,0.5237931034482759,0.6708335844146422,0.14704048096636635,0.551847398975212,0.11036947979504237,1.7238497899594767,1.7238497899594767,23.00324637083842,493.2343770492693,145.03034860716366,270.3925333144714,750.0,1103.694797950423,551847.3989752115,540.7850666289428,3.728771748965038,True
5,11,2.0,0.5751724137931035,0.7116753391450386,0.1365029253519351,0.551847398975212,0.11036947979504237,2.07862413294678,2.07862413294678,21.15059146484532,369.8264583644006,146.63034534161147,282.5019869120875,749.9999999999999,1103.6947979504216,551847.3989752108,565.003973824175,3.8532540621646847,True
5,12,2.0,0.626551724137931,0.753807366492816,0.12725564235488496,0.551847398975212,0.11036947979504237,2.4665716024512516,2.4665716024512516,19.566386165678075,285.44319218567233,148.67045066156516,293.84872989169486,749.9999999999998,1103.694797950423,551847.3989752115,587.6974597833897,3.953021311015125,True
5,13,2.0,0.6779310344827586,0.7970250750594262,0.11909404057666761,0.551847398975212,0.11036947979504237,2.887692198472892,2.887692198472892,18.197126693945094,225.6110268474158,151.07742388034376,304.49869432886754,749.9999999999999,1103.6947979504214,551847.3989752107,608.9973886577351,4.031028415867567,True
5,14,2.0,0.7293103448275863,0.8411611390400494,0.11185079421246313,0.551847398975212,0.11036947979504237,3.3419859210117013,3.3419859210117013,17.00254413043516,181.8877984176013,153.7961802339139,314.51066313854636,750.0,1103.6947979504214,551847.3989752107,629.0213262770927,4.089967158614685,True
5,15,2.0,0.7806896551724138,0.88607833764958,0.10538868247716615,0.551847398975212,0.11036947979504237,3.829452770067679,3.829452770067679,15.951750080066764,149.11414976389338,156.7840411708832,323.93735157178054,750.0000000000001,1103.6947979504225,551847.3989752113,647.8747031435611,4.132274549789317,True
5,16,2.0,0.8320689655172414,0.9316636979809575,0.09959473246371608,0.551847398975212,0.11036947979504237,4.350092745640825,4.350092745640825,15.020662366883416,124.0099515382143,160.00707202463764,332.8261947544191,749.9999999999999,1103.6947979504212,551847.3989752106,665.6523895088382,4.160143555444487,True
5,17,2.0,0.883448275862069,0.9778237770080471,0.09437550114597815,0.551847398975212,0.11036947979504237,4.90390584773114,4.90390584773114,14.190236485192377,104.41806762162722,163.43768076269595,341.21997060444886,750.0000000000003,1103.694797950421,551847.3989752105,682.4399412088977,4.1755361311065675,True
5,18,2.0,0.9348275862068965,1.024480892302064,0.08965330609516753,0.551847398975212,0.11036947979504237,5.490892076338623,5.490892076338623,13.445221348828484,88.87775535168572,167.05300122143143,349.15732052183904,750.0,1103.694797950422,551847.3989752111,698.3146410436781,4.180198116393316,True
5,19,2.0,0.9862068965517242,1.0715701216275135,0.0853632250757893,0.551847398975212,0.11036947979504237,6.1110514314632765,6.1110514314632765,12.773265850106034,76.37425638522254,170.8337769982607,356.6731988807978,750.0000000000001,1103.6947979504241,551847.398975212,713.3463977615957,4.175675386307582,True
5,20,2.0,1.0375862068965518,1.1190369160579978,0.08145070916144603,0.551847398975212,0.11036947979504237,6.764383913105096,6.764383913105096,12.164265807693468,66.18661383021038,174.76357232517623,363.79926767022044,750.0,1103.6947979504205,551847.3989752103,727.5985353404409,4.163330639560427,True
5,21,2.0,1.0889655172413792,1.1668351985175136,0.07786968127613436,0.551847398975212,0.11036947979504237,7.450889521264084,7.450889521264084,11.609879073065178,57.79231143193093,178.82820112267464,370.56424575680876,749.9999999999999,1103.694797950424,551847.3989752119,741.1284915136175,4.144360267904331,True
5,22,2.0,1.140344827586207,1.2149258448815865,0.07458101729537958,0.551847398975212,0.11036947979504237,8.170568255940244,8.170568255940244,11.1031604168242,50.80587436437717,183.01530463681743,376.99421900823523,749.9999999999999,1103.6947979504312,551847.3989752156,753.9884380164705,4.1198108514078315,True
5,23,2.0,1.1917241379310346,1.263275466272534,0.07155132834149946,0.551847398975212,0.11036947979504237,8.923420117133572,8.923420117133572,10.638283115754962,44.93836692665606,187.31403228507668,383.11291594412484,750.0,1103.6947979504232,551847.3989752117,766.2258318882497,4.090594935899498,True
5,24,2.0,1.243103448275862,1.3118554287245068,0.06875198044864472,0.551847398975212,0.11036947979504237,9.709445104844063,9.709445104844063,10.210324206561333,39.9700873536482,191.71479559892734,388.94195276218585,750.0000000000001,1103.694797950412,551847.3989752061,777.8839055243717,4.057505854434555,True
5,25,2.0,1.2944827586206897,1.3606410603553207,0.066158301734631,0.551847398975212,0.11036947979504237,10.52864321907173,10.52864321907173,9.815097104079733,35.73179467407085,196.2090749378083,394.5010510936707,750.0,1103.6947979504314,551847.3989752157,789.0021021873414,4.021231446289773,True
5,26,2.0,1.3458620689655172,1.4096110071359274,0.06374893817041016,0.551847398975212,0.11036947979504237,11.38101445981656,11.38101445981656,9.449019876114173,32.09156981942321,200.78926502634647,399.8082314883525,750.0,1103.6947979504325,551847.3989752163,799.616462976705,3.982366601480331,True
5,27,2.0,1.3972413793103449,1.458746706873985,0.06150532756364013,0.551847398975212,0.11036947979504237,12.266558827078562,12.266558827078562,9.109010654237316,28.945469783020684,205.44854958539412,404.879985334444,750.0,1103.6947979504193,551847.3989752097,809.759970668888,3.9414246160560675,True
5,28,2.0,1.4486206896551725,1.5080319576373864,0.059411267982213856,0.551847398975212,0.11036947979504237,13.185276320857731,13.185276320857731,8.792403903799025,26.210780614842744,210.18079815846505,409.7314276523408,750.0000000000001,1103.6947979504234,551847.3989752117,819.4628553046816,3.898847385130066,True
5,29,2.0,1.5,1.5574525619609159,0.05745256196091586,0.551847398975212,0.11036947979504237,14.137166941154069,14.137166941154069,8.496882877533988,23.821079945097015,214.98048016197222,414.3764329526188,749.9999999999999,1103.6947979504284,551847.3989752142,828.7528659052376,3.8550144891333034,True
6,0,2.0,0.01,0.45791852911882125,0.44791852911882124,0.6584444543118237,0.1316888908623647,0.0006283185307179586,0.0006283185307179586,72.07516524300634,1479559543561.59,132.38141052102665,132.37333253091106,46.14582401217117,1316.8889086236468,658444.4543118234,264.7466650618221,1.9998779588450704,True
6,1,2.0,0.06137931034482759,0.4619056170352894,0.4005263066904618,0.6584444543118237,0.1316888908623647,0.023671396346335083,0.023671396346335083,67.29130511563868,10863235.614057124,138.8922197088446,138.8991479098202,276.1016498836595,1316.8889086236475,658444.4543118237,277.7982958196404,2.0000997637015248,True
6,2,2.0,0.11275862068965517,0.4714911301924759,0.35873250950282076,0.6584444543118237,0.1316888908623647,0.0798876006791208,0.0798876006791208,62.80496960053968,248294.6130419293,145.6900707021811,145.69986388846203,493.31824625309804,1316.888908623647,658444.4543118235,291.39972777692407,2.0001344386234936,True
6,3,2.0,0.16413793103448276,0.4863441576853015,0.3222062266508187,0.6584444543118237,0.1316888908623647,0.16927693152907516,0.16927693152907516,58.639206449056076,26738.04590843885,152.71764603068348,152.7084464370906,696.9655870069474,1316.8889086236477,658444.4543118238,305.4168928741812,1.9998795215375302,True
6,4,2.0,0.21551724137931036,0.5060010480642235,0.29048380668491314,0.6584444543118237,0.1316888908623647,0.29183938889619815,0.29183938889619815,50.40463978545673,7971.000627176213,147.09276815521847,169.01783664473066,749.9999999999999,1316.8889086236475,658444.4543118237,338.03567328946133,2.298112120187662,True
6,5,2.0,0.26689655172413795,0.5299274937504,0.2630309420262621,0.6584444543118237,0.1316888908623647,0.44757497278048974,0.44757497278048974,43.10051905203625,3584.197628152095,140.57084575304268,187.10807923290986,749.9999999999999,1316.888908623648,658444.4543118239,374.2161584658197,2.6621178556700813,True
6,6,2.0,0.3182758620689655,0.5575741239387709,0.2392982618698054,0.6584444543118237,0.1316888908623647,0.6364836831819498,0.6364836831819498,37.64596915372832,1904.1876856147044,136.8101092072121,203.69850509666867,750.0,1316.8889086236463,658444.4543118231,407.39701019333734,2.977828265426609,True
6,7,2.0,0.36965517241379314,0.588416795989557,0.21876162357576384,0.6584444543118237,0.1316888908623647,0.8585655201005787,0.8585655201005787,33.39932861054094,1133.3016068444288,134.8118743028313,219.0628689751377,749.9999999999998,1316.888908623647,658444.4543118235,438.1257379502754,3.249904655773144,True
6,8,2.0,0.4210344827586207,0.6219802368099521,0.20094575405133136,0.6584444543118237,0.1316888908623647,1.113820483536376,1.113820483536376,29.993776124441965,731.7555282922061,134.02571006638544,233.3735181634748,750.0000000000002,1316.8889086236475,658444.4543118237,466.7470363269496,3.48251866075368,True
6,9,2.0,0.4724137931034483,0.6578481369014679,0.18543434379801965,0.6584444543118237,0.1316888908623647,1.402248573489342,1.402248573489342,27.20096820446239,502.0964164161294,134.12146500305926,246.75158415317463,749.9999999999999,1316.8889086236477,658444.4543118238,493.50316830634927,3.6795241410097383,True
6,10,2.0,0.5237931034482759,0.6956641391722884,0.17187103572401252,0.6584444543118237,0.1316888908623647,1.7238497899594767,1.7238497899594767,24.86978441668162,361.01211724268177,134.88809264575258,259.2901062789477,749.9999999999999,1316.8889086236475,658444.4543118237,518.5802125578954,3.844521798672084,True
6,11,2.0,0.5751724137931035,0.7351276657145545,0.159955251921451,0.6584444543118237,0.1316888908623647,2.07862413294678,2.07862413294678,22.89553464510332,269.33009708260283,136.18363058087408,271.06531051142,750.0,1316.8889086236472,658444.4543118236,542.13062102284,3.980879483903097,True
6,12,2.0,0.626551724137931,0.7759873983065438,0.1494356741686128,0.6584444543118237,0.1316888908623647,2.4665716024512516,2.4665716024512516,21.20309408404773,206.99755234783385,137.90842150432374,282.14236964831264,749.9999999999999,1316.888908623648,658444.4543118239,564.2847392966253,4.0917351757153835,True
6,13,2.0,0.6779310344827586,0.8180341477134118,0.14010311323065316,0.6584444543118237,0.1316888908623647,2.887692198472892,2.887692198472892,19.73702524751062,163.02147214269954,139.98988067677868,292.57849199165327,750.0000000000002,1316.888908623647,658444.4543118235,585.1569839833065,4.179994876446606,True
6,14,2.0,0.7293103448275863,0.8610940473507395,0.1317837025231532,0.6584444543118237,0.1316888908623647,3.3419859210117013,3.3419859210117013,18.45547499120954,131.0262466568331,142.37340760872945,302.42468210260046,750.0,1316.8889086236477,658444.4543118238,604.8493642052009,4.24833102167118,True
6,15,2.0,0.7806896551724138,0.9050224953025019,0.12433284013008805,0.6584444543118237,0.1316888908623647,3.829452770067679,3.829452770067679,17.32623802609053,107.13591874441646,145.0167485559545,311.7268258814709,750.0000000000001,1316.8889086236452,658444.4543118225,623.4536517629418,4.299183769951807,True
6,16,2.0,0.8320689655172414,0.9496989747742581,0.11763000925701672,0.6584444543118237,0.1316888908623647,4.350092745640825,4.350092745640825,16.3241270094922,88.89820952150235,147.8863827183697,320.526422127884,750.0000000000002,1316.8889086236454,658444.4543118227,641.052844255768,4.334765868718078,True
6,17,2.0,0.883448275862069,0.9950227311142229,0.11157445525215393,0.6584444543118237,0.1316888908623647,4.90390584773114,4.90390584773114,15.42916364729207,74.70757563307257,150.95513803951,328.86112154218375,749.9999999999999,1316.8889086236518,658444.4543118259,657.7222430843675,4.3570709260139235,True
6,18,2.0,0.9348275862068965,1.040909215658963,0.10608162945206645,0.6584444543118237,0.1316888908623647,5.490892076338623,5.490892076338623,14.62530368571644,63.481229940373915,154.20057673686094,336.7651543778023,750.0000000000002,1316.8889086236497,658444.4543118249,673.5303087556046,4.367884498285409,True
6,19,2.0,0.9862068965517242,1.0872871847476766,0.10108028819595238,0.6584444543118237,0.1316888908623647,6.1110514314632765,6.1110514314632765,13.899519260506276,54.46978751179835,157.60387530225842,344.2696882225637,749.9999999999999,1316.8889086236504,658444.4543118252,688.5393764451273,4.368797246416825,True
6,20,2.0,1.0375862068965518,1.1340963433731364,0.09651013647658457,0.6584444543118237,0.1316888908623647,6.764383913105096,6.764383913105096,13.241126404150215,47.14265558179068,161.1490295572475,351.4031375400637,749.9999999999998,1316.8889086236418,658444.4543118209,702.8062750801274,4.361219406725986,True
6,21,2.0,1.0889655172413792,1.1812854341991732,0.09231991695779396,0.6584444543118237,0.1316888908623647,7.450889521264084,7.450889521264084,12.641284346508238,41.116491465398106,164.822277962473,358.19143669019746,749.9999999999999,1316.8889086236434,658444.4543118217,716.3828733803949,4.3463959013083295,True
6,22,2.0,1.140344827586207,1.2288106872553481,0.08846585966914122,0.6584444543118237,0.1316888908623647,8.170568255940244,8.170568255940244,12.092617447662525,36.109305156197145,168.61167441492384,364.6582832036234,750.0,1316.8889086236468,658444.4543118234,729.3165664072468,4.32542152812341,True
6,23,2.0,1.1917241379310346,1.2766345601768003,0.08491042224576573,0.6584444543118237,0.1316888908623647,8.923420117133572,8.923420117133572,11.588926110458077,31.910285251576532,172.50676540390972,370.82535561561673,749.9999999999999,1316.8889086236495,658444.4543118248,741.6507112312335,4.2992557972710355,True
6,24,2.0,1.243103448275862,1.3247247119404406,0.08162126366457856,0.6584444543118237,0.1316888908623647,9.709445104844063,9.709445104844063,11.124963200691136,28.3595212179005,176.49834138193785,376.712508917903,750.0000000000001,1316.8889086236418,658444.4543118209,753.425017835806,4.268737099378253,True
6,25,2.0,1.2944827586206897,1.3730531641843209,0.07857040556363115,0.6584444543118237,0.1316888908623647,10.52864321907173,10.52864321907173,10.696259329265118,25.334103290791283,180.5782418776112,382.33795003560584,749.9999999999999,1316.8889086236381,658444.454311819,764.6759000712117,4.234595996285526,True
6,26,2.0,1.3458620689655172,1.421595613383246,0.07573354441772873,0.6584444543118237,0.1316888908623647,11.38101445981656,11.38101445981656,10.29898501481635,22.738421207770106,184.7392002207041,387.718395369227,750.0000000000001,1316.8889086236452,658444.4543118225,775.436790738454,4.197467509938636,True
6,27,2.0,1.3972413793103449,1.4703308645904907,0.0730894852801458,0.6584444543118237,0.1316888908623647,12.266558827078562,12.266558827078562,9.929840986066772,20.497281578666556,188.97471797287432,392.8692122067289,750.0,1316.8889086236481,658444.454311824,785.7384244134578,4.157902352452479,True
6,28,2.0,1.4486206896551725,1.5192403634077698,0.07061967375259726,0.6584444543118237,0.1316888908623647,13.185276320857731,13.185276320857731,9.585970169104458,18.550951260364496,193.27896200985305,397.8045456361779,749.9999999999998,1316.8889086236459,658444.4543118229,795.6090912723558,4.116377090393299,True
6,29,2.0,1.5,1.5683078075780739,0.06830780757807386,0.6584444543118237,0.1316888908623647,14.137166941154069,14.137166941154069,9.264886539404618,16.851538367299764,197.64667915398144,402.537432442228,750.0000000000003,1316.888908623644,658444.4543118221,805.074864884456,4.073303271932249,True
7,0,2.0,0.01,0.4935790472275631,0.48357904722756306,0.7650415096484356,0.1530083019296871,0.0006283185307179586,0.0006283185307179586,75.16201386606446,1251069403286.85,128.5004735997733,128.50737032445423,46.48250031556985,1530.0830192968706,765041.5096484353,257.01474064890846,2.000107341622762,True
7,1,2.0,0.06137931034482759,0.4972802988259998,0.4359009884811722,0.7650415096484356,0.1530083019296871,0.023671396346335083,0.023671396346335083,70.51287843131142,9009926.146312373,134.42113009196146,134.4292974962269,278.56796906496373,1530.0830192968708,765041.5096484354,268.8585949924538,2.0001215196488804,True
7,2,2.0,0.11275862068965517,0.5061963871877223,0.39343776649806717,0.7650415096484356,0.1530083019296871,0.0798876006791208,0.0798876006791208,66.12369980429249,202076.00806916223,140.60901727604355,140.60116389071922,498.5952539807922,1530.0830192968708,765041.5096484354,281.20232778143844,1.9998882947128647,True
7,3,2.0,0.16413793103448276,0.5200591661208843,0.35592123508640156,0.7650415096484356,0.1530083019296871,0.16927693152907516,0.16927693152907516,62.00607622230942,21386.760360244698,146.9976094277969,146.98872480510784,705.478357322508,1530.0830192968713,765041.5096484356,293.9774496102157,1.9998791188139229,True
7,4,2.0,0.21551724137931036,0.5384867288929384,0.322969487513628,0.7650415096484356,0.1530083019296871,0.29183938889619815,0.29183938889619815,53.14841274157888,6448.1288765954505,140.28609529095246,163.17151410304461,750.0000000000001,1530.0830192968713,765041.5096484356,326.34302820608923,2.326267813850374,True
7,5,2.0,0.26689655172413795,0.5610294512628587,0.2941328995387208,0.7650415096484356,0.1530083019296871,0.44757497278048974,0.44757497278048974,45.57754014295576,2866.2787268100788,133.68923750899265,180.51148171289455,750.0000000000005,1530.0830192968708,765041.5096484354,361.0229634257891,2.7004639277825544,True
7,6,2.0,0.3182758620689655,0.587213589963492,0.2689377278945265,0.7650415096484356,0.1530083019296871,0.6364836831819498,0.6364836831819498,39.9093427559725,1507.5973925955336,129.78882470485598,196.43492356202395,749.9999999999997,1530.08301929687,765041.5096484349,392.8698471240479,3.026992871053781,True
7,7,2.0,0.36965517241379314,0.6165753987586109,0.24692022634481775,0.7650415096484356,0.1530083019296871,0.8585655201005787,0.8585655201005787,35.4838309068743,889.5583641680431,127.61369257448229,211.21380775472866,750.0,1530.0830192968704,765041.5096484352,422.4276155094573,3.3102060365732746,True
7,8,2.0,0.4210344827586207,0.6486835218609212,0.22764903910230044,0.7650415096484356,0.1530083019296871,1.113820483536376,1.113820483536376,31.924539340559708,570.1538184560907,126.62712074177637,225.01678287262504,750.0000000000002,1530.0830192968701,765041.509648435,450.0335657452501,3.554006148990614,True
7,9,2.0,0.4724137931034483,0.6831508382315407,0.21073704512809238,0.7650415096484356,0.1530083019296871,1.402248573489342,1.402248573489342,28.99744410956578,388.7636874345456,126.50610242120574,237.95961104975504,749.9999999999997,1530.0830192968729,765041.5096484364,475.9192220995101,3.7620258073790245,True
7,10,2.0,0.5237931034482759,0.7196384446943098,0.19584534124603392,0.7650415096484356,0.1530083019296871,1.7238497899594767,1.7238497899594767,26.54772413275309,278.03577296676053,127.04342893512627,250.1289554082569,749.9999999999999,1530.0830192968722,765041.5096484361,500.2579108165138,3.9376921341753657,True
7,11,2.0,0.5751724137931035,0.7578545912314935,0.18268217743839,0.7650415096484356,0.1530083019296871,2.07862413294678,2.07862413294678,24.468065085425774,206.48548924528694,128.0992680254089,261.5942842870441,750.0000000000002,1530.0830192968701,765041.509648435,523.1885685740882,4.084243232914587,True
7,12,2.0,0.626551724137931,0.7975508378042637,0.1709991136663327,0.7650415096484356,0.1530083019296871,2.4665716024512516,2.4665716024512516,22.68135659027137,158.08332643665423,129.57520705204203,272.4140890710337,750.0000000000002,1530.0830192968724,765041.5096484362,544.8281781420674,4.204725506811229,True
7,13,2.0,0.6779310344827586,0.8385170024375965,0.16058596795483793,0.7650415096484356,0.1530083019296871,2.887692198472892,2.887692198472892,21.13058889238392,124.0866884954198,131.39945164121823,282.6392600926394,750.0000000000001,1530.0830192968722,765041.5096484361,565.2785201852788,4.301985382166987,True
7,14,2.0,0.7293103448275863,0.8805758655190373,0.15126552069145105,0.7650415096484356,0.1530083019296871,3.3419859210117013,3.3419859210117013,19.77262582807063,99.44931987244317,133.5179638627244,292.3150013687113,749.9999999999999,1530.0830192968708,765041.5096484354,584.6300027374226,4.378661760738847,True
7,15,2.0,0.7806896551724138,0.9235781577946132,0.14288850262219932,0.7650415096484356,0.1530083019296871,3.829452770067679,3.829452770067679,18.57419462142417,81.11706652167936,135.88894200015193,301.4819780107284,750.0,1530.0830192968713,765041.5096484356,602.9639560214569,4.437181915955919,True
7,16,2.0,0.8320689655172414,0.9673980769254201,0.13532911140817871,0.7650415096484356,0.1530083019296871,4.350092745640825,4.350092745640825,17.509208511547893,67.16558721688553,138.4792655202569,310.17705253937766,750.0000000000001,1530.083019296869,765041.5096484345,620.3541050787553,4.4797616650270955,True
7,17,2.0,0.883448275862069,1.0119294105745378,0.1284811347124688,0.7650415096484356,0.1530083019296871,4.90390584773114,4.90390584773114,16.556924925199105,56.3398214586241,141.26213856976165,318.43379552997976,750.0000000000003,1530.0830192968738,765041.5096484369,636.8675910599595,4.508409666652791,True
7,18,2.0,0.9348275862068965,1.057082254034889,0.12225466782799244,0.7650415096484356,0.1530083019296871,5.490892076338623,5.490892076338623,15.700646179130635,47.796357038454275,144.21548706377976,326.2828680329414,750.0000000000003,1530.0830192968742,765041.5096484371,652.5657360658828,4.524935215711496,True
7,19,2.0,0.9862068965517242,1.102780267627351,0.11657337107562682,0.7650415096484356,0.1530083019296871,6.1110514314632765,6.1110514314632765,14.926783085030166,40.95339524887144,147.32084221174557,333.7523273989314,750.0000000000005,1530.083019296869,765041.5096484345,667.5046547978628,4.530958720955806,True
7,20,2.0,1.0375862068965518,1.1489584033393214,0.11137219644276963,0.7650415096484356,0.1530083019296871,6.764383913105096,6.764383913105096,14.2241675392807,35.400250325102654,150.56254541175434,340.8678841377376,749.9999999999999,1530.0830192968654,765041.5096484327,681.7357682754752,4.5279240358954,True
7,21,2.0,1.0889655172413792,1.195561028807335,0.10659551156595581,0.7650415096484356,0.1530083019296871,7.450889521264084,7.450889521264084,13.583539711001727,30.841040562753754,153.92716998456643,347.6531248342672,750.0,1530.0830192968785,765041.5096484392,695.3062496685344,4.5171118895920035,True
7,22,2.0,1.140344827586207,1.2425403823074261,0.10219555472121922,0.7650415096484356,0.1530083019296871,8.170568255940244,8.170568255940244,12.99716001239654,27.058674913006662,157.40309211612168,354.1297095238738,749.9999999999998,1530.083019296867,765041.5096484334,708.2594190477477,4.4996537839627715,True
7,23,2.0,1.1917241379310346,1.2898553007176954,0.09813116278666079,0.7650415096484356,0.1530083019296871,8.923420117133572,8.923420117133572,12.458511748210434,23.891245864685917,160.98016639935614,360.317548455303,750.0,1530.0830192968788,765041.5096484394,720.635096910606,4.476545856729144,True
7,24,2.0,1.243103448275862,1.3374701712477208,0.09436672297185877,0.7650415096484356,0.1530083019296871,9.709445104844063,9.709445104844063,11.96207064304217,21.216208539148905,164.64947602698362,366.23496134762416,750.0,1530.0830192968704,765041.5096484352,732.4699226952483,4.448662336315041,True
7,25,2.0,1.2944827586206897,1.385354066016446,0.09087130739575633,0.7650415096484356,0.1530083019296871,10.52864321907173,10.52864321907173,11.503124349410534,18.939563857409144,168.40313719423992,371.8988212876339,750.0,1530.0830192968824,765041.5096484412,743.7976425752678,4.41676832728689,True
7,26,2.0,1.3458620689655172,1.4334800258609157,0.08761795689539853,0.7650415096484356,0.1530083019296871,11.38101445981656,11.38101445981656,11.077629757167204,16.988327660792294,172.23414353771682,377.3246848996668,750.0,1530.0830192968715,765041.5096484357,754.6493697993336,4.381531758446467,True
7,27,2.0,1.3972413793103449,1.4818244659605078,0.0845830866501629,0.7650415096484356,0.1530083019296871,12.266558827078562,12.266558827078562,10.6820992046572,15.305200205346054,176.13624063064302,382.5269101319364,750.0,1530.08301929688,765041.5096484399,765.0538202638728,4.343534399988629,True
7,28,2.0,1.4486206896551725,1.5303666810144216,0.08174599135924909,0.7650415096484356,0.1530083019296871,13.185276320857731,13.185276320857731,10.313509007762194,13.844735660353129,180.1038234020245,387.51876282889,750.0000000000002,1530.0830192968485,765041.5096484242,775.03752565778,4.303281912720727,True
7,29,2.0,1.5,1.579088431932192,0.07908843193219206,0.7650415096484356,0.1530083019296871,14.137166941154069,14.137166941154069,9.96922538098344,12.57055105522502,184.13185130616768,392.3125131396967,750.0,1530.0830192968604,765041.5096484302,784.6250262793934,4.261212933631715,True
8,0,2.0,0.01,0.5268312561093856,0.5168312561093856,0.8716385649850474,0.17432771299700944,0.0006283185307179586,0.0006283185307179586,77.92108898854264,1083066145827.6626,125.24746706986318,125.25555477782709,46.74351818421078,1743.2771299700944,871638.5649850472,250.51110955565417,2.0001291476491003,True
8,1,2.0,0.06137931034482759,0.5303004734602824,0.46892116311545484,0.8716385649850474,0.17432771299700944,0.023671396346335083,0.023671396346335083,73.3876684419394,7678964.2278434485,130.70530275746486,130.69869894201008,280.4971749426215,1743.2771299700942,871638.5649850471,261.39739788402017,1.9998989510706076,True
8,2,2.0,0.11275862068965517,0.5386702877954441,0.425911667105789,0.8716385649850474,0.17432771299700944,0.0798876006791208,0.0798876006791208,69.07471926233531,169694.13100811324,136.39395333859142,136.3850635442229,502.6070951625728,1743.2771299700944,871638.5649850472,272.7701270884458,1.9998696453302964,True
8,3,2.0,0.16413793103448276,0.5517177111694654,0.3875797801349827,0.8716385649850474,0.17432771299700944,0.16927693152907516,0.16927693152907516,65.00619609281574,17703.657058271634,142.2821919043088,142.27371898669105,712.0614761537009,1743.2771299700944,871638.5649850472,284.5474379733821,1.9998808998160016,True
8,4,2.0,0.21551724137931036,0.5691211239670699,0.35360388258775954,0.8716385649850474,0.17432771299700944,0.29183938889619815,0.29183938889619815,55.61194240210277,5379.26138675778,134.8057647173988,158.2877548038376,749.9999999999999,1743.2771299700944,871638.5649850472,316.5755096076752,2.34838258045812,True
8,5,2.0,0.26689655172413795,0.5904955052631887,0.32359895353905077,0.8716385649850474,0.17432771299700944,0.44757497278048974,0.44757497278048974,47.80602501621792,2368.052964964289,128.16262392416286,174.99801668007856,750.0000000000001,1743.2771299700944,871638.5649850472,349.9960333601571,2.730874436272925,True
8,6,2.0,0.3182758620689655,0.6154272473570992,0.2971513852881337,0.8716385649850474,0.17432771299700944,0.6364836831819498,0.6364836831819498,41.95054328634368,1234.904354636117,124.15869512635216,190.3549329562487,749.9999999999999,1743.2771299700946,871638.5649850473,380.7098659124974,3.0663165839900435,True
8,7,2.0,0.36965517241379314,0.6435030061359964,0.2738478337222033,0.8716385649850474,0.17432771299700944,0.8585655201005787,0.8585655201005787,37.36859958879754,723.2178902808977,121.8463471268115,204.62960601948842,750.0000000000001,1743.2771299700948,871638.5649850474,409.25921203897684,3.3588139627447395,True
8,8,2.0,0.4210344827586207,0.6743301921800716,0.2532957094214509,0.8716385649850474,0.17432771299700944,1.113820483536376,1.113820483536376,33.67484808392366,460.54069666403956,120.70092223246323,217.98871529358505,750.0000000000002,1743.2771299700948,871638.5649850474,435.9774305871701,3.6120472198837215,True
8,9,2.0,0.4724137931034483,0.7075492663611352,0.23513547325768697,0.8716385649850474,0.17432771299700944,1.402248573489342,1.402248573489342,30.630095681168108,312.2706441698716,120.40594216228583,230.54479913036903,749.9999999999999,1743.277129970095,871638.5649850476,461.08959826073806,3.8294588288613793,True
8,10,2.0,0.5237931034482759,0.7428394090473185,0.2190463055990426,0.8716385649850474,0.17432771299700944,1.7238497899594767,1.7238497899594767,28.076220204909273,222.25692510284293,120.75786808427652,242.38038245473405,749.9999999999999,1743.2771299700946,871638.5649850473,484.7607649094681,4.014320330424806,True
8,11,2.0,0.5751724137931035,0.7799195330304134,0.20474711923730993,0.8716385649850474,0.17432771299700944,2.07862413294678,2.07862413294678,25.903618621374186,164.37898554520055,121.61900690326651,253.56030046160862,749.9999999999998,1743.2771299700923,871638.5649850462,507.12060092321724,4.1697479188147915,True
8,12,2.0,0.626551724137931,0.8185464161756542,0.19199469203772312,0.8716385649850474,0.17432771299700944,2.4665716024512516,2.4665716024512516,24.033482633970728,125.39936582955087,122.89225204181595,264.13826858834454,750.0000000000002,1743.2771299700921,871638.564985046,528.2765371766891,4.298696853540734,True
8,13,2.0,0.6779310344827586,0.8585113044850698,0.18058027000231125,0.8716385649850474,0.17432771299700944,2.887692198472892,2.887692198472892,22.407476661764086,98.12954525424632,124.50665966616994,274.16050822519435,750.0000000000003,1743.2771299700944,871638.5649850472,548.3210164503887,4.403949298138424,True
8,14,2.0,0.7293103448275863,0.8996358993983765,0.17032555457079024,0.8716385649850474,0.17432771299700944,3.3419859210117013,3.3419859210117013,20.981391159136834,78.43720095096366,126.40879368816458,283.6678176658436,750.0000000000002,1743.2771299700926,871638.5649850463,567.3356353316872,4.488102597761011,True
8,15,2.0,0.7806896551724138,0.9417682889686908,0.16107863379627696,0.8716385649850474,0.17432771299700944,3.829452770067679,3.829452770067679,19.721062885471884,63.83089472718079,128.5573187016991,292.69680390364175,750.0,1743.2771299700955,871638.5649850478,585.3936078072835,4.553561117477994,True
8,16,2.0,0.8320689655172414,0.9847791304605948,0.15271016494335343,0.8716385649850474,0.17432771299700944,4.350092745640825,4.350092745640825,18.59965431354047,52.74646801972806,130.91950611808144,301.2806534629089,749.9999999999998,1743.2771299700937,871638.5649850469,602.5613069258178,4.60253269197597,True
8,17,2.0,0.883448275862069,1.028558228073382,0.14510995221131306,0.8716385649850474,0.17432771299700944,4.90390584773114,4.90390584773114,17.595782996943516,44.16719261961929,133.4689099325568,309.4496454871164,749.9999999999999,1743.277129970094,871638.564985047,618.8992909742328,4.637029636991633,True
8,18,2.0,0.9348275862068965,1.0730115508917906,0.13818396468489402,0.8716385649850474,0.17432771299700944,5.490892076338623,5.490892076338623,16.69220179018875,37.4119545939091,136.18378016795862,317.2315174997796,750.0,1743.277129970094,871638.564985047,634.4630349995592,4.658873723559893,True
8,19,2.0,0.9862068965517242,1.118058681474267,0.1318517849225428,0.8716385649850474,0.17432771299700944,6.1110514314632765,6.1110514314632765,15.874847084150137,32.0122792986217,139.04595416236762,324.65174431175177,749.9999999999995,1743.2771299700973,871638.5649850487,649.3034886235035,4.669704289743625,True
8,20,2.0,1.0375862068965518,1.1636306583945641,0.12604445149801236,0.8716385649850474,0.17432771299700944,6.764383913105096,6.764383913105096,15.132139383680249,27.638370676295715,142.04006474347267,331.7337634310596,750.0000000000003,1743.2771299700933,871638.5649850466,663.4675268621191,4.670988626063748,True
8,21,2.0,1.0889655172413792,1.2096681653059147,0.12070264806453546,0.8716385649850474,0.17432771299700944,7.450889521264084,7.450889521264084,14.454460834177452,24.053222170368404,145.15296304262137,338.49916553152497,750.0000000000001,1743.277129970088,871638.5649850441,676.9983310630499,4.664033836252192,True
8,22,2.0,1.140344827586207,1.2561200174411715,0.1157751898549646,0.8716385649850474,0.17432771299700944,8.170568255940244,8.170568255940244,13.833759269372537,21.083345805462862,148.37328955583843,344.9678604405512,750.0000000000003,1743.2771299701014,871638.5649850507,689.9357208811024,4.649999490787415,True
8,23,2.0,1.1917241379310346,1.3029418994495727,0.11121776151853813,0.8716385649850474,0.17432771299700944,8.923420117133572,8.923420117133572,13.263244280564171,18.599633557791776,151.69114948979075,351.1582246768589,750.0000000000001,1743.2771299700912,871638.5649850456,702.3164493537178,4.629910523560148,True
8,24,2.0,1.243103448275862,1.3500953134979514,0.10699186522208937,0.8716385649850474,0.17432771299700944,9.709445104844063,9.709445104844063,12.737151231971291,16.50456207849679,155.0978627608427,357.08723414780053,750.0000000000003,1743.2771299700837,871638.5649850419,714.1744682956011,4.604669952137519,True
8,25,2.0,1.2944827586206897,1.397546702182086,0.10306394356139625,0.8716385649850474,0.17432771299700944,10.52864321907173,10.52864321907173,12.250556124720191,14.723464540675309,158.58576834163014,362.7705842936518,750.0,1743.277129970102,871638.5649850509,725.5411685873036,4.575071118767236,True
8,26,2.0,1.3458620689655172,1.445266716247882,0.09940464728236487,0.8716385649850474,0.17432771299700944,11.38101445981656,11.38101445981656,11.799228976890785,13.198467137060192,162.1480688212862,368.22279924276995,750.0,1743.2771299700967,871638.5649850484,736.4455984855399,4.541809247800687,True
8,27,2.0,1.3972413793103449,1.4932296020608713,0.09598822275052643,0.8716385649850474,0.17432771299700944,12.266558827078562,12.266558827078562,11.379516699120066,11.884206042988662,165.77870519242862,373.45733114176704,750.0,1743.2771299700971,871638.5649850486,746.9146622835341,4.505492194649177,True
8,28,2.0,1.4486206896551725,1.5414126880595023,0.09279199840432972,0.8716385649850474,0.17432771299700944,13.185276320857731,13.185276320857731,10.988248784354434,10.744755618715134,169.47225470455834,378.4866505981604,750.0,1743.2771299701014,871638.5649850507,756.9733011963208,4.466650322885922,True
8,29,2.0,1.5,1.5897959530750458,0.08979595307504584,0.8716385649850474,0.17432771299700944,14.137166941154069,14.137166941154069,10.622660806081646,9.751394299469313,173.22384657629314,383.32232903743784,750.0000000000002,1743.2771299701055,871638.5649850528,766.6446580748757,4.425745491901553,True
9,0,2.0,0.01,0.5581057865364928,0.5481057865364928,0.9782356203216592,0.1956471240643318,0.0006283185307179586,0.0006283185307179586,80.42176757744241,954510209465.2559,122.46685378196949,122.46031581122836,46.95079836665086,1956.4712406433173,978235.6203216587,244.9206316224567,1.9998932287302362,True
9,1,2.0,0.06137931034482759,0.5613817673419078,0.5000024569970802,0.9782356203216592,0.1956471240643318,0.023671396346335083,0.023671396346335083,75.97872336167893,6683855.26877308,127.53304293483079,127.52560608546415,281.96421254278215,1956.4712406433175,978235.6203216588,255.0512121709283,1.9998833737642339,True
9,2,2.0,0.11275862068965517,0.5692948054438498,0.45653618475419466,0.9782356203216592,0.1956471240643318,0.0798876006791208,0.0798876006791208,71.73175867717704,145914.15392310885,132.81236639449264,132.81931001633487,505.6588905252673,1956.4712406433177,978235.6203216589,265.63862003266973,2.0001045628811642,True
9,3,2.0,0.16413793103448276,0.5816556793927125,0.4175177483582297,0.9782356203216592,0.1956471240643318,0.16927693152907516,0.16927693152907516,67.71429584918214,15036.977013623184,138.30170479600193,138.29367158049016,717.2241206808987,1956.4712406433173,978235.6203216587,276.5873431609803,1.9998838305641478,True
9,4,2.0,0.21551724137931036,0.5981887246490568,0.3826714832697464,0.9782356203216592,0.1956471240643318,0.29183938889619815,0.29183938889619815,57.852562699423,4593.085165549138,130.27483804916298,154.11630245306972,750.0000000000001,1956.4712406433175,978235.6203216588,308.23260490613944,2.3660179473016805,True
9,5,2.0,0.26689655172413795,0.6185594864584592,0.3516629347343212,0.9782356203216592,0.1956471240643318,0.44757497278048974,0.44757497278048974,49.83590831806271,2005.1757170787462,123.60383902674019,170.28797363199408,750.0,1956.471240643318,978235.620321659,340.57594726398816,2.7553832465536017,True
9,6,2.0,0.3182758620689655,0.6424029836023961,0.3241271215334306,0.9782356203216592,0.1956471240643318,0.6364836831819498,0.6364836831819498,43.81334346929008,1037.9061748772776,119.52121947362778,185.15588410181138,750.0,1956.4712406433173,978235.6203216587,370.31176820362276,3.098293088327564,True
9,7,2.0,0.36965517241379314,0.6693482019530554,0.2996930295392623,0.9782356203216592,0.1956471240643318,0.8585655201005787,0.8585655201005787,39.0922339154795,603.8575441608201,117.09969237360282,198.9906134212747,749.9999999999999,1956.471240643317,978235.6203216586,397.9812268425494,3.398653051733074,True
9,8,2.0,0.4210344827586207,0.6990365545787549,0.2780020718201342,0.9782356203216592,0.1956471240643318,1.113820483536376,1.113820483536376,35.278957631167195,382.3205261664859,115.82523603561339,211.95777524581814,750.0,1956.4712406433187,978235.6203216594,423.9155504916363,3.6599584425737133,True
9,9,2.0,0.4724137931034483,0.7311339554964637,0.2587201623930154,0.9782356203216592,0.1956471240643318,1.402248573489342,1.402248573489342,32.12953309806415,257.9330032877795,115.38728389210468,224.1679395526755,749.9999999999997,1956.4712406433184,978235.6203216593,448.335879105351,3.8854877589854437,True
9,10,2.0,0.5237931034482759,0.7653373662545776,0.2415442628063017,0.9782356203216592,0.1956471240643318,1.7238497899594767,1.7238497899594767,29.482821075584624,182.78212171652658,115.58572788859355,235.7008940948142,750.0000000000001,1956.4712406433184,978235.6203216593,471.4017881896284,4.078373660838002,True
9,11,2.0,0.5751724137931035,0.8013771737166603,0.22620475992355682,0.9782356203216592,0.1956471240643318,2.07862413294678,2.07862413294678,27.22716398274527,134.67234339890774,116.28494406711188,246.6182372481156,749.9999999999999,1956.4712406433193,978235.6203216597,493.2364744962312,4.241619398394071,True
9,12,2.0,0.626551724137931,0.8390167650206587,0.21246504088272766,0.9782356203216592,0.1956471240643318,2.4665716024512516,2.4665716024512516,25.28225675079228,102.39973250516803,117.38912904266341,256.97020963205074,749.9999999999998,1956.4712406433168,978235.6203216584,513.9404192641015,4.37809210661506,True
9,13,2.0,0.6779310344827586,0.8780504293492376,0.200119394866479,0.9782356203216592,0.1956471240643318,2.887692198472892,2.887692198472892,23.588612397677004,79.90280405517389,118.82820546714612,266.7995255067697,750.0,1956.4712406433173,978235.6203216587,533.5990510135395,4.4905083680748685,True
9,14,2.0,0.7293103448275863,0.9183004127397798,0.18899006791219353,0.9782356203216592,0.1956471240643318,3.3419859210117013,3.3419859210117013,22.101098756215155,63.7094342536089,120.54935260505945,276.1435863698748,750.0000000000002,1956.4712406433146,978235.6203216573,552.2871727397496,4.5814196493376285,True
9,15,2.0,0.7806896551724138,0.9596136757355741,0.17892402056316026,0.9782356203216592,0.1956471240643318,3.829452770067679,3.829452770067679,20.784791557920386,51.73321988635807,122.51170463038646,285.0358013214379,749.9999999999999,1956.471240643319,978235.6203216596,570.0716026428757,4.65320113178379,True
9,16,2.0,0.8320689655172414,1.00185868880918,0.16978972329193864,0.9782356203216592,0.1956471240643318,4.350092745640825,4.350092745640825,19.612212933287143,42.66841154709723,124.68291648459461,293.5064055409453,750.0,1956.4712406433184,978235.6203216593,587.0128110818906,4.708045236930433,True
9,17,2.0,0.883448275862069,1.0449224493182159,0.1614741734561469,0.9782356203216592,0.1956471240643318,4.90390584773114,4.90390584773114,18.5614343172784,35.66876340130262,127.03687320537269,301.5829924480101,750.0000000000002,1956.4712406433166,978235.6203216583,603.1659848960202,4.747959940110608,True
9,18,2.0,0.9348275862068965,1.0887078051060946,0.153880218899198,0.9782356203216592,0.1956471240643318,5.490892076338623,5.490892076338623,17.614738466644763,30.168943783197367,129.55212195390615,309.29087985869836,750.0,1956.4712406433187,978235.6203216594,618.5817597173967,4.774771345987558,True
9,19,2.0,0.9862068965517242,1.1331311097007708,0.14692421314904658,0.9782356203216592,0.1956471240643318,6.1110514314632765,6.1110514314632765,16.75765444427117,25.781125738707768,132.2107733843371,316.6533778917945,750.0000000000001,1956.471240643308,978235.620321654,633.306755783589,4.790129726739926,True
9,20,2.0,1.0375862068965518,1.1781202000252313,0.14053399312867954,0.9782356203216592,0.1956471240643318,6.764383913105096,6.764383913105096,15.97824808270255,22.232951961683202,134.9977151548027,323.69199704145836,750.0,1956.4712406433064,978235.6203216532,647.3839940829167,4.795518156292924,True
9,21,2.0,1.0889655172413792,1.22361267021321,0.13464715297183072,0.9782356203216592,0.1956471240643318,7.450889521264084,7.450889521264084,15.266591504909023,19.329138988956583,137.90003750118163,330.4266183347508,750.0000000000001,1956.47124064332,978235.62032166,660.8532366695016,4.792262922073816,True
9,22,2.0,1.140344827586207,1.2695544079590024,0.1292095803727955,0.9782356203216592,0.1956471240643318,8.170568255940244,8.170568255940244,14.614360666496799,16.927043241202252,140.90660571778025,336.87563817501245,750.0,1956.4712406433214,978235.6203216607,673.7512763500249,4.781545002222758,True
9,23,2.0,1.1917241379310346,1.3158983584961965,0.12417422056516192,0.9782356203216592,0.1956471240643318,8.923420117133572,8.923420117133572,14.014526041512267,14.92072074764608,144.0077362748737,343.0560951995147,750.0,1956.4712406433223,978235.6203216611,686.1121903990294,4.764412024986059,True
9,24,2.0,1.243103448275862,1.3626034830723337,0.11950003479647164,0.9782356203216592,0.1956471240643318,9.709445104844063,9.709445104844063,13.461112127705574,13.230292919128093,147.19494731624926,348.9837834955368,750.0,1956.4712406433146,978235.6203216573,697.9675669910736,4.741790256505788,True
9,25,2.0,1.2944827586206897,1.4096338820175074,0.11515112339681766,0.9782356203216592,0.1956471240643318,10.52864321907173,10.52864321907173,12.949008500374207,11.794707310763082,150.46076342411746,354.6733548314446,750.0,1956.4712406433212,978235.6203216605,709.3467096628892,4.714496281421815,True
9,26,2.0,1.3458620689655172,1.4569580562410367,0.1110959872755195,0.9782356203216592,0.1956471240643318,11.38101445981656,11.38101445981656,12.473819954893152,10.566718240136401,153.79856060792008,360.13841160598076,750.0000000000002,1956.471240643318,978235.620321659,720.2768232119615,4.6832481420172005,True
9,27,2.0,1.3972413793103449,1.5045482847095974,0.10730690539925258,0.9782356203216592,0.1956471240643318,12.266558827078562,12.266558827078562,12.031746619844766,9.509347827712958,157.20244156459478,365.39159167995854,749.9999999999999,1956.4712406433139,978235.6203216569,730.7831833599171,4.648675784463799,True
9,28,2.0,1.4486206896551725,1.5523800989005705,0.10375940924539795,0.9782356203216592,0.1956471240643318,13.185276320857731,13.185276320857731,11.61948728207446,8.593352309130692,160.66713405536723,370.4446459479698,750.0,1956.4712406433127,978235.6203216563,740.8892918959396,4.611330725801227,True
9,29,2.0,1.5,1.6004318382753817,0.10043183827538171,0.9782356203216592,0.1956471240643318,14.137166941154069,14.137166941154069,11.234160855399166,7.795382365100402,164.1879071832604,375.30850933034,749.9999999999998,1956.4712406433207,978235.6203216603,750.61701866068,4.5716949045636435,True
10,0,2.0,0.01,0.5877184406816255,0.5777184406816255,1.0848326756582711,0.21696653513165418,0.0006283185307179586,0.0006283185307179586,82.7013185148378,853542794052.2189,120.03609779104895,120.02882431817196,47.10519187409009,2169.665351316542,1084832.675658271,240.0576486363439,1.9998788119072373,True
10,1,2.0,0.06137931034482759,0.5908302507959863,0.5294509404511587,1.0848326756582711,0.21696653513165418,0.023671396346335083,0.023671396346335083,78.34193152247411,5913136.516747971,124.78359047065972,124.7753553626601,283.1033252075142,2169.6653513165425,1084832.6756582712,249.5507107253202,1.999868009760441,True
10,2,2.0,0.11275862068965517,0.5983539688654826,0.4855953481758275,1.0848326756582711,0.21696653513165418,0.0798876006791208,0.0798876006791208,74.15794253248465,127735.80460804423,129.7297587138756,129.73738845444743,508.1017860241254,2169.6653513165415,1084832.6756582707,259.47477690889485,2.000117625140869,True
10,3,2.0,0.16413793103448276,0.6101264015935731,0.44598847055909036,1.0848326756582711,0.21696653513165418,0.16927693152907516,0.16927693152907516,70.18384818147231,13029.666348947174,134.87890033079864,134.87129333771244,721.306452504476,2169.665351316542,1084832.675658271,269.7425866754249,1.999887202622982,True
10,4,2.0,0.21551724137931036,0.6259078581141072,0.4103906167347968,1.0848326756582711,0.21696653513165418,0.29183938889619815,0.29183938889619815,59.911233739885894,3993.575073050612,126.45086633642097,150.49074676312955,750.0,2169.665351316542,1084832.675658271,300.9814935262591,2.380224843422595,True
10,5,2.0,0.26689655172413795,0.64540431888815,0.378507767164012,1.0848326756582711,0.21696653513165418,0.44757497278048974,0.44757497278048974,51.70308748733352,1730.8364682547601,119.76423457233817,166.1946541504012,750.0,2169.665351316541,1084832.6756582705,332.3893083008024,2.7753636925724905,True
10,6,2.0,0.3182758620689655,0.6682907225848527,0.35001486051588715,1.0848326756582711,0.21696653513165418,0.6364836831819498,0.6364836831819498,45.52940258340587,890.0530106322727,115.62057809804388,180.63480856293324,750.0,2169.665351316543,1084832.6756582714,361.2696171258665,3.124613482035328,True
10,7,2.0,0.36965517241379314,0.6942318863387885,0.3245767139249954,1.0848326756582711,0.21696653513165418,0.8585655201005787,0.8585655201005787,40.6828010938224,514.8172165899583,113.11038090684352,194.08135663273504,750.0000000000002,2169.665351316542,1084832.675658271,388.1627132654701,3.4317160825862363,True
10,8,2.0,0.4210344827586207,0.7228990255831451,0.3018645428245244,1.0848326756582711,0.21696653513165418,1.113820483536376,1.113820483536376,36.76188568991585,324.2645506254528,111.72904456181955,206.69932065645682,750.0,2169.665351316543,1084832.6756582714,413.39864131291364,3.7000105293496954,True
10,9,2.0,0.4724137931034483,0.7539812712737824,0.2815674781703342,1.0848326756582711,0.21696653513165418,1.402248573489342,1.402248573489342,33.51818722323839,217.77222229866953,111.17134327985279,218.59805528845283,750.0000000000002,2169.665351316541,1084832.6756582705,437.19611057690565,3.932633155977501,True
10,10,2.0,0.5237931034482759,0.7871925944374843,0.26339949098920845,1.0848326756582711,0.21696653513165418,1.7238497899594767,1.7238497899594767,30.78776331757835,153.7082947762822,111.24034231110562,229.85551208961576,750.0000000000001,2169.665351316541,1084832.6756582705,459.7110241792315,4.132592678414803,True
10,11,2.0,0.5751724137931035,0.8222750580589359,0.2471026442658324,1.0848326756582711,0.21696653513165418,2.07862413294678,2.07862413294678,28.45707338030059,112.85663845189256,111.8023806143926,240.53099434631832,750.0,2169.665351316541,1084832.6756582705,481.06198869263665,4.302788420506212,True
10,12,2.0,0.626551724137931,0.8589994345384957,0.23244771040056467,1.0848326756582711,0.21696653513165418,2.4665716024512516,2.4665716024512516,26.44446183460271,85.55063531583163,112.76292060551015,250.67217796310598,750.0000000000002,2169.6653513165434,1084832.6756582716,501.34435592621196,4.446003644053485,True
10,13,2.0,0.6779310344827586,0.8971641171113035,0.2192330826285449,1.0848326756582711,0.21696653513165418,2.887692198472892,2.887692198472892,24.689417800898568,66.57761008183952,114.05274128735368,260.319107076789,750.0000000000002,2169.665351316543,1084832.6756582714,520.638214153578,4.564889964738683,True
10,14,2.0,0.7293103448275863,0.936593051751813,0.20728270692422668,1.0848326756582711,0.21696653513165418,3.3419859210117013,3.3419859210117013,23.14599795341149,52.96092572079857,115.61963425841233,269.5065314240253,750.0000000000001,2169.6653513165415,1084832.6756582707,539.0130628480506,4.661950942028972,True
10,15,2.0,0.7806896551724138,0.9771332064823423,0.1964435513099284,1.0848326756582711,0.21696653513165418,3.829452770067679,3.829452770067679,21.7786139984113,42.91718749725601,117.42319843311353,278.26531098129,749.9999999999999,2169.665351316543,1084832.6756582714,556.53062196258,4.73952872506356,True
10,16,2.0,0.8320689655172414,1.018651917435084,0.1865829519178427,1.0848326756582711,0.21696653513165418,4.350092745640825,4.350092745640825,20.559231624016707,35.33339405890326,119.4314623940536,286.6232862157321,750.0,2169.6653513165406,1084832.6756582703,573.2465724314642,4.799795304691887,True
10,17,2.0,0.883448275862069,1.0610343169006853,0.1775860410386163,1.0848326756582711,0.21696653513165418,4.90390584773114,4.90390584773114,19.465448315159584,29.490120176505258,121.61862681421768,294.60583767861255,750.0000000000002,2169.665351316545,1084832.6756582726,589.2116753572251,4.844748627669459,True
10,18,2.0,0.9348275862068965,1.10418095502986,0.16935336882296348,1.0848326756582711,0.21696653513165418,5.490892076338623,5.490892076338623,18.479138555142267,24.90795177992433,123.9635158034771,302.236262538204,750.0,2169.665351316545,1084832.6756582726,604.472525076408,4.876213143508253,True
10,19,2.0,0.9862068965517242,1.1480056656321103,0.16179876908038604,1.0848326756582711,0.21696653513165418,6.1110514314632765,6.1110514314632765,17.585476905742713,21.25877314117479,126.44848950607522,309.53604158620163,750.0000000000003,2169.6653513165434,1084832.6756582716,619.0720831724033,4.895844035706412,True
10,20,2.0,1.0375862068965518,1.1924336888310458,0.15484748193449405,1.0848326756582711,0.21696653513165418,6.764383913105096,6.764383913105096,16.77221961213756,18.31266739938608,129.0586641227836,316.52503941185506,750.0000000000001,2169.665351316537,1084832.6756582684,633.0500788237101,4.905134290104228,True
10,21,2.0,1.0889655172413792,1.2374000417237854,0.14843452448240613,1.0848326756582711,0.21696653513165418,7.450889521264084,7.450889521264084,16.029167250590096,15.90512211364446,131.7813412817834,323.2216626780094,750.0000000000003,2169.6653513165443,1084832.675658272,646.4433253560188,4.905423780546837,True
10,22,2.0,1.140344827586207,1.2828481170114634,0.14250328942525647,1.0848326756582711,0.21696653513165418,8.170568255940244,8.170568255940244,15.347756762488117,13.91620305554933,134.60558278497467,329.64299114323495,750.0000000000001,2169.6653513165525,1084832.6756582763,659.2859822864699,4.897909645691624,True
10,23,2.0,1.1917241379310346,1.3287284848473404,0.1370043469163058,1.0848326756582711,0.21696653513165418,8.923420117133572,8.923420117133572,14.720747619621369,12.256994577331977,137.52188815028535,335.8048900909608,750.0000000000001,2169.6653513165516,1084832.6756582758,671.6097801819216,4.883657352406181,True
10,24,2.0,1.243103448275862,1.3749978722283829,0.13189442395252082,1.0848326756582711,0.21696653513165418,9.709445104844063,9.709445104844063,14.141977556622706,10.860570827154094,140.52194608969663,341.72210934182044,750.0000000000003,2169.665351316545,1084832.6756582726,683.4442186836409,4.863611967396119,True
10,25,2.0,1.2944827586206897,1.4216182954237302,0.12713553680304046,1.0848326756582711,0.21696653513165418,10.52864321907173,10.52864321907173,13.606170439161904,9.67586063589904,143.59844003228983,347.4083719955982,749.9999999999999,2169.6653513165493,1084832.6756582747,694.8167439911964,4.8386092762216535,True
10,26,2.0,1.3458620689655172,1.4685563231273713,0.12269425416185409,1.0848326756582711,0.21696653513165418,11.38101445981656,11.38101445981656,13.108783694892553,8.663401116930645,146.744893768231,352.87645486776796,749.9999999999999,2169.6653513165415,1084832.6756582707,705.7529097355359,4.8093864911592945,True
10,27,2.0,1.3972413793103449,1.51578245060903,0.11854107129868519,1.0848326756582711,0.21696653513165418,12.266558827078562,12.266558827078562,12.645886105452234,7.792348699422142,149.95554732149185,358.1382618987261,750.0000000000001,2169.6653513165265,1084832.6756582633,716.2765237974522,4.776592374150832,True
10,28,2.0,1.4486206896551725,1.5632705677566725,0.11464987810149996,1.0848326756582711,0.21696653513165418,13.185276320857731,13.185276320857731,12.214059136466666,7.038342611288246,153.2252559234426,363.2048914143211,750.0000000000002,2169.6653513165343,1084832.6756582672,726.4097828286422,4.740796668609157,True
10,29,2.0,1.5,1.610997506365929,0.11099750636592898,1.0848326756582711,0.21696653513165418,14.137166941154069,14.137166941154069,11.810316686117927,6.38195594426975,156.5494068806466,368.08669788301677,750.0000000000001,2169.6653513165347,1084832.6756582675,736.1733957660335,4.702498785749427,True
11,0,2.0,0.01,0.615908972226388,0.605908972226388,1.191429730994883,0.23828594619897653,0.0006283185307179586,0.0006283185307179586,84.80056640993367,772111502521.2041,117.88943719386796,117.88145213883085,47.22264000887456,2382.8594619897654,1191429.7309948828,235.7629042776617,1.99986453315535,True
11,1,2.0,0.06137931034482759,0.618879052648716,0.5574997423038884,1.191429730994883,0.23828594619897653,0.023671396346335083,0.023671396346335083,80.50950411095472,5301593.175969844,122.35828141217041,122.36472780844267,283.9433991573546,2382.8594619897654,1191429.7309948828,244.72945561688533,2.0001053691862594,True
11,2,2.0,0.11275862068965517,0.6260657861669163,0.5133071654772612,1.191429730994883,0.23828594619897653,0.0798876006791208,0.0798876006791208,76.38819564065552,113458.83747254615,127.03127206289238,127.03955561117989,510.0174924745379,2382.859461989765,1191429.7309948825,254.07911122235978,2.0001304174657624,True
11,3,2.0,0.16413793103448276,0.6373265430477897,0.4731886120133069,1.191429730994883,0.23828594619897653,0.16927693152907516,0.16927693152907516,72.45453495092801,11471.486790661582,131.89167985554252,131.88446088038754,724.5459906050548,2382.8594619897654,1191429.7309948828,263.7689217607751,1.9998905317581384,True
11,4,2.0,0.21551724137931036,0.6524504145149372,0.43693317313562685,1.191429730994883,0.23828594619897653,0.29183938889619815,0.29183938889619815,61.81830048118318,3523.113708056866,123.16992685130832,147.29531577247272,749.9999999999998,2382.859461989765,1191429.7309948825,294.59063154494544,2.3917415482480355,True
11,5,2.0,0.26689655172413795,0.6711763042533616,0.40427975252922366,1.191429730994883,0.23828594619897653,0.44757497278048974,0.44757497278048974,53.434294010586434,1517.1958511920936,116.47596238528979,162.58780487703316,749.9999999999997,2382.859461989765,1191429.7309948825,325.17560975406633,2.7917829833285333,True
11,6,2.0,0.3182758620689655,0.6932123674926095,0.374936505423644,1.191429730994883,0.23828594619897653,0.6364836831819498,0.6364836831819498,47.12241867589575,775.6635544625469,112.28418223502264,176.64957028299065,749.9999999999997,2382.859461989765,1191429.7309948825,353.2991405659813,3.146472936201191,True
11,7,2.0,0.36965517241379314,0.7182540000314906,0.3485988276176975,1.191429730994883,0.23828594619897653,0.8585655201005787,0.8585655201005787,42.161410231846226,446.3092993665358,109.70074111611939,189.7503072258122,750.0000000000001,2382.8594619897663,1191429.7309948832,379.5006144516244,3.4594170521593743,True
11,8,2.0,0.4210344827586207,0.7459985909777477,0.32496410821912697,1.191429730994883,0.23828594619897653,1.113820483536376,1.113820483536376,38.14252387567144,279.8033354669112,108.22943711854943,202.05469102474873,750.0000000000003,2382.859461989766,1191429.730994883,404.10938204949747,3.733821341109398,True
11,9,2.0,0.4724137931034483,0.7761563334685565,0.3037425403651082,1.191429730994883,0.23828594619897653,1.402248573489342,1.402248573489342,34.81305108180189,187.1355179418289,107.56987372214333,213.67132011149485,750.0000000000001,2382.8594619897663,1191429.7309948832,427.3426402229897,3.972698167582035,True
11,10,2.0,0.5237931034482759,0.8084572204445587,0.2846641169962828,1.191429730994883,0.23828594619897653,1.7238497899594767,1.7238497899594767,32.006415335073825,131.6017653488073,107.52803764396712,224.6769015266934,750.0000000000002,2382.859461989767,1191429.7309948837,449.3538030533868,4.178945444361486,True
11,11,2.0,0.5751724137931035,0.8426548330470492,0.2674824192539458,1.191429730994883,0.23828594619897653,2.07862413294678,2.07862413294678,29.607324156744028,96.31444154942088,107.9721106887695,235.12909202947705,750.0,2382.8594619897676,1191429.730994884,470.2581840589541,4.355367150453112,True
11,12,2.0,0.626551724137931,0.8785277030857818,0.25197597894785073,1.191429730994883,0.23828594619897653,2.4665716024512516,2.4665716024512516,27.5328816152144,72.80404379961149,108.80876601034628,245.0736521357374,750.0000000000002,2382.8594619897635,1191429.7309948818,490.1473042714748,4.504667429321533,True
11,13,2.0,0.6779310344827586,0.9158790037902544,0.23794796930749584,1.191429730994883,0.23828594619897653,2.887692198472892,2.887692198472892,25.72164885953559,56.51664550130831,109.96961380829032,254.54857011866207,749.9999999999998,2382.8594619897667,1191429.7309948835,509.09714023732414,4.6294346466000285,True
11,14,2.0,0.7293103448275863,0.9545351963869632,0.22522485155937688,1.191429730994883,0.23828594619897653,3.3419859210117013,3.3419859210117013,24.126955839804065,44.85894876086816,111.40304467580562,263.58650367160834,749.9999999999999,2382.8594619897635,1191429.7309948818,527.1730073432167,4.732123873969017,True
11,15,2.0,0.7806896551724138,0.9943441053087145,0.2136544501363007,1.191429730994883,0.23828594619897653,3.829452770067679,3.829452770067679,22.71262449049669,36.281306763085425,113.06911186527468,272.2162608476735,749.9999999999998,2382.859461989765,1191429.7309948825,544.432521695347,4.815041992582864,True
11,16,2.0,0.8320689655172414,1.0351727514989455,0.2031037859817041,1.191429730994883,0.23828594619897653,4.350092745640825,4.350092745640825,21.450129033623746,29.819011220370076,114.93620619098635,280.4637214063712,750.0000000000006,2382.859461989763,1191429.7309948816,560.9274428127424,4.880337200974465,True
11,17,2.0,0.883448275862069,1.0769051574733162,0.1934568816112472,1.191429730994883,0.23828594619897653,4.90390584773114,4.90390584773114,20.316649546542074,24.84996763757153,116.9788301623812,288.35242733804563,750.0,2382.859461989763,1191429.7309948816,576.7048546760913,4.929993349014971,True
11,18,2.0,0.9348275862068965,1.1194402520913647,0.18461266588446812,1.191429730994883,0.23828594619897653,5.490892076338623,5.490892076338623,19.29370120934735,20.960551684478123,119.1760685222726,295.9039753418386,750.0000000000005,2382.8594619897663,1191429.7309948832,591.8079506836772,4.9658287777220576,True
11,19,2.0,0.9862068965517242,1.1626899435684257,0.17648304701670148,1.191429730994883,0.23828594619897653,6.1110514314632765,6.1110514314632765,18.366146347526076,17.8682753930972,121.51051249512813,303.13828925240585,750.0000000000001,2382.859461989758,1191429.730994879,606.2765785048117,4.989498982889401,True
11,20,2.0,1.0375862068965518,1.2065773903115122,0.16899118341496044,1.191429730994883,0.23828594619897653,6.764383913105096,6.764383913105096,17.521468017022965,15.37559064810506,123.96748692638985,310.07381862035544,750.0000000000001,2382.859461989765,1191429.7309948825,620.1476372407109,5.002502290047598,True
11,21,2.0,1.0889655172413792,1.2510354750404762,0.16206995779909694,1.191429730994883,0.23828594619897653,7.450889521264084,7.450889521264084,16.74922656134298,13.34141276317702,126.53448405975112,316.72769098986356,750.0000000000002,2382.8594619897667,1191429.7309948835,633.4553819797271,5.006187733618938,True
11,22,2.0,1.140344827586207,1.2960054737043287,0.1556606461181218,1.191429730994883,0.23828594619897653,8.170568255940244,8.170568255940244,16.04064684650607,11.66306989124476,129.2007410826283,323.1158343771674,749.9999999999998,2382.8594619897735,1191429.7309948867,646.2316687543348,5.001764412024909,True
11,23,2.0,1.1917241379310346,1.341435903424548,0.1497117654935134,1.191429730994883,0.23828594619897653,8.923420117133572,8.923420117133572,15.38830053443888,10.26457149096788,131.95691952489557,329.25307989000083,750.0,2382.8594619897613,1191429.7309948807,658.5061597800017,4.990311702871822,True
11,24,2.0,1.243103448275862,1.38728153061457,0.144178082338708,1.191429730994883,0.23828594619897653,9.709445104844063,9.709445104844063,14.785858590997487,9.0888101830984,134.79485804701278,335.15325051422246,750.0000000000001,2382.8594619897617,1191429.730994881,670.3065010284449,4.9727898433236986,True
11,25,2.0,1.2944827586206897,1.4335025198565912,0.13901976123590143,1.191429730994883,0.23828594619897653,10.52864321907173,10.52864321907173,14.227896441379189,8.09227159231979,137.70737896009334,340.82923975706353,749.9999999999999,2382.859461989758,1191429.730994879,681.6584795141271,4.9500504959263445,True
11,26,2.0,1.3458620689655172,1.4800637049631034,0.13420163599758617,1.191429730994883,0.23828594619897653,11.38101445981656,11.38101445981656,13.709739093876964,7.241378568493607,140.68813468838056,346.2930824411358,750.0000000000001,2382.8594619897726,1191429.7309948863,692.5861648822716,4.922847022005989,True
11,27,2.0,1.3972413793103449,1.5269339652146194,0.12969258590427457,1.191429730994883,0.23828594619897653,12.266558827078562,12.266558827078562,13.227336954636451,6.509921848330953,143.73148435748365,351.5560191108563,750.0000000000001,2382.859461989769,1191429.7309948844,703.1120382217126,4.891844270340647,True
11,28,2.0,1.4486206896551725,1.57408569162101,0.12546500196583743,1.191429730994883,0.23828594619897653,13.185276320857731,13.185276320857731,12.777165453975924,5.877226155340616,146.8323934212649,356.62855501675676,749.9999999999999,2382.8594619897503,1191429.730994875,713.2571100335135,4.857627757842001,True
11,29,2.0,1.5,1.6214943299527647,0.12149432995276466,1.191429730994883,0.23828594619897653,14.137166941154069,14.137166941154069,12.356143321156805,5.326822503473096,149.9863511414701,361.5205143473845,750.0000000000001,2382.8594619897667,1191429.7309948835,723.041028694769,4.820712172754855,True
12,0,2.0,0.01,0.6428644947581797,0.6328644947581797,1.2980267863314947,0.2596053572662989,0.0006283185307179586,0.0006283185307179586,86.74034613151784,705326873753.0895,115.9644858472316,115.97076222519267,47.30332955193378,2596.053572662989,1298026.7863314946,231.94152445038534,2.000108246553507,True
12,1,2.0,0.06137931034482759,0.6457105995406118,0.5843312891957843,1.2980267863314947,0.2596053572662989,0.023671396346335083,0.023671396346335083,82.521571580687,4803137.772458914,120.20970065220925,120.21669795113613,284.6151299760283,2596.0535726629896,1298026.7863314948,240.43339590227225,2.000116418207331,True
12,2,2.0,0.11275862068965517,0.6526019193662574,0.5398432986766023,1.2980267863314947,0.2596053572662989,0.0798876006791208,0.0798876006791208,78.45817123906251,101950.79389544272,124.64978992175074,124.64343290188404,511.58587209797827,2596.0535726629896,1298026.7863314948,249.28686580376808,1.9998980019160773,True
12,3,2.0,0.16413793103448276,0.6634124049375096,0.49927447390302687,1.2980267863314947,0.2596053572662989,0.16927693152907516,0.16927693152907516,74.55667593476164,10231.41862403546,129.2527245792313,129.24584113933565,727.1145018212832,2596.0535726629887,1298026.7863314943,258.4916822786713,1.999893488668528,True
12,4,2.0,0.21551724137931036,0.6779546002148209,0.4624373588355105,1.2980267863314947,0.2596053572662989,0.29183938889619815,0.29183938889619815,63.596908957814044,3145.218876928364,120.31670490968419,144.44650377334565,749.9999999999999,2596.05357266299,1298026.786331495,288.8930075466913,2.4011047157877954,True
12,5,2.0,0.26689655172413795,0.6959946321222062,0.4290980803980683,1.2980267863314947,0.2596053572662989,0.44757497278048974,0.44757497278048974,55.05000541043955,1346.7670594240094,113.62113437000394,159.37327376234745,750.0000000000002,2596.0535726629896,1298026.7863314948,318.7465475246949,2.8053455837424224,True
12,6,2.0,0.3182758620689655,0.7172686268033984,0.3989927647344329,1.2980267863314947,0.2596053572662989,0.6364836831819498,0.6364836831819498,48.61062670039999,684.949889384339,109.39089727224798,173.0971186793685,750.0000000000003,2596.0535726629887,1298026.7863314943,346.194237358737,3.1647444713534223,True
12,7,2.0,0.36965517241379314,0.7414982839582037,0.3718431115444106,1.2980267863314947,0.2596053572662989,0.8585655201005787,0.8585655201005787,43.544372658064255,392.2548294142938,106.74608425618766,185.88722178944445,750.0,2596.0535726629896,1298026.7863314948,371.7744435788889,3.482792330692342,True
12,8,2.0,0.4210344827586207,0.7684040566606276,0.3473695739020069,1.2980267863314947,0.2596053572662989,1.113820483536376,1.113820483536376,39.43552405320043,244.8725638620028,105.19801889286215,197.90802996826505,750.0,2596.053572662991,1298026.7863314955,395.8160599365301,3.762580931677477,True
12,9,2.0,0.4724137931034483,0.7977152064083255,0.3253014133048772,1.2980267863314947,0.2596053572662989,1.402248573489342,1.402248573489342,36.02734446718432,163.15318827842603,104.45068206404368,209.2676675615448,750.0000000000002,2596.053572662987,1298026.7863314934,418.5353351230896,4.007013902182714,True
12,10,2.0,0.5237931034482759,0.8291766843325167,0.3053835808842408,1.2980267863314947,0.2596053572662989,1.7238497899594767,1.7238497899594767,33.1507619760883,114.34990306099573,104.31274612544674,220.04199193665968,749.9999999999998,2596.0535726629887,1298026.7863314943,440.08398387331937,4.2188898310094665,True
12,11,2.0,0.5751724137931035,0.8625532239863664,0.2873808101932629,1.2980267863314947,0.2596053572662989,2.07862413294678,2.07862413294678,30.688836240590373,83.43847660677295,104.65411349057179,230.28746769374203,750.0,2596.0535726629887,1298026.7863314943,460.57493538748406,4.400925295965331,True
12,12,2.0,0.626551724137931,0.8976312280891879,0.2710795039512569,1.2980267863314947,0.2596053572662989,2.4665716024512516,2.4665716024512516,28.55751660302314,62.90431248251221,105.38260497697263,240.0484109606976,749.9999999999999,2596.053572662992,1298026.786331496,480.0968219213952,4.555750183118952,True
12,13,2.0,0.6779310344827586,0.9342190568252999,0.25628802234254133,1.2980267863314947,0.2596053572662989,2.887692198472892,2.887692198472892,26.694510321626215,48.71736189314419,106.43062860113221,249.36121202026047,749.9999999999999,2596.05357266299,1298026.786331495,498.72242404052093,4.685891933510722,True
12,14,2.0,0.7293103448275863,0.9721462532423928,0.2428359084148065,1.2980267863314947,0.2596053572662989,3.3419859210117013,3.3419859210117013,25.052485994455402,38.588322296062394,107.74715440577849,258.2568631946956,750.0000000000001,2596.0535726629855,1298026.7863314927,516.5137263893912,4.793757470793034,True
12,15,2.0,0.7806896551724138,1.011262130366757,0.2305724751943432,1.2980267863314947,0.2596053572662989,3.829452770067679,3.829452770067679,23.594733701245218,31.152426744581714,109.29267597266455,266.76250688388484,750.0000000000001,2596.0535726629873,1298026.7863314936,533.5250137677697,4.881617263184323,True
12,16,2.0,0.8320689655172414,1.0514340312152837,0.21936506569804226,1.2980267863314947,0.2596053572662989,4.350092745640825,4.350092745640825,22.29228736407613,25.56197132773197,111.03593377311866,274.90240487267334,750.0000000000003,2596.05357266299,1298026.786331495,549.8048097453467,4.951593516282493,True
12,17,2.0,0.883448275862069,1.0925454749091006,0.2090971990470316,1.2980267863314947,0.2596053572662989,4.90390584773114,4.90390584773114,21.12195463018263,21.27148269967031,112.95171919575661,282.6985604414645,750.0000000000003,2596.0535726629882,1298026.786331494,565.397120882929,5.005653078223974,True
12,18,2.0,0.9348275862068965,1.1344943254834297,0.1996667392765331,1.2980267863314947,0.2596053572662989,5.490892076338623,5.490892076338623,20.06493071792438,17.919019637818906,115.01936366194535,290.1711295852001,750.0000000000003,2596.05357266299,1298026.786331495,580.3422591704002,5.045604850293646,True
12,19,2.0,0.9862068965517242,1.1771910641127348,0.19098416756101055,1.2980267863314947,0.2596053572662989,6.1110514314632765,6.1110514314632765,19.105799988057317,15.25786935472659,117.22167450394987,297.33870269075743,750.0000000000003,2596.0535726629873,1298026.7863314936,594.6774053815149,5.073101095834258,True
12,20,2.0,1.0375862068965518,1.2205572069193085,0.18297100002275668,1.2980267863314947,0.2596053572662989,6.764383913105096,6.764383913105096,18.23180207451802,13.115817925262029,119.54416946012043,304.21850569392205,749.9999999999999,2596.053572662988,1298026.7863314939,608.4370113878441,5.089641879948121,True
12,21,2.0,1.0889655172413792,1.2645238852475165,0.17555836800613722,1.2980267863314947,0.2596053572662989,7.450889521264084,7.450889521264084,17.43228289578469,11.37008702950496,121.97451518042699,310.8265504616222,750.0000000000002,2596.0535726629973,1298026.7863314988,621.6531009232444,5.096581855674389,True
12,22,2.0,1.140344827586207,1.30903058956745,0.1686857619812432,1.2980267863314947,0.2596053572662989,8.170568255940244,8.170568255940244,16.69827759880379,9.931473342185337,124.502107888488,317.1777525449881,750.0000000000002,2596.0535726629832,1298026.7863314915,634.3555050899762,5.095138675548733,True
12,23,2.0,1.1917241379310346,1.3540240690431458,0.16229993111211116,1.2980267863314947,0.2596053572662989,8.923420117133572,8.923420117133572,16.02218940215445,8.734056893619728,127.11775491102024,323.28602742342315,749.9999999999998,2596.053572663002,1298026.7863315009,646.5720548468463,5.086402409320658,True
12,24,2.0,1.243103448275862,1.3994573740332459,0.15635392575738383,1.2980267863314947,0.2596053572662989,9.709445104844063,9.709445104844063,15.397539290983154,7.72837065824667,129.81342899464255,329.1643720876146,750.0000000000002,2596.0535726629905,1298026.7863314953,658.3287441752292,5.071345463052198,True
12,25,2.0,1.2944827586206897,1.4452890267994567,0.15080626817876697,1.2980267863314947,0.2596053572662989,10.52864321907173,10.52864321907173,14.81876882079186,6.876773819782423,132.582075986206,334.8249362051776,750.0000000000005,2596.053572662986,1298026.786331493,669.6498724103552,5.050832606362465,True
12,26,2.0,1.3458620689655172,1.4914823053931388,0.14562023642762156,1.2980267863314947,0.2596053572662989,11.38101445981656,11.38101445981656,14.281083247719582,6.150259054283084,135.41746222795726,340.27908552357144,749.9999999999998,2596.0535726629814,1298026.7863314906,680.5581710471429,5.0256308148908735,True
12,27,2.0,1.3972413793103449,1.5380046263512228,0.14076324704087795,1.2980267863314947,0.2596053572662989,12.266558827078562,12.266558827078562,13.780325636471039,5.526211744329356,138.31405193466577,345.5374591953796,750.0,2596.0535726629887,1298026.7863314943,691.0749183907592,4.996418720472424,True
12,28,2.0,1.4486206896551725,1.5848270129947044,0.13620632333953187,1.2980267863314947,0.2596053572662989,13.185276320857731,13.185276320857731,13.312875014784897,4.986812714259653,141.26690751472512,350.6100221199401,750.0000000000001,2596.053572662978,1298026.786331489,701.2200442398802,4.963795531283841,True
12,29,2.0,1.5,1.63192363749677,0.13192363749677005,1.2980267863314947,0.2596053572662989,14.137166941154069,14.137166941154069,12.875563372446207,4.517883327263193,144.27160767755225,355.5061130352551,750.0000000000001,2596.0535726629946,1298026.7863314974,711.0122260705102,4.928289339227619,True
13,0,2.0,0.01,0.6687343681705119,0.6587343681705119,1.4046238416681065,0.28092476833362123,0.0006283185307179586,0.0006283185307179586,88.55425770266142,649287806118.4879,114.23772019913565,114.24449731211139,47.366218251723,2809.2476833362125,1404623.8416681061,228.48899462422278,2.000118649303644,True
13,1,2.0,0.06137931034482759,0.6714708295308296,0.610091519186002,1.4046238416681065,0.28092476833362123,0.023671396346335083,0.023671396346335083,84.39564600812749,4390508.657338843,118.28153880869527,118.2890676319001,285.1197098892339,2809.247683336213,1404623.8416681064,236.5781352638002,2.0001273034368787,True
13,2,2.0,0.11275862068965517,0.6781004068073159,0.5653417861176607,1.4046238416681065,0.28092476833362123,0.0798876006791208,0.0798876006791208,80.38075003545238,92541.19835328203,122.51186925702027,122.50506029035691,512.7467508067735,2809.2476833362116,1404623.8416681057,245.01012058071382,1.9998888439674514,True
13,3,2.0,0.16413793103448276,0.6885106503001204,0.5243727192656376,1.4046238416681065,0.28092476833362123,0.16927693152907516,0.16927693152907516,76.51399826122262,9223.981335839508,126.89765024017065,126.89104216547828,729.1397909256477,2809.247683336212,1404623.841668106,253.78208433095656,1.9998958518982841,True
13,4,2.0,0.21551724137931036,0.7025335127267323,0.48701627134742187,1.4046238416681065,0.28092476833362123,0.29183938889619815,0.29183938889619815,65.26514203492252,2835.7618463661306,117.80741646202696,141.8822715315624,750.0,2809.247683336212,1404623.841668106,283.7645430631248,2.408715440717529,True
13,5,2.0,0.26689655172413795,0.719957932447896,0.453061380723758,1.4046238416681065,0.28092476833362123,0.44757497278048974,0.44757497278048974,56.56627782631874,1208.0684445341062,111.11423146033968,156.48099785672454,750.0000000000002,2809.247683336212,1404623.841668106,312.9619957134491,2.8165788630338997,True
13,6,2.0,0.3182758620689655,0.7405438403957979,0.4222679783268324,1.4046238416681065,0.28092476833362123,0.6364836831819498,0.6364836831819498,50.008379825310264,611.5226432093629,106.85291499664629,169.9005818625376,750.0000000000002,2809.2476833362116,1404623.8416681057,339.8011637250752,3.180083236248073,True
13,7,2.0,0.36965517241379314,0.7640357332381025,0.39438056082430933,1.4046238416681065,0.28092476833362123,0.8585655201005787,0.8585655201005787,44.84457556270018,348.70388006253484,104.15604430481011,182.40962274010644,749.9999999999999,2809.2476833362116,1404623.8416681057,364.8192454802129,3.502621935339425,True
13,8,2.0,0.4210344827586207,0.7901744686107196,0.3691399858520989,1.4046238416681065,0.28092476833362123,1.113820483536376,1.113820483536376,40.652501464796586,216.84104810402772,102.54172591222422,194.17238806152727,749.9999999999999,2809.2476833362125,1404623.8416681061,388.34477612305454,3.787187826889884,True
13,9,2.0,0.4724137931034483,0.8187065695881531,0.34629277648470486,1.4046238416681065,0.28092476833362123,1.402248573489342,1.402248573489342,37.17157757812973,143.97284953525357,101.71792110731441,205.29670130778123,749.9999999999998,2809.247683336212,1404623.841668106,410.59340261556247,4.036588618266966,True
13,10,2.0,0.5237931034482759,0.8493908819809582,0.32559777853268235,1.4046238416681065,0.28092476833362123,1.7238497899594767,1.7238497899594767,34.23035397074824,100.59219873148278,101.49577181833752,215.85783681042318,750.0000000000005,2809.2476833362125,1404623.8416681061,431.71567362084636,4.253533579640675,True
13,11,2.0,0.5751724137931035,0.8820028122183051,0.30683039842520166,1.4046238416681065,0.28092476833362123,2.07862413294678,2.07862413294678,31.710327642792663,73.19562574801625,101.74678265232033,225.9113898224168,750.0,2809.24768333621,1404623.841668105,451.8227796448336,4.440659133063307,True
13,12,2.0,0.626551724137931,0.9163365747325749,0.2897848505946439,1.4046238416681065,0.28092476833362123,2.4665716024512516,2.4665716024512516,29.52636170423945,55.04557710701705,102.37985655438024,235.5005785347867,749.9999999999999,2809.2476833362102,1404623.8416681052,471.0011570695734,4.600525659257939,True
13,13,2.0,0.6779310344827586,0.9522059350199814,0.2742749005372228,1.4046238416681065,0.28092476833362123,2.887692198472892,2.887692198472892,27.61536812019553,42.53713640301338,103.3281619441712,244.66054111456546,750.0,2809.247683336211,1404623.8416681057,489.3210822291309,4.735602308434693,True
13,14,2.0,0.7293103448275863,0.9894439015148593,0.260133556687273,1.4046238416681065,0.28092476833362123,3.3419859210117013,3.3419859210117013,25.929405771205982,33.62706418958941,104.54122527423175,253.4209338640067,750.0000000000003,2809.247683336213,1404623.8416681064,506.8418677280134,4.848248778397897,True
13,15,2.0,0.7806896551724138,1.0279017428069845,0.2472120876345707,1.4046238416681065,0.28092476833362123,3.829452770067679,3.829452770067679,24.431278831369408,27.09988217775186,105.97996426610912,261.80753716528926,750.0000000000005,2809.2476833362152,1404623.8416681075,523.6150743305785,4.9406987250515915,True
13,16,2.0,0.8320689655172414,1.0674476186442807,0.23537865312703932,1.4046238416681065,0.28092476833362123,4.350092745640825,4.350092745640825,23.091621817875644,22.20215496505151,107.61345572918704,269.84326848282427,750.0,2809.247683336215,1404623.8416681073,539.6865369656485,5.015046987467704,True
13,17,2.0,0.883448275862069,1.1079650316215202,0.22451675575945118,1.4046238416681065,0.28092476833362123,4.90390584773114,4.90390584773114,21.886906207556954,18.450013031741967,109.41676750425633,277.54883508873075,750.0000000000002,2809.247683336208,1404623.841668104,555.0976701774615,5.073241358148039,True
13,18,2.0,0.9348275862068965,1.1493512392240357,0.21452365301713916,1.4046238416681065,0.28092476833362123,5.490892076338623,5.490892076338623,20.798039254682752,15.522988264159274,111.36946528210318,284.94316507840296,750.0000000000002,2809.2476833362125,1404623.8416681061,569.8863301568059,5.117078803541543,True
13,19,2.0,0.9862068965517242,1.191515714532795,0.2053088179810708,1.4046238416681065,0.28092476833362123,6.1110514314632765,6.1110514314632765,19.809355468475598,13.203024183519297,113.45455982344805,292.0437004778951,750.0000000000001,2809.247683336208,1404623.841668104,584.0874009557901,5.148205606409437,True
13,20,2.0,1.0375862068965518,1.2343787068458316,0.19679249994927983,1.4046238416681065,0.28092476833362123,6.764383913105096,6.764383913105096,18.90787567505303,11.338166151366861,115.65774881248058,298.866603677833,750.0000000000001,2809.247683336206,1404623.8416681031,597.733207355666,5.168120713855402,True
13,21,2.0,1.0889655172413792,1.2778699280103583,0.18890441076897901,1.4046238416681065,0.28092476833362123,7.450889521264084,7.450889521264084,18.082752865196984,9.820252665796543,117.96686021944075,305.4269087629644,750.0000000000002,2809.2476833362175,1404623.8416681087,610.8538175259288,5.1781815366588955,True
13,22,2.0,1.140344827586207,1.3219273735629464,0.1815825459767395,1.4046238416681065,0.28092476833362123,8.170568255940244,8.170568255940244,17.324851213620786,8.57081919554419,120.3714362465581,311.7386373019404,749.9999999999999,2809.2476833362093,1404623.8416681048,623.4772746038808,5.179611492935962,True
13,23,2.0,1.1917241379310346,1.3664962773823723,0.17477213945133774,1.4046238416681065,0.28092476833362123,8.923420117133572,8.923420117133572,16.626421833112786,7.531964810389438,122.86241715025764,317.81489077814916,749.9999999999999,2809.247683336221,1404623.8416681106,635.6297815562983,5.173508679867002,True
13,24,2.0,1.243103448275862,1.4115281925231788,0.1684247442473168,1.4046238416681065,0.28092476833362123,9.709445104844063,9.709445104844063,15.980849966941879,6.660299055796981,125.43189722400348,323.6679272771435,750.0000000000001,2809.2476833362184,1404623.8416681092,647.335854554287,5.160855164282794,True
13,25,2.0,1.2944827586206897,1.456980187764626,0.16249742914393628,1.4046238416681065,0.28092476833362123,10.52864321907173,10.52864321907173,15.382455718756704,5.922847324261318,128.07293374543923,329.309227214086,750.0,2809.247683336224,1404623.841668112,658.618454428172,5.14252648992376,True
13,26,2.0,1.3458620689655172,1.5028141481409325,0.15695207917541532,1.4046238416681065,0.28092476833362123,11.38101445981656,11.38101445981656,14.826335434505047,5.294229043201462,130.7793953804874,334.749551124339,749.9999999999999,2809.247683336224,1404623.841668112,669.499102248678,5.119301097094451,True
13,27,2.0,1.3972413793103449,1.5489961675967727,0.15175478828642786,1.4046238416681065,0.28092476833362123,12.266558827078562,12.266558827078562,14.308234317737114,4.75467972051719,133.5458403989064,339.99899144542223,750.0000000000001,2809.247683336209,1404623.8416681045,679.9979828908445,5.091869434942078,True
13,28,2.0,1.4486206896551725,1.5954960224549108,0.1468753327997383,1.4046238416681065,0.28092476833362123,13.185276320857731,13.185276320857731,13.824443298078004,4.288642754104912,136.3674177170187,345.06701953764286,749.9999999999998,2809.2476833361998,1404623.8416680999,690.1340390752857,5.060842616433565,True
13,29,2.0,1.5,1.6422867152761158,0.1422867152761158,1.4046238416681065,0.28092476833362123,14.137166941154069,14.137166941154069,13.371714914921991,3.8837524374628125,139.23978564281708,349.96252876756495,750.0000000000001,2809.2476833362125,1404623.8416681061,699.9250575351299,5.026760521813808,True
14,0,2.0,0.01,0.6936400736146506,0.6836400736146506,1.5112208970047185,0.3022441794009436,0.0006283185307179586,0.0006283185307179586,90.25362865185488,601750344506.6243,112.67033138162597,112.67759461820825,47.40912845722998,3022.441794009436,1511220.897004718,225.3551892364165,2.000128929000087,True
14,1,2.0,0.06137931034482759,0.6962786593473511,0.6348993490025235,1.5112208970047185,0.3022441794009436,0.023671396346335083,0.023671396346335083,86.14980509767187,4043689.5734724337,116.53716996186938,116.54521217033242,285.48668746516984,3022.4417940094368,1511220.8970047184,233.09042434066484,2.0001380196286846,True
14,2,2.0,0.11275862068965517,0.7026742191542049,0.5899155984645498,1.5112208970047185,0.3022441794009436,0.0798876006791208,0.0798876006791208,82.17961400059517,84700.68996220031,120.58315138501182,120.57590604716964,513.6274303966285,3022.4417940094368,1511220.8970047184,241.15181209433928,1.999879828354808,True
14,3,2.0,0.16413793103448276,0.7127256219109979,0.548587690876515,1.5112208970047185,0.3022441794009436,0.16927693152907516,0.16927693152907516,78.34544417748207,8391.25683611636,124.77776067313441,124.77136429338994,730.7192199177613,3022.441794009435,1511220.8970047175,249.54272858677987,1.9998974756445385,True
14,4,2.0,0.21551724137931036,0.7262810978236223,0.5107638564443119,1.5112208970047185,0.3022441794009436,0.29183938889619815,0.29183938889619815,66.83741280063887,2578.1986874277322,115.57953107411102,139.55537797300872,750.0000000000003,3022.441794009436,1511220.897004718,279.11075594601743,2.414880501349743,True
14,5,2.0,0.26689655172413795,0.743148922522514,0.476252370798376,1.5112208970047185,0.3022441794009436,0.44757497278048974,0.44757497278048974,57.99594848940256,1093.2798091733125,108.89152638251291,153.8575595751762,750.0000000000001,3022.441794009436,1511220.897004718,307.7151191503524,2.825886727580751,True
14,6,2.0,0.3182758620689655,0.7631094784497707,0.4448336163808052,1.5112208970047185,0.3022441794009436,0.6364836831819498,0.6364836831819498,51.327192502536164,551.0533425517455,104.6048539825007,167.00123399905507,750.0,3022.4417940094368,1511220.8970047184,334.00246799811015,3.192992058035713,True
14,7,2.0,0.36965517241379314,0.7859271583400138,0.41627198592622067,1.5112208970047185,0.3022441794009436,0.8585655201005787,0.8585655201005787,46.07239195829123,312.9921248640206,101.86335398201453,179.25434649776545,749.9999999999999,3022.4417940094363,1511220.8970047182,358.5086929955309,3.5195060733895613,True
14,8,2.0,0.4210344827586207,0.811360947665068,0.39032646490644735,1.5112208970047185,0.3022441794009436,1.113820483536376,1.113820483536376,41.80283420607984,193.94013056406786,100.19127912224535,190.78099647380247,750.0000000000002,3022.4417940094368,1511220.8970047184,381.56199294760495,3.8083353789909564,True
14,9,2.0,0.4724137931034483,0.8391730117434221,0.3667592186399738,1.5112208970047185,0.3022441794009436,1.402248573489342,1.402248573489342,38.25425921072729,128.3528119531692,99.30022264841473,201.68881160679553,750.0000000000001,3022.441794009435,1511220.8970047175,403.37762321359105,4.06220260594784,True
14,10,2.0,0.5237931034482759,0.869135068297278,0.34534196484900215,1.5112208970047185,0.3022441794009436,1.7238497899594767,1.7238497899594767,35.25294077497137,89.4187214940305,99.00360031385027,212.05266468124847,750.0,3022.4417940094386,1511220.8970047194,424.10532936249695,4.283736429968659,True
14,11,2.0,0.5751724137931035,0.9010326616237189,0.3258602478306154,1.5112208970047185,0.3022441794009436,2.07862413294678,2.07862413294678,32.67888492796982,64.89617931354503,99.17440721815974,221.92751357651088,749.9999999999999,3022.4417940094368,1511220.8970047184,443.85502715302175,4.475499673788298,True
14,12,2.0,0.626551724137931,0.93466764935155,0.30811592521361897,1.5112208970047185,0.3022441794009436,2.4665716024512516,2.4665716024512516,30.445924754502183,48.69064112398274,99.72256359020467,231.35573641885668,749.9999999999999,3022.4417940094368,1511220.8970047184,462.71147283771336,4.639987743788444,True
14,13,2.0,0.6779310344827586,0.9698592883707415,0.29192825388798294,1.5112208970047185,0.3022441794009436,2.887692198472892,2.887692198472892,28.490224310428058,37.548113595438274,100.58195938767061,240.3714835458373,750.0,3022.4417940094395,1511220.8970047198,480.7429670916746,4.779614257053381,True
14,14,2.0,0.7293103448275863,1.0064443008913462,0.2771339560637599,1.5112208970047185,0.3022441794009436,3.3419859210117013,3.3419859210117013,26.76327430300225,29.62799263540264,101.70265271696348,249.00333224766737,750.0000000000001,3022.4417940094345,1511220.8970047173,498.00666449533475,4.896692969074048,True
14,15,2.0,0.7806896551724138,1.0442762514858606,0.2635865963134467,1.5112208970047185,0.3022441794009436,3.829452770067679,3.829452770067679,25.227430028775636,23.83747017771096,103.04596807801181,257.27594202424626,750.0,3022.4417940094336,1511220.8970047168,514.5518840484925,4.993420835824908,True
14,16,2.0,0.8320689655172414,1.0832244989387334,0.251155533421492,1.5112208970047185,0.3022441794009436,4.350092745640825,4.350092745640825,23.852959730786285,19.50041143752096,104.58130492863229,265.21110663229916,750.0,3022.4417940094318,1511220.8970047159,530.4222132645983,5.071864551953771,True
14,17,2.0,0.883448275862069,1.1231729198337184,0.2397246439716494,1.5112208970047185,0.3022441794009436,4.90390584773114,4.90390584773114,22.616028300596355,16.183364980959336,106.28399555585847,272.82843556808416,750.0000000000005,3022.4417940094363,1511220.8970047182,545.6568711361683,5.133951431562371,True
14,18,2.0,0.9348275862068965,1.1640185426605327,0.22919095645363619,1.5112208970047185,0.3022441794009436,5.490892076338623,5.490892076338623,21.49728133936657,13.59974429106302,108.13382860182881,280.1458048541528,750.0000000000001,3022.4417940094318,1511220.8970047159,560.2916097083056,5.181464643885084,True
14,19,2.0,0.9862068965517242,1.2056701848060776,0.21946328825435335,1.5112208970047185,0.3022441794009436,6.1110514314632765,6.1110514314632765,20.480826801866332,11.554864580086212,110.11400718284467,287.17966265946023,750.0000000000002,3022.4417940094336,1511220.8970047168,574.3593253189205,5.2160423547677714,True
14,20,2.0,1.0375862068965518,1.2480471499370975,0.21046094304054574,1.5112208970047185,0.3022441794009436,6.764383913105096,6.764383913105096,19.553487256041144,9.913268711044722,112.21039795411234,293.94524269172666,750.0000000000001,3022.441794009431,1511220.8970047154,587.8904853834533,5.239180112558437,True
14,21,2.0,1.0889655172413792,1.2910780183493646,0.2021125011079854,1.5112208970047185,0.3022441794009436,7.450889521264084,7.450889521264084,18.704240837349275,8.578680747425732,114.410979329166,300.45671841619,749.9999999999999,3022.4417940094336,1511220.8970047168,600.91343683238,5.252235758803554,True
14,22,2.0,1.140344827586207,1.3346995457880226,0.1943547182018157,1.5112208970047185,0.3022441794009436,8.170568255940244,8.170568255940244,17.923796609114756,7.48135666069061,116.70542877303266,306.7273188717438,750.0,3022.441794009431,1511220.8970047154,613.4546377434876,5.256436176045649,True
14,23,2.0,1.1917241379310346,1.3788556750623342,0.1871315371312996,1.5112208970047185,0.3022441794009436,8.923420117133572,8.923420117133572,17.20426748118371,6.569899370263007,119.08480899911171,312.7694192007726,750.0000000000001,3022.4417940094363,1511220.8970047182,625.5388384015451,5.252885264368281,True
14,24,2.0,1.243103448275862,1.4234966578251869,0.1803932095493248,1.5112208970047185,0.3022441794009436,9.709445104844063,9.709445104844063,16.538915135537124,5.805841186194308,121.54132569600871,318.594614208942,750.0,3022.4417940094263,1511220.897004713,637.189228417884,5.242572637487767,True
14,25,2.0,1.2944827586206897,1.4685782798647027,0.17409552124401295,1.5112208970047185,0.3022441794009436,10.52864321907173,10.52864321907173,15.921948897066848,5.159983695421848,124.06813780554296,324.2137802483891,750.0000000000002,3022.4417940094386,1511220.8970047194,648.4275604967783,5.2263826310755555,True
14,26,2.0,1.3458620689655172,1.5140611811958857,0.16819911223036854,1.5112208970047185,0.3022441794009436,11.38101445981656,11.38101445981656,15.348365559742335,4.609878448609729,126.65920698287871,329.637128808933,750.0,3022.4417940094395,1511220.8970047198,659.274257617866,5.2051033108630165,True
14,27,2.0,1.3972413793103449,1.559910261451348,0.16266888214100317,1.5112208970047185,0.3022441794009436,12.266558827078562,12.266558827078562,14.813820679976507,4.138063108589265,129.30917668111138,334.87425399476734,749.9999999999999,3022.4417940094295,1511220.8970047147,669.7485079895347,5.179435251074235,True
14,28,2.0,1.4486206896551725,1.606094161069383,0.15747347141421053,1.5112208970047185,0.3022441794009436,13.185276320857731,13.185276320857731,14.31452430901578,3.7308071071200435,132.01327393177056,339.9341753002838,750.0,3022.4417940094454,1511220.8970047226,679.8683506005676,5.149999923128558,True
14,29,2.0,1.5,1.6525848092379822,0.15258480923798223,1.5112208970047185,0.3022441794009436,14.137166941154069,14.137166941154069,13.847155892116547,3.3772067457537682,134.76722873193742,344.82537661552254,750.0000000000001,3022.441794009441,1511220.8970047205,689.6507532310451,5.117347590509667,True
15,0,2.0,0.01,0.7176819966223635,0.7076819966223635,1.6178179523413303,0.323563590468266,0.0006283185307179586,0.0006283185307179586,91.85232644377315,560937393461.158,111.23820476363873,111.2459401090078,47.43537237919713,3235.635904682659,1617817.9523413295,222.4918802180156,2.0001390771342544,True
15,1,2.0,0.06137931034482759,0.7202325096899396,0.658853199345112,1.6178179523413303,0.323563590468266,0.023671396346335083,0.023671396346335083,87.8052307673965,3747256.7509061643,114.95663928613082,114.95045033357917,285.7815996295488,3235.6359046826606,1617817.9523413302,229.90090066715834,1.9998923254439225,True
15,2,2.0,0.11275862068965517,0.7264172043775503,0.6136585836878952,1.6178179523413303,0.323563590468266,0.0798876006791208,0.0798876006791208,83.86992753774364,78076.1275779416,118.83059719766042,118.82292948777175,514.2752420641409,3235.635904682659,1617817.9523413295,237.6458589755435,1.9998709472127634,True
15,3,2.0,0.16413793103448276,0.7361444889966526,0.5720065579621698,1.6178179523413303,0.323563590468266,0.16927693152907516,0.16927693152907516,80.06070300198579,7694.925250968626,122.84669302708225,122.85542520632603,731.8244006427863,3235.6359046826597,1617817.9523413298,245.71085041265206,2.000142163847127,True
15,4,2.0,0.21551724137931036,0.7492764040109698,0.5337591626316595,1.6178179523413303,0.323563590468266,0.29183938889619815,0.29183938889619815,68.32540638504723,2360.837044318327,113.58531164044936,137.4290918418258,750.0,3235.6359046826597,1617817.9523413298,274.8581836836516,2.4198391474569028,True
15,5,2.0,0.26689655172413795,0.7656377848552784,0.4987412331311405,1.6178179523413303,0.323563590468266,0.44757497278048974,0.44757497278048974,59.34945257962574,996.9079958569924,106.90444079128433,151.46138553098243,749.9999999999999,3235.6359046826606,1617817.9523413302,302.92277106196485,2.8335845435399483,True
15,6,2.0,0.3182758620689655,0.7850267337177794,0.4667508716488139,1.6178179523413303,0.323563590468266,0.6364836831819498,0.6364836831819498,52.57645241187822,500.51669159906646,102.59691533850521,164.35329533336179,750.0000000000002,3235.63590468266,1617817.95234133,328.70659066672357,3.2038642641662163,True
15,7,2.0,0.36965517241379314,0.8072251202534106,0.4375699478396175,1.6178179523413303,0.323563590468266,0.8585655201005787,0.8585655201005787,47.236304265616525,283.264927790549,99.8167949710987,176.3720506491468,749.9999999999998,3235.6359046826587,1617817.9523413293,352.7441012982936,3.5339153235728347,True
15,8,2.0,0.4210344827586207,0.832008103294482,0.41097362053586134,1.6178179523413303,0.323563590468266,1.113820483536376,1.113820483536376,42.89421277079005,174.94268489116075,98.09392914898712,187.68157360695875,750.0000000000002,3235.6359046826606,1617817.9523413302,375.3631472139175,3.8265685804450555,True
15,9,2.0,0.4724137931034483,0.8591520471896984,0.3867382540862501,1.6178179523413303,0.323563590468266,1.402248573489342,1.402248573489342,39.28238457337049,115.43385531783441,97.14323680531946,198.3893580007873,750.0000000000002,3235.6359046826583,1617817.952341329,396.7787160015746,4.084470819072475,True
15,10,2.0,0.5237931034482759,0.8884405796089226,0.36464747616064674,1.6178179523413303,0.323563590468266,1.7238497899594767,1.7238497899594767,36.22490703209464,80.2011772593746,96.78023115659516,208.56999909166254,750.0000000000001,3235.6359046826574,1617817.9523413286,417.1399981833251,4.310177741861064,True
15,11,2.0,0.5751724137931035,0.9196688283640189,0.3444964145709154,1.6178179523413303,0.323563590468266,2.07862413294678,2.07862413294678,33.600356900573416,58.06473969620848,96.87929400615344,218.27798560426305,750.0000000000001,3235.6359046826597,1617817.9523413298,436.5559712085261,4.506184481286554,True
15,12,2.0,0.626551724137931,0.9526460577234738,0.32609433358554274,1.6178179523413303,0.323563590468266,2.4665716024512516,2.4665716024512516,31.321584421025477,43.46976375650326,97.3513004544663,227.55504948108964,750.0000000000001,3235.635904682659,1617817.9523413295,455.1100989621793,4.67492572608258,True
15,13,2.0,0.6779310344827586,0.9871970096139501,0.3092659751311915,1.6178179523413303,0.323563590468266,2.887692198472892,2.887692198472892,29.324044839744484,33.456160400378465,98.1308232566349,236.4345571937225,749.9999999999999,3235.63590468266,1617817.95234133,472.869114387445,4.818762328639417,True
15,14,2.0,0.7293103448275863,1.0231622683369412,0.29385192350935496,1.6178179523413303,0.323563590468266,3.3419859210117013,3.3419859210117013,27.55869469578006,26.352670684760437,99.16842685860614,244.944209494601,750.0000000000001,3235.635904682658,1617817.9523413288,489.888418989202,4.939963600387475,True
15,15,2.0,0.7806896551724138,1.060397937554145,0.2797082823817312,1.6178179523413303,0.323563590468266,3.829452770067679,3.829452770067679,25.98747068348752,21.168795828659256,100.42582470644186,253.10773823480363,750.0000000000001,3235.6359046826574,1617817.9523413286,506.21547646960727,5.040690260192963,True
15,16,2.0,0.8320689655172414,1.0987748685025494,0.26670590298530794,1.6178179523413303,0.323563590468266,4.350092745640825,4.350092745640825,24.58030194906889,17.292748305709743,101.87272514361024,260.9459928331322,750.0000000000003,3235.6359046826615,1617817.9523413307,521.8919856662644,5.122980512502752,True
15,17,2.0,0.883448275862069,1.1381776242746668,0.25472934841259787,1.6178179523413303,0.323563590468266,4.90390584773114,4.90390584773114,23.31307120423345,14.332971061992234,103.48471329533419,268.47764822349075,749.9999999999999,3235.635904682661,1617817.9523413305,536.9552964469815,5.188740243349461,True
15,18,2.0,0.9348275862068965,1.1785033153153515,0.24367572910845492,1.6178179523413303,0.323563590468266,5.490892076338623,5.490892076338623,22.166184246841006,12.030983972144247,105.24179026753646,275.71967473195457,750.0000000000002,3235.6359046826615,1617817.9523413307,551.4393494639091,5.239737447092912,True
15,19,2.0,0.9862068965517242,1.2196603998991054,0.23345350334738113,1.6178179523413303,0.323563590468266,6.1110514314632765,6.1110514314632765,21.123541959559734,10.211459820598785,107.1273416397821,282.68765656729073,750.0,3235.6359046826533,1617817.9523413267,565.3753131345815,5.277600512441237,True
15,20,2.0,1.0375862068965518,1.2615675110820808,0.22398130418552897,1.6178179523413303,0.323563590468266,6.764383913105096,6.764383913105096,20.171785955169003,8.752585549595908,109.12739350212198,289.39601314491523,750.0000000000003,3235.6359046826633,1617817.9523413316,578.7920262898305,5.303819762528974,True
15,21,2.0,1.0889655172413792,1.3041523477020032,0.21518683046062392,1.6178179523413303,0.323563590468266,7.450889521264084,7.450889521264084,19.29973483035392,7.567901682036333,111.23006544612329,295.85815748880947,749.9999999999999,3235.635904682658,1617817.9523413288,591.7163149776189,5.3197515672076054,True
15,22,2.0,1.140344827586207,1.347350650008556,0.207005822422349,1.6178179523413303,0.323563590468266,8.170568255940244,8.170568255940244,18.49795606106871,6.594857468813926,113.42516119689557,302.08661349385426,750.0000000000001,3235.635904682658,1617817.9523413288,604.1732269877085,5.326624362815934,True
15,23,2.0,1.1917241379310346,1.3911052689150918,0.1993811309840572,1.6178179523413303,0.323563590468266,8.923420117133572,8.923420117133572,17.758436274999912,5.787414355167394,115.70385720954472,308.093105978119,750.0,3235.635904682666,1617817.952341333,616.186211956238,5.325545982795526,True
15,24,2.0,1.243103448275862,1.4353653302874503,0.19226188201158823,1.6178179523413303,0.323563590468266,9.709445104844063,9.709445104844063,17.07432409013656,5.111156096283317,118.05846217455677,313.8886324703388,750.0000000000001,3235.6359046826524,1617817.9523413263,627.7772649406776,5.317511793542337,True
15,25,2.0,1.2944827586206897,1.480085490991008,0.1856027323703182,1.6178179523413303,0.323563590468266,10.52864321907173,10.52864321907173,16.43972729325689,4.539988949662151,120.48222865896047,319.4835224980377,750.0000000000003,3235.635904682653,1617817.9523413265,638.9670449960754,5.303413226233961,True
15,26,2.0,1.3458620689655172,1.52522528072282,0.17936321175730274,1.6178179523413303,0.323563590468266,11.38101445981656,11.38101445981656,15.849551262411854,4.05387290426586,122.96920364728385,324.8874881061093,749.9999999999999,3235.6359046826647,1617817.9523413323,649.7749762122186,5.284046386735878,True
15,27,2.0,1.3972413793103449,1.5707485223080546,0.17350714299770975,1.6178179523413303,0.323563590468266,12.266558827078562,12.266558827078562,15.2993690750339,3.637234960347594,125.51410851088156,330.10966802960183,749.9999999999999,3235.6359046826597,1617817.9523413298,660.2193360592037,5.260120506707541,True
15,28,2.0,1.4486206896551725,1.6166228226685684,0.16800213301339584,1.6178179523413303,0.323563590468266,13.185276320857731,13.185276320857731,14.785316225779914,3.277841932415594,128.11224153315678,335.1586671055315,750.0000000000002,3235.635904682649,1617817.9523413246,670.317334211063,5.232266067544981,True
15,29,2.0,1.5,1.662819126747062,0.162819126747062,1.6178179523413303,0.323563590468266,14.137166941154069,14.137166941154069,14.304004648383966,2.9659880977991504,130.75939793802988,340.04259196951426,749.9999999999998,3235.6359046826647,1617817.9523413323,680.0851839390285,5.201042484620018,True
16,0,2.0,0.01,0.7409442251799971,0.7309442251799971,1.724415007677942,0.3448830015355883,0.0006283185307179586,0.0006283185307179586,93.36874233922546,525374510928.6169,109.93033876306586,109.92435202211412,47.45466577090077,3448.8300153558826,1724415.0076779414,219.84870404422824,1.999891081187976,True
16,1,2.0,0.06137931034482759,0.7434149343172983,0.6820356239724708,1.724415007677942,0.3448830015355883,0.023671396346335083,0.023671396346335083,89.36152450920208,3492952.889834157,113.50078319372179,113.49423071870972,285.9408632453092,3448.830015355884,1724415.007677942,226.98846143741943,1.9998845386819775,True
16,2,2.0,0.11275862068965517,0.7494083341993334,0.6366497135096783,1.724415007677942,0.3448830015355883,0.0798876006791208,0.0798876006791208,85.46417030650487,72411.41146409822,117.22813693650865,117.22005948757463,514.7276624853841,3448.830015355883,1724415.0076779416,234.44011897514926,1.9998621926587745,True
16,3,2.0,0.16413793103448276,0.7588409617514509,0.5947030307169681,1.724415007677942,0.3448830015355883,0.16927693152907516,0.16927693152907516,81.68372276015333,7101.33354997197,121.09243318132253,121.10102414682164,732.7232775280845,3448.8300153558835,1724415.0076779418,242.2020482936433,2.000141891037671,True
16,4,2.0,0.21551724137931036,0.7715866938713589,0.5560694524920485,1.724415007677942,0.3448830015355883,0.29183938889619815,0.29183938889619815,69.73873586341996,2175.1971318775563,111.7876018734233,135.47433773171272,750.0000000000003,3448.830015355883,1724415.0076779416,270.94867546342545,2.423781089518493,True
16,5,2.0,0.26689655172413795,0.7874846755015755,0.5205881237774376,1.724415007677942,0.3448830015355883,0.44757497278048974,0.44757497278048974,60.63539461336813,914.9916192895962,105.11521794441657,149.25954347500848,750.0,3448.830015355883,1724415.0076779416,298.51908695001697,2.839922637156778,True
16,6,2.0,0.3182758620689655,0.8063484787629536,0.48807261669398805,1.724415007677942,0.3448830015355883,0.6364836831819498,0.6364836831819498,53.763920607322724,457.7411496433862,100.79042532653982,161.92045220686762,749.9999999999998,3448.830015355883,1724415.0076779416,323.84090441373525,3.213012578968277,True
16,7,2.0,0.36965517241379314,0.827975417098755,0.45832024468496185,1.724415007677942,0.3448830015355883,0.8585655201005787,0.8585655201005787,48.3433440315435,258.1961119421624,97.9766059391229,173.72352534729768,750.0,3448.830015355883,1724415.0076779416,347.44705069459536,3.546224604988656,True
16,8,2.0,0.4210344827586207,0.8521551387508061,0.43112065599218535,1.724415007677942,0.3448830015355883,1.113820483536376,1.113820483536376,43.933028708800116,158.97396911726946,96.20872875490628,184.83248856918786,750.0,3448.830015355883,1724415.0076779416,369.6649771383757,3.842322644966081,True
16,9,2.0,0.4724137931034483,0.8786769239839942,0.40626313088054594,1.724415007677942,0.3448830015355883,1.402248573489342,1.402248573489342,40.26178102305869,104.60504799499951,95.20476847794471,195.35473620545156,750.0,3448.830015355885,1724415.0076779425,390.7094724109031,4.103885537008742,True
16,10,2.0,0.5237931034482759,0.9073354176089251,0.3835423141606492,1.724415007677942,0.3448830015355883,1.7238497899594767,1.7238497899594767,37.151582338565895,72.49375549599444,94.78217724963392,205.36467072121684,749.9999999999999,3448.8300153558803,1724415.0076779402,410.7293414424337,4.3334026856195695,True
16,11,2.0,0.5751724137931035,0.9379347794042885,0.362762365611185,1.724415007677942,0.3448830015355883,2.07862413294678,2.07862413294678,34.47963422522402,52.364558387732096,94.81662797589964,214.91643452725572,750.0000000000001,3448.830015355883,1724415.0076779416,429.83286905451143,4.533306849551386,True
16,12,2.0,0.626551724137931,0.9702914035730711,0.34373967943514006,1.724415007677942,0.3448830015355883,2.4665716024512516,2.4665716024512516,32.15784448567116,39.12140551761716,95.21989154516055,224.05126039887347,749.9999999999998,3448.8300153558826,1724415.0076779414,448.10252079774693,4.7059759628608955,True
16,13,2.0,0.6779310344827586,1.0042354466669903,0.3263044121842317,1.724415007677942,0.3448830015355883,2.887692198472892,2.887692198472892,30.120992423051245,30.053460772702024,95.92718583451864,232.80188972179027,750.0,3448.830015355883,1724415.0076779416,465.60377944358055,4.853720823696224,True
16,14,2.0,0.7293103448275863,1.0396114292850571,0.31030108445747084,1.724415007677942,0.3448830015355883,3.3419859210117013,3.3419859210117013,28.31952869175653,23.632796968189957,96.88955650100216,241.1953075672155,750.0000000000001,3448.8300153558857,1724415.007677943,482.390615134431,4.978767914263716,True
16,15,2.0,0.7806896551724138,1.0762781622428323,0.2955885070704185,1.724415007677942,0.3448830015355883,3.829452770067679,3.829452770067679,26.7149964766695,18.955346117102124,98.06908811208339,249.25447422662677,749.9999999999999,3448.8300153558835,1724415.0076779418,498.50894845325354,5.083242416647195,True
16,16,2.0,0.8320689655172414,1.1141082120712147,0.2820392465539733,1.724415007677942,0.3448830015355883,4.350092745640825,4.350092745640825,25.27700838139265,15.463584959831039,99.4357842837929,256.999441724366,750.0,3448.8300153558857,1724415.007677943,513.998883448732,5.169154013828289,True
16,17,2.0,0.883448275862069,1.152987077530034,0.26953880166796496,1.724415007677942,0.3448830015355883,4.90390584773114,4.90390584773114,23.981185275472775,12.801227239652171,100.96547177869755,264.4480857760183,750.0,3448.8300153558857,1724415.007677943,528.8961715520365,5.238386571513322,True
16,18,2.0,0.9348275862068965,1.1928122068293059,0.25798462062240934,1.724415007677942,0.3448830015355883,5.490892076338623,5.490892076338623,22.80771146343674,10.73341849573734,102.63835435471154,271.6165936953983,749.9999999999998,3448.830015355879,1724415.0076779395,543.2331873907966,5.292691906511067,True
16,19,2.0,0.9862068965517242,1.2334919487510931,0.24728505219936892,1.724415007677942,0.3448830015355883,6.1110514314632765,6.1110514314632765,21.7402971830572,9.101079203975058,104.43799107015909,278.51979563943615,750.0000000000001,3448.8300153558916,1724415.0076779458,557.0395912788723,5.333687344719851,True
16,20,2.0,1.0375862068965518,1.2749445013684164,0.23735829447186463,1.724415007677942,0.3448830015355883,6.764383913105096,6.764383913105096,20.765417773291283,7.793832663953447,106.35055900019202,285.171394344936,750.0000000000002,3448.830015355881,1724415.0076779407,570.342788689872,5.362856519530304,True
16,21,2.0,1.0889655172413792,1.3170968994604653,0.22813138221908602,1.724415007677942,0.3448830015355883,7.450889521264084,7.450889521264084,19.87174536715357,6.733436908962763,108.36431085953177,291.58412853989745,749.9999999999998,3448.830015355888,1724415.007677944,583.1682570797949,5.381552768196276,True
16,22,2.0,1.140344827586207,1.3598840651431292,0.21953923755692228,1.724415007677942,0.3448830015355883,8.170568255940244,8.170568255940244,19.049717464611053,5.86335557999318,110.46916891622381,297.7698926491114,749.9999999999999,3448.8300153558944,1724415.0076779472,595.5397852982228,5.391004486961069,True
16,23,2.0,1.1917241379310346,1.4032479345272715,0.21152379659623688,1.724415007677942,0.3448830015355883,8.923420117133572,8.923420117133572,18.291204700857097,5.142025448612223,112.65641597231301,303.73982742204754,750.0000000000002,3448.8300153558876,1724415.0076779437,607.4796548440951,5.392321862905636,True
16,24,2.0,1.243103448275862,1.4471366652610682,0.20403321698520616,1.724415007677942,0.3448830015355883,9.709445104844063,9.709445104844063,17.589251735450876,4.538410431933031,114.91845665079774,309.50439098552164,749.9999999999999,3448.8300153558866,1724415.0076779432,619.0087819710433,5.386504483366173,True
16,25,2.0,1.2944827586206897,1.4915039246323882,0.1970211660116985,1.724415007677942,0.3448830015355883,10.52864321907173,10.52864321907173,16.93787286861715,4.029004539390305,117.24863040860627,315.07341651679985,750.0000000000002,3448.830015355889,1724415.0076779444,630.1468330335997,5.374449414356193,True
16,26,2.0,1.3458620689655172,1.5363082547157418,0.19044618575022465,1.724415007677942,0.3448830015355883,11.38101445981656,11.38101445981656,16.331889180583367,3.5957733935790293,119.64106316619458,320.4561605903496,750.0,3448.8300153558844,1724415.0076779423,640.9123211806992,5.356959426968662,True
16,27,2.0,1.3972413793103449,1.5815125092406512,0.18427112993030637,1.724415007677942,0.3448830015355883,12.266558827078562,12.266558827078562,15.76679756432704,3.2247160288697754,122.09054816572286,325.66134485943036,750.0,3448.8300153558694,1724415.0076779346,651.3226897188607,5.33475112942216,True
16,28,2.0,1.4486206896551725,1.62708335598537,0.17846266633019736,1.724415007677942,0.3448830015355883,13.185276320857731,13.185276320857731,15.23866452781823,2.904844195991683,124.59244924054867,330.697192827685,750.0000000000003,3448.8300153558766,1724415.0076779383,661.39438565537,5.308462829705084,True
16,29,2.0,1.5,1.672990838237791,0.17299083823779093,1.724415007677942,0.3448830015355883,14.137166941154069,14.137166941154069,14.744039426781038,2.627447458018847,127.14262148019887,335.5714628756921,750.0,3448.830015355888,1724415.007677944,671.1429257513842,5.278662009150941,True
17,0,2.0,0.01,0.7634980297154083,0.7534980297154082,1.8310120630145539,0.3662024126029107,0.0006283185307179586,0.0006283185307179586,94.79907598459448,494377409629.56537,108.71528002466913,108.7089553764198,47.4554644010707,3662.024126029107,1831012.0630145534,217.4179107528396,1.9998836474827109,True
17,1,2.0,0.06137931034482759,0.7658959858347066,0.7045166754898791,1.8310120630145539,0.3662024126029107,0.023671396346335083,0.023671396346335083,90.83469031203192,3271809.776405219,112.15949298146874,112.15258742411189,286.01864666353043,3662.0241260291077,1831012.0630145539,224.30517484822377,1.9998768618300014,True
17,2,2.0,0.11275862068965517,0.7717148099648885,0.6589561892752334,1.8310120630145539,0.3662024126029107,0.0798876006791208,0.0798876006791208,86.96637645631816,67536.38891121528,115.7463970438005,115.7525324760747,514.9393777199797,3662.0241260291073,1831012.0630145536,231.5050649521494,2.0001060150886922,True
17,3,2.0,0.16413793103448276,0.7808780325912563,0.6167401015567735,1.8310120630145539,0.3662024126029107,0.16927693152907516,0.16927693152907516,83.21943961026327,6591.4787234929345,119.48233045573913,119.49086886661533,733.3587551406912,3662.024126029106,1831012.063014553,238.98173773323066,2.000142923407062,True
17,4,2.0,0.21551724137931036,0.7932697666689803,0.5777525252896699,1.8310120630145539,0.3662024126029107,0.29183938889619815,0.29183938889619815,71.08541087941781,2014.9904535375751,110.15699241032685,133.66774026857595,750.0000000000001,3662.0241260291073,1831012.0630145536,267.3354805371519,2.426858928222609,True
17,5,2.0,0.26689655172413795,0.8087416217195366,0.5418450699953986,1.8310120630145539,0.3662024126029107,0.44757497278048974,0.44757497278048974,61.860958274945936,844.6083609335091,103.4940145118778,147.2255427950646,750.0000000000002,3662.024126029106,1831012.063014553,294.4510855901292,2.8451025595913633,True
17,6,2.0,0.3182758620689655,0.8271207685429339,0.5088449064739684,1.8310120630145539,0.3662024126029107,0.6364836831819498,0.6364836831819498,54.89609164986913,421.13174256444836,99.15484075500356,159.67346096597672,750.0000000000003,3662.024126029107,1831012.0630145534,319.34692193195343,3.220689171605961,True
17,7,2.0,0.36965517241379314,0.8482182430669489,0.4785630706531558,1.8310120630145539,0.3662024126029107,0.8585655201005787,0.8585655201005787,49.399409657322494,236.81511360518067,96.31139725473261,171.27714590206062,749.9999999999998,3662.0241260291077,1831012.0630145539,342.55429180412125,3.5567368096436645,True
17,8,2.0,0.4210344827586207,0.8718367261426475,0.4508022433840268,1.8310120630145539,0.3662024126029107,1.113820483536376,1.113820483536376,44.924656262441324,145.39569341963667,94.50335553077682,182.20010337973767,750.0000000000001,3662.024126029108,1831012.063014554,364.40020675947534,3.8559499259346564,True
17,9,2.0,0.4724137931034483,0.8977772737676635,0.4253634806642152,1.8310120630145539,0.3662024126029107,1.402248573489342,1.402248573489342,41.19735913485873,95.4216810182826,93.45150737863429,192.549645165858,750.0,3662.0241260291045,1831012.0630145522,385.099290331716,4.120846213549262,True
17,10,2.0,0.5237931034482759,0.9258447259661237,0.40205162251784776,1.8310120630145539,0.3662024126029107,1.7238497899594767,1.7238497899594767,38.037466519676265,65.97258921897125,92.9751013921478,202.40003850020523,750.0,3662.0241260291086,1831012.0630145543,404.80007700041045,4.3538546442994015,True
17,11,2.0,0.5751724137931035,0.9558517390097147,0.3806793252166112,1.8310120630145539,0.3662024126029107,2.07862413294678,2.07862413294678,35.32085295821614,47.55140070108632,92.95101395202825,211.80516962926023,750.0000000000001,3662.024126029109,1831012.0630145546,423.61033925852047,4.557350385409938,True
17,12,2.0,0.626551724137931,0.9876215390520422,0.36106981491411116,1.8310120630145539,0.3662024126029107,2.4665716024512516,2.4665716024512516,32.95851901403866,35.456137087368255,93.29185637406134,220.805884442017,750.0000000000001,3662.0241260291045,1831012.0630145522,441.611768884034,4.733658285385119,True
17,13,2.0,0.6779310344827586,1.0209895831467497,0.3430585486639911,1.8310120630145539,0.3662024126029107,2.887692198472892,2.887692198472892,30.88459614215875,27.189667108594957,93.93345558464627,229.43442378340052,750.0,3662.0241260291064,1831012.0630145532,458.86884756680104,4.885041700113976,True
17,14,2.0,0.7293103448275863,1.055804347619313,0.3264940027917268,1.8310120630145539,0.3662024126029107,3.3419859210117013,3.3419859210117013,29.049052990624467,21.346726901752266,94.8273139771184,237.7171857904319,750.0000000000001,3662.0241260291027,1831012.0630145513,475.4343715808638,5.013685948075941,True
17,15,2.0,0.7806896551724138,1.0919274605359701,0.3112378053635563,1.8310120630145539,0.3662024126029107,3.829452770067679,3.829452770067679,27.413060299454912,17.097086868881586,95.93586974271867,245.67648618180687,750.0,3662.0241260291045,1831012.0630145522,491.35297236361373,5.121681532479215,True
17,16,2.0,0.8320689655172414,1.1292333703695807,0.2971644048523393,1.8310120630145539,0.3662024126029107,4.350092745640825,4.350092745640825,25.945933052610574,13.92950558870515,97.22940846618881,253.33170078413477,750.0000000000001,3662.0241260291027,1831012.0630145513,506.66340156826953,5.211009812370297,True
17,17,2.0,0.883448275862069,1.1676087090729381,0.28416043321086915,1.8310120630145539,0.3662024126029107,4.90390584773114,4.90390584773114,24.623047386567304,11.517732320811119,98.68398777140732,260.70001904988703,750.0,3662.024126029104,1831012.063014552,521.4000380997741,5.283532312329645,True
17,18,2.0,0.9348275862068965,1.2069514726420127,0.2721238864351162,1.8310120630145539,0.3662024126029107,5.490892076338623,5.490892076338623,23.424381585219766,9.647001962967181,100.28000483632692,267.7969487334778,749.9999999999999,3662.024126029102,1831012.0630145508,535.5938974669556,5.3409839612705525,True
17,19,2.0,0.9862068965517242,1.247170110364057,0.2609632138123327,1.8310120630145539,0.3662024126029107,6.1110514314632765,6.1110514314632765,22.33346919790833,8.172031646146642,102.00118394101116,274.6366594718672,750.0,3662.024126029101,1831012.0630145504,549.2733189437344,5.384970033890856,True
17,20,2.0,1.0375862068965518,1.28818258726055,0.2505963803639981,1.8310120630145539,0.3662024126029107,6.764383913105096,6.764383913105096,21.336631833896316,6.992143215948628,103.83384554344224,281.2322210755806,750.0,3662.0241260291086,1831012.0630145543,562.4644421511612,5.416966300413443,True
17,21,2.0,1.0889655172413792,1.3299154631479757,0.24094994590659646,1.8310120630145539,0.3662024126029107,7.450889521264084,7.450889521264084,20.422406397365847,6.036055058561848,105.76636836043592,287.5957724377618,750.0,3662.024126029106,1831012.063014553,575.1915448755236,5.438321782169519,True
17,22,2.0,1.140344827586207,1.37230301580297,0.23195818821676317,1.8310120630145539,0.3662024126029107,8.170568255940244,8.170568255940244,19.5811104435579,5.2523193001880255,107.78878647357475,293.73864436518807,750.0,3662.024126029108,1831012.063014554,587.4772887303761,5.450263500966315,True
17,23,2.0,1.1917241379310346,1.4152864241229681,0.22356228619193352,1.8310120630145539,0.3662024126029107,8.923420117133572,8.923420117133572,18.804507549946447,4.603155045876443,109.89248265068419,299.6714515527861,749.9999999999999,3662.0241260291077,1831012.0630145539,599.3429031055722,5.4539026569333835,True
17,24,2.0,1.243103448275862,1.4588130190311057,0.21570957075524366,1.8310120630145539,0.3662024126029107,9.709445104844063,9.709445104844063,18.085546361705205,4.06038013011802,112.06995139468127,305.40416369259225,749.9999999999999,3662.0241260291114,1831012.0630145557,610.8083273851845,5.450241744409045,True
17,25,2.0,1.2944827586206897,1.5028356043644764,0.20835284574378665,1.8310120630145539,0.3662024126029107,10.52864321907173,10.52864321907173,17.418154747626073,3.6026714138790084,114.31461331956234,310.9461623002631,750.0000000000002,3662.0241260291127,1831012.0630145564,621.8923246005262,5.440182200171109,True
17,26,2.0,1.3458620689655172,1.5473118464160525,0.20144977745053527,1.8310120630145539,0.3662024126029107,11.38101445981656,11.38101445981656,16.797075752175026,3.2136848749804265,116.62066786363313,316.30628761106215,750.0000000000002,3662.0241260291164,1831012.0630145583,632.6125752221243,5.424532261827301,True
17,27,2.0,1.3972413793103449,1.592203728621556,0.19496234931121115,1.8310120630145539,0.3662024126029107,12.266558827078562,12.266558827078562,16.217735641542912,2.8807433972549883,118.98297503169911,321.49287843142423,749.9999999999998,3662.0241260291205,1831012.0630145601,642.9857568628485,5.404014790280256,True
17,28,2.0,1.4486206896551725,1.637477066671878,0.18885637701670555,1.8310120630145539,0.3662024126029107,13.185276320857731,13.185276320857731,15.676136871131783,2.593906336897495,121.39695940251538,326.51380686694097,750.0,3662.0241260290913,1831012.0630145457,653.0276137338819,5.379274875976432,True
17,29,2.0,1.5,1.6831010787767058,0.18310107877670578,1.8310120630145539,0.3662024126029107,14.137166941154069,14.137166941154069,15.168770602118881,2.345300197483144,123.85853142197192,331.3765092111227,750.0000000000001,3662.024126029099,1831012.0630145494,662.7530184222454,5.350887103322107,True
18,0,2.0,0.01,0.785404442265916,0.775404442265916,1.9376091183511657,0.387521823670233,0.0006283185307179586,0.0006283185307179586,96.15777147773531,467022146746.6423,107.58806490461168,107.5814109569291,47.44611257711569,3875.2182367023297,1937609.1183511647,215.1628219138582,1.9998763069548935,True
18,1,2.0,0.06137931034482759,0.787735715623864,0.7263564052790364,1.9376091183511657,0.387521823670233,0.023671396346335083,0.023671396346335083,92.23320895327315,3077837.8079716656,110.91796992267408,110.91072111182801,286.0269872010991,3875.21823670233,1937609.118351165,221.82144222365602,1.9998692942027136,True
18,2,2.0,0.11275862068965517,0.7933943814212879,0.6806357607316328,1.9376091183511657,0.387521823670233,0.0798876006791208,0.0798876006791208,88.39756940014632,63267.69923017591,114.38495646607153,114.3913866253748,515.081295382525,3875.218236702331,1937609.1183511654,228.7827732507496,2.0001124301569355,True
18,3,2.0,0.16413793103448276,0.8023100387850792,0.6381721077505964,1.9376091183511657,0.387521823670233,0.16927693152907516,0.16927693152907516,84.68291645280989,6147.50338020249,118.00574830061298,117.99956685256579,733.8763452490531,3875.2182367023297,1937609.1183511647,235.99913370513158,1.9998952347976906,True
18,4,2.0,0.21551724137931036,0.8143757236452855,0.5988584822659752,1.9376091183511657,0.387521823670233,0.29183938889619815,0.29183938889619815,72.37217996619965,1875.4620780434072,108.66986233904146,131.99024941774633,749.9999999999999,3875.2182367023297,1937609.1183511647,263.98049883549265,2.429196956299569,True
18,5,2.0,0.26689655172413795,0.8294539813957553,0.5625574296716174,1.9376091183511657,0.387521823670233,0.44757497278048974,0.44757497278048974,63.03220682857947,783.5593535756825,102.01689281921794,145.337785925016,750.0,3875.2182367023306,1937609.1183511652,290.675571850032,2.8492886209064636,True
18,6,2.0,0.3182758620689655,0.8473840111229252,0.5291081490539596,1.9376091183511657,0.387521823670233,0.6364836831819498,0.6364836831819498,55.97845852513703,389.4932537275393,97.66568236505334,157.58845702738552,750.0000000000001,3875.2182367023292,1937609.1183511647,315.17691405477103,3.227099902673156,True
18,7,2.0,0.36965517241379314,0.8679891038620852,0.498333931448292,1.9376091183511657,0.387521823670233,0.8585655201005787,0.8585655201005787,50.4095008836038,218.39709732696815,94.79602177314919,169.00707025639792,749.9999999999999,3875.2182367023306,1937609.1183511652,338.01414051279585,3.565699637920225,True
18,8,2.0,0.4210344827586207,0.8910837074051202,0.4700492246464995,1.9376091183511657,0.387521823670233,1.113820483536376,1.113820483536376,45.87366078397949,133.73251095361178,92.95191865736342,179.75688709171752,750.0000000000001,3875.2182367023306,1937609.1183511652,359.51377418343503,3.867739142735331,True
18,9,2.0,0.4724137931034483,0.9164796396240465,0.4440658465205983,1.9376091183511657,0.387521823670233,1.402248573489342,1.402248573489342,42.09329889264918,87.55334040103932,91.85677006991715,189.94514251975843,749.9999999999999,3875.218236702331,1937609.1183511654,379.89028503951687,4.135680851290132,True
18,10,2.0,0.5237931034482759,0.9439911827718577,0.4201980793235818,1.9376091183511657,0.387521823670233,1.7238497899594767,1.7238497899594767,38.88639694356525,60.39751097180448,91.33149290970016,199.6460072042819,749.9999999999999,3875.2182367023315,1937609.1183511657,399.2920144085638,4.371898473217179,True
18,11,2.0,0.5751724137931035,0.9734389778099187,0.39826656401681526,1.9376091183511657,0.387521823670233,2.07862413294678,2.07862413294678,36.12754585830666,43.444439784482825,91.2540869174441,208.91317757992746,750.0000000000001,3875.218236702331,1937609.1183511654,417.8263551598549,4.578713888593886,True
18,12,2.0,0.626551724137931,1.00465277631192,0.3781010521739889,1.9376091183511657,0.387521823670233,2.4665716024512516,2.4665716024512516,33.72687008893389,32.33389418624498,91.5379522964173,217.78719891051273,749.9999999999999,3875.218236702332,1937609.118351166,435.57439782102546,4.758402246213163,True
18,13,2.0,0.6779310344827586,1.037473192639645,0.3595421581568864,1.9376091183511657,0.387521823670233,2.887692198472892,2.887692198472892,31.617877625191205,24.75373517866655,92.11949083357838,226.2999098387898,750.0000000000003,3875.2182367023292,1937609.1183511647,452.5998196775796,4.91318195076913,True
18,14,2.0,0.7293103448275863,1.071752637973692,0.34244229314610564,1.9376091183511657,0.387521823670233,3.3419859210117013,3.3419859210117013,29.75007554927468,19.40469931134357,92.95063812028798,234.47722529813842,749.9999999999999,3875.2182367023315,1937609.1183511657,468.95445059627684,5.045198828967695,True
18,15,2.0,0.7806896551724138,1.1073556229252899,0.32666596775287604,1.9376091183511657,0.387521823670233,3.829452770067679,3.829452770067679,28.084280053459047,15.52026110578142,93.9941690081518,242.34092040724036,750.0000000000002,3875.21823670233,1937609.118351165,484.6818408144807,5.156509663620154,True
18,16,2.0,0.8320689655172414,1.1441585997176995,0.3120896342004581,1.9376091183511657,0.387521823670233,4.350092745640825,4.350092745640825,26.589524542836948,12.629047249173823,95.22063816522278,249.90979536744985,750.0,3875.2182367023292,1937609.1183511647,499.8195907348997,5.2490678529966805,True
18,17,2.0,0.883448275862069,1.1820494888348358,0.29860121297276687,1.9376091183511657,0.387521823670233,4.90390584773114,4.90390584773114,25.240954942565583,10.430642443139167,96.60632374100884,257.2004481854081,750.0000000000002,3875.2182367023315,1937609.1183511657,514.4008963708162,5.324712466544837,True
18,18,2.0,0.9348275862068965,1.2209270059526274,0.28609941974573083,1.9376091183511657,0.387521823670233,5.490892076338623,5.490892076338623,24.018356693779246,8.727537883920823,98.13180761848183,264.22779477257046,750.0,3875.2182367023324,1937609.1183511661,528.4555895451409,5.385161064184996,True
18,19,2.0,0.9862068965517242,1.2606998773448095,0.27449298079308526,1.9376091183511657,0.387521823670233,6.1110514314632765,6.1110514314632765,22.905098598312293,7.38628630040417,99.78097164667795,271.0054242571419,750.0000000000001,3875.218236702329,1937609.1183511645,542.0108485142838,5.432006118696973,True
18,20,2.0,1.0375862068965518,1.3012860080216833,0.26369980112513147,1.9376091183511657,0.387521823670233,6.764383913105096,6.764383913105096,21.8873593228362,6.314519344193316,101.5402727451702,277.5458457388364,750.0000000000002,3875.2182367023274,1937609.1183511638,555.0916914776728,5.4667145997406825,True
18,21,2.0,1.0889655172413792,1.3426116473767904,0.25364613013541115,1.9376091183511657,0.387521823670233,7.450889521264084,7.450889521264084,20.95355025410869,5.446912232972563,103.39820925056313,283.8606629403634,749.9999999999999,3875.218236702323,1937609.1183511615,567.7213258807268,5.490630156901241,True
18,22,2.0,1.140344827586207,1.3846105819809593,0.2442657543947524,1.9376091183511657,0.387521823670233,8.170568255940244,8.170568255940244,20.093877717763736,4.736367231745226,105.34492110428512,289.9607006110071,749.9999999999998,3875.218236702336,1937609.118351168,579.9214012220142,5.504977317776213,True
18,23,2.0,1.1917241379310346,1.4272233738481521,0.23549923591711752,1.9376091183511657,0.387521823670233,8.923420117133572,8.923420117133572,19.30000603366592,4.148333682620621,107.37188545231325,295.85609840302095,750.0000000000001,3875.2182367023343,1937609.118351167,591.7121968060419,5.510867154035749,True
18,24,2.0,1.243103448275862,1.4703966543237146,0.22729320604785253,1.9376091183511657,0.387521823670233,9.709445104844063,9.709445104844063,18.564794799311063,3.657064448356962,109.47168142013541,301.55638263597484,750.0,3875.218236702326,1937609.118351163,603.1127652719497,5.509303935483516,True
18,25,2.0,1.2944827586206897,1.5140824780365387,0.219599719415849,1.9376091183511657,0.387521823670233,10.52864321907173,10.52864321907173,17.8820916652823,3.243097197426493,111.63780583019548,307.0705228777135,750.0,3875.2182367023283,1937609.1183511643,614.141045755427,5.501192371064282,True
18,26,2.0,1.3458620689655172,1.5582377375134955,0.2123756685479783,1.9376091183511657,0.387521823670233,11.38101445981656,11.38101445981656,17.246567176494203,2.8915276838896022,113.86452698416605,312.40697796675437,749.9999999999999,3875.2182367023283,1937609.1183511643,624.8139559335087,5.487345115133136,True
18,27,2.0,1.3972413793103449,1.6028236365826745,0.2055822572723296,1.9376091183511657,0.387521823670233,12.266558827078562,12.266558827078562,16.653581903295354,2.5908055194580553,116.14676727747529,317.57373457244626,749.9999999999999,3875.2182367023292,1937609.1183511647,635.1474691448925,5.468490290629627,True
18,28,2.0,1.4486206896551725,1.6478052192016088,0.19918452954643628,1.9376091183511657,0.387521823670233,13.185276320857731,13.185276320857731,16.09907864045332,2.3318810317706227,118.48000793384067,322.5783403722285,750.0000000000003,3875.2182367023106,1937609.1183511552,645.156680744457,5.445278844889283,True
18,29,2.0,1.5,1.6931509495408361,0.19315094954083611,1.9376091183511657,0.387521823670233,14.137166941154069,14.137166941154069,15.57949426793288,2.1075920475606247,120.86021091560286,327.42793324742917,750.0000000000001,3875.218236702329,1937609.1183511645,654.8558664948583,5.418291607584126,True
19,0,2.0,0.01,0.8067162044255456,0.7967162044255456,2.0442061736877775,0.4088412347375554,0.0006283185307179586,0.0006283185307179586,97.45169761991907,442708029251.78375,106.5381751837006,106.53120018034853,47.42805424319431,4088.412347375554,2044206.173687777,213.06240036069707,1.9998690609569754,True
19,1,2.0,0.06137931034482759,0.8089860655296637,0.7476067551848361,2.0442061736877775,0.4088412347375554,0.023671396346335083,0.023671396346335083,93.5643018163391,2906392.608879481,109.76400354753672,109.75642074166444,285.9758043782679,4088.412347375553,2044206.1736877766,219.51284148332888,1.999861834378718,True
19,2,2.0,0.11275862068965517,0.8144971092782295,0.7017384885885743,2.0442061736877775,0.4088412347375554,0.0798876006791208,0.0798876006791208,89.75932510422209,59514.80600059974,113.1217636749078,113.12848179652333,515.1026153042848,4088.412347375554,2044206.173687777,226.25696359304666,2.0001187768188418,True
19,3,2.0,0.16413793103448276,0.8231842411556718,0.659046310121189,2.0442061736877775,0.4088412347375554,0.16927693152907516,0.16927693152907516,86.06970196504648,5760.773577415834,116.62988994446937,116.62361455724877,734.0975261832598,4088.4123473755535,2044206.1736877768,233.24722911449754,1.9998923880109365,True
19,4,2.0,0.21551724137931036,0.8349483312244577,0.6194310898451473,2.0442061736877775,0.4088412347375554,0.29183938889619815,0.29183938889619815,73.60478550308514,1752.9547246558293,107.30699357565862,130.42615263483228,750.0000000000001,4088.4123473755535,2044206.1736877768,260.85230526966455,2.430897526597334,True
19,5,2.0,0.26689655172413795,0.8496615819283546,0.5827650302042167,2.0442061736877775,0.4088412347375554,0.44757497278048974,0.44757497278048974,64.15430755360178,730.1610502376641,100.66440182403636,143.57845395097078,750.0000000000001,4088.412347375554,2044206.173687777,287.15690790194157,2.852616244657156,True
19,6,2.0,0.3182758620689655,0.8671738919377715,0.548898029868806,2.0442061736877775,0.4088412347375554,0.6364836831819498,0.6364836831819498,57.01571119958786,361.9140943470212,96.30307484086148,155.6457355848444,750.0000000000001,4088.4123473755526,2044206.1736877763,311.2914711696888,3.232414662606469,True
19,7,2.0,0.36965517241379314,0.8873195484012677,0.5176643759874746,2.0442061736877775,0.4088412347375554,0.8585655201005787,0.8585655201005787,51.37789506942274,202.39101193730772,93.41007068938778,166.8919361446663,749.9999999999999,4088.412347375556,2044206.173687778,333.7838722893326,3.5733178427757406,True
19,8,2.0,0.4210344827586207,0.9099236617181564,0.4888891789595357,2.0442061736877775,0.4088412347375554,1.113820483536376,1.113820483536376,46.78395582630897,123.62401116298281,91.53340925107038,177.48004927456307,750.0000000000003,4088.4123473755535,2044206.1736877768,354.96009854912614,3.877929397073946,True
19,9,2.0,0.4724137931034483,0.9348079088225272,0.4623941157190789,2.0442061736877775,0.4088412347375554,1.402248573489342,1.402248573489342,42.95319031845518,80.75006261517765,90.39890411103724,187.51723203443711,750.0000000000003,4088.412347375553,2044206.1736877766,375.03446406887423,4.148661621032687,True
19,10,2.0,0.5237931034482759,0.9617953263053085,0.4380022228570326,2.0442061736877775,0.4088412347375554,1.7238497899594767,1.7238497899594767,39.701675086630395,55.587166670301656,89.82902502551292,197.07758390228426,750.0,4088.4123473755544,2044206.1736877772,394.1551678045685,4.387837535725474,True
19,11,2.0,0.5751724137931035,0.9907140556544778,0.4155416418613743,2.0442061736877775,0.4088412347375554,2.07862413294678,2.07862413294678,36.90275696483493,39.907341103601325,89.70282192515552,206.21466037595593,750.0000000000001,4088.412347375552,2044206.173687776,412.42932075191186,4.5977296131890535,True
19,12,2.0,0.626551724137931,1.021400067311028,0.3948483431730969,2.0442061736877775,0.4088412347375554,2.4665716024512516,2.4665716024512516,34.46571217194588,29.649211258034732,89.93443610702218,214.9687726812376,750.0000000000002,4088.412347375556,2044206.173687778,429.9375453624752,4.780566421196532,True
19,13,2.0,0.6779310344827586,1.0536989712425564,0.3757679367597978,2.0442061736877775,0.4088412347375554,2.887692198472892,2.887692198472892,32.32344668234077,22.66214124174736,90.4608120328406,223.37143535214213,750.0000000000003,4088.412347375556,2044206.173687778,446.74287070428426,4.938523772504941,True
19,14,2.0,0.7293103448275863,1.0874670632048087,0.3581567183772224,2.0442061736877775,0.4088412347375554,3.3419859210117013,3.3419859210117013,30.425023735647475,17.739260296426625,91.23429604928944,231.44816418689916,750.0000000000001,4088.412347375551,2044206.1736877754,462.8963283737983,5.073709651069352,True
19,15,2.0,0.7806896551724138,1.122571767049208,0.34188211187679407,2.0442061736877775,0.4088412347375554,3.829452770067679,3.829452770067679,28.73092035554104,14.169484513454675,92.2179833672309,239.22027932486435,749.9999999999999,4088.412347375553,2044206.1736877766,478.4405586497287,5.188148137489414,True
19,16,2.0,0.8320689655172414,1.1588916247258372,0.32682265920859577,2.0442061736877775,0.4088412347375554,4.350092745640825,4.350092745640825,27.209902099254858,11.516087546424838,93.38268534170803,246.70608926175555,750.0000000000001,4088.4123473755535,2044206.1736877768,493.4121785235111,5.283765151087764,True
19,17,2.0,0.883448275862069,1.1963159660417564,0.3128676901796874,2.0442061736877775,0.4088412347375554,4.90390584773114,4.90390584773114,25.836897110618125,9.501075333751388,94.70489076222184,253.92168056960912,750.0,4088.4123473755517,2044206.1736877759,507.84336113921825,5.3623773498063,True
19,18,2.0,0.9348275862068965,1.2347443664241482,0.29991678021725166,2.0442061736877775,0.4088412347375554,5.490892076338623,5.490892076338623,24.591509294466693,7.941895468397214,96.16535797450122,260.88145206297116,749.9999999999999,4088.4123473755512,2044206.1736877756,521.7629041259423,5.425684624023244,True
19,19,2.0,0.9862068965517242,1.2740859771965714,0.28787908064484713,2.0442061736877775,0.4088412347375554,6.1110514314632765,6.1110514314632765,23.4569529889536,6.715346244856162,97.74811926085295,267.59848113185427,749.9999999999997,4088.4123473755517,2044206.1736877759,535.1969622637085,5.475266085022764,True
19,20,2.0,1.0375862068965518,1.3142587915721669,0.27667258467561506,2.0442061736877775,0.4088412347375554,6.764383913105096,6.764383913105096,22.419273249850914,5.736244416506448,99.43976164328558,274.0847787143729,750.0000000000001,4088.4123473755567,2044206.1736877784,548.1695574287457,5.512579157170169,True
19,21,2.0,1.0889655172413792,1.3551888917134554,0.2662233744720761,2.0442061736877775,0.4088412347375554,7.450889521264084,7.450889521264084,21.466764387430647,4.944410168763605,101.22889729399742,280.3514697606918,750.0000000000003,4088.412347375556,2044206.173687778,560.7029395213837,5.538961250293415,True
19,22,2.0,1.140344827586207,1.396809707972197,0.25646488038599013,2.0442061736877775,0.4088412347375554,8.170568255940244,8.170568255940244,20.589529108587175,4.296499157278673,103.10576668226646,286.4089234809461,750.0000000000003,4088.41234737555,2044206.173687775,572.8178469618922,5.5556334567309245,True
19,23,2.0,1.1917241379310346,1.439061310511205,0.2473371725801703,2.0442061736877775,0.4088412347375554,8.923420117133572,8.923420117133572,19.779139318580768,3.7607451476977896,105.06193637728474,292.2668495133178,749.9999999999998,4088.412347375552,2044206.173687776,584.5336990266356,5.563705745223793,True
19,24,2.0,1.243103448275862,1.4818897454257849,0.23878629714992283,2.0442061736877775,0.4088412347375554,9.709445104844063,9.709445104844063,19.028371705636378,3.3134980631421893,107.09006550227824,297.9343707926398,750.0000000000001,4088.412347375557,2044206.1736877786,595.8687415852796,5.564183183477492,True
19,25,2.0,1.2944827586206897,1.5252464216804411,0.23076366305975138,2.0442061736877775,0.4088412347375554,10.52864321907173,10.52864321907173,18.330999198877056,2.9368967476405277,109.18372276270135,303.4200803538313,749.9999999999999,4088.4123473755626,2044206.1736877812,606.8401607076626,5.557972794411508,True
19,26,2.0,1.3458620689655172,1.569087551146494,0.2232254821809767,2.0442061736877775,0.4088412347375554,11.38101445981656,11.38101445981656,17.681624759921096,2.617274857560251,111.33724127590727,308.73208694207136,750.0000000000005,4088.4123473755594,2044206.1736877798,617.4641738841427,5.545890726302362,True
19,27,2.0,1.3972413793103449,1.6133736413304371,0.21613226202009228,2.0442061736877775,0.4088412347375554,12.266558827078562,12.266558827078562,17.075547657246748,2.344050028968991,113.54560204118813,313.87805272050105,749.9999999999998,4088.4123473755517,2044206.1736877759,627.7561054410021,5.528669487465367,True
19,28,2.0,1.4486206896551725,1.6580690386650931,0.2094483490099206,2.0442061736877775,0.4088412347375554,13.185276320857731,13.185276320857731,16.508654951117812,2.1089375299516444,115.80433938701505,318.8652253045204,750.0,4088.4123473755376,2044206.1736877689,637.7304506090408,5.506965058345201,True
19,29,2.0,1.5,1.7031415192175776,0.20314151921757762,2.0442061736877775,0.4088412347375554,14.137166941154069,14.137166941154069,15.97733274877896,1.9053854921165505,118.1094634852808,323.70046563713623,749.9999999999999,4088.412347375549,2044206.1736877745,647.4009312742725,5.481363746563405,True
20,0,2.0,0.01,0.8274792632051168,0.8174792632051168,2.1508032290243895,0.4301606458048778,0.0006283185307179586,0.0006283185307179586,98.6867615256562,420958656319.0348,105.5568087394576,105.54952056913694,47.402493849721424,4301.606458048777,2150803.229024389,211.0990411382739,1.999861909991261,True
20,1,2.0,0.06137931034482759,0.8296923229564617,0.7683130126116341,2.1508032290243895,0.4301606458048778,0.023671396346335083,0.023671396346335083,94.83417215411725,2753820.163681826,108.68741160613443,108.67950353374043,285.8733499175856,4301.606458048778,2150803.2290243893,217.35900706748086,1.999854480435643,True
20,2,2.0,0.11275862068965517,0.8350667264203001,0.722308105730645,2.1508032290243895,0.4301606458048778,0.0798876006791208,0.0798876006791208,91.0580541329986,56191.40284453992,111.94519735372685,111.95219720475453,515.0200507973201,4301.606458048778,2150803.2290243893,223.90439440950905,2.0001250585320878,True
20,3,2.0,0.16413793103448276,0.8435420507827476,0.6794041197482648,2.1508032290243895,0.4301606458048778,0.16927693152907516,0.16927693152907516,87.39226823924207,5419.883563457034,115.350202199905,115.34377947465626,734.1536157826961,4301.606458048777,2150803.229024389,230.68755894931252,1.999888639549368,True
20,4,2.0,0.21551724137931036,0.8550260887050353,0.6395088473257249,2.1508032290243895,0.4301606458048778,0.29183938889619815,0.29183938889619815,74.78815688271145,1644.6124872907412,106.05257008613128,128.96235102545182,749.9999999999999,4301.606458048778,2150803.2290243893,257.92470205090365,2.432045747136806,True
20,5,2.0,0.26689655172413795,0.8693996206329505,0.6025030689088126,2.1508032290243895,0.4301606458048778,0.44757497278048974,0.44757497278048974,65.2317022587027,683.1044304386565,99.42055326781107,141.93268906903484,750.0000000000003,4301.606458048778,2150803.2290243893,283.8653781380697,2.8551981336637304,True
20,6,2.0,0.3182758620689655,0.8865221121947416,0.5682462501257761,2.1508032290243895,0.4301606458048778,0.6364836831819498,0.6364836831819498,58.01188791753751,337.6880432740882,95.05069389532896,153.82885552650035,750.0000000000001,4301.606458048777,2150803.229024389,307.6577110530007,3.236775013886772,True
20,7,2.0,0.36965517241379314,0.9062377599321019,0.5365825875183088,2.1508032290243895,0.4301606458048778,0.8585655201005787,0.8585655201005787,52.308281892616755,188.37125426624425,92.13678888005319,164.91390158246818,750.0,4301.606458048776,2150803.2290243884,329.82780316493637,3.5797622987959503,True
20,8,2.0,0.4210344827586207,0.9283813692154224,0.5073468864568016,2.1508032290243895,0.4301606458048778,1.113820483536376,1.113820483536376,47.65892347851558,114.79254415117025,90.23058274113518,175.35053131717402,749.9999999999998,4301.606458048779,2150803.2290243898,350.70106263434803,3.8867205772180733,True
20,9,2.0,0.4724137931034483,0.952783670593105,0.4803698774896567,2.1508032290243895,0.4301606458048778,1.402248573489342,1.402248573489342,43.78014141638988,74.81969485398183,89.06013682454054,185.24581852189917,750.0000000000001,4301.606458048778,2150803.2290243893,370.49163704379833,4.160016481601781,True
20,10,2.0,0.5237931034482759,0.9792758274635697,0.45548272401529377,2.1508032290243895,0.4301606458048778,1.7238497899594767,1.7238497899594767,40.48616383190242,51.40239430405273,88.44936952479816,194.67380755738472,750.0,4301.606458048778,2150803.2290243893,389.34761511476944,4.401926403846325,True
20,11,2.0,0.5751724137931035,1.0076930269794804,0.4325206131863769,2.1508032290243895,0.4301606458048778,2.07862413294678,2.07862413294678,37.64912977605602,36.83564474894163,88.27831413780648,203.6879489271255,750.0000000000002,4301.606458048776,2150803.2290243884,407.375897854251,4.61467690941989,True
20,12,2.0,0.626551724137931,1.0378771574973105,0.41132543335937943,2.1508032290243895,0.4301606458048778,2.4665716024512516,2.4665716024512516,35.17749247452544,27.321381570108926,88.46180883674197,212.32837140651176,750.0000000000001,4301.606458048777,2150803.229024389,424.6567428130235,4.8004528552738055,True
20,13,2.0,0.6779310344827586,1.0696786520022479,0.3917476175194893,2.1508032290243895,0.4301606458048778,2.887692198472892,2.887692198472892,33.00357498463911,20.85103678845092,88.93731059256443,220.6263277451481,750.0,4301.606458048779,2150803.2290243898,441.2526554902962,4.961389686177299,True
20,14,2.0,0.7293103448275863,1.1029576193612407,0.3736472745336544,2.1508032290243895,0.4301606458048778,3.3419859210117013,3.3419859210117013,31.076012252984558,16.298891666855756,89.65755523681831,228.60700309797423,749.9999999999999,4301.606458048778,2150803.2290243893,457.21400619594846,5.0995591502387,True
20,15,2.0,0.7806896551724138,1.1375844007051545,0.3568947455327407,2.1508032290243895,0.4301606458048778,3.829452770067679,3.829452770067679,29.3549554915527,13.002489116428421,90.58594277354442,236.29133350003553,750.0,4301.606458048776,2150803.2290243884,472.58266700007107,5.216953674384991,True
20,16,2.0,0.8320689655172414,1.1734396850334554,0.341370719516214,2.1508032290243895,0.4301606458048778,4.350092745640825,4.350092745640825,27.80891427300864,10.55544972072255,91.69352937926688,243.69720611747363,749.9999999999998,4301.606458048773,2150803.2290243865,487.39441223494725,5.315472264340101,True
20,17,2.0,0.883448275862069,1.210414303929917,0.3269660280678479,2.1508032290243895,0.4301606458048778,4.90390584773114,4.90390584773114,26.412609684955278,8.699392588488855,92.95700505101674,250.8402639291729,750.0000000000001,4301.606458048775,2150803.2290243874,501.6805278583458,5.396909330103881,True
20,18,2.0,0.9348275862068965,1.2484088060278553,0.31358121982095877,2.1508032290243895,0.4301606458048778,5.490892076338623,5.490892076338623,25.145473864749384,7.264832512487417,94.35729679430665,257.7344526376051,750.0000000000001,4301.606458048783,2150803.229024391,515.4689052752102,5.462946934553478,True
20,19,2.0,0.9862068965517242,1.2873328916176523,0.3011259950659281,2.1508032290243895,0.4301606458048778,6.1110514314632765,6.1110514314632765,23.990575598555523,6.137508799777708,95.87858064212661,264.39239726084753,749.9999999999999,4301.606458048774,2150803.229024387,528.7847945216951,5.515150422339069,True
20,20,2.0,1.0375862068965518,1.3271047689524955,0.28951856205594373,2.1508032290243895,0.4301606458048778,6.764383913105096,6.764383913105096,22.933834449115242,5.238501544997567,97.5075678346535,270.8256649765094,749.9999999999999,4301.606458048773,2150803.2290243865,541.6513299530188,5.5549670859549405,True
20,21,2.0,1.0889655172413792,1.3676504775618907,0.2786849603205115,2.1508032290243895,0.4301606458048778,7.450889521264084,7.450889521264084,21.963435024595416,4.5121112079415,99.23297909004678,277.04495134417095,750.0,4301.60645804877,2150803.229024385,554.0899026883419,5.583727383469413,True
20,22,2.0,1.140344827586207,1.4089032105993295,0.2685583830131226,2.1508032290243895,0.4301606458048778,8.170568255940244,8.170568255940244,21.069383091500402,3.918258722039883,101.04515058116448,283.0602145388635,749.9999999999999,4301.60645804877,2150803.229024385,566.120429077727,5.602648180755502,True
20,23,2.0,1.1917241379310346,1.4508026578284003,0.25907851989736574,2.1508032290243895,0.4301606458048778,8.923420117133572,8.923420117133572,20.24316417095206,3.4275979388195927,102.93573385856673,288.88077407364614,749.9999999999999,4301.606458048775,2150803.2290243874,577.7615481472923,5.612837510257946,True
20,24,2.0,1.243103448275862,1.4932943829499332,0.25019093467407116,2.1508032290243895,0.4301606458048778,9.709445104844063,9.709445104844063,19.47747747381406,3.018299862411216,104.89746392936388,294.515385103485,750.0000000000002,4301.606458048775,2150803.2290243874,589.03077020697,5.615300390899947,True
20,25,2.0,1.2944827586206897,1.5363292431639495,0.24184648454325974,2.1508032290243895,0.4301606458048778,10.52864321907173,10.52864321907173,18.766026090844726,2.6738926586034877,106.9239775590515,299.97229581308807,750.0,4301.606458048787,2150803.2290243935,599.9445916261761,5.610945321360136,True
20,26,2.0,1.3458620689655172,1.5798628547170244,0.23400078575150718,2.1508032290243895,0.4301606458048778,11.38101445981656,11.38101445981656,18.103349783700047,2.381783274618086,109.00966912183115,305.2592929825981,750.0000000000005,4301.606458048772,2150803.229024386,610.5185859651962,5.600591129974624,True
20,27,2.0,1.3972413793103449,1.623855105325459,0.2266137260151142,2.1508032290243895,0.4301606458048778,12.266558827078562,12.266558827078562,17.484690449899645,2.1322280433814025,111.14957490555686,310.3837392003297,749.9999999999999,4301.606458048772,2150803.229024386,620.7674784006595,5.584973932002186,True
20,28,2.0,1.4486206896551725,1.668269712466036,0.2196490228108634,2.1508032290243895,0.4301606458048778,13.185276320857731,13.185276320857731,16.905882938531832,1.9176045309346441,113.33927925465832,315.35260409166864,749.9999999999999,4301.606458048777,2150803.229024389,630.7052081833373,5.56475400523967,True
20,29,2.0,1.5,1.7130738253310869,0.21307382533108687,2.1508032290243895,0.4301606458048778,14.137166941154069,14.137166941154069,16.363265741683932,1.7318889467363576,115.57483767340351,320.17249118638165,750.0000000000001,4301.606458048782,2150803.229024391,640.3449823727633,5.540522446436642,True
21,0,2.0,0.01,0.8477339367904336,0.8377339367904336,2.257400284361001,0.4514800568722001,0.0006283185307179586,0.0006283185307179586,99.86808291580648,401391509679.1022,104.6365313707031,104.62893757939287,47.370444231611295,4514.800568722,2257400.284361,209.25787515878574,1.9998548539174463,True
21,1,2.0,0.06137931034482759,0.8498942565546691,0.7885149462098415,2.257400284361001,0.4514800568722001,0.023671396346335083,0.023671396346335083,96.04085399961073,2618007.8989652176,107.67139720021946,107.6774278430252,285.6828970631116,4514.800568722001,2257400.2843610006,215.3548556860504,2.0001120194027857,True
21,2,2.0,0.11275862068965517,0.8551417041204578,0.7423830834308026,2.257400284361001,0.4514800568722001,0.0798876006791208,0.0798876006791208,92.29930506793764,53229.15985002545,110.84549899913809,110.85277481653246,514.8475973171525,4514.800568722,2257400.284361,221.70554963306492,2.0001312785356204,True
21,3,2.0,0.16413793103448276,0.8634199951301149,0.6992820640956321,2.257400284361001,0.4514800568722001,0.16927693152907516,0.16927693152907516,88.6562651306916,5117.340039029537,114.1557120280111,114.14909162419704,734.0667775346244,4514.800568722002,2257400.284361001,228.29818324839408,1.9998840109934677,True
21,4,2.0,0.21551724137931036,0.8746430751557774,0.659125833776467,2.257400284361001,0.4514800568722001,0.29183938889619815,0.29183938889619815,75.92655910864507,1548.1749291922467,104.8934417124464,127.5878196922278,749.9999999999999,4514.800568722001,2257400.2843610006,255.1756393844556,2.432713001104406,True
21,5,2.0,0.26689655172413795,0.8886993850050997,0.6218028332809618,2.257400284361001,0.4514800568722001,0.44757497278048974,0.44757497278048974,66.2682387809048,641.3575854966598,98.27206929970977,140.38798445838663,750.0000000000003,4514.800568722003,2257400.2843610016,280.77596891677325,2.8571288965175223,True
21,6,2.0,0.3182758620689655,0.9054569851527736,0.5871811230838081,2.257400284361001,0.4514800568722001,0.6364836831819498,0.6364836831819498,58.97049219448169,316.26029376450794,93.89499291526693,152.12396965501208,749.9999999999999,4514.800568722,2257400.284361,304.24793931002415,3.2402999336139757,True
21,7,2.0,0.36965517241379314,0.9247690382352114,0.5551138658214183,2.257400284361001,0.4514800568722001,0.8585655201005787,0.8585655201005787,53.20386778265318,176.00444233112748,90.96227833893673,163.05792631950465,749.9999999999999,4514.800568722002,2257400.284361001,326.1158526390093,3.58517682927709,True
21,8,2.0,0.4210344827586207,0.9464791932515084,0.5254447104928877,2.257400284361001,0.4514800568722001,1.113820483536376,1.113820483536376,48.50150788112169,107.02115441630424,89.02913802114475,173.35224948530234,749.9999999999999,4514.800568722002,2257400.284361001,346.7044989706047,3.8942812058706116,True
21,9,2.0,0.4724137931034483,0.9704265142196984,0.4980127211162501,2.257400284361001,0.4514800568722001,1.402248573489342,1.402248573489342,44.57686222295206,69.61239766288533,87.82572957864774,183.11392193321706,750.0000000000001,4514.800568721998,2257400.2843609992,366.2278438664341,4.16993796263859,True
21,10,2.0,0.5237931034482759,0.9964497191560562,0.4726566157077803,2.257400284361001,0.4514800568722001,1.7238497899594767,1.7238497899594767,41.24236334638225,47.734863525149905,87.17732574582212,192.41694241797714,749.9999999999999,4514.800568722002,2257400.284361001,384.8338848359543,4.414380477304295,True
21,11,2.0,0.5751724137931035,1.0243906155245626,0.4492182017314591,2.257400284361001,0.4514800568722001,2.07862413294678,2.07862413294678,38.36897609089624,34.14815200537546,86.9648821164813,201.31468276185925,750.0000000000002,4514.800568722,2257400.284361,402.6293655237185,4.629792575173439,True
21,12,2.0,0.626551724137931,1.0540967178615164,0.42754499372358534,2.257400284361001,0.4514800568722001,2.4665716024512516,2.4665716024512516,35.86435375115623,25.28774675408736,87.10389287927961,209.84712935780996,749.9999999999997,4514.800568722002,2257400.284361001,419.6942587156199,4.818318043457474,True
21,13,2.0,0.6779310344827586,1.0854231041861373,0.4074920697033787,2.257400284361001,0.4514800568722001,2.887692198472892,2.887692198472892,33.66025365373678,19.270902753786228,87.53229932405337,218.04532312139654,750.0,4514.800568722,2257400.284361,436.09064624279307,4.982054048738531,True
21,14,2.0,0.7293103448275863,1.1182336100559398,0.3889232652283535,2.257400284361001,0.4514800568722001,3.3419859210117013,3.3419859210117013,31.704896242539753,15.043672289333232,88.2032066912922,225.9341746269773,750.0,4514.800568722003,2257400.2843610016,451.8683492539546,5.1230376559377975,True
21,15,2.0,0.7806896551724138,1.152401477471905,0.37171182229949107,2.257400284361001,0.4514800568722001,3.829452770067679,3.829452770067679,29.958118634877273,11.986546066830643,89.08030498149489,233.53429475042464,749.9999999999999,4514.800568722002,2257400.284361001,467.06858950084927,5.243230696144067,True
21,16,2.0,0.8320689655172414,1.187809576894857,0.3557406113776157,2.257400284361001,0.4514800568722001,4.350092745640825,4.350092745640825,28.38818475909231,9.719913100752125,90.13488387847485,240.86320861685962,750.0,4514.800568722,2257400.284361,481.72641723371925,5.344505883906292,True
21,17,2.0,0.883448275862069,1.224350310862814,0.340902035000745,2.257400284361001,0.4514800568722001,4.90390584773114,4.90390584773114,26.969617971560254,8.002671793943357,91.3438256046297,247.93617338753307,750.0,4514.800568722004,2257400.284361002,495.87234677506615,5.428635635662857,True
21,18,2.0,0.9348275862068965,1.261925292368617,0.3270977061617205,2.257400284361001,0.4514800568722001,5.490892076338623,5.490892076338623,25.681687138766936,6.676835854197466,92.68821843430878,254.76673665552045,750.0000000000002,4514.800568722006,2257400.284361003,509.5334733110409,5.4972841415887626,True
21,19,2.0,0.9862068965517242,1.300444874030572,0.31423797747884785,2.257400284361001,0.4514800568722001,6.1110514314632765,6.1110514314632765,24.50732326297795,5.6360038655902285,94.15237587306189,261.3671225197844,750.0000000000001,4514.800568722001,2257400.2843610006,522.7342450395688,5.55200269979729,True
21,20,2.0,1.0375862068965518,1.3398275875381058,0.30224138064155404,2.257400284361001,0.4514800568722001,6.764383913105096,6.764383913105096,23.43232751311472,4.806755740775185,95.7231279043045,267.7485018920085,750.0000000000001,4514.800568721997,2257400.2843609983,535.497003784017,5.594228014773602,True
21,21,2.0,1.0889655172413792,1.3799995381618761,0.2910340209204969,2.257400284361001,0.4514800568722001,7.450889521264084,7.450889521264084,22.444781268843332,4.13732216411602,97.38929891929743,273.9211843369166,749.9999999999999,4514.80056872199,2257400.284360995,547.8423686738332,5.625283011101743,True
21,22,2.0,1.140344827586207,1.4208937868077343,0.28054895922152734,2.257400284361001,0.4514800568722001,8.170568255940244,8.170568255940244,21.53459924249601,3.5904857872712657,99.14131639210042,279.89475633582003,750.0000000000001,4514.800568722009,2257400.284361005,559.7895126716401,5.646379663325149,True
21,23,2.0,1.1917241379310346,1.4624497422180616,0.27072560428702697,2.257400284361001,0.4514800568722001,8.923420117133572,8.923420117133572,20.69318590771013,3.139019575273114,100.97091283550434,285.6781827290928,750.0000000000001,4514.800568721998,2257400.2843609992,571.3563654581856,5.658623354123821,True
21,24,2.0,1.243103448275862,1.5046125782744026,0.2615091299985406,2.257400284361001,0.4514800568722001,9.709445104844063,9.709445104844063,19.913167823824157,2.7626878093567737,102.87089544547412,291.27988269373935,750.0,4514.800568722,2257400.284361,582.5597653874787,5.663018318881649,True
21,25,2.0,1.2944827586206897,1.547332685608508,0.25284992698781816,2.257400284361001,0.4514800568722001,10.52864321907173,10.52864321907173,19.18818259772341,2.4462332308230716,104.83496563520528,296.7077879926572,750.0000000000001,4514.8005687219975,2257400.284360999,593.4155759853144,5.660473796979391,True
21,26,2.0,1.3458620689655172,1.5905651625338553,0.24470309356833808,2.257400284361001,0.4514800568722001,11.38101445981656,11.38101445981656,18.512710713696634,2.178000389573607,106.85757587579282,301.9693887876422,750.0000000000005,4514.800568722011,2257400.2843610058,603.9387775752843,5.651810577073916,True
21,27,2.0,1.3972413793103449,1.6342693473363814,0.23702796802603654,2.257400284361001,0.4514800568722001,12.266558827078562,12.266558827078562,17.881940227588075,1.9489777773369343,108.93381481274491,307.0717706478049,750.0000000000001,4514.800568721998,2257400.2843609992,614.1435412956098,5.6377676881261385,True
21,28,2.0,1.4486206896551725,1.6784083919246933,0.22978770226952072,2.257400284361001,0.4514800568722001,13.185276320857731,13.185276320857731,17.291656950288747,1.75212075105137,111.0593140856486,312.02164525248435,750.0000000000002,4514.800568721991,2257400.2843609955,624.0432905049687,5.6190090461364495,True
21,29,2.0,1.5,1.7229488754998528,0.22294887549985276,2.257400284361001,0.4514800568722001,14.137166941154069,14.137166941154069,16.738154610308065,1.5818659351099356,113.23017200433047,316.82537651274134,750.0,4514.800568722011,2257400.2843610058,633.6507530254827,5.596129916690834,True
22,0,2.0,0.01,0.8675158350934761,0.8575158350934761,2.363997339697613,0.4727994679395225,0.0006283185307179586,0.0006283185307179586,100.992448748607,383812773524.6108,103.76311972156314,103.76894174571247,47.32556384639803,4727.994679395225,2363997.3396976124,207.53788349142494,2.000112217600337,True
22,1,2.0,0.06137931034482759,0.8696270142287083,0.8082477038838807,2.363997339697613,0.4727994679395225,0.023671396346335083,0.023671396346335083,97.20326708884599,2495005.782167491,106.7248234279652,106.73109010183838,285.4955804283039,4727.994679395226,2363997.339697613,213.46218020367675,2.0001174361066503,True
22,2,2.0,0.11275862068965517,0.8747560978225671,0.761997477132912,2.363997339697613,0.4727994679395225,0.0798876006791208,0.0798876006791208,93.48791441430019,50573.31835595568,109.8144028001713,109.82194923720691,514.5970644048504,4727.994679395225,2363997.3396976124,219.64389847441382,2.0001374398410987,True
22,3,2.0,0.16413793103448276,0.8828504882154236,0.7187125571809407,2.363997339697613,0.4727994679395225,0.16927693152907516,0.16927693152907516,89.86661895386173,4847.1715698814505,113.03714091983734,113.03027551885737,733.8556925927146,4727.994679395226,2363997.339697613,226.06055103771473,1.9998785284036007,True
22,4,2.0,0.21551724137931036,0.893829628883312,0.6783123875040016,2.363997339697613,0.4727994679395225,0.29183938889619815,0.29183938889619815,77.02370867574167,1461.8311132874956,103.8185737197766,126.29319912349797,749.9999999999999,4727.994679395225,2363997.3396976124,252.58639824699594,2.4329596255942425,True
22,5,2.0,0.26689655172413795,0.9075888350239698,0.6406922832998319,2.363997339697613,0.4727994679395225,0.44757497278048974,0.44757497278048974,67.26727376342285,604.0969490035891,97.20782047469487,138.9337219152586,750.0000000000002,4727.994679395225,2363997.3396976124,277.8674438305172,2.8584885709154606,True
22,6,2.0,0.3182758620689655,0.9240039223475592,0.6057280602785937,2.363997339697613,0.4727994679395225,0.6364836831819498,0.6364836831819498,59.89458448367109,297.18949569284746,92.82462558389145,150.51931642153852,749.9999999999998,4727.994679395227,2363997.3396976134,301.03863284307704,3.2430901923866045,True
22,7,2.0,0.36965517241379314,0.9429361964789571,0.573281024065164,2.363997339697613,0.4727994679395225,0.8585655201005787,0.8585655201005787,54.06745794575262,165.0261041184189,89.87490357027178,161.31122563908806,749.9999999999999,4727.994679395223,2363997.3396976115,322.62245127817613,3.589683420643925,True
22,8,2.0,0.4210344827586207,0.9642373980559718,0.543202915297351,2.363997339697613,0.4727994679395225,1.113820483536376,1.113820483536376,49.31428883993402,100.13813439614928,87.91710468112406,171.47151845237718,750.0,4727.994679395227,2363997.3396976134,342.94303690475436,3.9007544453222285,True
22,9,2.0,0.4724137931034483,0.9877542791870448,0.5153404860835966,2.363997339697613,0.4727994679395225,1.402248573489342,1.402248573489342,45.345731095878826,65.00981643472372,86.6833463379745,181.10707766794644,750.0000000000002,4727.994679395226,2363997.339697613,362.2141553358929,4.178589898036885,True
22,10,2.0,0.5237931034482759,1.013332590691678,0.489539487243402,2.363997339697613,0.4727994679395225,1.7238497899594767,1.7238497899594767,41.97247101481412,44.49914945442089,86.00017008557488,190.29186134518275,750.0000000000001,4727.994679395223,2363997.3396976115,380.5837226903655,4.425383372052217,True
22,11,2.0,0.5751724137931035,1.040820363812371,0.4656479500192675,2.363997339697613,0.4727994679395225,2.07862413294678,2.07862413294678,39.06433044712782,31.780922937662464,85.74939795063511,199.07918173284008,750.0,4727.994679395222,2363997.339697611,398.15836346568017,4.643278821559717,True
22,12,2.0,0.626551724137931,1.0700704589690089,0.44351873483107784,2.363997339697613,0.4727994679395225,2.4665716024512516,2.4665716024512516,36.52818399347755,23.49902509651632,85.84714239438013,207.5089140049349,750.0,4727.994679395229,2363997.3396976143,415.0178280098698,4.83438139505315,True
22,13,2.0,0.6779310344827586,1.1009424197717128,0.4230113852889542,2.363997339697613,0.4727994679395225,2.887692198472892,2.887692198472892,34.29523886051823,17.882830877890807,86.23180272844996,215.61192741845477,750.0000000000002,4727.994679395224,2363997.339697612,431.22385483690954,5.000751940613649,True
22,14,2.0,0.7293103448275863,1.1333037118135914,0.4039933669860051,2.363997339697613,0.4727994679395225,3.3419859210117013,3.3419859210117013,32.31331334034103,13.942262055588452,86.8568347077914,223.41290404706902,750.0000000000001,4727.994679395223,2363997.3396976115,446.82580809413804,5.144394331170072,True
22,15,2.0,0.7806896551724138,1.1670304459743772,0.3863407908019634,2.363997339697613,0.4727994679395225,3.829452770067679,3.829452770067679,30.54194083036495,11.095980326653063,87.6862043099597,230.9321788398466,749.9999999999999,4727.994679395224,2363997.339697612,461.8643576796932,5.267240854069367,True
22,16,2.0,0.8320689655172414,1.2020076902894021,0.3699387247721607,2.363997339697613,0.4727994679395225,4.350092745640825,4.350092745640825,28.949148702949703,8.988137055153643,88.6914239683506,238.18696503775513,750.0,4727.994679395226,2363997.339697613,476.37393007551026,5.371138592221763,True
22,17,2.0,0.883448275862069,1.238129468295458,0.354681192433389,2.363997339697613,0.4727994679395225,4.90390584773114,4.90390584773114,27.50927075027127,7.392951781712566,89.84955959103773,245.19218338604497,750.0000000000002,4727.994679395228,2363997.339697614,490.38436677208995,5.4578382910738785,True
22,18,2.0,0.9348275862068965,1.2752985297848278,0.3404709435779313,2.363997339697613,0.4727994679395225,5.490892076338623,5.490892076338623,26.201420005128753,6.162622822467399,91.14185371870238,251.9610308324182,750.0,4727.994679395215,2363997.3396976073,503.9220616648364,5.528986312041964,True
22,19,2.0,0.9862068965517242,1.3134259655359775,0.32721906898425324,2.363997339697613,0.4727994679395225,6.1110514314632765,6.1110514314632765,25.00839649507974,5.197702458760993,92.55275141743915,258.50537531532547,750.0,4727.994679395224,2363997.339697612,517.0107506306509,5.586119728616017,True
22,20,2.0,1.0375862068965518,1.3524307231351649,0.3148445162386131,2.363997339697613,0.4727994679395225,6.764383913105096,6.764383913105096,23.91588923466022,4.429631875335037,94.06919629780022,264.83603309119263,750.0,4727.994679395218,2363997.3396976087,529.6720661823853,5.630664309128061,True
22,21,2.0,1.0889655172413792,1.3922390677892629,0.30327355054788363,2.363997339697613,0.4727994679395225,7.450889521264084,7.450889521264084,22.911882083681757,3.8101123965358106,95.68011190846606,270.9629659929678,750.0000000000002,4727.99467939522,2363997.33969761,541.9259319859356,5.663934972237259,True
22,22,2.0,1.140344827586207,1.432784020688585,0.292439193102378,2.363997339697613,0.4727994679395225,8.170568255940244,8.170568255940244,21.986203910034536,3.3044514987766695,97.37601297847634,276.8954236971851,750.0000000000002,4727.994679395227,2363997.3396976134,553.7908473943702,5.6871382433451885,True
22,23,2.0,1.1917241379310346,1.4740047981826243,0.2822806602515897,2.363997339697613,0.4727994679395225,8.923420117133572,8.923420117133572,21.130182880976065,2.8872902109046827,99.14870931708765,282.64204797716144,750.0000000000002,4727.994679395234,2363997.339697617,565.2840959543229,5.701376244308808,True
22,24,2.0,1.243103448275862,1.5158462676845794,0.27274281940871736,2.363997339697613,0.4727994679395225,9.709445104844063,9.709445104844063,20.336377207528383,2.539796216441891,100.9910769620405,288.2109505198552,750.0000000000001,4727.9946793952195,2363997.3396976097,576.4219010397104,5.707651788448301,True
22,25,2.0,1.2944827586206897,1.5582584305897922,0.26377567196910245,2.363997339697613,0.4727994679395225,10.52864321907173,10.52864321907173,19.598362909500086,2.2477812826902634,102.8968789017132,293.6097722455365,749.9999999999999,4727.994679395221,2363997.3396976106,587.219544491073,5.706874209974662,True
22,26,2.0,1.3458620689655172,1.60119593829677,0.2553338693312528,2.363997339697613,0.4727994679395225,11.38101445981656,11.38101445981656,18.910564716017237,2.000414618126986,104.86062287346314,298.84572959809157,750.0000000000001,4727.994679395226,2363997.339697613,597.6914591961831,5.6998656198850375,True
22,27,2.0,1.3972413793103449,1.6446176443766516,0.24737626506630672,2.363997339697613,0.4727994679395225,12.266558827078562,12.266558827078562,18.268120020381303,1.789328246398651,106.87744726649619,303.9256515847234,750.0000000000001,4727.994679395227,2363997.3396976134,607.8513031694469,5.687367341903153,True
22,28,2.0,1.4486206896551725,1.688486193794595,0.23986550413942243,2.363997339697613,0.4727994679395225,13.185276320857731,13.185276320857731,17.666768461949157,1.6079850547443506,108.94302859798181,308.85601018393345,750.0000000000003,4727.9946793952095,2363997.3396976045,617.7120203678669,5.670046338139989,True
22,29,2.0,1.5,1.732767648629767,0.23276764862976695,2.363997339697613,0.4727994679395225,14.137166941154069,14.137166941154069,17.102761589037556,1.4512258554477573,111.05350574512332,313.6429459413403,749.9999999999999,4727.994679395222,2363997.339697611,627.2858918826806,5.648501482900971,True
23,0,2.0,0.01,0.8868565953352635,0.8768565953352635,2.470594395034225,0.4941188790068449,0.0006283185307179586,0.0006283185307179586,102.0787134004399,367734422167.19684,102.94663427561068,102.95267900862437,47.282664540108804,4941.188790068448,2470594.395034224,205.90535801724874,2.000117434300912,True
23,1,2.0,0.06137931034482759,0.8889218415744221,0.8275425312295945,2.470594395034225,0.4941188790068449,0.023671396346335083,0.023671396346335083,98.3186207061753,2383701.644490583,105.83355470393333,105.84005210179104,285.27477786718515,4941.188790068449,2470594.3950342243,211.6801042035821,2.000122785214498,True
23,2,2.0,0.11275862068965517,0.8939402257586851,0.78118160506903,2.470594395034225,0.4941188790068449,0.0798876006791208,0.0798876006791208,94.62812497587285,48179.512032775696,108.84485206309996,108.85266414307269,514.2784857355006,4941.18879006845,2470594.3950342247,217.70532828614537,2.000143545235712,True
23,3,2.0,0.16413793103448276,0.9018624513161284,0.7377245202816456,2.470594395034225,0.4941188790068449,0.16927693152907516,0.16927693152907516,91.02765239404908,4604.565263144412,111.98658059205096,111.97942581099187,733.5362171598147,4941.188790068449,2470594.3950342243,223.95885162198374,1.9998722207424986,True
23,4,2.0,0.21551724137931036,0.9126128982330917,0.6970956568537813,2.470594395034225,0.4941188790068449,0.29183938889619815,0.29183938889619815,78.0828650528949,1384.1142625758725,102.81862912432312,125.07048146419098,750.0000000000003,4941.188790068449,2470594.3950342243,250.14096292838195,2.4328369776835292,True
23,5,2.0,0.26689655172413795,0.9260930784817965,0.6591965267576585,2.470594395034225,0.4941188790068449,0.44757497278048974,0.44757497278048974,68.23175396066542,570.6578659169184,96.21839973987895,137.56081659583447,750.0000000000002,4941.18879006845,2470594.3950342247,275.12163319166893,2.859345342839258,True
23,6,2.0,0.3182758620689655,0.9421858336153217,0.6239099715463562,2.470594395034225,0.4941188790068449,0.6364836831819498,0.6364836831819498,60.786854856199724,280.12056076886637,91.8300084409633,149.00482893038313,750.0000000000001,4941.188790068447,2470594.3950342233,298.00965786076625,3.245231737644389,True
23,7,2.0,0.36965517241379314,0.9607598904939394,0.5911047180801463,2.470594395034225,0.4941188790068449,0.8585655201005787,0.8585655201005787,54.901521548762055,155.2240207430865,88.86484118257586,159.66284953739503,750.0000000000002,4941.188790068449,2470594.3950342243,319.32569907479007,3.593386257437005,True
23,8,2.0,0.4210344827586207,0.9816744146413692,0.5606399318827484,2.470594395034225,0.4941188790068449,1.113820483536376,1.113820483536376,50.099540449198976,94.00601122280031,86.88437883343003,169.69660639548178,750.0,4941.188790068449,2470594.3950342243,339.39321279096356,3.906262752267926,True
23,9,2.0,0.4724137931034483,1.0047832664828984,0.5323694733794502,2.470594395034225,0.4941188790068449,1.402248573489342,1.402248573489342,46.08884760063674,60.917374329229865,85.62257526408675,179.21287291824436,750.0000000000001,4941.1887900684505,2470594.395034225,358.4257458364887,4.18611265464735,True
23,10,2.0,0.5237931034482759,1.0299387534749975,0.5061456500267216,2.470594395034225,0.4941188790068449,1.7238497899594767,1.7238497899594767,42.67842932734155,41.62709937860021,84.90716306106546,188.28556817382284,750.0000000000001,4941.1887900684505,2470594.395034225,376.5711363476457,4.435092667939155,True
23,11,2.0,0.5751724137931035,1.056994761708042,0.4818223479149385,2.470594395034225,0.4941188790068449,2.07862413294678,2.07862413294678,39.73699366771895,29.68301535360162,84.62077950923192,196.96795853325148,750.0000000000001,4941.1887900684505,2470594.395034225,393.93591706650295,4.655309480144005,True
23,12,2.0,0.626551724137931,1.085809229887953,0.4592575057500219,2.470594395034225,0.4941188790068449,2.4665716024512516,2.4665716024512516,37.17065621426571,21.915998343888674,84.68012047474664,205.29983219318092,750.0,4941.18879006845,2470594.3950342247,410.59966438636184,4.84883184015794,True
23,13,2.0,0.6779310344827586,1.1162459891101597,0.4383149546274011,2.470594395034225,0.4941188790068449,2.887692198472892,2.887692198472892,34.91008834990361,16.65588852925841,85.02401878514208,213.31191915895266,749.9999999999999,4941.1887900684505,2470594.395034225,426.6238383179053,5.0176861128617665,True
23,14,2.0,0.7293103448275863,1.1481760316964416,0.4188656868688553,2.470594395034225,0.4941188790068449,3.3419859210117013,3.3419859210117013,32.90271737534441,12.969766015099358,85.60626296125798,221.02871101739308,750.0000000000002,4941.188790068447,2470594.3950342233,442.05742203478616,5.16384440510905,True
23,15,2.0,0.7806896551724138,1.1814782936570938,0.40078863848467994,2.470594395034225,0.4941188790068449,3.829452770067679,3.829452770067679,31.107782234562904,10.310411612136953,86.39108170576476,228.47030806961706,750.0000000000002,4941.188790068447,2470594.3950342233,456.9406161392341,5.289210496235088,True
23,16,2.0,0.8320689655172414,1.2160400421312563,0.38397107661401486,2.470594395034225,0.4941188790068449,4.350092745640825,4.350092745640825,29.493081795415858,8.34319229586675,87.35019999472273,235.65365426665298,749.9999999999998,4941.188790068449,2470594.3950342243,471.30730853330596,5.3956065190667,True
23,17,2.0,0.883448275862069,1.2517569559676183,0.3683086801055493,2.470594395034225,0.4941188790068449,4.90390584773114,4.90390584773114,28.032767488779758,6.855991729644024,88.46085931301107,242.59337633610102,750.0000000000001,4941.188790068448,2470594.395034224,485.18675267220203,5.484761921149905,True
23,18,2.0,0.9348275862068965,1.2885329784771005,0.3537053922702039,2.470594395034225,0.4941188790068449,5.490892076338623,5.490892076338623,26.705803063370844,5.710081870814465,89.7044498322687,249.30236168497063,750.0,4941.188790068443,2470594.3950342215,498.60472336994127,5.558305349425175,True
23,19,2.0,0.9862068965517242,1.3262800094609881,0.3400731129092639,2.470594395034225,0.4941188790068449,6.1110514314632765,6.1110514314632765,25.494863572682558,4.812204007646047,91.0655426019715,255.79216115931848,749.9999999999999,4941.188790068453,2470594.3950342266,511.58432231863696,5.617759557582228,True
23,20,2.0,1.0375862068965518,1.3649174910710278,0.327331284174476,2.470594395034225,0.4941188790068449,6.764383913105096,6.764383913105096,24.385531386777046,4.0981219136260645,92.53119006266733,262.0732729347479,749.9999999999999,4941.188790068445,2470594.3950342224,524.1465458694958,5.664539119344668,True
23,21,2.0,1.0889655172413792,1.4043719302344517,0.3154064129930725,2.470594395034225,0.4941188790068449,7.450889521264084,7.450889521264084,23.365697901342187,3.5226201915820297,94.09041071542958,268.1553449548795,750.0000000000001,4941.188790068453,2470594.3950342266,536.310689909759,5.6999505670327695,True
23,22,2.0,1.140344827586207,1.4445763899816,0.30423156239539306,2.470594395034225,0.4941188790068449,8.170568255940244,8.170568255940244,22.425110768991107,3.0532474297260497,95.73380280305419,274.0473211238212,749.9999999999998,4941.188790068442,2470594.395034221,548.0946422476424,5.725194510189838,True
23,23,2.0,1.1917241379310346,1.4854699733138745,0.29374583538283994,2.470594395034225,0.4941188790068449,8.923420117133572,8.923420117133572,21.5550260780478,2.666301465914684,97.4532500649146,279.7575484040639,750.0,4941.188790068441,2470594.3950342205,559.5150968081279,5.741369286662366,True
23,24,2.0,1.243103448275862,1.5269973162402721,0.2838938679644101,2.470594395034225,0.4941188790068449,9.709445104844063,9.709445104844063,20.74793754162487,2.344193725236523,99.24169432617299,285.2938565810182,750.0000000000002,4941.188790068445,2470594.3950342224,570.5877131620364,5.749475732313806,True
23,25,2.0,1.2944827586206897,1.5691081011376768,0.2746253425169871,2.470594395034225,0.4941188790068449,10.52864321907173,10.52864321907173,19.997363091093522,2.0736826950965703,101.09295736241978,290.6636188074537,750.0,4941.188790068457,2470594.3950342285,581.3272376149074,5.750422707793981,True
23,26,2.0,1.3458620689655172,1.611756597433309,0.2658945284677918,2.470594395034225,0.4941188790068449,11.38101445981656,11.38101445981656,19.297674873049292,1.8446673948232848,103.00159962156367,295.8737985506929,749.9999999999998,4941.188790068441,2470594.3950342205,591.7475971013858,5.745033079830945,True
23,27,2.0,1.3972413793103449,1.6549012335323008,0.2576598542219559,2.470594395034225,0.4941188790068449,12.266558827078562,12.266558827078562,18.64396249068549,1.649348996769137,104.96280688664005,300.9309868537493,750.0000000000002,4941.188790068453,2470594.3950342266,601.8619737074986,5.734049913104078,True
23,28,2.0,1.4486206896551725,1.6985042016982717,0.2498835120430991,2.470594395034225,0.4941188790068449,13.185276320857731,13.185276320857731,18.031922009416466,1.4816389818248803,106.97229838719329,305.84143263908874,750.0,4941.188790068446,2470594.395034223,611.6828652781775,5.718142682735964,True
23,29,2.0,1.5,1.7425310960466833,0.24253109604668333,2.470594395034225,0.4941188790068449,14.137166941154069,14.137166941154069,17.45776514456923,1.3367352090567617,109.02625156970484,310.6110679635094,749.9999999999999,4941.1887900684405,2470594.39503422,621.2221359270188,5.697913364744514,True
24,0,2.0,0.01,0.9057844761538915,0.8957844761538915,2.5771914503708366,0.5154382900741672,0.0006283185307179586,0.0006283185307179586,103.123096408801,353062226272.91205,102.17478778137121,102.18105044771563,47.235497955914205,5154.382900741672,2577191.4503708356,204.36210089543127,2.000122587312984,True
24,1,2.0,0.06137931034482759,0.9078066627756078,0.8464273524307803,2.5771914503708366,0.5154382900741672,0.023671396346335083,0.023671396346335083,99.39054182008299,2282520.951719498,104.99222511899374,104.99894819702725,285.024748922553,5154.3829007416725,2577191.450370836,209.9978963940545,2.000128068112203,True
24,2,2.0,0.11275862068965517,0.9127212190922336,0.7999625984025784,2.5771914503708366,0.5154382900741672,0.0798876006791208,0.0798876006791208,95.73084038861462,45997.67182578144,107.93885223132018,107.93293536395397,513.977320071628,5154.38290074167,2577191.4503708347,215.86587072790795,1.9998903663093706,True
24,3,2.0,0.16413793103448276,0.9204818182048249,0.7563438871703421,2.5771914503708366,0.5154382900741672,0.16927693152907516,0.16927693152907516,92.14318035465541,4385.601941619857,110.99724175139777,110.98975602622731,733.121894672985,5154.382900741672,2577191.4503708356,221.97951205245462,1.9998651187173242,True
24,4,2.0,0.21551724137931036,0.931017292306178,0.7155000509268676,2.5771914503708366,0.5154382900741672,0.29183938889619815,0.29183938889619815,79.10690371212716,1313.8245104340724,101.88564754177445,123.91276658305785,750.0000000000001,5154.382900741672,2577191.4503708356,247.8255331661157,2.4323890473827925,True
24,5,2.0,0.26689655172413795,0.9442347624206678,0.6773382106965299,2.5771914503708366,0.5154382900741672,0.44757497278048974,0.44757497278048974,69.164281263551,540.4984794146358,95.29579518680941,136.26144062673598,750.0000000000001,5154.382900741672,2577191.4503708356,272.52288125347195,2.8597576705167556,True
24,6,2.0,0.3182758620689655,0.96002345888896,0.6417475968199945,2.5771914503708366,0.5154382900741672,0.6364836831819498,0.6364836831819498,61.64968125026897,264.76485642543463,90.90298503645766,147.5718304204173,750.0000000000001,5154.382900741672,2577191.4503708356,295.1436608408346,3.246798339157553,True
24,7,2.0,0.36965517241379314,0.9782588940222576,0.6086037216084645,2.5771914503708366,0.5154382900741672,0.8585655201005787,0.8585655201005787,55.70824407181391,146.42612615902334,87.92373416207641,158.10335452281137,750.0,5154.3829007416725,2577191.450370836,316.20670904562274,3.596374881698441,True
24,8,2.0,0.4210344827586207,0.9988070649095344,0.5777725821509136,2.5771914503708366,0.5154382900741672,1.113820483536376,1.113820483536376,50.85927826919796,88.51356291054458,85.92236681929114,168.01738746678336,749.9999999999999,5154.3829007416725,2577191.450370836,336.0347749335667,3.910911528313729,True
24,9,2.0,0.4724137931034483,1.0215284181831494,0.5491146250797012,2.5771914503708366,0.5154382900741672,1.402248573489342,1.402248573489342,46.80807514637294,57.258694729020156,84.63456145569228,177.4205838921405,750.0000000000002,5154.382900741672,2577191.4503708356,354.841167784281,4.1926272397600455,True
24,10,2.0,0.5237931034482759,1.0462813830233986,0.5224882795751227,2.5771914503708366,0.5154382900741672,1.7238497899594767,1.7238497899594767,43.36196454196635,39.06376167234601,83.88917081178779,186.38682337134435,749.9999999999999,5154.382900741671,2577191.450370835,372.7736467426887,4.443644431520688,True
24,11,2.0,0.5751724137931035,1.072925357529574,0.4977529437364706,2.5771914503708366,0.5154382900741672,2.07862413294678,2.07862413294678,40.38856805855491,27.813408963466127,83.56960048043906,194.96933601869503,750.0,5154.382900741674,2577191.450370837,389.93867203739006,4.666034895412262,True
24,12,2.0,0.626551724137931,1.1013231043892586,0.4747713802513276,2.5771914503708366,0.5154382900741672,2.4665716024512516,2.4665716024512516,37.79326063116157,20.5071223220924,83.59309750476007,203.2078418877127,749.9999999999998,5154.382900741673,2577191.4503708365,406.4156837754254,4.861833044914776,True
24,13,2.0,0.6779310344827586,1.1313425673757012,0.45341153289294256,2.5771914503708366,0.5154382900741672,2.887692198472892,2.887692198472892,35.50619100496872,15.56521977805078,83.89890540181403,211.13295793132085,750.0000000000001,5154.3829007416725,2577191.450370836,422.2659158626417,5.033032479271316,True
24,14,2.0,0.7293103448275863,1.1628581582952895,0.4335478134677032,2.5771914503708366,0.5154382900741672,3.3419859210117013,3.3419859210117013,33.47440565516965,12.106196258217272,84.4411288065961,218.7690167102978,750.0000000000003,5154.382900741672,2577191.4503708356,437.5380334205956,5.181574898444719,True
24,15,2.0,0.7806896551724138,1.1957515857963985,0.41506193062398467,2.5771914503708366,0.5154382900741672,3.829452770067679,3.829452770067679,31.6568574157144,9.613488326348095,85.18424664081137,226.1359186090153,750.0000000000001,5154.382900741671,2577191.450370835,452.2718372180306,5.309336585731444,True
24,16,2.0,0.8320689655172414,1.2299123060683277,0.3978433405510863,2.5771914503708366,0.5154382900741672,4.350092745640825,4.350092745640825,30.021123836449917,7.771504283379986,86.10018675384192,233.25037458747144,750.0000000000001,5154.38290074167,2577191.4503708347,466.5007491749429,5.418115416040336,True
24,17,2.0,0.883448275862069,1.2652376746544667,0.3817893987923977,2.5771914503708366,0.5154382900741672,4.90390584773114,4.90390584773114,28.54118038201906,6.380378798337854,87.16635851487341,240.12675386819828,749.9999999999999,5154.382900741675,2577191.4503708375,480.25350773639656,5.509619948783907,True
24,18,2.0,0.9348275862068965,1.301632871886229,0.36680528567933235,2.5771914503708366,0.5154382900741672,5.490892076338623,5.490892076338623,27.19584731879882,5.309511015248458,88.36429343845839,246.77767003245185,750.0000000000001,5154.382900741676,2577191.450370838,493.5553400649037,5.585461285996045,True
24,19,2.0,0.9862068965517242,1.3390106646504212,0.35280376809869696,2.5771914503708366,0.5154382900741672,6.1110514314632765,6.1110514314632765,25.967680041505805,4.471180414004807,89.67868328890617,253.21439104292526,750.0000000000001,5154.382900741677,2577191.4503708384,506.4287820858505,5.647147833943487,True
24,20,2.0,1.0375862068965518,1.3772910563796432,0.33970484948309143,2.5771914503708366,0.5154382900741672,6.764383913105096,6.764383913105096,24.842159163581563,3.8050153148702357,91.0966848263864,259.44712923946065,749.9999999999998,5154.382900741659,2577191.4503708296,518.8942584789213,5.6960827879503935,True
24,21,2.0,1.0889655172413792,1.416400866627158,0.3274353493857787,2.5771914503708366,0.5154382900741672,7.450889521264084,7.450889521264084,23.807088112418526,3.268554510526027,92.60740757300583,265.4852486955134,750.0,5154.38290074167,2577191.4503708347,530.9704973910268,5.73356399133021,True
24,22,2.0,1.140344827586207,1.45627327210383,0.31592844451762314,2.5771914503708366,0.5154382900741672,8.170568255940244,8.170568255940244,22.85213745401663,2.831346863297562,94.20152980866526,271.33741522120545,750.0000000000001,5154.382900741672,2577191.4503708356,542.6748304424109,5.760785748858319,True
24,23,2.0,1.1917241379310346,1.496847332953113,0.3051231950220783,2.5771914503708366,0.5154382900741672,8.923420117133572,8.923420117133572,21.968494980231146,2.4711678258902166,95.87100609335666,277.0117062968482,750.0000000000002,5154.38290074167,2577191.4503708347,554.0234125936964,5.778842166882061,True
24,24,2.0,1.243103448275862,1.5380675213906307,0.2949640731147687,2.5771914503708366,0.5154382900741672,9.709445104844063,9.709445104844063,21.14859336266829,2.1715372302092124,97.60884123446603,282.5156928486653,750.0000000000002,5154.382900741681,2577191.4503708403,565.0313856973306,5.788731620530867,True
24,25,2.0,1.2944827586206897,1.5798832645507739,0.28540050593008415,2.5771914503708366,0.5154382900741672,10.52864321907173,10.52864321907173,20.38589559505543,1.9200566804956667,99.4089132477142,287.8565011285161,749.9999999999999,5154.382900741684,2577191.450370842,575.7130022570321,5.79136199610622,True
24,26,2.0,1.3458620689655172,1.6222485092985977,0.27638644033308046,2.5771914503708366,0.5154382900741672,11.38101445981656,11.38101445981656,19.67472410758748,1.7072747121355465,101.26583296773717,293.04086045640514,749.9999999999999,5154.382900741662,2577191.450370831,586.0817209128103,5.787556412038137,True
24,27,2.0,1.3972413793103449,1.665121313688121,0.26787993437777624,2.5771914503708366,0.5154382900741672,12.266558827078562,12.266558827078562,19.010123316006002,1.5258987117696818,103.1748314437384,298.07514085559495,749.9999999999998,5154.382900741681,2577191.4503708403,596.1502817111899,5.778059177506607,True
24,28,2.0,1.4486206896551725,1.708463467487206,0.25984277783203336,2.5771914503708366,0.5154382900741672,13.185276320857731,13.185276320857731,18.387748072012627,1.3702389150081355,105.13166866444197,302.9653834091101,750.0000000000003,5154.382900741671,2577191.450370835,605.9307668182201,5.763541799685715,True
24,29,2.0,1.5,1.7522401425721816,0.25224014257218164,2.5771914503708366,0.5154382900741672,14.137166941154069,14.137166941154069,17.80377239626712,1.2358103831351548,107.13255884900329,307.7173253285351,749.9999999999998,5154.382900741661,2577191.4503708305,615.4346506570702,5.744608896390567,True
25,0,2.0,0.01,0.9243248421378188,0.9143248421378188,2.6837885057074486,0.5367577011414896,0.0006283185307179586,0.0006283185307179586,104.12867677796157,339620296053.9136,101.44350008563988,101.44997609890197,47.18460457406715,5367.577011414895,2683788.505707448,202.89995219780394,2.0001276772441137,True
25,1,2.0,0.06137931034482759,0.9263065548356604,0.8649272444908328,2.6837885057074486,0.5367577011414896,0.023671396346335083,0.023671396346335083,100.42224859419862,2190156.9532301505,104.19618147436988,104.20312543430155,284.7491594083554,5367.577011414897,2683788.505707449,208.4062508686031,2.0001332862650707,True
25,2,2.0,0.11275862068965517,0.9311234721200713,0.8183648514304162,2.6837885057074486,0.5367577011414896,0.0798876006791208,0.0798876006791208,96.78543062100083,44025.408008441846,107.07526247061666,107.06914922313577,513.550197015782,5367.5770114148945,2683788.5057074474,214.13829844627153,1.9998858140089533,True
25,3,2.0,0.16413793103448276,0.9387319501313378,0.774594019096855,2.6837885057074486,0.5367577011414896,0.16927693152907516,0.16927693152907516,93.21658734675154,4187.060198503854,110.06325718392182,110.05540163523793,732.6243593156197,5367.577011414895,2683788.505707448,220.11080327047586,1.9998572539304236,True
25,4,2.0,0.21551724137931036,0.9490648529604558,0.7335476115811455,2.6837885057074486,0.5367577011414896,0.29183938889619815,0.29183938889619815,80.09837501899173,1249.9714193981545,101.0127952606712,122.81407022445305,750.0000000000002,5367.577011414896,2683788.5057074483,245.6281404489061,2.43165373074811,True
25,5,2.0,0.26689655172413795,0.9620343980936125,0.6951378463694745,2.6837885057074486,0.5367577011414896,0.44757497278048974,0.44757497278048974,70.06716522488962,513.1729554398886,94.43313562239472,135.0288056192218,749.9999999999999,5367.577011414895,2683788.505707448,270.0576112384436,2.859775961674196,True
25,6,2.0,0.3182758620689655,0.9775356454722492,0.6592597834032837,2.6837885057074486,0.5367577011414896,0.6364836831819498,0.6364836831819498,62.485176614260965,250.8855645915269,90.03656495623481,146.21279441819044,750.0,5367.5770114148945,2683788.5057074474,292.4255888363809,3.2478536800967897,True
25,7,2.0,0.36965517241379314,0.9954503303959343,0.6257951579821412,2.6837885057074486,0.5367577011414896,0.8585655201005787,0.8585655201005787,56.48956976343068,138.49158423959514,87.04442328379365,156.62454479285796,750.0000000000003,5367.577011414896,2683788.5057074483,313.2490895857159,3.5987266934312396,True
25,8,2.0,0.4210344827586207,1.0156507517177955,0.5946162689591747,2.6837885057074486,0.5367577011414896,1.113820483536376,1.113820483536376,51.59529765716558,83.56994286019291,85.02370841822857,166.42506733331595,750.0,5367.5770114148945,2683788.5057074474,332.8501346666319,3.914792013415294,True
25,9,2.0,0.4724137931034483,1.0380034709515626,0.5655896778481144,2.6837885057074486,0.5367577011414896,1.402248573489342,1.402248573489342,47.50507568548418,53.97150337701803,83.7117216088709,175.72088887117275,749.9999999999997,5367.5770114148945,2683788.5057074474,351.4417777423455,4.198238561911302,True
25,10,2.0,0.5237931034482759,1.06237264131428,0.5385795378660041,2.6837885057074486,0.5367577011414896,1.7238497899594767,1.7238497899594767,44.02461819521028,36.76439881647617,82.93837097582751,184.58584748723456,750.0000000000001,5367.577011414895,2683788.505707448,369.1716949744691,4.451156812352448,True
25,11,2.0,0.5751724137931035,1.0886228545192724,0.513450440726169,2.6837885057074486,0.5367577011414896,2.07862413294678,2.07862413294678,41.02048612797045,26.138751140163976,82.58778727457924,193.07314358855527,750.0,5367.5770114148945,2683788.5057074474,386.14628717711054,4.675585821100785,True
25,12,2.0,0.626551724137931,1.116621456364384,0.4900697322264529,2.6837885057074486,0.5367577011414896,2.4665716024512516,2.4665716024512516,38.397330949469236,19.246777415478853,82.57773891362982,201.22244367784947,750.0000000000001,5367.577011414896,2683788.5057074483,402.44488735569894,4.873527571112433,True
25,13,2.0,0.6779310344827586,1.1462403331361042,0.4683092986533456,2.6837885057074486,0.5367577011414896,2.887692198472892,2.887692198472892,36.08479100501479,14.590656059075002,82.84785883852155,209.0642728699316,750.0000000000002,5367.5770114148945,2683788.5057074474,418.1285457398632,5.046944502872862,True
25,14,2.0,0.7293103448275863,1.1773572069960911,0.44804686216850487,2.6837885057074486,0.5367577011414896,3.3419859210117013,3.3419859210117013,34.02954127105443,11.335347287112539,83.3525521868075,216.62283080972233,750.0,5367.577011414897,2683788.505707449,433.24566161944466,5.197749202069615,True
25,15,2.0,0.7806896551724138,1.2098565003694968,0.4291668451970829,2.6837885057074486,0.5367577011414896,3.829452770067679,3.829452770067679,32.190256039897875,8.991962345961582,84.05653630995928,223.91784727929735,750.0000000000001,5367.577011414893,2683788.5057074465,447.8356945585947,5.327791439171325,True
25,16,2.0,0.8320689655172414,1.243629839289021,0.41156087377177963,2.6837885057074486,0.5367577011414896,4.350092745640825,4.350092745640825,30.53429800324008,7.2620814448043385,84.93193278067055,230.96583128135103,750.0000000000002,5367.577011414895,2683788.505707448,461.93166256270206,5.438845525340875,True
25,17,2.0,0.883448275862069,1.2785762667579772,0.3951279908959082,2.6837885057074486,0.5367577011414896,4.90390584773114,4.90390584773114,29.035472373580525,5.9568765648552535,85.95631155994798,237.78092607685295,749.9999999999998,5367.5770114149,2683788.50570745,475.5618521537059,5.532599567421384,True
25,18,2.0,0.9348275862068965,1.3146022325123734,0.37977464630547686,2.6837885057074486,0.5367577011414896,5.490892076338623,5.490892076338623,27.672461103157513,4.95306195947042,87.11133954584375,244.37550254834227,750.0,5367.577011414893,2683788.5057074465,488.75100509668454,5.6106473352929145,True
25,19,2.0,0.9862068965517242,1.3516214176311674,0.36541452107944317,2.6837885057074486,0.5367577011414896,6.1110514314632765,6.1110514314632765,26.427704659387405,4.167897412294077,88.38182423498932,250.76057581765252,750.0,5367.577011414897,2683788.505707449,501.52115163530505,5.674482915196027,True
25,20,2.0,1.0375862068965518,1.3895544431705718,0.35196823627401996,2.6837885057074486,0.5367577011414896,6.764383913105096,6.764383913105096,25.286586254071317,3.544483497844488,89.75502245701674,256.94610089721533,749.9999999999999,5367.577011414901,2683788.50570745,513.8922017944307,5.7254980025271704,True
25,21,2.0,1.0889655172413792,1.428328502668027,0.3393629854266478,2.6837885057074486,0.5367577011414896,7.450889521264084,7.450889521264084,24.23682535989316,3.0428315831615156,91.2201310674472,262.94118469001,749.9999999999999,5367.577011414901,2683788.50570745,525.88236938002,5.764981514784145,True
25,22,2.0,1.140344827586207,1.4678769497460338,0.32753212215982686,2.6837885057074486,0.5367577011414896,8.170568255940244,8.170568255940244,23.26801915161262,2.63428486997378,92.7679051387847,268.75423966296887,750.0000000000001,5367.5770114148945,2683788.5057074474,537.5084793259377,5.794121129735574,True
25,23,2.0,1.1917241379310346,1.5081388645348848,0.31641472660385017,2.6837885057074486,0.5367577011414896,8.923420117133572,8.923420117133572,22.371290520023337,2.2979433128527487,94.39036716498127,274.3930965747642,750.0,5367.577011414892,2683788.505707446,548.7861931495283,5.814006340184335,True
25,24,2.0,1.243103448275862,1.5490586163565414,0.30595516808067935,2.6837885057074486,0.5367577011414896,9.709445104844063,9.709445104844063,21.53901420742024,2.018319592207848,96.08058234482203,279.86508829114786,749.9999999999999,5367.577011414892,2683788.505707446,559.7301765822957,5.825632640042597,True
25,25,2.0,1.2944827586206897,1.5905854350393551,0.2961026764186654,2.6837885057074486,0.5367577011414896,10.52864321907173,10.52864321907173,20.76460111559485,1.7837700217134227,97.83248259310561,285.1771130752838,750.0000000000002,5367.5770114149,2683788.50570745,570.3542261505676,5.829906499692171,True
25,26,2.0,1.3458620689655172,1.6326729992479347,0.28681093028241755,2.6837885057074486,0.5367577011414896,11.38101445981656,11.38101445981656,20.042326554686205,1.5854241758602692,99.6407270048658,290.3356832303551,750.0000000000001,5367.577011414901,2683788.50570745,580.6713664607101,5.827650840327109,True
25,27,2.0,1.3972413793103449,1.675279047159063,0.2780376678487182,2.6837885057074486,0.5367577011414896,12.266558827078562,12.266558827078562,19.36719211741747,1.4164420136272238,101.5005899565093,295.34696322999554,750.0,5367.577011414894,2683788.505707447,590.6939264599911,5.81961076987917,True
25,28,2.0,1.4486206896551725,1.7183650125308452,0.2697443228756726,2.6837885057074486,0.5367577011414896,13.185276320857731,13.185276320857731,18.73481359180609,1.2714900672262086,103.40787042242034,300.2168002562076,750.0,5367.577011414887,2683788.5057074437,600.4336005124152,5.806459392884203,True
25,29,2.0,1.5,1.761895687545975,0.26189568754597503,2.6837885057074486,0.5367577011414896,14.137166941154069,14.137166941154069,18.14132925671416,1.146366672645761,105.3588177683585,304.9507492116472,750.0,5367.577011414882,2683788.505707441,609.9014984232944,5.788803550968287,True
26,0,2.0,0.01,0.9425005625169821,0.9325005625169821,2.79038556104406,0.558077112208812,0.0006283185307179586,0.0006283185307179586,105.09820189138786,327260727407.5425,100.74920386374912,100.75588881821125,47.130452504043134,5580.771122088118,2790385.561044059,201.5117776364225,2.0001327048593094,True
26,1,2.0,0.06137931034482759,0.9444441381485907,0.8830648278037632,2.79038556104406,0.558077112208812,0.023671396346335083,0.023671396346335083,101.41661034749144,2105516.461475668,103.44136487618454,103.44852514872115,284.4511798262162,5580.771122088121,2790385.5610440606,206.8970502974423,2.0001384411844367,True
26,2,2.0,0.11275862068965517,0.9491690138666882,0.836410393177033,2.79038556104406,0.558077112208812,0.0798876006791208,0.0798876006791208,97.80164720847935,42223.93056313491,106.25732304448013,106.25101636456985,513.0773147613435,5580.771122088119,2790385.5610440597,212.5020327291397,1.9998812942067505,True
26,3,2.0,0.16413793103448276,0.9566339795078933,0.7924960484734105,2.79038556104406,0.558077112208812,0.16927693152907516,0.16927693152907516,94.24375850702478,4007.4822870303487,109.17126406331882,109.17730727922465,731.9428710591949,5580.77112208812,2790385.56104406,218.3546145584493,2.0001107107434852,True
26,4,2.0,0.21551724137931036,0.9667755642736197,0.7512583228943093,2.79038556104406,0.558077112208812,0.29183938889619815,0.29183938889619815,81.0595521624553,1191.730638571805,100.1941685976208,121.7691715382555,749.9999999999997,5580.771122088121,2790385.5610440606,243.538343076511,2.4306638448646605,True
26,5,2.0,0.26689655172413795,0.9795106327483449,0.712614081024207,2.79038556104406,0.558077112208812,0.44757497278048974,0.44757497278048974,70.94246587545291,488.3113620416663,93.62449056725148,133.85698974981892,750.0000000000002,5580.771122088121,2790385.5610440606,267.71397949963784,2.859443911284473,True
26,6,2.0,0.3182758620689655,0.9947395813581417,0.6764637192891761,2.79038556104406,0.558077112208812,0.6364836831819498,0.6364836831819498,63.295227404369506,238.28671072632488,89.22471878567387,144.92115387925307,750.0000000000001,5580.771122088118,2790385.561044059,289.84230775850614,3.2484530262822626,True
26,7,2.0,0.36965517241379314,1.0123498687889967,0.6426946963752036,2.79038556104406,0.558077112208812,0.8585655201005787,0.8585655201005787,57.247236374524945,131.30411843792302,86.22073614539087,155.21926604130695,750.0000000000001,5580.771122088121,2790385.5610440606,310.4385320826139,3.600508949020486,True
26,8,2.0,0.4210344827586207,1.0322196210190189,0.6111851382603981,2.79038556104406,0.558077112208812,1.113820483536376,1.113820483536376,52.30920518345601,79.10029618905772,84.1820594502775,164.9119642371593,750.0,5580.771122088119,2790385.5610440597,329.8239284743186,3.9179836015906755,True
26,9,2.0,0.4724137931034483,1.0542210879408624,0.5818072948374142,2.79038556104406,0.558077112208812,1.402248573489342,1.402248573489342,48.18133819973889,51.00457590274899,82.84751988590797,174.10563898732258,749.9999999999995,5580.771122088122,2790385.561044061,348.21127797464516,4.2030380445205635,True
26,10,2.0,0.5237931034482759,1.078223782693001,0.5544306792447251,2.79038556104406,0.558077112208812,1.7238497899594767,1.7238497899594767,44.66777300634885,34.692265363384934,82.048021621624,182.87408390933783,750.0000000000001,5580.771122088121,2790385.5610440606,365.74816781867565,4.457732929934311,True
26,11,2.0,0.5751724137931035,1.104097194966735,0.5289247811736316,2.79038556104406,0.558077112208812,2.07862413294678,2.07862413294678,41.63403422313203,24.631681813972914,81.66838085861629,191.27047393818225,750.0000000000001,5580.77112208812,2790385.56104406,382.5409478763645,4.684076552694447,True
26,12,2.0,0.626551724137931,1.1317130260649304,0.5051613019269994,2.79038556104406,0.558077112208812,2.4665716024512516,2.4665716024512516,38.98406601187264,18.113969695439163,81.62685976755448,199.33443327870967,749.9999999999995,5580.771122088119,2790385.5610440597,398.66886655741934,4.884040225150062,True
26,13,2.0,0.6779310344827586,1.1609469401569095,0.48301590567415087,2.79038556104406,0.558077112208812,2.887692198472892,2.887692198472892,36.647007737585746,13.715685487666757,81.86346091415372,207.0964124012029,750.0000000000002,5580.771122088121,2790385.5610440606,414.1928248024058,5.059556732358896,True
26,14,2.0,0.7293103448275863,1.1916798602885594,0.46236951546097316,2.79038556104406,0.558077112208812,3.3419859210117013,3.3419859210117013,34.56917149016972,10.64396223537416,82.33287530682878,214.58049975599428,750.0000000000001,5580.771122088115,2790385.5610440574,429.16099951198856,5.212510773037383,True
26,15,2.0,0.7806896551724138,1.223798859305748,0.4431092041333342,2.79038556104406,0.558077112208812,3.829452770067679,3.829452770067679,32.70895993273612,8.435003450888447,83.00004762090408,221.80627933573962,750.0000000000001,5580.771122088114,2790385.561044057,443.61255867147923,5.344726556033356,True
26,16,2.0,0.8320689655172414,1.2571977066960311,0.42512874117878974,2.79038556104406,0.558077112208812,4.350092745640825,4.350092745640825,31.033526744175568,6.805943553050723,83.83728450026953,228.7900847965662,750.0000000000002,5580.771122088116,2790385.561044058,457.5801695931324,5.457955518486066,True
26,17,2.0,0.883448275862069,1.2917771349843943,0.4083288591223253,2.79038556104406,0.558077112208812,4.90390584773114,4.90390584773114,29.516512021567028,5.577942626122125,84.82230958772877,235.54586076849182,750.0000000000001,5580.771122088122,2790385.561044061,471.09172153698364,5.553865767469463,True
26,18,2.0,0.9348275862068965,1.3274448863430226,0.39261730013612606,2.79038556104406,0.558077112208812,5.490892076338623,5.490892076338623,28.136464031748968,4.634328681281879,85.93691951624702,242.0857626411784,750.0000000000001,5580.771122088116,2790385.561044058,484.1715252823568,5.634033986880581,True
26,19,2.0,0.9862068965517242,1.3641155937643301,0.3779086972126059,2.79038556104406,0.558077112208812,6.1110514314632765,6.1110514314632765,26.875712546677025,3.8968604198609254,87.16603279846828,248.4205791515029,749.9999999999998,5580.771122088117,2790385.5610440588,496.8411583030058,5.699940015071289,True
26,20,2.0,1.0375862068965518,1.4017105432601988,0.36412433636364705,2.79038556104406,0.558077112208812,6.764383913105096,6.764383913105096,25.71954727303573,3.3117724600178646,88.49700232120911,254.56003325557617,749.9999999999998,5580.77112208811,2790385.561044055,509.12006651115234,5.752963977957671,True
26,21,2.0,1.0889655172413792,1.440157355321151,0.35119183807977183,2.79038556104406,0.558077112208812,7.450889521264084,7.450889521264084,24.655607325334437,2.8413061457841504,89.91910880491548,260.5129984931379,749.9999999999999,5580.771122088126,2790385.561044063,521.0259969862758,5.794385686324703,True
26,22,2.0,1.140344827586207,1.4793896160739548,0.3390447884877479,2.79038556104406,0.558077112208812,8.170568255940244,8.170568255940244,23.67341980589087,2.4584217494379255,91.42318107597107,266.28765617428013,749.9999999999998,5580.771122088122,2790385.561044061,532.5753123485603,5.825385925983033,True
26,23,2.0,1.1917241379310346,1.5193464816401476,0.32762234370911303,2.79038556104406,0.558077112208812,8.923420117133572,8.923420117133572,22.764045761896657,2.143412020527753,93.00130687094912,271.8916108362474,750.0,5580.771122088116,2790385.561044058,543.7832216724948,5.847049250899901,True
26,24,2.0,1.243103448275862,1.5599722732985246,0.31686882502266256,2.79038556104406,0.558077112208812,9.709445104844063,9.709445104844063,21.919804816715814,1.8816831510561491,94.6466093755064,277.3319760995446,750.0000000000003,5580.77112208811,2790385.561044055,554.6639521990892,5.860367908146435,True
26,25,2.0,1.2944827586206897,1.601216076209285,0.30673331758859534,2.79038556104406,0.558077112208812,10.52864321907173,10.52864321907173,21.134058357360132,1.662270213817832,96.35307224037112,282.61543941600945,750.0000000000001,5580.771122088111,2790385.5610440555,565.2308788320189,5.866246562662192,True
26,26,2.0,1.3458620689655172,1.6430313505910257,0.2971692816255085,2.79038556104406,0.558077112208812,11.38101445981656,11.38101445981656,20.401036931940286,1.4768250282240538,98.11540086438553,287.74831168878296,750.0000000000002,5580.771122088117,2790385.5610440588,575.4966233775659,5.865507538138825,True
26,27,2.0,1.3972413793103449,1.6853755612331345,0.2881341819227896,2.79038556104406,0.558077112208812,12.266558827078562,12.266558827078562,19.715701463486333,1.318914093567406,99.9289111738221,292.7365659935164,750.0000000000001,5580.771122088119,2790385.5610440597,585.4731319870328,5.8588963405057735,True
26,28,2.0,1.4486206896551725,1.728209828939141,0.27958913928396845,2.79038556104406,0.558077112208812,13.185276320857731,13.185276320857731,19.073630639550267,1.183523822229844,101.78943950873965,297.5858684026054,749.9999999999999,5580.771122088114,2790385.561044057,595.1717368052108,5.847087278185763,True
26,29,2.0,1.5,1.7714986057981608,0.27149860579816076,2.79038556104406,0.558077112208812,14.137166941154069,14.137166941154069,18.470928784826967,1.0667067388753257,103.6932689009083,302.3016030490855,750.0000000000003,5580.771122088134,2790385.5610440667,604.603206098171,5.830689036102661,True
27,0,2.0,0.01,0.9603323418986532,0.9503323418986532,2.8969826163806722,0.5793965232761343,0.0006283185307179586,0.0006283185307179586,106.03413408326746,315858274243.4562,100.08876370855482,100.09565337078334,47.0734489409129,5793.965232761342,2896982.616380671,200.19130674156668,2.0001376710426473,True
27,1,2.0,0.06137931034482759,0.9622399007705711,0.9008605904257435,2.8969826163806722,0.5793965232761343,0.023671396346335083,0.023671396346335083,102.376196805732,2027678.2278043958,102.72421567103991,102.7315879005111,284.1335646772534,5793.965232761343,2896982.6163806715,205.4631758010222,2.0001435344027314,True
27,2,2.0,0.11275862068965517,0.96687781722221,0.8541191965325549,2.8969826163806722,0.5793965232761343,0.0798876006791208,0.0798876006791208,98.7821402003802,40572.2984081633,105.4810315555615,105.47453422578836,512.5642060935725,5793.965232761344,2896982.616380672,210.94906845157672,1.9998768057218,True
27,3,2.0,0.16413793103448276,0.9742070967206267,0.8100691656861438,2.8969826163806722,0.5793965232761343,0.16927693152907516,0.16927693152907516,95.24114143932337,3842.232452269135,108.3328859186829,108.33925945392927,731.3010161493772,5793.965232761342,2896982.616380671,216.67851890785855,2.000117665752044,True
27,4,2.0,0.21551724137931036,0.9841676118569945,0.7686503704776841,2.8969826163806722,0.5793965232761343,0.29183938889619815,0.29183938889619815,81.99247049630712,1138.4108231687796,99.4246376122552,120.77349073887626,750.0,5793.965232761341,2896982.6163806706,241.54698147775252,2.429447944479902,True
27,5,2.0,0.26689655172413795,0.9966804784978922,0.7297839267737543,2.8969826163806722,0.5793965232761343,0.44757497278048974,0.44757497278048974,71.79202891813377,465.60436260886644,92.8647114466924,132.74079896142936,750.0,5793.965232761344,2896982.616380672,265.4815979228587,2.8587995783011126,True
27,6,2.0,0.3182758620689655,1.0116509928193098,0.6933751307503443,2.8969826163806722,0.5793965232761343,0.6364836831819498,0.6364836831819498,64.08152528175003,226.80484044272436,88.4622153904285,143.6911478751178,749.9999999999999,5793.965232761344,2896982.616380672,287.3822957502356,3.248644570813337,True
27,7,2.0,0.36965517241379314,1.0289718914473918,0.6593167190335987,2.8969826163806722,0.5793965232761343,0.8585655201005787,0.8585655201005787,57.98280380672907,124.76696268355246,85.44731978582017,153.8812396565071,749.9999999999999,5793.96523276134,2896982.61638067,307.7624793130142,3.6017803728009596,True
27,8,2.0,0.4210344827586207,1.04852670093249,0.6274922181738691,2.8969826163806722,0.5793965232761343,1.113820483536376,1.113820483536376,53.002444587447116,75.0424477770993,83.39191930316291,163.47133272920996,749.9999999999999,5793.965232761346,2896982.616380673,326.9426654584199,3.9205557107979834,True
27,9,2.0,0.4724137931034483,1.0701929726974195,0.5977791795939713,2.8969826163806722,0.5793965232761343,1.402248573489342,1.402248573489342,48.83820227208429,48.31543521664957,82.0362900891483,172.56767343350688,750.0000000000001,5793.965232761341,2896982.6163806706,345.13534686701377,4.207105739325334,True
27,10,2.0,0.5237931034482759,1.0938452459633072,0.5700521425150313,2.8969826163806722,0.5793965232761343,1.7238497899594767,1.7238497899594767,45.29267434175336,32.816933932986394,81.21227789162572,181.2440073475491,750.0000000000001,5793.965232761341,2896982.6163806706,362.4880146950982,4.463463211545707,True
27,11,2.0,0.5751724137931035,1.1193576338620008,0.5441852200688974,2.8969826163806722,0.5793965232761343,2.07862413294678,2.07862413294678,42.230372137083876,23.26957285953211,80.80534773284596,189.55348642931278,750.0000000000003,5793.965232761347,2896982.6163806734,379.10697285862557,4.691607467763241,True
27,12,2.0,0.626551724137931,1.146605978493382,0.5200542543554509,2.8969826163806722,0.5793965232761343,2.4665716024512516,2.4665716024512516,39.5545477731765,17.091354317071687,80.73422995889025,197.53570120240116,750.0,5793.965232761343,2896982.6163806715,395.0714024048023,4.893480777682181,True
27,13,2.0,0.6779310344827586,1.1754695633709173,0.49753852888815875,2.8969826163806722,0.5793965232761343,2.887692198472892,2.887692198472892,37.19385234116291,12.926678480219055,80.93927829180127,205.22104143024524,749.9999999999998,5793.96523276134,2896982.61638067,410.4420828604905,5.070987677710318,True
27,14,2.0,0.7293103448275863,1.2058324037647539,0.4765220589371676,2.8969826163806722,0.5793965232761343,3.3419859210117013,3.3419859210117013,35.09424304257701,10.021106819292003,81.37545589797095,212.6335024745611,749.9999999999998,5793.965232761341,2896982.6163806706,425.2670049491222,5.225986143565507,True
27,15,2.0,0.7806896551724138,1.2375841565686652,0.4568945013962513,2.8969826163806722,0.5793965232761343,3.829452770067679,3.829452770067679,33.213857264362524,7.93368483173175,82.00792431827266,219.7925435947195,750.0000000000001,5793.965232761344,2896982.616380672,439.585087189439,5.360275739737172,True
27,16,2.0,0.8320689655172414,1.2706207027565244,0.438551737239283,2.8969826163806722,0.5793965232761343,4.350092745640825,4.350092745640825,31.519644994896282,6.395692941081297,82.80916709028341,226.71434598031237,749.9999999999999,5793.965232761344,2896982.616380672,453.42869196062475,5.475585709807589,True
27,17,2.0,0.883448275862069,1.304844459320809,0.4213961834587401,2.8969826163806722,0.5793965232761343,4.90390584773114,4.90390584773114,29.98508586030841,5.237366880825158,83.7570549928582,233.412679375158,749.9999999999999,5793.965232761347,2896982.6163806734,466.825358750316,5.573564624378463,True
27,18,2.0,0.9348275862068965,1.340164476036417,0.40533688982952054,2.8969826163806722,0.5793965232761343,5.490892076338623,5.490892076338623,28.588598609167185,4.3480390415010275,84.83350903911288,239.89950751781564,750.0000000000002,5793.965232761345,2896982.6163806724,479.79901503563127,5.655772353049993,True
27,19,2.0,0.9862068965517242,1.3764963674862114,0.3902894709344872,2.8969826163806722,0.5793965232761343,6.1110514314632765,6.1110514314632765,27.312406120307482,3.653549145570803,86.02355428988791,246.18541611749015,749.9999999999999,5793.96523276134,2896982.61638067,492.3708322349803,5.723674594701775,True
27,20,2.0,1.0375862068965518,1.4137621241349358,0.37617591723838406,2.8969826163806722,0.5793965232761343,6.764383913105096,6.764383913105096,26.141708095771822,3.102972490548429,87.31463589567912,252.27991853068016,750.0000000000002,5793.965232761349,2896982.6163806748,504.5598370613603,5.77863987962102,True
27,21,2.0,1.0889655172413792,1.4518898390158037,0.36292432177442446,2.8969826163806722,0.5793965232761343,7.450889521264084,7.450889521264084,25.064066526363508,2.6605701304773652,88.69611517193793,258.19167621226524,750.0000000000001,5793.965232761338,2896982.6163806687,516.3833524245305,5.821938778530698,True
27,22,2.0,1.140344827586207,1.4908133795680691,0.3504685519818622,2.8969826163806722,0.5793965232761343,8.170568255940244,8.170568255940244,24.068941432274933,2.300765875068389,90.15889184424215,263.92865924823394,749.9999999999999,5793.965232761352,2896982.616380676,527.8573184964679,5.854744969674099,True
27,23,2.0,1.1917241379310346,1.5304720277822852,0.3387478898512506,2.8969826163806722,0.5793965232761343,8.923420117133572,8.923420117133572,23.147334778445252,2.0049312749145463,91.69511637323828,269.4982644589356,749.9999999999999,5793.965232761343,2896982.6163806715,538.9965289178712,5.878137792245393,True
27,24,2.0,1.243103448275862,1.5708101062865272,0.3277066580106651,2.8969826163806722,0.5793965232761343,9.709445104844063,9.709445104844063,22.291513614137575,1.759280111339603,93.29796769031493,274.90740327604016,750.0000000000002,5793.965232761327,2896982.616380663,549.8148065520803,5.893105928921059,True
27,25,2.0,1.2944827586206897,1.611776603398493,0.3172938447778033,2.8969826163806722,0.5793965232761343,10.52864321907173,10.52864321907173,21.494792151552904,1.5534605618395132,94.96147917397245,280.16256797295523,750.0,5793.965232761337,2896982.6163806682,560.3251359459105,5.900551895567855,True
27,26,2.0,1.3458620689655172,1.6533248064360173,0.3074627374705001,2.8969826163806722,0.5793965232761343,11.38101445981656,11.38101445981656,20.751358323583503,1.3795958953137402,96.68040071740353,285.26988231693525,750.0,5793.965232761352,2896982.616380676,570.5397646338705,5.901297061247773,True
27,27,2.0,1.3972413793103449,1.6954119496316011,0.29817057032125627,2.8969826163806722,0.5793965232761343,12.266558827078562,12.266558827078562,20.05613434919783,1.2316194027554708,98.45008815898665,290.2351409550118,750.0000000000003,5793.965232761342,2896982.616380671,580.4702819100236,5.896086969192191,True
27,28,2.0,1.4486206896551725,1.7379988807227638,0.2893781910675912,2.8969826163806722,0.5793965232761343,13.185276320857731,13.185276320857731,19.404663612136694,1.1048059466176692,100.26641371668511,295.0638406094513,750.0000000000003,5793.965232761329,2896982.6163806645,590.1276812189026,5.885596775071459,True
27,29,2.0,1.5,1.7810497485742929,0.2810497485742929,2.8969826163806722,0.5793965232761343,14.137166941154069,14.137166941154069,18.79301812284825,0.9954371483606863,102.12569273271546,299.76120528316756,749.9999999999999,5793.965232761357,2896982.6163806785,599.5224105663351,5.87043666019884,True
28,0,2.0,0.01,0.9778389966902916,0.9678389966902916,3.0035796717172842,0.6007159343434567,0.0006283185307179586,0.0006283185307179586,106.93868922998821,305306189160.10864,99.45941041234734,99.46650071293068,47.01394949873673,6007.159343434567,3003579.6717172833,198.93300142586136,2.0001425767668226,True
28,1,2.0,0.06137931034482759,0.9797124696494798,0.9183331593046522,3.0035796717172842,0.6007159343434567,0.023671396346335083,0.023671396346335083,103.31099263180839,1955279.5939369858,102.04917647814773,102.04356965555193,283.8408817297354,6007.159343434567,3003579.6717172833,204.08713931110387,1.999890115279921,True
28,2,2.0,0.11275862068965517,0.9842680579944214,0.8715094373047663,3.0035796717172842,0.6007159343434567,0.0798876006791208,0.0798876006791208,99.72929208996725,39052.81922200242,104.74286628282042,104.73618093615474,512.0156945090442,6007.159343434568,3003579.671717284,209.47236187230948,1.999872347456148,True
28,3,2.0,0.16413793103448276,0.9914687911641782,0.8273308601296954,3.0035796717172842,0.6007159343434567,0.16927693152907516,0.16927693152907516,96.20451285681048,3690.6275822078437,107.53635029426621,107.54307779231613,730.6018383001152,6007.159343434567,3003579.6717172833,215.08615558463225,2.000125120445905,True
28,4,2.0,0.21551724137931036,1.0012576016091084,0.785740360229798,3.0035796717172842,0.6007159343434567,0.29183938889619815,0.29183938889619815,82.89896008408174,1089.4281037185797,98.69972074574454,119.82299007068957,750.0000000000001,6007.159343434566,3003579.671717283,239.64598014137914,2.428030984593353,True
28,5,2.0,0.26689655172413795,1.0135595062799774,0.7466629545558394,3.0035796717172842,0.6007159343434567,0.44757497278048974,0.44757497278048974,72.61751488036904,444.7914391650954,92.14930431717343,131.67565457296575,750.0000000000003,6007.159343434566,3003579.671717283,263.3513091459315,2.857876259591598,True
28,6,2.0,0.3182758620689655,1.028284312738466,0.7100084506695005,3.0035796717172842,0.6007159343434567,0.6364836831819498,0.6364836831819498,64.84559340889592,216.302632444894,87.74449157891631,142.51769736754645,749.9999999999999,6007.159343434566,3003579.671717283,285.0353947350929,3.2484705262521874,True
28,7,2.0,0.36965517241379314,1.0453296369760818,0.6756744645622887,3.0035796717172842,0.6007159343434567,0.8585655201005787,0.8585655201005787,58.69767791841952,118.7989953704258,84.71950664988478,152.60492825015353,750.0000000000001,6007.159343434566,3003579.671717283,305.20985650030707,3.6025924674187437,True
28,8,2.0,0.4210344827586207,1.0645840216347864,0.6435495388761656,3.0035796717172842,0.6007159343434567,1.113820483536376,1.113820483536376,53.67631838103723,71.3443709904347,82.64849283101788,162.0972205500747,750.0000000000001,6007.159343434569,3003579.6717172842,324.1944411001494,3.9225693052018924,True
28,9,2.0,0.4724137931034483,1.0859299679825876,0.6135161748791393,3.0035796717172842,0.6007159343434567,1.402248573489342,1.402248573489342,49.47687773515246,45.86859433432012,81.27309326658742,171.10066923908923,750.0000000000001,6007.159343434568,3003579.671717284,342.20133847817846,4.210512049242532,True
28,10,2.0,0.5237931034482759,1.1092467348017088,0.5854536313534329,3.0035796717172842,0.6007159343434567,1.7238497899594767,1.7238497899594767,45.900448130202975,31.1130193499222,80.42604516088812,179.6889679415868,750.0,6007.159343434565,3003579.6717172824,359.3779358831736,4.468427300686696,True
28,11,2.0,0.5751724137931035,1.1344128036287588,0.5592403898356554,3.0035796717172842,0.6007159343434567,2.07862413294678,2.07862413294678,42.81054949183999,22.03356831260901,79.99342852502892,187.91524683078455,750.0,6007.159343434567,3003579.6717172833,375.8304936615691,4.698267102578014,True
28,12,2.0,0.626551724137931,1.1613079550526166,0.5347562309146856,3.0035796717172842,0.6007159343434567,2.4665716024512516,2.4665716024512516,40.1097563326282,16.164492621388426,79.89441813456843,195.81906927987745,750.0000000000002,6007.159343434566,3003579.671717283,391.6381385597549,4.901946189783969,True
28,13,2.0,0.6779310344827586,1.18981493979658,0.5118839053138214,3.0035796717172842,0.6007159343434567,2.887692198472892,2.887692198472892,37.726241549000974,12.212299119225424,80.06970164597844,203.43077563726976,750.0000000000001,6007.159343434566,3003579.671717283,406.8615512745395,5.0813421670214804,True
28,14,2.0,0.7293103448275863,1.2198207583578862,0.4905104135302999,3.0035796717172842,0.6007159343434567,3.3419859210117013,3.3419859210117013,35.60561492018807,9.457693748332384,80.47450152937715,210.77428329246123,749.9999999999998,6007.159343434564,3003579.671717282,421.54856658492247,5.238287390087611,True
28,15,2.0,0.7806896551724138,1.2512175834528136,0.4705279282803998,3.0035796717172842,0.6007159343434567,3.829452770067679,3.829452770067679,33.70575442937065,7.480592449925149,81.07418634394423,217.86894468029442,750.0000000000001,6007.159343434569,3003579.6717172842,435.73788936058884,5.374557661448994,True
28,16,2.0,0.8320689655172414,1.2839033712959897,0.45183440577874834,3.0035796717172842,0.6007159343434567,4.350092745640825,4.350092745640825,31.993411248693352,6.025189081275498,81.84140879386624,224.7308082450913,750.0000000000001,6007.159343434564,3003579.671717282,449.4616164901826,5.491860698808845,True
28,17,2.0,0.883448275862069,1.3177822124964118,0.43433393663434283,3.0035796717172842,0.6007159343434567,4.90390584773114,4.90390584773114,30.44190875586996,4.929997112922944,82.75418059420865,231.37348952584153,750.0000000000002,6007.159343434569,3003579.6717172842,462.74697905168307,5.591826004788782,True
28,18,2.0,0.9348275862068965,1.3527644729891781,0.4179368867822816,3.0035796717172842,0.6007159343434567,5.490892076338623,5.490892076338623,29.02953995147413,4.089820900197939,83.79454206105147,237.80878155546802,750.0,6007.159343434566,3003579.671717283,475.61756311093603,5.675996925484814,True
28,19,2.0,0.9862068965517242,1.3887667717275134,0.4025598751757892,3.0035796717172842,0.6007159343434567,6.1110514314632765,6.1110514314632765,27.73842425278846,3.4342163737922897,84.94762056810026,244.0470876866478,750.0,6007.159343434575,3003579.6717172875,488.0941753732956,5.745825158010205,True
28,20,2.0,1.0375862068965518,1.4257118363085333,0.3881256294119815,3.0035796717172842,0.6007159343434567,6.764383913105096,6.764383913105096,26.553674514219757,2.914843612723807,86.20094993819828,250.0977316782211,749.9999999999999,6007.159343434566,3003579.671717283,500.1954633564422,5.802667647108959,True
28,21,2.0,1.0889655172413792,1.4635282714006794,0.3745627541593002,3.0035796717172842,0.6007159343434567,7.450889521264084,7.450889521264084,25.462778521863562,2.4978001042821876,87.54396899303462,255.96918196064104,750.0000000000001,6007.159343434576,3003579.671717288,511.9383639212821,5.847785630578551,True
28,22,2.0,1.140344827586207,1.502150268532044,0.3618054409458371,3.0035796717172842,0.6007159343434567,8.170568255940244,8.170568255940244,24.455131916585056,2.1588394641027673,88.96764566858134,261.6692153420484,749.9999999999997,6007.159343434568,3003579.671717284,523.3384306840968,5.882345506068755,True
28,23,2.0,1.1917241379310346,1.5415172799471772,0.34979314201614264,3.0035796717172842,0.6007159343434567,8.923420117133572,8.923420117133572,23.521680082110972,1.8803128175752757,90.46419078514585,267.2050376632298,750.0,6007.159343434574,3003579.671717287,534.4100753264596,5.907421165085018,True
28,24,2.0,1.243103448275862,1.5815736740865456,0.33847022581068353,3.0035796717172842,0.6007159343434567,9.709445104844063,9.709445104844063,22.6546398040415,1.6491667905570742,92.02683692321406,272.58337365941986,750.0,6007.159343434561,3003579.6717172805,545.1667473188397,5.923997450588456,True
28,25,2.0,1.2944827586206897,1.62226838587655,0.32778562725586036,3.0035796717172842,0.6007159343434567,10.52864321907173,10.52864321907173,21.847280249594597,1.4556055849879819,93.6496653170468,277.81053467972924,750.0000000000003,6007.159343434578,3003579.671717289,555.6210693594585,5.932974426319923,True
28,26,2.0,1.3458620689655172,1.663554571430832,0.3176925024653148,3.0035796717172842,0.6007159343434567,11.38101445981656,11.38101445981656,21.09374869547874,1.2921797816126535,95.32746867328721,282.89247040781095,750.0000000000001,6007.159343434576,3003579.671717288,565.7849408156219,5.935172187931671,True
28,27,2.0,1.3972413793103449,1.7053892738918441,0.30814789458149927,3.0035796717172842,0.6007159343434567,12.266558827078562,12.266558827078562,20.38893045484804,1.1531549420814362,97.05564122611784,287.83480896858794,750.0,6007.1593434345505,3003579.6717172754,575.6696179371759,5.931335991032144,True
28,28,2.0,1.4486206896551725,1.7477331048948244,0.2991124152396518,3.0035796717172842,0.6007159343434567,13.185276320857731,13.185276320857731,19.728335255323763,1.0340670954691111,98.83008969833801,292.64288856300374,750.0000000000002,6007.15934343457,3003579.6717172847,585.2857771260075,5.92214151492215,True
28,29,2.0,1.5,1.7905499444160378,0.29054994441603776,3.0035796717172842,0.6007159343434567,14.137166941154069,14.137166941154069,19.10800430058929,0.9314051883682688,100.6471604952562,297.32178288935484,749.9999999999999,6007.159343434558,3003579.6717172787,594.6435657787097,5.908200120625728,True
29,0,2.0,0.01,0.9950376877284599,0.9850376877284599,3.110176727053896,0.622035345410779,0.0006283185307179586,0.0006283185307179586,107.8138689603903,295512944845.39496,98.85868716278509,98.86597418831302,46.95226587146737,6220.35345410779,3110176.7270538947,197.73194837662604,2.0001474230689698,True
29,1,2.0,0.06137931034482759,0.9968788390463541,0.9354995287015265,3.110176727053896,0.622035345410779,0.023671396346335083,0.023671396346335083,104.2080621864497,1888816.3143772297,101.3985130270359,101.3927496173933,283.492263614457,6220.353454107789,3110176.727053894,202.7854992347866,1.9998863216141827,True
29,2,2.0,0.11275862068965517,1.0013563334497035,0.8885977127600484,3.110176727053896,0.622035345410779,0.0798876006791208,0.0798876006791208,100.64525301864359,37650.44834740471,104.03971386396475,104.03284299747638,511.43600149407433,6220.353454107789,3110176.727053894,208.06568599495276,1.999867918389369,True
29,3,2.0,0.16413793103448276,1.0084350551246624,0.8442971240901795,3.110176727053896,0.622035345410779,0.16927693152907516,0.16927693152907516,97.13606592498967,3551.0759526792585,106.77819882439597,106.78530243533046,729.8520055383052,6220.35345410779,3110176.7270538947,213.57060487066093,2.0001330535823363,True
29,4,2.0,0.21551724137931036,1.0180607454036072,0.8025435040242969,3.110176727053896,0.622035345410779,0.29183938889619815,0.29183938889619815,83.78067281645674,1044.2861787486383,98.01548340385735,118.91409298510916,750.0000000000001,6220.35345410779,3110176.7270538947,237.82818597021833,2.426434862237885,True
29,5,2.0,0.26689655172413795,1.0301620112012653,0.7632654594771273,3.110176727053896,0.622035345410779,0.44757497278048974,0.44757497278048974,73.42042343426075,425.6517369537368,91.47432699111688,130.65750153446544,750.0000000000005,6220.353454107791,3110176.727053895,261.3150030689309,2.8567032047615646,True
29,6,2.0,0.3182758620689655,1.0446528248062814,0.7263769627373159,3.110176727053896,0.622035345410779,0.6364836831819498,0.6364836831819498,65.58880841875381,206.66394560910516,87.06754680653005,141.396303742159,749.9999999999999,6220.353454107788,3110176.7270538937,282.792607484318,3.2479680185856417,True
29,7,2.0,0.36965517241379314,1.0614353237443492,0.6917801513305561,3.110176727053896,0.622035345410779,0.8585655201005787,0.8585655201005787,59.39313044395338,113.33174775266865,84.03320633523568,151.3854257282701,749.9999999999999,6220.353454107789,3110176.727053894,302.7708514565402,3.602990587419564,True
29,8,2.0,0.4210344827586207,1.0804027192078978,0.659368236449277,3.110176727053896,0.622035345410779,1.113820483536376,1.113820483536376,54.332005952639236,67.96223238877006,81.9475788282586,160.7843515099603,749.9999999999999,6220.3534541077925,3110176.727053896,321.5687030199206,3.924078143832013,True
29,9,2.0,0.4724137931034483,1.1014421418823541,0.6290283487789059,3.110176727053896,0.622035345410779,1.402248573489342,1.402248573489342,50.098461160545654,43.634201043850105,80.55360271516884,169.69901819390566,750.0,6220.353454107788,3110176.7270538937,339.3980363878113,4.213319143377062,True
29,10,2.0,0.5237931034482759,1.1244372882557643,0.6006441848074884,3.110176727053896,0.622035345410779,1.7238497899594767,1.7238497899594767,46.492115916801644,29.559195765189635,79.6848604356938,178.20306338811716,750.0000000000001,6220.353454107791,3110176.727053895,356.4061267762343,4.472695626590905,True
29,11,2.0,0.5751724137931035,1.1492707712234682,0.5740983574303647,3.110176727053896,0.622035345410779,2.07862413294678,2.07862413294678,43.37551951966148,20.907845747696307,79.2280156829047,186.34959570452418,750.0000000000001,6220.3534541077925,3110176.727053896,372.69919140904835,4.704133862202319,True
29,12,2.0,0.626551724137931,1.1758261193816941,0.5492743952437631,3.110176727053896,0.622035345410779,2.4665716024512516,2.4665716024512516,40.650582589972196,15.321280913446458,79.10266559670842,194.1781562442145,750.0,6220.353454107788,3110176.7270538937,388.356312488429,4.909522448565742,True
29,13,2.0,0.6779310344827586,1.2039894050675295,0.5260583705847709,3.110176727053896,0.622035345410779,2.887692198472892,2.887692198472892,38.245009352387605,11.563052872435096,79.24981569205688,201.71904507559597,749.9999999999999,6220.35345410779,3110176.7270538947,403.43809015119194,5.090713292240856,True
29,14,2.0,0.7293103448275863,1.2336505092904282,0.5043401644628419,3.110176727053896,0.622035345410779,3.3419859210117013,3.3419859210117013,36.10406916498382,8.94611752576386,79.6249356890384,208.99611425143266,749.9999999999999,6220.353454107787,3110176.7270538937,417.9922285028653,5.249514173992713,True
29,15,2.0,0.7806896551724138,1.2647040514259542,0.48401439625354037,3.110176727053896,0.622035345410779,3.829452770067679,3.829452770067679,34.1853860636945,7.069525224832461,80.19359189261054,216.0286246443991,750.0,6220.353454107788,3110176.7270538937,432.0572492887982,5.387677981395047,True
29,16,2.0,0.8320689655172414,1.2970500234674576,0.46498105795021616,3.110176727053896,0.622035345410779,4.350092745640825,4.350092745640825,32.45551689264971,5.689298937419007,80.92859887256438,222.83250899079286,750.0000000000001,6220.353454107787,3110176.7270538937,445.6650179815857,5.506891558611559,True
29,17,2.0,0.883448275862069,1.3305941740905312,0.4471458982284622,3.110176727053896,0.622035345410779,4.90390584773114,4.90390584773114,30.887632640128746,4.651528550852468,81.8081034079974,229.4212466800987,750.0000000000002,6220.353454107789,3110176.727053894,458.8424933601974,5.608765809810253,True
29,18,2.0,0.9348275862068965,1.3652481884014396,0.43042060219454303,3.110176727053896,0.622035345410779,5.490892076338623,5.490892076338623,29.45990398625557,3.8560228171288333,82.81426030283536,235.80647848320586,750.0000000000001,6220.3534541077925,3110176.727053896,471.61295696641173,5.694827862276575,True
29,19,2.0,0.9862068965517242,1.4009297065899429,0.41472281003821865,3.110176727053896,0.622035345410779,6.1110514314632765,6.1110514314632765,28.154349996957635,3.235733751728617,83.93229522619211,241.9984437314003,750.0000000000002,6220.353454107789,3110176.727053894,483.9968874628006,5.766515572563103,True
29,20,2.0,1.0375862068965518,1.4375622201289147,0.39997601323236287,3.110176727053896,0.622035345410779,6.764383913105096,6.764383913105096,26.955999537041347,2.744681835027537,85.14982726949218,248.0062944401574,749.9999999999998,6220.353454107778,3110176.727053889,496.0125888803148,5.825174340171894,True
29,21,2.0,1.0889655172413792,1.47507487868948,0.3861093614481008,3.110176727053896,0.622035345410779,7.450889521264084,7.450889521264084,25.852268831074195,2.3506403994360943,86.45636983809347,253.83832312491722,750.0,6220.353454107791,3110176.727053895,507.67664624983445,5.872056011610928,True
29,22,2.0,1.140344827586207,1.513402235297218,0.37305740771101115,3.110176727053896,0.622035345410779,8.170568255940244,8.170568255940244,24.832491590910276,2.0305757696538005,87.84295654010964,259.50212950620624,749.9999999999998,6220.353454107787,3110176.7270538937,519.0042590124125,5.908319567721197,True
29,23,2.0,1.1917241379310346,1.5524839519065785,0.3607598139755439,3.110176727053896,0.622035345410779,8.923420117133572,8.923420117133572,23.887558890554654,1.7677318177625576,89.301856329618,265.0047436133825,750.0,6220.353454107797,3110176.7270538984,530.009487226765,5.93503325698484,True
29,24,2.0,1.243103448275862,1.5922644827777008,0.3491610345018388,3.110176727053896,0.622035345410779,9.709445104844063,9.709445104844063,23.009639354871876,1.5497226479754398,90.82635346835582,270.35271758314104,750.0000000000002,6220.353454107792,3110176.7270538956,540.7054351662821,5.953177844519163,True
29,25,2.0,1.2944827586206897,1.6326927489170249,0.33820999029633514,3.110176727053896,0.622035345410779,10.52864321907173,10.52864321907173,22.191959049200683,1.3672585968380955,92.4105752948421,275.55219486042375,749.9999999999998,6220.353454107785,3110176.727053893,551.1043897208475,5.963650674855256,True
29,26,2.0,1.3458620689655172,1.6737218134087106,0.32785974444319343,3.110176727053896,0.622035345410779,11.38101445981656,11.38101445981656,21.428626385686645,1.2132789998544882,94.04935576143853,280.60896300909803,750.0000000000001,6220.353454107787,3110176.7270538937,561.2179260181961,5.967270285633394,True
29,27,2.0,1.3972413793103449,1.7153085646778177,0.3180671853674728,3.110176727053896,0.622035345410779,12.266558827078562,12.266558827078562,20.714491420221734,1.082351548025819,95.7381260882872,285.5284945807106,750.0000000000001,6220.353454107794,3110176.727053897,571.0569891614213,5.964781351943398,True
29,28,2.0,1.4486206896551725,1.7574134125176772,0.3087927228625047,3.110176727053896,0.622035345410779,13.185276320857731,13.185276320857731,20.04503173840446,0.9702496262482109,97.47282623015069,290.3159792424146,750.0,6220.353454107772,3110176.7270538863,580.6319584848292,5.956859782785551,True
29,29,2.0,1.5,1.8,0.30000000000000004,3.110176727053896,0.622035345410779,14.137166941154069,14.137166941154069,19.416259125556994,0.8736505140299357,99.24983250235928,294.97634947540865,750.0,6220.353454107799,3110176.7270538993,589.9526989508173,5.944117829486447,True
