row_i,col_j,solenoid_length_m,ri,rf,th,a,a_sc,v,v_bore,b0,scan,je_sc,je_max,stress,rebco_pancake_length,rebco_total_length,j_crit,margin,converged
0,0,7.0,0.01,0.07812809993849779,0.06812809993849779,0.018862122292152797,0.0037724244584305586,0.0021991148575128553,0.0021991148575128553,23.09749562064025,1476848299923.6777,269.8174413971447,269.80684899110884,31.157575090508193,37.72424458430558,66017.42802253476,539.6136979822177,1.9999214846454623,True
0,1,7.0,0.06137931034482759,0.09885049184706446,0.03747118150223687,0.018862122292152797,0.0037724244584305586,0.08284988721217279,0.08284988721217279,15.465496343409292,40988307.077560596,328.5280273805749,328.51347893144845,155.88792740601593,37.724244584305616,66017.42802253483,657.0269578628969,1.9999114325237792,True
0,2,7.0,0.11275862068965517,0.13681559318964132,0.024056972499986146,0.018862122292152797,0.0037724244584305586,0.2796066023769228,0.2796066023769228,11.309829566650462,2485647.3950104103,374.3535283248045,374.3423233132364,238.550891591785,37.72424458430555,66017.42802253472,748.6846466264728,1.9999401367385627,True
0,3,7.0,0.16413793103448276,0.18150829293528303,0.01737036190080027,0.018862122292152797,0.0037724244584305586,0.5924692603517631,0.5924692603517631,8.897328549533809,531084.8555071,408.1033317458093,408.10956139763124,297.63190511552585,37.72424458430567,66017.42802253492,816.2191227952625,2.000030529776835,True
0,4,7.0,0.21551724137931036,0.2290233204976031,0.013506079118292741,0.018862122292152797,0.0037724244584305586,1.0214378611366934,1.0214378611366934,7.345143037664133,186086.25735831578,433.6460149761451,433.64088432169723,342.54165003272294,37.724244584305815,66017.42802253518,867.2817686433945,1.9999763371308823,True
0,5,7.0,0.26689655172413795,0.27791683886053997,0.011020287136402018,0.018862122292152797,0.0037724244584305586,1.566512404731714,1.566512404731714,6.26305793189386,84624.60616511418,453.6231910118974,453.62888864196924,377.99238483198985,37.724244584305076,66017.42802253389,907.2577772839385,2.0000251205413866,True
0,6,7.0,0.3182758620689655,0.3275721666682673,0.009296304599301752,0.018862122292152797,0.0037724244584305586,2.227692891136824,2.227692891136824,5.464352328157291,45159.521506315534,469.7418806941811,469.73410109351147,406.75311345158894,37.72424458430475,66017.4280225333,939.4682021870229,1.9999668771255477,True
0,7,7.0,0.36965517241379314,0.3776889546866191,0.008033782272825973,0.018862122292152797,0.0037724244584305586,3.0049793203520254,3.0049793203520254,4.848904336492028,26856.067134816665,483.03091109771657,483.02833553061316,430.4513778728638,37.724244584304714,66017.42802253325,966.0566710612263,1.9999893358083543,True
0,8,7.0,0.4210344827586207,0.4281051689384504,0.007070686179829699,0.018862122292152797,0.0037724244584305586,3.8983716923773164,3.8983716923773164,4.359228232549636,17265.238832540497,494.2086072197091,494.2112278121622,450.2310672993986,37.724244584305325,66017.42802253432,988.4224556243244,2.0000106052076583,True
0,9,7.0,0.4724137931034483,0.4787262181188613,0.006312425015413015,0.018862122292152797,0.0037724244584305586,4.907870007212697,4.907870007212697,3.959656194984326,11771.046710766292,503.7603474984224,503.76644857608005,466.8758775955285,37.724244584305325,66017.42802253432,1007.5328971521601,2.0000242221432787,True
0,10,7.0,0.5237931034482759,0.529493357106561,0.005700253658285082,0.018862122292152797,0.0037724244584305586,6.033474264858168,6.033474264858168,3.626984349626629,8401.320669988265,512.0392989732965,512.0366609058103,480.96901320519635,37.724244584307826,66017.42802253869,1024.0733218116206,1.9999896958397865,True
0,11,7.0,0.5751724137931035,0.5803682499832197,0.00519583619011621,0.018862122292152797,0.0037724244584305586,7.275184465313729,7.275184465313729,3.3452513769404497,6221.476130925307,519.2800749033228,519.2770323599783,492.90163009543653,37.72424458430735,66017.42802253786,1038.5540647199566,1.9999882816865444,True
0,12,7.0,0.626551724137931,0.6313248474598587,0.004773123321927697,0.018862122292152797,0.0037724244584305586,8.63300060857938,8.63300060857938,3.103354373403025,4748.507361802496,525.6781523076925,525.6751785264239,503.01062172631754,37.72424458430491,66017.4280225336,1051.3503570528478,1.9999886859240563,True
0,13,7.0,0.6779310344827586,0.6823448450123025,0.004413810529543927,0.018862122292152797,0.0037724244584305586,10.106922694655122,10.106922694655122,2.8932001383952017,3716.876362438895,531.3783876819149,531.3756765842962,511.5509834479775,37.72424458430703,66017.42802253731,1062.7513531685925,1.9999897959808621,True
0,14,7.0,0.7293103448275863,0.7334150114856749,0.004104666658088618,0.018862122292152797,0.0037724244584305586,11.696950723540954,11.696950723540954,2.7087681209620196,2972.2977799906494,536.4936297759125,536.4912430251754,518.7263143866853,37.724244584304316,66017.42802253255,1072.9824860503509,1.9999911024079147,True
0,15,7.0,0.7806896551724138,0.7845255494202992,0.0038358942478853297,0.018862122292152797,0.0037724244584305586,13.403084695236876,13.403084695236876,2.545484027315971,2420.9795750857306,541.1131972599064,541.111135467478,524.7019664381559,37.72424458430796,66017.42802253894,1082.222270934956,1.9999923794413483,True
0,16,7.0,0.8320689655172414,0.8356690513456462,0.0036000858284047643,0.018862122292152797,0.0037724244584305586,15.225324609742886,15.225324609742886,2.3998082580609923,2003.674297481653,545.3087729167993,545.3070104555972,529.6142922160687,37.72424458430239,66017.42802252919,1090.6140209111943,1.9999935359147343,True
0,17,7.0,0.883448275862069,0.8868398142413669,0.0033915383792979537,0.018862122292152797,0.0037724244584305586,17.163670467058992,17.163670467058992,2.2689577285299127,1681.7018094607527,549.1385950210727,549.1370969809651,533.577295758386,37.72424458430784,66017.42802253872,1098.2741939619302,1.9999945440363467,True
0,18,7.0,0.9348275862068965,0.938033376769405,0.0032057905625084704,0.018862122292152797,0.0037724244584305586,19.21812226718518,19.21812226718518,2.1507131287466676,1429.076195438837,552.6504975814006,552.6492278309665,536.6875075556601,37.72424458430278,66017.42802252987,1105.298455661933,1.9999954048700233,True
0,19,7.0,0.9862068965517242,0.9892461992882172,0.003039302736492999,0.018862122292152797,0.0037724244584305586,21.38868001012147,21.38868001012147,2.043282433795475,1227.8961023734796,555.8841547582606,555.8830795501123,539.027617504297,37.724244584303904,66017.42802253184,1111.7661591002245,1.999996131538778,True
0,20,7.0,1.0375862068965518,1.0404754378369407,0.002889230940388954,0.018862122292152797,0.0037724244584305586,23.675343695867838,23.675343695867838,1.9452023569142023,1065.5529777870497,558.8727640160494,558.8718533708005,540.6692215298315,37.72424458429552,66017.42802251715,1117.743706741601,1.9999967411357022,True
0,21,7.0,1.0889655172413792,1.0917187814363114,0.002753264194932159,0.018862122292152797,0.0037724244584305586,26.078113324424294,26.078113324424294,1.8552659553156488,932.9891110896866,561.6443263043512,561.643554311702,541.674924591253,37.72424458431015,66017.42802254276,1123.287108623404,1.999997250955407,True
0,22,7.0,1.140344827586207,1.142974332958801,0.0026295053725939876,0.018862122292152797,0.0037724244584305586,28.596988895790854,28.596988895790854,1.772468614722345,823.5815313186406,564.2226322312414,564.2219768502887,542.0999690494622,37.72424458430552,66017.42802253466,1128.4439537005774,1.9999976768710956,True
0,23,7.0,1.1917241379310346,1.1942405205516464,0.0025163826206118234,0.018862122292152797,0.0037724244584305586,31.231970409967502,31.231970409967502,1.6959671767493967,732.4097502699119,566.6280305859698,566.6274732406185,541.9935081889887,37.72424458430409,66017.42802253216,1133.254946481237,1.9999980327646316,True
0,24,7.0,1.243103448275862,1.245516030854416,0.0024125825785539234,0.018862122292152797,0.0037724244584305586,33.98305786695422,33.98305786695422,1.625048614556268,655.764983334837,568.878033592573,568.8775587094087,541.3996112110935,37.72424458430531,66017.4280225343,1137.7551174188175,1.999998330457018,True
0,25,7.0,1.2944827586206897,1.2967997580066981,0.002316999386008378,0.018862122292152797,0.0037724244584305586,36.85025126675106,36.85025126675106,1.5590931248589914,590.8339369522837,570.9831760961797,570.987798200446,540.3493145251401,37.724244584312,66017.428022546,1141.975596400892,2.000016189984083,True
0,26,7.0,1.3458620689655172,1.348090764258899,0.002228695293381877,0.018862122292152797,0.0037724244584305586,39.833550609357964,39.833550609357964,1.4976074839245448,535.3852867251147,572.9664123452762,572.9705122075636,538.8972918774823,37.724244584297494,66017.42802252062,1145.9410244151272,2.000014311003923,True
0,27,7.0,1.3972413793103449,1.3993882492207352,0.00214686991039037,0.018862122292152797,0.0037724244584305586,42.93295589477496,42.93295589477496,1.440128237214819,487.7319497321816,574.834065414651,574.8377065746176,537.0666458895088,37.724244584300656,66017.42802252615,1149.6754131492353,2.0000126685601485,True
0,28,7.0,1.4486206896551725,1.4506915256170168,0.0020708359618442085,0.018862122292152797,0.0037724244584305586,46.148467123002064,46.148467123002064,1.3862665474615345,446.52309941496355,576.5962719970412,576.5995099541093,534.8877011732533,37.72424458430116,66017.42802252703,1153.1990199082186,2.000011231279928,True
0,29,7.0,1.5,1.502,0.0020000000000000018,0.018862122292152797,0.0037724244584305586,49.480084294039244,49.480084294039244,1.335683612441885,410.6823233276311,578.261974395103,578.2648575835466,532.3884180530295,37.72424458430704,66017.42802253731,1156.5297151670932,2.000009971910903,True
1,0,7.0,0.01,0.20008722235995993,0.19008722235995992,0.12545917762876463,0.02509183552575292,0.0021991148575128553,0.0021991148575128553,44.04873919670468,111650721155.85307,184.50977094143818,184.52101255234075,40.61385182351118,250.91835525752919,439107.1217006761,369.0420251046815,2.000121853827526,True
1,1,7.0,0.06137931034482759,0.20905098968943125,0.14767167934460368,0.12545917762876463,0.02509183552575292,0.08284988721217279,0.08284988721217279,37.72127356773238,1158163.9507777987,203.43943279840676,203.44732267307486,235.31934202478092,250.91835525752919,439107.1217006761,406.89464534614973,2.000077564851215,True
1,2,7.0,0.11275862068965517,0.22945457740380246,0.11669595671414729,0.12545917762876463,0.02509183552575292,0.2796066023769228,0.2796066023769228,32.56996051112471,36140.55642125956,222.37698825850734,222.36781805525257,407.83880935334804,250.91835525752913,439107.121700676,444.73563611050514,1.999917525609762,True
1,3,7.0,0.16413793103448276,0.25860424775321206,0.09446631671872929,0.12545917762876463,0.02509183552575292,0.5924692603517631,0.5924692603517631,28.48389948032402,5055.971894611864,240.3898458386795,240.40189846978456,560.9071831108528,250.91835525752919,439107.1217006761,480.8037969395691,2.000100275708926,True
1,4,7.0,0.21551724137931036,0.2939091320178262,0.07839189063851584,0.12545917762876463,0.02509183552575292,1.0214378611366934,1.0214378611366934,25.26006644194784,1330.385115505771,257.10433503805604,257.0938539922611,697.9752100321138,250.9183552575293,439107.1217006763,514.1877079845221,1.9999184685408482,True
1,5,7.0,0.26689655172413795,0.3334196543006418,0.06652310257650385,0.12545917762876463,0.02509183552575292,1.566512404731714,1.566512404731714,21.675310535944163,589.9036224921731,260.2438770151058,278.95258280862026,750.0,250.9183552575294,439107.12170067645,557.9051656172405,2.1437782591321333,True
1,6,7.0,0.3182758620689655,0.37581168279800353,0.05753582072903801,0.12545917762876463,0.02509183552575292,2.227692891136824,2.227692891136824,18.459412136307108,346.762912506886,256.56588514135115,302.3933149374985,749.9999999999999,250.91835525752856,439107.121700675,604.786629874997,2.357237126603168,True
1,7,7.0,0.36965517241379314,0.4202140443202668,0.05055887190647368,0.12545917762876463,0.02509183552575292,3.0049793203520254,3.0049793203520254,16.056498956401686,223.3641430344318,254.32823745619726,322.96982178380796,750.0000000000001,250.91835525752924,439107.12170067616,645.9396435676159,2.5397873630876933,True
1,8,7.0,0.4210344827586207,0.4660524994284907,0.04501801666986999,0.12545917762876463,0.02509183552575292,3.8983716923773164,3.8983716923773164,14.196618351930706,153.48692714751826,252.95955977565734,341.1536879999657,750.0000000000001,250.91835525752944,439107.1217006765,682.3073759999314,2.697298242474214,True
1,9,7.0,0.4724137931034483,0.5129421882299326,0.04052839512648437,0.12545917762876463,0.02509183552575292,4.907870007212697,4.907870007212697,12.716540542069607,110.6544996252787,252.15211225220906,357.32399849521215,750.0,250.91835525752992,439107.1217006774,714.6479969904243,2.8341939736583086,True
1,10,7.0,0.5237931034482759,0.5606194001028686,0.036826296654592694,0.12545917762876463,0.02509183552575292,6.033474264858168,6.033474264858168,11.5119712734476,82.7811583637415,251.72906847323006,371.78782197308936,750.0000000000003,250.91835525753055,439107.1217006785,743.5756439461787,2.95387278257558,True
1,11,7.0,0.5751724137931035,0.6088991723925309,0.03372675859942742,0.12545917762876463,0.02509183552575292,7.275184465313729,7.275184465313729,10.513294725373548,63.77538868359971,251.58330809433232,384.7954218988912,750.0000000000001,250.91835525752856,439107.121700675,769.5908437977824,3.058990080173446,True
1,12,7.0,0.626551724137931,0.657648811731564,0.031097087593632944,0.12545917762876463,0.02509183552575292,8.63300060857938,8.63300060857938,9.672348930125407,50.32163892043436,251.6469969543671,396.55204969513625,750.0,250.91835525752876,439107.12170067534,793.1040993902725,3.151653343727728,True
1,13,7.0,0.6779310344827586,0.7067710973622133,0.02884006287945473,0.12545917762876463,0.02509183552575292,10.106922694655122,10.106922694655122,8.954800301366102,40.50124774771001,251.87551796400578,407.22715076131544,750.0,250.91835525752865,439107.1217006751,814.4543015226309,3.233558815505921,True
1,14,7.0,0.7293103448275863,0.756193411518678,0.02688306669109175,0.12545917762876463,0.02509183552575292,11.696950723540954,11.696950723540954,8.33554075704095,33.14702213672975,252.2385380030175,416.9615515784553,750.0000000000002,250.91835525752492,439107.1217006686,833.9231031569107,3.306089187477508,True
1,15,7.0,0.7806896551724138,0.8058605550868875,0.025170899914473632,0.12545917762876463,0.02509183552575292,13.403084695236876,13.403084695236876,7.795800570766467,27.518816218477067,252.71482087507286,425.87307500995786,750.0,250.91835525752614,439107.12170067074,851.7461500199157,3.3703846377928435,True
1,16,7.0,0.8320689655172414,0.8557298989334522,0.023660933416210783,0.12545917762876463,0.02509183552575292,15.225324609742886,15.225324609742886,7.321276959073504,23.13054981629305,253.28910002472298,434.06093912962945,750.0,250.9183552575248,439107.1217006684,868.1218782592589,3.427395328794344,True
1,17,7.0,0.883448275862069,0.9057680457354335,0.02231976987336448,0.12545917762876463,0.02509183552575292,17.163670467058992,17.163670467058992,6.900886015230699,19.653286938286964,253.95013022626398,441.6092176097006,750.0000000000003,250.91835525752566,439107.12170066993,883.2184352194012,3.477920780873288,True
1,18,7.0,0.9348275862068965,0.9559484884056968,0.02112090219880025,0.12545917762876463,0.02509183552575292,19.21812226718518,19.21812226718518,6.5259093149717575,16.85858779832757,254.68943826297775,448.5895762059569,749.9999999999999,250.91835525752344,439107.12170066603,897.1791524119138,3.522639802148128,True
1,19,7.0,0.9862068965517242,1.0062499388113808,0.020043042259656585,0.12545917762876463,0.02509183552575292,21.38868001012147,21.38868001012147,6.189397355184308,14.584171620155841,255.50050111120217,455.0634495195387,749.9999999999999,250.91835525752518,439107.12170066906,910.1268990390774,3.5621335186460574,True
1,20,7.0,1.0375862068965518,1.0566551155858273,0.019068908689275466,0.12545917762876463,0.02509183552575292,23.675343695867838,23.675343695867838,5.885744238869137,12.71243223158254,256.3781929222505,461.0837832526126,750.0000000000001,250.91835525752904,439107.1217006758,922.1675665052252,3.5969032935062564,True
1,21,7.0,1.0889655172413792,1.1071498517782083,0.018184334536829105,0.12545917762876463,0.02509183552575292,26.078113324424294,26.078113324424294,5.610379046486071,11.156615359119158,257.3184052524485,466.69643746751666,749.9999999999999,250.91835525753552,439107.12170068716,933.3928749350333,3.6273848115112695,True
1,22,7.0,1.140344827586207,1.1577224288897319,0.017377601303524948,0.12545917762876463,0.02509183552575292,28.596988895790854,28.596988895790854,5.359538283936876,9.851702858048565,258.31778147450297,471.94132387545835,750.0,250.91835525753638,439107.1217006887,943.8826477509167,3.6539592526814952,True
1,23,7.0,1.1917241379310346,1.208363073533444,0.016638935602409477,0.12545917762876463,0.02509183552575292,31.231970409967502,31.231970409967502,5.130095667477605,8.748267058703679,259.3735279743094,476.85333320897524,750.0000000000002,250.91835525752543,439107.1217006695,953.7066664179505,3.676962232292317,True
1,24,7.0,1.243103448275862,1.2590635725280368,0.015960124252174746,0.12545917762876463,0.02509183552575292,33.98305786695422,33.98305786695422,4.919433112243968,7.808244670329732,260.4832779389768,481.4630959140985,750.0000000000003,250.91835525752606,439107.1217006706,962.926191828197,3.696691010060849,True
1,25,7.0,1.2944827586206897,1.3098169753511195,0.015334216730429784,0.12545917762876463,0.02509183552575292,36.85025126675106,36.85025126675106,4.725341766968917,7.001978272902745,261.6449917709562,485.79760969174794,750.0000000000002,250.91835525752836,439107.12170067464,971.5952193834959,3.7134103458553085,True
1,26,7.0,1.3458620689655172,1.360617361800101,0.014755292834583766,0.12545917762876463,0.02509183552575292,39.833550609357964,39.833550609357964,4.5459452543952965,6.306111324796893,262.8568834014115,489.8807600391603,750.0000000000003,250.91835525753598,439107.121700688,979.7615200783206,3.7273572881183274,True
1,27,7.0,1.3972413793103449,1.4114596588669472,0.014218279556602376,0.12545917762876463,0.02509183552575292,42.93295589477496,42.93295589477496,4.379639526352902,5.702068137963171,264.1173651745625,493.73375430635053,750.0000000000005,250.9183552575208,439107.1217006614,987.4675086127011,3.7387451141656527,True
1,28,7.0,1.4486206896551725,1.4623394951408348,0.013718805485662289,0.12545917762876463,0.02509183552575292,46.148467123002064,46.148467123002064,4.22504529234956,5.174941299042031,265.425006219849,497.37548545547554,750.0000000000001,250.91835525752046,439107.1217006608,994.7509709109511,3.7477665916941083,True
1,29,7.0,1.5,1.5132530841044811,0.013253084104481117,0.12545917762876463,0.02509183552575292,49.480084294039244,49.480084294039244,4.080970064092385,4.712667123285792,266.77850073550934,500.82283837037176,749.9999999999997,250.9183552575257,439107.12170066993,1001.6456767407435,3.754596693433701,True
2,0,7.0,0.01,0.2719665293808196,0.2619665293808196,0.23205623296537647,0.04641124659307529,0.0021991148575128553,0.0021991148575128553,53.45597646033301,51476663848.34571,162.55237211978366,162.5437212462938,43.40171271600707,464.1124659307529,812196.8153788175,325.0874424925876,1.999893562014789,True
2,1,7.0,0.06137931034482759,0.27862737274333776,0.2172480623985102,0.23205623296537647,0.04641124659307529,0.08284988721217279,0.08284988721217279,47.747047662637584,451158.7029907611,175.13038153216556,175.13916276807188,256.2826931512479,464.1124659307529,812196.8153788175,350.27832553614377,2.000100282267754,True
2,2,7.0,0.11275862068965517,0.29424530521876086,0.18148668452910569,0.23205623296537647,0.04641124659307529,0.2796066023769228,0.2796066023769228,42.79291757994042,12127.63656179283,187.97414496091724,187.96457484131327,452.6983616687477,464.1124659307528,812196.8153788174,375.92914968262653,1.999898176213479,True
2,3,7.0,0.16413793103448276,0.3175012653639806,0.15336333432949784,0.23205623296537647,0.04641124659307529,0.5924692603517631,0.5924692603517631,38.573869257843036,1503.2444614246301,200.64182929071535,200.6502456029185,633.6274176368948,464.11246593075276,812196.8153788174,401.300491205837,2.0000838938942382,True
2,4,7.0,0.21551724137931036,0.3468623277832231,0.13134508640391276,0.23205623296537647,0.04641124659307529,1.0214378611366934,1.0214378611366934,33.89350379869439,410.43979606828884,206.02251144268604,217.14446436036383,750.0000000000002,464.1124659307531,812196.815378818,434.28892872072765,2.1079683267599796,True
2,5,7.0,0.26689655172413795,0.3809193647291821,0.11402281300504413,0.23205623296537647,0.04641124659307529,1.566512404731714,1.566512404731714,28.37755379850159,200.7902188915364,198.9041097381855,240.91456620787295,750.0000000000001,464.1124659307526,812196.815378817,481.8291324157459,2.422419190080941,True
2,6,7.0,0.3182758620689655,0.4185275588049028,0.10025169673593726,0.23205623296537647,0.04641124659307529,2.227692891136824,2.227692891136824,24.36657990284833,114.21569944979638,194.49111296276382,262.1835313956606,750.0000000000002,464.1124659307529,812196.8153788175,524.3670627913212,2.696097805207756,True
2,7,7.0,0.36965517241379314,0.4588144936635277,0.08915932124973458,0.23205623296537647,0.04641124659307529,3.0049793203520254,3.0049793203520254,21.32237340626231,71.82484535482777,191.64195233780598,281.3290937844138,750.0,464.11246593075265,812196.8153788171,562.6581875688277,2.9359865139394627,True
2,8,7.0,0.4210344827586207,0.5011345415906466,0.08010005883202592,0.23205623296537647,0.04641124659307529,3.8983716923773164,3.8983716923773164,18.93686774390466,48.4817666208047,189.76256885996582,298.64171732906675,750.0000000000001,464.11246593075333,812196.8153788183,597.2834346581335,3.147530296656636,True
2,9,7.0,0.4724137931034483,0.5450142979939478,0.07260050489049957,0.23205623296537647,0.04641124659307529,4.907870007212697,4.907870007212697,17.01998203681649,34.48328327926539,188.51953070465098,314.3593006986477,749.9999999999999,464.1124659307536,812196.8153788188,628.7186013972954,3.3350316492262744,True
2,10,7.0,0.5237931034482759,0.5901059297477229,0.06631282629944701,0.23205623296537647,0.04641124659307529,6.033474264858168,6.033474264858168,15.447899759832294,25.530100083789215,187.71458352812002,328.68174765264547,750.0000000000001,464.1124659307528,812196.8153788174,657.3634953052909,3.501930872658152,True
2,11,7.0,0.5751724137931035,0.6361517890346873,0.06097937524158381,0.23205623296537647,0.04641124659307529,7.275184465313729,7.275184465313729,14.136536622016674,19.509061661560143,187.22424092895824,341.77882464989966,750.0000000000001,464.1124659307522,812196.8153788163,683.5576492997993,3.6510103921808583,True
2,12,7.0,0.626551724137931,0.6829588978288974,0.05640717369096637,0.23205623296537647,0.04641124659307529,8.63300060857938,8.63300060857938,13.026845629328774,15.29415656167276,186.9685411094846,353.7954608166783,750.0000000000003,464.1124659307528,812196.8153788174,707.5909216333566,3.784545343481111,True
2,13,7.0,0.6779310344827586,0.7303809147412818,0.05244988025852315,0.23205623296537647,0.04641124659307529,10.106922694655122,10.106922694655122,12.076193250979232,12.245367030635647,186.89395369538283,364.85582632613136,750.0000000000002,464.11246593075157,812196.8153788153,729.7116526522627,3.9044155159862193,True
2,14,7.0,0.7293103448275863,0.7783054491496131,0.048995104322026806,0.23205623296537647,0.04641124659307529,11.696950723540954,11.696950723540954,11.253062163800841,9.979223829480887,186.96358590227607,375.06665269816017,750.0000000000002,464.1124659307523,812196.8153788166,750.1333053963203,4.0121893350313,True
2,15,7.0,0.7806896551724138,0.8266451057114357,0.045955450539021836,0.23205623296537647,0.04641124659307529,13.403084695236876,13.403084695236876,10.533673752808468,8.255686200787597,187.15134720319963,384.5199875075278,749.9999999999998,464.1124659307491,812196.815378811,769.0399750150556,4.1091874918756,True
2,16,7.0,0.8320689655172414,0.8753311124828024,0.043262146965560966,0.23205623296537647,0.04641124659307529,15.225324609742886,15.225324609742886,9.899766099386012,6.9188444410158025,187.43835311986822,393.2954903740586,750.0000000000001,464.1124659307492,812196.8153788111,786.5909807481172,4.196531647101521,True
2,17,7.0,0.883448275862069,0.9243087412910853,0.040860465429016335,0.23205623296537647,0.04641124659307529,17.163670467058992,17.163670467058992,9.337092309516516,5.86418957395333,187.81064241767143,401.4623471893283,750.0000000000001,464.1124659307521,812196.8153788161,802.9246943786566,4.275182087887411,True
2,18,7.0,0.9348275862068965,0.9735339793951009,0.03870639318820435,0.23205623296537647,0.04641124659307529,19.21812226718518,19.21812226718518,8.834381580786802,5.019734128362694,188.257689605189,409.080865570149,750.0000000000001,464.1124659307532,812196.8153788181,818.161731140298,4.345967130777678,True
2,19,7.0,0.9862068965517242,1.022971082636079,0.03676418608435472,0.23205623296537647,0.04641124659307529,21.38868001012147,21.38868001012147,8.382605379594132,4.334700933223305,188.77141278339099,416.20380497342165,750.0,464.11246593075373,812196.815378819,832.4076099468433,4.4096062940526055,True
2,20,7.0,1.0375862068965518,1.0725907559947654,0.0350045490982136,0.23205623296537647,0.04641124659307529,23.675343695867838,23.675343695867838,7.974449470318014,3.7725182857340367,189.34549789481576,422.87748678682794,750.0,464.11246593074173,812196.815378798,845.7549735736559,4.466728720655853,True
2,21,7.0,1.0889655172413792,1.1223687855799593,0.033403268338580094,0.23205623296537647,0.04641124659307529,26.078113324424294,26.078113324424294,7.6039277001192325,3.306354079764328,189.97492970904906,429.14272246058766,750.0,464.11246593075094,812196.8153788141,858.2854449211753,4.5178879457182015,True
2,22,7.0,1.140344827586207,1.1722849990109334,0.03194017142472649,0.23205623296537647,0.04641124659307529,28.596988895790854,28.596988895790854,7.26609521187773,2.916194435095935,190.65566069372048,435.03559135067593,749.9999999999998,464.1124659307513,812196.8153788147,870.0711827013519,4.563573824850032,True
2,23,7.0,1.1917241379310346,1.2223224672855015,0.030598329354466935,0.23205623296537647,0.04641124659307529,31.231970409967502,31.231970409967502,6.956832566016325,2.586888344880471,191.38437358533534,440.58809443146185,749.9999999999998,464.112465930755,812196.8153788212,881.1761888629237,4.60422223797713,True
2,24,7.0,1.243103448275862,1.2724668860991184,0.029363437823256344,0.23205623296537647,0.04641124659307529,33.98305786695422,33.98305786695422,6.672681203239729,2.306811714454667,192.15830872946339,445.8287053792221,749.9999999999998,464.1124659307501,812196.8153788126,891.6574107584441,4.6402230361727135,True
2,25,7.0,1.2944827586206897,1.3227060918698752,0.028223333249185467,0.23205623296537647,0.04641124659307529,36.85025126675106,36.85025126675106,6.410716598090879,2.0669375049217593,192.97513689817,450.78283665325864,750.0000000000001,464.1124659307516,812196.8153788154,901.5656733065173,4.671926590119532,True
2,26,7.0,1.3458620689655172,1.373029679862599,0.02716761089708175,0.23205623296537647,0.04641124659307529,39.833550609357964,39.833550609357964,6.168449436214191,1.8601775650263572,193.83286450094567,455.47323501039165,749.9999999999999,464.1124659307571,812196.815378825,910.9464700207833,4.699649217722514,True
2,27,7.0,1.3972413793103449,1.4234287004133797,0.02618732110303479,0.23205623296537647,0.04641124659307529,42.93295589477496,42.93295589477496,5.943747873141196,1.6809095851990832,194.72976217715294,459.92031827824,750.0,464.1124659307532,812196.8153788181,919.84063655648,4.7236777073638425,True
2,28,7.0,1.4486206896551725,1.4738954154214863,0.025274725766313733,0.23205623296537647,0.04641124659307529,46.148467123002064,46.148467123002064,5.734775824883523,1.5246323145365335,195.66431047239553,464.1424630857442,750.0000000000003,464.1124659307564,812196.8153788237,928.2849261714885,4.7442731069877535,True
2,29,7.0,1.5,1.5244231017350296,0.024423101735029595,0.23205623296537647,0.04641124659307529,49.480084294039244,49.480084294039244,5.539943573309934,1.3877110154543708,196.63515813930806,468.1562515196824,750.0,464.11246593075975,812196.8153788296,936.3125030393649,4.761673913756691,True
3,0,7.0,0.01,0.3284763152118769,0.3184763152118769,0.33865328830198826,0.06773065766039764,0.0021991148575128553,0.0021991148575128553,60.046914032294026,32332008924.853714,150.26544678274016,150.2583671291545,45.046845717095465,677.3065766039763,1185286.5090569586,300.516734258309,1.999905771370102,True
3,1,7.0,0.06137931034482759,0.33401213959013376,0.2726328292453062,0.33865328830198826,0.06773065766039764,0.08284988721217279,0.08284988721217279,54.72291757598488,261479.98780538415,160.02258441352288,160.01270386644237,268.251699497139,677.3065766039764,1185286.5090569586,320.02540773288473,1.9998765105923426,True
3,2,7.0,0.11275862068965517,0.3471472255326346,0.23438860484297944,0.33865328830198826,0.06773065766039764,0.2796066023769228,0.2796066023769228,49.95686664933629,6529.546187565433,170.0058575974607,170.01608340714986,477.7093958833098,677.3065766039762,1185286.5090569584,340.0321668142997,2.0001202994983074,True
3,3,7.0,0.16413793103448276,0.36706668339615484,0.20292875236167207,0.33865328830198826,0.06773065766039764,0.5924692603517631,0.5924692603517631,45.7677115109864,758.5175610610784,180.01640410296758,180.0260754446581,674.1303879717973,677.3065766039765,1185286.5090569588,360.0521508893162,2.0001074495598186,True
3,4,7.0,0.21551724137931036,0.3927395714553351,0.17722233007602475,0.33865328830198826,0.06773065766039764,1.0214378611366934,1.0214378611366934,39.37030442718764,225.44480893000463,177.4675234306285,198.11270524992335,749.9999999999999,677.306576603976,1185286.5090569581,396.2254104998467,2.232664336777822,True
3,5,7.0,0.26689655172413795,0.4231199108732745,0.15622335914913654,0.33865328830198826,0.06773065766039764,1.566512404731714,1.566512404731714,33.21636208984469,106.96313213172905,170.0320095578066,219.78265356458198,749.9999999999998,677.3065766039772,1185286.50905696,439.56530712916395,2.585191507600943,True
3,6,7.0,0.3182758620689655,0.45727039487694315,0.13899453280797763,0.33865328830198826,0.06773065766039764,2.227692891136824,2.227692891136824,28.69112443490563,59.4174255731004,165.27851145537028,239.40977821639603,750.0000000000002,677.3065766039758,1185286.5090569577,478.81955643279207,2.897046640948763,True
3,7,7.0,0.36965517241379314,0.4944103924347095,0.12475522002091638,0.33865328830198826,0.06773065766039764,3.0049793203520254,3.0049793203520254,25.222116714710605,36.68518841192219,162.11315833711356,257.3056134064821,749.9999999999999,677.3065766039758,1185286.5090569577,514.6112268129642,3.1743951699641344,True
3,8,7.0,0.4210344827586207,0.5339164029386919,0.1128819201800712,0.33865328830198826,0.06773065766039764,3.8983716923773164,3.8983716923773164,22.480394213913684,24.41154856059268,159.95259192915134,273.6931414107048,750.0000000000001,677.3065766039762,1185286.5090569584,547.3862828214096,3.422178260567771,True
3,9,7.0,0.4724137931034483,0.575301209428209,0.10288741632476067,0.33865328830198826,0.06773065766039764,4.907870007212697,4.907870007212697,20.261444656604073,17.169726165634696,158.46138720711375,288.74914181056096,750.0000000000001,677.3065766039764,1185286.5090569586,577.4982836211219,3.6444101228668058,True
3,10,7.0,0.5237931034482759,0.6181875968305646,0.09439449338228867,0.33865328830198826,0.06773065766039764,6.033474264858168,6.033474264858168,18.43079223734127,12.599527940386093,157.4356351183445,302.62149227792867,750.0000000000001,677.3065766039753,1185286.5090569567,605.2429845558573,3.844383668925372,True
3,11,7.0,0.5751724137931035,0.6622839234374918,0.0871115096443883,0.33865328830198826,0.06773065766039764,7.275184465313729,7.275184465313729,16.89621034041295,9.559853614268011,156.74582150940984,315.4371274212221,750.0,677.3065766039778,1185286.5090569612,630.8742548424442,4.024823429213845,True
3,12,7.0,0.626551724137931,0.7073639464062234,0.08081222226829232,0.33865328830198826,0.06773065766039764,8.63300060857938,8.63300060857938,15.59231578045457,7.451438334873286,156.30666090158635,327.30633318233384,749.9999999999998,677.3065766039788,1185286.5090569628,654.6126663646677,4.188002370396897,True
3,13,7.0,0.6779310344827586,0.7532510718014516,0.07532003731869297,0.33865328830198826,0.06773065766039764,10.106922694655122,10.106922694655122,14.471483940736938,5.937994019060413,156.0602428134344,338.32550561133934,750.0,677.3065766039801,1185286.5090569654,676.6510112226787,4.335832105756722,True
3,14,7.0,0.7293103448275863,0.7998063945278914,0.0704960497003051,0.33865328830198826,0.06773065766039764,11.696950723540954,11.696950723540954,13.498228182674215,4.820283414835145,155.9661814676498,348.57919057618005,749.9999999999999,677.3065766039757,1185286.5090569574,697.1583811523601,4.469932998244003,True
3,15,7.0,0.7806896551724138,0.8469197289875793,0.06623007381516544,0.33865328830198826,0.06773065766039764,13.403084695236876,13.403084695236876,12.645586270658724,3.974813491794557,155.99563912558946,358.1417260572974,750.0000000000003,677.3065766039759,1185286.509056958,716.2834521145948,4.591688948034804,True
3,16,7.0,0.8320689655172414,0.8945029083418927,0.06243394282465131,0.33865328830198826,0.06773065766039764,15.225324609742886,15.225324609742886,11.892722372758229,3.322065402406597,156.12758212356854,367.0786208381534,750.0000000000002,677.3065766039784,1185286.5090569623,734.1572416763069,4.702290470976817,True
3,17,7.0,0.883448275862069,0.9424847721734472,0.059036496311378195,0.33865328830198826,0.06773065766039764,17.163670467058992,17.163670467058992,11.223292597215377,2.809140555335699,156.34636951586467,375.44773209998124,750.0000000000002,677.3065766039799,1185286.509056965,750.8954641999625,4.802768791658883,True
3,18,7.0,0.9348275862068965,0.99080740085477,0.055979814647873494,0.33865328830198826,0.06773065766039764,19.21812226718518,19.21812226718518,10.624304998866148,2.3998451005915116,156.64016149303663,383.3002772187465,750.0000000000001,677.3065766039743,1185286.509056955,766.600554437493,4.894023008726098,True
3,19,7.0,0.9862068965517242,1.0394232691552348,0.05321637260351053,0.33865328830198826,0.06773065766039764,21.38868001012147,21.38868001012147,10.085308283684316,2.0688000303690126,156.9998456883805,390.6817042673024,750.0,677.3065766039741,1185286.5090569546,781.3634085346048,4.976841888656921,True
3,20,7.0,1.0375862068965518,1.0882930792746714,0.05070687237811966,0.33865328830198826,0.06773065766039764,23.675343695867838,23.675343695867838,9.597804038824412,1.797821961357083,157.41829850182287,397.6324408594967,749.9999999999999,677.3065766039731,1185286.509056953,795.2648817189934,5.051921468391328,True
3,21,7.0,1.0889655172413792,1.1373840984451808,0.0484185812038016,0.33865328830198826,0.06773065766039764,26.078113324424294,26.078113324424294,9.154814046477048,1.5736319579218447,157.88986781241383,404.1885381616496,750.0000000000002,677.3065766039728,1185286.5090569523,808.3770763232992,5.119879366063678,True
3,22,7.0,1.140344827586207,1.1866688735522595,0.04632404596605255,0.33865328830198826,0.06773065766039764,28.596988895790854,28.596988895790854,8.750557138687928,1.386366304975425,158.41000484305962,410.38222478244,750.0000000000001,677.3065766039714,1185286.50905695,820.76444956488,5.18126648867936,True
3,23,7.0,1.1917241379310346,1.2361242294294859,0.044400091498451255,0.33865328830198826,0.06773065766039764,31.231970409967502,31.231970409967502,8.380204681309774,1.2285854957758162,158.97499829487623,416.2423834059865,750.0000000000001,677.3065766039691,1185286.509056946,832.484766811973,5.236576667658339,True
3,24,7.0,1.243103448275862,1.285730482165882,0.04262703389001987,0.33865328830198826,0.06773065766039764,33.98305786695422,33.98305786695422,8.039693329364718,1.094600698852051,159.58177974402574,421.79496134766254,750.0000000000003,677.3065766039713,1185286.5090569498,843.5899226953251,5.286254634134738,True
3,25,7.0,1.2944827586206897,1.335470816611656,0.040988057990966276,0.33865328830198826,0.06773065766039764,36.85025126675106,36.85025126675106,7.725580057682438,0.9800072063222774,160.22777943544085,427.0633246774623,750.0000000000001,677.3065766039681,1185286.5090569442,854.1266493549246,5.3307026557094,True
3,26,7.0,1.3458620689655172,1.3853307902213519,0.03946872125583467,0.33865328830198826,0.06773065766039764,39.833550609357964,39.833550609357964,7.434928781691961,0.8813556385867055,160.91081820723028,432.0685641796994,749.9999999999995,677.3065766039824,1185286.5090569693,864.1371283593988,5.370286087579972,True
3,27,7.0,1.3972413793103449,1.4352979348247692,0.03805655551442433,0.33865328830198826,0.06773065766039764,42.93295589477496,42.93295589477496,7.165220851780044,0.7959165674279725,161.6290256465448,436.8297602042414,750.0000000000003,677.3065766039751,1185286.5090569565,873.6595204084828,5.405338038224815,True
3,28,7.0,1.4486206896551725,1.4853614348542243,0.036740745199051794,0.33865328830198826,0.06773065766039764,46.148467123002064,46.148467123002064,6.914283778907385,0.7215095822936607,162.38077751391353,441.36421240900575,750.0000000000003,677.3065766039709,1185286.509056949,882.7284248180115,5.436163309061476,True
3,29,7.0,1.5,1.5355118656836138,0.03551186568361375,0.33865328830198826,0.06773065766039764,49.480084294039244,49.480084294039244,6.680234018263386,0.6563775128773768,163.16464747545805,445.68763948525424,750.0000000000001,677.3065766039891,1185286.509056981,891.3752789705085,5.463041735830564,True
4,0,7.0,0.01,0.37660003479407234,0.3666000347940723,0.4452503436386001,0.08905006872772,0.0021991148575128553,0.0021991148575128553,65.24470036091068,23196074628.82895,141.9057965214187,141.9130869992038,46.201717508560385,890.5006872772,1558376.2027351,283.8261739984076,2.0001027509511777,True
4,1,7.0,0.06137931034482759,0.3814380761608667,0.32005876581603915,0.4452503436386001,0.08905006872772,0.08284988721217279,0.08284988721217279,60.19033149348536,178652.25034772902,150.0041212509966,150.013592569957,276.4431855537042,890.5006872772001,1558376.2027351002,300.027185139914,2.00012628078324,True
4,2,7.0,0.11275862068965517,0.39299121204771237,0.2802325913580572,0.4452503436386001,0.08905006872772,0.2796066023769228,0.2796066023769228,55.59581799216147,4256.917806891873,158.3280020049589,158.318676397089,494.85219524917943,890.5006872771997,1558376.2027350995,316.637352794178,1.9998821988814133,True
4,3,7.0,0.16413793103448276,0.41069312949108017,0.2465551984565974,0.4452503436386001,0.08905006872772,0.5924692603517631,0.5924692603517631,51.46429875985806,474.43660638449063,166.69739459917398,166.70604077615636,701.5636040589025,890.5006872772001,1558376.2027351002,333.4120815523127,2.0001037349984165,True
4,4,7.0,0.21551724137931036,0.43379173290721484,0.21827449152790449,0.4452503436386001,0.08905006872772,1.0214378611366934,1.0214378611366934,43.69291746628409,148.61791146395498,160.0024142519335,185.48254081604273,750.0000000000001,890.5006872771997,1558376.2027350995,370.96508163208546,2.318496776229754,True
4,5,7.0,0.26689655172413795,0.46147736188152494,0.19458081015738699,0.4452503436386001,0.08905006872772,1.566512404731714,1.566512404731714,37.07055463256363,68.94869342920887,152.44430055217265,205.6406143579836,749.9999999999997,890.5006872772007,1558376.202735101,411.2812287159672,2.6979114812836835,True
4,6,7.0,0.3182758620689655,0.4929777992796832,0.1747019372107177,0.4452503436386001,0.08905006872772,2.227692891136824,2.227692891136824,32.16603797635384,37.61090863229594,147.51284773865265,224.01751766151307,750.0000000000001,890.5006872772001,1558376.2027351002,448.03503532302614,3.0372611077023355,True
4,7,7.0,0.36965517241379314,0.5276102090551013,0.1579550366413081,0.4452503436386001,0.08905006872772,3.0049793203520254,3.0049793203520254,28.380425806366492,22.88449059916265,144.1613577570791,240.90068931915806,749.9999999999999,890.5006872771995,1558376.2027350992,481.8013786383161,3.342097952838247,True
4,8,7.0,0.4210344827586207,0.5647987445796209,0.14376426182100016,0.4452503436386001,0.08905006872772,3.8983716923773164,3.8983716923773164,25.369809017247967,15.050198546400209,141.82386945689143,256.48364207806935,750.0,890.5006872772009,1558376.2027351016,512.9672841561387,3.616931946085842,True
4,9,7.0,0.4724137931034483,0.6040715008351942,0.13165770773174595,0.4452503436386001,0.08905006872772,4.907870007212697,4.907870007212697,22.919884333561118,10.485648929584446,140.17002922681218,270.9128982106104,750.0,890.5006872771993,1558376.2027350988,541.8257964212208,3.8654896443267535,True
4,10,7.0,0.5237931034482759,0.6450479063037665,0.12125480285549062,0.4452503436386001,0.08905006872772,6.033474264858168,6.033474264858168,20.88912017912389,7.635714718177715,138.9959832070811,284.30805764831786,750.0,890.5006872771991,1558376.2027350983,568.6161152966357,4.090881636841918,True
4,11,7.0,0.5751724137931035,0.6874233715807759,0.11225095778767247,0.4452503436386001,0.08905006872772,7.275184465313729,7.275184465313729,19.179910002321584,5.75734443153473,138.17041787303745,296.7710094511901,750.0,890.5006872771979,1558376.2027350964,593.5420189023802,4.295724280488001,True
4,12,7.0,0.626551724137931,0.7309546150255231,0.10440289088759203,0.4452503436386001,0.08905006872772,8.63300060857938,8.63300060857938,17.72263768421885,4.464462325650318,137.60575275174395,308.390545847325,750.0000000000001,890.5006872771987,1558376.2027350978,616.78109169465,4.4822333322603995,True
4,13,7.0,0.6779310344827586,0.7754470154186937,0.09751598093593505,0.4452503436386001,0.08905006872772,10.106922694655122,10.106922694655122,16.466287755794472,3.542494798998703,137.24184390810996,319.24495710960565,750.0000000000002,890.5006872772001,1558376.2027351002,638.4899142192113,4.652297696078108,True
4,14,7.0,0.7293103448275863,0.8207442752035674,0.09143393037598113,0.4452503436386001,0.08905006872772,11.696950723540954,11.696950723540954,15.372626269884753,2.8654138764098414,137.0363345442174,329.4036997666979,750.0000000000002,890.500687277199,1558376.202735098,658.8073995333958,4.807538100932049,True
4,15,7.0,0.7806896551724138,0.866720210852452,0.08603055568003815,0.4452503436386001,0.08905006872772,13.403084695236876,13.403084695236876,14.412446668801024,2.3557097385396055,136.95872481399192,338.9286092348377,749.9999999999998,890.5006872772008,1558376.2027351013,677.8572184696754,4.949354043638295,True
4,16,7.0,0.8320689655172414,0.9132723304599941,0.08120336494275271,0.4452503436386001,0.08905006872772,15.225324609742886,15.225324609742886,13.563067170669406,1.9638198736383583,136.98661160100548,347.8748633080285,749.9999999999999,890.5006872771975,1558376.2027350955,695.749726616057,5.078961502037402,True
4,17,7.0,0.883448275862069,0.9603168447603941,0.07686856889832516,0.4452503436386001,0.08905006872772,17.163670467058992,17.163670467058992,12.806616235885162,1.6569790926171872,137.10323926467524,356.29178935232954,750.0000000000001,890.5006872771994,1558376.202735099,712.5835787046591,5.197423361595636,True
4,18,7.0,0.9348275862068965,1.0077847995183837,0.07295721331148719,0.4452503436386001,0.08905006872772,19.21812226718518,19.21812226718518,12.12883031768127,1.4128942206227406,137.29586630639807,364.22355922300926,750.0,890.5006872771953,1558376.2027350918,728.4471184460185,5.305674074850661,True
4,19,7.0,0.9862068965517242,1.0556190738202298,0.06941217726850557,0.4452503436386001,0.08905006872772,21.38868001012147,21.38868001012147,11.518193694995668,1.2160115951174328,137.5546531610841,371.7097949546119,750.0,890.5006872771963,1558376.2027350937,743.4195899092238,5.404539743476641,True
4,20,7.0,1.0375862068965518,1.1037720430183355,0.06618583612178375,0.4452503436386001,0.08905006872772,23.675343695867838,23.675343695867838,10.965312078621098,1.0552374840318808,137.87189053169178,378.7860992275827,750.0000000000001,890.5006872771937,1558376.202735089,757.5721984551654,5.494754554635101,True
4,21,7.0,1.0889655172413792,1.1522037510560714,0.06323823381469218,0.4452503436386001,0.08905006872772,26.078113324424294,26.078113324424294,10.462449232246744,0.9225030727337006,138.24145486262785,385.48452060047333,749.9999999999999,890.5006872772092,1558376.202735116,770.9690412009467,5.576974301717727,True
4,22,7.0,1.140344827586207,1.200880473656522,0.06053564607031503,0.4452503436386001,0.08905006872772,28.596988895790854,28.596988895790854,10.003179314618725,0.811836547544572,138.6584181396944,391.83396155592715,750.0,890.5006872772011,1558376.202735102,783.6679231118543,5.651787562745244,True
4,23,7.0,1.1917241379310346,1.2497735823477643,0.058049444416729656,0.4452503436386001,0.08905006872772,31.231970409967502,31.231970409967502,9.582122691295982,0.7187485458476746,139.11876432425657,397.86053629497036,750.0000000000005,890.5006872772105,1558376.2027351186,795.7210725899407,5.719724987890794,True
4,24,7.0,1.243103448275862,1.2988586410084184,0.05575519273255636,0.4452503436386001,0.08905006872772,33.98305786695422,33.98305786695422,9.19474282594689,0.6398163099855271,139.61918061129106,403.5878844204217,750.0000000000001,890.5006872771945,1558376.2027350904,807.1757688408434,5.781267053042472,True
4,25,7.0,1.2944827586206897,1.3481146830196338,0.05363192439894404,0.4452503436386001,0.08905006872772,36.85025126675106,36.85025126675106,8.837188455773365,0.5723967936580979,140.1569019390695,409.0374459828315,750.0,890.5006872772101,1558376.2027351176,818.074891965663,5.836850562816416,True
4,26,7.0,1.3458620689655172,1.3975236294557023,0.05166156049018511,0.4452503436386001,0.08905006872772,39.833550609357964,39.833550609357964,8.506169744705463,0.5144252277463919,140.72959389622878,414.22870275583693,749.9999999999999,890.5006872772033,1558376.2027351058,828.4574055116739,5.88687412913706,True
4,27,7.0,1.3972413793103449,1.4470698180336605,0.04982843872331566,0.4452503436386001,0.08905006872772,42.93295589477496,42.93295589477496,8.198860213165444,0.4642714109953659,141.33526365245564,419.17939004554455,749.9999999999999,890.500687277204,1558376.202735107,838.3587800910891,5.931702806686794,True
4,28,7.0,1.4486206896551725,1.4967396195410623,0.04811892988588973,0.4452503436386001,0.08905006872772,46.148467123002064,46.148467123002064,7.912818422653684,0.42063567527312284,141.9721915726395,423.9056828198004,750.0000000000002,890.500687277198,1558376.2027350967,847.8113656396008,5.9716720313204545,True
4,29,7.0,1.5,1.5465211237506251,0.046521123750625115,0.4452503436386001,0.08905006872772,49.480084294039244,49.480084294039244,7.64592494369924,0.38247255672014735,142.6388782571091,428.42235947055144,750.0000000000002,890.5006872772041,1558376.2027351072,856.8447189411029,6.007090979758163,True
5,0,7.0,0.01,0.41923559338231364,0.40923559338231363,0.551847398975212,0.11036947979504237,0.0021991148575128553,0.0021991148575128553,69.60007204586658,17912520666.918694,135.6702989494349,135.66341487130205,47.09839623720451,1103.6947979504237,1931465.8964132415,271.3268297426041,1.9998985175357293,True
5,1,7.0,0.06137931034482759,0.42358694797765817,0.3622076376328306,0.551847398975212,0.11036947979504237,0.08284988721217279,0.08284988721217279,64.7531756134708,133373.99018884814,142.6669294640706,142.65851081320633,282.71358950524944,1103.6947979504234,1931465.896413241,285.31702162641267,1.9998819817473343,True
5,2,7.0,0.11275862068965517,0.4340195724831475,0.32126095179349234,0.551847398975212,0.11036947979504237,0.2796066023769228,0.2796066023769228,60.28747544156201,3078.614926292346,149.84036702977062,149.8482919384858,507.58192610418564,1103.6947979504234,1931465.896413241,299.6965838769716,2.0001057780206,True
5,3,7.0,0.16413793103448276,0.4501108120928682,0.2859728810583854,0.551847398975212,0.11036947979504237,0.5924692603517631,0.5924692603517631,56.23156160821961,332.8755147903355,157.11879265435076,157.10949974851937,722.1119521756717,1103.6947979504234,1931465.896413241,314.21899949703874,1.9998817085381781,True
5,4,7.0,0.21551724137931036,0.4712814064763945,0.2557641650970841,0.551847398975212,0.11036947979504237,1.0214378611366934,1.0214378611366934,47.29654313777641,108.24247966591213,147.89487137197872,176.22564644655245,749.9999999999999,1103.694797950424,1931465.8964132417,352.4512928931049,2.3831204532213617,True
5,5,7.0,0.26689655172413795,0.4968825334833738,0.22998598175923585,0.551847398975212,0.11036947979504237,1.566512404731714,1.566512404731714,40.30229363409729,49.354109968751686,140.3016977635755,195.23140603865087,749.9999999999998,1103.6947979504237,1931465.8964132415,390.46281207730175,2.7830227167690906,True
5,6,7.0,0.3182758620689655,0.5262679993447861,0.20799213727582055,0.551847398975212,0.11036947979504237,2.227692891136824,2.227692891136824,35.09717561733812,26.534776366829064,135.27380419269943,212.6227374170008,750.0,1103.6947979504234,1931465.896413241,425.2454748340016,3.143590714934234,True
5,7,7.0,0.36965517241379314,0.5588411484947147,0.18918597608092153,0.551847398975212,0.11036947979504237,3.0049793203520254,3.0049793203520254,31.0596557431623,15.952557799209385,131.80574812420176,228.67744960172104,750.0000000000001,1103.6947979504243,1931465.8964132427,457.3548992034421,3.469916188878746,True
5,8,7.0,0.4210344827586207,0.594077872362235,0.17304338960361426,0.551847398975212,0.11036947979504237,3.8983716923773164,3.8983716923773164,27.833590619985067,10.388051156774324,129.34932700804842,243.57498418085555,750.0,1103.6947979504241,1931465.8964132422,487.1499683617111,3.766157734484382,True
5,9,7.0,0.4724137931034483,0.6315324810910428,0.1591186879875945,0.551847398975212,0.11036947979504237,4.907870007212697,4.907870007212697,25.197060078500062,7.178695190854214,127.58139049930297,257.44563984527133,750.0000000000002,1103.6947979504248,1931465.8964132434,514.8912796905427,4.035786705846851,True
5,10,7.0,0.5237931034482759,0.6708335844146422,0.14704048096636635,0.551847398975212,0.11036947979504237,6.033474264858168,6.033474264858168,23.00324637083842,5.192467232963609,126.3004350709492,270.3925333144714,750.0,1103.694797950423,1931465.89641324,540.7850666289428,4.281735580128105,True
5,11,7.0,0.5751724137931035,0.7116753391450386,0.1365029253519351,0.551847398975212,0.11036947979504237,7.275184465313729,7.275184465313729,21.15059146484532,3.8933047984778058,125.37530826142253,282.5019869120875,749.9999999999999,1103.6947979504216,1931465.8964132378,565.003973824175,4.506501173628814,True
5,12,7.0,0.626551724137931,0.753807366492816,0.12725564235488496,0.551847398975212,0.11036947979504237,8.63300060857938,8.63300060857938,19.56638616567808,3.0049698302934478,124.71767260931229,293.84872989169486,750.0000000000001,1103.694797950423,1931465.89641324,587.6974597833897,4.712222794795067,True
5,13,7.0,0.6779310344827586,0.7970250750594262,0.11909404057666761,0.551847398975212,0.11036947979504237,10.106922694655122,10.106922694655122,18.197126693945098,2.3750937055700376,124.26631339798983,304.49869432886754,750.0000000000001,1103.6947979504214,1931465.8964132373,608.9973886577351,4.900743990909981,True
5,14,7.0,0.7293103448275863,0.8411611390400494,0.11185079421246313,0.551847398975212,0.11036947979504237,11.696950723540954,11.696950723540954,17.002544130435165,1.914802530613033,123.9777679135126,314.51066313854636,750.0000000000002,1103.6947979504214,1931465.8964132373,629.0213262770927,5.073662293354891,True
5,15,7.0,0.7806896551724138,0.88607833764958,0.10538868247716615,0.551847398975212,0.11036947979504237,13.403084695236876,13.403084695236876,15.951750080066763,1.5697817764695323,123.8205145800082,323.93735157178054,749.9999999999999,1103.6947979504225,1931465.8964132394,647.8747031435611,5.232369654908264,True
5,16,7.0,0.8320689655172414,0.9316636979809575,0.09959473246371608,0.551847398975212,0.11036947979504237,15.225324609742886,15.225324609742886,15.020662366883416,1.3055002649567184,123.77125507275727,332.8261947544191,749.9999999999999,1103.6947979504212,1931465.896413237,665.6523895088382,5.378085478066319,True
5,17,7.0,0.883448275862069,0.9778237770080471,0.09437550114597815,0.551847398975212,0.11036947979504237,17.163670467058992,17.163670467058992,14.190236485192372,1.0992489978055995,123.8124714307119,341.21997060444886,749.9999999999999,1103.694797950421,1931465.8964132366,682.4399412088977,5.511883684438088,True
5,18,7.0,0.9348275862068965,1.024480892302064,0.08965330609516753,0.551847398975212,0.11036947979504237,19.21812226718518,19.21812226718518,13.445221348828486,0.9356501774345812,123.93078346497101,349.15732052183904,750.0000000000002,1103.694797950422,1931465.8964132387,698.3146410436781,5.6347149716926985,True
5,19,7.0,0.9862068965517242,1.0715701216275135,0.0853632250757893,0.551847398975212,0.11036947979504237,21.38868001012147,21.38868001012147,12.773265850106032,0.8040210540365812,124.11582160184852,356.6731988807978,749.9999999999998,1103.6947979504241,1931465.8964132422,713.3463977615957,5.747425175574645,True
5,20,7.0,1.0375862068965518,1.1190369160579978,0.08145070916144603,0.551847398975212,0.11036947979504237,23.675343695867838,23.675343695867838,12.164265807693466,0.6967718382286523,124.35943926336763,363.79926767022056,749.9999999999998,1103.6947979504205,1931465.896413236,727.5985353404411,5.850770473478395,True
5,21,7.0,1.0889655172413792,1.1668351985175136,0.07786968127613436,0.551847398975212,0.11036947979504237,26.078113324424294,26.078113324424294,11.609879073065178,0.6084018012344546,124.65515343836749,370.56424575680876,749.9999999999999,1103.694797950424,1931465.8964132417,741.1284915136175,5.94543002091004,True
5,22,7.0,1.140344827586207,1.2149258448815865,0.07458101729537958,0.551847398975212,0.11036947979504237,28.596988895790854,28.596988895790854,11.103160416824203,0.5348529018948376,124.99774139574929,376.9942190082352,750.0000000000002,1103.6947979504312,1931465.8964132546,753.9884380164704,6.032016495636542,True
5,23,7.0,1.1917241379310346,1.263275466272534,0.07155132834149946,0.551847398975212,0.11036947979504237,31.231970409967502,31.231970409967502,10.638283115754962,0.473083403402453,125.38294599647578,383.11291594412484,750.0,1103.6947979504232,1931465.8964132406,766.2258318882497,6.11108493103828,True
5,24,7.0,1.243103448275862,1.3118554287245068,0.06875198044864472,0.551847398975212,0.11036947979504237,33.98305786695422,33.98305786695422,10.210324206561335,0.4207804211136317,125.80725767049766,388.94195276218585,750.0000000000003,1103.694797950412,1931465.896413221,777.8839055243717,6.18314014571187,True
5,25,7.0,1.2944827586206897,1.3606410603553207,0.066158301734631,0.551847398975212,0.11036947979504237,36.85025126675106,36.85025126675106,9.815097104079733,0.37616229049169286,126.26775126022096,394.5010510936707,750.0,1103.6947979504314,1931465.896413255,789.0021021873414,6.24864301702272,True
5,26,7.0,1.3458620689655172,1.4096110071359274,0.06374893817041016,0.551847398975212,0.11036947979504237,39.833550609357964,39.833550609357964,9.449019876114173,0.3378402489676297,126.7619626287423,399.8082314883525,750.0,1103.6947979504325,1931465.8964132569,799.616462976705,6.308015799018547,True
5,27,7.0,1.3972413793103449,1.458746706873985,0.06150532756364013,0.551847398975212,0.11036947979504237,42.93295589477496,42.93295589477496,9.109010654237316,0.30472004869210456,127.2877944264626,404.879985334444,750.0,1103.6947979504193,1931465.8964132338,809.759970668888,6.361646647406613,True
5,28,7.0,1.4486206896551725,1.5080319576373864,0.059411267982213856,0.551847398975212,0.11036947979504237,46.148467123002064,46.148467123002064,8.792403903799025,0.27593092822760357,127.84344347194808,409.7314276523408,750.0000000000001,1103.6947979504234,1931465.896413241,819.4628553046816,6.40989348416989,True
5,29,7.0,1.5,1.5574525619609159,0.05745256196091586,0.551847398975212,0.11036947979504237,49.480084294039244,49.480084294039244,8.496882877533988,0.25077363384257245,128.42734431752268,414.3764329526188,749.9999999999999,1103.6947979504284,1931465.8964132497,828.7528659052376,6.453087310255642,True
6,0,7.0,0.01,0.45791852911882125,0.44791852911882124,0.6584444543118237,0.1316888908623647,0.0021991148575128553,0.0021991148575128553,73.37056980715677,14504671373.170017,130.72896343513438,130.72021600054094,47.81948512565447,1316.8889086236468,2304555.5900913817,261.4404320010819,1.9998661744977766,True
6,1,7.0,0.06137931034482759,0.4619056170352894,0.4005263066904618,0.6584444543118237,0.1316888908623647,0.08284988721217279,0.08284988721217279,68.68502017940804,105357.949824805,136.91867614939738,136.92585156775093,287.65714060597793,1316.8889086236475,2304555.590091383,273.85170313550185,2.0001048128503043,True
6,2,7.0,0.11275862068965517,0.4714911301924759,0.35873250950282076,0.6584444543118237,0.1316888908623647,0.2796066023769228,0.2796066023769228,64.34002782773133,2373.224292330848,143.28238675364122,143.2917690335931,517.7279939442656,1316.888908623647,2304555.590091382,286.5835380671862,2.0001309620835395,True
6,3,7.0,0.16413793103448276,0.4863441576853015,0.3222062266508187,0.6584444543118237,0.1316888908623647,0.5924692603517631,0.5924692603517631,60.351958155065454,250.8632050704872,149.7485671214056,149.73878889463415,738.2745497511997,1316.8889086236477,2304555.5900913836,299.4775777892683,1.9998694047367607,True
6,4,7.0,0.21551724137931036,0.5060010480642235,0.29048380668491314,0.6584444543118237,0.1316888908623647,1.0214378611366934,1.0214378611366934,50.40463978545674,83.91377709346183,138.85226283771573,169.01783664473066,750.0,1316.8889086236475,2304555.590091383,338.03567328946133,2.4344988434545156,True
6,5,7.0,0.26689655172413795,0.5299274937504,0.2630309420262621,0.6584444543118237,0.1316888908623647,1.566512404731714,1.566512404731714,43.10051905203626,37.73222144811404,131.26786834695568,187.10807923290983,750.0000000000005,1316.888908623648,2304555.590091384,374.21615846581966,2.8507826262305445,True
6,6,7.0,0.3182758620689655,0.5575741239387709,0.2392982618698054,0.6584444543118237,0.1316888908623647,2.227692891136824,2.227692891136824,37.64596915372832,20.04611321319054,126.18904791328264,203.69850509666867,750.0,1316.8889086236463,2304555.590091381,407.39701019333734,3.228465678521494,True
6,7,7.0,0.36965517241379314,0.588416795989557,0.21876162357576384,0.6584444543118237,0.1316888908623647,3.0049793203520254,3.0049793203520254,33.39932861054095,11.930700154780336,122.6457214595409,219.0628689751377,750.0000000000001,1316.888908623647,2304555.590091382,438.1257379502754,3.57228717591104,True
6,8,7.0,0.4210344827586207,0.6219802368099521,0.20094575405133136,0.6584444543118237,0.1316888908623647,3.8983716923773164,3.8983716923773164,29.993776124441958,7.70347076359139,120.10615618108449,233.3735181634748,749.9999999999998,1316.8889086236475,2304555.590091383,466.7470363269496,3.8861208381628116,True
6,9,7.0,0.4724137931034483,0.6578481369014679,0.18543434379801965,0.6584444543118237,0.1316888908623647,4.907870007212697,4.907870007212697,27.200968204462388,5.285761316204403,118.25480908064773,246.75158415317463,749.9999999999998,1316.8889086236477,2304555.5900913836,493.50316830634927,4.1732185958694386,True
6,10,7.0,0.5237931034482759,0.6956641391722884,0.17187103572401252,0.6584444543118237,0.1316888908623647,6.033474264858168,6.033474264858168,24.869784416681625,3.8005128529356185,116.89343845896134,259.2901062789477,750.0000000000002,1316.8889086236475,2304555.590091383,518.5802125578954,4.436350058604506,True
6,11,7.0,0.5751724137931035,0.7351276657145545,0.159955251921451,0.6584444543118237,0.1316888908623647,7.275184465313729,7.275184465313729,22.895534645103325,2.835341105619302,115.8920046955148,271.06531051142,750.0000000000002,1316.8889086236472,2304555.5900913826,542.13062102284,4.677894928534456,True
6,12,7.0,0.626551724137931,0.7759873983065438,0.1494356741686128,0.6584444543118237,0.1316888908623647,8.63300060857938,8.63300060857938,21.20309408404773,2.179142529155935,115.16224375185264,282.14236964831264,749.9999999999999,1316.888908623648,2304555.590091384,564.2847392966253,4.899910950958243,True
6,13,7.0,0.6779310344827586,0.8180341477134118,0.14010311323065316,0.6584444543118237,0.1316888908623647,10.106922694655122,10.106922694655122,19.73702524751062,1.7161894866989396,114.64254311930944,292.57849199165327,750.0000000000002,1316.888908623647,2304555.590091382,585.1569839833065,5.104187050127882,True
6,14,7.0,0.7293103448275863,0.8610940473507395,0.1317837025231532,0.6584444543118237,0.1316888908623647,11.696950723540954,11.696950723540954,18.455474991209538,1.3793634914377706,114.28886074230735,302.42468210260046,749.9999999999995,1316.8889086236477,2304555.5900913836,604.8493642052009,5.292286232242565,True
6,15,7.0,0.7806896551724138,0.9050224953025019,0.12433284013008805,0.6584444543118237,0.1316888908623647,13.403084695236876,13.403084695236876,17.32623802609053,1.1278608577160578,114.06905836608071,311.7268258814709,750.0000000000001,1316.8889086236452,2304555.590091379,623.4536517629418,5.465580769169656,True
6,16,7.0,0.8320689655172414,0.9496989747742581,0.11763000925701672,0.6584444543118237,0.1316888908623647,15.225324609742886,15.225324609742886,16.3241270094922,0.9358655063157226,113.95925170042925,320.526422127884,750.0000000000002,1316.8889086236454,2304555.5900913794,641.052844255768,5.625281271071679,True
6,17,7.0,0.883448275862069,0.9950227311142229,0.11157445525215393,0.6584444543118237,0.1316888908623647,17.163670467058992,17.163670467058992,15.429163647292073,0.7864752672949441,113.94139602975191,328.86112154218364,750.0000000000002,1316.8889086236518,2304555.5900913905,657.7222430843673,5.772460808823384,True
6,18,7.0,0.9348275862068965,1.040909215658963,0.10608162945206645,0.6584444543118237,0.1316888908623647,19.21812226718518,19.21812226718518,14.625303685716439,0.6682912256553722,114.00165202358745,336.7651543778023,749.9999999999999,1316.8889086236497,2304555.5900913873,673.5303087556046,5.908074986634826,True
6,19,7.0,0.9862068965517242,1.0872871847476766,0.10108028819595238,0.6584444543118237,0.1316888908623647,21.38868001012147,21.38868001012147,13.899519260506274,0.5734243191513214,114.12925721768177,344.26968822256373,749.9999999999998,1316.8889086236504,2304555.590091388,688.5393764451275,6.032978687768536,True
6,20,7.0,1.0375862068965518,1.1340963433731364,0.09651013647658457,0.6584444543118237,0.1316888908623647,23.675343695867838,23.675343695867838,13.241126404150219,0.4962887944829622,114.31573270640348,351.4031375400637,750.0000000000001,1316.8889086236418,2304555.5900913733,702.8062750801274,6.147940081748338,True
6,21,7.0,1.0889655172413792,1.1812854341991732,0.09231991695779396,0.6584444543118237,0.1316888908623647,26.078113324424294,26.078113324424294,12.64128434650824,0.43284905635679427,114.55431650676599,358.19143669019746,750.0000000000001,1316.8889086236434,2304555.590091376,716.3828733803949,6.253652374051595,True
6,22,7.0,1.140344827586207,1.2288106872553481,0.08846585966914122,0.6584444543118237,0.1316888908623647,28.596988895790854,28.596988895790854,12.092617447662525,0.3801364879518697,114.8395529409381,364.6582832036234,750.0,1316.8889086236468,2304555.5900913817,729.3165664072468,6.35074369178652,True
6,23,7.0,1.1917241379310346,1.2766345601768003,0.08491042224576573,0.6584444543118237,0.1316888908623647,31.231970409967502,31.231970409967502,11.588926110458077,0.3359317968763194,115.16699113797141,370.82535561561673,749.9999999999999,1316.8889086236495,2304555.590091387,741.6507112312335,6.439785427256037,True
6,24,7.0,1.243103448275862,1.3247247119404406,0.08162126366457856,0.6584444543118237,0.1316888908623647,33.98305786695422,33.98305786695422,11.124963200691136,0.29855154368482956,115.53296097198455,376.712508917903,750.0000000000001,1316.8889086236418,2304555.5900913733,753.425017835806,6.521299302789471,True
6,25,7.0,1.2944827586206897,1.3730531641843209,0.07857040556363115,0.6584444543118237,0.1316888908623647,36.85025126675106,36.85025126675106,10.69625932926512,0.26670181020413536,115.9344046904924,382.33795003560573,750.0,1316.8889086236381,2304555.590091367,764.6759000712115,6.595763372509225,True
6,26,7.0,1.3458620689655172,1.421595613383246,0.07573354441772873,0.6584444543118237,0.1316888908623647,39.833550609357964,39.833550609357964,10.298985014816353,0.23937607057522087,116.36874908822179,387.718395369227,750.0000000000002,1316.8889086236452,2304555.590091379,775.436790738454,6.663617137884483,True
6,27,7.0,1.3972413793103449,1.4703308645904907,0.0730894852801458,0.6584444543118237,0.1316888908623647,42.93295589477496,42.93295589477496,9.92984098606677,0.21578273517505311,116.83380753749249,392.8692122067289,749.9999999999998,1316.8889086236481,2304555.5900913845,785.7384244134578,6.725265922377055,True
6,28,7.0,1.4486206896551725,1.5192403634077698,0.07061967375259726,0.6584444543118237,0.1316888908623647,46.148467123002064,46.148467123002064,9.585970169104458,0.19529297032377294,117.32770423723224,397.8045456361779,749.9999999999998,1316.8889086236459,2304555.5900913803,795.6090912723558,6.78108462485266,True
6,29,7.0,1.5,1.5683078075780739,0.06830780757807386,0.6584444543118237,0.1316888908623647,49.480084294039244,49.480084294039244,9.264886539404616,0.17740259979586262,117.84881515976733,402.537432442228,750.0,1316.888908623644,2304555.590091377,805.074864884456,6.831420950588414,True
7,0,7.0,0.01,0.4935790472275631,0.48357904722756306,0.7650415096484356,0.1530083019296871,0.0021991148575128553,0.0021991148575128553,76.70811349793335,12140323306.323168,126.65509519936714,126.6626309012042,48.41447974940269,1530.0830192968706,2677645.2837695237,253.3252618024084,2.0001189956365386,True
7,1,7.0,0.06137931034482759,0.4972802988259998,0.4359009884811722,0.7650415096484356,0.1530083019296871,0.08284988721217279,0.08284988721217279,72.16604507605543,86453.74498776578,132.24739956687588,132.25585837193526,291.78307804582727,1530.0830192968708,2677645.2837695237,264.5117167438705,2.000127923952941,True
7,2,7.0,0.11275862068965517,0.5061963871877223,0.39343776649806717,0.7650415096484356,0.1530083019296871,0.2796066023769228,0.2796066023769228,67.92758841514129,1910.2005996999824,137.99800591450176,137.99055604477292,526.1701928014834,1530.0830192968708,2677645.2837695237,275.98111208954583,1.99989202931333,True
7,3,7.0,0.16413793103448276,0.5200591661208843,0.35592123508640156,0.7650415096484356,0.1530083019296871,0.5924692603517631,0.5924692603517631,63.93269825086875,199.20961351703036,143.6825077374803,143.92219405225103,750.0000000000002,1530.0830192968713,2677645.2837695247,287.84438810450206,2.003336332564694,True
7,4,7.0,0.21551724137931036,0.5384867288929384,0.322969487513628,0.7650415096484356,0.1530083019296871,1.0214378611366934,1.0214378611366934,53.14841274157887,67.88192280098083,131.75613879410446,163.17151410304461,749.9999999999999,1530.0830192968713,2677645.2837695247,326.34302820608923,2.4768715233532004,True
7,5,7.0,0.26689655172413795,0.5610294512628587,0.2941328995387208,0.7650415096484356,0.1530083019296871,1.566512404731714,1.566512404731714,45.57754014295576,30.174414156893434,124.20377276779801,180.51148171289455,750.0000000000005,1530.0830192968708,2677645.2837695237,361.0229634257891,2.906698849645496,True
7,6,7.0,0.3182758620689655,0.587213589963492,0.2689377278945265,0.7650415096484356,0.1530083019296871,2.227692891136824,2.227692891136824,39.90934275597251,15.871055274745634,119.10123463998573,196.43492356202395,750.0,1530.08301929687,2677645.2837695223,392.8698471240479,3.298621112632447,True
7,7,7.0,0.36965517241379314,0.6165753987586109,0.24692022634481775,0.7650415096484356,0.1530083019296871,3.0049793203520254,3.0049793203520254,35.48383090687431,9.364721667179893,115.50884650196754,211.21380775472863,750.0000000000005,1530.0830192968704,2677645.2837695233,422.42761550945727,3.6571018437298806,True
7,8,7.0,0.4210344827586207,0.6486835218609212,0.22764903910230044,0.7650415096484356,0.1530083019296871,3.8983716923773164,3.8983716923773164,31.924539340559708,6.00222765856932,112.90972507973923,225.01678287262504,750.0000000000002,1530.0830192968701,2677645.283769523,450.0335657452501,3.985782140798119,True
7,9,7.0,0.4724137931034483,0.6831508382315407,0.21073704512809238,0.7650415096484356,0.1530083019296871,4.907870007212697,4.907870007212697,28.997444109565784,4.092664263278511,110.99569956556861,237.959611049755,750.0,1530.0830192968729,2677645.2837695275,475.91922209951,4.2877266773598715,True
7,10,7.0,0.5237931034482759,0.7196384446943098,0.19584534124603392,0.7650415096484356,0.1530083019296871,6.033474264858168,6.033474264858168,26.547724132753093,2.9269890905787395,109.57208918872655,250.12895540825684,750.0000000000001,1530.0830192968722,2677645.2837695265,500.2579108165137,4.5655596650609755,True
7,11,7.0,0.5751724137931035,0.7578545912314935,0.18268217743839,0.7650415096484356,0.1530083019296871,7.275184465313729,7.275184465313729,24.468065085425767,2.173751844716847,108.51042563498,261.59428428704416,749.9999999999999,1530.0830192968701,2677645.283769523,523.1885685740883,4.821551159830954,True
7,12,7.0,0.626551724137931,0.7975508378042637,0.1709991136663327,0.7650415096484356,0.1530083019296871,8.63300060857938,8.63300060857938,22.68135659027137,1.6642037351711663,107.72297856206974,272.4140890710337,750.0000000000002,1530.0830192968724,2677645.2837695265,544.8281781420674,5.057678365513618,True
7,13,7.0,0.6779310344827586,0.8385170024375965,0.16058596795483793,0.7650415096484356,0.1530083019296871,10.106922694655122,10.106922694655122,21.130588892383916,1.3063081043012317,107.14814169761881,282.63926009263946,749.9999999999999,1530.0830192968722,2677645.2837695265,565.2785201852789,5.275672645639932,True
7,14,7.0,0.7293103448275863,0.8805758655190373,0.15126552069145105,0.7650415096484356,0.1530083019296871,11.696950723540954,11.696950723540954,19.772625828070634,1.0469410868468227,106.74162733118945,292.3150013687112,750.0000000000001,1530.0830192968708,2677645.2837695237,584.6300027374224,5.4770572395667045,True
7,15,7.0,0.7806896551724138,0.9235781577946132,0.14288850262219932,0.7650415096484356,0.1530083019296871,13.403084695236876,13.403084695236876,18.574194621424173,0.8539504331951213,106.47094766626105,301.48197801072837,750.0000000000003,1530.0830192968713,2677645.2837695247,602.9639560214567,5.663178258838081,True
7,16,7.0,0.8320689655172414,0.9673980769254201,0.13532911140817871,0.7650415096484356,0.1530083019296871,15.225324609742886,15.225324609742886,17.509208511547893,0.7070778660904252,106.31184283404787,310.17705253937766,750.0000000000001,1530.083019296869,2677645.283769521,620.3541050787553,5.835230474248521,True
7,17,7.0,0.883448275862069,1.0119294105745378,0.1284811347124688,0.7650415096484356,0.1530083019296871,17.163670467058992,17.163670467058992,16.556924925199105,0.5931108828728362,106.24590569260144,318.43379552997976,750.0000000000003,1530.0830192968738,2677645.2837695293,636.8675910599595,5.994278903345153,True
7,18,7.0,0.9348275862068965,1.057082254034889,0.12225466782799244,0.7650415096484356,0.1530083019296871,19.21812226718518,19.21812226718518,15.700646179130631,0.503170560133956,106.25896565540114,326.2828680329414,750.0,1530.0830192968742,2677645.28376953,652.5657360658828,6.1412769458170695,True
7,19,7.0,0.9862068965517242,1.102780267627351,0.11657337107562682,0.7650415096484356,0.1530083019296871,21.38868001012147,21.38868001012147,14.926783085030165,0.43113208000733283,106.33996678696761,333.7523273989314,750.0000000000001,1530.083019296869,2677645.283769521,667.5046547978628,6.2770816558094715,True
7,20,7.0,1.0375862068965518,1.1489584033393214,0.11137219644276963,0.7650415096484356,0.1530083019296871,23.675343695867838,23.675343695867838,14.2241675392807,0.3726719961237485,106.48017516181689,340.8678841377376,749.9999999999999,1530.0830192968654,2677645.2837695144,681.7357682754752,6.402466630426255,True
7,21,7.0,1.0889655172413792,1.195561028807335,0.10659551156595581,0.7650415096484356,0.1530083019296871,26.078113324424294,26.078113324424294,13.583539711001725,0.32467544843615814,106.67260997723017,347.6531248342672,749.9999999999999,1530.0830192968785,2677645.283769537,695.3062496685344,6.518132909815849,True
7,22,7.0,1.140344827586207,1.2425403823074261,0.10219555472121922,0.7650415096484356,0.1530083019296871,28.596988895790854,28.596988895790854,12.997160012396542,0.28485703631149517,106.9116294282411,354.12970952387377,750.0,1530.083019296867,2677645.283769517,708.2594190477475,6.624718216675671,True
7,23,7.0,1.1917241379310346,1.2898553007176954,0.09813116278666079,0.7650415096484356,0.1530083019296871,31.231970409967502,31.231970409967502,12.458511748210435,0.2515122973568953,107.1926253347401,360.3175484553028,750.0000000000003,1530.0830192968788,2677645.2837695377,720.6350969106056,6.722804807328986,True
7,24,7.0,1.243103448275862,1.3374701712477208,0.09436672297185877,0.7650415096484356,0.1530083019296871,33.98305786695422,33.98305786695422,11.962070643042171,0.2233511546910061,107.51179529331189,366.23496134762416,750.0000000000002,1530.0830192968704,2677645.2837695233,732.4699226952483,6.812926160305817,True
7,25,7.0,1.2944827586206897,1.385354066016446,0.09087130739575633,0.7650415096484356,0.1530083019296871,36.85025126675106,36.85025126675106,11.50312434941054,0.19938404400063764,107.86597082148029,371.89882128763384,750.0000000000006,1530.0830192968824,2677645.283769544,743.7976425752677,6.89557268998453,True
7,26,7.0,1.3458620689655172,1.4334800258609157,0.08761795689539853,0.7650415096484356,0.1530083019296871,39.833550609357964,39.833550609357964,11.077629757167204,0.17884263308901885,108.25248643210382,377.3246848996668,750.0,1530.0830192968715,2677645.283769525,754.6493697993336,6.97119664103652,True
7,27,7.0,1.3972413793103449,1.4818244659605078,0.0845830866501629,0.7650415096484356,0.1530083019296871,42.93295589477496,42.93295589477496,10.6820992046572,0.1611237056014626,108.66907896170197,382.5269101319364,750.0,1530.08301929688,2677645.28376954,765.0538202638728,7.040216293114063,True
7,28,7.0,1.4486206896551725,1.5303666810144216,0.08174599135924909,0.7650415096484356,0.1530083019296871,46.148467123002064,46.148467123002064,10.31350900776219,0.14574883586884607,109.11380949294863,387.51876282889,749.9999999999998,1530.0830192968485,2677645.283769485,775.03752565778,7.103019583491546,True
7,29,7.0,1.5,1.579088431932192,0.07908843193219206,0.7650415096484356,0.1530083019296871,49.480084294039244,49.480084294039244,9.96922538098344,0.1323350064223767,109.58500231349164,392.3125131396967,750.0,1530.0830192968604,2677645.2837695056,784.6250262793934,7.1599672374400605,True
8,0,7.0,0.01,0.5268312561093856,0.5168312561093856,0.8716385649850474,0.17432771299700944,0.0021991148575128553,0.0021991148575128553,79.72234997485491,10405790871.776514,123.21951817534338,123.22823335742252,48.92958742236956,1743.2771299700944,3050734.9774476653,246.45646671484505,2.0001414578178554,True
8,1,7.0,0.06137931034482759,0.5303004734602824,0.46892116311545484,0.8716385649850474,0.17432771299700944,0.08284988721217279,0.08284988721217279,75.30406126459937,72919.18998975024,128.3422876199398,128.33542325553103,295.33785014568787,1743.2771299700942,3050734.977447665,256.67084651106205,1.9998930303559943,True
8,2,7.0,0.11275862068965517,0.5386702877954441,0.425911667105789,0.8716385649850474,0.17432771299700944,0.2796066023769228,0.2796066023769228,71.1499862844452,1586.9545174441405,133.59075411574347,133.58243956641638,533.2612170285106,1743.2771299700944,3050734.9774476653,267.16487913283277,1.9998755220841125,True
8,3,7.0,0.16413793103448276,0.5517177111694654,0.3875797801349827,0.8716385649850474,0.17432771299700944,0.5924692603517631,0.5924692603517631,66.71548386094013,167.99481136623265,137.76135264918176,139.73282467376677,750.0000000000003,1743.2771299700944,3050734.9774476653,279.46564934753354,2.028621554400754,True
8,4,7.0,0.21551724137931036,0.5691211239670699,0.35360388258775954,0.8716385649850474,0.17432771299700944,1.0214378611366934,1.0214378611366934,55.61194240210278,56.629545279030815,125.98765249122471,158.28775480383754,750.0000000000002,1743.2771299700944,3050734.9774476653,316.5755096076751,2.512750284236983,True
8,5,7.0,0.26689655172413795,0.5904955052631887,0.32359895353905077,0.8716385649850474,0.17432771299700944,1.566512404731714,1.566512404731714,47.80602501621792,24.929400704102054,118.47992073184926,174.99801668007856,750.0000000000001,1743.2771299700944,3050734.9774476653,349.9960333601571,2.9540535746330283,True
8,6,7.0,0.3182758620689655,0.6154272473570992,0.2971513852881337,0.8716385649850474,0.17432771299700944,2.227692891136824,2.227692891136824,41.95054328634368,13.000311202257484,113.3706980108918,190.3549329562487,749.9999999999999,1743.2771299700946,3050734.9774476658,380.7098659124974,3.3580975736421914,True
8,7,7.0,0.36965517241379314,0.6435030061359964,0.2738478337222033,0.8716385649850474,0.17432771299700944,3.0049793203520254,3.0049793203520254,37.36859958879754,7.6135917776905435,109.74668293082287,204.62960601948842,750.0000000000001,1743.2771299700948,3050734.9774476658,409.25921203897684,3.7291260301411304,True
8,8,7.0,0.4210344827586207,0.6743301921800716,0.2532957094214509,0.8716385649850474,0.17432771299700944,3.8983716923773164,3.8983716923773164,33.67484808392366,4.848288335416221,107.10428543584123,217.98871529358505,750.0000000000002,1743.2771299700948,3050734.9774476658,435.9774305871701,4.07058810777776,True
8,9,7.0,0.4724137931034483,0.7075492663611352,0.23513547325768697,0.8716385649850474,0.17432771299700944,4.907870007212697,4.907870007212697,30.6300956811681,3.2873926942576657,105.14224654737308,230.54479913036909,749.9999999999995,1743.277129970095,3050734.977447666,461.08959826073817,4.385388494176685,True
8,10,7.0,0.5237931034482759,0.7428394090473185,0.2190463055990426,0.8716385649850474,0.17432771299700944,6.033474264858168,6.033474264858168,28.076220204909276,2.3397837916323465,103.66946314050472,242.38038245473405,750.0000000000001,1743.2771299700946,3050734.9774476658,484.7607649094681,4.6760227189800805,True
8,11,7.0,0.5751724137931035,0.7799195330304134,0.20474711923730993,0.8716385649850474,0.17432771299700944,7.275184465313729,7.275184465313729,25.903618621374193,1.7304805503165333,102.55924136827501,253.56030046160862,750.0000000000001,1743.2771299700923,3050734.9774476616,507.12060092321724,4.944660219377233,True
8,12,7.0,0.626551724137931,0.8185464161756542,0.19199469203772312,0.8716385649850474,0.17432771299700944,8.63300060857938,8.63300060857938,24.033482633970724,1.3201271614515186,101.72463918545661,264.1382685883446,750.0,1743.2771299700921,3050734.977447661,528.2765371766892,5.193201385689613,True
8,13,7.0,0.6779310344827586,0.8585113044850698,0.18058027000231125,0.8716385649850474,0.17432771299700944,10.106922694655122,10.106922694655122,22.407476661764083,1.0330473138683849,101.10430344969872,274.1605082251944,750.0,1743.2771299700944,3050734.9774476653,548.3210164503888,5.423320251874232,True
8,14,7.0,0.7293103448275863,0.8996358993983765,0.17032555457079024,0.8716385649850474,0.17432771299700944,11.696950723540954,11.696950723540954,20.98139115913683,0.8257384617426565,100.65391748065085,283.6678176658436,750.0,1743.2771299700926,3050734.977447662,567.3356353316872,5.6364983055999645,True
8,15,7.0,0.7806896551724138,0.9417682889686908,0.16107863379627696,0.8716385649850474,0.17432771299700944,13.403084695236876,13.403084695236876,19.721062885471884,0.671972280813931,100.3408249580657,292.69680390364175,750.0,1743.2771299700955,3050734.977447667,585.3936078072835,5.834052172203392,True
8,16,7.0,0.8320689655172414,0.9847791304605948,0.15271016494335343,0.8716385649850474,0.17432771299700944,15.225324609742886,15.225324609742886,18.599654313540476,0.5552822746976578,100.14053766097584,301.2806534629088,750.0000000000002,1743.2771299700937,3050734.977447664,602.5613069258176,6.017156697977587,True
8,17,7.0,0.883448275862069,1.028558228073382,0.14510995221131306,0.8716385649850474,0.17432771299700944,17.163670467058992,17.163670467058992,17.59578299694352,0.46496495605466814,100.03440398555003,309.4496454871164,750.0000000000002,1743.277129970094,3050734.9774476644,618.8992909742328,6.186864381814409,True
8,18,7.0,0.9348275862068965,1.0730115508917906,0.13818396468489402,0.8716385649850474,0.17432771299700944,19.21812226718518,19.21812226718518,16.692201790188754,0.3938499775951151,100.00801583075175,317.2315174997795,750.0000000000003,1743.277129970094,3050734.9774476644,634.463034999559,6.3441218159281405,True
8,19,7.0,0.9862068965517242,1.118058681474267,0.1318517849225428,0.8716385649850474,0.17432771299700944,21.38868001012147,21.38868001012147,15.87484708415014,0.33700552728093436,100.05009796071991,324.65174431175166,749.9999999999999,1743.2771299700973,3050734.9774476704,649.3034886235033,6.489783636977773,True
8,20,7.0,1.0375862068965518,1.1636306583945641,0.12604445149801236,0.8716385649850474,0.17432771299700944,23.675343695867838,23.675343695867838,15.132139383680247,0.29095971567860207,100.15171999395129,331.7337634310597,750.0000000000002,1743.2771299700933,3050734.977447663,663.4675268621194,6.62462438889906,True
8,21,7.0,1.0889655172413792,1.2096681653059147,0.12070264806453546,0.8716385649850474,0.17432771299700944,26.078113324424294,26.078113324424294,14.454460834177452,0.2532174839758907,100.30572850523328,338.49916553152497,750.0000000000001,1743.277129970088,3050734.977447654,676.9983310630499,6.7493486279572625,True
8,22,7.0,1.140344827586207,1.2561200174411715,0.1157751898549646,0.8716385649850474,0.17432771299700944,28.596988895790854,28.596988895790854,13.833759269372532,0.22195245779709996,100.50633198282715,344.96786044055125,749.9999999999998,1743.2771299701014,3050734.9774476774,689.9357208811025,6.864599545817543,True
8,23,7.0,1.1917241379310346,1.3029418994495727,0.11121776151853813,0.8716385649850474,0.17432771299700944,31.231970409967502,31.231970409967502,13.263244280564173,0.19580546751776162,100.74879362515739,351.15822467685877,750.0000000000003,1743.2771299700912,3050734.9774476597,702.3164493537175,6.970966341956736,True
8,24,7.0,1.243103448275862,1.3500953134979514,0.10699186522208937,0.8716385649850474,0.17432771299700944,33.98305786695422,33.98305786695422,12.737151231971287,0.17374984748568714,101.0292013098204,357.08723414780064,749.9999999999998,1743.2771299700837,3050734.9774476467,714.1744682956013,7.068990539730032,True
8,25,7.0,1.2944827586206897,1.397546702182086,0.10306394356139625,0.8716385649850474,0.17432771299700944,36.85025126675106,36.85025126675106,12.250556124720191,0.15499955141107571,101.3442935087707,362.7705842936518,750.0,1743.277129970102,3050734.9774476783,725.5411685873036,7.15917140933557,True
8,26,7.0,1.3458620689655172,1.445266716247882,0.09940464728236487,0.8716385649850474,0.17432771299700944,39.833550609357964,39.833550609357964,11.799228976890783,0.1389453195548175,101.69132624574553,368.22279924276995,749.9999999999997,1743.2771299700967,3050734.977447669,736.4455984855399,7.241970634799845,True
8,27,7.0,1.3972413793103449,1.4932296020608713,0.09598822275052643,0.8716385649850474,0.17432771299700944,42.93295589477496,42.93295589477496,11.379516699120066,0.12510958955693932,102.06797049325641,373.45733114176704,750.0,1743.2771299700971,3050734.97744767,746.9146622835341,7.31781634016993,True
8,28,7.0,1.4486206896551725,1.5414126880595023,0.09279199840432972,0.8716385649850474,0.17432771299700944,46.148467123002064,46.148467123002064,10.988248784354434,0.11311415844562453,102.47223237515149,378.4866505981604,750.0,1743.2771299701014,3050734.9774476774,756.9733011963208,7.387106571710439,True
8,29,7.0,1.5,1.5897959530750458,0.08979595307504584,0.8716385649850474,0.17432771299700944,49.480084294039244,49.480084294039244,10.622660806081644,0.10265666330602238,102.90239061676844,383.32232903743784,749.9999999999999,1743.2771299701055,3050734.977447685,766.6446580748757,7.45021231751585,True
9,0,7.0,0.01,0.5581057865364928,0.5481057865364928,0.9782356203216592,0.1956471240643318,0.0021991148575128553,0.0021991148575128553,82.48181011640811,9081607500.8126,120.26543193126967,120.25834441620873,49.38694016941877,1956.4712406433173,3423824.6711258055,240.51668883241746,1.9998821354574272,True
9,1,7.0,0.06137931034482759,0.5613817673419078,0.5000024569970802,0.9782356203216592,0.1956471240643318,0.08284988721217279,0.08284988721217279,78.16044669207108,62830.0348767807,124.98966888538561,124.98194037220057,298.38986760114915,1956.4712406433175,3423824.6711258055,249.96388074440114,1.9998763335681427,True
9,2,7.0,0.11275862068965517,0.5692948054438498,0.45653618475419466,0.9782356203216592,0.1956471240643318,0.2796066023769228,0.2796066023769228,74.08549585102405,1349.991378567385,129.83623553929766,129.82714030694373,539.387743586649,1956.4712406433177,3423824.671125806,259.65428061388747,1.9998598968567418,True
9,3,7.0,0.16413793103448276,0.5816556793927125,0.4175177483582297,0.9782356203216592,0.1956471240643318,0.5924692603517631,0.5924692603517631,69.24422437940382,144.76654479080835,132.79921177819367,136.15130263174538,750.0000000000002,1956.4712406433173,3423824.6711258055,272.30260526349076,2.050483595627819,True
9,4,7.0,0.21551724137931036,0.5981887246490568,0.3826714832697464,0.9782356203216592,0.1956471240643318,1.0214378611366934,1.0214378611366934,57.85256269942298,48.35316703390049,121.17301446080772,154.11630245306978,749.9999999999998,1956.4712406433175,3423824.6711258055,308.23260490613956,2.543739678984668,True
9,5,7.0,0.26689655172413795,0.6185594864584592,0.3516629347343212,0.9782356203216592,0.1956471240643318,1.566512404731714,1.566512404731714,49.83590831806271,21.109252906404095,113.71665729202695,170.28797363199408,750.0,1956.471240643318,3423824.6711258064,340.57594726398816,2.994952150144384,True
9,6,7.0,0.3182758620689655,0.6424029836023961,0.3241271215334306,0.9782356203216592,0.1956471240643318,2.227692891136824,2.227692891136824,43.81334346929009,10.926435898855688,108.61175207983389,185.15588410181138,750.0000000000002,1956.4712406433173,3423824.6711258055,370.31176820362276,3.4094999952807052,True
9,7,7.0,0.36965517241379314,0.6693482019530554,0.2996930295392623,0.9782356203216592,0.1956471240643318,3.0049793203520254,3.0049793203520254,39.092233915479504,6.357039690118206,104.96811806724166,198.99061342127467,750.0,1956.471240643317,3423824.671125805,397.98122684254935,3.7914486243109176,True
9,8,7.0,0.4210344827586207,0.6990365545787549,0.2780020718201342,0.9782356203216592,0.1956471240643318,3.8983716923773164,3.8983716923773164,35.27895763116719,4.0248346363955605,102.29407372152552,211.95777524581817,749.9999999999998,1956.4712406433187,3423824.671125808,423.91555049163634,4.144087091942969,True
9,9,7.0,0.4724137931034483,0.7311339554964637,0.2587201623930154,0.9782356203216592,0.1956471240643318,4.907870007212697,4.907870007212697,32.12953309806416,2.7153595332993277,100.29475329487401,224.1679395526755,750.0,1956.4712406433184,3423824.6711258073,448.335879105351,4.470182780022503,True
9,10,7.0,0.5237931034482759,0.7653373662545776,0.2415442628063017,0.9782356203216592,0.1956471240643318,6.033474264858168,6.033474264858168,29.482821075584628,1.9242174145737316,98.78251785693136,235.70089409481417,750.0000000000002,1956.4712406433184,3423824.6711258073,471.40178818962835,4.772117561048289,True
9,11,7.0,0.5751724137931035,0.8013771737166603,0.22620475992355682,0.9782356203216592,0.1956471240643318,7.275184465313729,7.275184465313729,27.227163982745274,1.4177473485701502,97.63251470478446,246.61823724811558,750.0000000000001,1956.4712406433193,3423824.6711258087,493.23647449623115,5.051969377083557,True
9,12,7.0,0.626551724137931,0.8390167650206587,0.21246504088272766,0.9782356203216592,0.1956471240643318,8.63300060857938,8.63300060857938,25.282256750792282,1.078001210860878,96.7587257446787,256.97020963205074,750.0,1956.4712406433168,3423824.6711258045,513.9404192641015,5.311566634519946,True
9,13,7.0,0.6779310344827586,0.8780504293492376,0.200119394866479,0.9782356203216592,0.1956471240643318,10.106922694655122,10.106922694655122,23.588612397677004,0.8411674270566062,96.10020210151981,266.7995255067697,750.0,1956.4712406433173,3423824.6711258055,533.5990510135395,5.552527875538158,True
9,14,7.0,0.7293103448275863,0.9183004127397798,0.18899006791219353,0.9782356203216592,0.1956471240643318,11.696950723540954,11.696950723540954,22.10109875621515,0.6706936198801674,95.61274072079537,276.14358636987487,750.0000000000001,1956.4712406433146,3423824.6711258003,552.2871727397497,5.7762926632604055,True
9,15,7.0,0.7806896551724138,0.9596136757355741,0.17892402056316026,0.9782356203216592,0.1956471240643318,13.403084695236876,13.403084695236876,20.78479155792039,0.5446154234476294,95.26364160837996,285.0358013214378,750.0000000000002,1956.471240643319,3423824.6711258083,570.0716026428756,5.984146658873145,True
9,16,7.0,0.8320689655172414,1.00185868880918,0.16978972329193864,0.9782356203216592,0.1956471240643318,15.225324609742886,15.225324609742886,19.612212933287147,0.4491867135586481,95.02829324872611,293.50640554094525,750.0000000000003,1956.4712406433184,3423824.6711258073,587.0128110818905,6.177242492879978,True
9,17,7.0,0.883448275862069,1.0449224493182159,0.1614741734561469,0.9782356203216592,0.1956471240643318,17.163670467058992,17.163670467058992,18.5614343172784,0.375498736137556,94.88788599523426,301.5829924480101,750.0000000000002,1956.4712406433166,3423824.671125804,603.1659848960202,6.356617376071738,True
9,18,7.0,0.9348275862068965,1.0887078051060946,0.153880218899198,0.9782356203216592,0.1956471240643318,19.21812226718518,19.21812226718518,17.614738466644763,0.31760002817428423,94.82784437664432,309.29087985869836,750.0,1956.4712406433187,3423824.671125808,618.5817597173967,6.523208070200008,True
9,19,7.0,0.9862068965517242,1.1331311097007708,0.14692421314904658,0.9782356203216592,0.1956471240643318,21.38868001012147,21.38868001012147,16.75765444427117,0.27140778675648297,94.8367303439397,316.6533778917945,750.0000000000001,1956.471240643308,3423824.6711257887,633.306755783589,6.6778636661851,True
9,20,7.0,1.0375862068965518,1.1781202000252313,0.14053399312867954,0.9782356203216592,0.1956471240643318,23.675343695867838,23.675343695867838,15.97824808270255,0.23405480218902566,94.9054623389408,323.69199704145836,750.0,1956.4712406433064,3423824.6711257864,647.3839940829167,6.821356517614136,True
9,21,7.0,1.0889655172413792,1.22361267021321,0.13464715297183072,0.9782356203216592,0.1956471240643318,26.078113324424294,26.078113324424294,15.266591504909023,0.20348525064693707,95.02675050978118,330.4266183347508,750.0000000000001,1956.47124064332,3423824.67112581,660.8532366695016,6.95439161209116,True
9,22,7.0,1.140344827586207,1.2695544079590024,0.1292095803727955,0.9782356203216592,0.1956471240643318,28.596988895790854,28.596988895790854,14.6143606664968,0.1781974685274646,95.19468252045222,336.8756381750124,750.0000000000002,1956.4712406433214,3423824.6711258125,673.7512763500248,7.077614615766715,True
9,23,7.0,1.1917241379310346,1.3158983584961965,0.12417422056516192,0.9782356203216592,0.1956471240643318,31.231970409967502,31.231970409967502,14.014526041512266,0.1570761430657814,95.40441595891431,343.0560951995147,749.9999999999999,1956.4712406433223,3423824.671125814,686.1121903990294,7.191618789370316,True
9,24,7.0,1.243103448275862,1.3626034830723337,0.11950003479647164,0.9782356203216592,0.1956471240643318,33.98305786695422,33.98305786695422,13.461112127705574,0.1392803617543082,95.6519472825378,348.9837834955368,750.0,1956.4712406433146,3423824.6711258003,697.9675669910736,7.296950943710629,True
9,25,7.0,1.2944827586206897,1.4096338820175074,0.11515112339681766,0.9782356203216592,0.1956471240643318,36.85025126675106,36.85025126675106,12.949008500374207,0.12416740211807246,95.9339364296801,354.6733548314446,750.0,1956.4712406433212,3423824.671125812,709.3467096628892,7.394116577118075,True
9,26,7.0,1.3458620689655172,1.4569580562410367,0.1110959872755195,0.9782356203216592,0.1956471240643318,39.833550609357964,39.833550609357964,12.473819954893148,0.11123989075965503,96.24757239658332,360.13841160598076,749.9999999999998,1956.471240643318,3423824.6711258064,720.2768232119615,7.483584315707172,True
9,27,7.0,1.3972413793103449,1.5045482847095974,0.10730690539925258,0.9782356203216592,0.1956471240643318,42.93295589477496,42.93295589477496,12.031746619844768,0.1001085473758876,96.59046928865082,365.3915916799585,750.0,1956.4712406433139,3423824.6711257994,730.783183359917,7.565789758987975,True
9,28,7.0,1.4486206896551725,1.5523800989005705,0.10375940924539795,0.9782356203216592,0.1956471240643318,46.148467123002064,46.148467123002064,11.619487282074461,0.09046551165677587,96.96058526925675,370.4446459479697,750.0000000000001,1956.4712406433127,3423824.671125797,740.8892918959394,7.641138817783651,True
9,29,7.0,1.5,1.6004318382753817,0.10043183827538171,0.9782356203216592,0.1956471240643318,49.480084294039244,49.480084294039244,11.234160855399168,0.08206497637362145,97.35615887322922,375.3085093303398,750.0,1956.4712406433207,3423824.671125811,750.6170186606796,7.71001061820941,True
10,0,7.0,0.01,0.5877184406816255,0.5777184406816255,1.0848326756582711,0.21696653513165418,0.0021991148575128553,0.0021991148575128553,85.0216662858175,8044091693.931062,117.6681010254971,117.66017998070889,49.78552993721251,2169.665351316542,3796914.3648039484,235.32035996141778,1.999865366319008,True
10,1,7.0,0.06137931034482759,0.5908302507959863,0.5294509404511587,1.0848326756582711,0.21696653513165418,0.08284988721217279,0.08284988721217279,80.79070287250795,55038.91777903479,122.06802098811127,122.0594664324183,301.07811865907104,2169.6653513165425,3796914.3648039494,244.1189328648366,1.9998598395284248,True
10,2,7.0,0.11275862068965517,0.5983539688654826,0.4855953481758275,1.0848326756582711,0.21696653513165418,0.2796066023769228,0.2796066023769228,76.78086424441763,1170.1775930830752,126.5702864490607,126.57725925033165,544.679926031988,2169.6653513165415,3796914.3648039475,253.1545185006633,2.0001101806982757,True
10,3,7.0,0.16413793103448276,0.6101264015935731,0.44598847055909036,1.0848326756582711,0.21696653513165418,0.5924692603517631,0.5924692603517631,71.56619047491765,126.87347322148096,128.55658401129105,133.03551395648918,750.0000000000001,2169.665351316542,3796914.3648039484,266.07102791297837,2.0696802887171417,True
10,4,7.0,0.21551724137931036,0.6259078581141072,0.4103906167347968,1.0848326756582711,0.21696653513165418,1.0214378611366934,1.0214378611366934,59.9112337398859,42.0418946328313,117.07133580014842,150.49074676312955,750.0000000000001,2169.665351316542,3796914.3648039484,300.9814935262591,2.5709238855876926,True
10,5,7.0,0.26689655172413795,0.64540431888815,0.378507767164012,1.0848326756582711,0.21696653513165418,1.566512404731714,1.566512404731714,51.70308748733353,18.221178541522356,109.66971283685193,166.19465415040113,750.0000000000003,2169.665351316541,3796914.364803947,332.38930830080227,3.0308213608188703,True
10,6,7.0,0.3182758620689655,0.6682907225848527,0.35001486051588715,1.0848326756582711,0.21696653513165418,2.227692891136824,2.227692891136824,45.529402583405876,9.369928999995544,104.5763766097017,180.63480856293322,750.0000000000002,2169.665351316543,3796914.3648039503,361.26961712586643,3.4546006358031622,True
10,7,7.0,0.36965517241379314,0.6942318863387885,0.3245767139249954,1.0848326756582711,0.21696653513165418,3.0049793203520254,3.0049793203520254,40.682801093822384,5.419678052655015,100.9216149597708,194.08135663273504,749.9999999999999,2169.665351316542,3796914.3648039484,388.1627132654701,3.8461801609119988,True
10,8,7.0,0.4210344827586207,0.7228990255831451,0.3018645428245244,1.0848326756582711,0.21696653513165418,3.8983716923773164,3.8983716923773164,36.76188568991586,3.413657142081449,98.22445532842109,206.69932065645682,750.0000000000001,2169.665351316543,3796914.3648039503,413.39864131291364,4.208714010484285,True
10,9,7.0,0.4724137931034483,0.7539812712737824,0.2815674781703342,1.0848326756582711,0.21696653513165418,4.907870007212697,4.907870007212697,33.51818722323839,2.292571607235226,96.19591645540802,218.59805528845283,750.0000000000002,2169.665351316541,3796914.364803947,437.19611057690565,4.544851036161909,True
10,10,7.0,0.5237931034482759,0.7871925944374843,0.26339949098920845,1.0848326756582711,0.21696653513165418,6.033474264858168,6.033474264858168,30.78776331757835,1.6181461009171134,94.65165363259588,229.85551208961576,750.0000000000001,2169.665351316541,3796914.364803947,459.7110241792315,4.856872611689031,True
10,11,7.0,0.5751724137931035,0.8222750580589359,0.2471026442658324,1.0848326756582711,0.21696653513165418,7.275184465313729,7.275184465313729,28.45707338030059,1.1880850655414419,93.46864810224349,240.53099434631832,750.0,2169.665351316541,3796914.364803947,481.06198869263665,5.146773794849504,True
10,12,7.0,0.626551724137931,0.8589994345384957,0.23244771040056467,1.0848326756582711,0.21696653513165418,8.63300060857938,8.63300060857938,26.444461834602706,0.9006243102805914,92.56187076240353,250.672177963106,750.0000000000001,2169.6653513165434,3796914.364803951,501.344355926212,5.4163161547707865,True
10,13,7.0,0.6779310344827586,0.8971641171113035,0.2192330826285449,1.0848326756582711,0.21696653513165418,10.106922694655122,10.106922694655122,24.689417800898568,0.7008880055504467,91.87086801221591,260.319107076789,750.0000000000002,2169.665351316543,3796914.3648039503,520.638214153578,5.667065364880951,True
10,14,7.0,0.7293103448275863,0.936593051751813,0.20728270692422668,1.0848326756582711,0.21696653513165418,11.696950723540954,11.696950723540954,23.14599795341149,0.5575399530702146,91.35164461364847,269.5065314240253,750.0000000000001,2169.6653513165415,3796914.3648039475,539.0130628480506,5.900419911734341,True
10,15,7.0,0.7806896551724138,0.9771332064823423,0.1964435513099284,1.0848326756582711,0.21696653513165418,13.403084695236876,13.403084695236876,21.7786139984113,0.45180567328582055,90.97154393225318,278.26531098129,749.9999999999999,2169.665351316543,3796914.3648039503,556.53062196258,6.117634129382592,True
10,16,7.0,0.8320689655172414,1.018651917435084,0.1865829519178427,1.0848326756582711,0.21696653513165418,15.225324609742886,15.225324609742886,20.559231624016707,0.37196817459850273,90.70590714372608,286.6232862157321,750.0,2169.6653513165406,3796914.364803946,573.2465724314642,6.31983726840567,True
10,17,7.0,0.883448275862069,1.0610343169006853,0.1775860410386163,1.0848326756582711,0.21696653513165418,17.163670467058992,17.163670467058992,19.46544831515958,0.3104537920262739,90.53583080924358,294.60583767861266,750.0,2169.665351316545,3796914.364803954,589.2116753572253,6.5080495765116195,True
10,18,7.0,0.9348275862068965,1.10418095502986,0.16935336882296348,1.0848326756582711,0.21696653513165418,19.21812226718518,19.21812226718518,18.47913855514227,0.262215550001243,90.44662538398127,302.236262538204,750.0000000000003,2169.665351316545,3796914.364803954,604.472525076408,6.683196001068984,True
10,19,7.0,0.9862068965517242,1.1480056656321103,0.16179876908038604,1.0848326756582711,0.21696653513165418,21.38868001012147,21.38868001012147,17.58547690574271,0.22379924856196823,90.42673369723629,309.53604158620163,750.0,2169.6653513165434,3796914.364803951,619.0720831724033,6.846117932835652,True
10,20,7.0,1.0375862068965518,1.1924336888310458,0.15484748193449405,1.0848326756582711,0.21696653513165418,23.675343695867838,23.675343695867838,16.77221961213756,0.1927844648386598,90.46695856780894,316.52503941185506,750.0000000000001,2169.665351316537,3796914.3648039396,633.0500788237101,6.9975833038447,True
10,21,7.0,1.0889655172413792,1.2374000417237854,0.14843452448240613,1.0848326756582711,0.21696653513165418,26.078113324424294,26.078113324424294,16.02916725059009,0.16743931334521384,90.55990251237674,323.2216626780094,749.9999999999998,2169.6653513165443,3796914.3648039526,646.4433253560188,7.138295287670721,True
10,22,7.0,1.140344827586207,1.2828481170114634,0.14250328942525647,1.0848326756582711,0.21696653513165418,28.596988895790854,28.596988895790854,15.347756762488116,0.14650120051544982,90.6995556177524,329.64299114323507,750.0,2169.6653513165525,3796914.3648039666,659.2859822864701,7.268899806576668,True
10,23,7.0,1.1917241379310346,1.3287284848473404,0.1370043469163058,1.0848326756582711,0.21696653513165418,31.231970409967502,31.231970409967502,14.720747619621369,0.1290340772639444,90.88098858318254,335.8048900909608,750.0000000000001,2169.6653513165516,3796914.364803965,671.6097801819216,7.389992017606667,True
10,24,7.0,1.243103448275862,1.3749978722283829,0.13189442395252082,1.0848326756582711,0.21696653513165418,33.98305786695422,33.98305786695422,14.141977556622704,0.1143333895107741,91.10012148776244,341.7221093418205,750.0000000000001,2169.665351316545,3796914.364803954,683.444218683641,7.502121923903786,True
10,25,7.0,1.2944827586206897,1.4216182954237302,0.12713553680304046,1.0848326756582711,0.21696653513165418,36.85025126675106,36.85025126675106,13.606170439161907,0.10186149149455874,91.35354778838642,347.4083719955982,750.0000000000002,2169.6653513165493,3796914.364803961,694.8167439911964,7.605799236179495,True
10,26,7.0,1.3458620689655172,1.4685563231273713,0.12269425416185409,1.0848326756582711,0.21696653513165418,39.833550609357964,39.833550609357964,13.108783694892555,0.09120294229043399,91.63839907504291,352.87645486776796,750.0,2169.6653513165415,3796914.3648039475,705.7529097355359,7.701497591174559,True
10,27,7.0,1.3972413793103449,1.51578245060903,0.11854107129868519,1.0848326756582711,0.21696653513165418,42.93295589477496,42.93295589477496,12.645886105452233,0.08203303981290498,91.9522402273884,358.13826189872617,749.9999999999999,2169.6653513165265,3796914.3648039214,716.2765237974523,7.789658218507504,True
10,28,7.0,1.4486206896551725,1.5632705677566725,0.11464987810149996,1.0848326756582711,0.21696653513165418,46.148467123002064,46.148467123002064,12.214059136466666,0.07409532888222654,92.2929874733036,363.2048914143211,750.0000000000002,2169.6653513165343,3796914.364803935,726.4097828286422,7.870693134066782,True
10,29,7.0,1.5,1.610997506365929,0.11099750636592898,1.0848326756582711,0.21696653513165418,49.480084294039244,49.480084294039244,11.810316686117929,0.06718529499319104,92.65884385876097,368.0866978830167,750.0000000000003,2169.6653513165347,3796914.364803936,736.1733957660334,7.94498792676688,True
11,0,7.0,0.01,0.615908972226388,0.605908972226388,1.191429730994883,0.23828594619897653,0.0021991148575128553,0.0021991148575128553,87.3761072905843,7211484780.146813,115.35290621984034,115.35923221115816,50.134667816544685,2382.8594619897654,4170004.0584820895,230.71846442231632,2.00010968065782,True
11,1,7.0,0.06137931034482759,0.618879052648716,0.5574997423038884,1.191429730994883,0.23828594619897653,0.08284988721217279,0.08284988721217279,83.22588204961262,48874.44123288792,119.47748915539617,119.48421313217368,303.4270445541373,2382.8594619897654,4170004.0584820895,238.96842626434736,2.000112556379031,True
11,2,7.0,0.11275862068965517,0.6260657861669163,0.5133071654772612,1.191429730994883,0.23828594619897653,0.2796066023769228,0.2796066023769228,79.28616790357076,1029.1390354903035,123.70505178468557,123.71251782645797,549.4490463433069,2382.859461989765,4170004.0584820886,247.42503565291594,2.000120707144368,True
11,3,7.0,0.16413793103448276,0.6373265430477897,0.4731886120133069,1.191429730994883,0.23828594619897653,0.5924692603517631,0.5924692603517631,73.71624863695618,112.70664554931945,124.87069274129568,130.28671804460666,749.9999999999998,2382.8594619897654,4170004.0584820895,260.5734360892133,2.0867461400976093,True
11,4,7.0,0.21551724137931036,0.6524504145149372,0.43693317313562685,1.191429730994883,0.23828594619897653,1.0214378611366934,1.0214378611366934,61.81830048118321,37.089167621548015,113.51942384425452,147.29531577247266,750.0000000000003,2382.859461989765,4170004.0584820886,294.5906315449453,2.5950680647315076,True
11,5,7.0,0.26689655172413795,0.6711763042533616,0.40427975252922366,1.191429730994883,0.23828594619897653,1.566512404731714,1.566512404731714,53.43429401058645,15.972101925321265,106.17388556681094,162.58780487703316,750.0000000000001,2382.859461989765,4170004.0584820886,325.17560975406633,3.062670335724376,True
11,6,7.0,0.3182758620689655,0.6932123674926095,0.374936505423644,1.191429730994883,0.23828594619897653,2.227692891136824,2.227692891136824,47.122418675895766,8.165707375154302,101.09694866867079,176.6495702829906,750.0000000000001,2382.859461989765,4170004.0584820886,353.2991405659812,3.494656814261161,True
11,7,7.0,0.36965517241379314,0.7182540000314906,0.3485988276176975,1.191429730994883,0.23828594619897653,3.0049793203520254,3.0049793203520254,42.16141023184622,4.698468964372681,97.43718658963479,189.75030722581224,750.0,2382.8594619897663,4170004.058482091,379.5006144516245,3.894823195685282,True
11,8,7.0,0.4210344827586207,0.7459985909777477,0.32496410821912697,1.191429730994883,0.23828594619897653,3.8983716923773164,3.8983716923773164,38.14252387567143,2.9455968981268628,94.72330513426915,202.05469102474876,749.9999999999999,2382.859461989766,4170004.05848209,404.1093820494975,4.266208632360086,True
11,9,7.0,0.4724137931034483,0.7761563334685565,0.3037425403651082,1.191429730994883,0.23828594619897653,4.907870007212697,4.907870007212697,34.81305108180189,1.9700472843148098,92.67173491144598,213.67132011149485,750.0000000000001,2382.8594619897663,4170004.058482091,427.3426402229897,4.611359015036721,True
11,10,7.0,0.5237931034482759,0.8084572204445587,0.2846641169962828,1.191429730994883,0.23828594619897653,6.033474264858168,6.033474264858168,32.00641533507382,1.3854221971750142,91.10123553430623,224.6769015266934,750.0,2382.859461989767,4170004.0584820923,449.3538030533868,4.932466617142338,True
11,11,7.0,0.5751724137931035,0.8426548330470492,0.2674824192539458,1.191429730994883,0.23828594619897653,7.275184465313729,7.275184465313729,29.607324156744024,1.0139390218468107,89.89057539478938,235.12909202947705,749.9999999999998,2382.8594619897676,4170004.0584820933,470.2581840589541,5.231451484136492,True
11,12,7.0,0.626551724137931,0.8785277030857818,0.25197597894785073,1.191429730994883,0.23828594619897653,8.63300060857938,8.63300060857938,27.5328816152144,0.7664360584886167,88.95573686750315,245.0736521357374,750.0000000000002,2382.8594619897635,4170004.0584820863,490.1473042714748,5.510013423884446,True
11,13,7.0,0.6779310344827586,0.9158790037902544,0.23794796930749584,1.191429730994883,0.23828594619897653,10.106922694655122,10.106922694655122,25.7216488595356,0.5949723773070449,88.23681405794203,254.54857011866198,750.0000000000002,2382.8594619897667,4170004.058482092,509.09714023732397,5.769668201109547,True
11,14,7.0,0.7293103448275863,0.9545351963869632,0.22522485155937688,1.191429730994883,0.23828594619897653,11.696950723540954,11.696950723540954,24.126955839804065,0.472247337948089,87.69008136125741,263.58650367160834,749.9999999999999,2382.8594619897635,4170004.0584820863,527.1730073432167,6.011774640411366,True
11,15,7.0,0.7806896551724138,0.9943441053087145,0.2136544501363007,1.191429730994883,0.23828594619897653,13.403084695236876,13.403084695236876,22.71262449049669,0.38194721475710064,87.28298645347655,272.2162608476735,749.9999999999998,2382.859461989765,4170004.0584820886,544.432521695347,6.23755606696088,True
11,16,7.0,0.8320689655172414,1.0351727514989455,0.2031037859817041,1.191429730994883,0.23828594619897653,15.225324609742886,15.225324609742886,21.450129033623735,0.31391615403498074,86.99087864854096,280.4637214063713,749.9999999999999,2382.859461989763,4170004.0584820854,560.9274428127426,6.44811791221229,True
11,17,7.0,0.883448275862069,1.0769051574733162,0.1934568816112472,1.191429730994883,0.23828594619897653,17.163670467058992,17.163670467058992,20.316649546542077,0.261605128722419,86.79480899818931,288.35242733804563,750.0000000000002,2382.859461989763,4170004.0584820854,576.7048546760913,6.644462512592456,True
11,18,7.0,0.9348275862068965,1.1194402520913647,0.18461266588446812,1.191429730994883,0.23828594619897653,19.21812226718518,19.21812226718518,19.293701209347343,0.22065975704613405,86.68001485037946,295.9039753418386,749.9999999999999,2382.8594619897663,4170004.058482091,591.8079506836772,6.827501722342937,True
11,19,7.0,0.9862068965517242,1.1626899435684257,0.17648304701670148,1.191429730994883,0.23828594619897653,21.38868001012147,21.38868001012147,18.366146347526076,0.18810617995298262,86.63485411254818,303.13828925240585,750.0000000000001,2382.859461989758,4170004.0584820765,606.2765785048117,6.998067749005405,True
11,20,7.0,1.0375862068965518,1.2065773903115122,0.16899118341496044,1.191429730994883,0.23828594619897653,23.675343695867838,23.675343695867838,17.521468017022965,0.16186473275720648,86.65004223539589,310.07381862035544,750.0000000000001,2382.859461989765,4170004.0584820886,620.1476372407109,7.156922503926781,True
11,21,7.0,1.0889655172413792,1.2510354750404762,0.16206995779909694,1.191429730994883,0.23828594619897653,26.078113324424294,26.078113324424294,16.74922656134298,0.14045016291984705,86.71809728740622,316.72769098986356,750.0000000000002,2382.8594619897667,4170004.058482092,633.4553819797271,7.304765692451623,True
11,22,7.0,1.140344827586207,1.2960054737043287,0.1556606461181218,1.191429730994883,0.23828594619897653,28.596988895790854,28.596988895790854,16.04064684650608,0.12278160457579664,86.8329307101811,323.11583437716735,750.0000000000003,2382.8594619897735,4170004.0584821035,646.2316687543347,7.44224182541111,True
11,23,7.0,1.1917241379310346,1.341435903424548,0.1497117654935134,1.191429730994883,0.23828594619897653,31.231970409967502,31.231970409967502,15.388300534438882,0.10805907618628767,86.98954171997815,329.25307989000083,750.0000000000002,2382.8594619897613,4170004.058482082,658.5061597800017,7.569946303427509,True
11,24,7.0,1.243103448275862,1.38728153061457,0.144178082338708,1.191429730994883,0.23828594619897653,33.98305786695422,33.98305786695422,14.785858590997485,0.09568138649356614,87.18378651610848,335.15325051422246,750.0,2382.8594619897617,4170004.058482083,670.3065010284449,7.688430702704062,True
11,25,7.0,1.2944827586206897,1.4335025198565912,0.13901976123590143,1.191429730994883,0.23828594619897653,36.85025126675106,36.85025126675106,14.227896441379189,0.08519044299940484,87.41220218304254,340.82923975706353,749.9999999999999,2382.859461989758,4170004.0584820765,681.6584795141271,7.798207372544206,True
11,26,7.0,1.3458620689655172,1.4800637049631034,0.13420163599758617,1.191429730994883,0.23828594619897653,39.833550609357964,39.833550609357964,13.709739093876964,0.07623276618172951,87.67187105175914,346.2930824411358,750.0000000000001,2382.8594619897726,4170004.058482102,692.5861648822716,7.899753439428562,True
11,27,7.0,1.3972413793103449,1.5269339652146194,0.12969258590427457,1.191429730994883,0.23828594619897653,42.93295589477496,42.93295589477496,13.227336954636451,0.06853244108578391,87.96031531229045,351.5560191108563,750.0000000000001,2382.859461989769,4170004.0584820956,703.1120382217126,7.993514299322535,True
11,28,7.0,1.4486206896551725,1.57408569162101,0.12546500196583743,1.191429730994883,0.23828594619897653,46.148467123002064,46.148467123002064,12.777165453975927,0.06187181115576301,88.27541446836612,356.6285550167567,750.0000000000002,2382.8594619897503,4170004.058482063,713.2571100335134,8.079906668567522,True
11,29,7.0,1.5,1.6214943299527647,0.12149432995276466,1.191429730994883,0.23828594619897653,49.480084294039244,49.480084294039244,12.356143321156807,0.056077501066666924,88.6153401971333,361.52051434738445,750.0000000000002,2382.8594619897667,4170004.058482092,723.0410286947689,8.159321253930695,True
12,0,7.0,0.01,0.6428644947581797,0.6328644947581797,1.2980267863314947,0.2596053572662989,0.0021991148575128553,0.0021991148575128553,89.5842668084446,6526321837.968959,113.2821937945976,113.28911592563512,50.45600908184146,2596.053572662989,4543093.752160231,226.57823185127023,2.000122210398751,True
12,1,7.0,0.06137931034482759,0.6457105995406118,0.5843312891957843,1.2980267863314947,0.2596053572662989,0.08284988721217279,0.08284988721217279,85.50672601313674,43864.61480213591,117.17062824378165,117.17792349692016,305.57903741523273,2596.0535726629896,4543093.752160232,234.35584699384032,2.000124523581513,True
12,2,7.0,0.11275862068965517,0.6526019193662574,0.5398432986766023,1.2980267863314947,0.2596053572662989,0.2796066023769228,0.2796066023769228,81.62586375919619,916.1205028890101,121.15470111057998,121.16262086614567,553.72962645379,2596.0535726629896,4543093.752160232,242.32524173229135,2.0001307378994477,True
12,3,7.0,0.16413793103448276,0.6634124049375096,0.49927447390302687,1.2980267863314947,0.2596053572662989,0.5924692603517631,0.5924692603517631,75.72089969436222,101.2370233146727,121.62644459928434,127.83375046368319,749.9999999999997,2596.0535726629887,4543093.752160231,255.66750092736638,2.1020716487249085,True
12,4,7.0,0.21551724137931036,0.6779546002148209,0.4624373588355105,1.2980267863314947,0.2596053572662989,1.0214378611366934,1.0214378611366934,63.59690895781405,33.11092397219056,110.40224207825618,144.44650377334565,750.0,2596.05357266299,4543093.7521602325,288.8930075466913,2.6167313462883834,True
12,5,7.0,0.26689655172413795,0.6959946321222062,0.4290980803980683,1.2980267863314947,0.2596053572662989,1.566512404731714,1.566512404731714,55.05000541043954,14.177932747366862,103.1129225590773,159.37327376234745,749.9999999999999,2596.0535726629896,4543093.752160232,318.7465475246949,3.0912376413545344,True
12,6,7.0,0.3182758620689655,0.7172686268033984,0.3989927647344329,1.2980267863314947,0.2596053572662989,2.227692891136824,2.227692891136824,48.61062670039997,7.2107298727375,98.05560574732722,173.09711867936855,749.9999999999998,2596.0535726629887,4543093.752160231,346.1942373587371,3.5305909817213443,True
12,7,7.0,0.36965517241379314,0.7414982839582037,0.3718431115444106,1.2980267863314947,0.2596053572662989,3.0049793203520254,3.0049793203520254,43.544372658064255,4.129416852268588,94.39533344001033,185.88722178944445,750.0,2596.0535726629896,4543093.752160232,371.7744435788889,3.9384832918160853,True
12,8,7.0,0.4210344827586207,0.7684040566606276,0.3473695739020069,1.2980267863314947,0.2596053572662989,3.8983716923773164,3.8983716923773164,39.43552405320043,2.577867284336161,91.6696046477255,197.90802996826505,750.0,2596.053572662991,4543093.752160234,395.8160599365301,4.317854990840206,True
12,9,7.0,0.4724137931034483,0.7977152064083255,0.3253014133048772,1.2980267863314947,0.2596053572662989,4.907870007212697,4.907870007212697,36.027344467184314,1.7175761129168947,89.59983343296408,209.2676675615448,750.0,2596.053572662987,4543093.752160227,418.5353351230896,4.671161977507752,True
12,10,7.0,0.5237931034482759,0.8291766843325167,0.3053835808842408,1.2980267863314947,0.2596053572662989,6.033474264858168,6.033474264858168,33.150761976088305,1.2038052341138308,88.00769217670678,220.04199193665968,750.0000000000002,2596.0535726629887,4543093.752160231,440.08398387331937,5.000517261487713,True
12,11,7.0,0.5751724137931035,0.8625532239863664,0.2873808101932629,1.2980267863314947,0.2596053572662989,7.275184465313729,7.275184465313729,30.688836240590373,0.8783888064351031,86.77366930052177,230.28746769374203,750.0,2596.0535726629887,4543093.752160231,460.57493538748406,5.3077729580891955,True
12,12,7.0,0.626551724137931,0.8976312280891879,0.2710795039512569,1.2980267863314947,0.2596053572662989,8.63300060857938,8.63300060857938,28.557516603023142,0.6622177945737978,85.81475538518397,240.0484109606976,750.0000000000001,2596.053572662992,4543093.752160236,480.0968219213952,5.594571933072066,True
12,13,7.0,0.6779310344827586,0.9342190568252999,0.25628802234254133,1.2980267863314947,0.2596053572662989,10.106922694655122,10.106922694655122,26.694510321626215,0.5128663310532235,85.07161956611498,249.36121202026047,749.9999999999999,2596.05357266299,4543093.7521602325,498.72242404052093,5.862383090672555,True
12,14,7.0,0.7293103448275863,0.9721462532423928,0.2428359084148065,1.2980267863314947,0.2596053572662989,11.696950723540954,11.696950723540954,25.052485994455406,0.40623405103275717,84.50084565003498,258.2568631946956,750.0000000000002,2596.0535726629855,4543093.752160225,516.5137263893912,6.1125273056859335,True
12,15,7.0,0.7806896551724138,1.011262130366757,0.2305724751943432,1.2980267863314947,0.2596053572662989,13.403084695236876,13.403084695236876,23.594733701245218,0.3279535300565266,84.07002824305494,266.76250688388484,750.0000000000001,2596.0535726629873,4543093.752160228,533.5250137677697,6.346197627355316,True
12,16,7.0,0.8320689655172414,1.0514340312152837,0.21936506569804226,1.2980267863314947,0.2596053572662989,15.225324609742886,15.225324609742886,22.292287364076124,0.26910066431956214,83.75456545229672,274.90240487267334,749.9999999999998,2596.05357266299,4543093.7521602325,549.8048097453467,6.564475700832019,True
12,17,7.0,0.883448275862069,1.0925454749091006,0.2090971990470316,1.2980267863314947,0.2596053572662989,17.163670467058992,17.163670467058992,21.12195463018263,0.2239330469529648,83.53549937599013,282.6985604414645,750.0000000000003,2596.0535726629882,4543093.75216023,565.397120882929,6.768345495106193,True
12,18,7.0,0.9348275862068965,1.1344943254834297,0.1996667392765331,1.2980267863314947,0.2596053572662989,19.21812226718518,19.21812226718518,20.064930717924376,0.18864038405602043,83.39802601922278,290.1711295852001,750.0000000000001,2596.05357266299,4543093.7521602325,580.3422591704002,6.958704982257428,True
12,19,7.0,0.9862068965517242,1.1771910641127348,0.19098416756101055,1.2980267863314947,0.2596053572662989,21.38868001012147,21.38868001012147,19.105799988057313,0.16062543560572537,83.33044538769394,297.33870269075754,750.0000000000001,2596.0535726629873,4543093.752160228,594.6774053815151,7.136376178175759,True
12,20,7.0,1.0375862068965518,1.2205572069193085,0.18297100002275668,1.2980267863314947,0.2596053572662989,23.675343695867838,23.675343695867838,18.23180207451802,0.13807523964137017,83.32340823363518,304.21850569392205,749.9999999999999,2596.053572662988,4543093.752160229,608.4370113878441,7.30211382714703,True
12,21,7.0,1.0889655172413792,1.2645238852475165,0.17555836800613722,1.2980267863314947,0.2596053572662989,26.078113324424294,26.078113324424294,17.43228289578469,0.11969726175584804,83.36936702188503,310.8265504616222,750.0000000000002,2596.0535726629973,4543093.752160246,621.6531009232444,7.456612939859029,True
12,22,7.0,1.140344827586207,1.30903058956745,0.1686857619812432,1.2980267863314947,0.2596053572662989,28.596988895790854,28.596988895790854,16.698277598803788,0.10455242437247594,83.46217011328098,317.1777525449881,750.0,2596.0535726629832,4543093.75216022,634.3555050899762,7.600515349996081,True
12,23,7.0,1.1917241379310346,1.3540240690431458,0.16229993111211116,1.2980267863314947,0.2596053572662989,31.231970409967502,31.231970409967502,16.022189402154453,0.0919467627181026,83.59675803559905,323.28602742342315,750.0000000000001,2596.053572663002,4543093.752160253,646.5720548468463,7.734415425195179,True
12,24,7.0,1.243103448275862,1.3994573740332459,0.15635392575738383,1.2980267863314947,0.2596053572662989,33.98305786695422,33.98305786695422,15.397539290983152,0.08135951846506172,83.76893358572457,329.1643720876146,750.0000000000002,2596.0535726629905,4543093.752160233,658.3287441752292,7.858865046927348,True
12,25,7.0,1.2944827586206897,1.4452890267994567,0.15080626817876697,1.2980267863314947,0.2596053572662989,36.85025126675106,36.85025126675106,14.818768820791854,0.07239443232107771,83.97518602545202,334.82493620517766,750.0,2596.053572662986,4543093.752160225,669.6498724103553,7.974377957405076,True
12,26,7.0,1.3458620689655172,1.4914823053931388,0.14562023642762156,1.2980267863314947,0.2596053572662989,39.833550609357964,39.833550609357964,14.281083247719586,0.064746133075012,84.21255537775491,340.27908552357144,750.0000000000001,2596.0535726629814,4543093.752160218,680.5581710471429,8.081433558147495,True
12,27,7.0,1.3972413793103449,1.5380046263512228,0.14076324704087795,1.2980267863314947,0.2596053572662989,42.93295589477496,42.93295589477496,13.780325636471039,0.058176547986197105,84.47852676965503,345.5374591953796,750.0,2596.0535726629887,4543093.752160231,691.0749183907592,8.180480233457333,True
12,28,7.0,1.4486206896551725,1.5848270129947044,0.13620632333953187,1.2980267863314947,0.2596053572662989,46.148467123002064,46.148467123002064,13.312875014784895,0.052498087766362285,84.7709475102392,350.6100221199401,750.0000000000001,2596.053572662978,4543093.752160211,701.2200442398802,8.271938262282395,True
12,29,7.0,1.5,1.63192363749677,0.13192363749677005,1.2980267863314947,0.2596053572662989,49.480084294039244,49.480084294039244,12.875563372446207,0.047561488474318986,85.0879615277118,355.5061130352551,750.0000000000001,2596.0535726629946,4543093.752160241,711.0122260705102,8.356202373457318,True
13,0,7.0,0.01,0.6687343681705119,0.6587343681705119,1.4046238416681065,0.28092476833362123,0.0021991148575128553,0.0021991148575128553,91.66139168060323,5954559976.790366,111.40731781414084,111.4148226146672,50.74844172363965,2809.2476833362125,4916183.445838372,222.8296452293344,2.000134727245456,True
13,1,7.0,0.06137931034482759,0.6714708295308296,0.610091519186002,1.4046238416681065,0.28092476833362123,0.08284988721217279,0.08284988721217279,87.64987869639631,39729.23056860348,115.09022553629119,115.09807046395454,307.53163383698615,2809.247683336213,4916183.445838372,230.19614092790908,2.000136326566862,True
13,2,7.0,0.11275862068965517,0.6781004068073159,0.5653417861176607,1.4046238416681065,0.28092476833362123,0.2796066023769228,0.2796066023769228,83.82308933298698,823.7759548174866,118.86241167020515,118.87075020830771,557.6043256727014,2809.2476833362116,4916183.44583837,237.74150041661542,2.00014030571962,True
13,3,7.0,0.16413793103448276,0.6885106503001204,0.5243727192656376,1.4046238416681065,0.28092476833362123,0.5924692603517631,0.5924692603517631,77.60078753638032,91.77785726684922,118.73979925059965,125.62376421724926,750.0000000000003,2809.247683336212,4916183.445838371,251.24752843449852,2.115950422858995,True
13,4,7.0,0.21551724137931036,0.7025335127267323,0.48701627134742187,1.4046238416681065,0.28092476833362123,1.0214378611366934,1.0214378611366934,65.26514203492252,29.853151266205593,107.63603257533796,141.8822715315624,750.0,2809.247683336212,4916183.445838371,283.7645430631248,2.6363340999633067,True
13,5,7.0,0.26689655172413795,0.719957932447896,0.453061380723758,1.4046238416681065,0.28092476833362123,1.566512404731714,1.566512404731714,56.566277826318725,12.717799296446994,100.40232438938013,156.4809978567246,749.9999999999998,2809.247683336212,4916183.445838371,312.9619957134492,3.1170791873275814,True
13,6,7.0,0.3182758620689655,0.7405438403957979,0.4222679783268324,1.4046238416681065,0.28092476833362123,2.227692891136824,2.227692891136824,50.00837982531026,6.437733124110146,95.3667530135239,169.90058186253762,750.0,2809.2476833362116,4916183.44583837,339.80116372507524,3.563098805271143,True
13,7,7.0,0.36965517241379314,0.7640357332381025,0.39438056082430933,1.4046238416681065,0.28092476833362123,3.0049793203520254,3.0049793203520254,44.84457556270018,3.6709393251620845,91.70929916539963,182.40962274010644,749.9999999999999,2809.2476833362116,4916183.44583837,364.8192454802129,3.9779962206695507,True
13,8,7.0,0.4210344827586207,0.7901744686107196,0.3691399858520989,1.4046238416681065,0.28092476833362123,3.8983716923773164,3.8983716923773164,40.652501464796586,2.2827687797786633,88.97549234226128,194.17238806152727,749.9999999999999,2809.2476833362125,4916183.445838372,388.34477612305454,4.364626324619953,True
13,9,7.0,0.4724137931034483,0.8187065695881531,0.34629277648470486,1.4046238416681065,0.28092476833362123,4.907870007212697,4.907870007212697,37.171577578129735,1.5156573394589816,86.89134604053679,205.29670130778118,750.0000000000001,2809.247683336212,4916183.445838371,410.59340261556235,4.7253658888425,True
13,10,7.0,0.5237931034482759,0.8493908819809582,0.32559777853268235,1.4046238416681065,0.28092476833362123,6.033474264858168,6.033474264858168,34.23035397074823,1.058972610404269,85.28126112199824,215.85783681042318,750.0,2809.2476833362125,4916183.445838372,431.71567362084636,5.062257147009821,True
13,11,7.0,0.5751724137931035,0.8820028122183051,0.30683039842520166,1.4046238416681065,0.28092476833362123,7.275184465313729,7.275184465313729,31.710327642792663,0.7705583916647342,84.0273696045429,225.9113898224168,750.0,2809.24768333621,4916183.445838368,451.8227796448336,5.377090604778446,True
13,12,7.0,0.626551724137931,0.9163365747325749,0.2897848505946439,1.4046238416681065,0.28092476833362123,8.63300060857938,8.63300060857938,29.526361704239445,0.5794858767907963,83.04765154763322,235.5005785347867,749.9999999999997,2809.2476833362102,4916183.445838368,471.0011570695734,5.671456667253542,True
13,13,7.0,0.6779310344827586,0.9522059350199814,0.2742749005372228,1.4046238416681065,0.28092476833362123,10.106922694655122,10.106922694655122,27.615368120195534,0.4478047298286494,82.28336195973462,244.66054111456543,750.0000000000002,2809.247683336211,4916183.445838369,489.32108222913087,5.946780376676639,True
13,14,7.0,0.7293103448275863,0.9894439015148593,0.260133556687273,1.4046238416681065,0.28092476833362123,11.696950723540954,11.696950723540954,25.92940577120598,0.35400498641189704,81.69141863687197,253.42093386400674,750.0000000000001,2809.247683336213,4916183.445838372,506.8418677280135,6.204346505242927,True
13,15,7.0,0.7806896551724138,1.0279017428069845,0.2472120876345707,1.4046238416681065,0.28092476833362123,13.403084695236876,13.403084695236876,24.4312788313694,0.28529084097294205,81.23959265963194,261.8075371652893,750.0,2809.2476833362152,4916183.445838377,523.6150743305786,6.445318805626701,True
13,16,7.0,0.8320689655172414,1.0674476186442807,0.23537865312703932,1.4046238416681065,0.28092476833362123,15.225324609742886,15.225324609742886,23.091621817875648,0.23373059040792385,80.9033607645276,269.84326848282427,750.0000000000002,2809.247683336215,4916183.445838376,539.6865369656485,6.6707554774693145,True
13,17,7.0,0.883448275862069,1.1079650316215202,0.22451675575945118,1.4046238416681065,0.28092476833362123,17.163670467058992,17.163670467058992,21.88690620755695,0.19423035492415042,80.66378390393405,277.54883508873075,749.9999999999999,2809.247683336208,4916183.445838364,555.0976701774615,6.881622003234451,True
13,18,7.0,0.9348275862068965,1.1493512392240357,0.21452365301713916,1.4046238416681065,0.28092476833362123,19.21812226718518,19.21812226718518,20.79803925468275,0.16341644392575325,80.50604152790103,284.943165078403,749.9999999999999,2809.2476833362125,4916183.445838372,569.886330156806,7.0788020295259475,True
13,19,7.0,0.9862068965517242,1.191515714532795,0.2053088179810708,1.4046238416681065,0.28092476833362123,21.38868001012147,21.38868001012147,19.809355468475594,0.1389932933285832,80.41839724313328,292.0437004778951,749.9999999999998,2809.247683336208,4916183.445838364,584.0874009557901,7.263106714125216,True
13,20,7.0,1.0375862068965518,1.2343787068458316,0.19679249994927983,1.4046238416681065,0.28092476833362123,23.675343695867838,23.675343695867838,18.90787567505303,0.11936121844359739,80.39145543097295,298.866603677833,750.0000000000001,2809.247683336206,4916183.445838361,597.733207355666,7.43528281894214,True
13,21,7.0,1.0889655172413792,1.2778699280103583,0.18890441076897901,1.4046238416681065,0.28092476833362123,26.078113324424294,26.078113324424294,18.082752865196984,0.10338156170626876,80.41761838985919,305.4269087629644,750.0000000000002,2809.2476833362175,4916183.445838381,610.8538175259288,7.59601974985818,True
13,22,7.0,1.140344827586207,1.3219273735629464,0.1815825459767395,1.4046238416681065,0.28092476833362123,28.596988895790854,28.596988895790854,17.32485121362079,0.09022829693817802,80.49068429537299,311.7386373019404,750.0000000000001,2809.2476833362093,4916183.445838367,623.4772746038808,7.74595569738151,True
13,23,7.0,1.1917241379310346,1.3664962773823723,0.17477213945133774,1.4046238416681065,0.28092476833362123,31.231970409967502,31.231970409967502,16.626421833112786,0.07929187886649569,80.60554569397559,317.81489077814916,749.9999999999999,2809.247683336221,4916183.445838387,635.6297815562983,7.8856830021287845,True
13,24,7.0,1.243103448275862,1.4115281925231788,0.1684247442473168,1.4046238416681065,0.28092476833362123,33.98305786695422,33.98305786695422,15.980849966941879,0.07011551955452965,80.75796082813828,323.6679272771435,750.0000000000001,2809.2476833362184,4916183.4458383825,647.335854554287,8.015752848587747,True
13,25,7.0,1.2944827586206897,1.456980187764626,0.16249742914393628,1.4046238416681065,0.28092476833362123,36.85025126675106,36.85025126675106,15.3824557187567,0.06235208267732129,80.9443784186608,329.309227214086,749.9999999999998,2809.247683336224,4916183.445838392,658.618454428172,8.136679375331827,True
13,26,7.0,1.3458620689655172,1.5028141481409325,0.15695207917541532,1.4046238416681065,0.28092476833362123,39.833550609357964,39.833550609357964,14.826335434505047,0.055734377224647254,81.1618021492426,334.749551124339,749.9999999999999,2809.247683336224,4916183.445838392,669.499102248678,8.248943277745166,True
13,27,7.0,1.3972413793103449,1.5489961675967727,0.15175478828642786,1.4046238416681065,0.28092476833362123,42.93295589477496,42.93295589477496,14.308234317737112,0.050054334816885565,81.40768495517685,339.99899144542223,750.0,2809.247683336209,4916183.445838366,679.9979828908445,8.352994969274118,True
13,28,7.0,1.4486206896551725,1.5954960224549108,0.1468753327997383,1.4046238416681065,0.28092476833362123,46.148467123002064,46.148467123002064,13.824443298078007,0.04514818514434591,81.67984590603768,345.06701953764286,750.0000000000002,2809.2476833361998,4916183.44583835,690.1340390752857,8.449257358653657,True
13,29,7.0,1.5,1.6422867152761158,0.1422867152761158,1.4046238416681065,0.28092476833362123,49.480084294039244,49.480084294039244,13.371714914921993,0.04088574967769082,81.97640437155572,349.96252876756495,750.0000000000002,2809.2476833362125,4916183.445838372,699.9250575351299,8.538128293145666,True
14,0,7.0,0.01,0.6936400736146506,0.6836400736146506,1.5112208970047185,0.3022441794009436,0.0021991148575128553,0.0021991148575128553,93.63110707713062,5469086942.11141,109.70508382166565,109.69918254570969,51.023817074542535,3022.441794009436,5289273.139516513,219.39836509141938,1.9998924156337996,True
14,1,7.0,0.06137931034482759,0.6962786593473511,0.6348993490025235,1.5112208970047185,0.3022441794009436,0.08284988721217279,0.08284988721217279,89.67974166976941,36252.506366320624,113.2075325620766,113.20144580172551,309.3612829209023,3022.4417940094368,5289273.139516515,226.40289160345102,1.999892467219922,True
14,2,7.0,0.11275862068965517,0.7026742191542049,0.5899155984645498,1.5112208970047185,0.3022441794009436,0.2796066023769228,0.2796066023769228,85.90269527668993,746.8555299454811,116.79375498853369,116.78744853410778,561.2205901004753,3022.4417940094368,5289273.139516515,233.57489706821556,1.9998920069925565,True
14,3,7.0,0.16413793103448276,0.7127256219109979,0.548587690876515,1.5112208970047185,0.3022441794009436,0.5924692603517631,0.5924692603517631,79.3723271043769,83.85442301524877,116.14772932445241,123.61652566765221,750.0000000000002,3022.441794009435,5289273.139516511,247.23305133530442,2.128608564052701,True
14,4,7.0,0.21551724137931036,0.7262810978236223,0.5107638564443119,1.5112208970047185,0.3022441794009436,1.0214378611366934,1.0214378611366934,66.83741280063886,27.141685226050356,105.15814948794521,139.55537797300872,750.0,3022.441794009436,5289273.139516513,279.11075594601743,2.6541999579215996,True
14,5,7.0,0.26689655172413795,0.743148922522514,0.476252370798376,1.5112208970047185,0.3022441794009436,1.566512404731714,1.566512404731714,57.99594848940256,11.509375359345796,97.97899629404255,153.8575595751762,750.0000000000001,3022.441794009436,5289273.139516513,307.7151191503524,3.140623304885422,True
14,6,7.0,0.3182758620689655,0.7631094784497707,0.4448336163808052,1.5112208970047185,0.3022441794009436,2.227692891136824,2.227692891136824,51.32719250253617,5.801149631809201,92.96653623964866,167.00123399905507,750.0000000000002,3022.4417940094368,5289273.139516515,334.00246799811015,3.5927171378862637,True
14,7,7.0,0.36965517241379314,0.7859271583400138,0.41627198592622067,1.5112208970047185,0.3022441794009436,3.0049793203520254,3.0049793203520254,46.07239195829123,3.2949879979061967,89.31438846122275,179.25434649776545,749.9999999999999,3022.4417940094363,5289273.139516514,358.5086929955309,4.0140082597238305,True
14,8,7.0,0.4210344827586207,0.811360947665068,0.39032646490644735,1.5112208970047185,0.3022441794009436,3.8983716923773164,3.8983716923773164,41.80283420607984,2.041682048066196,86.57545248947679,190.78099647380247,750.0000000000002,3022.4417940094368,5289273.139516515,381.56199294760495,4.407276912517248,True
14,9,7.0,0.4724137931034483,0.8391730117434221,0.3667592186399738,1.5112208970047185,0.3022441794009436,4.907870007212697,4.907870007212697,38.25425921072729,1.3512192201862634,84.47999858313912,201.68881160679553,750.0000000000001,3022.441794009435,5289273.139516511,403.37762321359105,4.774829900317954,True
14,10,7.0,0.5237931034482759,0.869135068297278,0.34534196484900215,1.5112208970047185,0.3022441794009436,6.033474264858168,6.033474264858168,35.25294077497137,0.9413451352456578,82.85498310336519,212.05266468124847,750.0,3022.4417940094386,5289273.1395165175,424.10532936249695,5.118646018350002,True
14,11,7.0,0.5751724137931035,0.9010326616237189,0.3258602478306154,1.5112208970047185,0.3022441794009436,7.275184465313729,7.275184465313729,32.67888492796982,0.6831869397384955,81.5841022446471,221.92751357651088,749.9999999999999,3022.4417940094368,5289273.139516515,443.85502715302175,5.440459782495725,True
14,12,7.0,0.626551724137931,0.93466764935155,0.30811592521361897,1.5112208970047185,0.3022441794009436,8.63300060857938,8.63300060857938,30.44592475450219,0.5125850312802017,80.58629778277079,231.35573641885662,750.0000000000002,3022.4417940094368,5289273.139516515,462.71147283771325,5.741813255710081,True
14,13,7.0,0.6779310344827586,0.9698592883707415,0.29192825388798294,1.5112208970047185,0.3022441794009436,10.106922694655122,10.106922694655122,28.490224310428058,0.39528337556332416,79.80341060251864,240.3714835458373,750.0,3022.4417940094395,5289273.139516519,480.7429670916746,6.024090492649973,True
14,14,7.0,0.7293103448275863,1.0064443008913462,0.2771339560637599,1.5112208970047185,0.3022441794009436,11.696950723540954,11.696950723540954,26.763274303002248,0.31190522821658073,79.19270648561721,249.0033322476674,750.0000000000001,3022.4417940094345,5289273.13951651,498.0066644953348,6.288542046302983,True
14,15,7.0,0.7806896551724138,1.0442762514858606,0.2635865963134467,1.5112208970047185,0.3022441794009436,13.403084695236876,13.403084695236876,25.227430028775636,0.2509461800999882,78.72215309656232,257.27594202424626,750.0,3022.4417940094336,5289273.139516509,514.5518840484925,6.5363034902936645,True
14,16,7.0,0.8320689655172414,1.0832244989387334,0.251155533421492,1.5112208970047185,0.3022441794009436,15.225324609742886,15.225324609742886,23.852959730786285,0.20528830132316994,78.36732762529756,265.21110663229916,750.0,3022.4417940094318,5289273.139516505,530.4222132645983,6.768410118573113,True
14,17,7.0,0.883448275862069,1.1231729198337184,0.2397246439716494,1.5112208970047185,0.3022441794009436,17.163670467058992,17.163670467058992,22.616028300596348,0.17036848259732765,78.1093310753315,272.82843556808416,750.0,3022.4417940094363,5289273.139516514,545.6568711361683,6.985809040022592,True
14,18,7.0,0.9348275862068965,1.1640185426605327,0.22919095645363619,1.5112208970047185,0.3022441794009436,19.21812226718518,19.21812226718518,21.49728133936657,0.14316971787425675,77.93334577106836,280.1458048541528,750.0000000000001,3022.4417940094318,5289273.139516505,560.2916097083056,7.189369379240816,True
14,19,7.0,0.9862068965517242,1.2056701848060776,0.21946328825435335,1.5112208970047185,0.3022441794009436,21.38868001012147,21.38868001012147,20.48082680186633,0.12164248581447978,77.82761612737912,287.1796626594603,750.0,3022.4417940094336,5289273.139516509,574.3593253189206,7.3798910193892695,True
14,20,7.0,1.0375862068965518,1.2480471499370975,0.21046094304054574,1.5112208970047185,0.3022441794009436,23.675343695867838,23.675343695867838,19.553487256041144,0.10436077724671919,77.78271506250644,293.94524269172666,750.0000000000001,3022.441794009431,5289273.139516504,587.8904853834533,7.558112170692713,True
14,21,7.0,1.0889655172413792,1.2910780183493646,0.2021125011079854,1.5112208970047185,0.3022441794009436,26.078113324424294,26.078113324424294,18.70424083734928,0.09031105850639909,77.79100743501266,300.4567184161899,750.0000000000001,3022.4417940094336,5289273.139516509,600.9134368323798,7.724715961988133,True
14,22,7.0,1.140344827586207,1.3346995457880226,0.1943547182018157,1.5112208970047185,0.3022441794009436,28.596988895790854,28.596988895790854,17.92379660911476,0.0787591074878984,77.84625198824877,306.7273188717438,750.0000000000003,3022.441794009431,5289273.139516504,613.4546377434876,7.880336202134578,True
14,23,7.0,1.1917241379310346,1.3788556750623342,0.1871315371312996,1.5112208970047185,0.3022441794009436,31.231970409967502,31.231970409967502,17.20426748118371,0.06916384743505267,77.94330230493851,312.7694192007726,750.0000000000001,3022.4417940094363,5289273.139516514,625.5388384015451,8.025562426829724,True
14,24,7.0,1.243103448275862,1.4234966578251869,0.1803932095493248,1.5112208970047185,0.3022441794009436,33.98305786695422,33.98305786695422,16.538915135537128,0.061120314239761796,78.07787959172656,318.594614208942,750.0000000000003,3022.4417940094263,5289273.139516496,637.189228417884,8.160944325714029,True
14,25,7.0,1.2944827586206897,1.4685782798647027,0.17409552124401295,1.5112208970047185,0.3022441794009436,36.85025126675106,36.85025126675106,15.921948897066846,0.05432112502253273,78.24639826709448,324.2137802483892,750.0000000000001,3022.4417940094386,5289273.1395165175,648.4275604967784,8.28699562992494,True
14,26,7.0,1.3458620689655172,1.5140611811958857,0.16819911223036854,1.5112208970047185,0.3022441794009436,39.833550609357964,39.833550609357964,15.348365559742334,0.04852995635776642,78.44583082931365,329.637128808933,749.9999999999998,3022.4417940094395,5289273.139516519,659.274257617866,8.404197529022898,True
14,27,7.0,1.3972413793103449,1.559910261451348,0.16266888214100317,1.5112208970047185,0.3022441794009436,42.93295589477496,42.93295589477496,14.81382067997651,0.04356297553270292,78.67360226051761,334.8742539947673,750.0000000000001,3022.4417940094295,5289273.139516502,669.7485079895346,8.513001677128596,True
14,28,7.0,1.4486206896551725,1.606094161069383,0.15747347141421053,1.5112208970047185,0.3022441794009436,46.148467123002064,46.148467123002064,14.31452430901578,0.03927563559563791,78.92750685913363,339.9341753002838,750.0,3022.4417940094454,5289273.13951653,679.8683506005676,8.613832840481924,True
14,29,7.0,1.5,1.6525848092379822,0.15258480923798223,1.5112208970047185,0.3022441794009436,49.480084294039244,49.480084294039244,13.847155892116547,0.0355531491360717,79.20564225750167,344.82537661552254,750.0000000000001,3022.441794009441,5289273.139516521,689.6507532310451,8.707091232073525,True
15,0,7.0,0.01,0.7176819966223635,0.7076819966223635,1.6178179523413303,0.323563590468266,0.0021991148575128553,0.0021991148575128553,95.49394859927436,5054661246.850052,108.1353997599296,108.12907615221808,51.271225225965466,3235.635904682659,5662362.8331946535,216.25815230443615,1.9998830427829266,True
15,1,7.0,0.06137931034482759,0.7202325096899396,0.658853199345112,1.6178179523413303,0.323563590468266,0.08284988721217279,0.08284988721217279,91.59811654261802,33309.5876828629,111.47738939762608,111.47091397466514,311.0044283809883,3235.6359046826606,5662362.833194656,222.94182794933027,1.9998838253569458,True
15,2,7.0,0.11275862068965517,0.7264172043775503,0.6136585836878952,1.6178179523413303,0.323563590468266,0.2796066023769228,0.2796066023769228,87.86731726694975,682.2668891646877,114.89815687604259,114.89157012723481,564.4660359522386,3235.635904682659,5662362.8331946535,229.78314025446963,1.9998853463103872,True
15,3,7.0,0.16413793103448276,0.7361444889966526,0.5720065579621698,1.6178179523413303,0.323563590468266,0.5924692603517631,0.5924692603517631,81.04879981019656,77.12871157977436,113.80188896255352,121.78075246399325,750.0000000000001,3235.6359046826597,5662362.833194654,243.5615049279865,2.1402237445120997,True
15,4,7.0,0.21551724137931036,0.7492764040109698,0.5337591626316595,1.6178179523413303,0.323563590468266,1.0214378611366934,1.0214378611366934,68.32540638504723,24.85343594322313,102.9206619957486,137.4290918418258,750.0,3235.6359046826597,5662362.833194654,274.8581836836516,2.670583130285397,True
15,5,7.0,0.26689655172413795,0.7656377848552784,0.4987412331311405,1.6178179523413303,0.323563590468266,1.566512404731714,1.566512404731714,59.34945257962574,10.494832362931142,95.79474268650091,151.46138553098243,749.9999999999999,3235.6359046826606,5662362.833194656,302.92277106196485,3.1622066364676584,True
15,6,7.0,0.3182758620689655,0.7850267337177794,0.4667508716488139,1.6178179523413303,0.323563590468266,2.227692891136824,2.227692891136824,52.576452411878215,5.2691309479020765,90.80622558469855,164.35329533336179,750.0,3235.63590468266,5662362.833194655,328.70659066672357,3.6198684456951242,True
15,7,7.0,0.36965517241379314,0.8072251202534106,0.4375699478396175,1.6178179523413303,0.323563590468266,3.0049793203520254,3.0049793203520254,47.23630426561654,2.982038406567319,87.16125190149614,176.3720506491468,750.0000000000002,3235.6359046826587,5662362.833194653,352.7441012982936,4.04702885287767,True
15,8,7.0,0.4210344827586207,0.832008103294482,0.41097362053586134,1.6178179523413303,0.323563590468266,3.8983716923773164,3.8983716923773164,42.89421277079004,1.8416886600207338,84.41951609842059,187.68157360695875,750.0,3235.6359046826606,5662362.833194656,375.3631472139175,4.446402497454498,True
15,9,7.0,0.4724137931034483,0.8591520471896984,0.3867382540862501,1.6178179523413303,0.323563590468266,4.907870007212697,4.907870007212697,39.28238457337049,1.2152164147565983,82.31523970766806,198.3893580007873,750.0000000000002,3235.6359046826583,5662362.833194652,396.7787160015746,4.820233985962782,True
15,10,7.0,0.5237931034482759,0.8884405796089226,0.36464747616064674,1.6178179523413303,0.323563590468266,6.033474264858168,6.033474264858168,36.22490703209464,0.8443085160765473,80.67777438907126,208.56999909166254,750.0000000000001,3235.6359046826574,5662362.833194651,417.1399981833251,5.170445036964623,True
15,11,7.0,0.5751724137931035,0.9196688283640189,0.3444964145709154,1.6178179523413303,0.323563590468266,7.275184465313729,7.275184465313729,33.60035690057342,0.6112697579329655,79.39230171697815,218.27798560426305,750.0000000000003,3235.6359046826597,5662362.833194654,436.5559712085261,5.49871916756846,True
15,12,7.0,0.626551724137931,0.9526460577234738,0.32609433358554274,1.6178179523413303,0.323563590468266,8.63300060857938,8.63300060857938,31.321584421025477,0.45762285524507457,78.37869243838527,227.55504948108964,750.0000000000001,3235.635904682659,5662362.8331946535,455.1100989621793,5.806553857988234,True
15,13,7.0,0.6779310344827586,0.9871970096139501,0.3092659751311915,1.6178179523413303,0.323563590468266,10.106922694655122,10.106922694655122,29.32404483974448,0.35220581675390167,77.57936622481552,236.4345571937225,749.9999999999998,3235.63590468266,5662362.833194655,472.869114387445,6.095294888297078,True
15,14,7.0,0.7293103448275863,1.0231622683369412,0.29385192350935496,1.6178179523413303,0.323563590468266,11.696950723540954,11.696950723540954,27.55869469578006,0.2774246593481676,76.95194343364187,244.944209494601,750.0000000000001,3235.635904682658,5662362.833194652,489.888418989202,6.366160451966343,True
15,15,7.0,0.7806896551724138,1.060397937554145,0.2797082823817312,1.6178179523413303,0.323563590468266,13.403084695236876,13.403084695236876,25.987470683487523,0.22285202292505676,76.46460155374537,253.10773823480358,750.0000000000003,3235.6359046826574,5662362.833194651,506.21547646960715,6.620259128844069,True
15,16,7.0,0.8320689655172414,1.0987748685025494,0.26670590298530794,1.6178179523413303,0.323563590468266,15.225324609742886,15.225324609742886,24.58030194906889,0.1820473858340078,76.09303405830684,260.9459928331322,750.0000000000003,3235.6359046826615,5662362.833194657,521.8919856662644,6.858603972426186,True
15,17,7.0,0.883448275862069,1.1381776242746668,0.25472934841259787,1.6178179523413303,0.323563590468266,17.163670467058992,17.163670467058992,23.31307120423345,0.15088867697268413,75.81839815002758,268.47764822349075,749.9999999999999,3235.635904682661,5662362.833194657,536.9552964469815,7.082123990333686,True
15,18,7.0,0.9348275862068965,1.1785033153153515,0.24367572910845492,1.6178179523413303,0.323563590468266,19.21812226718518,19.21812226718518,22.166184246841,0.12665477704411762,75.625894296451,275.7196747319546,749.9999999999998,3235.6359046826615,5662362.833194657,551.4393494639093,7.291673765896709,True
15,19,7.0,0.9862068965517242,1.2196603998991054,0.23345350334738113,1.6178179523413303,0.323563590468266,21.38868001012147,21.38868001012147,21.123541959559734,0.10749994928655832,75.5037615466593,282.68765656729073,750.0,3235.6359046826533,5662362.833194643,565.3753131345815,7.4880416757143236,True
15,20,7.0,1.0375862068965518,1.2615675110820808,0.22398130418552897,1.6178179523413303,0.323563590468266,23.675343695867838,23.675343695867838,20.171785955169,0.09214182097742912,75.44255354055264,289.3960131449153,749.9999999999999,3235.6359046826633,5662362.833194661,578.7920262898306,7.671956994121527,True
15,21,7.0,1.0889655172413792,1.3041523477020032,0.21518683046062392,1.6178179523413303,0.323563590468266,26.078113324424294,26.078113324424294,19.29973483035392,0.07967020008084018,75.4346082432046,295.85815748880947,749.9999999999999,3235.635904682658,5662362.833194652,591.7163149776189,7.844096082131145,True
15,22,7.0,1.140344827586207,1.347350650008556,0.207005822422349,1.6178179523413303,0.323563590468266,28.596988895790854,28.596988895790854,18.49795606106871,0.06942659089932221,75.47365398027102,302.08661349385426,750.0000000000001,3235.635904682658,5662362.833194652,604.1732269877085,8.00508780382676,True
15,23,7.0,1.1917241379310346,1.3911052689150918,0.1993811309840572,1.6178179523413303,0.323563590468266,31.231970409967502,31.231970409967502,17.758436274999912,0.060926327930682964,75.55451300616922,308.093105978119,750.0,3235.635904682666,5662362.833194666,616.186211956238,8.155518279972567,True
15,24,7.0,1.243103448275862,1.4353653302874503,0.19226188201158823,1.6178179523413303,0.323563590468266,33.98305786695422,33.98305786695422,17.07432409013656,0.05380709818176822,75.67287591443296,313.8886324703388,750.0000000000001,3235.6359046826524,5662362.833194641,627.7772649406776,8.29593506728271,True
15,25,7.0,1.2944827586206897,1.480085490991008,0.1856027323703182,1.6178179523413303,0.323563590468266,36.85025126675106,36.85025126675106,16.439727293256887,0.04779420282942444,75.8251281936184,319.48352249803776,749.9999999999999,3235.635904682653,5662362.833194642,638.9670449960755,8.426850837158918,True
15,26,7.0,1.3458620689655172,1.52522528072282,0.17936321175730274,1.6178179523413303,0.323563590468266,39.833550609357964,39.833550609357964,15.849551262411856,0.042676673000626705,76.00821562830671,324.8874881061093,750.0,3235.6359046826647,5662362.833194663,649.7749762122186,8.548746616941125,True
15,27,7.0,1.3972413793103449,1.5707485223080546,0.17350714299770975,1.6178179523413303,0.323563590468266,42.93295589477496,42.93295589477496,15.299369075033901,0.0382905657614129,76.21953895188093,330.1096680296018,750.0000000000001,3235.6359046826597,5662362.833194654,660.2193360592036,8.662074648286898,True
15,28,7.0,1.4486206896551725,1.6166228226685684,0.16800213301339584,1.6178179523413303,0.323563590468266,46.148467123002064,46.148467123002064,14.785316225779914,0.0345070976818835,76.45687074496668,335.1586671055315,750.0000000000002,3235.635904682649,5662362.833194636,670.317334211063,8.767260910363525,True
15,29,7.0,1.5,1.662819126747062,0.162819126747062,1.6178179523413303,0.323563590468266,49.480084294039244,49.480084294039244,14.30400464838397,0.031224092901464048,76.71828940478959,340.04259196951426,750.0000000000002,3235.6359046826647,5662362.833194663,680.0851839390285,8.864707349647583,True
16,0,7.0,0.01,0.7409442251799971,0.7309442251799971,1.724415007677942,0.3448830015355883,0.0021991148575128553,0.0021991148575128553,97.26728703152264,4696001750.68784,106.68623771358178,106.67950026190987,51.50027006949933,3448.8300153558826,6035452.526872794,213.35900052381973,1.9998736959552366,True
16,1,7.0,0.06137931034482759,0.7434149343172983,0.6820356239724708,1.724415007677942,0.3448830015355883,0.08284988721217279,0.08284988721217279,93.42282840043474,30782.464382299302,109.88470226798275,109.87785070907465,312.52236959117454,3448.830015355884,6035452.526872797,219.7557014181493,1.9998752954912433,True
16,2,7.0,0.11275862068965517,0.7494083341993334,0.6366497135096783,1.724415007677942,0.3448830015355883,0.2796066023769228,0.2796066023769228,89.73512952675092,627.2111736821942,113.15750297040266,113.15065395554196,567.4587997608575,3448.830015355883,6035452.526872795,226.3013079110839,1.999878947225223,True
16,3,7.0,0.16413793103448276,0.7588409617514509,0.5947030307169681,1.724415007677942,0.3448830015355883,0.5924692603517631,0.5924692603517631,82.64111346228601,71.35391209214514,111.6644723322951,120.0916794731128,750.0000000000001,3448.8300153558835,6035452.526872796,240.1833589462256,2.1509380193145,True
16,4,7.0,0.21551724137931036,0.7715866938713589,0.5560694524920485,1.724415007677942,0.3448830015355883,1.0214378611366934,1.0214378611366934,69.73873586341993,22.899133470947096,100.88617889142112,135.47433773171272,749.9999999999998,3448.830015355883,6035452.526872795,270.94867546342545,2.685686765429329,True
16,5,7.0,0.26689655172413795,0.7874846755015755,0.5205881237774376,1.724415007677942,0.3448830015355883,1.566512404731714,1.566512404731714,60.63539461336813,9.632467286689053,93.8120253137381,149.25954347500848,750.0,3448.830015355883,6035452.526872795,298.51908695001697,3.1820983072444227,True
16,6,7.0,0.3182758620689655,0.8063484787629536,0.48807261669398805,1.724415007677942,0.3448830015355883,2.227692891136824,2.227692891136824,53.76392060732274,4.818816431493289,88.84790283002293,161.9204522068676,750.0000000000002,3448.830015355883,6035452.526872795,323.8409044137352,3.644890808883616,True
16,7,7.0,0.36965517241379314,0.827975417098755,0.45832024468496185,1.724415007677942,0.3448830015355883,3.0049793203520254,3.0049793203520254,48.343344031543516,2.7181293788943695,85.2115081460037,173.72352534729762,750.0000000000003,3448.830015355883,6035452.526872795,347.44705069459525,4.077466274851868,True
16,8,7.0,0.4210344827586207,0.8521551387508061,0.43112065599218535,1.724415007677942,0.3448830015355883,3.8983716923773164,3.8983716923773164,43.933028708800116,1.6735798718529593,82.46882697677614,184.83248856918786,750.0,3448.830015355883,6035452.526872795,369.6649771383757,4.482481328884139,True
16,9,7.0,0.4724137931034483,0.8786769239839942,0.40626313088054594,1.724415007677942,0.3448830015355883,4.907870007212697,4.907870007212697,40.26178102305869,1.1012174118235971,80.35775950053441,195.35473620545156,750.0,3448.830015355885,6035452.526872799,390.7094724109031,4.862125012436475,True
16,10,7.0,0.5237931034482759,0.9073354176089251,0.3835423141606492,1.724415007677942,0.3448830015355883,6.033474264858168,6.033474264858168,37.15158233856591,0.7631695346527425,78.70990539483826,205.36467072121678,750.0000000000006,3448.8300153558803,6035452.52687279,410.72934144243357,5.218267502445364,True
16,11,7.0,0.5751724137931035,0.9379347794042885,0.362762365611185,1.724415007677942,0.3448830015355883,7.275184465313729,7.275184465313729,34.47963422522401,0.5512617657016,77.41185544724351,214.91643452725572,749.9999999999999,3448.830015355883,6035452.526872795,429.83286905451143,5.552545751179472,True
16,12,7.0,0.626551724137931,0.9702914035730711,0.34373967943514006,1.724415007677942,0.3448830015355883,8.63300060857938,8.63300060857938,32.15784448567117,0.4118460223169264,76.38437422045418,224.0512603988734,750.0000000000001,3448.8300153558826,6035452.526872794,448.1025207977468,5.866416074896037,True
16,13,7.0,0.6779310344827586,1.0042354466669903,0.3263044121842317,1.724415007677942,0.3448830015355883,10.106922694655122,10.106922694655122,30.120992423051238,0.31638429428414416,75.5704485105347,232.80188972179027,749.9999999999997,3448.830015355883,6035452.526872795,465.60377944358055,6.161188515093625,True
16,14,7.0,0.7293103448275863,1.0396114292850571,0.31030108445747084,1.724415007677942,0.3448830015355883,11.696950723540954,11.696950723540954,28.319528691756535,0.24879150681816772,74.92805464741299,241.1953075672155,750.0000000000002,3448.8300153558857,6035452.5268728,482.390615134431,6.4380507061661225,True
16,15,7.0,0.7806896551724138,1.0762781622428323,0.2955885070704185,1.724415007677942,0.3448830015355883,13.403084695236876,13.403084695236876,26.71499647666951,0.1995501898942153,74.42558815160858,249.25447422662677,750.0000000000003,3448.8300153558835,6035452.526872796,498.50894845325354,6.698085441229787,True
16,16,7.0,0.8320689655172414,1.1141082120712147,0.2820392465539733,1.724415007677942,0.3448830015355883,15.225324609742886,15.225324609742886,25.27700838139265,0.1627910825851681,74.03887008792674,256.999441724366,750.0,3448.8300153558857,6035452.5268728,513.998883448732,6.942284273629779,True
16,17,7.0,0.883448275862069,1.152987077530034,0.26953880166796496,1.724415007677942,0.3448830015355883,17.163670467058992,17.163670467058992,23.98118527547277,0.134763422982124,73.74912611574578,264.4480857760183,750.0,3448.8300153558857,6035452.5268728,528.8961715520365,7.1715584903603995,True
16,18,7.0,0.9348275862068965,1.1928122068293059,0.25798462062240934,1.724415007677942,0.3448830015355883,19.21812226718518,19.21812226718518,22.807711463436743,0.11299480820906872,73.54158685420842,271.6165936953983,750.0000000000001,3448.830015355879,6035452.526872789,543.2331873907966,7.386748241749561,True
16,19,7.0,0.9862068965517242,1.2334919487510931,0.24728505219936892,1.724415007677942,0.3448830015355883,21.38868001012147,21.38868001012147,21.740297183057198,0.09581054717629003,73.40449712649888,278.51979563943615,749.9999999999999,3448.8300153558916,6035452.52687281,557.0395912788723,7.5886303031123425,True
16,20,7.0,1.0375862068965518,1.2749445013684164,0.23735829447186463,1.724415007677942,0.3448830015355883,23.675343695867838,23.675343695867838,20.76541777329128,0.08204866207599575,73.32840129042675,285.17139434493606,749.9999999999999,3448.830015355881,6035452.526872792,570.3427886898721,7.777924769298524,True
16,21,7.0,1.0889655172413792,1.3170968994604653,0.22813138221908602,1.724415007677942,0.3448830015355883,26.078113324424294,26.078113324424294,19.871745367153572,0.07088546975208995,73.3056191942253,291.58412853989745,750.0000000000001,3448.830015355888,6035452.526872804,583.1682570797949,7.955300882660498,True
16,22,7.0,1.140344827586207,1.3598840651431292,0.21953923755692228,1.724415007677942,0.3448830015355883,28.596988895790854,28.596988895790854,19.049717464611053,0.061725790295609796,73.32985633669993,297.7698926491114,749.9999999999999,3448.8300153558944,6035452.526872816,595.5397852982228,8.121382136135027,True
16,23,7.0,1.1917241379310346,1.4032479345272715,0.21152379659623688,1.724415007677942,0.3448830015355883,31.231970409967502,31.231970409967502,18.291204700857094,0.05413207167901223,73.39591013848515,303.73982742204754,749.9999999999999,3448.8300153558876,6035452.526872803,607.4796548440951,8.27675075760881,True
16,24,7.0,1.243103448275862,1.4471366652610682,0.20403321698520616,1.724415007677942,0.3448830015355883,33.98305786695422,33.98305786695422,17.58925173545088,0.04777758516859927,73.4994460913876,309.50439098552164,750.0000000000001,3448.8300153558866,6035452.526872802,619.0087819710433,8.421951659355111,True
16,25,7.0,1.2944827586206897,1.4915039246323882,0.1970211660116985,1.724415007677942,0.3448830015355883,36.85025126675106,36.85025126675106,16.937872868617145,0.04241487419713257,73.63682540084913,315.07341651679985,750.0,3448.830015355889,6035452.526872805,630.1468330335997,8.557495921413436,True
16,26,7.0,1.3458620689655172,1.5363082547157418,0.19044618575022465,1.724415007677942,0.3448830015355883,39.833550609357964,39.833550609357964,16.331889180583367,0.037854083965149936,73.80497103401741,320.4561605903496,750.0,3448.8300153558844,6035452.526872798,640.9123211806992,8.683863867181746,True
16,27,7.0,1.3972413793103449,1.5815125092406512,0.18427112993030637,1.724415007677942,0.3448830015355883,42.93295589477496,42.93295589477496,15.76679756432704,0.03394782094405041,74.00126272579006,325.66134485943036,750.0,3448.8300153558694,6035452.526872772,651.3226897188607,8.801507781459375,True
16,28,7.0,1.4486206896551725,1.62708335598537,0.17846266633019736,1.724415007677942,0.3448830015355883,46.148467123002064,46.148467123002064,15.238664527818225,0.030580407624435868,74.22345403642164,330.697192827685,749.9999999999999,3448.8300153558766,6035452.526872784,661.39438565537,8.910854314740217,True
16,29,7.0,1.5,1.672990838237791,0.17299083823779093,1.724415007677942,0.3448830015355883,49.480084294039244,49.480084294039244,14.74403942678104,0.027660145900036452,74.46960635407407,335.5714628756921,750.0000000000001,3448.830015355888,6035452.526872804,671.1429257513842,9.01230661218162,True
17,0,7.0,0.01,0.7634980297154083,0.7534980297154082,1.8310120630145539,0.3662024126029107,0.0021991148575128553,0.0021991148575128553,98.96046905816515,4382767985.9728155,105.34178890535854,105.33464589788278,51.713211535304914,3662.024126029107,6408542.220550937,210.66929179576556,1.9998643841622592,True
17,1,7.0,0.06137931034482759,0.7658959858347066,0.7045166754898791,1.8310120630145539,0.3662024126029107,0.08284988721217279,0.08284988721217279,95.16375646217959,28590.985426528907,108.41099242323028,108.40377655859946,313.93086845041654,3662.0241260291077,6408542.2205509385,216.80755311719892,1.9998668794654577,True
17,2,7.0,0.11275862068965517,0.7717148099648885,0.6589561892752334,1.8310120630145539,0.3662024126029107,0.2796066023769228,0.2796066023769228,91.51637926241472,579.7869621043195,111.55055830147687,111.54346327305329,570.2312480444446,3662.0241260291073,6408542.220550938,223.08692654610658,1.999872792596799,True
17,3,7.0,0.16413793103448276,0.7808780325912563,0.6167401015567735,1.8310120630145539,0.3662024126029107,0.5924692603517631,0.5924692603517631,84.15834340108943,66.34584298599638,109.70541888841538,118.52939231877654,749.9999999999999,3662.024126029106,6408542.220550936,237.0587846375531,2.160866683155119,True
17,4,7.0,0.21551724137931036,0.7932697666689803,0.5777525252896699,1.8310120630145539,0.3662024126029107,1.0214378611366934,1.0214378611366934,71.08541087941781,21.21257639688649,99.02503681071413,133.66774026857595,750.0000000000001,3662.0241260291073,6408542.220550938,267.3354805371519,2.6996756491811498,True
17,5,7.0,0.26689655172413795,0.8087416217195366,0.5418450699953986,1.8310120630145539,0.3662024126029107,1.566512404731714,1.566512404731714,61.860958274945915,8.891515763906842,92.00110977409521,147.22554279506463,749.9999999999998,3662.024126029106,6408542.220550936,294.45108559012925,3.200516671083004,True
17,6,7.0,0.3182758620689655,0.8271207685429339,0.5088449064739684,1.8310120630145539,0.3662024126029107,2.227692891136824,2.227692891136824,54.89609164986912,4.433415179024179,87.06156127709806,159.67346096597672,750.0000000000002,3662.024126029107,6408542.220550937,319.34692193195343,3.668058753455402,True
17,7,7.0,0.36965517241379314,0.8482182430669489,0.4785630706531558,1.8310120630145539,0.3662024126029107,3.0049793203520254,3.0049793203520254,49.399409657322494,2.4930434188747252,83.43480000030569,171.27714590206062,749.9999999999998,3662.0241260291077,6408542.2205509385,342.55429180412125,4.105652459200073,True
17,8,7.0,0.4210344827586207,0.8718367261426475,0.4508022433840268,1.8310120630145539,0.3662024126029107,3.8983716923773164,3.8983716923773164,44.92465626244133,1.5306361620858235,80.69265927448959,182.20010337973767,750.0000000000003,3662.024126029108,6408542.220550939,364.40020675947534,4.51590280994343,True
17,9,7.0,0.4724137931034483,0.8977772737676635,0.4253634806642152,1.8310120630145539,0.3662024126029107,4.907870007212697,4.907870007212697,41.19735913485873,1.0045405897412636,78.57647409450377,192.549645165858,750.0,3662.0241260291045,6408542.220550933,385.099290331716,4.900948977025336,True
17,10,7.0,0.5237931034482759,0.9258447259661237,0.40205162251784776,1.8310120630145539,0.3662024126029107,6.033474264858168,6.033474264858168,38.03746651967626,0.6945187191586575,76.91995726026613,202.40003850020526,749.9999999999999,3662.0241260291086,6408542.22055094,404.8000770004105,5.262614429578142,True
17,11,7.0,0.5751724137931035,0.9558517390097147,0.3806793252166112,1.8310120630145539,0.3662024126029107,7.275184465313729,7.275184465313729,35.320852958216136,0.5005918109338311,75.61103628859402,211.80516962926026,749.9999999999998,3662.024126029109,6408542.220550941,423.6103392585205,5.602493498987031,True
17,12,7.0,0.626551724137931,0.9876215390520422,0.36106981491411116,1.8310120630145539,0.3662024126029107,8.63300060857938,8.63300060857938,32.958519014038664,0.37326033747894066,74.57133362476391,220.80588444201695,750.0000000000003,3662.0241260291045,6408542.220550933,441.6117688840339,5.922004440824187,True
17,13,7.0,0.6779310344827586,1.0209895831467497,0.3430585486639911,1.8310120630145539,0.3662024126029107,10.106922694655122,10.106922694655122,30.884596142158742,0.2862360413342908,73.74438866531638,229.43442378340055,749.9999999999997,3662.0241260291064,6408542.220550936,458.8688475668011,6.2224239141685,True
17,14,7.0,0.7293103448275863,1.055804347619313,0.3264940027917268,1.8310120630145539,0.3662024126029107,11.696950723540954,11.696950723540954,29.049052990624464,0.22472517149245536,73.08853147791696,237.7171857904319,749.9999999999998,3662.0241260291027,6408542.22055093,475.4343715808638,6.504910715363216,True
17,15,7.0,0.7806896551724138,1.0919274605359701,0.3112378053635563,1.8310120630145539,0.3662024126029107,13.403084695236876,13.403084695236876,27.41306029945492,0.17998758293550984,72.57238011861645,245.67648618180678,750.0000000000005,3662.0241260291045,6408542.220550933,491.35297236361356,6.770523049685268,True
17,16,7.0,0.8320689655172414,1.1292333703695807,0.2971644048523393,1.8310120630145539,0.3662024126029107,15.225324609742886,15.225324609742886,25.94593305261057,0.1466412413778493,72.17189111960909,253.33170078413485,750.0,3662.0241260291027,6408542.22055093,506.6634015682697,7.020231751009353,True
17,17,7.0,0.883448275862069,1.1676087090729381,0.28416043321086915,1.8310120630145539,0.3662024126029107,17.163670467058992,17.163670467058992,24.623047386567304,0.12125158029665008,71.86836783417193,260.70001904988703,750.0,3662.024126029104,6408542.220550932,521.4000380997741,7.254930838318817,True
17,18,7.0,0.9348275862068965,1.2069514726420127,0.2721238864351162,1.8310120630145539,0.3662024126029107,19.21812226718518,19.21812226718518,23.424381585219773,0.10155768518956862,71.64708046665206,267.79694873347773,750.0000000000002,3662.024126029102,6408542.220550928,535.5938974669555,7.475446228632389,True
17,19,7.0,0.9862068965517242,1.247170110364057,0.2609632138123327,1.8310120630145539,0.3662024126029107,21.38868001012147,21.38868001012147,22.33346919790833,0.0860301076401239,71.49628860313786,274.6366594718672,750.0,3662.024126029101,6408542.220550926,549.2733189437344,7.682543103637797,True
17,20,7.0,1.0375862068965518,1.28818258726055,0.2505963803639981,1.8310120630145539,0.3662024126029107,23.675343695867838,23.675343695867838,21.336631833896316,0.07360897014965236,71.40653554255347,281.2322210755806,750.0,3662.0241260291086,6408542.22055094,562.4644421511612,7.87693224265124,True
17,21,7.0,1.0889655172413792,1.3299154631479757,0.24094994590659646,1.8310120630145539,0.3662024126029107,26.078113324424294,26.078113324424294,20.42240639736585,0.06354386386335731,71.3701303448189,287.59577243776175,750.0000000000001,3662.024126029106,6408542.220550936,575.1915448755235,8.059275527402471,True
17,22,7.0,1.140344827586207,1.37230301580297,0.23195818821676317,1.8310120630145539,0.3662024126029107,28.596988895790854,28.596988895790854,19.581110443557897,0.055293177305369465,71.38076209755711,293.73864436518807,749.9999999999997,3662.024126029108,6408542.220550939,587.4772887303761,8.230190761026934,True
17,23,7.0,1.1917241379310346,1.4152864241229681,0.22356228619193352,1.8310120630145539,0.3662024126029107,31.231970409967502,31.231970409967502,18.804507549946447,0.04845917652162549,71.43320893298349,299.6714515527861,749.9999999999999,3662.0241260291077,6408542.2205509385,599.3429031055722,8.390255905595083,True
17,24,7.0,1.243103448275862,1.4588130190311057,0.21570957075524366,1.8310120630145539,0.3662024126029107,33.98305786695422,33.98305786695422,18.08554636170521,0.042745177059928044,71.52311598889263,305.4041636925922,750.0000000000001,3662.0241260291114,6408542.220550945,610.8083273851844,8.540012818793318,True
17,25,7.0,1.2944827586206897,1.5028356043644764,0.20835284574378665,1.8310120630145539,0.3662024126029107,36.85025126675106,36.85025126675106,17.41815474762607,0.03792670206730708,71.64682422220369,310.9461623002631,750.0,3662.0241260291127,6408542.220550947,621.8923246005262,8.679970554895842,True
17,26,7.0,1.3458620689655172,1.5473118464160525,0.20144977745053527,1.8310120630145539,0.3662024126029107,39.833550609357964,39.833550609357964,16.797075752175026,0.0338316917612978,71.80123718998838,316.30628761106215,750.0000000000002,3662.0241260291164,6408542.220550953,632.6125752221243,8.810608284481381,True
17,27,7.0,1.3972413793103449,1.592203728621556,0.19496234931121115,1.8310120630145539,0.3662024126029107,42.93295589477496,42.93295589477496,16.217735641542916,0.030326689283720808,71.98371649036405,321.49287843142423,750.0000000000001,3662.0241260291205,6408542.220550961,642.9857568628485,8.932377879501685,True
17,28,7.0,1.4486206896551725,1.637477066671878,0.18885637701670555,1.8310120630145539,0.3662024126029107,46.148467123002064,46.148467123002064,15.676136871131787,0.02730704566922652,72.19199905375943,326.51380686694097,750.0000000000003,3662.0241260290913,6408542.22055091,653.0276137338819,9.045706204195701,True
17,29,7.0,1.5,1.6831010787767058,0.18310107877670578,1.8310120630145539,0.3662024126029107,49.480084294039244,49.480084294039244,15.16877060211888,0.02468987360481132,72.42413124500948,331.3765092111227,749.9999999999999,3662.024126029099,6408542.220550924,662.7530184222454,9.15099714734809,True
18,0,7.0,0.01,0.785404442265916,0.775404442265916,1.9376091183511657,0.387521823670233,0.0021991148575128553,0.0021991148575128553,100.5813858494231,4107002813.159919,104.08908898529364,104.08154848243956,51.911919296379786,3875.2182367023297,6781631.914229077,208.16309696487912,1.9998551144422996,True
18,1,7.0,0.06137931034482759,0.787735715623864,0.7263564052790364,1.9376091183511657,0.387521823670233,0.08284988721217279,0.08284988721217279,96.8292307117714,26674.083466567143,107.04117062745159,107.03360162564915,315.24291670073313,3875.21823670233,6781631.914229078,214.0672032512983,1.99985857774615,True
18,2,7.0,0.11275862068965517,0.7933943814212879,0.6806357607316328,1.9376091183511657,0.387521823670233,0.2796066023769228,0.2796066023769228,93.21970508572954,538.5584745383832,110.06003926207403,110.05271291486606,572.8099866783366,3875.218236702331,6781631.914229079,220.10542582973213,1.999866866353,True
18,3,7.0,0.16413793103448276,0.8023100387850792,0.6381721077505964,1.9376091183511657,0.387521823670233,0.5924692603517631,0.5924692603517631,85.60812664460786,61.96442940827209,107.90047607954158,117.07765690610334,750.0000000000003,3875.2182367023297,6781631.914229077,234.15531381220669,2.170104547449755,True
18,4,7.0,0.21551724137931036,0.8143757236452855,0.5988584822659752,1.9376091183511657,0.387521823670233,1.0214378611366934,1.0214378611366934,72.37217996619967,19.74370773822498,97.31335505290683,131.99024941774633,750.0000000000002,3875.2182367023297,6781631.914229077,263.98049883549265,2.712685208437969,True
18,5,7.0,0.26689655172413795,0.8294539813957553,0.5625574296716174,1.9376091183511657,0.387521823670233,1.566512404731714,1.566512404731714,63.03220682857946,8.248829477101646,90.33809360699435,145.337785925016,749.9999999999998,3875.2182367023306,6781631.914229078,290.675571850032,3.2176411992329963,True
18,6,7.0,0.3182758620689655,0.8473840111229252,0.5291081490539596,1.9376091183511657,0.387521823670233,2.227692891136824,2.227692891136824,55.97845852513703,4.100344687123477,85.42310249322975,157.58845702738552,750.0000000000001,3875.2182367023292,6781631.914229076,315.17691405477103,3.6895980695591164,True
18,7,7.0,0.36965517241379314,0.8679891038620852,0.498333931448292,1.9376091183511657,0.387521823670233,3.0049793203520254,3.0049793203520254,50.409500883603805,2.299149906032136,81.8067609484302,169.0070702563979,750.0,3875.2182367023306,6781631.914229078,338.0141405127958,4.131860699458264,True
18,8,7.0,0.4210344827586207,0.8910837074051202,0.4700492246464995,1.9376091183511657,0.387521823670233,3.8983716923773164,3.8983716923773164,45.87366078397948,1.407853372392193,79.06635701831851,179.75688709171752,749.9999999999999,3875.2182367023306,6781631.914229078,359.51377418343503,4.546987969866134,True
18,9,7.0,0.4724137931034483,0.9164796396240465,0.4440658465205983,1.9376091183511657,0.387521823670233,4.907870007212697,4.907870007212697,42.093298892649194,0.9217075538988495,76.94644183340858,189.9451425197584,750.0000000000003,3875.218236702331,6781631.914229079,379.8902850395168,4.937074099696396,True
18,10,7.0,0.5237931034482759,0.9439911827718577,0.4201980793235818,1.9376091183511657,0.387521823670233,6.033474264858168,6.033474264858168,38.88639694356526,0.6358277347775533,75.28271795960785,199.6460072042819,750.0,3875.2182367023315,6781631.91422908,399.2920144085638,5.303900087969721,True
18,11,7.0,0.5751724137931035,0.9734389778099187,0.39826656401681526,1.9376091183511657,0.387521823670233,7.275184465313729,7.275184465313729,36.12754585830666,0.4573562600906346,73.96438132380212,208.91317757992746,750.0000000000001,3875.218236702331,6781631.914229079,417.8263551598549,5.649021159667245,True
18,12,7.0,0.626551724137931,1.00465277631192,0.3781010521739889,1.9376091183511657,0.387521823670233,8.63300060857938,8.63300060857938,33.7268700889339,0.3403912904055726,72.91387657125773,217.7871989105127,750.0000000000002,3875.218236702332,6781631.914229081,435.5743978210254,5.973820324795713,True
18,13,7.0,0.6779310344827586,1.037473192639645,0.3595421581568864,1.9376091183511657,0.387521823670233,10.106922694655122,10.106922694655122,31.617877625191202,0.2605920527632758,72.07527948135255,226.29990983878983,750.0000000000001,3875.2182367023292,6781631.914229076,452.59981967757966,6.279543040754731,True
18,14,7.0,0.7293103448275863,1.071752637973692,0.34244229314610564,1.9376091183511657,0.387521823670233,11.696950723540954,11.696950723540954,29.750075549274683,0.2042807031059762,71.40726910481708,234.47722529813842,750.0,3875.2182367023315,6781631.91422908,468.95445059627684,6.567320897091156,True
18,15,7.0,0.7806896551724138,1.1073556229252899,0.32666596775287604,1.9376091183511657,0.387521823670233,13.403084695236876,13.403084695236876,28.08428005345904,0.16338773408480337,70.87868780746524,242.34092040724045,749.9999999999998,3875.21823670233,6781631.914229078,484.6818408144809,6.838188682768365,True
18,16,7.0,0.8320689655172414,1.1441585997176995,0.3120896342004581,1.9376091183511657,0.387521823670233,15.225324609742886,15.225324609742886,26.589524542836944,0.1329508182645062,70.46563284585504,249.9097953674499,749.9999999999998,3875.2182367023292,6781631.914229076,499.8195907348998,7.0930973092694,True
18,17,7.0,0.883448275862069,1.1820494888348358,0.29860121297276687,1.9376091183511657,0.387521823670233,17.163670467058992,17.163670467058992,25.24095494256558,0.10980736871742718,70.14949214535078,257.2004481854082,749.9999999999999,3875.2182367023315,6781631.91422908,514.4008963708164,7.332924026092309,True
18,18,7.0,0.9348275862068965,1.2209270059526274,0.28609941974573083,1.9376091183511657,0.387521823670233,19.21812226718518,19.21812226718518,24.018356693779246,0.09187813460573259,69.91558288204916,264.22779477257046,750.0,3875.2182367023324,6781631.914229082,528.4555895451409,7.558480781554379,True
18,19,7.0,0.9862068965517242,1.2606998773448095,0.27449298079308526,1.9376091183511657,0.387521823670233,21.38868001012147,21.38868001012147,22.905098598312296,0.07775826538608342,69.7521866592705,271.00542425714184,750.0000000000002,3875.218236702329,6781631.914229075,542.0108485142837,7.770521247770044,True
18,20,7.0,1.0375862068965518,1.3012860080216833,0.26369980112513147,1.9376091183511657,0.387521823670233,23.675343695867838,23.675343695867838,21.887359322836193,0.06647536407091001,69.64985249378562,277.5458457388365,749.9999999999998,3875.2182367023274,6781631.914229073,555.091691477673,7.969746835102056,True
18,21,7.0,1.0889655172413792,1.3426116473767904,0.25364613013541115,1.9376091183511657,0.387521823670233,26.078113324424294,26.078113324424294,20.953550254108695,0.0573417316524827,69.6008847925029,283.8606629403634,750.0000000000001,3875.218236702323,6781631.914229065,567.7213258807268,8.156811907969873,True
18,22,7.0,1.140344827586207,1.3846105819809593,0.2442657543947524,1.9376091183511657,0.387521823670233,28.596988895790854,28.596988895790854,20.09387771776374,0.049861552232526134,69.59896167076572,289.96070061100704,750.0000000000001,3875.218236702336,6781631.914229088,579.9214012220141,8.332328346582269,True
18,23,7.0,1.1917241379310346,1.4272233738481521,0.23549923591711752,1.9376091183511657,0.387521823670233,31.231970409967502,31.231970409967502,19.30000603366592,0.0436710977999313,69.63884672268665,295.85609840302095,750.0000000000001,3875.2182367023343,6781631.914229085,591.7121968060419,8.496869558485615,True
18,24,7.0,1.243103448275862,1.4703966543237146,0.22729320604785253,1.9376091183511657,0.387521823670233,33.98305786695422,33.98305786695422,18.564794799311063,0.03849931837786892,69.716168835547,301.55638263597484,750.0,3875.218236702326,6781631.914229071,603.1127652719497,8.650974018589983,True
18,25,7.0,1.2944827586206897,1.5140824780365387,0.219599719415849,1.9376091183511657,0.387521823670233,36.85025126675106,36.85025126675106,17.8820916652823,0.034141326546813365,69.82725223241351,307.0705228777135,750.0,3875.2182367023283,6781631.9142290745,614.141045755427,8.795148400101949,True
18,26,7.0,1.3458620689655172,1.5582377375134955,0.2123756685479783,1.9376091183511657,0.387521823670233,39.833550609357964,39.833550609357964,17.246567176494207,0.030440219600314126,69.96898404973852,312.40697796675437,750.0000000000002,3875.2182367023283,6781631.9142290745,624.8139559335087,8.929870347829407,True
18,27,7.0,1.3972413793103449,1.6028236365826745,0.2055822572723296,1.9376091183511657,0.387521823670233,42.93295589477496,42.93295589477496,16.653581903295358,0.027274402176195863,70.13871027622127,317.57373457244626,750.0000000000001,3875.2182367023292,6781631.914229076,635.1474691448925,9.055590937494369,True
18,28,7.0,1.4486206896551725,1.6478052192016088,0.19918452954643628,1.9376091183511657,0.387521823670233,46.148467123002064,46.148467123002064,16.099078640453317,0.024548604906808533,70.33415333707254,322.57834037222864,750.0,3875.2182367023106,6781631.914229044,645.1566807444573,9.17273685875736,True
18,29,7.0,1.5,1.6931509495408361,0.19315094954083611,1.9376091183511657,0.387521823670233,49.480084294039244,49.480084294039244,15.57949426793288,0.022187428850524063,70.55334634963374,327.42793324742917,750.0000000000001,3875.218236702329,6781631.914229075,654.8558664948583,9.28171235492727,True
19,0,7.0,0.01,0.8067162044255456,0.7967162044255456,2.0442061736877775,0.4088412347375554,0.0021991148575128553,0.0021991148575128553,102.12889626291481,3863677845.034307,102.90945187035867,102.91530969218171,52.0899291470992,4088.412347375554,7154721.60790722,205.83061938436342,2.0001138441944173,True
19,1,7.0,0.06137931034482759,0.8089860655296637,0.7476067551848361,2.0442061736877775,0.4088412347375554,0.08284988721217279,0.08284988721217279,98.41898287277972,24991.93841517786,105.75485559460961,105.76067381909922,316.42200105514524,4088.412347375553,7154721.607907218,211.52134763819845,2.0001100322903738,True
19,2,7.0,0.11275862068965517,0.8144971092782295,0.7017384885885743,2.0442061736877775,0.4088412347375554,0.2796066023769228,0.2796066023769228,94.85246271795208,502.4227748220217,108.67170582479055,108.66416148349639,575.2171426496826,4088.412347375554,7154721.60790722,217.32832296699277,1.9998611535314201,True
19,3,7.0,0.16413793103448276,0.8231842411556718,0.659046310121189,2.0442061736877775,0.4088412347375554,0.5924692603517631,0.5924692603517631,86.99695469989923,58.10135044965966,106.22982461206416,115.72307875955565,750.0000000000002,4088.4123473755535,7154721.607907219,231.4461575191113,2.1787304870766655,True
19,4,7.0,0.21551724137931036,0.8349483312244577,0.6194310898451473,2.0442061736877775,0.4088412347375554,1.0214378611366934,1.0214378611366934,73.60478550308515,18.454025899607814,95.73165792714346,130.42615263483225,750.0000000000003,4088.4123473755535,7154721.607907219,260.8523052696645,2.7248280340886404,True
19,5,7.0,0.26689655172413795,0.8496615819283546,0.5827650302042167,2.0442061736877775,0.4088412347375554,1.566512404731714,1.566512404731714,64.15430755360178,7.686685082306516,88.80351122187989,143.57845395097078,750.0000000000001,4088.412347375554,7154721.60790722,287.15690790194157,3.2336211029366404,True
19,6,7.0,0.3182758620689655,0.8671738919377715,0.548898029868806,2.0442061736877775,0.4088412347375554,2.227692891136824,2.227692891136824,57.01571119958786,3.8100083114378966,83.9129197491913,155.6457355848444,750.0000000000001,4088.4123473755526,7154721.607907217,311.2914711696888,3.7096965771196255,True
19,7,7.0,0.36965517241379314,0.8873195484012677,0.5176643759874746,2.0442061736877775,0.4088412347375554,3.0049793203520254,3.0049793203520254,51.37789506942275,2.1306477136037927,80.30757735931552,166.8919361446663,750.0,4088.412347375556,7154721.607907223,333.7838722893326,4.156318535122817,True
19,8,7.0,0.4210344827586207,0.9099236617181564,0.4888891789595357,2.0442061736877775,0.4088412347375554,3.8983716923773164,3.8983716923773164,46.783955826308954,1.3014373227825429,77.5698770319339,177.48004927456313,749.9999999999999,4088.4123473755535,7154721.607907219,354.96009854912626,4.5760043992721116,True
19,9,7.0,0.4724137931034483,0.9348079088225272,0.4623941157190789,2.0442061736877775,0.4088412347375554,4.907870007212697,4.907870007212697,42.953190318455164,0.8500868424813524,75.44738929809847,187.51723203443714,749.9999999999999,4088.412347375553,7154721.607907218,375.0344640688743,4.970807705314813,True
19,10,7.0,0.5237931034482759,0.9617953263053085,0.4380022228570326,2.0442061736877775,0.4088412347375554,6.033474264858168,6.033474264858168,39.701675086630395,0.5851873975929225,73.77769370945143,197.07758390228426,750.0,4088.4123473755544,7154721.60790722,394.1551678045685,5.342470711497377,True
19,11,7.0,0.5751724137931035,0.9907140556544778,0.4155416418613743,2.0442061736877775,0.4088412347375554,7.275184465313729,7.275184465313729,36.90275696483493,0.42011986730286793,72.45119059113881,206.21466037595593,750.0000000000001,4088.412347375552,7154721.607907216,412.42932075191186,5.692512674903568,True
19,12,7.0,0.626551724137931,1.021400067311028,0.3948483431730969,2.0442061736877775,0.4088412347375554,8.63300060857938,8.63300060857938,34.46571217194588,0.31212860478535287,71.39111199168552,214.9687726812376,750.0000000000002,4088.412347375556,7154721.607907223,429.9375453624752,6.02228391417334,True
19,13,7.0,0.6779310344827586,1.0536989712425564,0.3757679367597978,2.0442061736877775,0.4088412347375554,10.106922694655122,10.106922694655122,32.323446682340766,0.23857304215195071,70.54205296207299,223.37143535214213,750.0,4088.412347375556,7154721.607907223,446.74287070428426,6.333000698809773,True
19,14,7.0,0.7293103448275863,1.0874670632048087,0.3581567183772224,2.0442061736877775,0.4088412347375554,11.696950723540954,11.696950723540954,30.42502373564748,0.1867479886078715,69.8630350593625,231.4481641868991,750.0000000000003,4088.412347375551,7154721.607907214,462.8963283737982,6.625768948922359,True
19,15,7.0,0.7806896551724138,1.122571767049208,0.34188211187679407,2.0442061736877775,0.4088412347375554,13.403084695236876,13.403084695236876,28.730920355541038,0.14916759144861746,69.32312472309141,239.22027932486435,749.9999999999997,4088.412347375553,7154721.607907218,478.4405586497287,6.901601169318916,True
19,16,7.0,0.8320689655172414,1.1588916247258372,0.32682265920859577,2.0442061736877775,0.4088412347375554,15.225324609742886,15.225324609742886,27.20990209925486,0.12123426512661363,68.89856318650693,246.70608926175555,750.0000000000002,4088.4123473755535,7154721.607907219,493.4121785235111,7.161429146031027,True
19,17,7.0,0.883448275862069,1.1963159660417564,0.3128676901796874,2.0442061736877775,0.4088412347375554,17.163670467058992,17.163670467058992,25.836897110618125,0.1000214596629684,68.5708279734974,253.92168056960912,750.0,4088.4123473755517,7154721.607907215,507.84336113921825,7.406113884690141,True
19,18,7.0,0.9348275862068965,1.2347443664241482,0.29991678021725166,2.0442061736877775,0.4088412347375554,19.21812226718518,19.21812226718518,24.591509294466693,0.08360737593753617,68.32528898178606,260.88145206297116,749.9999999999999,4088.4123473755512,7154721.607907214,521.7629041259423,7.636453674788441,True
19,19,7.0,0.9862068965517242,1.2740859771965714,0.28787908064484713,2.0442061736877775,0.4088412347375554,21.38868001012147,21.38868001012147,23.45695298895361,0.07069502240095825,68.15025567936063,267.59848113185416,750.0000000000003,4088.4123473755517,7154721.607907215,535.1969622637083,7.853190819734419,True
19,20,7.0,1.0375862068965518,1.3142587915721669,0.27667258467561506,2.0442061736877775,0.4088412347375554,23.675343695867838,23.675343695867838,22.41927324985091,0.060387642384474235,68.0362883903387,274.0847787143729,749.9999999999999,4088.4123473755567,7154721.607907224,548.1695574287457,8.057017371138473,True
19,21,7.0,1.0889655172413792,1.3551888917134554,0.2662233744720761,2.0442061736877775,0.4088412347375554,26.078113324424294,26.078113324424294,21.466764387430647,0.05205169992656971,67.97569201471372,280.3514697606918,750.0000000000003,4088.412347375556,7154721.607907223,560.7029395213837,8.248580086540588,True
19,22,7.0,1.140344827586207,1.396809707972197,0.25646488038599013,2.0442061736877775,0.4088412347375554,28.596988895790854,28.596988895790854,20.589529108587172,0.04523089251014795,67.96213831764705,286.40892348094616,750.0,4088.41234737555,7154721.607907212,572.8178469618923,8.42848475844902,True
19,23,7.0,1.1917241379310346,1.439061310511205,0.2473371725801703,2.0442061736877775,0.4088412347375554,31.231970409967502,31.231970409967502,19.77913931858077,0.039590804817315126,67.99038043549852,292.2668495133178,750.0000000000001,4088.412347375552,7154721.607907216,584.5336990266356,8.597300019245726,True
19,24,7.0,1.243103448275862,1.4818897454257849,0.23878629714992283,2.0442061736877775,0.4088412347375554,33.98305786695422,33.98305786695422,19.028371705636374,0.03488246342901519,68.05603456186775,297.93437079263987,749.9999999999998,4088.412347375557,7154721.607907225,595.8687415852797,8.755560699670106,True
19,25,7.0,1.2944827586206897,1.5252464216804411,0.23076366305975138,2.0442061736877775,0.4088412347375554,36.85025126675106,36.85025126675106,18.33099919887706,0.03091783711417486,68.15541125657354,303.4200803538311,750.0000000000002,4088.4123473755626,7154721.607907235,606.8401607076622,8.903770801458306,True
19,26,7.0,1.3458620689655172,1.569087551146494,0.2232254821809767,2.0442061736877775,0.4088412347375554,39.833550609357964,39.833550609357964,17.681624759921093,0.027553055038139786,68.28538386572738,308.73208694207136,750.0000000000002,4088.4123473755594,7154721.607907229,617.4641738841427,9.042406133328477,True
19,27,7.0,1.3972413793103449,1.6133736413304371,0.21613226202009228,2.0442061736877775,0.4088412347375554,42.93295589477496,42.93295589477496,17.075547657246755,0.024676712601954472,68.44328500681054,313.878052720501,750.0000000000005,4088.4123473755517,7154721.607907215,627.756105441002,9.17191665155371,True
19,28,7.0,1.4486206896551725,1.6580690386650931,0.2094483490099206,2.0442061736877775,0.4088412347375554,46.148467123002064,46.148467123002064,16.508654951117812,0.022201593259075014,68.62682449290881,318.8652253045204,750.0,4088.4123473755376,7154721.607907191,637.7304506090408,9.292728540498581,True
19,29,7.0,1.5,1.7031415192175776,0.20314151921757762,2.0442061736877775,0.4088412347375554,49.480084294039244,49.480084294039244,15.977332748778958,0.020058722981085225,68.83402378565233,323.70046563713623,749.9999999999998,4088.412347375549,7154721.6079072105,647.4009312742725,9.405246063927121,True
20,0,7.0,0.01,0.8274792632051168,0.8174792632051168,2.1508032290243895,0.4301606458048778,0.0021991148575128553,0.0021991148575128553,103.62393867916703,3645483014.6587176,101.80933955909404,101.81549013289725,52.26411328289377,4301.606458048777,7527811.30158536,203.6309802657945,2.0001208253354723,True
20,1,7.0,0.06137931034482759,0.8296923229564617,0.7683130126116341,2.1508032290243895,0.4301606458048778,0.08284988721217279,0.08284988721217279,99.95331651040026,23492.35723978912,104.55712291034557,104.56319709916532,317.5691990430566,4301.606458048778,7527811.301585362,209.12639419833064,2.000116188905178,True
20,2,7.0,0.11275862068965517,0.8350667264203001,0.722308105730645,2.1508032290243895,0.4301606458048778,0.2796066023769228,0.2796066023769228,96.420971461071,470.5196352057251,107.37369785600059,107.3659476366521,577.4713095516556,4301.606458048778,7527811.301585362,214.7318952733042,1.999855640263803,True
20,3,7.0,0.16413793103448276,0.8435420507827476,0.6794041197482648,2.1508032290243895,0.4301606458048778,0.5924692603517631,0.5924692603517631,88.3303949165538,54.67159452376261,104.67708261644498,114.4544872583973,750.0,4301.606458048777,7527811.30158536,228.9089745167946,2.186810797503374,True
20,4,7.0,0.21551724137931036,0.8550260887050353,0.6395088473257249,2.1508032290243895,0.4301606458048778,1.0214378611366934,1.0214378611366934,74.78815688271143,17.313465663661443,94.2638786719336,128.96235102545182,749.9999999999998,4301.606458048778,7527811.301585362,257.92470205090365,2.736198697579149,True
20,5,7.0,0.26689655172413795,0.8693996206329505,0.6025030689088126,2.1508032290243895,0.4301606458048778,1.566512404731714,1.566512404731714,65.2317022587027,7.191302019467073,87.3813263173098,141.93268906903484,750.0000000000003,4301.606458048778,7527811.301585362,283.8653781380697,3.248581706201882,True
20,6,7.0,0.3182758620689655,0.8865221121947416,0.5682462501257761,2.1508032290243895,0.4301606458048778,2.227692891136824,2.227692891136824,58.01188791753751,3.5549713913982717,82.51487544679146,153.82885552650035,750.0000000000001,4301.606458048777,7527811.30158536,307.6577110530007,3.7285120941785745,True
20,7,7.0,0.36965517241379314,0.9062377599321019,0.5365825875183088,2.1508032290243895,0.4301606458048778,3.0049793203520254,3.0049793203520254,52.308281892616755,1.983056353981641,78.92095073609079,164.91390158246818,750.0,4301.606458048776,7527811.301585359,329.82780316493637,4.17921730654095,True
20,8,7.0,0.4210344827586207,0.9283813692154224,0.5073468864568016,2.1508032290243895,0.4301606458048778,3.8983716923773164,3.8983716923773164,47.6589234785156,1.2084650864348383,76.18673717450824,175.35053131717402,750.0000000000001,4301.606458048779,7527811.301585363,350.70106263434803,4.603177346091822,True
20,9,7.0,0.4724137931034483,0.952783670593105,0.4803698774896567,2.1508032290243895,0.4301606458048778,4.907870007212697,4.907870007212697,43.78014141638988,0.7876555892835292,74.0626471288402,185.24581852189917,750.0000000000001,4301.606458048778,7527811.301585362,370.49163704379833,5.002408790483643,True
20,10,7.0,0.5237931034482759,0.9792758274635697,0.45548272401529377,2.1508032290243895,0.4301606458048778,6.033474264858168,6.033474264858168,40.486163831902424,0.5411326958116865,72.38803395803919,194.67380755738463,750.0000000000001,4301.606458048778,7527811.301585362,389.34761511476927,5.378618451503469,True
20,11,7.0,0.5751724137931035,1.0076930269794804,0.4325206131863769,2.1508032290243895,0.4301606458048778,7.275184465313729,7.275184465313729,37.64912977605602,0.387782943087241,71.05444262505577,203.6879489271255,750.0000000000002,4301.606458048776,7527811.301585359,407.375897854251,5.733292427665866,True
20,12,7.0,0.626551724137931,1.0378771574973105,0.41132543335937943,2.1508032290243895,0.4301606458048778,8.63300060857938,8.63300060857938,35.17749247452543,0.28762264992716763,69.98585904909197,212.32837140651176,749.9999999999999,4301.606458048777,7527811.30158536,424.6567428130235,6.067750665390071,True
20,13,7.0,0.6779310344827586,1.0696786520022479,0.3917476175194893,2.1508032290243895,0.4301606458048778,10.106922694655122,10.106922694655122,33.003574984639116,0.21950685178323448,69.12738009509522,220.6263277451481,750.0000000000003,4301.606458048779,7527811.301585363,441.2526554902962,6.383182103578728,True
20,14,7.0,0.7293103448275863,1.1029576193612407,0.3736472745336544,2.1508032290243895,0.4301606458048778,11.696950723540954,11.696950723540954,31.07601225298456,0.17158467627514576,68.43836220330066,228.60700309797417,750.0000000000001,4301.606458048778,7527811.301585362,457.21400619594834,6.6806684361873545,True
20,15,7.0,0.7806896551724138,1.1375844007051545,0.3568947455327407,2.1508032290243895,0.4301606458048778,13.403084695236876,13.403084695236876,29.354955491552705,0.1368821838573438,67.88809417621167,236.2913335000355,750.0000000000001,4301.606458048776,7527811.301585359,472.582667000071,6.961200969545944,True
20,16,7.0,0.8320689655172414,1.1734396850334554,0.341370719516214,2.1508032290243895,0.4301606458048778,15.225324609742886,15.225324609742886,27.808914273008646,0.11112126273909693,67.45296293874372,243.6972061174735,750.0000000000001,4301.606458048773,7527811.301585352,487.394412234947,7.225693149722216,True
20,17,7.0,0.883448275862069,1.210414303929917,0.3269660280678479,2.1508032290243895,0.4301606458048778,17.163670467058992,17.163670467058992,26.412609684955278,0.0915818382989608,67.11453918051421,250.8402639291729,750.0000000000001,4301.606458048775,7527811.301585356,501.6805278583458,7.4749902775761266,True
20,18,7.0,0.9348275862068965,1.2484088060278553,0.31358121982095877,2.1508032290243895,0.4301606458048778,19.21812226718518,19.21812226718518,25.145473864749384,0.0764796748347723,66.85824995593514,257.7344526376051,750.0000000000001,4301.606458048783,7527811.30158537,515.4689052752102,7.709877324263571,True
20,19,7.0,0.9862068965517242,1.2873328916176523,0.3011259950659281,2.1508032290243895,0.4301606458048778,21.38868001012147,21.38868001012147,23.990575598555527,0.06461190626153002,66.67243729802324,264.3923972608475,750.0,4301.606458048774,7527811.301585354,528.784794521695,7.931085407273281,True
20,20,7.0,1.0375862068965518,1.3271047689524955,0.28951856205594373,2.1508032290243895,0.4301606458048778,23.675343695867838,23.675343695867838,22.93383444911525,0.05514771250324261,66.54767744809322,270.82566497650936,750.0000000000003,4301.606458048773,7527811.301585352,541.6513299530187,8.139297278639114,True
20,21,7.0,1.0889655172413792,1.3676504775618907,0.2786849603205115,2.1508032290243895,0.4301606458048778,26.078113324424294,26.078113324424294,21.963435024595412,0.04750072316306487,66.47628012082272,277.044951344171,749.9999999999998,4301.60645804877,7527811.301585347,554.089902688342,8.335152052450383,True
20,22,7.0,1.140344827586207,1.4089032105993295,0.2685583830131226,2.1508032290243895,0.4301606458048778,28.596988895790854,28.596988895790854,21.069383091500406,0.04124901055392908,66.45191466657062,283.0602145388634,750.0000000000001,4301.60645804877,7527811.301585347,566.1204290777268,8.51924932363943,True
20,23,7.0,1.1917241379310346,1.4508026578284003,0.25907851989736574,2.1508032290243895,0.4301606458048778,31.231970409967502,31.231970409967502,20.24316417095206,0.03608363652908267,66.46932727671258,288.88077407364614,749.9999999999999,4301.606458048775,7527811.301585356,577.7615481472923,8.692152784126494,True
20,24,7.0,1.243103448275862,1.4932943829499332,0.25019093467407116,2.1508032290243895,0.4301606458048778,33.98305786695422,33.98305786695422,19.477477473814055,0.03177479888686531,66.52412454167464,294.515385103485,749.9999999999999,4301.606458048775,7527811.301585356,589.03077020697,8.854393413895531,True
20,25,7.0,1.2944827586206897,1.5363292431639495,0.24184648454325974,2.1508032290243895,0.4301606458048778,36.85025126675106,36.85025126675106,18.76602609084473,0.028149092318586824,66.61260604741084,299.97229581308807,750.0000000000002,4301.606458048787,7527811.301585378,599.9445916261761,9.006472306445596,True
20,26,7.0,1.3458620689655172,1.5798628547170244,0.23400078575150718,2.1508032290243895,0.4301606458048778,39.833550609357964,39.833550609357964,18.103349783700036,0.025073944933566177,66.73163366975209,305.2592929825981,749.9999999999997,4301.606458048772,7527811.301585351,610.5185859651962,9.148863176145053,True
20,27,7.0,1.3972413793103449,1.623855105325459,0.2266137260151142,2.1508032290243895,0.4301606458048778,42.93295589477496,42.93295589477496,17.484690449899645,0.022446781415963842,66.87852864190744,310.3837392003297,749.9999999999999,4301.606458048772,7527811.301585351,620.7674784006595,9.282014586841164,True
20,28,7.0,1.4486206896551725,1.668269712466036,0.2196490228108634,2.1508032290243895,0.4301606458048778,46.148467123002064,46.148467123002064,16.905882938531835,0.020187357483531742,67.05098985554095,315.3526040916686,750.0000000000002,4301.606458048777,7527811.30158536,630.7052081833372,9.40635193517903,True
20,29,7.0,1.5,1.7130738253310869,0.21307382533108687,2.1508032290243895,0.4301606458048778,49.480084294039244,49.480084294039244,16.363265741683932,0.018232258385676343,67.24702854638697,320.17249118638165,750.0000000000001,4301.606458048782,7527811.301585368,640.3449823727633,9.522279217602211,True
21,0,7.0,0.01,0.8477339367904336,0.8377339367904336,2.257400284361001,0.4514800568722001,0.0021991148575128553,0.0021991148575128553,105.0642468500019,3449654929.6484547,100.77358319114711,100.78002141581977,52.4280777034314,4514.800568722,7900900.9952635,201.56004283163955,2.0001277760394895,True
21,1,7.0,0.06137931034482759,0.8498942565546691,0.7885149462098415,2.257400284361001,0.4514800568722001,0.08284988721217279,0.08284988721217279,101.43066589464759,22153.294715449545,103.4316211683128,103.43794456928866,318.6476854627621,4514.800568722001,7900900.995263502,206.87588913857732,2.0001222721041096,True
21,2,7.0,0.11275862068965517,0.8551417041204578,0.7423830834308026,2.257400284361001,0.4514800568722001,0.2796066023769228,0.2796066023769228,97.9233741859904,442.30136926326327,106.14809621597954,106.15393545221546,579.5015039450811,4514.800568722,7900900.9952635,212.30787090443093,2.0001100205551317,True
21,3,7.0,0.16413793103448276,0.8634199951301149,0.6992820640956321,2.257400284361001,0.4514800568722001,0.5924692603517631,0.5924692603517631,89.61326043162795,51.607558577530156,103.22857099449395,113.26247666963506,750.0000000000002,4514.800568722002,7900900.995263504,226.52495333927013,2.194401716084519,True
21,4,7.0,0.21551724137931036,0.8746430751557774,0.659125833776467,2.257400284361001,0.4514800568722001,1.0214378611366934,1.0214378611366934,75.92655910864508,16.298230546739635,92.89662594454155,127.5878196922278,750.0000000000001,4514.800568722001,7900900.995263502,255.1756393844556,2.746877368148905,True
21,5,7.0,0.26689655172413795,0.8886993850050997,0.6218028332809618,2.257400284361001,0.4514800568722001,1.566512404731714,1.566512404731714,66.26823878090478,6.751816990589457,86.05819070017697,140.38798445838665,750.0,4514.800568722003,7900900.995263505,280.7759689167733,3.262629235315726,True
21,6,7.0,0.3182758620689655,0.9054569851527736,0.5871811230838081,2.257400284361001,0.4514800568722001,2.227692891136824,2.227692891136824,58.97049219448171,3.329393263875472,81.215549320851,152.12396965501208,750.0000000000003,4514.800568722,7900900.9952635,304.24793931002415,3.7461784332463117,True
21,7,7.0,0.36965517241379314,0.9247690382352114,0.5551138658214183,2.257400284361001,0.4514800568722001,3.0049793203520254,3.0049793203520254,53.203867782653184,1.8528661873240087,77.63333489943133,163.05792631950462,750.0000000000001,4514.800568722002,7900900.995263504,326.11585263900923,4.200719356723114,True
21,8,7.0,0.4210344827586207,0.9464791932515084,0.5254447104928877,2.257400284361001,0.4514800568722001,3.8983716923773164,3.8983716923773164,48.50150788112169,1.1266526896706732,74.90324319210205,173.35224948530234,749.9999999999999,4514.800568722002,7900900.995263504,346.7044989706047,4.628698093638246,True
21,9,7.0,0.4724137931034483,0.9704265142196984,0.4980127211162501,2.257400284361001,0.4514800568722001,4.907870007212697,4.907870007212697,44.57686222295206,0.7328363769674116,72.77836761617077,183.11392193321706,750.0000000000001,4514.800568721998,7900900.995263497,366.2278438664341,5.032097529280957,True
21,10,7.0,0.5237931034482759,0.9964497191560562,0.4726566157077803,2.257400284361001,0.4514800568722001,6.033474264858168,6.033474264858168,41.242363346382255,0.5025231943627716,71.09974082959542,192.4169424179771,750.0,4514.800568722002,7900900.995263504,384.8338848359542,5.412591949642752,True
21,11,7.0,0.5751724137931035,1.0243906155245626,0.4492182017314591,2.257400284361001,0.4514800568722001,7.275184465313729,7.275184465313729,38.368976090896226,0.35949067746439994,69.75999675568332,201.31468276185933,749.9999999999997,4514.800568722,7900900.9952635,402.62936552371866,5.771636815492205,True
21,12,7.0,0.626551724137931,1.0540967178615164,0.42754499372358534,2.257400284361001,0.4514800568722001,8.63300060857938,8.63300060857938,35.86435375115623,0.26621379718422256,68.68384312558133,209.84712935780996,749.9999999999997,4514.800568722002,7900900.995263504,419.6942587156199,6.110523809045632,True
21,13,7.0,0.6779310344827586,1.0854231041861373,0.4074920697033787,2.257400284361001,0.4514800568722001,10.106922694655122,10.106922694655122,33.660253653736774,0.2028721754904521,67.81686118629145,218.04532312139665,749.9999999999998,4514.800568722,7900900.9952635,436.0906462427933,6.430416250685235,True
21,14,7.0,0.7293103448275863,1.1182336100559398,0.3889232652283535,2.257400284361001,0.4514800568722001,11.696950723540954,11.696950723540954,31.704896242539746,0.15837050104478564,67.118733908523,225.9341746269773,749.9999999999998,4514.800568722003,7900900.995263505,451.8683492539546,6.732372959683833,True
21,15,7.0,0.7806896551724138,1.152401477471905,0.37171182229949107,2.257400284361001,0.4514800568722001,13.403084695236876,13.403084695236876,29.95811863487727,0.12618696219182998,66.55896967347503,233.53429475042464,749.9999999999997,4514.800568722002,7900900.995263504,467.06858950084927,7.017365079300268,True
21,16,7.0,0.8320689655172414,1.187809576894857,0.3557406113776157,2.257400284361001,0.4514800568722001,15.225324609742886,15.225324609742886,28.38818475909231,0.10232524866746592,66.11410163350382,240.86320861685962,750.0,4514.800568722,7900900.9952635,481.72641723371925,7.286288482056614,True
21,17,7.0,0.883448275862069,1.224350310862814,0.340902035000745,2.257400284361001,0.4514800568722001,17.163670467058992,17.163670467058992,26.969617971560254,0.08424719159845216,65.76579605793285,247.93617338753307,750.0,4514.800568722004,7900900.995263507,495.87234677506615,7.539973306766545,True
21,18,7.0,0.9348275862068965,1.261925292368617,0.3270977061617205,2.257400284361001,0.4514800568722001,19.21812226718518,19.21812226718518,25.681687138766932,0.07028960876612586,65.49954053247694,254.76673665552053,750.0,4514.800568722006,7900900.995263509,509.53347331104106,7.779191566365213,True
21,19,7.0,0.9862068965517242,1.300444874030572,0.31423797747884785,2.257400284361001,0.4514800568722001,21.38868001012147,21.38868001012147,24.507323262977945,0.05933237170532873,65.30371341612452,261.3671225197844,749.9999999999999,4514.800568722001,7900900.995263502,522.7342450395688,8.004663405718325,True
21,20,7.0,1.0375862068965518,1.3398275875381058,0.30224138064155404,2.257400284361001,0.4514800568722001,23.675343695867838,23.675343695867838,23.432327513114718,0.050602559031163626,65.16891066508003,267.74850189200856,750.0,4514.800568721997,7900900.995263494,535.4970037840171,8.217062374052489,True
21,21,7.0,1.0889655172413792,1.3799995381618761,0.2910340209204969,2.257400284361001,0.4514800568722001,26.078113324424294,26.078113324424294,22.444781268843332,0.04355517532639577,65.08745043981098,273.9211843369166,749.9999999999999,4514.80056872199,7900900.995263482,547.8423686738332,8.417019947346768,True
21,22,7.0,1.140344827586207,1.4208937868077343,0.28054895922152734,2.257400284361001,0.4514800568722001,28.596988895790854,28.596988895790854,21.534599242496007,0.03779841930799829,65.05300303113445,279.89475633582003,749.9999999999999,4514.800568722009,7900900.995263516,559.7895126716401,8.605129457339949,True
21,23,7.0,1.1917241379310346,1.4624497422180616,0.27072560428702697,2.257400284361001,0.4514800568722001,31.231970409967502,31.231970409967502,20.69318590771013,0.03304566154886818,65.06031071507475,285.6781827290928,750.0000000000001,4514.800568721998,7900900.995263497,571.3563654581856,8.781949535414682,True
21,24,7.0,1.243103448275862,1.5046125782744026,0.2615091299985406,2.257400284361001,0.4514800568722001,33.98305786695422,33.98305786695422,19.913167823824157,0.029083872885770343,65.10497316974042,291.27988269373935,750.0,4514.800568722,7900900.9952635,582.5597653874787,8.948007149448326,True
21,25,7.0,1.2944827586206897,1.547332685608508,0.25284992698781816,2.257400284361001,0.4514800568722001,36.85025126675106,36.85025126675106,19.188182597723408,0.025752434311703903,65.18328136783161,296.7077879926572,749.9999999999999,4514.8005687219975,7900900.9952634955,593.4155759853144,9.103800292542022,True
21,26,7.0,1.3458620689655172,1.5905651625338553,0.24470309356833808,2.257400284361001,0.4514800568722001,39.833550609357964,39.833550609357964,18.512710713696627,0.02292864443857137,65.29208776583415,301.9693887876422,750.0,4514.800568722011,7900900.99526352,603.9387775752843,9.24980037001224,True
21,27,7.0,1.3972413793103449,1.6342693473363814,0.23702796802603654,2.257400284361001,0.4514800568722001,42.93295589477496,42.93295589477496,17.88194022758808,0.020517635666715456,65.42870398041424,307.0717706478049,750.0000000000003,4514.800568721998,7900900.995263497,614.1435412956098,9.386454322547037,True
21,28,7.0,1.4486206896551725,1.6784083919246933,0.22978770226952072,2.257400284361001,0.4514800568722001,46.148467123002064,46.148467123002064,17.291656950288747,0.018445246339999215,65.590819494891,312.02164525248435,750.0000000000002,4514.800568721991,7900900.995263484,624.0432905049687,9.514186517422255,True
21,29,7.0,1.5,1.7229488754998528,0.22294887549985276,2.257400284361001,0.4514800568722001,49.480084294039244,49.480084294039244,16.738154610308065,0.016652908672217706,65.77643660590479,316.82537651274134,750.0,4514.800568722011,7900900.99526352,633.6507530254827,9.633400435203866,True
22,0,7.0,0.01,0.8675158350934761,0.8575158350934761,2.363997339697613,0.4727994679395225,0.0021991148575128553,0.0021991148575128553,106.45420489741103,3272986235.409851,99.79567495924438,99.8023958784949,52.58279086928557,4727.994679395225,8273990.688941644,199.6047917569898,2.000134693597759,True
22,1,7.0,0.06137931034482759,0.8696270142287083,0.8082477038838807,2.363997339697613,0.4727994679395225,0.08284988721217279,0.08284988721217279,102.85563851982045,20950.915891696684,102.37088147422992,102.37744767072257,319.66410662280623,4727.994679395226,8273990.688941645,204.75489534144515,2.0001282825037374,True
22,2,7.0,0.11275862068965517,0.8747560978225671,0.761997477132912,2.363997339697613,0.4727994679395225,0.2796066023769228,0.2796066023769228,99.37873776524192,416.955644371967,105.00214492789046,105.00813064418128,581.491424436902,4727.994679395225,8273990.688941644,210.01626128836256,2.0001140113146247,True
22,3,7.0,0.16413793103448276,0.8828504882154236,0.7187125571809407,2.363997339697613,0.4727994679395225,0.5924692603517631,0.5924692603517631,90.84974246513745,48.85484354957971,101.87276254314325,112.13905867925,749.9999999999999,4727.994679395226,8273990.688941645,224.2781173585,2.201551344634616,True
22,4,7.0,0.21551724137931036,0.893829628883312,0.6783123875040016,2.363997339697613,0.4727994679395225,1.0214378611366934,1.0214378611366934,77.02370867574167,15.389256120551835,91.61863475593304,126.29319912349797,749.9999999999999,4727.994679395225,8273990.688941644,252.58639824699594,2.7569325707578165,True
22,5,7.0,0.26689655172413795,0.9075888350239698,0.6406922832998319,2.363997339697613,0.4727994679395225,1.566512404731714,1.566512404731714,67.26727376342285,6.359559996608052,84.82289007006935,138.9337219152586,750.0000000000002,4727.994679395225,8273990.688941644,277.8674438305172,3.2758544727841765,True
22,6,7.0,0.3182758620689655,0.9240039223475592,0.6057280602785937,2.363997339697613,0.4727994679395225,2.227692891136824,2.227692891136824,59.894584483671096,3.128627667028864,80.00367660290263,150.51931642153852,750.0,4727.994679395227,8273990.688941646,301.03863284307704,3.7628099810622326,True
22,7,7.0,0.36965517241379314,0.9429361964789571,0.573281024065164,2.363997339697613,0.4727994679395225,3.0049793203520254,3.0049793203520254,54.06745794575263,1.737293015431761,76.43336604168478,161.311225639088,750.0,4727.994679395223,8273990.688941641,322.622451278176,4.220963539695819,True
22,8,7.0,0.4210344827586207,0.9642373980559718,0.543202915297351,2.363997339697613,0.4727994679395225,3.8983716923773164,3.8983716923773164,49.31428883993402,1.0541925012055107,73.70791104921865,171.47151845237718,750.0,4727.994679395227,8273990.688941646,342.94303690475436,4.652730378910796,True
22,9,7.0,0.4724137931034483,0.9877542791870448,0.5153404860835966,2.363997339697613,0.4727994679395225,4.907870007212697,4.907870007212697,45.34573109587882,0.6843832412446855,71.58294003358769,181.10707766794647,750.0,4727.994679395226,8273990.688941645,362.21415533589294,5.0600625675047315,True
22,10,7.0,0.5237931034482759,1.013332590691678,0.489539487243402,2.363997339697613,0.4727994679395225,6.033474264858168,6.033474264858168,41.97247101481412,0.4684595928189943,69.90107824985232,190.29186134518275,750.0000000000001,4727.994679395223,8273990.688941641,380.5837226903655,5.444604464183206,True
22,11,7.0,0.5751724137931035,1.040820363812371,0.4656479500192675,2.363997339697613,0.4727994679395225,7.275184465313729,7.275184465313729,39.064330447127816,0.33456995024227604,68.55599675970332,199.0791817328401,749.9999999999997,4727.994679395222,8273990.688941639,398.1583634656802,5.807783159528279,True
22,12,7.0,0.626551724137931,1.0700704589690089,0.44351873483107784,2.363997339697613,0.4727994679395225,8.63300060857938,8.63300060857938,36.52818399347755,0.24738323908039792,67.47309462058183,207.5089140049349,750.0,4727.994679395229,8273990.68894165,415.0178280098698,6.150863990211496,True
22,13,7.0,0.6779310344827586,1.1009424197717128,0.4230113852889542,2.363997339697613,0.4727994679395225,10.106922694655122,10.106922694655122,34.29523886051823,0.18825941111724742,66.59842030542718,215.61192741845477,750.0000000000002,4727.994679395224,8273990.688941642,431.22385483690954,6.47498623629919,True
22,14,7.0,0.7293103448275863,1.1333037118135914,0.4039933669860051,2.363997339697613,0.4727994679395225,11.696950723540954,11.696950723540954,32.31331334034104,0.1467755335914133,65.89197453556199,223.41290404706902,750.0000000000005,4727.994679395223,8273990.688941641,446.82580809413804,6.7811871057678745,True
22,15,7.0,0.7806896551724138,1.1670304459743772,0.3863407908019634,2.363997339697613,0.4727994679395225,13.403084695236876,13.403084695236876,30.541940830364958,0.11681163549149699,65.32348171518413,230.93217883984653,750.0000000000002,4727.994679395224,8273990.688941642,461.86435767969306,7.070418562400891,True
22,16,7.0,0.8320689655172414,1.2020076902894021,0.3699387247721607,2.363997339697613,0.4727994679395225,15.225324609742886,15.225324609742886,28.949148702949696,0.09462156191033184,64.8696208568386,238.18696503775524,749.9999999999998,4727.994679395226,8273990.688941645,476.3739300755105,7.343559647540176,True
22,17,7.0,0.883448275862069,1.238129468295458,0.354681192433389,2.363997339697613,0.4727994679395225,17.163670467058992,17.163670467058992,27.509270750271266,0.07782843546119636,64.51215531045995,245.19218338604497,750.0,4727.994679395228,8273990.688941648,490.38436677208995,7.601425877218823,True
22,18,7.0,0.9348275862068965,1.2752985297848278,0.3404709435779313,2.363997339697613,0.4727994679395225,19.21812226718518,19.21812226718518,26.201420005128753,0.06487629119893903,64.23663570962104,251.9610308324182,750.0,4727.994679395215,8273990.688941626,503.9220616648364,7.844776677639135,True
22,19,7.0,0.9862068965517242,1.3134259655359775,0.32721906898425324,2.363997339697613,0.4727994679395225,21.38868001012147,21.38868001012147,25.008396495079744,0.05471820489331972,64.03147972791511,258.50537531532547,750.0000000000001,4727.994679395224,8273990.688941642,517.0107506306509,8.074321456064295,True
22,20,7.0,1.0375862068965518,1.3524307231351649,0.3148445162386131,2.363997339697613,0.4727994679395225,23.675343695867838,23.675343695867838,23.915889234660224,0.04663243163294508,63.88730615805591,264.83603309119263,750.0,4727.994679395218,8273990.688941631,529.6720661823853,8.290724684368241,True
22,21,7.0,1.0889655172413792,1.3922390677892629,0.30327355054788363,2.363997339697613,0.4727994679395225,26.078113324424294,26.078113324424294,22.911882083681753,0.04011051275719262,63.7964446566775,270.9629659929678,749.9999999999999,4727.99467939522,8273990.688941635,541.9259319859356,8.494610238898522,True
22,22,7.0,1.140344827586207,1.432784020688585,0.292439193102378,2.363997339697613,0.4727994679395225,28.596988895790854,28.596988895790854,21.986203910034533,0.034787226780426575,63.75256931814914,276.89542369718515,750.0,4727.994679395227,8273990.688941646,553.7908473943703,8.686565158350671,True
22,23,7.0,1.1917241379310346,1.4740047981826243,0.2822806602515897,2.363997339697613,0.4727994679395225,31.231970409967502,31.231970409967502,21.13018288097606,0.030395610098931918,63.75042111977016,282.64204797716144,750.0,4727.994679395234,8273990.688941659,565.2840959543229,8.867142930590274,True
22,24,7.0,1.243103448275862,1.5158462676845794,0.27274281940871736,2.363997339697613,0.4727994679395225,33.98305786695422,33.98305786695422,20.336377207528386,0.026737407702955244,63.785595174222266,288.2109505198552,750.0000000000003,4727.9946793952195,8273990.688941634,576.4219010397104,9.036866387548585,True
22,25,7.0,1.2944827586206897,1.5582584305897922,0.26377567196910245,2.363997339697613,0.4727994679395225,36.85025126675106,36.85025126675106,19.59836290950009,0.023663254631726974,63.85437591685498,293.60977224553636,750.0000000000003,4727.994679395221,8273990.688941637,587.2195444910727,9.196230267064132,True
22,26,7.0,1.3458620689655172,1.60119593829677,0.2553338693312528,2.363997339697613,0.4727994679395225,39.833550609357964,39.833550609357964,18.910564716017237,0.021059130993880862,63.953608201343414,298.84572959809157,750.0000000000001,4727.994679395226,8273990.688941645,597.6914591961831,9.34570348735426,True
22,27,7.0,1.3972413793103449,1.6446176443766516,0.24737626506630672,2.363997339697613,0.4727994679395225,42.93295589477496,42.93295589477496,18.268120020381303,0.018836943896781852,64.08059560353348,303.9256515847234,750.0000000000001,4727.994679395227,8273990.688941646,607.8513031694469,9.485731170949498,True
22,28,7.0,1.4486206896551725,1.688486193794595,0.23986550413942243,2.363997339697613,0.4727994679395225,46.148467123002064,46.148467123002064,17.666768461949157,0.01692787465019132,64.23301955504138,308.85601018393345,750.0000000000003,4727.9946793952095,8273990.688941617,617.7120203678669,9.616736448744224,True
22,29,7.0,1.5,1.732767648629767,0.23276764862976695,2.363997339697613,0.4727994679395225,49.480084294039244,49.480084294039244,17.102761589037556,0.015277610508663603,64.40887457353311,313.6429459413403,749.9999999999999,4727.994679395222,8273990.688941639,627.2858918826806,9.739122070306207,True
23,0,7.0,0.01,0.8868565953352635,0.8768565953352635,2.470594395034225,0.4941188790068449,0.0021991148575128553,0.0021991148575128553,107.79766623341507,3112848800.8782887,98.87002108003362,98.87701988381247,52.7290910273222,4941.188790068448,8647080.382619783,197.75403976762493,2.00014157585287,True
23,1,7.0,0.06137931034482759,0.8889218415744221,0.8275425312295945,2.470594395034225,0.4941188790068449,0.08284988721217279,0.08284988721217279,104.23228033838757,19865.819044408403,101.36850270261725,101.37530559357509,320.62420054499745,4941.188790068449,8647080.382619785,202.75061118715018,2.000134221001129,True
23,2,7.0,0.11275862068965517,0.8939402257586851,0.78118160506903,2.470594395034225,0.4941188790068449,0.2796066023769228,0.2796066023769228,100.78429252056993,394.17797733263666,103.92085813246099,103.92698336930283,583.3693261484271,4941.18879006845,8647080.382619787,207.85396673860566,2.000117882722524,True
23,3,7.0,0.16413793103448276,0.9018624513161284,0.7377245202816456,2.470594395034225,0.4941188790068449,0.5924692603517631,0.5924692603517631,92.04351459865633,46.369205554888815,100.59986279221357,111.07739562395844,750.0,4941.188790068449,8647080.382619785,222.15479124791688,2.2083011356265154,True
23,4,7.0,0.21551724137931036,0.9126128982330917,0.6970956568537813,2.470594395034225,0.4941188790068449,1.0214378611366934,1.0214378611366934,78.08286505289489,14.571101061726909,90.42034938534229,125.07048146419098,750.0,4941.188790068449,8647080.382619785,250.14096292838195,2.7664233176357467,True
23,5,7.0,0.26689655172413795,0.9260930784817965,0.6591965267576585,2.470594395034225,0.4941188790068449,1.566512404731714,1.566512404731714,68.23175396066539,6.007533959277446,83.6659234635189,137.5608165958345,749.9999999999997,4941.18879006845,8647080.382619787,275.121633191669,3.28833558278516,True
23,6,7.0,0.3182758620689655,0.9421858336153217,0.6239099715463562,2.470594395034225,0.4941188790068449,2.227692891136824,2.227692891136824,60.786854856199724,2.948936450401628,78.86972193043624,149.00482893038313,750.0000000000001,4941.188790068447,8647080.382619781,298.00965786076625,3.778505243414111,True
23,7,7.0,0.36965517241379314,0.9607598904939394,0.5911047180801463,2.470594395034225,0.4941188790068449,3.0049793203520254,3.0049793203520254,54.901521548762055,1.6341027288064096,75.31143059324488,159.66284953739503,750.0000000000002,4941.188790068449,8647080.382619785,319.32569907479007,4.2400694895766895,True
23,8,7.0,0.4210344827586207,0.9816744146413692,0.5606399318827484,2.470594395034225,0.4941188790068449,3.8983716923773164,3.8983716923773164,50.09954044919898,0.9896372914964947,72.59102895222027,169.69660639548178,750.0000000000001,4941.188790068449,8647080.382619785,339.39321279096356,4.675415374182857,True
23,9,7.0,0.4724137931034483,1.0047832664828984,0.5323694733794502,2.470594395034225,0.4941188790068449,4.907870007212697,4.907870007212697,46.08884760063674,0.6413005354878341,70.46654730780507,179.21287291824436,750.0000000000001,4941.1887900684505,8647080.382619789,358.4257458364887,5.086466692781873,True
23,10,7.0,0.5237931034482759,1.0299387534749975,0.5061456500267216,2.470594395034225,0.4941188790068449,6.033474264858168,6.033474264858168,42.678429327341554,0.4382244214602062,68.78212383051441,188.28556817382278,750.0000000000003,4941.1887900684505,8647080.382619789,376.57113634764556,5.474840196495707,True
23,11,7.0,0.5751724137931035,1.056994761708042,0.4818223479149385,2.470594395034225,0.4941188790068449,7.275184465313729,7.275184465313729,39.73699366771894,0.3124844734488904,67.43241849977171,196.96795853325148,749.9999999999999,4941.1887900684505,8647080.382619789,393.93591706650295,5.841936650512343,True
23,12,7.0,0.626551724137931,1.085809229887953,0.4592575057500219,2.470594395034225,0.4941188790068449,8.63300060857938,8.63300060857938,37.17065621426571,0.23071811003749107,66.34349281408454,205.29983219318092,750.0,4941.18879006845,8647080.382619787,410.59966438636184,6.18899679486264,True
23,13,7.0,0.6779310344827586,1.1162459891101597,0.4383149546274011,2.470594395034225,0.4941188790068449,10.106922694655122,10.106922694655122,34.91008834990362,0.1753429190022365,65.46184575652917,213.31191915895266,750.0000000000002,4941.1887900684505,8647080.382619789,426.6238383179053,6.51713732461254,True
23,14,7.0,0.7293103448275863,1.1481760316964416,0.4188656868688553,2.470594395034225,0.4941188790068449,11.696950723540954,11.696950723540954,32.90271737534441,0.13653769523425022,64.74778681120267,221.02871101739308,750.0000000000002,4941.188790068447,8647080.382619781,442.05742203478616,6.827375016288608,True
23,15,7.0,0.7806896551724138,1.1814782936570938,0.40078863848467994,2.470594395034225,0.4941188790068449,13.403084695236876,13.403084695236876,31.107782234562904,0.10854165270203958,64.17125230649793,228.47030806961706,750.0000000000002,4941.188790068447,8647080.382619781,456.9406161392341,7.120643585959201,True
23,16,7.0,0.8320689655172414,1.2160400421312563,0.38397107661401486,2.470594395034225,0.4941188790068449,15.225324609742886,15.225324609742886,29.49308179541586,0.08783198136709582,63.70906605899702,235.65365426665298,750.0,4941.188790068449,8647080.382619785,471.30730853330596,7.397805958995812,True
23,17,7.0,0.883448275862069,1.2517569559676183,0.3683086801055493,2.470594395034225,0.4941188790068449,17.163670467058992,17.163670467058992,28.032767488779758,0.07217565129709122,63.34308927665353,242.59337633610102,750.0000000000001,4941.188790068448,8647080.382619783,485.18675267220203,7.65966355939997,True
23,18,7.0,0.9348275862068965,1.2885329784771005,0.3537053922702039,2.470594395034225,0.4941188790068449,19.21812226718518,19.21812226718518,26.70580306337084,0.060112219243757176,63.05893746142106,249.30236168497066,749.9999999999998,4941.188790068443,8647080.382619776,498.6047233699413,7.906963603295466,True
23,19,7.0,0.9862068965517242,1.3262800094609881,0.3400731129092639,2.470594395034225,0.4941188790068449,21.38868001012147,21.38868001012147,25.49486357268256,0.05065991502360809,62.84506995312997,255.79216115931848,750.0000000000001,4941.188790068453,8647080.382619793,511.58432231863696,8.140405010292422,True
23,20,7.0,1.0375862068965518,1.3649174910710278,0.327331284174476,2.470594395034225,0.4941188790068449,23.675343695867838,23.675343695867838,24.385531386777046,0.04314249927285148,62.692130937789024,262.0732729347479,749.9999999999999,4941.188790068445,8647080.38261978,524.1465458694958,8.360643322040202,True
23,21,7.0,1.0889655172413792,1.4043719302344517,0.3154064129930725,2.470594395034225,0.4941188790068449,26.078113324424294,26.078113324424294,23.365697901342184,0.03708397218456366,62.592464128322916,268.1553449548795,749.9999999999999,4941.188790068453,8647080.382619793,536.310689909759,8.568294879879636,True
23,22,7.0,1.140344827586207,1.4445763899816,0.30423156239539306,2.470594395034225,0.4941188790068449,28.596988895790854,28.596988895790854,22.42511076899111,0.03214270531552836,62.53974986659391,274.04732112382106,750.0,4941.188790068442,8647080.382619774,548.0946422476421,8.763940428556321,True
23,23,7.0,1.1917241379310346,1.4854699733138745,0.29374583538283994,2.470594395034225,0.4941188790068449,31.231970409967502,31.231970409967502,21.555026078047803,0.028069176925155565,62.52873009338345,279.7575484040639,750.0000000000001,4941.188790068441,8647080.382619772,559.5150968081279,8.948128259961793,True
23,24,7.0,1.243103448275862,1.5269973162402721,0.2838938679644101,2.470594395034225,0.4941188790068449,33.98305786695422,33.98305786695422,20.747937541624868,0.02467822534760929,62.554997405677256,285.29385658101825,749.9999999999999,4941.188790068445,8647080.38261978,570.5877131620365,9.12137697747314,True
23,25,7.0,1.2944827586206897,1.5691081011376768,0.2746253425169871,2.470594395034225,0.4941188790068449,36.85025126675106,36.85025126675106,19.997363091093522,0.021830452107309287,62.61483152990585,290.6636188074537,750.0,4941.188790068457,8647080.3826198,581.3272376149074,9.284177940129986,True
23,26,7.0,1.3458620689655172,1.611756597433309,0.2658945284677918,2.470594395034225,0.4941188790068449,39.833550609357964,39.833550609357964,19.297674873049292,0.019419520311293025,62.70507132856163,295.8737985506929,749.9999999999998,4941.188790068441,8647080.382619772,591.7475971013858,9.436997432005947,True
23,27,7.0,1.3972413793103449,1.6549012335323008,0.2576598542219559,2.470594395034225,0.4941188790068449,42.93295589477496,42.93295589477496,18.64396249068549,0.01736332871337893,62.823013743642804,300.9309868537493,750.0000000000002,4941.188790068453,8647080.382619793,601.8619737074986,9.580278592865218,True
23,28,7.0,1.4486206896551725,1.6985042016982717,0.2498835120430991,2.470594395034225,0.4941188790068449,46.148467123002064,46.148467123002064,18.03192200941647,0.015597781140544381,62.966333373479046,305.84143263908874,750.0000000000002,4941.188790068446,8647080.382619781,611.6828652781775,9.714443139797208,True
23,29,7.0,1.5,1.7425310960466833,0.24253109604668333,2.470594395034225,0.4941188790068449,49.480084294039244,49.480084294039244,17.457765144569233,0.014072323615599597,63.13301800433302,310.6110679635094,750.0000000000001,4941.1887900684405,8647080.38261977,621.2221359270188,9.839892904919934,True
24,0,7.0,0.01,0.9057844761538915,0.8957844761538915,2.5771914503708366,0.5154382900741672,0.0021991148575128553,0.0021991148575128553,109.09803769151576,2967069399.3827147,97.99178041625908,97.99905244015446,52.86770849861487,5154.382900741672,9020170.076297926,195.99810488030892,2.000148421099494,True
24,1,7.0,0.06137931034482759,0.9078066627756078,0.8464273524307803,2.5771914503708366,0.5154382900741672,0.08284988721217279,0.08284988721217279,105.56416524755433,18882.059435463558,100.4189601698887,100.4259939505625,321.5329545310681,5154.3829007416725,9020170.076297928,200.851987901125,2.00014008869763,True
24,2,7.0,0.11275862068965517,0.9127212190922336,0.7999625984025784,2.5771914503708366,0.5154382900741672,0.2796066023769228,0.2796066023769228,102.14373848876684,373.60851545699467,102.89800459428612,102.90426293817325,585.1452863409734,5154.38290074167,9020170.076297922,205.8085258763465,2.0001216416958094,True
24,3,7.0,0.16413793103448276,0.9204818182048249,0.7563438871703421,2.5771914503708366,0.5154382900741672,0.5924692603517631,0.5924692603517631,93.1978159025661,44.114309925170666,99.40148681951872,110.07159307046791,749.9999999999999,5154.382900741672,9020170.076297926,220.14318614093582,2.214687055341993,True
24,4,7.0,0.21551724137931036,0.931017292306178,0.7155000509268676,2.5771914503708366,0.5154382900741672,1.0214378611366934,1.0214378611366934,79.10690371212715,13.831133914682383,89.2936023149085,123.91276658305787,750.0,5154.382900741672,9020170.076297926,247.82553316611575,2.7754007761062036,True
24,5,7.0,0.26689655172413795,0.9442347624206678,0.6773382106965299,2.5771914503708366,0.5154382900741672,1.566512404731714,1.566512404731714,69.164281263551,5.690034544260501,82.57917985182473,136.26144062673598,750.0000000000001,5154.382900741672,9020170.076297926,272.52288125347195,3.3001403228086197,True
24,6,7.0,0.3182758620689655,0.96002345888896,0.6417475968199945,2.5771914503708366,0.5154382900741672,2.227692891136824,2.227692891136824,61.64968125026897,2.7872810683916645,77.80555188221707,147.5718304204173,750.0000000000001,5154.382900741672,9020170.076297926,295.1436608408346,3.7933496222432357,True
24,7,7.0,0.36965517241379314,0.9782588940222576,0.6086037216084645,2.5771914503708366,0.5154382900741672,3.0049793203520254,3.0049793203520254,55.7082440718139,1.5414839222663859,74.25933320431832,158.10335452281137,749.9999999999998,5154.3829007416725,9020170.076297928,316.20670904562274,4.258140968968931,True
24,8,7.0,0.4210344827586207,0.9988070649095344,0.5777725821509136,2.5771914503708366,0.5154382900741672,3.8983716923773164,3.8983716923773164,50.85927826919796,0.9318161840936645,71.54432086105967,168.01738746678336,749.9999999999999,5154.3829007416725,9020170.076297928,336.0347749335667,4.696875599478429,True
24,9,7.0,0.4724137931034483,1.0215284181831494,0.5491146250797012,2.5771914503708366,0.5154382900741672,4.907870007212697,4.907870007212697,46.808075146372936,0.6027842137876869,69.4208253913582,177.4205838921405,750.0,5154.382900741672,9020170.076297926,354.841167784281,5.111451294101916,True
24,10,7.0,0.5237931034482759,1.0462813830233986,0.5224882795751227,2.5771914503708366,0.5154382900741672,6.033474264858168,6.033474264858168,43.36196454196636,0.41123918347584026,67.7344245121434,186.38682337134435,750.0000000000001,5154.382900741671,9020170.076297924,372.7736467426887,5.503459273886028,True
24,11,7.0,0.5751724137931035,1.072925357529574,0.4977529437364706,2.5771914503708366,0.5154382900741672,7.275184465313729,7.275184465313729,40.38856805855491,0.2928024107804393,66.38072224024145,194.96933601869503,750.0,5154.382900741674,9020170.07629793,389.93867203739006,5.874275827041253,True
24,12,7.0,0.626551724137931,1.1013231043892586,0.4747713802513276,2.5771914503708366,0.5154382900741672,8.63300060857938,8.63300060857938,37.79326063116157,0.21588633245083977,65.28641521162011,203.2078418877127,749.9999999999998,5154.382900741673,9020170.076297928,406.4156837754254,6.2251186936526555,True
24,13,7.0,0.6779310344827586,1.1313425673757012,0.45341153289294256,2.5771914503708366,0.5154382900741672,10.106922694655122,10.106922694655122,35.50619100496873,0.16386103125032656,64.3984367484096,211.13295793132085,750.0000000000003,5154.3829007416725,9020170.076297928,422.2659158626417,6.557083326608391,True
24,14,7.0,0.7293103448275863,1.1628581582952895,0.4335478134677032,2.5771914503708366,0.5154382900741672,11.696950723540954,11.696950723540954,33.47440565516964,0.12744656559155582,63.67739605998865,218.7690167102978,750.0000000000001,5154.382900741672,9020170.076297926,437.5380334205956,6.871167172231784,True
24,15,7.0,0.7806896551724138,1.1957515857963985,0.41506193062398467,2.5771914503708366,0.5154382900741672,13.403084695236876,13.403084695236876,31.6568574157144,0.10120487429864275,63.093436930059134,226.1359186090153,750.0000000000001,5154.382900741671,9020170.076297924,452.2718372180306,7.168286579781456,True
24,16,7.0,0.8320689655172414,1.2299123060683277,0.3978433405510863,2.5771914503708366,0.5154382900741672,15.225324609742886,15.225324609742886,30.021123836449917,0.08181360266025418,62.623526400933194,233.25037458747144,750.0000000000001,5154.38290074167,9020170.076297922,466.5007491749429,7.449289044955336,True
24,17,7.0,0.883448275862069,1.2652376746544667,0.3817893987923977,2.5771914503708366,0.5154382900741672,17.163670467058992,17.163670467058992,28.54118038201906,0.06716869177380082,62.2496237429312,240.12675386819828,749.9999999999999,5154.382900741675,9020170.076297931,480.25350773639656,7.714962418402282,True
24,18,7.0,0.9348275862068965,1.301632871886229,0.36680528567933235,2.5771914503708366,0.5154382900741672,19.21812226718518,19.21812226718518,27.19584731879882,0.05589525639852762,61.95741058128842,246.77767003245185,750.0000000000001,5154.382900741676,9020170.076297933,493.5553400649037,7.966042083333304,True
24,19,7.0,0.9862068965517242,1.3390106646504212,0.35280376809869696,2.5771914503708366,0.5154382900741672,21.38868001012147,21.38868001012147,25.9676800415058,0.047069829015728835,61.73538974687157,253.2143910429253,749.9999999999998,5154.382900741677,9020170.076297935,506.4287820858506,8.203216731315992,True
24,20,7.0,1.0375862068965518,1.3772910563796432,0.33970484948309143,2.5771914503708366,0.5154382900741672,23.675343695867838,23.675343695867838,24.842159163581563,0.04005685382593443,61.57423290238935,259.44712923946065,749.9999999999998,5154.382900741659,9020170.076297903,518.8942584789213,8.427133137029887,True
24,21,7.0,1.0889655172413792,1.416400866627158,0.3274353493857787,2.5771914503708366,0.5154382900741672,26.078113324424294,26.078113324424294,23.807088112418526,0.034409325433872755,61.466299961908746,265.4852486955134,750.0,5154.38290074167,9020170.076297922,530.9704973910268,8.638400191976324,True
24,22,7.0,1.140344827586207,1.45627327210383,0.31592844451762314,2.5771914503708366,0.5154382900741672,28.596988895790854,28.596988895790854,22.852137454016635,0.029806673048173044,61.40527960052398,271.3374152212054,750.0000000000002,5154.382900741672,9020170.076297926,542.6748304424108,8.83759236946427,True
24,23,7.0,1.1917241379310346,1.496847332953113,0.3051231950220783,2.5771914503708366,0.5154382900741672,31.231970409967502,31.231970409967502,21.968494980231146,0.0260149303457961,61.38591667951002,277.0117062968482,750.0000000000002,5154.38290074167,9020170.076297922,554.0234125936964,9.025252738119063,True
24,24,7.0,1.243103448275862,1.5380675213906307,0.2949640731147687,2.5771914503708366,0.5154382900741672,33.98305786695422,33.98305786695422,21.148593362668286,0.022860604284067523,61.40380307227416,282.5156928486653,749.9999999999999,5154.382900741681,9020170.07629794,565.0313856973306,9.201895606242358,True
24,25,7.0,1.2944827586206897,1.5798832645507739,0.28540050593008415,2.5771914503708366,0.5154382900741672,36.85025126675106,36.85025126675106,20.38589559505543,0.020213172201317863,61.45521540892004,287.8565011285161,749.9999999999999,5154.382900741684,9020170.076297948,575.7130022570321,9.368008856958122,True
24,26,7.0,1.3458620689655172,1.6222485092985977,0.27638644033308046,2.5771914503708366,0.5154382900741672,39.833550609357964,39.833550609357964,19.674724107587483,0.017973134908935328,61.536987992676785,293.040860456405,750.0000000000002,5154.382900741662,9020170.076297907,586.08172091281,9.524056019487935,True
24,27,7.0,1.3972413793103449,1.665121313688121,0.26787993437777624,2.5771914503708366,0.5154382900741672,42.93295589477496,42.93295589477496,19.010123316006,0.01606372027247001,61.64641238987905,298.07514085559495,749.9999999999995,5154.382900741681,9020170.07629794,596.1502817111899,9.67047811218718,True
24,28,7.0,1.4486206896551725,1.708463467487206,0.25984277783203336,2.5771914503708366,0.5154382900741672,46.148467123002064,46.148467123002064,18.387748072012624,0.014425029962582357,61.78115746148562,302.9653834091101,750.0,5154.382900741671,9020170.076297924,605.9307668182201,9.807695286316989,True
24,29,7.0,1.5,1.7522401425721816,0.25224014257218164,2.5771914503708366,0.5154382900741672,49.480084294039244,49.480084294039244,17.803772396267124,0.013009849311343722,61.939205209662155,307.7173253285351,750.0000000000001,5154.382900741661,9020170.076297907,615.4346506570702,9.93610829480043,True
25,0,7.0,0.01,0.9243248421378188,0.9143248421378188,2.6837885057074486,0.5367577011414896,0.0021991148575128553,0.0021991148575128553,110.36691278039366,2832956351.2138925,97.16427767631802,97.15865765654154,53.00751069231037,5367.577011414895,9393259.769976066,194.31731531308307,1.9998843192187317,True
25,1,7.0,0.06137931034482759,0.9263065548356604,0.8649272444908328,2.6837885057074486,0.5367577011414896,0.08284988721217279,0.08284988721217279,106.8544672388718,17986.418677518315,99.5174549562057,99.52471409975641,322.39473007569154,5367.577011414897,9393259.76997607,199.04942819951282,2.0001458868407336,True
25,2,7.0,0.11275862068965517,0.9311234721200713,0.8183648514304162,2.6837885057074486,0.5367577011414896,0.2796066023769228,0.2796066023769228,103.46036072276102,354.9505141797349,101.92818288778791,101.93456841663038,586.8281023003863,5367.5770114148945,9393259.769976065,203.86913683326077,2.00012529466653,True
25,3,7.0,0.16413793103448276,0.9387319501313378,0.774594019096855,2.6837885057074486,0.5367577011414896,0.5924692603517631,0.5924692603517631,94.31551788520308,42.06005282854207,98.27040705910998,109.11653667330107,750.0000000000002,5367.577011414895,9393259.769976066,218.23307334660214,2.220740504466764,True
25,4,7.0,0.21551724137931036,0.9490648529604558,0.7335476115811455,2.6837885057074486,0.5367577011414896,1.0214378611366934,1.0214378611366934,80.09837501899173,13.15892796482352,88.23136408111525,122.81407022445305,750.0000000000002,5367.577011414896,9393259.769976068,245.6281404489061,2.783909588239944,True
25,5,7.0,0.26689655172413795,0.9620343980936125,0.6951378463694745,2.6837885057074486,0.5367577011414896,1.566512404731714,1.566512404731714,70.06716522488964,5.402368285652854,81.55568642760166,135.02880561922177,750.0000000000001,5367.577011414895,9393259.769976066,270.05761123844354,3.311327794146864,True
25,6,7.0,0.3182758620689655,0.9775356454722492,0.6592597834032837,2.6837885057074486,0.5367577011414896,2.227692891136824,2.227692891136824,62.485176614260965,2.6411684464462026,76.80418025536841,146.21279441819044,750.0,5367.5770114148945,9393259.769976065,292.4255888363809,3.8074176153444603,True
25,7,7.0,0.36965517241379314,0.9954503303959343,0.6257951579821412,2.6837885057074486,0.5367577011414896,3.0049793203520254,3.0049793203520254,56.48956976343067,1.4579539599558073,73.27003855567342,156.62454479285796,750.0000000000001,5367.577011414896,9393259.769976068,313.2490895857159,4.2752685239505785,True
25,8,7.0,0.4210344827586207,1.0156507517177955,0.5946162689591747,2.6837885057074486,0.5367577011414896,3.8983716923773164,3.8983716923773164,51.59529765716559,0.8797728020462909,70.56068484560805,166.42506733331595,750.0,5367.5770114148945,9393259.769976065,332.8501346666319,4.717218028636377,True
25,9,7.0,0.4724137931034483,1.0380034709515626,0.5655896778481144,2.6837885057074486,0.5367577011414896,4.907870007212697,4.907870007212697,47.50507568548419,0.5681786911842865,68.43859838662573,175.72088887117275,750.0,5367.5770114148945,9393259.769976065,351.4417777423455,5.135139906825215,True
25,10,7.0,0.5237931034482759,1.06237264131428,0.5385795378660041,2.6837885057074486,0.5367577011414896,6.033474264858168,6.033474264858168,44.02461819521028,0.3870329098636404,66.75072875291136,184.58584748723456,750.0000000000001,5367.577011414895,9393259.769976066,369.1716949744691,5.530601715840707,True
25,11,7.0,0.5751724137931035,1.0886228545192724,0.513450440726169,2.6837885057074486,0.5367577011414896,7.275184465313729,7.275184465313729,41.02048612797045,0.27517264635496824,65.39358220255002,193.07314358855527,750.0,5367.5770114148945,9393259.769976065,386.14628717711054,5.904956941815198,True
25,12,7.0,0.626551724137931,1.116621456364384,0.4900697322264529,2.6837885057074486,0.5367577011414896,8.63300060857938,8.63300060857938,38.397330949469236,0.202618198812276,64.29446473933031,201.22244367784947,750.0000000000001,5367.577011414896,9393259.769976068,402.44488735569894,6.259401785011124,True
25,13,7.0,0.6779310344827586,1.1462403331361042,0.4683092986533456,2.6837885057074486,0.5367577011414896,10.106922694655122,10.106922694655122,36.08479100501479,0.1536014256496583,63.400728460172765,209.0642728699316,750.0000000000002,5367.5770114148945,9393259.769976065,418.1285457398632,6.5950116961593634,True
25,14,7.0,0.7293103448275863,1.1773572069960911,0.44804686216850487,2.6837885057074486,0.5367577011414896,11.696950723540954,11.696950723540954,34.02954127105442,0.11933154317975579,62.67327332617001,216.62283080972233,749.9999999999998,5367.577011414897,9393259.76997607,433.24566161944466,6.912765819086993,True
25,15,7.0,0.7806896551724138,1.2098565003694968,0.4291668451970829,2.6837885057074486,0.5367577011414896,13.403084695236876,13.403084695236876,32.19025603989787,0.09466183221204022,62.08244586865048,223.91784727929735,749.9999999999998,5367.577011414893,9393259.769976063,447.8356945585947,7.213563967922476,True
25,16,7.0,0.8320689655172414,1.243629839289021,0.41156087377177963,2.6837885057074486,0.5367577011414896,15.225324609742886,15.225324609742886,30.534298003240078,0.07645071329140733,61.6053543855308,230.96583128135103,750.0000000000001,5367.577011414895,9393259.769976066,461.93166256270206,7.498238865276223,True
25,17,7.0,0.883448275862069,1.2785762667579772,0.3951279908959082,2.6837885057074486,0.5367577011414896,17.163670467058992,17.163670467058992,29.03547237358053,0.06271032152880539,61.22405596069552,237.78092607685295,749.9999999999999,5367.5770114149,9393259.769976076,475.5618521537059,7.767565292619718,True
25,18,7.0,0.9348275862068965,1.3146022325123734,0.37977464630547686,2.6837885057074486,0.5367577011414896,19.21812226718518,19.21812226718518,27.672461103157513,0.05214278064162518,60.92429913742538,244.37550254834227,750.0,5367.577011414893,9393259.769976063,488.75100509668454,8.022267174452372,True
25,19,7.0,0.9862068965517242,1.3516214176311674,0.36541452107944317,2.6837885057074486,0.5367577011414896,21.38868001012147,21.38868001012147,26.42770465938741,0.04387705267657979,60.69463162574223,250.76057581765252,750.0,5367.577011414897,9393259.76997607,501.52115163530505,8.263023239481964,True
25,20,7.0,1.0375862068965518,1.3895544431705718,0.35196823627401996,2.6837885057074486,0.5367577011414896,23.675343695867838,23.675343695867838,25.286586254071317,0.0373141355848749,60.52575425063144,256.94610089721533,749.9999999999999,5367.577011414901,9393259.769976076,513.8922017944307,8.490471670397556,True
25,21,7.0,1.0889655172413792,1.428328502668027,0.3393629854266478,2.6837885057074486,0.5367577011414896,26.078113324424294,26.078113324424294,24.236825359893164,0.032033053708692937,60.410044919349716,262.94118469001,750.0,5367.577011414901,9393259.769976076,525.88236938002,8.705214010055744,True
25,22,7.0,1.140344827586207,1.4678769497460338,0.32753212215982686,2.6837885057074486,0.5367577011414896,28.596988895790854,28.596988895790854,23.268019151612616,0.027732125954927776,60.34120241889423,268.75423966296887,749.9999999999998,5367.5770114148945,9393259.769976065,537.5084793259377,8.90781850176773,True
25,23,7.0,1.1917241379310346,1.5081388645348848,0.31641472660385017,2.6837885057074486,0.5367577011414896,31.231970409967502,31.231970409967502,22.371290520023337,0.024191329539067892,60.313976224407725,274.3930965747642,750.0,5367.577011414892,9393259.76997606,548.7861931495283,9.098822984372347,True
25,24,7.0,1.243103448275862,1.5490586163565414,0.30595516808067935,2.6837885057074486,0.5367577011414896,33.98305786695422,33.98305786695422,21.53901420742024,0.0212476235149783,60.323959053808096,279.86508829114786,749.9999999999999,5367.577011414892,9393259.76997606,559.7301765822957,9.278737426418324,True
25,25,7.0,1.2944827586206897,1.5905854350393551,0.2961026764186654,2.6837885057074486,0.5367577011414896,36.85025126675106,36.85025126675106,20.76460111559485,0.018778430336303432,60.36742586463316,285.1771130752838,750.0000000000002,5367.5770114149,9393259.769976076,570.3542261505676,9.448046160350115,True
25,26,7.0,1.3458620689655172,1.6326729992479347,0.28681093028241755,2.6837885057074486,0.5367577011414896,39.833550609357964,39.833550609357964,20.042326554686205,0.0166903676356696,60.441207674674686,290.3356832303551,750.0000000000001,5367.577011414901,9393259.769976076,580.6713664607101,9.607209862287641,True
25,27,7.0,1.3972413793103449,1.675279047159063,0.2780376678487182,2.6837885057074486,0.5367577011414896,42.93295589477496,42.93295589477496,19.36719211741747,0.014911427680998152,60.54259180122268,295.34696322999554,750.0,5367.577011414894,9393259.769976065,590.6939264599911,9.756667312813354,True
25,28,7.0,1.4486206896551725,1.7183650125308452,0.2697443228756726,2.6837885057074486,0.5367577011414896,46.148467123002064,46.148467123002064,18.73481359180609,0.013385463013765751,60.6692423549118,300.2168002562076,750.0,5367.577011414887,9393259.769976053,600.4336005124152,9.896836967238043,True
25,29,7.0,1.5,1.761895687545975,0.26189568754597503,2.6837885057074486,0.5367577011414896,49.480084294039244,49.480084294039244,18.141329256714158,0.012068241107371246,60.81913641156536,304.95074921164723,749.9999999999997,5367.577011414882,9393259.769976042,609.9014984232945,10.028118358933417,True
26,0,7.0,0.01,0.9425005625169821,0.9325005625169821,2.79038556104406,0.558077112208812,0.0021991148575128553,0.0021991148575128553,111.59033807098308,2710747637.2656116,96.36900303094198,96.3631788929386,53.13298613823108,5580.771122088118,9766349.463654207,192.7263577858772,1.9998791283956419,True
26,1,7.0,0.06137931034482759,0.9444441381485907,0.8830648278037632,2.79038556104406,0.558077112208812,0.08284988721217279,0.08284988721217279,108.11421446193599,17162.645935783105,98.66727323329764,98.66171193388499,323.2623693343219,5580.771122088121,9766349.463654213,197.32342386776998,1.9998872716508644,True
26,2,7.0,0.11275862068965517,0.9491690138666882,0.836410393177033,2.79038556104406,0.558077112208812,0.2796066023769228,0.2796066023769228,104.73709029211103,337.95723203472943,101.0066827801578,101.01319001526217,588.4254979400458,5580.771122088119,9766349.463654209,202.02638003052434,2.000128847615331,True
26,3,7.0,0.16413793103448276,0.9566339795078933,0.7924960484734105,2.79038556104406,0.558077112208812,0.5924692603517631,0.5924692603517631,95.39917891975765,40.18129057365734,97.20035434296364,108.2077625049516,749.9999999999999,5580.77112208812,9766349.46365421,216.4155250099032,2.226489054209601,True
26,4,7.0,0.21551724137931036,0.9667755642736197,0.7512583228943093,2.79038556104406,0.558077112208812,1.0214378611366934,1.0214378611366934,81.05955216245532,12.545804954476587,87.22754622413102,121.76917153825548,750.0000000000001,5580.771122088121,9766349.463654213,243.53834307651096,2.791988925731553,True
26,5,7.0,0.26689655172413795,0.9795106327483449,0.712614081024207,2.79038556104406,0.558077112208812,1.566512404731714,1.566512404731714,70.9424658754529,5.140640768094531,80.58941051880257,133.85698974981895,749.9999999999999,5580.771122088121,9766349.463654213,267.7139794996379,3.32194984150153,True
26,6,7.0,0.3182758620689655,0.9947395813581417,0.6764637192891761,2.79038556104406,0.558077112208812,2.227692891136824,2.227692891136824,63.29522740436951,2.5085354855010973,75.85956773180416,144.92115387925307,750.0000000000002,5580.771122088118,9766349.463654207,289.84230775850614,3.8207745762963214,True
26,7,7.0,0.36965517241379314,1.0123498687889967,0.6426946963752036,2.79038556104406,0.558077112208812,3.0049793203520254,3.0049793203520254,57.24723637452494,1.3822887541230415,72.33746836183381,155.21926604130695,750.0,5580.771122088121,9766349.463654213,310.4385320826139,4.291531610282415,True
26,8,7.0,0.4210344827586207,1.0322196210190189,0.6111851382603981,2.79038556104406,0.558077112208812,3.8983716923773164,3.8983716923773164,52.30920518345601,0.8327191193292897,69.63398739448904,164.9119642371593,750.0,5580.771122088119,9766349.463654209,329.8239284743186,4.736536579555711,True
26,9,7.0,0.4724137931034483,1.0542210879408624,0.5818072948374142,2.79038556104406,0.558077112208812,4.907870007212697,4.907870007212697,48.1813381997389,0.5369447091068718,67.51367030746141,174.10563898732252,750.0,5580.771122088122,9766349.463654213,348.21127797464504,5.157641058305221,True
26,10,7.0,0.5237931034482759,1.078223782693001,0.5544306792447251,2.79038556104406,0.558077112208812,6.033474264858168,6.033474264858168,44.66777300634886,0.3652187672203969,65.82477595939014,182.87408390933774,750.0000000000003,5580.771122088121,9766349.463654213,365.7481678186755,5.556390621736711,True
26,11,7.0,0.5751724137931035,1.104097194966735,0.5289247811736316,2.79038556104406,0.558077112208812,7.275184465313729,7.275184465313729,41.634034223132026,0.2593071502375518,64.46467389307733,191.27047393818225,749.9999999999999,5580.77112208812,9766349.46365421,382.5409478763645,5.934117475112899,True
26,12,7.0,0.626551724137931,1.1317130260649304,0.5051613019269994,2.79038556104406,0.558077112208812,8.63300060857938,8.63300060857938,38.984066011872656,0.19069269799308464,63.361255179530666,199.33443327870964,750.0000000000001,5580.771122088119,9766349.463654209,398.6688665574193,6.291997616332138,True
26,13,7.0,0.6779310344827586,1.1609469401569095,0.48301590567415087,2.79038556104406,0.558077112208812,10.106922694655122,10.106922694655122,36.64700773758573,0.1443902752650799,62.46227576543958,207.09641240120297,749.9999999999998,5580.771122088121,9766349.463654213,414.19282480240594,6.631087640126925,True
26,14,7.0,0.7293103448275863,1.1916798602885594,0.46236951546097316,2.79038556104406,0.558077112208812,11.696950723540954,11.696950723540954,34.56917149016972,0.11205306788776737,61.72891753450149,214.58049975599428,750.0000000000001,5580.771122088115,9766349.463654201,429.16099951198856,6.95234934699968,True
26,15,7.0,0.7806896551724138,1.223798859305748,0.4431092041333342,2.79038556104406,0.558077112208812,13.403084695236876,13.403084695236876,32.708959932736114,0.0887985125665688,61.13172491880277,221.80627933573962,749.9999999999998,5580.771122088114,9766349.4636542,443.61255867147923,7.256666800433008,True
26,16,7.0,0.8320689655172414,1.2571977066960311,0.42512874117878974,2.79038556104406,0.558077112208812,15.225324609742886,15.225324609742886,31.033526744175564,0.07164877496988771,60.6479452120831,228.7900847965662,750.0000000000001,5580.771122088116,9766349.463654201,457.5801695931324,7.5448585767085,True
26,17,7.0,0.883448275862069,1.2917771349843943,0.4083288591223253,2.79038556104406,0.558077112208812,17.163670467058992,17.163670467058992,29.51651202156702,0.058721138795637895,60.2597327058014,235.54586076849182,749.9999999999999,5580.771122088122,9766349.463654213,471.09172153698364,7.817686876192036,True
26,18,7.0,0.9348275862068965,1.3274448863430226,0.39261730013612606,2.79038556104406,0.558077112208812,19.21812226718518,19.21812226718518,28.13646403174897,0.04878735332337932,59.95290328160505,242.0857626411784,750.0000000000002,5580.771122088116,9766349.463654201,484.1715252823568,8.07586453333465,True
26,19,7.0,0.9862068965517242,1.3641155937643301,0.3779086972126059,2.79038556104406,0.558077112208812,21.38868001012147,21.38868001012147,26.875712546677033,0.04102374242973627,59.71605055421428,248.42057915150286,750.0000000000002,5580.771122088117,9766349.463654205,496.8411583030057,8.320060581567423,True
26,20,7.0,1.0375862068965518,1.4017105432601988,0.36412433636364705,2.79038556104406,0.558077112208812,23.675343695867838,23.675343695867838,25.719547273035737,0.0348642973438899,59.5399058613539,254.56003325557612,750.0000000000002,5580.77112208811,9766349.463654192,509.12006651115223,8.55090479478926,True
26,21,7.0,1.0889655172413792,1.440157355321151,0.35119183807977183,2.79038556104406,0.558077112208812,26.078113324424294,26.078113324424294,24.655607325334444,0.029911518230061634,59.41686659498684,260.5129984931379,750.0000000000003,5580.771122088126,9766349.46365422,521.0259969862758,8.768991480783273,True
26,22,7.0,1.140344827586207,1.4793896160739548,0.3390447884877479,2.79038556104406,0.558077112208812,28.596988895790854,28.596988895790854,23.673419805890873,0.02588074751627942,59.34064316871939,266.28765617428013,749.9999999999999,5580.771122088122,9766349.463654213,532.5753123485603,8.974882709550746,True
26,23,7.0,1.1917241379310346,1.5193464816401476,0.32762234370911303,2.79038556104406,0.558077112208812,31.231970409967502,31.231970409967502,22.764045761896657,0.022564519427685687,59.305991136548975,271.8916108362474,750.0,5580.771122088116,9766349.463654201,543.7832216724948,9.169111100773312,True
26,24,7.0,1.243103448275862,1.5599722732985246,0.31686882502266256,2.79038556104406,0.558077112208812,33.98305786695422,33.98305786695422,21.91980481671581,0.019809199356967747,59.30850543361085,277.33197609954465,750.0000000000001,5580.77112208811,9766349.463654192,554.6639521990893,9.352182256893537,True
26,25,7.0,1.2944827586206897,1.601216076209285,0.30673331758859534,2.79038556104406,0.558077112208812,36.85025126675106,36.85025126675106,21.13405835736013,0.01749935531504595,59.34446060296717,282.61543941600945,750.0,5580.771122088111,9766349.463654194,565.2308788320189,9.524576903876314,True
26,26,7.0,1.3458620689655172,1.6430313505910257,0.2971692816255085,2.79038556104406,0.558077112208812,39.833550609357964,39.833550609357964,20.401036931940286,0.015547102806883147,59.410685511337235,287.74831168878296,750.0000000000002,5580.771122088117,9766349.463654205,575.4966233775659,9.6867527857046,True
26,27,7.0,1.3972413793103449,1.6853755612331345,0.2881341819227896,2.79038556104406,0.558077112208812,42.93295589477496,42.93295589477496,19.715701463486333,0.013884713906019091,59.5044642369311,292.7365659935164,750.0000000000001,5580.771122088119,9766349.463654209,585.4731319870328,9.839146348009,True
26,28,7.0,1.4486206896551725,1.728209828939141,0.27958913928396845,2.79038556104406,0.558077112208812,46.148467123002064,46.148467123002064,19.07363063955027,0.012459408655018468,59.62345703010896,297.5858684026054,750.0000000000002,5580.771122088114,9766349.4636542,595.1717368052108,9.98217423898547,True
26,29,7.0,1.5,1.7714986057981608,0.27149860579816076,2.79038556104406,0.558077112208812,49.480084294039244,49.480084294039244,18.470928784826963,0.011229630468839609,59.765636817932766,302.3016030490855,750.0000000000001,5580.771122088134,9766349.463654235,604.603206098171,10.116234650690762,True
27,0,7.0,0.01,0.9603323418986532,0.9503323418986532,2.8969826163806722,0.5793965232761343,0.0021991148575128553,0.0021991148575128553,112.77883638008122,2598274456.13358,95.6099772045264,95.60395197126417,53.25248141775549,5793.965232761342,10139439.15733235,191.20790394252833,1.9998739622487443,True
27,1,7.0,0.06137931034482759,0.9622399007705711,0.9008605904257435,2.8969826163806722,0.5793965232761343,0.08284988721217279,0.08284988721217279,109.32995774014708,16411.894283291793,97.84998803226962,97.84425959386142,324.04320334428195,5793.965232761343,10139439.15733235,195.68851918772285,1.9998829138659413,True
27,2,7.0,0.11275862068965517,0.96687781722221,0.8541191965325549,2.8969826163806722,0.5793965232761343,0.2796066023769228,0.2796066023769228,105.97655435522014,322.4219367833968,100.12937410669674,100.1359979704128,589.9442905023773,5793.965232761344,10139439.157332351,200.2719959408256,2.0001323061044802,True
27,3,7.0,0.16413793103448276,0.9742070967206267,0.8100691656861438,2.8969826163806722,0.5793965232761343,0.5924692603517631,0.5924692603517631,96.45108887263663,38.45686602882835,96.18585935929768,107.3413529948214,749.9999999999998,5793.965232761342,10139439.15733235,214.6827059896428,2.231957040459615,True
27,4,7.0,0.21551724137931036,0.9841676118569945,0.7686503704776841,2.8969826163806722,0.5793965232761343,1.0214378611366934,1.0214378611366934,81.99247049630715,11.984486832239883,86.27684449333924,120.77349073887623,750.0000000000005,5793.965232761341,10139439.157332348,241.54698147775247,2.799673341048077,True
27,5,7.0,0.26689655172413795,0.9966804784978922,0.7297839267737543,2.8969826163806722,0.5793965232761343,1.566512404731714,1.566512404731714,71.79202891813378,4.901595486581309,79.67510212419437,132.74079896142936,750.0000000000005,5793.965232761344,10139439.157332351,265.4815979228587,3.332052182487782,True
27,6,7.0,0.3182758620689655,1.0116509928193098,0.6933751307503443,2.8969826163806722,0.5793965232761343,2.227692891136824,2.227692891136824,64.08152528175005,2.3876614386080117,74.96646272314496,143.69114787511776,750.0000000000002,5793.965232761344,10139439.157332351,287.3822957502355,3.833478135570479,True
27,7,7.0,0.36965517241379314,1.0289718914473918,0.6593167190335987,2.8969826163806722,0.5793965232761343,3.0049793203520254,3.0049793203520254,57.982803806729066,1.3134696112757491,71.45634015242862,153.8812396565071,749.9999999999998,5793.96523276134,10139439.157332346,307.7624793130142,4.307000311749861,True
27,8,7.0,0.4210344827586207,1.04852670093249,0.6274922181738691,2.8969826163806722,0.5793965232761343,3.8983716923773164,3.8983716923773164,53.00244458744713,0.7900005946362649,68.75890007695315,163.47133272920993,750.0000000000003,5793.965232761346,10139439.157332355,326.94266545841987,4.754914128825711,True
27,9,7.0,0.4724137931034483,1.0701929726974195,0.5977791795939713,2.8969826163806722,0.5793965232761343,4.907870007212697,4.907870007212697,48.83820227208429,0.5086350949616978,66.64065971690131,172.56767343350688,750.0000000000001,5793.965232761341,10139439.157332348,345.13534686701377,5.179050572626324,True
27,10,7.0,0.5237931034482759,1.0938452459633072,0.5700521425150313,2.8969826163806722,0.5793965232761343,6.033474264858168,6.033474264858168,45.29267434175336,0.3454764348599776,64.9511292580655,181.2440073475491,750.0000000000001,5793.965232761341,10139439.157332348,362.4880146950982,5.58093475565069,True
27,11,7.0,0.5751724137931035,1.1193576338620008,0.5441852200688974,2.8969826163806722,0.5793965232761343,7.275184465313729,7.275184465313729,42.23037213708386,0.24496770748424648,63.58850518148191,189.55348642931287,749.9999999999998,5793.965232761347,10139439.157332357,379.10697285862574,5.961878987037871,True
27,12,7.0,0.626551724137931,1.146605978493382,0.5200542543554509,2.8969826163806722,0.5793965232761343,8.63300060857938,8.63300060857938,39.5545477731765,0.17992723416661002,62.4812407194079,197.53570120240116,750.0,5793.965232761343,10139439.15733235,395.0714024048023,6.323040289468602,True
27,13,7.0,0.6779310344827586,1.1754695633709173,0.49753852888815875,2.8969826163806722,0.5793965232761343,10.106922694655122,10.106922694655122,37.193852341162916,0.1360840962488071,61.57748139420743,205.22104143024518,750.0000000000001,5793.96523276134,10139439.157332346,410.44208286049036,6.665457462167338,True
27,14,7.0,0.7293103448275863,1.2058324037647539,0.4765220589371676,2.8969826163806722,0.5793965232761343,11.696950723540954,11.696950723540954,35.09424304257702,0.10549603032232308,60.83868238360054,212.6335024745611,750.0000000000001,5793.965232761341,10139439.157332348,425.2670049491222,6.990075857786093,True
27,15,7.0,0.7806896551724138,1.2375841565686652,0.4568945013962513,2.8969826163806722,0.5793965232761343,13.403084695236876,13.403084695236876,33.21385726436252,0.08352093942006907,60.23558110981488,219.79254359471952,749.9999999999998,5793.965232761344,10139439.157332351,439.58508718943904,7.297764528709965,True
27,16,7.0,0.8320689655172414,1.2706207027565244,0.438551737239283,2.8969826163806722,0.5793965232761343,15.225324609742886,15.225324609742886,31.519644994896286,0.06732990962092651,59.745561393229366,226.71434598031234,750.0000000000001,5793.965232761344,10139439.157332351,453.4286919606247,7.589328502184085,True
27,17,7.0,0.883448275862069,1.304844459320809,0.4213961834587401,2.8969826163806722,0.5793965232761343,17.163670467058992,17.163670467058992,29.985085860308416,0.05513576745883819,59.35087384675562,233.412679375158,750.0000000000001,5793.965232761347,10139439.157332357,466.825358750316,7.865517868459063,True
27,18,7.0,0.9348275862068965,1.340164476036417,0.40533688982952054,2.8969826163806722,0.5793965232761343,19.21812226718518,19.21812226718518,28.58859860916718,0.04577347261499855,59.03740180617341,239.89950751781564,749.9999999999999,5793.965232761345,10139439.157332353,479.79901503563127,8.127034733182647,True
27,19,7.0,0.9862068965517242,1.3764963674862114,0.3902894709344872,2.8969826163806722,0.5793965232761343,21.38868001012147,21.38868001012147,27.312406120307482,0.038462311438814366,58.79378551503773,246.18541611749015,749.9999999999999,5793.96523276134,10139439.157332346,492.3708322349803,8.374538702037585,True
27,20,7.0,1.0375862068965518,1.4137621241349358,0.37617591723838406,2.8969826163806722,0.5793965232761343,23.675343695867838,23.675343695867838,26.141708095771826,0.032666180079233886,58.61078789143589,252.2799185306801,750.0000000000005,5793.965232761349,10139439.15733236,504.5598370613602,8.608651328761367,True
27,21,7.0,1.0889655172413792,1.4518898390158037,0.36292432177442446,2.8969826163806722,0.5793965232761343,26.078113324424294,26.078113324424294,25.064066526363508,0.02800884096147551,58.48082704695411,258.19167621226524,750.0000000000001,5793.965232761338,10139439.15733234,516.3833524245305,8.829959809048658,True
27,22,7.0,1.140344827586207,1.4908133795680691,0.3504685519818622,2.8969826163806722,0.5793965232761343,28.596988895790854,28.596988895790854,24.068941432274933,0.02422104373276502,58.39762630903057,263.92865924823394,749.9999999999999,5793.965232761352,10139439.157332366,527.8573184964679,9.039020108508081,True
27,23,7.0,1.1917241379310346,1.5304720277822852,0.3387478898512506,2.8969826163806722,0.5793965232761343,31.231970409967502,31.231970409967502,23.147334778445256,0.02110667957010186,58.35594857714229,269.4982644589356,750.0,5793.965232761343,10139439.15733235,538.9965289178712,9.236359652441553,True
27,24,7.0,1.243103448275862,1.5708101062865272,0.3277066580106651,2.8969826163806722,0.5793965232761343,33.98305786695422,33.98305786695422,22.29151361413757,0.01852061566832551,58.35139220550553,274.9074032760402,750.0,5793.965232761327,10139439.157332322,549.8148065520804,9.422479666221308,True
27,25,7.0,1.2944827586206897,1.611776603398493,0.3172938447778033,2.8969826163806722,0.5793965232761343,36.85025126675106,36.85025126675106,21.494792151552907,0.016353874426411192,58.38023243506537,280.1625679729552,750.0000000000002,5793.965232761337,10139439.157332338,560.3251359459103,9.59785722965635,True
27,26,7.0,1.3458620689655172,1.6533248064360173,0.3074627374705001,2.8969826163806722,0.5793965232761343,39.833550609357964,39.833550609357964,20.751358323583503,0.014523534478684817,58.43929699249511,285.26988231693525,750.0,5793.965232761352,10139439.157332366,570.5397646338705,9.762947092042198,True
27,27,7.0,1.3972413793103449,1.6954119496316011,0.29817057032125627,2.8969826163806722,0.5793965232761343,42.93295589477496,42.93295589477496,20.056134349197826,0.012965729255426946,58.52586762320247,290.2351409550118,750.0,5793.965232761342,10139439.15733235,580.4702819100236,9.918183283452892,True
27,28,7.0,1.4486206896551725,1.7379988807227638,0.2893781910675912,2.8969826163806722,0.5793965232761343,46.148467123002064,46.148467123002064,19.404663612136694,0.0116307154235978,58.63760152069334,295.0638406094513,750.0000000000003,5793.965232761329,10139439.157332327,590.1276812189026,10.063980550272767,True
27,29,7.0,1.5,1.7810497485742929,0.2810497485742929,2.8969826163806722,0.5793965232761343,49.480084294039244,49.480084294039244,18.793018122848252,0.010479348187892595,58.77246816891136,299.76120528316756,750.0000000000001,5793.965232761357,10139439.157332374,599.5224105663351,10.200735637702248,True
28,0,7.0,0.01,0.9778389966902916,0.9678389966902916,3.0035796717172842,0.6007159343434567,0.0021991148575128553,0.0021991148575128553,113.93459405327711,2494439781.1312566,94.88432346453459,94.87810007547921,53.36644114786173,6007.159343434567,10512528.851010492,189.75620015095842,1.999868821553906,True
28,1,7.0,0.06137931034482759,0.9797124696494798,0.9183331593046522,3.0035796717172842,0.6007159343434567,0.08284988721217279,0.08284988721217279,110.51177797027964,15721.036183370845,97.06960657205205,97.063714499244,324.7872789865054,6007.159343434567,10512528.851010492,194.127428998488,1.9998786010778011,True
28,2,7.0,0.11275862068965517,0.9842680579944214,0.8715094373047663,3.0035796717172842,0.6007159343434567,0.2796066023769228,0.2796066023769228,107.18111758669994,308.17019850468307,99.29261688881172,99.29935266707982,591.3905262364236,6007.159343434568,10512528.851010494,198.59870533415963,2.000135675309588,True
28,3,7.0,0.16413793103448276,0.9914687911641782,0.8273308601296954,3.0035796717172842,0.6007159343434567,0.5924692603517631,0.5924692603517631,97.47330598760053,36.86885447242868,95.22212514890305,106.51385267762105,750.0,6007.159343434567,10512528.851010492,213.0277053552421,2.2371660475138655,True
28,4,7.0,0.21551724137931036,1.0012576016091084,0.785740360229798,3.0035796717172842,0.6007159343434567,1.0214378611366934,1.0214378611366934,82.89896008408174,11.46882698053171,85.37461292492432,119.82299007068957,750.0000000000001,6007.159343434566,10512528.85101049,239.64598014137914,2.8069934601298407,True
28,5,7.0,0.26689655172413795,1.0135595062799774,0.7466629545558394,3.0035796717172842,0.6007159343434567,1.566512404731714,1.566512404731714,72.61751488036904,4.682489868577795,78.808167573587,131.67565457296575,750.0000000000003,6007.159343434566,10512528.85101049,263.3513091459315,3.3416753269897774,True
28,6,7.0,0.3182758620689655,1.028284312738466,0.7100084506695005,3.0035796717172842,0.6007159343434567,2.227692891136824,2.227692891136824,64.84559340889592,2.277100671881377,74.12027375155564,142.51769736754645,749.9999999999999,6007.159343434566,10512528.85101049,285.0353947350929,3.8455793578219284,True
28,7,7.0,0.36965517241379314,1.0453296369760818,0.6756744645622887,3.0035796717172842,0.6007159343434567,3.0049793203520254,3.0049793203520254,58.69767791841953,1.250642533191301,70.62203804170557,152.60492825015353,750.0000000000002,6007.159343434566,10512528.85101049,305.20985650030707,4.321736740591748,True
28,8,7.0,0.4210344827586207,1.0645840216347864,0.6435495388761656,3.0035796717172842,0.6007159343434567,3.8983716923773164,3.8983716923773164,53.67631838103723,0.7510695236622301,67.93076863202604,162.0972205500747,750.0000000000001,6007.159343434569,10512528.851010496,324.1944411001494,4.772424155190665,True
28,9,7.0,0.4724137931034483,1.0859299679825876,0.6135161748791393,3.0035796717172842,0.6007159343434567,4.907870007212697,4.907870007212697,49.476877735152456,0.48287626366981035,65.8148671953059,171.10066923908923,750.0,6007.159343434568,10512528.851010494,342.20133847817846,5.199453452708406,True
28,10,7.0,0.5237931034482759,1.1092467348017088,0.5854536313534329,3.0035796717172842,0.6007159343434567,6.033474264858168,6.033474264858168,45.90044813020298,0.3275386733169575,64.12504145789126,179.68896794158675,750.0000000000002,6007.159343434565,10512528.851010488,359.3779358831735,5.604330659484483,True
28,11,7.0,0.5751724137931035,1.1344128036287588,0.5592403898356554,3.0035796717172842,0.6007159343434567,7.275184465313729,7.275184465313729,42.81054949183999,0.23195581413632757,62.76028088965764,187.91524683078455,750.0,6007.159343434567,10512528.851010492,375.8304936615691,5.988349451818702,True
28,12,7.0,0.626551724137931,1.1613079550526166,0.5347562309146856,3.0035796717172842,0.6007159343434567,8.63300060857938,8.63300060857938,40.109756332628194,0.17016980603859527,61.64957929406945,195.81906927987748,749.9999999999999,6007.159343434566,10512528.85101049,391.63813855975496,6.352649004977552,True
28,13,7.0,0.6779310344827586,1.18981493979658,0.5118839053138214,3.0035796717172842,0.6007159343434567,10.106922694655122,10.106922694655122,37.726241549000974,0.12856355105474354,60.741458143344474,203.43077563726976,750.0000000000001,6007.159343434566,10512528.85101049,406.8615512745395,6.698251304971675,True
28,14,7.0,0.7293103448275863,1.2198207583578862,0.4905104135302999,3.0035796717172842,0.6007159343434567,11.696950723540954,11.696950723540954,35.605614920188074,0.09956476509486105,59.99763751909073,210.77428329246123,750.0000000000001,6007.159343434564,10512528.851010486,421.54856658492247,7.0260860929864,True
28,15,7.0,0.7806896551724138,1.2512175834528136,0.4705279282803998,3.0035796717172842,0.6007159343434567,13.403084695236876,13.403084695236876,33.70575442937065,0.07875106234842041,59.389042916232974,217.86894468029442,750.0000000000001,6007.159343434569,10512528.851010496,435.73788936058884,7.337008107289895,True
28,16,7.0,0.8320689655172414,1.2839033712959897,0.45183440577874834,3.0035796717172842,0.6007159343434567,15.225324609742886,15.225324609742886,31.993411248693363,0.06342947355797947,58.89319206631991,224.73080824509125,750.0000000000005,6007.159343434564,10512528.851010486,449.4616164901825,7.631809394607811,True
28,17,7.0,0.883448275862069,1.3177822124964118,0.43433393663434283,3.0035796717172842,0.6007159343434567,17.163670467058992,17.163670467058992,30.441908755869953,0.051899968166453495,58.49243079951219,231.37348952584153,749.9999999999999,6007.159343434569,10512528.851010496,462.74697905168307,7.9112283884694055,True
28,18,7.0,0.9348275862068965,1.3527644729891781,0.4179368867822816,3.0035796717172842,0.6007159343434567,19.21812226718518,19.21812226718518,29.029539951474135,0.043055111324582764,58.17270977412972,237.80878155546802,750.0000000000001,6007.159343434566,10512528.85101049,475.61756311093603,8.17595681819949,True
28,19,7.0,0.9862068965517242,1.3887667717275134,0.4025598751757892,3.0035796717172842,0.6007159343434567,21.38868001012147,21.38868001012147,27.73842425278846,0.03615331132939731,57.92271633597006,244.0470876866478,750.0,6007.159343434575,10512528.851010507,488.0941753732956,8.426645127314043,True
28,20,7.0,1.0375862068965518,1.4257118363085333,0.3881256294119815,3.0035796717172842,0.6007159343434567,23.675343695867838,23.675343695867838,26.55367451421976,0.030685675314901583,57.733245812002174,250.0977316782211,750.0,6007.159343434566,10512528.85101049,500.1954633564422,8.663906841220012,True
28,21,7.0,1.0889655172413792,1.4635282714006794,0.3745627541593002,3.0035796717172842,0.6007159343434567,26.078113324424294,26.078113324424294,25.462778521863562,0.026295298542588805,57.59673804882135,255.96918196064104,750.0000000000001,6007.159343434576,10512528.851010507,511.9383639212821,8.88832217351167,True
28,22,7.0,1.140344827586207,1.502150268532044,0.3618054409458371,3.0035796717172842,0.6007159343434567,28.596988895790854,28.596988895790854,24.45513191658506,0.022726930036068013,57.5069303784354,261.6692153420484,750.0,6007.159343434568,10512528.851010494,523.3384306840968,9.100441064062501,True
28,23,7.0,1.1917241379310346,1.5415172799471772,0.34979314201614264,3.0035796717172842,0.6007159343434567,31.231970409967502,31.231970409967502,23.521680082110972,0.019794773331474058,57.4585941397338,267.2050376632298,750.0,6007.159343434574,10512528.851010505,534.4100753264596,9.300785780223329,True
28,24,7.0,1.243103448275862,1.5815736740865456,0.33847022581068353,3.0035796717172842,0.6007159343434567,33.98305786695422,33.98305786695422,22.654639804041505,0.017361410558785876,57.44733215813574,272.58337365941986,750.0000000000001,6007.159343434561,10512528.851010483,545.1667473188397,9.489853172261418,True
28,25,7.0,1.2944827586206897,1.62226838587655,0.32778562725586036,3.0035796717172842,0.6007159343434567,36.85025126675106,36.85025126675106,21.847280249594593,0.015323717599298509,57.46942135633091,277.8105346797293,750.0000000000001,6007.159343434578,10512528.85101051,555.6210693594586,9.668116647884965,True
28,26,7.0,1.3458620689655172,1.663554571430832,0.3176925024653148,3.0035796717172842,0.6007159343434567,39.833550609357964,39.833550609357964,21.093748695478737,0.013603271562824487,57.521689222635324,282.892470407811,749.9999999999999,6007.159343434576,10512528.851010507,565.784940815622,9.836027913328044,True
28,27,7.0,1.3972413793103449,1.7053892738918441,0.30814789458149927,3.0035796717172842,0.6007159343434567,42.93295589477496,42.93295589477496,20.388930454848037,0.01213970382013701,57.601415983558624,287.83480896858794,749.9999999999998,6007.1593434345505,10512528.851010464,575.6696179371759,9.99401851686235,True
28,28,7.0,1.4486206896551725,1.7477331048948244,0.2991124152396518,3.0035796717172842,0.6007159343434567,46.148467123002064,46.148467123002064,19.728335255323763,0.010886020439270526,57.70625650163262,292.64288856300374,750.0000000000002,6007.15934343457,10512528.851010498,585.2857771260075,10.142501222713149,True
28,29,7.0,1.5,1.7905499444160378,0.29054994441603776,3.0035796717172842,0.6007159343434567,49.480084294039244,49.480084294039244,19.108004300589293,0.009805259216008437,57.834177458643396,297.3217828893548,750.0000000000002,6007.159343434558,10512528.851010475,594.6435657787096,10.281871237884085,True
29,0,7.0,0.01,0.9950376877284599,0.9850376877284599,3.110176727053896,0.622035345410779,0.0021991148575128553,0.0021991148575128553,115.05958858605565,2398303790.9713354,94.18948499702321,94.18306630978788,53.475262721207955,6220.35345410779,10885618.544688633,188.36613261957575,1.999863706925767,True
29,1,7.0,0.06137931034482759,0.9968788390463541,0.9354995287015265,3.110176727053896,0.622035345410779,0.08284988721217279,0.08284988721217279,111.6617418852589,15083.35102070066,96.32324450504449,96.31719215462778,325.49728355877994,6220.353454107789,10885618.54468863,192.63438430925555,1.9998743325051433,True
29,2,7.0,0.11275862068965517,1.0013563334497035,0.8885977127600484,3.110176727053896,0.622035345410779,0.2796066023769228,0.2796066023769228,108.35291670294771,295.05388484871185,98.4931880340863,98.50003134323089,592.7695917118376,6220.353454107789,10885618.54468863,197.00006268646177,2.0001389600495463,True
29,3,7.0,0.16413793103448276,1.0084350551246624,0.8442971240901795,3.110176727053896,0.622035345410779,0.5924692603517631,0.5924692603517631,98.46768759270039,35.40197349512855,94.30492368894035,105.72219942134335,749.9999999999998,6220.35345410779,10885618.544688633,211.4443988426867,2.2421353050464736,True
29,4,7.0,0.21551724137931036,1.0180607454036072,0.8025435040242969,3.110176727053896,0.622035345410779,1.0214378611366934,1.0214378611366934,83.78067281645673,10.9936006436296,84.51676184600107,118.91409298510919,749.9999999999999,6220.35345410779,10885618.544688633,237.82818597021839,2.8139765506346275,True
29,5,7.0,0.26689655172413795,1.0301620112012653,0.7632654594771273,3.110176727053896,0.622035345410779,1.566512404731714,1.566512404731714,73.42042343426074,4.480998891457132,77.98456728953633,130.65750153446547,750.0,6220.353454107791,10885618.544688633,261.31500306893093,3.3508553313982827,True
29,6,7.0,0.3182758620689655,1.0446528248062814,0.7263769627373159,3.110176727053896,0.622035345410779,2.227692891136824,2.227692891136824,65.58880841875381,2.1756305232209323,73.31696623818436,141.396303742159,749.9999999999999,6220.353454107788,10885618.544688629,282.792607484318,3.8571236917470295,True
29,7,7.0,0.36965517241379314,1.0614353237443492,0.6917801513305561,3.110176727053896,0.622035345410779,3.0049793203520254,3.0049793203520254,59.393130443953396,1.1930867231532125,69.83050824983364,151.38542572827006,750.0000000000002,6220.353454107789,10885618.54468863,302.77085145654013,4.335796187725175,True
29,8,7.0,0.4210344827586207,1.0804027192078978,0.659368236449277,3.110176727053896,0.622035345410779,3.8983716923773164,3.8983716923773164,54.33200595263924,0.7154644549897139,67.14550714789466,160.7843515099602,750.0000000000001,6220.3534541077925,10885618.544688636,321.5687030199204,4.789132090575075,True
29,9,7.0,0.4724137931034483,1.1014421418823541,0.6290283487789059,3.110176727053896,0.622035345410779,4.907870007212697,4.907870007212697,50.09846116054564,0.4593539495607914,65.03216821228405,169.6990181939057,749.9999999999997,6220.353454107788,10885618.544688629,339.3980363878114,5.218925429026397,True
29,10,7.0,0.5237931034482759,1.1244372882557643,0.6006441848074884,3.110176727053896,0.622035345410779,6.033474264858168,6.033474264858168,46.492115916801644,0.3111809772094864,63.3423466989615,178.20306338811716,750.0000000000001,6220.353454107791,10885618.544688633,356.4061267762343,5.626664393570338,True
29,11,7.0,0.5751724137931035,1.1492707712234682,0.5740983574303647,3.110176727053896,0.622035345410779,7.275184465313729,7.275184465313729,43.37551951966148,0.22010490145930403,61.97579331824797,186.34959570452418,750.0000000000001,6220.3534541077925,10885618.544688636,372.69919140904835,6.013625182580952,True
29,12,7.0,0.626551724137931,1.1758261193816941,0.5492743952437631,3.110176727053896,0.622035345410779,8.63300060857938,8.63300060857938,40.650582589972196,0.16129299337575306,60.86202209111994,194.1781562442145,750.0,6220.353454107788,10885618.544688629,388.356312488429,6.3809301621132315,True
29,13,7.0,0.6779310344827586,1.2039894050675295,0.5260583705847709,3.110176727053896,0.622035345410779,10.106922694655122,10.106922694655122,38.24500935238761,0.12172868710476643,59.94991744968875,201.71904507559597,750.0000000000001,6220.35345410779,10885618.544688633,403.43809015119194,6.729585415855923,True
29,14,7.0,0.7293103448275863,1.2336505092904282,0.5043401644628419,3.110176727053896,0.622035345410779,11.696950723540954,11.696950723540954,36.10406916498382,0.09417920622781356,59.201456252214086,208.99611425143266,749.9999999999999,6220.353454107787,10885618.544688627,417.9922285028653,7.0605058551618445,True
29,15,7.0,0.7806896551724138,1.2647040514259542,0.48401439625354037,3.110176727053896,0.622035345410779,13.403084695236876,13.403084695236876,34.1853860636945,0.07442360020028661,58.58774718473238,216.0286246443991,750.0,6220.353454107788,10885618.544688629,432.0572492887982,7.37453256098896,True
29,16,7.0,0.8320689655172414,1.2970500234674576,0.46498105795021616,3.110176727053896,0.622035345410779,15.225324609742886,15.225324609742886,32.45551689264971,0.05989342934248069,58.0864391778628,222.83250899079286,750.0000000000001,6220.353454107787,10885618.544688627,445.6650179815857,7.672445140197752,True
29,17,7.0,0.883448275862069,1.3305941740905312,0.4471458982284622,3.110176727053896,0.622035345410779,17.163670467058992,17.163670467058992,30.887632640128743,0.048968422939189245,57.67997200681143,229.42124668009873,750.0,6220.353454107789,10885618.54468863,458.84249336019747,7.954970805221832,True
29,18,7.0,0.9348275862068965,1.3652481884014396,0.43042060219454303,3.110176727053896,0.622035345410779,19.21812226718518,19.21812226718518,29.45990398625557,0.040593829341910345,57.354363320442964,235.80647848320586,750.0000000000001,6220.3534541077925,10885618.544688636,471.61295696641173,8.222791251843843,True
29,19,7.0,0.9862068965517242,1.4009297065899429,0.41472281003821865,3.110176727053896,0.622035345410779,21.38868001012147,21.38868001012147,28.154349996957635,0.03406380873319977,57.0983478316028,241.9984437314003,750.0000000000002,6220.353454107789,10885618.54468863,483.9968874628006,8.476548023600044,True
29,20,7.0,1.0375862068965518,1.4375622201289147,0.39997601323236287,3.110176727053896,0.622035345410779,23.675343695867838,23.675343695867838,26.95599953704135,0.02889431709636756,56.90275390228687,248.0062944401574,749.9999999999999,6220.353454107778,10885618.544688612,496.0125888803148,8.7168468108251,True
29,21,7.0,1.0889655172413792,1.47507487868948,0.3861093614481008,3.110176727053896,0.622035345410779,26.078113324424294,26.078113324424294,25.8522688310742,0.024746091956467948,56.76004394133365,253.83832312491722,750.0000000000002,6220.353454107791,10885618.544688633,507.67664624983445,8.944260980040143,True
29,22,7.0,1.140344827586207,1.513402235297218,0.37305740771101115,3.110176727053896,0.622035345410779,28.596988895790854,28.596988895790854,24.832491590910276,0.02137664898998718,56.663970206007406,259.50212950620624,749.9999999999998,6220.353454107787,10885618.544688627,519.0042590124125,9.159334531723099,True
29,23,7.0,1.1917241379310346,1.5524839519065785,0.3607598139755439,3.110176727053896,0.622035345410779,31.231970409967502,31.231970409967502,23.887558890554658,0.01860959001947747,56.609313417882454,265.0047436133825,750.0000000000002,6220.353454107797,10885618.544688644,530.009487226765,9.362584621267267,True
29,24,7.0,1.243103448275862,1.5922644827777008,0.3491610345018388,3.110176727053896,0.622035345410779,33.98305786695422,33.98305786695422,23.00963935487188,0.01631452397526271,56.59168179416453,270.35271758314104,750.0000000000005,6220.353454107792,10885618.544688635,540.7054351662821,9.55450373666112,True
29,25,7.0,1.2944827586206897,1.6326927489170249,0.33820999029633514,3.110176727053896,0.622035345410779,36.85025126675106,36.85025126675106,22.191959049200683,0.014393655011520914,56.60735480960303,275.55219486042375,749.9999999999998,6220.353454107785,10885618.544688623,551.1043897208475,9.735561599273963,True
29,26,7.0,1.3458620689655172,1.6737218134087106,0.32785974444319343,3.110176727053896,0.622035345410779,39.833550609357964,39.833550609357964,21.42862638568664,0.012772652808338194,56.65316051870618,280.60896300909803,749.9999999999999,6220.353454107787,10885618.544688627,561.2179260181961,9.90620683611974,True
29,27,7.0,1.3972413793103449,1.7153085646778177,0.3180671853674728,3.110176727053896,0.622035345410779,42.93295589477496,42.93295589477496,20.71449142022173,0.01139432936790234,56.726378360520435,285.5284945807106,749.9999999999999,6220.353454107794,10885618.54468864,571.0569891614213,10.066868459891966,True
29,28,7.0,1.4486206896551725,1.7574134125176772,0.3087927228625047,3.110176727053896,0.622035345410779,46.148467123002064,46.148467123002064,20.04503173840446,0.01021418949390418,56.82466152294009,290.3159792424146,750.0,6220.353454107772,10885618.544688601,580.6319584848292,10.217957184847082,True
29,29,7.0,1.5,1.8,0.30000000000000004,3.110176727053896,0.622035345410779,49.480084294039244,49.480084294039244,19.416259125557,0.009197253634876112,56.94597446828132,294.97634947540865,750.0000000000006,6220.353454107799,10885618.544688648,589.9526989508173,10.359866600920467,True
