row_i,col_j,solenoid_length_m,ri,rf,th,a,a_sc,v,v_bore,b0,scan,je_sc,je_max,stress,rebco_pancake_length,rebco_total_length,j_crit,margin,converged
0,0,10.0,0.01,0.07812809993849779,0.06812809993849779,0.018862122292152797,0.0037724244584305586,0.003141592653589793,0.003141592653589793,23.098226934534893,449718775040.3965,269.8129098610035,269.8023153634095,31.159548146694583,37.72424458430558,94310.61146076395,539.604630726819,1.9999214678230224,True
0,1,10.0,0.08842105263157894,0.11756820381581216,0.029147151184233222,0.018862122292152797,0.0037724244584305586,0.2456185901798291,0.2456185901798291,12.976295035049503,2209436.6011313507,354.3541040152295,354.3650566308738,203.24558951567207,37.72424458430559,94310.61146076398,708.7301132617476,2.0000618173489184,True
0,2,10.0,0.1668421052631579,0.1839572996340253,0.017115194370867393,0.018862122292152797,0.0037724244584305586,0.8745027816248885,0.8745027816248885,8.803190728793517,151352.89794767305,409.5582515334502,409.5640388283525,300.58284354817545,37.72424458430557,94310.61146076393,819.128077656705,2.000028261156408,True
0,3,10.0,0.24526315789473685,0.2572120071468253,0.011948849252088445,0.018862122292152797,0.0037724244584305586,1.8897941669887677,1.8897941669887677,6.682858307696714,34929.401451372345,445.6295429149991,445.6386478570641,364.74628758519356,37.72424458430541,94310.61146076352,891.2772957141282,2.0000408632785227,True
0,4,10.0,0.3236842105263158,0.33282948809269325,0.009145277566377452,0.018862122292152797,0.0037724244584305586,3.2914927462714667,3.2914927462714667,5.4018656006186125,12870.746316118222,471.0543238675032,471.047244184303,410.93422492507193,37.724244584304856,94310.61146076214,942.094488368606,1.9999699411178649,True
0,5,10.0,0.40210526315789474,0.409502921429481,0.007397658271586283,0.018862122292152797,0.0037724244584305586,5.079598519472986,5.079598519472986,4.5402529420633195,6072.0734502515525,490.00626529299655,490.01155167884673,445.82634594813646,37.72424458430591,94310.61146076476,980.0231033576935,2.000021576809215,True
0,6,10.0,0.4805263157894737,0.48673354123812435,0.006207225448650655,0.018862122292152797,0.0037724244584305586,7.254111486593324,7.254111486593324,3.9189217734552764,3335.3496822805955,504.7559004587535,504.7633668320785,473.0564697777635,37.72424458430573,94310.61146076432,1009.526733664157,2.0000295840952753,True
0,7,10.0,0.5589473684210526,0.564292619715002,0.00534525129394936,0.018862122292152797,0.0037724244584305586,9.815031647632482,9.815031647632482,3.448365662847486,2030.7801425394314,516.6041359896241,516.601170182115,494.7542718114881,37.72424458430611,94310.61146076529,1033.20234036423,1.999988518065178,True
0,8,10.0,0.6373684210526316,0.6420611373966848,0.004692716344053216,0.018862122292152797,0.0037724244584305586,12.762359002590461,12.762359002590461,3.078744869975702,1331.9579320098146,526.338743112519,526.33579207534,512.2403449242762,37.72424458430437,94310.61146076093,1052.67158415068,1.9999887865477601,True
0,9,10.0,0.7157894736842105,0.7199712290342712,0.004181755350060712,0.018862122292152797,0.0037724244584305586,16.096093551467263,16.096093551467263,2.78025110305721,924.0258582663002,534.4982991254332,534.4957793356065,526.44726039072,37.72424458430558,94310.61146076395,1068.991558671213,1.99999057138318,True
0,10,10.0,0.7942105263157895,0.7979814284247493,0.003770902108959806,0.018862122292152797,0.0037724244584305586,19.81623529426288,19.81623529426288,2.5338133043137208,669.760535208171,541.4467187538303,541.4446808412616,538.0216413140896,37.72424458430529,94310.61146076322,1082.8893616825233,1.9999924723430835,True
0,11,10.0,0.8726315789473684,0.8760649933516218,0.0034334144042533765,0.018862122292152797,0.0037724244584305586,23.922784230977317,23.922784230977317,2.3266644388972977,502.8607643596926,547.4423594144074,547.4407458821988,547.4347283910315,37.72424458430523,94310.61146076309,1094.8814917643977,1.9999941051978136,True
0,12,10.0,0.9510526315789474,0.9542039132351329,0.0031512816561855006,0.018862122292152797,0.0037724244584305586,28.415740361610577,28.415740361610577,2.1499254630072744,388.625807085959,552.6740564497685,552.6727881743788,555.0399933046175,37.72424458430487,94310.61146076217,1105.3455763487575,1.9999954104037454,True
0,13,10.0,1.0294736842105263,1.0323856190794185,0.0029119348688921853,0.018862122292152797,0.0037724244584305586,33.295103686162655,33.295103686162655,1.9972242323931644,307.6899356472294,557.283231142806,557.2822348719094,561.109195946231,37.724244584301196,94310.61146075299,1114.5644697438188,1.9999964245437833,True
0,14,10.0,1.1078947368421053,1.110601075059104,0.002706338216998727,0.018862122292152797,0.0037724244584305586,38.560874204633556,38.560874204633556,1.8638657023351652,248.66068892647664,561.3780078857525,561.3772231661186,565.8558403847012,37.72424458430035,94310.61146075088,1122.7544463322372,1.9999972043093144,True
0,15,10.0,1.1863157894736842,1.1888436198064785,0.0025278303327942453,0.018862122292152797,0.0037724244584305586,44.21305191702327,44.21305191702327,1.7463121982675844,204.53421688000503,565.042537870576,565.0419170665285,569.4509285600836,37.72424458430648,94310.6114607662,1130.083834133057,1.999997802628985,True
0,16,10.0,1.2647368421052632,1.2671082352263334,0.0023713931210702643,0.018862122292152797,0.0037724244584305586,50.25163682333181,50.25163682333181,1.641846226377508,170.84064892577135,568.3433369109604,568.3428432277552,572.0338286779898,37.724244584302205,94310.6114607555,1136.6856864555104,1.999998262728977,True
0,17,10.0,1.343157894736842,1.3453910696128117,0.0022331748759696346,0.018862122292152797,0.0037724244584305586,56.67662892355917,56.67662892355917,1.5483327298664558,144.63873777885698,571.3291738929062,571.3337022979639,573.7108520317482,37.72424458430008,94310.6114607502,1142.6674045959278,2.0000158521751197,True
0,18,10.0,1.421578947368421,1.4236891176099886,0.002110170241567566,0.018862122292152797,0.0037724244584305586,63.48802821770534,63.48802821770534,1.4641159123144267,123.92165274683745,574.0530296237916,574.0568586847236,574.598583075727,37.72424458429809,94310.61146074523,1148.1137173694472,2.0000133404432496,True
0,19,10.0,1.5,1.502,0.0020000000000000018,0.018862122292152797,0.0037724244584305586,70.68583470577035,70.68583470577035,1.3878288161879007,107.3091935983745,576.5449928810272,576.5482421652872,574.7688261042094,37.72424458430704,94310.6114607676,1153.0964843305744,2.0000112715722107,True
1,0,10.0,0.01,0.24061018922293098,0.23061018922293097,0.1815628909638235,0.03631257819276469,0.003141592653589793,0.003141592653589793,49.52779600102303,21274510961.624023,170.97608690953203,170.98489231557565,42.32331264476029,363.125781927647,907814.4548191174,341.9697846311513,2.000103001609205,True
1,1,10.0,0.08842105263157894,0.25614750771063755,0.1677264550790586,0.1815628909638235,0.03631257819276469,0.2456185901798291,0.2456185901798291,40.80560342225173,22594.626753291377,193.7252798604653,193.7133721740754,349.2640308009197,363.125781927647,907814.4548191174,387.4267443481508,1.9998770662620957,True
1,2,10.0,0.1668421052631579,0.2926252744493157,0.12578316918615778,0.1815628909638235,0.03631257819276469,0.8745027816248885,0.8745027816248885,34.13892990401213,669.1932790587861,216.21548732401567,216.20537747514692,615.0962460254382,363.1257819276469,907814.4548191173,432.41075495029384,1.9999064835827083,True
1,3,10.0,0.24526315789473685,0.34343453492389675,0.0981713770291599,0.1815628909638235,0.03631257819276469,1.8897941669887677,1.8897941669887677,27.4679877518419,122.38629173769121,223.0438398070808,245.39973565167438,749.9999999999999,363.1257819276473,907814.4548191183,490.79947130334875,2.2004618990054157,True
1,4,10.0,0.3236842105263158,0.4031931687193361,0.07950895819302028,0.1815628909638235,0.03631257819276469,3.2914927462714667,3.2914927462714667,21.51779846414532,51.119604681945496,215.93381976142354,280.00771885992003,750.0,363.1257819276469,907814.4548191173,560.0154377198401,2.5934586733035996,True
1,5,10.0,0.40210526315789474,0.4684889601870832,0.06638369702918845,0.1815628909638235,0.03631257819276469,5.079598519472986,5.079598519472986,17.640520710330172,26.644747480547935,212.26716659889598,309.0752222766766,749.9999999999998,363.1257819276478,907814.4548191194,618.1504445533532,2.9121340547284067,True
1,6,10.0,0.4805263157894737,0.5373069916947849,0.05678067590531122,0.1815628909638235,0.03631257819276469,7.254111486593324,7.254111486593324,14.924240956133875,15.857646844072741,210.2432725645486,333.7774846333711,749.9999999999998,363.12578192764647,907814.4548191162,667.5549692667422,3.175154957987017,True
1,7,10.0,0.5589473684210526,0.6084533045540262,0.049505936132973605,0.1815628909638235,0.03631257819276469,9.815031647632482,9.815031647632482,12.920929065317859,10.302465927660798,209.10654773300567,354.99122738904754,750.0000000000001,363.12578192764573,907814.4548191143,709.9824547780951,3.3953143145217277,True
1,8,10.0,0.6373684210526316,0.6811987722486141,0.04383035119598255,0.1815628909638235,0.03631257819276469,12.762359002590461,12.762359002590461,11.38525509367087,7.122201401360312,208.49813179646594,373.3846610117019,750.0,363.1257819276456,907814.4548191141,746.7693220234038,3.581659536174614,True
1,9,10.0,0.7157894736842105,0.755081342502259,0.03929186881804847,0.1815628909638235,0.03631257819276469,16.096093551467263,16.096093551467263,10.172067901136044,5.156834688984149,208.23106670874495,389.4725286034236,750.0000000000001,363.12578192764477,907814.454819112,778.9450572068472,3.7407725442638493,True
1,10,10.0,0.7942105263157895,0.8297973386729425,0.035586812357153,0.1815628909638235,0.03631257819276469,19.81623529426288,19.81623529426288,9.190249169814287,3.869981216478378,208.20060273532098,403.65538523251706,749.9999999999998,363.1257819276461,907814.4548191152,807.3107704650341,3.877562119699257,True
1,11,10.0,0.8726315789473684,0.9051403955929003,0.032508816645531846,0.1815628909638235,0.03631257819276469,23.922784230977317,23.922784230977317,8.379839090885083,2.988409042049789,208.34447617615047,416.2482590123568,749.9999999999999,363.1257819276463,907814.4548191158,832.4965180247136,3.9957695702038047,True
1,12,10.0,0.9510526315789474,0.9809660397746375,0.029913408195690105,0.1815628909638235,0.03631257819276469,28.415740361610577,28.415740361610577,7.699831731601012,2.362111058480157,208.62380544068267,427.5015940762834,749.9999999999998,363.12578192765153,907814.4548191288,855.0031881525668,4.09830118066592,True
1,13,10.0,1.0294736842105263,1.0571704354738118,0.027696751263285524,0.1815628909638235,0.03631257819276469,33.295103686162655,33.295103686162655,7.121268360099766,1.9036679104768528,209.0132639989835,437.6165945734916,750.0,363.12578192765227,907814.4548191307,875.2331891469832,4.1874528553902675,True
1,14,10.0,1.1078947368421053,1.133677207621434,0.025782470779328825,0.1815628909638235,0.03631257819276469,38.560874204633556,38.560874204633556,6.623134567382774,1.5595930227647157,209.49573403265285,446.756534390006,750.0,363.125781927658,907814.454819145,893.513068780012,4.265065696472585,True
1,15,10.0,1.1863157894736842,1.210429021261662,0.02411323178797775,0.1815628909638235,0.03631257819276469,44.21305191702327,44.21305191702327,6.1898213775051945,1.2958091925884208,210.05925658428188,455.0551630941906,749.9999999999997,363.12578192764283,907814.4548191071,910.1103261883812,4.332636137951952,True
1,16,10.0,1.2647368421052632,1.2873820501064506,0.02264520800118741,0.1815628909638235,0.03631257819276469,50.25163682333181,50.25163682333181,5.809498363141505,1.0898496627653964,210.69521967236633,462.6230136623306,749.9999999999999,363.1257819276426,907814.4548191065,925.2460273246612,4.391395442020138,True
1,17,10.0,1.343157894736842,1.36450225113475,0.021344356397907882,0.1815628909638235,0.03631257819276469,56.67662892355917,56.67662892355917,5.473039202819448,0.9264619014940209,211.3972434029332,469.55218344168145,750.0000000000001,363.12578192765653,907814.4548191413,939.1043668833629,4.442368082791814,True
1,18,10.0,1.421578947368421,1.4417627983683734,0.020183850999952346,0.1815628909638235,0.03631257819276469,63.48802821770534,63.48802821770534,5.173293112105306,0.7950248378962445,212.16047263170674,475.91999449223243,750.0000000000002,363.12578192765363,907814.4548191341,951.8399889844649,4.486415292997491,True
1,19,10.0,1.5,1.5191422787737476,0.019142278773747634,0.1815628909638235,0.03631257819276469,70.68583470577035,70.68583470577035,4.904579181482277,0.6879763874675793,212.9811159772267,481.7918235830357,750.0,363.12578192765585,907814.4548191397,963.5836471660714,4.524267997868431,True
2,0,10.0,0.01,0.33118352361763015,0.32118352361763014,0.34426365963549416,0.06885273192709881,0.003141592653589793,0.003141592653589793,60.376741662373696,9633340411.316147,149.70402235625576,149.69674893297903,45.15919853847006,688.5273192709877,1721318.2981774693,299.39349786595807,1.999902829287253,True
2,1,10.0,0.08842105263157894,0.3426380143303802,0.25421696169880126,0.34426365963549416,0.06885273192709881,0.2456185901798291,0.2456185901798291,52.498789076790274,8246.833844518022,164.5070179966589,164.51521754847965,381.4256276813311,688.5273192709881,1721318.2981774702,329.0304350969593,2.000099686346766,True
2,2,10.0,0.1668421052631579,0.37070043755629967,0.20385833229314176,0.34426365963549416,0.06885273192709881,0.8745027816248885,0.8745027816248885,45.93684605294382,204.1298377137428,179.58874679434533,179.59677168878525,687.162866103295,688.527319270988,1721318.29817747,359.1935433775705,2.000089369680263,True
2,3,10.0,0.24526315789473685,0.4119909500660033,0.16672779217126643,0.34426365963549416,0.06885273192709881,1.8897941669887677,1.8897941669887677,35.79632177196404,42.43132006363451,171.2286106488924,210.09004165688162,749.9999999999997,688.5273192709881,1721318.2981774702,420.18008331376325,2.4539128228713523,True
2,4,10.0,0.3236842105263158,0.4629837950294089,0.1392995845030931,0.34426365963549416,0.06885273192709881,3.2914927462714667,3.2914927462714667,28.481621759692654,16.654054075504575,163.21437161896216,240.412853675899,750.0,688.5273192709885,1721318.2981774714,480.825707351798,2.9459765251207566,True
2,5,10.0,0.40210526315789474,0.5208369888699047,0.11873172571200996,0.34426365963549416,0.06885273192709881,5.079598519472986,5.079598519472986,23.591962693730537,8.329154523052384,158.79585599542295,266.7792631700306,750.0,688.5273192709884,1721318.2981774712,533.5585263400612,3.36002802463208,True
2,6,10.0,0.4805263157894737,0.5835135529548515,0.10298723716537783,0.34426365963549416,0.06885273192709881,7.254111486593324,7.254111486593324,20.099427017961446,4.820288617661557,156.18611695483517,289.9203985329511,750.0000000000002,688.52731927099,1721318.298177475,579.8407970659022,3.712498961950482,True
2,7,10.0,0.5589473684210526,0.6496188782514016,0.090671509830349,0.34426365963549416,0.06885273192709881,9.815031647632482,9.815031647632482,17.486404782559447,3.071242057177172,154.5874416766809,310.3692775738072,750.0000000000005,688.5273192709865,1721318.2981774663,620.7385551476144,4.015452668179133,True
2,8,10.0,0.6373684210526316,0.7182068159457372,0.08083839489310563,0.34426365963549416,0.06885273192709881,12.762359002590461,12.762359002590461,15.461945255893491,2.0937691093863373,153.60134657430856,328.54742123857005,750.0000000000005,688.5273192709848,1721318.2981774618,657.0948424771401,4.277923710514177,True
2,9,10.0,0.7157894736842105,0.7886298859115779,0.07284041222736737,0.34426365963549416,0.06885273192709881,16.096093551467263,16.096093551467263,13.849819240943564,1.50052691761241,153.01189944326094,344.7970651701057,749.9999999999999,688.5273192709874,1721318.2981774686,689.5941303402114,4.506800666152916,True
2,10,10.0,0.7942105263157895,0.8604376133262612,0.06622708701047175,0.34426365963549416,0.06885273192709881,19.81623529426288,19.81623529426288,12.537200423103862,1.117418166626751,152.6944152648725,359.39880902641175,750.0000000000001,688.52731927099,1721318.298177475,718.7976180528235,4.707425722191318,True
2,11,10.0,0.8726315789473684,0.9333104515068749,0.060678872559506436,0.34426365963549416,0.06885273192709881,23.922784230977317,23.922784230977317,11.448638708844303,0.8577630975590796,152.57306832158378,372.5840413849849,749.9999999999999,688.5273192709909,1721318.2981774772,745.1680827699698,4.884007977078577,True
2,12,10.0,0.9510526315789474,1.007017196650102,0.05596456507115466,0.34426365963549416,0.06885273192709881,28.415740361610577,28.415740361610577,10.531854539576381,0.6748478079761715,152.59969561168896,384.5445576364132,750.0,688.5273192709899,1721318.2981774746,769.0891152728263,5.039912512210248,True
2,13,10.0,1.0294736842105263,1.081387346327755,0.0519136621172287,0.34426365963549416,0.06885273192709881,33.295103686162655,33.295103686162655,9.749532018091099,0.5418580358246855,152.7425410746191,395.44018903170485,750.0000000000005,688.5273192709811,1721318.2981774528,790.8803780634097,5.177865789708461,True
2,14,10.0,1.1078947368421053,1.156292901577376,0.0483981647352707,0.34426365963549416,0.06885273192709881,38.560874204633556,38.560874204633556,9.074354859087373,0.44259098646972644,152.97997130884397,405.4048763404867,749.9999999999999,688.5273192709855,1721318.2981774637,810.8097526809734,5.300103966185667,True
2,15,10.0,1.1863157894736842,1.2316361795069029,0.04532039003321864,0.34426365963549416,0.06885273192709881,44.21305191702327,44.21305191702327,8.485886633762496,0.36682980974401996,153.29681386135553,414.5515044898307,750.0,688.5273192709825,1721318.2981774563,829.1030089796614,5.408481677443847,True
2,16,10.0,1.2647368421052632,1.3073415032401376,0.04260466113487449,0.34426365963549416,0.06885273192709881,50.25163682333181,50.25163682333181,7.968545087764288,0.3078966697861285,153.68214341575586,422.97575311670465,750.0,688.5273192709896,1721318.298177474,845.9515062334093,5.504553017228938,True
2,17,10.0,1.343157894736842,1.3833494339861117,0.04019153924926955,0.34426365963549416,0.06885273192709881,56.67662892355917,56.67662892355917,7.510249179395924,0.2612909780364097,154.1278995181011,430.75916967229523,750.0,688.527319270994,1721318.298177485,861.5183393445905,5.58963264949583,True
2,18,10.0,1.421578947368421,1.4596126986008642,0.038033751232443125,0.34426365963549416,0.06885273192709881,63.48802821770534,63.48802821770534,7.101492794159347,0.22389811475977245,154.62799866532924,437.9716302854469,749.9999999999998,688.5273192709828,1721318.2981774572,875.9432605708938,5.664842513203259,True
2,19,10.0,1.5,1.536093267453441,0.0360932674534411,0.34426365963549416,0.06885273192709881,70.68583470577035,70.68583470577035,6.734696544783057,0.1935122251289382,155.17774942968282,444.6733187821782,749.9999999999999,688.5273192710025,1721318.2981775063,889.3466375643565,5.731147930891694,True
3,0,10.0,0.01,0.40183552540023654,0.39183552540023653,0.5069644283071648,0.10139288566143294,0.003141592653589793,0.003141592653589793,67.89175416048033,6025422082.059281,138.0325989850939,138.04137888563824,46.80479979026392,1013.9288566143292,2534822.1415358232,276.0827577712765,2.000127214884149,True
3,1,10.0,0.08842105263157894,0.4113272079770077,0.32290615534542877,0.5069644283071648,0.10139288566143294,0.2456185901798291,0.2456185901798291,60.54524947044461,4661.912279301281,149.42051333468427,149.41159813012186,399.3922591660807,1013.9288566143294,2534822.1415358237,298.8231962602437,1.9998806696033435,True
3,2,10.0,0.1668421052631579,0.4349805484873166,0.2681384432241587,0.5069644283071648,0.10139288566143294,0.8745027816248885,0.8745027816248885,54.17437575934507,105.52989916640449,161.087304081928,161.0978311499442,726.598587803413,1013.9288566143292,2534822.1415358232,322.1956622998884,2.000130700157609,True
3,3,10.0,0.24526315789473685,0.4706652803151968,0.22540212242045993,0.5069644283071648,0.10139288566143294,1.8897941669887677,1.8897941669887677,41.621085650685124,23.215954256119097,147.3301779277844,191.3081357294259,749.9999999999998,1013.9288566143293,2534822.1415358232,382.6162714588518,2.5969986382993144,True
3,4,10.0,0.3236842105263158,0.5158907419383764,0.19220653141206057,0.5069644283071648,0.10139288566143294,3.2914927462714667,3.2914927462714667,33.4559891667903,8.747487481884948,139.01034882138205,218.84101869976922,749.9999999999999,1013.9288566143294,2534822.1415358237,437.68203739953844,3.148557219735685,True
3,5,10.0,0.40210526315789474,0.5683840533767321,0.1662787902188374,0.5069644283071648,0.10139288566143294,5.079598519472986,5.079598519472986,27.918951917875955,4.246789816684379,134.24783445761992,243.15322787319369,749.9999999999999,1013.9288566143288,2534822.141535822,486.30645574638737,3.622452888801772,True
3,6,10.0,0.4805263157894737,0.6263204688016265,0.14579415301215282,0.5069644283071648,0.10139288566143294,7.254111486593324,7.254111486593324,23.9145397405429,2.4052467873573913,131.33208236200772,264.84406412796767,750.0000000000001,1013.9288566143316,2534822.141535829,529.6881282559353,4.033196753828109,True
3,7,10.0,0.5589473684210526,0.6883269209746951,0.12937955255364242,0.5069644283071648,0.10139288566143294,9.815031647632482,9.815031647632482,20.888051330895873,1.5084275356645198,129.4750049272003,284.3154926795172,749.9999999999998,1013.9288566143272,2534822.141535818,568.6309853590344,4.391820534617918,True
3,8,10.0,0.6373684210526316,0.7533991595620536,0.11603073850942203,0.5069644283071648,0.10139288566143294,12.762359002590461,12.762359002590461,18.52430055064726,1.0162909040728425,128.27084227235162,301.8773784304189,749.9999999999999,1013.9288566143289,2534822.1415358223,603.7547568608378,4.7068745021484535,True
3,9,10.0,0.7157894736842105,0.8208083577247512,0.10501888404054072,0.5069644283071648,0.10139288566143294,16.096093551467263,16.096093551467263,16.6299754216276,0.7218613382955674,127.4938233571712,317.78331532699275,750.0000000000001,1013.9288566143322,2534822.14153583,635.5666306539855,4.985077817248129,True
3,10,10.0,0.7942105263157895,0.8900236792268437,0.09581315291105419,0.5069644283071648,0.10139288566143294,19.81623529426288,19.81623529426288,15.079790497922758,0.533871540886707,127.01066456541648,332.24577936983974,750.0,1013.928856614333,2534822.1415358325,664.4915587396795,5.231777670113954,True
3,11,10.0,0.8726315789473684,0.9606548089974158,0.08802323005004742,0.5069644283071648,0.10139288566143294,23.922784230977317,23.922784230977317,13.789031048085944,0.4076127513093427,126.73883298782569,345.4445192610379,750.0000000000001,1013.9288566143332,2534822.141535833,690.8890385220758,5.4512813652658565,True
3,12,10.0,0.9510526315789474,1.032411205628322,0.08135857404937452,0.5069644283071648,0.10139288566143294,28.415740361610577,28.415740361610577,12.698427677762412,0.31931950774818807,126.62513864047791,357.5323540413985,750.0,1013.9288566143339,2534822.141535835,715.064708082797,5.647099112862998,True
3,13,10.0,1.0294736842105263,1.1050736880207033,0.07560000381017695,0.5069644283071648,0.10139288566143294,33.295103686162655,33.295103686162655,11.765322752902454,0.25550841972271526,126.6341066340512,368.6396838882629,749.9999999999998,1013.9288566143339,2534822.141535835,737.2793677765258,5.8221231812936844,True
3,14,10.0,1.1078947368421053,1.1784746655724603,0.07057992873035501,0.5069644283071648,0.10139288566143294,38.560874204633556,38.560874204633556,10.958268054392695,0.20811238246885536,126.74135663266735,378.8781664518223,749.9999999999999,1013.9288566143352,2534822.141535838,757.7563329036446,5.978761416447821,True
3,15,10.0,1.1863157894736842,1.252484308016773,0.0661685185430887,0.5069644283071648,0.10139288566143294,44.21305191702327,44.21305191702327,10.253593872940074,0.17208740102350867,126.92967983127629,388.3437554077075,750.0000000000003,1013.928856614324,2534822.14153581,776.687510815415,6.119037815645968,True
3,16,10.0,1.2647368421052632,1.3270007796727465,0.062263937567483385,0.5069644283071648,0.10139288566143294,50.25163682333181,50.25163682333181,9.633159865299245,0.14416042648648583,127.18663286147779,397.119218762271,749.9999999999999,1013.928856614321,2534822.1415358027,794.238437524542,6.244669110704168,True
3,17,10.0,1.343157894736842,1.4019432654952875,0.058785370758445366,0.5069644283071648,0.10139288566143294,56.67662892355917,56.67662892355917,9.082839872924552,0.12213922763038165,127.50301689478762,405.27622569686787,750.0000000000001,1013.9288566143325,2534822.141535831,810.5524513937357,6.357123706826355,True
3,18,10.0,1.421578947368421,1.4772469302979756,0.05566798292955455,0.5069644283071648,0.10139288566143294,63.48802821770534,63.48802821770534,8.591476620610882,0.10451479887754717,127.87189032004855,412.8770756321782,749.9999999999999,1013.9288566143149,2534822.1415357874,825.7541512643564,6.457667507671853,True
3,19,10.0,1.5,1.5528592304113351,0.05285923041133511,0.5069644283071648,0.10139288566143294,70.68583470577035,70.68583470577035,8.150145273175458,0.09022338863071691,128.287912416049,419.97613179054537,750.0000000000003,1013.9288566143335,2534822.141535834,839.9522635810907,6.547399889531692,True
4,0,10.0,0.01,0.461801962567916,0.451801962567916,0.6696651969788355,0.1339330393957671,0.003141592653589793,0.003141592653589793,73.80536569091322,4314235507.16338,130.18445173080838,130.17547273085992,47.9720082887592,1339.3303939576708,3348325.984894177,260.35094546171985,1.9998620572606163,True
4,1,10.0,0.08842105263157894,0.470084391551193,0.38166333891961407,0.6696651969788355,0.1339330393957671,0.2456185901798291,0.2456185901798291,66.82025936031583,3142.3297807209037,139.57197114112617,139.5803119106745,411.57756151252846,1339.3303939576708,3348325.984894177,279.160623821349,2.000119519262788,True
4,2,10.0,0.1668421052631579,0.4909147998586125,0.3240726945954546,0.6696651969788355,0.1339330393957671,0.8745027816248885,0.8745027816248885,60.50885724173072,67.80713299883635,148.9288308432126,149.47308026924603,750.0,1339.3303939576713,3348325.9848941783,298.94616053849205,2.0073088524626423,True
4,3,10.0,0.24526315789473685,0.5227954372907988,0.27753227939606195,0.6696651969788355,0.1339330393957671,1.8897941669887677,1.8897941669887677,46.18395857677139,15.313537854221742,132.8309999701073,178.97357542028783,749.9999999999999,1339.3303939576715,3348325.984894179,357.94715084057566,2.6947561256117107,True
4,4,10.0,0.3236842105263158,0.5638550529840299,0.24017084245771414,0.6696651969788355,0.1339330393957671,3.2914927462714667,3.2914927462714667,37.39813498827265,5.602463678145335,124.41251477241836,204.53001322914463,750.0,1339.3303939576715,3348325.984894179,409.06002645828926,3.2879331087114707,True
4,5,10.0,0.40210526315789474,0.6122497001149602,0.21014443695706542,0.6696651969788355,0.1339330393957671,5.079598519472986,5.079598519472986,31.386264587713978,2.6588796748363874,119.4717937703055,227.27974942510136,749.9999999999998,1339.3303939576708,3348325.984894177,454.5594988502027,3.804743232734342,True
4,6,10.0,0.4805263157894737,0.6663832176741727,0.18585690188469906,0.6696651969788355,0.1339330393957671,7.254111486593324,7.254111486593324,27.0010914639055,1.4800707322661601,116.37353097743575,247.77428376206203,750.0000000000002,1339.3303939576701,3348325.9848941755,495.54856752412405,4.258258414623584,True
4,7,10.0,0.5589473684210526,0.7249711810109413,0.16602381258988863,0.6696651969788355,0.1339330393957671,9.815031647632482,9.815031647632482,23.661937073106092,0.9160411339557524,114.35076993575323,266.35683567244996,750.0000000000002,1339.3303939576701,3348325.9848941755,532.7136713448999,4.658592781178469,True
4,8,10.0,0.6373684210526316,0.787019413220985,0.14965099216835342,0.6696651969788355,0.1339330393957671,12.762359002590461,12.762359002590461,21.037546586051665,0.6109489890022953,113.00095829317122,283.27972174976395,750.0000000000001,1339.330393957671,3348325.9848941774,566.5594434995279,5.0137578659256885,True
4,9,10.0,0.7157894736842105,0.8517720488890781,0.13598257520486756,0.6696651969788355,0.1339330393957671,16.096093551467263,16.096093551467263,18.923416080640322,0.43054847714740624,112.09593959337835,298.7460132210297,749.9999999999998,1339.3303939576722,3348325.9848941807,597.4920264420595,5.330184381427443,True
4,10,10.0,0.7942105263157895,0.9186573968255969,0.1244468705098074,0.6696651969788355,0.1339330393957671,19.81623529426288,19.81623529426288,17.18599701495548,0.3164601825598661,111.49877493123282,312.92625410294295,750.0000000000001,1339.3303939576754,3348325.9848941886,625.8525082058859,5.613088651349598,True
4,11,10.0,0.8726315789473684,0.9872420803469412,0.11461050139957274,0.6696651969788355,0.1339330393957671,23.922784230977317,23.922784230977317,15.734295605776314,0.2404327029663373,111.12344777965201,325.9663905180077,750.0,1339.3303939576729,3348325.984894182,651.9327810360154,5.866743644678309,True
4,12,10.0,0.9510526315789474,1.0571954221736017,0.10614279059465437,0.6696651969788355,0.1339330393957671,28.415740361610577,28.415740361610577,14.50419187783691,0.1876078924154905,110.91385106343783,337.9923868414567,750.0000000000002,1339.3303939576701,3348325.9848941755,675.9847736829134,6.094683100456768,True
4,13,10.0,1.0294736842105263,1.1282628767772045,0.09878919256667817,0.6696651969788355,0.1339330393957671,33.295103686162655,33.295103686162655,13.449237247523124,0.14963389437976424,110.8321889625855,349.1134465536358,749.9999999999999,1339.3303939576647,3348325.9848941616,698.2268931072716,6.299856563718845,True
4,14,10.0,1.1078947368421053,1.2002465582346058,0.09235182139250053,0.6696651969788355,0.1339330393957671,38.560874204633556,38.560874204633556,12.53499152047785,0.12155404670813975,110.8522745042831,359.4245291624061,749.9999999999999,1339.3303939576788,3348325.984894197,718.8490583248122,6.48474793629099,True
4,15,10.0,1.1863157894736842,1.272991046703059,0.08667525722937475,0.6696651969788355,0.1339330393957671,44.21305191702327,44.21305191702327,11.735402126290438,0.10029092104351771,110.95550472087147,369.0084266128168,750.0000000000003,1339.3303939576667,3348325.9848941667,738.0168532256336,6.651466775643513,True
4,16,10.0,1.2647368421052632,1.3463730286996884,0.08163618659442529,0.6696651969788355,0.1339330393957671,50.25163682333181,50.25163682333181,11.03041447000237,0.08385979628461585,111.12836280367549,377.93751302180914,749.9999999999999,1339.3303939576695,3348325.9848941737,755.8750260436183,6.801819148357131,True
4,17,10.0,1.343157894736842,1.420293695974704,0.07713580123786179,0.6696651969788355,0.1339330393957671,56.67662892355917,56.67662892355917,10.404351705284098,0.07093845123122446,111.36082275042412,386.27522897555946,750.0000000000001,1339.330393957677,3348325.9848941923,772.5504579511189,6.9373630588426725,True
4,18,10.0,1.421578947368421,1.4946731268851685,0.07309417951674746,0.6696651969788355,0.1339330393957671,63.48802821770534,63.48802821770534,9.844790250939846,0.06062101015576793,111.64530424588477,394.07734223517537,750.0000000000002,1339.3303939576613,3348325.984894153,788.1546844703507,7.059452162309835,True
4,19,10.0,1.5,1.569446097396014,0.06944609739601404,0.6696651969788355,0.1339330393957671,70.68583470577035,70.68583470577035,9.341763204016658,0.05227151841820676,111.97597234255458,401.393018286673,750.0,1339.3303939576585,3348325.984894146,802.786036573346,7.169270512047706,True
5,0,10.0,0.01,0.5148303757447433,0.5048303757447433,0.8323659656505062,0.1664731931301012,0.003141592653589793,0.003141592653589793,78.73040102193241,3331852293.9623804,124.32735792206475,124.3356707496926,48.85393934323634,1664.7319313010119,4161829.8282525297,248.6713414993852,2.0001337248336455,True
5,1,10.0,0.08842105263157894,0.5222725326282727,0.4338514799966937,0.8323659656505062,0.1664731931301012,0.2456185901798291,0.2456185901798291,72.04082542959641,2325.785552619125,132.42506795538586,132.41778100941943,420.85461921091456,1664.7319313010116,4161829.8282525293,264.83556201883886,1.9998899461245678,True
5,2,10.0,0.1668421052631579,0.541097591824355,0.3742554865611971,0.8323659656505062,0.1664731931301012,0.8745027816248885,0.8745027816248885,65.02521829038605,50.842150384370484,138.64004062304446,142.2448823807004,750.0000000000002,1664.7319313010123,4161829.8282525307,284.4897647614008,2.052002895288488,True
5,3,10.0,0.24526315789473685,0.5701792107837432,0.3249160528890064,0.8323659656505062,0.1664731931301012,1.8897941669887677,1.8897941669887677,49.97122409415107,11.172753163149526,122.81529807146617,169.9838741403161,750.0000000000002,1664.7319313010114,4161829.8282525283,339.9677482806322,2.7681221608305266,True
5,4,10.0,0.3236842105263158,0.6080475178253077,0.28436330729899195,0.8323659656505062,0.1664731931301012,3.2914927462714667,3.2914927462714667,40.693644096583846,3.9964326573379334,114.38699378984678,194.04880300951197,750.0000000000001,1664.7319313010125,4161829.828252531,388.09760601902394,3.392847326087105,True
5,5,10.0,0.40210526315789474,0.6531760547117089,0.2510707915538142,0.8323659656505062,0.1664731931301012,5.079598519472986,5.079598519472986,34.30668687347225,1.8626964887060706,109.35060098379662,215.56860418212477,749.9999999999997,1664.7319313010132,4161829.828252533,431.13720836424955,3.9427054308383243,True
5,6,10.0,0.4805263157894737,0.7041703316355202,0.22364401584604654,0.8323659656505062,0.1664731931301012,7.254111486593324,7.254111486593324,29.619015176609782,1.0221750910194844,106.13635486751113,235.07555569076314,750.0000000000002,1664.7319313010114,4161829.8282525283,470.1511113815263,4.429689638092535,True
5,7,10.0,0.5589473684210526,0.7598502987130383,0.2009029302919857,0.8323659656505062,0.1664731931301012,9.815031647632482,9.815031647632482,26.029045301680032,0.6255804942426316,104.00005306114,252.88401197797572,750.0000000000001,1664.7319313010128,4161829.828252532,505.76802395595143,4.863151595303691,True
5,8,10.0,0.6373684210526316,0.81926114270396,0.18189272165132842,0.8323659656505062,0.1664731931301012,12.762359002590461,12.762359002590461,23.19332165995918,0.4135552217668221,102.54604570956731,269.2142194521499,749.9999999999999,1664.731931301011,4161829.8282525274,538.4284389042998,5.250601670485142,True
5,9,10.0,0.7157894736842105,0.8816489587282417,0.16585948504403114,0.8323659656505062,0.1664731931301012,16.096093551467263,16.096093551467263,20.899123104782948,0.28940628279808295,101.54709809344553,284.238496866011,750.0000000000001,1664.7319313010073,4161829.828252518,568.476993732022,5.598160896817543,True
5,10,10.0,0.7942105263157895,0.9464252088254396,0.1522146825096501,0.8323659656505062,0.1664731931301012,19.81623529426288,19.81623529426288,19.0068879828934,0.21153096056697998,100.86509472347385,298.1001138307311,750.0000000000003,1664.7319313010132,4161829.828252533,596.2002276614622,5.910867672270291,True
5,11,10.0,0.8726315789473684,1.0131318711627084,0.14050029221534,0.8323659656505062,0.1664731931301012,23.922784230977317,23.922784230977317,17.421025347771845,0.15998818400114026,100.41228451783027,310.9218510129092,750.0000000000001,1664.7319313010094,4161829.828252523,621.8437020258184,6.192904633251295,True
5,12,10.0,0.9510526315789474,1.0814117734807194,0.130359141901772,0.8323659656505062,0.1664731931301012,28.415740361610577,28.415740361610577,16.073817468592683,0.12437959016897299,100.1308531302644,322.8104679221704,750.0,1664.7319313010098,4161829.8282525246,645.6209358443408,6.4477722466263785,True
5,13,10.0,1.0294736842105263,1.1509849617920593,0.12151127758153302,0.8323659656505062,0.1664731931301012,33.295103686162655,33.295103686162655,14.915960697020155,0.09890441453937696,99.98151855301107,333.8594560396635,750.0,1664.7319313010207,4161829.8282525516,667.718912079327,6.678423390071802,True
5,14,10.0,1.1078947368421053,1.2216304939350162,0.11373575709291095,0.8323659656505062,0.1664731931301012,38.560874204633556,38.560874204633556,13.910726864285726,0.08014313118089911,99.93686632709279,344.15100682272197,750.0000000000001,1664.731931301024,4161829.82825256,688.3020136454439,6.887368385082592,True
5,15,10.0,1.1863157894736842,1.2931726366359768,0.1068568471622926,0.8323659656505062,0.1664731931301012,44.21305191702327,44.21305191702327,13.030215075490883,0.06598529855517699,99.97730475964646,353.75756592354884,750.0000000000001,1664.7319313010196,4161829.828252549,707.5151318470977,7.076757405573408,True
5,16,10.0,1.2647368421052632,1.3654704667505142,0.10073362464525104,0.8323659656505062,0.1664731931301012,50.25163682333181,50.25163682333181,12.252866655278321,0.05507700296743298,100.08853023838782,362.7431278073513,750.0,1664.7319313010078,4161829.8282525195,725.4862556147026,7.248445490075252,True
5,17,10.0,1.343157894736842,1.4384100409769738,0.09525214624013167,0.8323659656505062,0.1664731931301012,56.67662892355917,56.67662892355917,11.561772299696429,0.0465204762842529,100.25989410039196,371.16434037323006,750.0000000000002,1664.7319313010182,4161829.8282525456,742.3286807464601,7.404044133571033,True
5,18,10.0,1.421578947368421,1.5118984818401602,0.09031953447173913,0.8323659656505062,0.1664731931301012,63.48802821770534,63.48802821770534,10.943491757683336,0.039703187891995284,100.48332432842652,379.0714562083458,750.0,1664.7319313010116,4161829.8282525293,758.1429124166916,7.544962484906708,True
5,19,10.0,1.5,1.5858594880346346,0.08585948803463461,0.8323659656505062,0.1664731931301012,70.68583470577035,70.68583470577035,10.387214002813053,0.03419670146706818,100.75259791017524,386.50915401838483,750.0000000000001,1664.7319313010134,4161829.8282525335,773.0183080367697,7.672440453852563,True
6,0,10.0,0.01,0.5628850494971139,0.5528850494971139,0.9950667343221768,0.19901334686443534,0.003141592653589793,0.003141592653589793,83.0025513278213,2697055148.936051,119.72266360456447,119.71541414918859,49.580188972439025,1990.1334686443538,4975333.671610884,239.43082829837718,1.9998788958555112,True
6,1,10.0,0.08842105263157894,0.5696997994521719,0.4812787468205929,0.9950667343221768,0.19901334686443534,0.2456185901798291,0.2456185901798291,76.53696731470966,1825.5737822130711,126.87259637459002,126.86396775131075,428.21476417907553,1990.133468644353,4975333.6716108825,253.7279355026215,1.9998639797162534,True
6,2,10.0,0.1668421052631579,0.5870058492349213,0.42016374397176337,0.9950667343221768,0.19901334686443534,0.8745027816248885,0.8745027816248885,68.89806391033328,40.33881292762814,130.89827849458993,136.62962637194568,750.0000000000001,1990.1334686443533,4975333.671610883,273.25925274389135,2.0875694920249486,True
6,3,10.0,0.24526315789473685,0.6139166031049063,0.3686534452101694,0.9950667343221768,0.19901334686443534,1.8897941669887677,1.8897941669887677,53.22841719254551,8.67892524793553,115.347429882742,163.0076976474004,749.9999999999998,1990.133468644353,4975333.6716108825,326.0153952948008,2.826377628233383,True
6,4,10.0,0.3236842105263158,0.6492388213064686,0.3255546107801528,0.9950667343221768,0.19901334686443534,3.2914927462714667,3.2914927462714667,43.54133387810246,3.0491017090336427,106.95168956713513,185.8955206319242,749.9999999999998,1990.1334686443531,4975333.6716108825,371.7910412638484,3.476252154300655,True
6,5,10.0,0.40210526315789474,0.6916850595514177,0.28957979639352294,0.9950667343221768,0.19901334686443534,5.079598519472986,5.079598519472986,36.843833577186125,1.4002254359984982,101.86547362244542,206.4170786405221,749.9999999999998,1990.1334686443536,4975333.671610884,412.8341572810442,4.052738799518807,True
6,6,10.0,0.4805263157894737,0.7400304852596097,0.259504169470136,0.9950667343221768,0.19901334686443534,7.254111486593324,7.254111486593324,31.905396291299805,0.7591912211276332,98.57503802818277,225.09641224710455,750.0000000000002,1990.133468644351,4975333.671610878,450.1928244942091,4.567006348660988,True
6,7,10.0,0.5589473684210526,0.7931971631392716,0.23424979471821894,0.9950667343221768,0.19901334686443534,9.815031647632482,9.815031647632482,28.106367022640995,0.46014775065115915,96.35777515812053,242.23285219872454,750.0,1990.1334686443515,4975333.671610879,484.4657043974491,5.027780099763136,True
6,8,10.0,0.6373684210526316,0.8502811788476169,0.2129127577949853,0.9950667343221768,0.19901334686443534,12.762359002590461,12.762359002590461,25.093204911694112,0.3018288721903267,94.82609781709145,258.02781581972135,750.0,1990.133468644354,4975333.671610885,516.0556316394427,5.442126624622413,True
6,9,10.0,0.7157894736842105,0.9105460721921146,0.19475659850790406,0.9950667343221768,0.19901334686443534,16.096093551467263,16.096093551467263,22.646651566967325,0.209896027291548,93.75522075225584,272.63403417617695,750.0000000000003,1990.1334686443486,4975333.671610871,545.2680683523539,5.815868854847043,True
6,10,10.0,0.7942105263157895,0.9734012220344557,0.1791906957186662,0.9950667343221768,0.19901334686443534,19.81623529426288,19.81623529426288,20.622460002129518,0.15263569994355414,93.00717701760976,286.17632813369426,750.0,1990.1334686443545,4975333.671610886,572.3526562673885,6.153854730576551,True
6,11,10.0,0.8726315789473684,1.0383763535075063,0.16574477456013792,0.9950667343221768,0.19901334686443534,23.922784230977317,23.922784230977317,18.921476449835257,0.11496421369024283,92.49349887495548,298.7610585273529,749.9999999999999,1990.1334686443543,4975333.671610885,597.5221170547057,6.460152597995157,True
6,12,10.0,0.9510526315789474,1.1050975916092702,0.15404496003032286,0.9950667343221768,0.19901334686443534,28.415740361610577,28.415740361610577,17.47318329260724,0.08907116236829339,92.15541034279555,310.48084868513985,749.9999999999999,1990.1334686443543,4975333.671610885,620.9616973702797,6.738201208810794,True
6,13,10.0,1.0294736842105263,1.1732670818826219,0.14379339767209554,0.9950667343221768,0.19901334686443534,33.295103686162655,33.295103686162655,16.22603504546026,0.07062703253045499,91.9526795578774,321.41725657066917,750.0,1990.1334686443452,4975333.671610863,642.8345131413383,6.990927466520664,True
6,14,10.0,1.1078947368421053,1.2426465011699048,0.13475176432779956,0.9950667343221768,0.19901334686443534,38.560874204633556,38.560874204633556,15.141487488347503,0.05709412632927805,91.85704861874927,331.6425135195985,750.0000000000001,1990.1334686443581,4975333.671610896,663.285027039197,7.220839739714993,True
6,15,10.0,1.1863157894736842,1.3130440705863375,0.12672828111265333,0.9950667343221768,0.19901334686443534,44.21305191702327,44.21305191702327,14.190156274725561,0.04691425342420001,91.84821271850998,341.220803857141,750.0000000000001,1990.1334686443581,4975333.671610896,682.441607714282,7.430102203575606,True
6,16,10.0,1.2647368421052632,1.3843044674946916,0.11956762538942844,0.9950667343221768,0.19901334686443534,50.25163682333181,50.25163682333181,13.349262672883858,0.03909237119614019,91.91128029622534,350.20929039142965,750.0000000000002,1990.1334686443563,4975333.671610891,700.4185807828593,7.620594322323072,True
6,17,10.0,1.343157894736842,1.4563010365790703,0.11314314184222818,0.9950667343221768,0.19901334686443534,56.67662892355917,56.67662892355917,12.600887788824053,0.03297138752621071,92.03512441827523,358.6589771641261,750.0000000000001,1990.1334686443493,4975333.671610873,717.3179543282522,7.793958652875095,True
6,18,10.0,1.421578947368421,1.5289297833937556,0.10735083602533457,0.9950667343221768,0.19901334686443534,63.48802821770534,63.48802821770534,11.930751096875762,0.028104631672772447,92.2112868390527,366.61545286989787,750.0,1990.133468644353,4975333.6716108825,733.2309057397957,7.9516394453923045,True
6,19,10.0,1.5,1.6021047340755747,0.10210473407557474,0.9950667343221768,0.19901334686443534,70.68583470577035,70.68583470577035,11.327338301093775,0.024180710021897183,92.43323388620303,374.11953811320245,750.0,1990.1334686443572,4975333.671610893,748.2390762264049,8.094913969445033,True
7,0,10.0,0.01,0.607148122047053,0.597148122047053,1.1577675029938477,0.23155350059876947,0.003141592653589793,0.003141592653589793,86.77706837474015,2257541268.880677,115.92908274340189,115.93524584285846,50.17507353597091,2315.5350059876946,5788837.514969236,231.87049168571693,2.0001063253380553,True
7,1,10.0,0.08842105263157894,0.6134713723180077,0.5250503196864288,1.1577675029938477,0.23155350059876947,0.2456185901798291,0.2456185901798291,80.50218608750788,1491.6045281493282,122.36564211500672,122.37269444836299,434.24041594718966,2315.535005987694,5788837.514969235,244.74538889672598,2.0001152665606843,True
7,2,10.0,0.1668421052631579,0.629575357041479,0.46273325177832114,1.1577675029938477,0.23155350059876947,0.8745027816248885,0.8745027816248885,72.30412674952656,33.25820798154471,124.78042829266403,132.07780760290098,749.9999999999998,2315.535005987695,5788837.514969238,264.15561520580195,2.1169635240090927,True
7,3,10.0,0.24526315789473685,0.654738771362871,0.4094756134681341,1.1577675029938477,0.23155350059876947,1.8897941669887677,1.8897941669887677,56.09813519979941,7.034714185834046,109.49133551534662,157.3615881530483,750.0000000000003,2315.535005987694,5788837.514969235,314.7231763060966,2.8744117041296304,True
7,4,10.0,0.3236842105263158,0.6879682479949983,0.36428403746868254,1.1577675029938477,0.23155350059876947,3.2914927462714667,3.2914927462714667,46.05850898606717,2.43522632481822,101.1493502398227,179.28935254229782,750.0000000000003,2315.5350059876937,5788837.514969234,358.57870508459564,3.545042100956794,True
7,5,10.0,0.40210526315789474,0.7281603427573785,0.32605507959948377,1.1577675029938477,0.23155350059876947,5.079598519472986,5.079598519472986,39.09544564332481,1.1044664768751489,96.04060791946962,198.9804246509857,750.0000000000002,2315.535005987694,5788837.514969235,397.9608493019714,4.143672743467668,True
7,6,10.0,0.4805263157894737,0.774231478481383,0.29370516269190927,1.1577675029938477,0.23155350059876947,7.254111486593324,7.254111486593324,33.94280768713396,0.5926751203907586,92.69943458815641,216.9550902458464,750.0000000000001,2315.5350059876923,5788837.514969231,433.9101804916928,4.680828771172792,True
7,7,10.0,0.5589473684210526,0.8251975537833853,0.2662501853623327,1.1577675029938477,0.23155350059876947,9.815031647632482,9.815031647632482,29.964708903959924,0.3561852277114789,90.4229471979298,233.5045614288661,750.0,2315.535005987693,5788837.514969232,467.0091228577322,5.164719104272065,True
7,8,10.0,0.6373684210526316,0.8802086947198305,0.24284027366719896,1.1577675029938477,0.23155350059876947,12.762359002590461,12.762359002590461,26.798818492532764,0.23201855848975877,88.83175438429666,248.81878634896793,749.9999999999999,2315.535005987693,5788837.514969232,497.63757269793587,5.602023467251327,True
7,9,10.0,0.7157894736842105,0.9385538944260912,0.22276442074188063,1.1577675029938477,0.23155350059876947,16.096093551467263,16.096093551467263,24.220372701381763,0.16043418955138916,87.70420587578948,263.037598131458,750.0,2315.5350059876914,5788837.514969229,526.075196262916,5.998289261155464,True
7,10,10.0,0.7942105263157895,0.9996495396968212,0.20543901338103177,1.1577675029938477,0.23155350059876947,19.81623529426288,19.81623529426288,22.081277847143447,0.11612378752839965,86.90321113882145,276.27296786351667,750.0000000000001,2315.5350059876932,5788837.514969233,552.5459357270333,6.35817628009605,True
7,11,10.0,0.8726315789473684,1.0630215024548848,0.19038992350751638,1.1577675029938477,0.23155350059876947,23.922784230977317,23.922784230977317,20.279492319865486,0.0871273379628847,86.34020180518523,288.6193153446968,750.0,2315.5350059876955,5788837.514969239,577.2386306893936,6.685629852844832,True
7,12,10.0,0.9510526315789474,1.1282862890855778,0.17723365750663045,1.1577675029938477,0.23155350059876947,28.415740361610577,28.415740361610577,18.74223529003774,0.06728832345596743,85.95591986637338,300.15862236721296,750.0000000000001,2315.535005987692,5788837.51496923,600.3172447344259,6.984012801767184,True
7,13,10.0,1.0294736842105263,1.1951338454697271,0.1656601612592008,1.1577675029938477,0.23155350059876947,33.295103686162655,33.295103686162655,17.41614278899721,0.05321238090055362,85.70954372235748,310.963204191183,750.0,2315.5350059876964,5788837.514969241,621.926408382366,7.25620953480978,True
7,14,10.0,1.1078947368421053,1.2633129422386604,0.15541820539655515,1.1577675029938477,0.23155350059876947,38.560874204633556,38.560874204633556,16.26118747699604,0.04291968958134757,85.57223832057292,321.09739035274305,749.9999999999999,2315.5350059877,5788837.51496925,642.1947807054861,7.504709393012246,True
7,15,10.0,1.1863157894736842,1.3326192233567073,0.14630343388302314,1.1577675029938477,0.23155350059876947,44.21305191702327,44.21305191702327,15.24676357519494,0.03520001585213901,85.5231816962192,330.61867394073744,750.0,2315.5350059876987,5788837.514969246,661.2373478814749,7.731673854583766,True
7,16,10.0,1.2647368421052632,1.4028856410569097,0.13814879895164656,1.1577675029938477,0.23155350059876947,50.25163682333181,50.25163682333181,14.349079223210177,0.029283635689717057,85.54703861350258,339.5785827303048,750.0,2315.5350059876982,5788837.5149692455,679.1571654606096,7.938990951270787,True
7,17,10.0,1.343157894736842,1.4739748886257082,0.13081699388886614,1.1577675029938477,0.23155350059876947,56.67662892355917,56.67662892355917,13.549370220144487,0.02466410510918934,85.63231042032572,348.0233887952338,750.0000000000003,2315.5350059877037,5788837.5149692595,696.0467775904676,8.128319487982116,True
7,18,10.0,1.421578947368421,1.5457734457889911,0.12419449842057007,1.1577675029938477,0.23155350059876947,63.48802821770534,63.48802821770534,12.832647028750886,0.020998295556988726,85.77023164843598,355.9947117414286,750.0000000000001,2315.535005987688,5788837.514969219,711.9894234828572,8.301125108315366,True
7,19,10.0,1.5,1.6181868996210738,0.11818689962107376,1.1577675029938477,0.23155350059876947,70.68583470577035,70.68583470577035,12.186797702433887,0.01804771092210511,85.95401676077122,363.5300430597174,750.0000000000001,2315.535005987687,5788837.514969218,727.0600861194348,8.45870982554546,True
8,0,10.0,0.01,0.6483965648144335,0.6383965648144335,1.3204682716655183,0.2640936543331036,0.003141592653589793,0.003141592653589793,90.18354792368555,1935291221.8843741,112.73419879408242,112.74127975212653,50.690226615176435,2640.9365433310363,6602341.358327591,225.48255950425306,2.000125622182441,True
8,1,10.0,0.08842105263157894,0.6543213184755899,0.565900265844011,1.3204682716655183,0.2640936543331036,0.2456185901798291,0.2456185901798291,84.07151209383095,1253.9752213388501,118.6097016068517,118.61759774162775,439.4137477460779,2640.936543331036,6602341.35832759,237.2351954832555,2.0001331448383914,True
8,2,10.0,0.1668421052631579,0.6694433458865662,0.5026012406234083,1.3204682716655183,0.2640936543331036,0.8745027816248885,0.8745027816248885,75.35455492208982,28.19117320896066,119.77525639316282,128.2744229075515,750.0000000000001,2640.9365433310372,6602341.358327593,256.548845815103,2.1419185693327196,True
8,3,10.0,0.24526315789473685,0.693160963906405,0.4478978060116682,1.3204682716655183,0.2640936543331036,1.8897941669887677,1.8897941669887677,58.67105143593588,5.879557898519171,104.7319192250913,152.65204876019516,749.9999999999999,2640.936543331035,6602341.358327587,305.3040975203903,2.9151007618243536,True
8,4,10.0,0.3236842105263158,0.7246306461965312,0.4009464356702154,1.3204682716655183,0.2640936543331036,3.2914927462714667,3.2914927462714667,48.320673916018706,2.0102353160237176,96.45425644272709,173.7768849317006,749.9999999999999,2640.936543331037,6602341.358327592,347.5537698634012,3.603301530500863,True
8,5,10.0,0.40210526315789474,0.7628936675071027,0.360788404349208,1.3204682716655183,0.2640936543331036,5.079598519472986,5.079598519472986,41.12510011586336,0.9020473552300465,91.34001306014024,192.7631353556624,750.0,2640.9365433310363,6602341.358327591,385.5262707113248,4.220781865418456,True
8,6,10.0,0.4805263157894737,0.8069842906955271,0.32645797490605344,1.3204682716655183,0.2640936543331036,7.254111486593324,7.254111486593324,35.78537844227586,0.4797172032951944,87.96516467034475,210.12917327409855,750.0000000000002,2640.9365433310336,6602341.358327584,420.2583465481971,4.777554252562852,True
8,7,10.0,0.5589473684210526,0.8560024917767342,0.2970551233556815,1.3204682716655183,0.2640936543331036,9.815031647632482,9.815031647632482,31.650722425206276,0.28614202553304363,85.64463278374241,226.16171168325178,750.0000000000001,2640.936543331037,6602341.358327592,452.32342336650356,5.2813983627981225,True
8,8,10.0,0.6373684210526316,0.9091515877004684,0.27178316664783686,1.3204682716655183,0.2640936543331036,12.762359002590461,12.762359002590461,28.350881560832242,0.1852332908925829,84.00693211546897,241.04352446118477,750.0,2640.936543331035,6602341.358327587,482.08704892236955,5.7386579509859095,True
8,9,10.0,0.7157894736842105,0.965749799844803,0.2499603261605925,1.3204682716655183,0.2640936543331036,16.096093551467263,16.096093551467263,25.656265972478078,0.12742258610426802,82.83381121931222,254.90573488410396,750.0,2640.936543331032,6602341.358327581,509.8114697682079,6.154630123421731,True
8,10,10.0,0.7942105263157895,1.0252260557428108,0.2310155294270213,1.3204682716655183,0.2640936543331036,19.81623529426288,19.81623529426288,23.415494277346177,0.0918342499880456,81.98945473138247,267.8511580794577,750.0000000000002,2640.9365433310372,6602341.358327593,535.7023161589154,6.533795326655207,True
8,11,10.0,0.8726315789473684,1.0871080801094872,0.2144765011621188,1.3204682716655183,0.2640936543331036,23.922784230977317,23.922784230977317,21.524097815646886,0.06865670098867079,81.38557422017352,279.965352488899,750.0000000000002,2640.9365433310313,6602341.358327579,559.930704977798,6.879974864624161,True
8,12,10.0,0.9510526315789474,1.1510079119173764,0.19995528033842902,1.3204682716655183,0.2640936543331036,28.415740361610577,28.415740361610577,19.907408322044187,0.05286477071753878,80.9627465403077,291.3221441573672,750.0,2640.936543331036,6602341.35832759,582.6442883147344,7.196449147444152,True
8,13,10.0,1.0294736842105263,1.2166076490574733,0.187133964846947,1.3204682716655183,0.2640936543331036,33.295103686162655,33.295103686162655,18.510546732375644,0.041700725649631225,80.67980926422369,301.98657521290033,749.9999999999997,2640.936543331034,6602341.358327585,603.9731504258007,7.4860507967713295,True
8,14,10.0,1.1078947368421053,1.283646701076895,0.17575196423478978,1.3204682716655183,0.2640936543331036,38.560874204633556,38.560874204633556,17.292246018832937,0.03356293849515585,80.50754041616459,312.0166180441941,750.0000000000002,2640.9365433310345,6602341.358327586,624.0332360883882,7.751239608893735,True
8,15,10.0,1.1863157894736842,1.3519109651222334,0.1655951756485492,1.3204682716655183,0.2640936543331036,44.21305191702327,44.21305191702327,16.220873829270296,0.027476191706055152,80.42474445668323,321.4642795404075,750.0000000000002,2640.936543331029,6602341.358327572,642.928559080815,7.994163530443002,True
8,16,10.0,1.2647368421052632,1.421223903908723,0.15648706180345995,1.3204682716655183,0.2640936543331036,50.25163682333181,50.25163682333181,15.271781253341027,0.022822454491129067,80.41575035588484,330.37639030757583,749.9999999999999,2640.9365433310345,6602341.358327586,660.7527806151517,8.216708514077773,True
8,17,10.0,1.343157894736842,1.4914393167196123,0.14828142198277017,1.3204682716655183,0.2640936543331036,56.67662892355917,56.67662892355917,14.425484154906247,0.019196418450784583,80.46876876551056,338.7952197909431,750.0,2640.936543331042,6602341.358327605,677.5904395818862,8.420539421404767,True
8,18,10.0,1.421578947368421,1.562435537506833,0.140856590138412,1.3204682716655183,0.2640936543331036,63.48802821770534,63.48802821770534,13.666385129030266,0.016324294398848437,80.57478794237308,346.7589856154937,750.0000000000001,2640.936543331035,6602341.358327587,693.5179712309874,8.607133682151172,True
8,19,10.0,1.5,1.6341107995675073,0.13411079956750727,1.3204682716655183,0.2640936543331036,70.68583470577035,70.68583470577035,12.981856611260719,0.014016297358184517,80.72681643297285,354.30229109625975,750.0,2640.9365433310395,6602341.358327598,708.6045821925195,8.777809078856356,True
9,0,10.0,0.01,0.6871734631234334,0.6771734631234334,1.4831690403371889,0.2966338080674377,0.003141592653589793,0.003141592653589793,93.29334662087035,1689868478.4541397,109.98127885514855,109.98924677608775,51.14009780800861,2966.3380806743776,7415845.201685944,219.9784935521755,2.000144895949968,True
9,1,10.0,0.08842105263157894,0.6927666641586683,0.6043456115270893,1.4831690403371889,0.2966338080674377,0.2456185901798291,0.2456185901798291,87.32942128111564,1077.0653653342877,115.41018108094833,115.40389787706856,443.96794287323723,2966.338080674377,7415845.201685943,230.80779575413712,1.999891115258274,True
9,2,10.0,0.1668421052631579,0.7070669392000274,0.5402248339368695,1.4831690403371889,0.2966338080674377,0.8745027816248885,0.8745027816248885,78.12409568081144,24.401199358141184,115.57325776349114,125.02340929716725,750.0,2966.338080674377,7415845.201685943,250.0468185943345,2.163535262681872,True
9,3,10.0,0.24526315789473685,0.72956246137089,0.48429930347615313,1.4831690403371889,0.2966338080674377,1.8897941669887677,1.8897941669887677,61.00863747844283,5.02892145663933,100.75919430783541,148.63357161817615,750.0,2966.338080674377,7415845.201685943,297.2671432363523,2.9502731267198676,True
9,4,10.0,0.3236842105263158,0.7595254021855339,0.4358411916592181,1.4831690403371889,0.2966338080674377,3.2914927462714667,3.2914927462714667,50.37951018954567,1.7012301304002089,92.55075051971589,169.0735178975166,750.0,2966.338080674376,7415845.201685941,338.1470357950332,3.653639045563423,True
9,5,10.0,0.40210526315789474,0.7961130642567879,0.3940078010988931,1.4831690403371889,0.2966338080674377,5.079598519472986,5.079598519472986,42.97670279732567,0.7563535300006038,87.44196384899837,187.4518025214918,750.0000000000001,2966.3380806743758,7415845.201685939,374.9036050429836,4.287456371524278,True
9,6,10.0,0.4805263157894737,0.8384586504934263,0.3579323347039526,1.4831690403371889,0.2966338080674377,7.254111486593324,7.254111486593324,37.47075466016568,0.39905980977783667,84.0452845242705,204.28559410062235,750.0,2966.338080674376,7415845.201685941,408.5711882012447,4.861321970815126,True
9,7,10.0,0.5589473684210526,0.885736715444196,0.32678934702314333,1.4831690403371889,0.2966338080674377,9.815031647632482,9.815031647632482,33.197016088175516,0.23643946076925926,81.69167570001038,219.85906458051187,750.0,2966.338080674375,7415845.201685937,439.71812916102374,5.382655275376703,True
9,8,10.0,0.6373684210526316,0.9372010843870046,0.299832663334373,1.4831690403371889,0.2966338080674377,12.762359002590461,12.762359002590461,29.777947623027792,0.15219706114447493,80.01710569047515,234.35041259597529,749.9999999999999,2966.3380806743767,7415845.201685942,468.70082519195057,5.857507855945138,True
9,9,10.0,0.7157894736842105,0.9922005538489543,0.2764110801647438,1.4831690403371889,0.2966338080674377,16.096093551467263,16.096093551467263,26.979607787378747,0.10420239098577094,78.8067684443506,247.88476374932424,750.0000000000001,2966.338080674376,7415845.201685941,495.7695274986485,6.290951110991642,True
9,10,10.0,0.7942105263157895,1.0501798553256751,0.25596932900988567,1.4831690403371889,0.2966338080674377,19.81623529426288,19.81623529426288,24.64771746933684,0.07480164932526584,77.92633357618455,260.55828982410037,750.0000000000001,2966.3380806743767,7415845.201685942,521.1165796482007,6.687297550560774,True
9,11,10.0,0.8726315789473684,1.1106724274047817,0.23804084845741325,1.4831690403371889,0.2966338080674377,23.922784230977317,23.922784230977317,22.67570736512579,0.05573646036685948,77.2880290535073,272.4498647683553,750.0,2966.3380806743785,7415845.201685946,544.8997295367107,7.050247447240127,True
9,12,10.0,0.9510526315789474,1.1732895961587206,0.22223696457977327,1.4831690403371889,0.2966338080674377,28.415740361610577,28.415740361610577,20.98729340481837,0.04279563888951929,76.83247942823415,283.62697165523264,750.0,2966.3380806743794,7415845.201685948,567.2539433104653,7.382996716125923,True
9,13,10.0,1.0294736842105263,1.2377089459574278,0.20823526174690143,1.4831690403371889,0.2966338080674377,33.295103686162655,33.295103686162655,19.526305209923866,0.0336775356424913,76.51835692177923,294.14885379603334,750.0000000000003,2966.338080674383,7415845.201685958,588.2977075920667,7.68832122458475,True
9,14,10.0,1.1078947368421053,1.3036633447111605,0.19576860786905526,1.4831690403371889,0.2966338080674377,38.560874204633556,38.560874204633556,18.250418940622303,0.027050434598579948,76.31619141321342,304.068308905547,749.9999999999999,2966.3380806743876,7415845.201685969,608.136617811094,7.968644746936374,True
9,15,10.0,1.1863157894736842,1.3709312604122874,0.1846154709386032,1.4831690403371889,0.2966338080674377,44.21305191702327,44.21305191702327,17.127124409235016,0.022106282376762314,76.2045212847014,313.4327986205078,750.0000000000002,2966.3380806743744,7415845.201685936,626.8655972410156,8.226094550204376,True
9,16,10.0,1.2647368421052632,1.43932854074372,0.1745916986384568,1.4831690403371889,0.2966338080674377,50.25163682333181,50.25163682333181,16.13103642189817,0.018334625422687278,76.16742214785268,322.28520201782567,750.0000000000001,2966.3380806743794,7415845.201685948,644.5704040356513,8.46254718696454,True
9,17,10.0,1.343157894736842,1.5087015936277652,0.16554369889092313,1.4831690403371889,0.2966338080674377,56.67662892355917,56.67662892355917,15.242049032729154,0.015401690183607864,76.19287691429112,330.6643756446966,750.0,2966.338080674386,7415845.201685966,661.3287512893932,8.679666368725224,True
9,18,10.0,1.421578947368421,1.5789218068106352,0.15734285944221416,1.4831690403371889,0.2966338080674377,63.48802821770534,63.48802821770534,14.444036897257,0.013082618674695757,76.27167559803277,338.60560124579496,750.0000000000005,2966.33808067437,7415845.201685925,677.2112024915899,8.878934377430365,True
9,19,10.0,1.5,1.649881016443626,0.14988101644362595,1.4831690403371889,0.2966338080674377,70.68583470577035,70.68583470577035,13.723922182406405,0.01122192977846309,76.3966574931307,346.14096230614774,750.0000000000002,2966.33808067438,7415845.201685949,692.2819246122955,9.06167818499838,True
10,0,10.0,0.01,0.7238761161821458,0.7138761161821457,1.6458698090088597,0.3291739618017719,0.003141592653589793,0.003141592653589793,96.16862552792567,1496655887.5833144,107.57897827833237,107.57250674718568,51.54708443948227,3291.7396180177184,8229349.045044296,215.14501349437137,1.999879687811685,True
10,1,10.0,0.08842105263157894,0.7291878455702782,0.6407667929386992,1.6458698090088597,0.3291739618017719,0.2456185901798291,0.2456185901798291,90.3226389237047,941.2346756553075,112.62179566810464,112.61495939201332,447.9288753135335,3291.739618017719,8229349.045044297,225.22991878402664,1.9998785976364386,True
10,2,10.0,0.1668421052631579,0.7427872640720155,0.5759451588088575,1.6458698090088597,0.3291739618017719,0.8745027816248885,0.8745027816248885,80.66558671442341,21.468316942358896,111.97437513509377,122.19508211672903,750.0000000000001,3291.7396180177193,8229349.045044298,244.39016423345805,2.1825543919187633,True
10,3,10.0,0.24526315789473685,0.7642320643622891,0.5189689064675522,1.6458698090088597,0.3291739618017719,1.8897941669887677,1.8897941669887677,63.154612215737245,4.379452951078537,97.37389628231858,145.14356500818678,749.9999999999998,3291.7396180177193,8229349.045044298,290.28713001637357,2.9811596444157558,True
10,4,10.0,0.3236842105263158,0.7928859310915989,0.4692017205652831,1.6458698090088597,0.3291739618017719,3.2914927462714667,3.2914927462714667,52.27205837493298,1.4679133510622666,89.23641355097827,164.98994909996102,750.0000000000003,3291.7396180177197,8229349.045044299,329.97989819992205,3.697816676724841,True
10,5,10.0,0.40210526315789474,0.8280007694671709,0.4258955063092762,1.6458698090088597,0.3291739618017719,5.079598519472986,5.079598519472986,44.6819596071608,0.6473339191722706,84.1402785925744,182.83671959932008,750.0,3291.7396180177197,8229349.045044299,365.67343919864015,4.345997485571813,True
10,6,10.0,0.4805263157894737,0.8687935150225008,0.3882671992330271,1.6458698090088597,0.3291739618017719,7.254111486593324,7.254111486593324,39.02629514932415,0.33913955951837027,80.73021159709103,199.2000492907384,750.0,3291.73961801772,8229349.0450443,398.4000985814768,4.9349566996035525,True
10,7,10.0,0.5589473684210526,0.9145046704329985,0.3555573020119459,1.6458698090088597,0.3291739618017719,9.815031647632482,9.815031647632482,34.62740166929281,0.1997268889036143,78.35166167268193,214.36264540200622,750.0000000000001,3291.739618017716,8229349.04504429,428.72529080401245,5.471808531579512,True
10,8,10.0,0.6373684210526316,0.9644351381684888,0.3270667171158572,1.6458698090088597,0.3291739618017719,12.762359002590461,12.762359002590461,31.100936486074076,0.1279061562127204,76.64755194271045,228.49974770668987,750.0,3291.7396180177157,8229349.045044289,456.99949541337975,5.962349531462663,True
10,9,10.0,0.7157894736842105,1.0179642440754324,0.30217477039122187,1.6458698090088597,0.3291739618017719,16.096093551467263,16.096093551467263,28.20895566216281,0.0871911044416152,75.40645596371738,241.7322882135251,750.0,3291.7396180177175,8229349.045044294,483.4645764270502,6.411448068314924,True
10,10,10.0,0.7942105263157895,1.0745543223540404,0.2803437960382509,1.6458698090088597,0.3291739618017719,19.81623529426288,19.81623529426288,25.794565513416007,0.06235986043123533,74.49562672845762,254.15154707297143,750.0000000000001,3291.7396180177207,8229349.045044302,508.30309414594285,6.823260860650885,True
10,11,10.0,0.8726315789473684,1.13374710767222,0.26111552872485166,1.6458698090088597,0.3291739618017719,23.922784230977317,23.922784230977317,23.74933475710359,0.046320897230899834,73.82795408094944,265.8312872515954,750.0000000000001,3291.7396180177197,8229349.045044299,531.6625745031909,7.2013721783519,True
10,12,10.0,0.9510526315789474,1.1951559478211151,0.24410331624216774,1.6458698090088597,0.3291739618017719,28.415740361610577,28.415740361610577,21.995565168121036,0.03547192426224815,73.3442543748643,276.83399799039074,750.0,3291.7396180177134,8229349.045044283,553.6679959807815,7.548893920864893,True
10,13,10.0,1.0294736842105263,1.2584564744403923,0.228982790229866,1.6458698090088597,0.3291739618017719,33.295103686162655,33.295103686162655,20.475964047738977,0.027851152067224633,73.00315984769608,287.21424798059905,749.9999999999999,3291.73961801771,8229349.045044276,574.4284959611981,7.868542911835707,True
10,14,10.0,1.1078947368421053,1.3233772627264628,0.21548252588435757,1.6458698090088597,0.3291739618017719,38.560874204633556,38.560874204633556,19.147291134377518,0.022327301481554467,72.77505502942108,297.0205807600865,750.0,3291.7396180177275,8229349.045044319,594.041161520173,8.162703020698746,True
10,15,10.0,1.1863157894736842,1.3896912548956757,0.20337546542199147,1.6458698090088597,0.3291739618017719,44.21305191702327,44.21305191702327,17.976274287993466,0.01821607385996949,72.63829399822235,306.29665852430577,750.0000000000002,3291.739618017708,8229349.045044269,612.5933170486115,8.433476109221443,True
10,16,10.0,1.2647368421052632,1.457208259432172,0.19247141732690887,1.6458698090088597,0.3291739618017719,50.25163682333181,50.25163682333181,16.93688734365013,0.015086438740140038,72.57676303133005,315.0820094355845,750.0000000000002,3291.7396180177248,8229349.045044312,630.164018871169,8.682724229504956,True
10,17,10.0,1.343157894736842,1.525768580674295,0.182610685937453,1.6458698090088597,0.3291739618017719,56.67662892355917,56.67662892355917,16.00848085292136,0.012657307088408298,72.57826702234763,323.4125592532204,750.0,3291.739618017723,8229349.045044308,646.8251185064408,8.91210475316635,True
10,18,10.0,1.421578947368421,1.5952377049142412,0.17365875754582016,1.6458698090088597,0.3291739618017719,63.48802821770534,63.48802821770534,15.174465922540096,0.01073977989669464,72.63343621334829,331.3210402347709,750.0000000000001,3291.7396180177257,8229349.045044314,662.6420804695418,9.123099704702723,True
10,19,10.0,1.5,1.6655019158136528,0.1655019158136528,1.6458698090088597,0.3291739618017719,70.68583470577035,70.68583470577035,14.421367520109989,0.009203536843897955,72.73497036968025,338.83732554318675,750.0000000000005,3291.7396180177166,8229349.045044292,677.6746510863735,9.317040312824046,True
11,0,10.0,0.01,0.7588055711029289,0.7488055711029289,1.8085705776805303,0.361714115536106,0.003141592653589793,0.003141592653589793,98.83484372856967,1341575982.8054526,105.44025170633527,105.43314903719013,51.90524356130016,3617.141155361059,9042852.888402648,210.86629807438027,1.9998652759448086,True
11,1,10.0,0.08842105263157894,0.763874451258398,0.6754533986268191,1.8085705776805303,0.361714115536106,0.2456185901798291,0.2456185901798291,93.10012197264462,833.8412763564755,110.16329755395724,110.15594413040098,451.4617178552613,3617.14115536106,9042852.88840265,220.31188826080196,1.9998664995743678,True
11,2,10.0,0.1668421052631579,0.7768669016153829,0.610024796352225,1.8085705776805303,0.361714115536106,0.8745027816248885,0.8745027816248885,83.01784873932156,19.136622298328565,108.84263053517029,119.69954629349904,749.9999999999998,3617.1411553610596,9042852.888402648,239.39909258699808,2.199497489264017,True
11,3,10.0,0.24526315789473685,0.7973957056301099,0.552132547735373,1.8085705776805303,0.361714115536106,1.8897941669887677,1.8897941669887677,65.14124853658049,3.8691524622690903,94.44127545660184,142.06926486041849,749.9999999999999,3617.14115536106,9042852.88840265,284.13852972083697,3.0086265602311335,True
11,4,10.0,0.3236842105263158,0.8248983954893394,0.5012141849630236,1.8085705776805303,0.361714115536106,3.2914927462714667,3.2914927462714667,54.02583413267125,1.2863907407621704,86.3746990392143,161.3944698464353,750.0000000000001,3617.141155361059,9042852.888402648,322.7889396928706,3.7370774460970764,True
11,5,10.0,0.40210526315789474,0.8587051516068377,0.45659988844894295,1.8085705776805303,0.361714115536106,5.079598519472986,5.079598519472986,46.26457566993854,0.5632002998596551,81.29598791862779,178.7712941630637,749.9999999999997,3617.1411553610606,9042852.888402652,357.5425883261274,4.398034853626543,True
11,6,10.0,0.4805263157894737,0.8981043563545649,0.4175780405650912,1.8085705776805303,0.361714115536106,7.254111486593324,7.254111486593324,40.472571529298236,0.29320039665024383,77.87867771303291,194.7149071260932,749.9999999999998,3617.141155361062,9042852.888402656,389.4298142521864,5.000467723491096,True
11,7,10.0,0.5589473684210526,0.9423948511116039,0.3834474826905513,1.8085705776805303,0.361714115536106,9.815031647632482,9.815031647632482,35.959864710146086,0.1717291258896227,75.48135052436449,209.50714277900403,750.0000000000001,3617.1411553610583,9042852.888402646,419.01428555800805,5.551229312235944,True
11,8,10.0,0.6373684210526316,0.9909209851910327,0.3535525641384011,1.8085705776805303,0.361714115536106,12.762359002590461,12.762359002590461,32.335701425862254,0.10946018274466479,73.75339152061856,223.32130786523018,750.0,3617.141155361058,9042852.888402645,446.64261573046036,6.0558925701145085,True
11,9,10.0,0.7157894736842105,1.0430917818552503,0.3273023081710398,1.8085705776805303,0.361714115536106,16.096093551467263,16.096093551467263,29.35840395531323,0.07431738921589634,72.4866316382989,236.27536696953825,749.9999999999999,3617.1411553610574,9042852.888402643,472.5507339390765,6.519143230396713,True
11,10,10.0,0.7942105263157895,1.0983880256301255,0.304177499314336,1.8085705776805303,0.361714115536106,19.81623529426288,19.81623529426288,26.86867713585971,0.052970352558929554,71.54993896419018,248.45695478558645,750.0000000000002,3617.1411553610574,9042852.888402643,496.9139095711729,6.944994178399956,True
11,11,10.0,0.8726315789473684,1.1563614345493451,0.2837298556019767,1.8085705776805303,0.361714115536106,23.922784230977317,23.922784230977317,24.756407197348747,0.03923126298625024,70.85695194088598,259.9358819658479,750.0000000000002,3617.1411553610606,9042852.888402652,519.8717639316958,7.336919662666419,True
11,12,10.0,0.9510526315789474,1.2166293612970562,0.26557672971810886,1.8085705776805303,0.361714115536106,28.415740361610577,28.415740361610577,22.942634959360145,0.029967607371331948,70.34877631084359,270.77066516516084,750.0,3617.1411553610583,9042852.888402646,541.5413303303217,7.697949541260866,True
11,13,10.0,1.0294736842105263,1.2788674525605992,0.24939376835007288,1.8085705776805303,0.361714115536106,33.295103686162655,33.295103686162655,21.369075600245477,0.02347889511548723,69.98409463532707,281.01206908022755,750.0000000000002,3617.1411553610606,9042852.888402652,562.0241381604551,8.030741000352279,True
11,14,10.0,1.1078947368421053,1.342801788299107,0.23490705145700175,1.8085705776805303,0.361714115536106,38.560874204633556,38.560874204633556,19.99168217215445,0.018787467603199347,69.73322308119752,290.70510986881703,750.0000000000001,3617.1411553610565,9042852.88840264,581.4102197376341,8.337635836230296,True
11,15,10.0,1.1863157894736842,1.4082013517574157,0.22188556228373146,1.8085705776805303,0.361714115536106,44.21305191702327,44.21305191702327,18.776512397426718,0.015303607179458343,69.57439438677957,299.8902490976543,750.0000000000003,3617.141155361051,9042852.888402628,599.7804981953086,8.62070742378288,True
11,16,10.0,1.2647368421052632,1.4748712399783364,0.2101343978730732,1.8085705776805303,0.361714115536106,50.25163682333181,50.25163682333181,17.696975578213838,0.012656829291179776,69.49135584677322,308.60415344017366,750.0000000000003,3617.1411553610606,9042852.888402652,617.2083068803473,8.881799748464786,True
11,17,10.0,1.343157894736842,1.5426467596085462,0.19948886487170414,1.8085705776805303,0.361714115536106,56.67662892355917,56.67662892355917,16.73194223459413,0.01060611603962534,69.47177410783401,316.88021602053385,749.9999999999998,3617.1411553610715,9042852.888402678,633.7604320410677,9.12256006385191,True
11,18,10.0,1.421578947368421,1.6113884070384614,0.18980945967004037,1.8085705776805303,0.361714115536106,63.48802821770534,63.48802821770534,15.864412597424417,0.008989862602381962,69.50615084516157,324.74894269120864,749.9999999999999,3617.1411553610487,9042852.888402622,649.4978853824173,9.344466316791154,True
11,19,10.0,1.5,1.6809776603919642,0.18097766039196417,1.8085705776805303,0.361714115536106,70.68583470577035,70.68583470577035,15.08055819061434,0.007696811792997038,69.58707069516511,332.23825814519176,750.0,3617.1411553610606,9042852.888402652,664.4765162903835,9.548850233992551,True
12,0,10.0,0.01,0.7921964137098431,0.782196413709843,1.971271346352201,0.3942542692704401,0.003141592653589793,0.003141592653589793,101.32171991701499,1214633854.0710428,103.51432428642252,103.52001789154002,52.221510116120896,3942.5426927043995,9856356.731761,207.04003578308004,2.0001100061301997,True
12,1,10.0,0.08842105263157894,0.7970529721688598,0.7086319195372809,1.971271346352201,0.3942542692704401,0.2456185901798291,0.2456185901798291,95.69480559187602,747.0177674772345,107.9705594803582,107.96272095146726,454.64439287576164,3942.5426927044005,9856356.731761001,215.92544190293452,1.9998548024771072,True
12,2,10.0,0.1668421052631579,0.809513091915986,0.6426709866528281,1.971271346352201,0.3942542692704401,0.8745027816248885,0.8745027816248885,85.21029679252338,17.241810761815426,106.08184444322606,117.4721223364927,750.0,3942.542692704401,9856356.731761003,234.9442446729854,2.2147450952243313,True
12,3,10.0,0.24526315789473685,0.8292340890938067,0.5839709311990698,1.971271346352201,0.3942542692704401,1.8897941669887677,1.8897941669887677,66.99309133550175,3.4587572522193293,91.86646959802513,139.3295334377678,749.9999999999995,3942.5426927043995,9856356.731761,278.6590668755356,3.033305493232168,True
12,4,10.0,0.3236842105263158,0.8557141029799504,0.5320298924536346,1.971271346352201,0.3942542692704401,3.2914927462714667,3.2914927462714667,55.661873653492194,1.141688283934459,83.86971424019323,158.1920864519099,749.9999999999999,3942.5426927044005,9856356.731761001,316.3841729038198,3.77232921049107,True
12,5,10.0,0.40210526315789474,0.8883489182489146,0.48624365509101986,1.971271346352201,0.3942542692704401,5.079598519472986,5.079598519472986,47.74277478771662,0.49662272065657836,78.81159211972839,175.14939845450382,750.0000000000001,3942.542692704399,9856356.731760997,350.29879690900765,4.444762343803985,True
12,6,10.0,0.4805263157894737,0.9264883690910221,0.44596205330154837,1.971271346352201,0.3942542692704401,7.254111486593324,7.254111486593324,41.82547929662726,0.25706564782236035,75.39158272522113,190.71554102784546,750.0000000000002,3942.5426927043995,9856356.731761,381.4310820556909,5.059332464817572,True
12,7,10.0,0.5589473684210526,0.9694830161274393,0.4105356477063866,1.971271346352201,0.3942542692704401,9.815031647632482,9.815031647632482,37.208361039120994,0.1498145498469981,72.98022911946641,205.17179325845962,749.9999999999998,3942.542692704399,9856356.731760997,410.34358651691923,5.622667830285915,True
12,8,10.0,0.6373684210526316,1.0167171003036497,0.3793486792510181,1.971271346352201,0.3942542692704401,12.762359002590461,12.762359002590461,33.49458325666053,0.095079523987229,71.23291431446494,218.69018921455537,750.0,3942.5426927044005,9856356.731761001,437.38037842911075,6.1401443790190955,True
12,9,10.0,0.7157894736842105,1.067628085304923,0.3518386116207124,1.971271346352201,0.3942542692704401,16.096093551467263,16.096093551467263,30.438949279051407,0.064313416917859,69.94457848337173,231.38657409552124,749.9999999999999,3942.5426927044005,9856356.731761001,462.7731481910425,6.6162833235325,True
12,10,10.0,0.7942105263157895,1.1217154353959564,0.32750490908016694,1.971271346352201,0.3942542692704401,19.81623529426288,19.81623529426288,27.879928086506787,0.04569318230131677,68.98569646224185,243.345838751257,750.0000000000001,3942.542692704403,9856356.731761009,486.691677502514,7.054965050166543,True
12,11,10.0,0.8726315789473684,1.1785419086612552,0.30591032971388676,1.971271346352201,0.3942542692704401,23.922784230977317,23.922784230977317,25.70586189519253,0.033748469292445585,68.27070346572874,254.63470815263958,750.0000000000002,3942.542692704402,9856356.731761005,509.26941630527915,7.45956011074249,True
12,12,10.0,0.9510526315789474,1.2377302880385443,0.286677656459597,1.971271346352201,0.3942542692704401,28.415740361610577,28.415740361610577,23.836649387388746,0.025718427822714416,67.74106013304849,265.3085105977166,749.9999999999999,3942.5426927044055,9856356.731761014,530.6170211954332,7.833019148995628,True
12,13,10.0,1.0294736842105263,1.2989577454161976,0.26948406120567125,1.971271346352201,0.3942542692704401,33.295103686162655,33.295103686162655,22.213115696693063,0.020108639270275657,67.35556464243263,275.4148900026857,749.9999999999999,3942.5426927043995,9856356.731761,550.8297800053714,8.177940203300738,True
12,14,10.0,1.1078947368421053,1.3619493036883474,0.25405456684624217,1.971271346352201,0.3942542692704401,38.560874204633556,38.560874204633556,20.790494302999203,0.01606224846835805,67.08452289753974,284.99591601729026,749.9999999999999,3942.5426927044127,9856356.731761033,569.9918320345805,8.496621983958157,True
12,15,10.0,1.1863157894736842,1.4264712791533194,0.24015548967963518,1.971271346352201,0.3942542692704401,44.21305191702327,44.21305191702327,19.534246577433773,0.013063719928633775,66.90609522534746,294.08933575820123,750.0000000000003,3942.5426927044023,9856356.731761005,588.1786715164025,8.791107439992556,True
12,16,10.0,1.2647368421052632,1.4923251782614708,0.22758833615620766,1.971271346352201,0.3942542692704401,50.25163682333181,50.25163682333181,18.417279416525492,0.010789944747422203,66.80392992842931,302.72935730483954,750.0,3942.542692704403,9856356.731761009,605.4587146096791,9.063220012031328,True
12,17,10.0,1.343157894736842,1.5593422613681203,0.21618436663127816,1.971271346352201,0.3942542692704401,56.67662892355917,56.67662892355917,17.418035420141912,0.009031192993080932,66.76558754029313,310.9471729824488,750.0000000000002,3942.5426927044127,9856356.731761033,621.8943459648976,9.314594072726216,True
12,18,10.0,1.421578947368421,1.627378831586501,0.20579988421807993,1.971271346352201,0.3942542692704401,63.48802821770534,63.48802821770534,16.519147574010827,0.007647130608654381,66.78146673846186,318.77133456561563,750.0,3942.5426927044023,9856356.731761005,637.5426691312313,9.546700608239972,True
12,19,10.0,1.5,1.696312222998684,0.196312222998684,1.971271346352201,0.3942542692704401,70.68583470577035,70.68583470577035,15.706470482989447,0.006541330979885086,66.84405726196093,326.2280413316885,749.9999999999999,3942.5426927044027,9856356.731761007,652.456082663377,9.760868944660416,True
13,0,10.0,0.01,0.824235658687873,0.814235658687873,2.1339721150238717,0.42679442300477427,0.003141592653589793,0.003141592653589793,103.6672652519405,1108380883.0719993,101.77785221753186,101.78400119173541,52.51620153336262,4267.944230047741,10669860.575119354,203.56800238347083,2.000120831282437,True
13,1,10.0,0.08842105263157894,0.8289045201958476,0.7404834675642686,2.1339721150238717,0.42679442300477427,0.2456185901798291,0.2456185901798291,98.1246651698197,675.7275690813206,105.98772826927089,105.99382619799586,457.4639020183981,4267.944230047742,10669860.575119356,211.98765239599172,2.0001150685805715,True
13,2,10.0,0.1668421052631579,0.840892804786243,0.674050699523085,2.1339721150238717,0.42679442300477427,0.8745027816248885,0.8745027816248885,87.26578761968858,15.673830106075844,103.6217495181527,115.46483898921117,750.0000000000002,4267.944230047742,10669860.575119356,230.92967797842235,2.2285830827240334,True
13,3,10.0,0.24526315789473685,0.8598944340284628,0.6146312761337259,2.1339721150238717,0.42679442300477427,1.8897941669887677,1.8897941669887677,68.7292700860229,3.1222899388826093,89.58047584902197,136.86420842763718,750.0000000000002,4267.944230047742,10669860.575119356,273.72841685527436,3.0556704936086017,True
13,4,10.0,0.3236842105263158,0.8854580109732342,0.5617738004469184,2.1339721150238717,0.42679442300477427,3.2914927462714667,3.2914927462714667,57.1966436375012,1.0239922044452292,81.65187328668345,155.31223827161762,750.0,4267.944230047743,10669860.575119358,310.62447654323523,3.8042541345330623,True
13,5,10.0,0.40210526315789474,0.9170349304753399,0.5149296673174452,2.1339721150238717,0.42679442300477427,5.079598519472986,5.079598519472986,49.13089094948244,0.44283164803014924,76.61641420239549,171.89196013160816,750.0,4267.944230047744,10669860.57511936,343.7839202632163,4.487079222411163,True
13,6,10.0,0.4805263157894737,0.9540282811420407,0.47350196535256706,2.1339721150238717,0.42679442300477427,7.254111486593324,7.254111486593324,43.09757818708776,0.22803225697064006,73.19710795066878,187.11622721483445,749.9999999999999,4267.944230047745,10669860.575119363,374.2324544296689,5.112667220156881,True
13,7,10.0,0.5589473684210526,0.9958346156453147,0.4368872472242621,2.1339721150238717,0.42679442300477427,9.815031647632482,9.815031647632482,38.383960839513996,0.1322869506805361,70.77544221283773,201.2659253974326,750.0000000000001,4267.9442300477385,10669860.575119346,402.5318507948652,5.687450875748131,True
13,8,10.0,0.6373684210526316,1.0418747166563533,0.40450629560372175,2.1339721150238717,0.42679442300477427,12.762359002590461,12.762359002590461,34.58740131770489,0.0836206580799243,69.01237056985825,214.51224481636328,750.0000000000002,4267.944230047744,10669860.57511936,429.02448963272656,6.216631686321274,True
13,9,10.0,0.7157894736842105,1.0916130228655898,0.3758235491813793,2.1339721150238717,0.42679442300477427,16.096093551467263,16.096093551467263,31.45936140618864,0.05636643932201518,67.7057852266487,226.96950610862072,749.9999999999999,4267.944230047744,10669860.57511936,453.93901221724144,6.704582343999949,True
13,10,10.0,0.7942105263157895,1.1445675083469018,0.3503569820311123,2.1339721150238717,0.42679442300477427,19.81623529426288,19.81623529426288,28.836206736622117,0.03992688974423049,66.72773559244781,238.72051793309885,750.0000000000005,4267.944230047741,10669860.575119354,477.4410358661977,7.155061259417801,True
13,11,10.0,0.8726315789473684,1.2003125816339713,0.32768100268660283,2.1339721150238717,0.42679442300477427,23.922784230977317,23.922784230977317,26.604844864158075,0.0294130347513621,65.99347628051773,249.82957649529953,750.0000000000001,4267.944230047744,10669860.57511936,499.65915299059907,7.571341610596531,True
13,12,10.0,0.9510526315789474,1.258477464671447,0.30742483309249957,2.1339721150238717,0.42679442300477427,28.415740361610577,28.415740361610577,24.6841262326375,0.0223642436812866,65.44486589215506,260.3494314403168,750.0000000000003,4267.944230047744,10669860.57511936,520.6988628806336,7.956298111125784,True
13,13,10.0,1.0294736842105263,1.3187420094675935,0.28926832525706714,2.1339721150238717,0.42679442300477427,33.295103686162655,33.295103686162655,23.014067227407416,0.017452075706964346,65.04086538730898,270.32514819397454,750.0000000000001,4267.944230047731,10669860.575119328,540.6502963879491,8.312470831506538,True
13,14,10.0,1.1078947368421053,1.3808313325584227,0.27293659571631745,2.1339721150238717,0.42679442300477427,38.560874204633556,38.560874204633556,21.549251862814195,0.013916717494187094,64.75181446346426,279.79631905670436,750.0000000000002,4267.944230047743,10669860.575119358,559.5926381134087,8.642115170828994,True
13,15,10.0,1.1863157894736842,1.44451014998414,0.25819436051045574,2.1339721150238717,0.42679442300477427,44.21305191702327,44.21305191702327,20.254605192858712,0.011302080437071161,64.55583932050133,288.7983752815525,750.0000000000001,4267.944230047737,10669860.575119343,577.596750563105,8.947242521245862,True
13,16,10.0,1.2647368421052632,1.5095773252241917,0.2448404831189286,2.1339721150238717,0.42679442300477427,50.25163682333181,50.25163682333181,19.102582786649684,0.009322937372946514,64.43652127734411,297.36340099668865,749.9999999999999,4267.944230047731,10669860.575119328,594.7268019933773,9.229654087525724,True
13,17,10.0,1.343157894736842,1.5758608920988355,0.2327029973619934,2.1339721150238717,0.42679442300477427,56.67662892355917,56.67662892355917,18.07124257738742,0.007794526501051601,64.38134092929005,305.5206665615621,750.0,4267.944230047748,10669860.575119369,611.0413331231242,9.490969344584329,True
13,18,10.0,1.421578947368421,1.64321365763973,0.221634710271309,2.1339721150238717,0.42679442300477427,63.48802821770534,63.48802821770534,17.142886829145983,0.006593457440249416,64.38061508099037,313.29700091275646,750.0000000000001,4267.944230047751,10669860.575119378,626.5940018255129,9.73265013136737,True
13,19,10.0,1.5,1.7115093984704355,0.21150939847043548,2.1339721150238717,0.42679442300477427,70.68583470577035,70.68583470577035,16.303084032169085,0.005635097904148015,64.42675548821377,320.7170691518914,750.0000000000001,4267.944230047747,10669860.575119367,641.4341383037828,9.95602111953514,True
14,0,10.0,0.01,0.8550752506127905,0.8450752506127905,2.2966728836955426,0.45933457673910844,0.003141592653589793,0.003141592653589793,105.88381075767892,1018444440.6796517,100.19446345620798,100.20105600460437,52.786623567307856,4593.345767391083,11483364.418477708,200.40211200920874,2.000131595063619,True
14,1,10.0,0.08842105263157894,0.8595766206447236,0.7711555680131447,2.2966728836955426,0.45933457673910844,0.2456185901798291,0.2456185901798291,100.42473651961383,615.9161409233791,104.19478981207224,104.20122232273916,460.1031687958266,4593.345767391083,11483364.418477708,208.4024446454783,2.0001234708698683,True
14,2,10.0,0.1668421052631579,0.8711429115243774,0.7043008062612195,2.2966728836955426,0.45933457673910844,0.8745027816248885,0.8745027816248885,89.20245841749995,14.35634516376154,101.4096135173167,113.64120847660831,750.0,4593.345767391084,11483364.41847771,227.28241695321663,2.241231467807595,True
14,3,10.0,0.24526315789473685,0.8894985670764316,0.6442354091816948,2.2966728836955426,0.45933457673910844,1.8897941669887677,1.8897941669887677,70.36500118680819,2.8419298849503343,87.53172051654938,134.62755065828367,750.0000000000002,4593.345767391084,11483364.41847771,269.25510131656733,3.0760860146198086,True
14,4,10.0,0.3236842105263158,0.9142347359155475,0.5905505253892317,2.2966728836955426,0.45933457673910844,3.2914927462714667,3.2914927462714667,58.64329096893759,0.9266281555711783,79.66928740598765,152.70121016339354,749.9999999999997,4593.3457673910825,11483364.418477707,305.4024203267871,3.8333770800595133,True
14,5,10.0,0.40210526315789474,0.9448504256599592,0.5427451625020645,2.2966728836955426,0.45933457673910844,5.079598519472986,5.079598519472986,50.44041642571163,0.3986048300660402,74.6578106390145,168.93863363959383,750.0000000000001,4593.345767391086,11483364.418477716,337.87726727918766,4.52567875199143,True
14,6,10.0,0.4805263157894737,0.9807952000171756,0.5002688842277019,2.2966728836955426,0.45933457673910844,7.254111486593324,7.254111486593324,44.298979226192124,0.20428330467737593,71.24177866597064,183.8513363492652,750.0000000000001,4593.345767391084,11483364.41847771,367.7026726985304,5.161334817629523,True
14,7,10.0,0.5589473684210526,1.021506654347071,0.46255928592601836,2.2966728836955426,0.45933457673910844,9.815031647632482,9.815031647632482,39.49560816304211,0.11801057693547408,68.8127394419885,197.71988260553493,750.0000000000001,4593.345767391084,11483364.41847771,395.43976521106987,5.746606927986629,True
14,8,10.0,0.6373684210526316,1.0664390223381977,0.42907060128556607,2.2966728836955426,0.45933457673910844,12.762359002590461,12.762359002590461,35.62211241965537,0.07432015960730123,67.03682837211396,210.7148977517466,750.0000000000003,4593.345767391082,11483364.418477705,421.4297955034932,6.28654137937707,True
14,9,10.0,0.7157894736842105,1.1150821740336654,0.39929270034945485,2.2966728836955426,0.45933457673910844,16.096093551467263,16.096093551467263,32.42676268528347,0.049935090230007084,65.71473270234377,222.94959976763363,750.0000000000006,4593.345767391081,11483364.418477701,445.89919953526726,6.785376447546045,True
14,10,10.0,0.7942105263157895,1.166972169471633,0.3727616431558436,2.2966728836955426,0.45933457673910844,19.81623529426288,19.81623529426288,29.74393003475088,0.03527155437647884,64.72003047412092,234.5052065562604,750.0000000000001,4593.345767391087,11483364.418477718,469.0104131125208,7.24675822425733,True
14,11,10.0,0.8726315789473684,1.2216953616948472,0.34906378274747873,2.2966728836955426,0.45933457673910844,23.922784230977317,23.922784230977317,27.459175593920303,0.025919867809278685,63.968801320164275,245.44408927720934,750.0,4593.345767391082,11483364.418477705,490.8881785544187,7.673868642582813,True
14,12,10.0,0.9510526315789474,1.2788881077888588,0.3278354762099114,2.2966728836955426,0.45933457673910844,28.415740361610577,28.415740361610577,25.490377069871588,0.019666189107583967,63.40332899771067,255.81689805672107,750.0000000000002,4593.345767391088,11483364.41847772,511.63379611344214,8.069509980018807,True
14,13,10.0,1.0294736842105263,1.3382338176464235,0.30876013343589714,2.2966728836955426,0.45933457673910844,33.295103686162655,33.295103686162655,23.776807777418686,0.015318153275591915,62.98277110906799,265.6665545667569,750.0,4593.34576739109,11483364.418477725,531.3331091335137,8.436165951056648,True
14,14,10.0,1.1078947368421053,1.3994586210863702,0.29156388424426494,2.2966728836955426,0.45933457673910844,38.560874204633556,38.560874204633556,22.272459381706227,0.012195311488584479,62.67753462283065,275.03055619693237,749.9999999999999,4593.3457673910925,11483364.41847773,550.0611123938647,8.776048957635641,True
14,15,10.0,1.1863157894736842,1.4623265150318163,0.2760107255581321,2.2966728836955426,0.45933457673910844,44.21305191702327,44.21305191702327,20.941770001430193,0.009890084010869781,62.46574171517364,283.94234791614963,749.9999999999999,4593.345767391076,11483364.41847769,567.8846958322993,9.091138282191462,True
14,16,10.0,1.2647368421052632,1.526634522074265,0.2618976799690018,2.2966728836955426,0.45933457673910844,50.25163682333181,50.25163682333181,19.756786296128837,0.008148091924539169,62.330932497593594,292.432170062096,750.0000000000002,4593.34576739109,11483364.418477725,584.864340124192,9.383211780872552,True
14,17,10.0,1.343157894736842,1.5922081567447242,0.24905026200788205,2.2966728836955426,0.45933457673910844,56.67662892355917,56.67662892355917,18.695217774304584,0.006804867709246241,62.26052908941147,300.5276070393318,750.0000000000002,4593.345767391081,11483364.418477701,601.0552140786637,9.653872571746005,True
14,18,10.0,1.421578947368421,1.6588973409501973,0.2373183935817762,2.2966728836955426,0.45933457673910844,63.48802821770534,63.48802821770534,17.739066830059866,0.005750769491760002,62.24478399450151,308.2539626105691,750.0,4593.345767391088,11483364.41847772,616.5079252211382,9.904571687092663,True
14,19,10.0,1.5,1.726572814627442,0.22657281462744194,2.2966728836955426,0.45933457673910844,70.68583470577035,70.68583470577035,16.873642048315872,0.004910720388941818,62.276045223209,315.63453265150133,750.0,4593.3457673911,11483364.41847775,631.2690653030027,10.136627382814952,True
15,0,10.0,0.01,0.8848406338818426,0.8748406338818426,2.459373652367213,0.4918747304734425,0.003141592653589793,0.003141592653589793,107.98675946955935,941398624.2882763,98.74125497483446,98.74827980160126,53.03617700011259,4918.747304734425,12296868.261836061,197.4965596032025,2.0001422875730834,True
15,1,10.0,0.08842105263157894,0.8891913348188328,0.8007702821872539,2.459373652367213,0.4918747304734425,0.2456185901798291,0.2456185901798291,102.60459561531437,565.2195007098475,102.55579614409422,102.56254621383835,462.5316967652644,4918.747304734425,12296868.261836061,205.1250924276767,2.000131637020976,True
15,2,10.0,0.1668421052631579,0.9003772739563476,0.7335351686931897,2.459373652367213,0.4918747304734425,0.8745027816248885,0.8745027816248885,91.034959047661,13.234830432115679,99.40495868192248,111.97288045028812,750.0000000000001,4918.747304734426,12296868.261836063,223.94576090057623,2.2528630751425722,True
15,3,10.0,0.24526315789473685,0.9181486611594659,0.6728855032647291,2.459373652367213,0.4918747304734425,1.8897941669887677,1.8897941669887677,71.91259977960073,2.605074799979934,85.68076438444285,132.58404308525434,750.0000000000001,4918.747304734425,12296868.261836061,265.1680861705087,3.0948380079888214,True
15,4,10.0,0.3236842105263158,0.9421329075626568,0.618448697036341,2.459373652367213,0.4918747304734425,3.2914927462714667,3.2914927462714667,60.01248957927328,0.8449135106502907,77.88236543560753,150.31725112994954,750.0000000000001,4918.747304734425,12296868.261836061,300.6345022598991,3.860110059297841,True
15,5,10.0,0.40210526315789474,0.9718701508060122,0.5697648876481175,2.459373652367213,0.4918747304734425,5.079598519472986,5.079598519472986,51.680716213499466,0.36169550844825366,72.89566059920979,166.24241758418177,750.0,4918.747304734423,12296868.261836058,332.48483516836353,4.561106003228507,True
15,6,10.0,0.4805263157894737,1.0068507771932373,0.5263244614037637,2.459373652367213,0.4918747304734425,7.254111486593324,7.254111486593324,45.43795222798062,0.18455794603573536,69.4848583745268,180.86961293972172,750.0000000000003,4918.747304734424,12296868.26183606,361.73922587944344,5.206015156995086,True
15,7,10.0,0.5589473684210526,1.0465491426747437,0.4876017742536911,2.459373652367213,0.4918747304734425,9.815031647632482,9.815031647632482,40.550642736016854,0.10620016387058162,67.05079400472366,194.47910003622647,750.0000000000001,4918.747304734423,12296868.261836058,388.95820007245294,5.800948457747588,True
15,8,10.0,0.6373684210526316,1.0904501141838383,0.4530816931312067,2.459373652367213,0.4918747304734425,12.762359002590461,12.762359002590461,36.605264375986195,0.06665168328171238,65.2644329787335,207.24112045328621,749.9999999999998,4918.747304734426,12296868.261836063,414.48224090657243,6.350813482768356,True
15,9,10.0,0.7157894736842105,1.1380674487944642,0.42227797511025367,2.459373652367213,0.4918747304734425,16.096093551467263,16.096093551467263,33.347027142745276,0.04464694215740778,63.92910579355559,219.26809135297648,749.9999999999998,4918.747304734424,12296868.26183606,438.53618270595297,6.859726524599064,True
15,10,10.0,0.7942105263157895,1.18895471212289,0.3947441858071006,2.459373652367213,0.4918747304734425,19.81623529426288,19.81623529426288,30.608398936618087,0.03145252743702486,62.919865733300504,230.6400086362367,749.9999999999999,4918.747304734429,12296868.261836072,461.2800172724734,7.331230159131438,True
15,11,10.0,0.8726315789473684,1.2427102719236687,0.37007869297630025,2.459373652367213,0.4918747304734425,23.922784230977317,23.922784230977317,28.273667067086212,0.02305972907834946,62.15361177059321,241.4177085533932,750.0000000000003,4918.747304734427,12296868.261836069,482.8354171067864,7.768420906719225,True
15,12,10.0,0.9510526315789474,1.2989780811859999,0.3479254496070525,2.459373652367213,0.4918747304734425,28.415740361610577,28.415740361610577,26.259798198640173,0.017460622110760677,61.573068702261835,251.65012180089767,749.9999999999998,4918.747304734425,12296868.261836061,503.30024360179533,8.174032157395251,True
15,13,10.0,1.0294736842105263,1.357445768290732,0.3279720840802056,2.459373652367213,0.4918747304734425,33.295103686162655,33.295103686162655,24.50537634051899,0.013576101979792563,61.137614770974224,261.3783778787432,750.0000000000001,4918.747304734421,12296868.261836052,522.7567557574864,8.550493141019153,True
15,14,10.0,1.1078947368421053,1.4178412094768789,0.3099464726347736,2.459373652367213,0.4918747304734425,38.560874204633556,38.560874204633556,22.963847865850145,0.010791627734956274,60.81774963588793,270.63819356265697,750.0000000000001,4918.74730473442,12296868.26183605,541.2763871253139,8.899973944545826,True
15,15,10.0,1.1863157894736842,1.4799284103371324,0.2936126208634482,2.459373652367213,0.4918747304734425,44.21305191702327,44.21305191702327,21.599204979830272,0.008739819407251178,60.59161519474747,279.4613021287166,750.0,4918.747304734422,12296868.261836056,558.9226042574332,9.224421604557008,True
15,16,10.0,1.2647368421052632,1.5435032319845705,0.27876638987930735,2.459373652367213,0.4918747304734425,50.25163682333181,50.25163682333181,20.383120974660404,0.007191813236058798,60.44273120654675,287.876336330456,749.9999999999999,4918.74730473443,12296868.261836076,575.752672660912,9.52558994552103,True
15,17,10.0,1.343157894736842,1.6083892804797995,0.26523138574295735,2.459373652367213,0.4918747304734425,56.67662892355917,56.67662892355917,19.292987554937053,0.005999897953117063,60.35847900721213,295.9093956919614,750.0,4918.747304734423,12296868.261836058,591.8187913839228,9.80506469212399,True
15,18,10.0,1.421578947368421,1.6744341285847972,0.2528551812163762,2.459373652367213,0.4918747304734425,63.48802821770534,63.48802821770534,18.310533512226403,0.0050657650773467235,60.329061499553895,303.5844287868133,750.0000000000001,4918.747304734421,12296868.261836052,607.1688575736266,10.064284815339226,True
15,19,10.0,1.5,1.741505942386767,0.24150594238676693,2.459373652367213,0.4918747304734425,70.68583470577035,70.68583470577035,17.420829996306683,0.004322203031067701,60.346775002663506,310.9235053238637,750.0,4918.747304734414,12296868.261836035,621.8470106477274,10.304560775953332,True
16,0,10.0,0.01,0.9136368044941687,0.9036368044941687,2.6220744210388838,0.5244148842077766,0.003141592653589793,0.003141592653589793,109.99720342872091,874437994.2040132,97.40743441122555,97.4018868314335,53.27574318819343,5244.148842077765,13110372.105194412,194.803773662867,1.9998860953514364,True
16,1,10.0,0.08842105263157894,0.9178510189975236,0.8294299663659447,2.6220744210388838,0.5244148842077766,0.2456185901798291,0.2456185901798291,104.6778244970967,521.7538190482921,101.04850402057872,101.0555561574069,464.7779066719331,5244.148842077766,13110372.105194414,202.1111123148138,2.000139579242593,True
16,2,10.0,0.1668421052631579,0.9286918211198797,0.7618497158567218,2.6220744210388838,0.5244148842077766,0.8745027816248885,0.8745027816248885,92.77530395077734,12.269352462734538,97.57610812216116,110.43742235788469,750.0000000000001,5244.148842077766,13110372.105194414,220.87484471576937,2.263616052807142,True
16,3,10.0,0.24526315789473685,0.9459314072102768,0.70066824931554,2.6220744210388838,0.5244148842077766,1.8897941669887677,1.8897941669887677,73.38218223624017,2.4025789388839383,83.9968519410159,130.70560197868977,750.0,5244.148842077766,13110372.105194414,261.41120395737954,3.112154776240271,True
16,4,10.0,0.3236842105263158,0.9692283934503572,0.6455441829240414,2.6220744210388838,0.5244148842077766,3.2914927462714667,3.2914927462714667,61.31303159154475,0.7754747626579684,76.26030011606093,148.12732485030335,750.0,5244.148842077763,13110372.105194408,296.2546497006067,3.8847821113965626,True
16,5,10.0,0.40210526315789474,0.9981587314578758,0.5960534682999811,2.6220744210388838,0.5244148842077766,5.079598519472986,5.079598519472986,52.85952940731092,0.3304943510233111,71.2987810937395,163.7660575750767,750.0000000000002,5244.148842077765,13110372.105194412,327.5321151501534,4.593796838118918,True
16,6,10.0,0.4805263157894737,1.0322488802088967,0.551722564419423,2.6220744210388838,0.5244148842077766,7.254111486593324,7.254111486593324,46.521353997879324,0.16795709922286958,67.89470130695804,178.13033584253787,750.0000000000001,5244.148842077765,13110372.105194412,356.26067168507575,5.247252949451671,True
16,7,10.0,0.5589473684210526,1.0710062423679592,0.5120588739469065,2.6220744210388838,0.5244148842077766,9.815031647632482,9.815031647632482,41.55516892209369,0.0962977073674371,65.45750425290137,191.50011227538593,750.0000000000003,5244.148842077763,13110372.105194408,383.00022455077186,5.851127825940531,True
16,8,10.0,0.6373684210526316,1.1139437663910332,0.4765753453384016,2.6220744210388838,0.5244148842077766,12.762359002590461,12.762359002590461,37.54231731048411,0.06024222571799281,63.66266791486938,204.0453606385738,750.0000000000002,5244.148842077767,13110372.105194418,408.0907212771476,6.410204514564993,True
16,9,10.0,0.7157894736842105,1.1605975965697306,0.4448081228855201,2.6220744210388838,0.5244148842077766,16.096093551467263,16.096093551467263,34.22506350131829,0.04023862772325012,62.31602197736802,215.87791455633538,750.0000000000001,5244.148842077765,13110372.105194412,431.75582911267077,6.9284882990361005,True
16,10,10.0,0.7942105263157895,1.2105381326654354,0.41632760634964594,2.6220744210388838,0.5244148842077766,19.81623529426288,19.81623529426288,31.434050526411138,0.028275911567810168,61.29403811485858,227.07682702591873,750.0000000000001,5244.148842077765,13110372.105194412,454.15365405183746,7.4094262349105025,True
16,11,10.0,0.8726315789473684,1.2633756698237042,0.39074409087633577,2.6220744210388838,0.5244148842077766,23.922784230977317,23.922784230977317,29.052352733000642,0.020685095284700753,60.51442152156885,237.70170420895911,750.0000000000001,5244.148842077769,13110372.105194421,475.40340841791823,7.856034916378943,True
16,12,10.0,0.9510526315789474,1.3187620401571911,0.36770940857824375,2.6220744210388838,0.5244148842077766,28.415740361610577,28.415740361610577,26.9960769186173,0.015632290710438774,59.920345820706096,247.80006141021894,750.0000000000001,5244.1488420777705,13110372.105194427,495.6001228204379,8.270982352194272,True
16,13,10.0,1.0294736842105263,1.376389580390781,0.34691589618025476,2.6220744210388838,0.5244148842077766,33.295103686162655,33.295103686162655,25.203162345530696,0.01213390108108103,59.47142652327394,257.4115225123779,750.0,5244.14884207777,13110372.105194423,514.8230450247559,8.656645302148277,True
16,14,10.0,1.1078947368421053,1.4359884952355133,0.32809375839340804,2.6220744210388838,0.5244148842077766,38.560874204633556,38.560874204633556,23.626549267960577,0.009630845480510937,59.13827520555082,266.57028385443493,750.0000000000001,5244.14884207777,13110372.105194423,533.1405677088699,9.015152468613564,True
16,15,10.0,1.1863157894736842,1.4973233995636637,0.31100761008997946,2.6220744210388838,0.5244148842077766,44.21305191702327,44.21305191702327,22.22981836284175,0.007789505104225651,58.899072243824314,275.30659734957703,750.0000000000002,5244.148842077773,13110372.105194433,550.6131946991541,9.348418807341858,True
16,16,10.0,1.2647368421052632,1.560189568707825,0.29545272660256194,2.6220744210388838,0.5244148842077766,50.25163682333181,50.25163682333181,20.984299577742366,0.00640240610357475,58.7373339760333,283.6476885751799,749.9999999999998,5244.148842077769,13110372.105194421,567.2953771503599,9.658173749966835,True
16,17,10.0,1.343157894736842,1.6244092282181304,0.2812513334812883,2.6220744210388838,0.5244148842077766,56.67662892355917,56.67662892355917,19.86709287819973,0.005335861055679413,58.640415602797994,291.61834449421355,749.9999999999999,5244.1488420777705,13110372.105194427,583.2366889884271,9.945984914892014,True
16,18,10.0,1.421578947368421,1.689828072357488,0.26824912498906706,2.6220744210388838,0.5244148842077766,63.48802821770534,63.48802821770534,18.859675974940505,0.004501032325292643,58.59848278072743,299.2413054725012,750.0000000000001,5244.148842077771,13110372.105194429,598.4826109450024,10.213278271802603,True
16,19,10.0,1.5,1.7563121051015722,0.2563121051015722,2.6220744210388838,0.5244148842077766,70.68583470577035,70.68583470577035,17.94690197681187,0.003837271879781661,58.6037903928714,306.53753975180433,750.0000000000001,5244.148842077758,13110372.105194394,613.0750795036087,10.46135540711004,True
17,0,10.0,0.01,0.9415526929939773,0.9315526929939772,2.7847751897105546,0.5569550379421108,0.003141592653589793,0.003141592653589793,111.90964084229924,816179320.3191208,96.16377376038021,96.15790862106786,53.49186236917253,5569.550379421107,13923875.948552769,192.31581724213572,1.999878017696623,True
17,1,10.0,0.08842105263157894,0.9456425097428136,0.8572214571112347,2.7847751897105546,0.5569550379421108,0.2456185901798291,0.2456185901798291,106.65573489741938,484.11388547598307,99.6550324277594,99.66237248886877,466.8648880493011,5569.550379421107,13923875.948552769,199.32474497773754,2.0001473093918203,True
17,2,10.0,0.1668421052631579,0.9561682706369489,0.789326165373791,2.7847751897105546,0.5569550379421108,0.8745027816248885,0.8745027816248885,94.43347702738917,11.430027190535325,95.89785517825352,109.0168022182892,749.9999999999998,5569.550379421107,13923875.948552769,218.0336044365784,2.2736025120822645,True
17,3,10.0,0.24526315789473685,0.972921112066497,0.7276579541717602,2.7847751897105546,0.5569550379421108,1.8897941669887677,1.8897941669887677,74.7821667306466,2.2276552438695827,82.45559036580651,128.96966981908687,750.0000000000001,5569.550379421106,13923875.948552765,257.93933963817375,3.1282213673305836,True
17,4,10.0,0.3236842105263158,0.9955867324488887,0.6719025219225729,2.7847751897105546,0.5569550379421108,3.2914927462714667,3.2914927462714667,62.55225055646527,0.7158253432362875,74.77870840462184,146.1048824843231,750.0000000000001,5569.550379421107,13923875.948552769,292.2097649686462,3.907659963682732,True
17,5,10.0,0.40210526315789474,1.0237724924725662,0.6216672293146714,2.7847751897105546,0.5569550379421108,5.079598519472986,5.079598519472986,53.983329895841436,0.3038215188346844,69.84252059292163,161.4795724363523,749.9999999999997,5569.550379421106,13923875.948552765,322.9591448727046,4.624104945396769,True
17,6,10.0,0.4805263157894737,1.057036902785525,0.5765105869960514,2.7847751897105546,0.5569550379421108,7.254111486593324,7.254111486593324,47.55493766910905,0.15382441904703859,66.44630365762345,175.60066775653652,750.0,5569.550379421107,13923875.948552769,351.20133551307305,5.285490932990061,True
17,7,10.0,0.5589473684210526,1.094917181502341,0.5359698130812884,2.7847751897105546,0.5569550379421108,9.815031647632482,9.815031647632482,42.514323089364304,0.08789720822056316,64.0075097922277,188.74778679747945,749.9999999999999,5569.550379421105,13923875.948552763,377.4955735949589,5.89767630111424,True
17,8,10.0,0.6373684210526316,1.1369520560865067,0.49958363503387515,2.7847751897105546,0.5569550379421108,12.762359002590461,12.762359002590461,38.43787696089294,0.054821099828474634,62.20584274919235,201.09070793815636,750.0,5569.550379421103,13923875.948552758,402.1814158763127,6.465331841863591,True
17,9,10.0,0.7157894736842105,1.1826986278512925,0.466909154167082,2.7847751897105546,0.5569550379421108,16.096093551467263,16.096093551467263,35.06502090898471,0.03651941423761581,60.84949617089151,212.74083826572402,750.0000000000001,5569.550379421103,13923875.948552758,425.48167653144804,6.9923615363472,True
17,10,10.0,0.7942105263157895,1.2317434123205264,0.43753288600473694,2.7847751897105546,0.5569550379421108,19.81623529426288,19.81623529426288,32.2246413667983,0.02560151296839092,59.81630231971509,223.776500650619,750.0000000000001,5569.550379421107,13923875.948552769,447.553001301238,7.482124169245534,True
17,11,10.0,0.8726315789473684,1.2837084350663075,0.41107685611893907,2.7847751897105546,0.5569550379421108,23.922784230977317,23.922784230977317,29.798651571428547,0.018689440962378224,59.02475469480996,234.25631115985695,750.0000000000003,5569.550379421106,13923875.948552765,468.5126223197139,7.937561532312648,True
17,12,10.0,0.9510526315789474,1.3382535565868867,0.38720092500793934,2.7847751897105546,0.5569550379421108,28.415740361610577,28.415740361610577,27.7023415055221,0.014098059372947154,58.41847772767695,244.2266147159588,749.9999999999998,5569.550379421111,13923875.948552778,488.4532294319176,8.361279657249659,True
17,13,10.0,1.0294736842105263,1.3950761771911258,0.36560249298059944,2.7847751897105546,0.5569550379421108,33.295103686162655,33.295103686162655,25.87304304300984,0.010925229125112802,57.95733528452633,253.72576477026547,750.0000000000001,5569.550379421103,13923875.948552758,507.45152954053094,8.755604912636697,True
17,14,10.0,1.1078947368421053,1.4539092893322638,0.34601455249015856,2.7847751897105546,0.5569550379421108,38.560874204633556,38.560874204633556,24.263223245874467,0.008659077427576661,57.61206528975265,262.7866540076334,750.0000000000001,5569.550379421106,13923875.948552765,525.5733080152668,9.122625709943947,True
17,15,10.0,1.1863157894736842,1.514518611981636,0.32820282250795185,2.7847751897105546,0.5569550379421108,44.21305191702327,44.21305191702327,22.836080325959617,0.006994670726541464,57.36090141001678,271.43824735961226,750.0,5569.550379421101,13923875.948552752,542.8764947192245,9.46422530634122,True
17,16,10.0,1.2647368421052632,1.5766993224653216,0.31196248036005847,2.7847751897105546,0.5569550379421108,50.25163682333181,50.25163682333181,21.562626434680507,0.005742678364563117,57.187370339893775,279.70653423173735,749.9999999999999,5569.550379421102,13923875.948552754,559.4130684634747,9.782108621861731,True
17,17,10.0,1.343157894736842,1.6402727224087208,0.2971148276718787,2.7847751897105546,0.5569550379421108,56.67662892355917,56.67662892355917,20.419692135499453,0.00478128950145839,57.07881331351346,287.6151374891162,750.0,5569.5503794211,13923875.94855275,575.2302749782324,10.077824705617104,True
17,18,10.0,1.421578947368421,1.7050830411699363,0.2835040938015152,2.7847751897105546,0.5569550379421108,63.48802821770534,63.48802821770534,19.38852349043075,0.004029675649363487,57.02536916598723,295.1857170124428,750.0000000000003,5569.550379421108,13923875.94855277,590.3714340248856,10.352785833029074,True
17,19,10.0,1.5,1.7709944871975776,0.27099448719757757,2.7847751897105546,0.5569550379421108,70.68583470577035,70.68583470577035,18.453772407215205,0.0034327319622555444,57.01926010518438,302.4382487746903,750.0000000000002,5569.550379421107,13923875.948552769,604.8764975493806,10.608283875195063,True
18,0,10.0,0.01,0.9686644087825801,0.9586644087825801,2.947475958382225,0.5894951916764448,0.003141592653589793,0.003141592653589793,113.74068005452747,764878251.2637068,95.00521583937685,94.99904011099642,53.693928150456664,5894.951916764447,14737379.791911116,189.99808022199284,1.9998699918035896,True
18,1,10.0,0.08842105263157894,0.972640231221484,0.8842191785899051,2.947475958382225,0.5894951916764448,0.2456185901798291,0.2456185901798291,108.55626010357918,451.0917637884077,98.36842275847529,98.3627578743226,468.8842409569148,5894.951916764448,14737379.79191112,196.7255157486452,1.9998848231171378,True
18,2,10.0,0.1668421052631579,0.982876912400911,0.8160348071377531,2.947475958382225,0.5894951916764448,0.8745027816248885,0.8745027816248885,96.01787111691527,10.694066869367568,94.34984756151667,107.69632434853997,750.0000000000001,5894.951916764448,14737379.79191112,215.39264869707995,2.2829146444210484,True
18,3,10.0,0.24526315789473685,0.9991820422038239,0.753918884309087,2.947475958382225,0.5894951916764448,1.8897941669887677,1.8897941669887677,76.11963804969842,2.075168173616383,81.03734541182412,127.3578772733729,750.0,5894.951916764448,14737379.79191112,254.7157545467458,3.143189763340648,True
18,4,10.0,0.3236842105263158,1.021265002331006,0.6975807918046901,2.947475958382225,0.5894951916764448,3.2914927462714667,3.2914927462714667,63.73633119884462,0.664095573285381,73.41800316166714,144.2282971276195,750.0,5894.951916764448,14737379.79191112,288.456594255239,3.928962677179531,True
18,5,10.0,0.40210526315789474,1.0487608781325632,0.6466556149746685,2.947475958382225,0.5894951916764448,5.079598519472986,5.079598519472986,55.05759149813859,0.28079435560966487,68.50709936527016,159.35851026538504,750.0000000000001,5894.95191676445,14737379.791911125,318.71702053077007,4.652321051157283,True
18,6,10.0,0.4805263157894737,1.0812568043754964,0.6007304885860227,2.947475958382225,0.5894951916764448,7.254111486593324,7.254111486593324,48.543580969384244,0.1416708532510024,65.11961461100708,173.25378038606223,750.0000000000003,5894.951916764449,14737379.791911123,346.50756077212446,5.321093542122326,True
18,7,10.0,0.5589473684210526,1.1183169933015082,0.5593696248804556,2.947475958382225,0.5894951916764448,9.815031647632482,9.815031647632482,43.432471501664054,0.08069711015282877,62.68047773325064,186.19336027628756,749.9999999999998,5894.951916764446,14737379.791911114,372.3867205525751,5.941031945183021,True
18,8,10.0,0.6373684210526316,1.1595038770945227,0.5221354560418912,2.947475958382225,0.5894951916764448,12.762359002590461,12.762359002590461,39.29586771394088,0.05018775633615468,60.87335911097152,198.34687612394762,750.0,5894.951916764445,14737379.791911112,396.69375224789525,6.516705469213988,True
18,9,10.0,0.7157894736842105,1.2043941661595776,0.4886046924753671,2.947475958382225,0.5894951916764448,16.096093551467263,16.096093551467263,35.87044170799974,0.033348270328871304,59.50869024175396,209.82542206627636,750.0000000000002,5894.951916764447,14737379.791911116,419.6508441325527,7.051925398252286,True
18,10,10.0,0.7942105263157895,1.252589756046611,0.45837922973082157,2.947475958382225,0.5894951916764448,19.81623529426288,19.81623529426288,32.98338372733384,0.02332583358679411,58.465606792493126,220.70675403461755,750.0000000000001,5894.951916764447,14737379.791911116,441.4135080692351,7.549968815613349,True
18,11,10.0,0.8726315789473684,1.303724130872127,0.4310925519247586,2.947475958382225,0.5894951916764448,23.922784230977317,23.922784230977317,30.51549074991661,0.01699422346804987,57.66336967060299,231.04868822979572,750.0000000000001,5894.951916764444,14737379.79191111,462.09737645959143,8.013707473206695,True
18,12,10.0,0.9510526315789474,1.3574652278697037,0.4064125962907563,2.947475958382225,0.5894951916764448,28.415740361610577,28.415740361610577,28.381272641312126,0.012796694077000677,57.046051944726756,240.89659794106947,749.9999999999998,5894.951916764451,14737379.791911129,481.79319588213895,8.445688692864486,True
18,13,10.0,1.0294736842105263,1.4135157598428465,0.3840420756323202,2.947475958382225,0.5894951916764448,33.295103686162655,33.295103686162655,26.517485553170864,0.009901277538286337,56.57377273898934,250.2877604262448,750.0000000000002,5894.951916764458,14737379.791911144,500.5755208524896,8.848190541613013,True
18,14,10.0,1.1078947368421053,1.4716118662081192,0.36371712936601397,2.947475958382225,0.5894951916764448,38.560874204633556,38.560874204633556,24.87615128430847,0.00783669315772533,56.21740702026333,259.2539464057051,750.0,5894.951916764458,14737379.791911144,518.5078928114102,9.223262336246071,True
18,15,10.0,1.1863157894736842,1.5315207766128005,0.3452049871391163,2.947475958382225,0.5894951916764448,44.21305191702327,44.21305191702327,23.420110337788316,0.006322630115305296,55.955253415806226,267.82299877718793,750.0,5894.951916764442,14737379.791911105,535.6459975543759,9.572756173115048,True
18,16,10.0,1.2647368421052632,1.5930379834205144,0.32830114131525123,2.947475958382225,0.5894951916764448,50.25163682333181,50.25163682333181,22.120078958970772,0.0051853065598257845,55.77086020142063,276.01981744266874,749.9999999999999,5894.951916764447,14737379.791911116,552.0396348853375,9.898352524806056,True
18,17,10.0,1.343157894736842,1.6559842592959666,0.3128263645591245,2.947475958382225,0.5894951916764448,56.67662892355917,56.67662892355917,20.95263757022612,0.004313074872293504,55.651564780008805,283.8669896981448,750.0,5894.951916764463,14737379.791911157,567.7339793962896,10.201581602252293,True
18,18,10.0,1.421578947368421,1.7202027323670932,0.29862378499867215,2.947475958382225,0.5894951916764448,63.48802821770534,63.48802821770534,19.898817447486476,0.0036319508976609205,55.58748798958328,291.3852064292883,750.0,5894.951916764436,14737379.79191109,582.7704128585766,10.483841489073653,True
18,19,10.0,1.5,1.785556142170306,0.2855561421703059,2.947475958382225,0.5894951916764448,70.68583470577035,70.68583470577035,18.943083998437803,0.003091560814588623,55.57082687339909,298.5935473685203,750.0000000000002,5894.951916764438,14737379.791911094,597.1870947370406,10.746413691081948,True
19,0,10.0,0.01,0.9950376877284599,0.9850376877284599,3.110176727053896,0.622035345410779,0.003141592653589793,0.003141592653589793,115.49792767918598,719380773.7583231,93.92174479446835,93.91526515929057,53.883485075523026,6220.35345410779,15550883.635269474,187.83053031858114,1.9998620205535584,True
19,1,10.0,0.08842105263157894,0.9989085456379261,0.9104874930063471,3.110176727053896,0.622035345410779,0.2456185901798291,0.2456185901798291,110.37124796722226,422.1439570769948,97.16168496596805,97.1558134644511,470.7103448314302,6220.353454107789,15550883.635269472,194.3116269289022,1.9998791395699034,True
19,2,10.0,0.1668421052631579,1.0088787281376503,0.8420366228744924,3.110176727053896,0.622035345410779,0.8745027816248885,0.8745027816248885,97.5356137830372,10.043805661718437,92.91544040577881,106.46386579161792,750.0000000000001,6220.353454107791,15550883.635269476,212.92773158323584,2.2916291485391587,True
19,3,10.0,0.24526315789473685,1.024770226255866,0.7795070683611292,3.110176727053896,0.622035345410779,1.8897941669887677,1.8897941669887677,77.40061874549582,1.941164884575402,79.72610620437386,125.85508319505269,749.9999999999999,6220.353454107791,15550883.635269476,251.71016639010537,3.1571862514501716,True
19,4,10.0,0.3236842105263158,1.0463132743801182,0.7226290638538024,3.110176727053896,0.622035345410779,3.2914927462714667,3.2914927462714667,64.87054050254615,0.6188547989636333,72.16224260721577,142.47973881790188,749.9999999999999,6220.353454107789,15550883.635269472,284.95947763580375,3.948872254246012,True
19,5,10.0,0.40210526315789474,1.073167574360724,0.6710623112028293,3.110176727053896,0.622035345410779,5.079598519472986,5.079598519472986,56.08698655832965,0.26074067346575863,67.27643747072895,157.38269207230724,750.0,6220.35345410779,15550883.635269474,314.7653841446145,4.678686862418429,True
19,6,10.0,0.4805263157894737,1.1049459444543905,0.6244196286649168,3.110176727053896,0.622035345410779,7.254111486593324,7.254111486593324,49.491457821305886,0.1311253813660353,63.89834366586071,171.06749970942215,749.9999999999999,6220.353454107791,15550883.635269476,342.1349994188443,5.3543641320023525,True
19,7,10.0,0.5589473684210526,1.1412371185099177,0.5822897500888651,3.110176727053896,0.622035345410779,9.815031647632482,9.815031647632482,44.31335951755413,0.07446933069333905,61.45989221543914,183.81301519402197,750.0000000000001,6220.353454107788,15550883.63526947,367.62603038804394,5.981559959450983,True
19,8,10.0,0.6373684210526316,1.1816253653993405,0.5442569443467089,3.110176727053896,0.622035345410779,12.762359002590461,12.762359002590461,40.11966333463555,0.04619087544281711,59.64848548921302,195.7887360693983,750.0000000000002,6220.353454107789,15550883.635269472,391.5774721387966,6.564751291289876,True
19,9,10.0,0.7157894736842105,1.2257057439031276,0.5099162702189171,3.110176727053896,0.622035345410779,16.096093551467263,16.096093551467263,36.64437700275094,0.030618988625342916,58.2766756988567,207.1055255730489,749.9999999999998,6220.353454107785,15550883.635269463,414.2110511460978,7.107664364496755,True
19,10,10.0,0.7942105263157895,1.2730947961997188,0.4788842698839293,3.110176727053896,0.622035345410779,19.81623529426288,19.81623529426288,33.713048709106594,0.021371051467921585,57.2248463101434,217.84069845415476,750.0000000000005,6220.353454107789,15550883.635269472,435.6813969083095,7.613500515965261,True
19,11,10.0,0.8726315789473684,1.323437143417162,0.4508055644697935,3.110176727053896,0.622035345410779,23.922784230977317,23.922784230977317,31.20539849670533,0.015540458491139027,56.41300301981685,228.0514227194187,750.0,6220.353454107791,15550883.635269476,456.1028454388374,8.085065871756852,True
19,12,10.0,0.9510526315789474,1.376408772143378,0.4253561405644306,3.110176727053896,0.622035345410779,28.415740361610577,28.415740361610577,29.035187781760616,0.011682255327744355,55.785662410065285,237.78226220375106,750.0000000000003,6220.353454107795,15550883.635269487,475.5645244075021,8.524852154873706,True
19,13,10.0,1.0294736842105263,1.4317178725160886,0.4022441883055623,3.110176727053896,0.622035345410779,33.295103686162655,33.295103686162655,27.13862411329747,0.009025458936099112,55.303202597954865,247.06957930021554,750.0000000000002,6220.353454107782,15550883.635269456,494.1391586004311,8.935091195219579,True
19,14,10.0,1.1078947368421053,1.4891040084300484,0.38120927158794315,3.110176727053896,0.622035345410779,38.560874204633556,38.560874204633556,25.467307921662776,0.007134005542766968,54.93664336099475,255.9441758558447,749.9999999999998,6220.353454107791,15550883.635269476,511.8883517116894,9.317794470040962,True
19,15,10.0,1.1863157894736842,1.5483362530001585,0.3620204635264743,3.110176727053896,0.622035345410779,44.21305191702327,44.21305191702327,23.983743243354034,0.00574891196181406,54.6643574408365,264.43291340748027,750.0000000000001,6220.353454107783,15550883.63526946,528.8658268149605,9.674783562348733,True
19,16,10.0,1.2647368421052632,1.6092107630072556,0.34447392090199247,3.110176727053896,0.622035345410779,50.25163682333181,50.25163682333181,22.65836929313826,0.004709844033647962,54.469923839462275,272.55972874076133,749.9999999999999,6220.353454107781,15550883.635269452,545.1194574815227,10.007714699365808,True
19,17,10.0,1.343157894736842,1.671548123804369,0.3283902290675269,3.110176727053896,0.622035345410779,56.67662892355917,56.67662892355917,21.467533056067776,0.003913931669298863,54.34068458532617,280.34628534479003,750.0,6220.3534541078025,15550883.635269506,560.6925706895801,10.318099136369476,True
19,18,10.0,1.421578947368421,1.7351906822021343,0.3136117348337133,3.110176727053896,0.622035345410779,63.48802821770534,63.48802821770534,20.39206573192558,0.003293094170623642,54.26675000849789,287.8124028341929,749.9999999999998,6220.353454107795,15550883.635269487,575.6248056683858,10.607320423247126,True
19,19,10.0,1.5,1.8,0.30000000000000004,3.110176727053896,0.622035345410779,70.68583470577035,70.68583470577035,19.416259125556998,0.0028010334594547274,54.2402984454599,294.97634947540865,750.0000000000001,6220.353454107799,15550883.635269497,589.9526989508173,10.876649204724249,True
