row_i,col_j,solenoid_length_m,ri,rf,th,a,a_sc,v,v_bore,b0,scan,je_sc,je_max,stress,rebco_pancake_length,rebco_total_length,j_crit,margin,converged
0,0,8.0,0.01,0.07812809993849779,0.06812809993849779,0.018862122292152797,0.0037724244584305586,0.0025132741228718345,0.0025132741228718345,23.097831683470876,946246142709.6177,269.81535898613316,269.80476561899457,31.158481767078403,37.72424458430558,75448.48916861117,539.6095312379891,1.9999214769153364,True
0,1,8.0,0.08842105263157894,0.11756820381581216,0.029147151184233222,0.018862122292152797,0.0037724244584305586,0.19649487214386327,0.19649487214386327,12.975192871534786,4650101.978909868,354.36655150896667,354.37749806958556,203.21106496773933,37.72424458430559,75448.48916861118,708.7549961391711,2.0000617810037222,True
0,2,8.0,0.1668421052631579,0.1839572996340253,0.017115194370867393,0.018862122292152797,0.0037724244584305586,0.6996022252999108,0.6996022252999108,8.800907931585773,318767.9516654935,409.5936736416479,409.59945051837366,300.42697263043095,37.72424458430557,75448.48916861115,819.1989010367473,2.0000282078415634,True
0,3,8.0,0.24526315789473685,0.2572120071468253,0.011948849252088445,0.018862122292152797,0.0037724244584305586,1.5118353335910142,1.5118353335910142,6.67916321952377,73652.12930937442,445.6985634455946,445.7076331174691,364.3430478255828,37.72424458430541,75448.48916861082,891.4152662349381,2.000040698681209,True
0,4,8.0,0.3236842105263158,0.33282948809269325,0.009145277566377452,0.018862122292152797,0.0037724244584305586,2.6331941970171733,2.6331941970171733,5.396622418889333,27184.67047339226,471.1648173318946,471.1577944007205,410.1368866258937,37.724244584304856,75448.48916860971,942.315588801441,1.999970189067962,True
0,5,8.0,0.40210526315789474,0.409502921429481,0.007397658271586283,0.018862122292152797,0.0037724244584305586,4.063678815578389,4.063678815578389,4.533381616949945,12852.91011086591,490.1643625725916,490.1695353277626,444.4779190291565,37.72424458430591,75448.48916861182,980.3390706555252,2.0000211062066766,True
0,6,8.0,0.4805263157894737,0.48673354123812435,0.006207225448650655,0.018862122292152797,0.0037724244584305586,5.803289189274659,5.803289189274659,3.9103681505720322,7078.977622364284,504.96551284146597,504.97325415689954,470.9936928174594,37.72424458430573,75448.48916861146,1009.9465083137991,2.0000306607688514,True
0,7,8.0,0.5589473684210526,0.564292619715002,0.00534525129394936,0.018862122292152797,0.0037724244584305586,7.852025318105986,7.852025318105986,3.4381067942272376,4323.8645653631565,516.8690162382609,516.8660394285853,491.8148682794314,37.72424458430611,75448.48916861223,1033.7320788571706,1.9999884813769753,True
0,8,8.0,0.6373684210526316,0.6420611373966848,0.004692716344053216,0.018862122292152797,0.0037724244584305586,10.20988720207237,10.20988720207237,3.0667687239466384,2846.3911990465144,526.6608749583111,526.6579358618701,508.26292316411747,37.72424458430437,75448.48916860875,1053.3158717237402,1.9999888387515354,True
0,9,8.0,0.7157894736842105,0.7199712290342712,0.004181755350060712,0.018862122292152797,0.0037724244584305586,12.876874841173809,12.876874841173809,2.7665608925948884,1982.8627498034994,534.879180954564,534.8766860351747,521.2754761637334,37.72424458430558,75448.48916861117,1069.7533720703493,1.9999906710917972,True
0,10,8.0,0.7942105263157895,0.7979814284247493,0.003770902108959806,0.018862122292152797,0.0037724244584305586,15.852988235410304,15.852988235410304,2.5184230299502266,1443.8984510299947,541.8872248121801,541.8852184553253,531.5056493410322,37.72424458430529,75448.48916861058,1083.7704369106507,1.9999925949283803,True
0,11,8.0,0.8726315789473684,0.8760649933516218,0.0034334144042533765,0.018862122292152797,0.0037724244584305586,19.138227384781853,19.138227384781853,2.309597074585886,1089.6104331819024,547.9428432415245,547.9412640883535,539.4327159100154,37.72424458430523,75448.48916861047,1095.882528176707,1.9999942360660767,True
0,12,8.0,0.9510526315789474,0.9542039132351329,0.0031512816561855006,0.018862122292152797,0.0037724244584305586,22.732592289288462,22.732592289288462,2.131211560204324,846.7444803668294,553.2344316364567,553.2331982066962,545.419419664945,37.72424458430487,75448.48916860974,1106.4663964133924,1.999995541023154,True
0,13,8.0,1.0294736842105263,1.0323856190794185,0.0029119348688921853,0.018862122292152797,0.0037724244584305586,26.636082948930124,26.636082948930124,1.97690079801092,674.3951955616164,557.9030361136379,557.9020737510075,549.747782639992,37.724244584301196,75448.48916860239,1115.804147502015,1.9999965500720802,True
0,14,8.0,1.1078947368421053,1.110601075059104,0.002706338216998727,0.018862122292152797,0.0037724244584305586,30.848699363706846,30.848699363706846,1.8419752625615777,548.483797555721,562.0564592222511,562.05570667345,552.6423414680626,37.72424458430035,75448.4891686007,1124.1114133469,1.999997322159407,True
0,15,8.0,1.1863157894736842,1.1888436198064785,0.0025278303327942453,0.018862122292152797,0.0037724244584305586,35.37044153361862,35.37044153361862,1.7229019931346912,454.19736029035676,565.7785752490158,565.7779844605645,554.2857033654986,37.72424458430648,75448.48916861297,1131.555968921129,1.9999979115912934,True
0,16,8.0,1.2647368421052632,1.2671082352263334,0.0023713931210702643,0.018862122292152797,0.0037724244584305586,40.20130945866545,40.20130945866545,1.6169528904248462,382.0894421595417,569.1305195812579,569.1356617689713,554.8192085112473,37.724244584302205,75448.48916860441,1138.2713235379426,2.0000180703284625,True
0,17,8.0,1.343157894736842,1.3453910696128117,0.0022331748759696346,0.018862122292152797,0.0037724244584305586,45.34130313884734,45.34130313884734,1.5220409170851739,325.88912354862583,572.1765081477988,572.1808116974645,554.3922259292789,37.72424458430008,75448.48916860016,1144.361623394929,2.000015042734556,True
0,18,8.0,1.421578947368421,1.4236891176099886,0.002110170241567566,0.018862122292152797,0.0037724244584305586,50.790422574164275,50.790422574164275,1.4364675020546878,281.38386821827885,574.9534624623955,574.9570753956729,553.1020138398119,37.72424458429809,75448.48916859618,1149.9141507913457,2.0000125677416114,True
0,19,8.0,1.5,1.502,0.0020000000000000018,0.018862122292152797,0.0037724244584305586,56.548667764616276,56.548667764616276,1.3588834695645793,245.6320588528446,577.4966986807564,577.4997416921716,551.0434378361381,37.72424458430704,75448.48916861408,1154.9994833843432,2.0000105386279166,True
1,0,8.0,0.01,0.24061018922293098,0.23061018922293097,0.1815628909638235,0.03631257819276469,0.0025132741228718345,0.0025132741228718345,49.521046813955934,44784703675.11103,170.99142942538916,171.00022856846815,42.31177857643186,363.125781927647,726251.563855294,342.0004571369363,2.000102919112479,True
1,1,8.0,0.08842105263157894,0.25614750771063755,0.1677264550790586,0.1815628909638235,0.03631257819276469,0.19649487214386327,0.19649487214386327,40.796604229329276,47579.70055720736,193.7521899558105,193.74028664424068,349.1099956908201,363.125781927647,726251.563855294,387.48057328848137,1.9998771284951924,True
1,2,8.0,0.1668421052631579,0.2926252744493157,0.12578316918615778,0.1815628909638235,0.03631257819276469,0.6996022252999108,0.6996022252999108,34.126000632771124,1410.0775065616,216.26476001194948,216.25462640763257,614.6304294181774,363.1257819276469,726251.5638552939,432.50925281526514,1.999906285200452,True
1,3,8.0,0.24526315789473685,0.34343453492389675,0.0981713770291599,0.1815628909638235,0.03631257819276469,1.5118353335910142,1.5118353335910142,27.467987751841896,257.49343017973104,223.26233403600096,245.39973565167438,749.9999999999999,363.1257819276473,726251.5638552946,490.79947130334875,2.198308431301303,True
1,4,8.0,0.3236842105263158,0.4031931687193361,0.07950895819302028,0.1815628909638235,0.03631257819276469,2.6331941970171733,2.6331941970171733,21.517798464145315,107.5525875659177,216.2539858923825,280.0077188599201,749.9999999999999,363.1257819276469,726251.5638552939,560.0154377198402,2.589619032495098,True
1,5,8.0,0.40210526315789474,0.4684889601870832,0.06638369702918845,0.1815628909638235,0.03631257819276469,4.063678815578389,4.063678815578389,17.64052071033018,56.05895339768749,212.71658887091687,309.07522227667647,750.0000000000005,363.1257819276478,726251.5638552955,618.1504445533529,2.9059813709614635,True
1,6,8.0,0.4805263157894737,0.5373069916947849,0.05678067590531122,0.1815628909638235,0.03631257819276469,5.803289189274659,5.803289189274659,14.924240956133877,33.36353951478994,210.84927879774577,333.7774846333711,750.0,363.12578192764647,726251.563855293,667.5549692667422,3.166029180052757,True
1,7,8.0,0.5589473684210526,0.6084533045540262,0.049505936132973605,0.1815628909638235,0.03631257819276469,7.852025318105986,7.852025318105986,12.920929065317859,21.675771472093686,209.89619375184662,354.99122738904754,750.0000000000001,363.12578192764573,726251.5638552915,709.9824547780951,3.382540874550036,True
1,8,8.0,0.6373684210526316,0.6811987722486141,0.04383035119598255,0.1815628909638235,0.03631257819276469,10.20988720207237,10.20988720207237,11.38525509367087,14.984685320785497,209.4981543587889,373.3846610117019,750.0,363.1257819276456,726251.5638552912,746.7693220234038,3.564562772922945,True
1,9,8.0,0.7157894736842105,0.755081342502259,0.03929186881804847,0.1815628909638235,0.03631257819276469,12.876874841173809,12.876874841173809,10.17206790113604,10.84967143037817,209.4678353670769,389.4725286034236,749.9999999999997,363.12578192764477,726251.5638552895,778.9450572068472,3.7186857630996357,True
1,10,8.0,0.7942105263157895,0.8297973386729425,0.035586812357153,0.1815628909638235,0.03631257819276469,15.852988235410304,15.852988235410304,9.190249169814289,8.142208772024219,209.70007516252073,403.65538523251695,750.0000000000001,363.1257819276461,726251.5638552922,807.3107704650339,3.8498353891354395,True
1,11,8.0,0.8726315789473684,0.9051403955929003,0.032508816645531846,0.1815628909638235,0.03631257819276469,19.138227384781853,19.138227384781853,8.379839090885085,6.287433699411141,210.13215734557875,416.24825901235675,750.0000000000001,363.1257819276463,726251.5638552926,832.4965180247135,3.9617759058914905,True
1,12,8.0,0.9510526315789474,0.9809660397746375,0.029913408195690105,0.1815628909638235,0.03631257819276469,22.732592289288462,22.732592289288462,7.699831731601013,4.969740240329668,210.72471049672396,427.5015940762834,749.9999999999999,363.12578192765153,726251.5638553031,855.0031881525668,4.05744151284934,True
1,13,8.0,1.0294736842105263,1.0571704354738118,0.027696751263285524,0.1815628909638235,0.03631257819276469,26.636082948930124,26.636082948930124,7.121268360099764,4.005203305304539,211.45188466926282,437.6165945734916,749.9999999999997,363.12578192765227,726251.5638553045,875.2331891469832,4.139160029318052,True
1,14,8.0,1.1078947368421053,1.133677207621434,0.025782470779328825,0.1815628909638235,0.03631257819276469,30.848699363706846,30.848699363706846,6.623134567382774,3.281290342359365,212.2960084976858,446.756534390006,750.0,363.125781927658,726251.563855316,893.513068780012,4.208807669550471,True
1,15,8.0,1.1863157894736842,1.210429021261662,0.02411323178797775,0.1815628909638235,0.03631257819276469,35.37044153361862,35.37044153361862,6.189821377505195,2.7263049572018536,213.24454275684778,455.0551630941906,749.9999999999999,363.12578192764283,726251.5638552856,910.1103261883812,4.267918486552479,True
1,16,8.0,1.2647368421052632,1.2873820501064506,0.02264520800118741,0.1815628909638235,0.03631257819276469,40.20130945866545,40.20130945866545,5.809498363141505,2.2929784378723825,214.28827184926845,462.6230136623306,749.9999999999999,363.1257819276426,726251.5638552852,925.2460273246612,4.317763260396651,True
1,17,8.0,1.343157894736842,1.36450225113475,0.021344356397907882,0.1815628909638235,0.03631257819276469,45.34130313884734,45.34130313884734,5.473039202819447,1.9492203706754136,215.4201922451299,469.55218344168145,749.9999999999998,363.12578192765653,726251.5638553131,939.1043668833629,4.359407338262617,True
1,18,8.0,1.421578947368421,1.4417627983683734,0.020183850999952346,0.1815628909638235,0.03631257819276469,50.790422574164275,50.790422574164275,5.173293112105306,1.6726846583990673,216.6348084137534,475.91999449223243,750.0000000000002,363.12578192765363,726251.5638553073,951.8399889844649,4.393753690618981,True
1,19,8.0,1.5,1.5191422787737476,0.019142278773747634,0.1815628909638235,0.03631257819276469,56.548667764616276,56.548667764616276,4.904579181482276,1.4474611280107128,217.92767502768925,481.7918235830357,749.9999999999999,363.12578192765585,726251.5638553117,963.5836471660714,4.421575401305232,True
2,0,8.0,0.01,0.33118352361763015,0.32118352361763014,0.34426365963549416,0.06885273192709881,0.0025132741228718345,0.0025132741228718345,60.36159698351216,20288319979.414955,149.72970003657716,149.72243558132115,45.13654624672651,688.5273192709877,1377054.6385419755,299.4448711626423,1.9999029657408753,True
2,1,8.0,0.08842105263157894,0.3426380143303802,0.25421696169880126,0.34426365963549416,0.06885273192709881,0.19649487214386327,0.19649487214386327,52.4804925930275,17375.053679617275,164.54521883267998,164.5534154507524,381.15981081828,688.5273192709881,1377054.6385419762,329.1068309015048,2.0000996275447025,True
2,2,8.0,0.1668421052631579,0.37070043755629967,0.20385833229314176,0.34426365963549416,0.06885273192709881,0.6996022252999108,0.6996022252999108,45.9132095194608,430.36203426695056,179.6485252422494,179.65663137616014,686.4558968253683,688.527319270988,1377054.638541976,359.31326275232027,2.000090244369107,True
2,3,8.0,0.24526315789473685,0.4119909500660033,0.16672779217126643,0.34426365963549416,0.06885273192709881,1.5118353335910142,1.5118353335910142,35.796321771964045,89.27295692279296,171.43989707734787,210.09004165688162,750.0,688.5273192709881,1377054.6385419762,420.18008331376325,2.4508885648956746,True
2,4,8.0,0.3236842105263158,0.4629837950294089,0.1392995845030931,0.34426365963549416,0.06885273192709881,2.6331941970171733,2.6331941970171733,28.481621759692647,35.039132646419894,163.4992453465386,240.41285367589907,749.9999999999998,688.5273192709885,1377054.6385419772,480.82570735179814,2.9408435881932196,True
2,5,8.0,0.40210526315789474,0.5208369888699047,0.11873172571200996,0.34426365963549416,0.06885273192709881,4.063678815578389,4.063678815578389,23.591962693730537,17.52404242490237,159.17455599764796,266.7792631700306,750.0,688.5273192709884,1377054.638541977,533.5585263400612,3.352034016969052,True
2,6,8.0,0.4805263157894737,0.5835135529548515,0.10298723716537783,0.34426365963549416,0.06885273192709881,5.803289189274659,5.803289189274659,20.099427017961442,10.141598646343654,156.67849827281927,289.9203985329511,750.0000000000001,688.52731927099,1377054.63854198,579.8407970659022,3.700831980507267,True
2,7,8.0,0.5589473684210526,0.6496188782514016,0.090671509830349,0.34426365963549416,0.06885273192709881,7.852025318105986,7.852025318105986,17.486404782559443,6.461709403776747,155.21311283917677,310.3692775738072,750.0000000000001,688.5273192709865,1377054.638541973,620.7385551476144,3.9992661946725425,True
2,8,8.0,0.6373684210526316,0.7182068159457372,0.08083839489310563,0.34426365963549416,0.06885273192709881,10.20988720207237,10.20988720207237,15.461945255893488,4.405164845878017,154.37967586955568,328.54742123857005,750.0000000000001,688.5273192709848,1377054.6385419695,657.0948424771401,4.256355888662168,True
2,9,8.0,0.7157894736842105,0.7886298859115779,0.07284041222736737,0.34426365963549416,0.06885273192709881,12.876874841173809,12.876874841173809,13.849819240943567,3.157018793584754,153.9619907479002,344.7970651701057,750.0000000000003,688.5273192709874,1377054.6385419748,689.5941303402114,4.47898943752529,True
2,10,8.0,0.7942105263157895,0.8604376133262612,0.06622708701047175,0.34426365963549416,0.06885273192709881,15.852988235410304,15.852988235410304,12.537200423103862,2.3509809193872075,153.83507791820747,359.39880902641175,750.0000000000001,688.52731927099,1377054.63854198,718.7976180528235,4.6725209086252795,True
2,11,8.0,0.8726315789473684,0.9333104515068749,0.060678872559506436,0.34426365963549416,0.06885273192709881,19.138227384781853,19.138227384781853,11.448638708844305,1.8046822004008622,153.922787445916,372.5840413849849,750.0000000000002,688.5273192709909,1377054.6385419818,745.1680827699698,4.84118105665024,True
2,12,8.0,0.9510526315789474,1.007017196650102,0.05596456507115466,0.34426365963549416,0.06885273192709881,22.732592289288462,22.732592289288462,10.531854539576381,1.4198393828084372,154.1766045725087,384.5445576364132,750.0,688.5273192709899,1377054.6385419797,769.0891152728263,4.98836459270399,True
2,13,8.0,1.0294736842105263,1.081387346327755,0.0519136621172287,0.34426365963549416,0.06885273192709881,26.636082948930124,26.636082948930124,9.749532018091097,1.1400368647004326,154.56439649389762,395.44018903170485,750.0,688.5273192709811,1377054.6385419623,790.8803780634097,5.116834122240011,True
2,14,8.0,1.1078947368421053,1.156292901577376,0.0483981647352707,0.34426365963549416,0.06885273192709881,30.848699363706846,30.848699363706846,9.074354859087373,0.931184936275206,155.06413069592216,405.4048763404867,749.9999999999999,688.5273192709855,1377054.6385419709,810.8097526809734,5.228867237330057,True
2,15,8.0,1.1863157894736842,1.2316361795069029,0.04532039003321864,0.34426365963549416,0.06885273192709881,35.37044153361862,35.37044153361862,8.485886633762496,0.7717879564944455,155.66021583537116,414.5515044898307,750.0,688.5273192709825,1377054.638541965,829.1030089796614,5.326364251328898,True
2,16,8.0,1.2647368421052632,1.3073415032401376,0.04260466113487449,0.34426365963549416,0.06885273192709881,40.20130945866545,40.20130945866545,7.968545087764286,0.6477961585278591,156.34129047119953,422.97575311670465,749.9999999999998,688.5273192709896,1377054.638541979,845.9515062334093,5.410928256276908,True
2,17,8.0,1.343157894736842,1.3833494339861117,0.04019153924926955,0.34426365963549416,0.06885273192709881,45.34130313884734,45.34130313884734,7.510249179395925,0.5497405735097656,157.09884327738843,430.75916967229523,750.0,688.527319270994,1377054.6385419879,861.5183393445905,5.483925415182167,True
2,18,8.0,1.421578947368421,1.4596126986008642,0.038033751232443125,0.34426365963549416,0.06885273192709881,50.790422574164275,50.790422574164275,7.1014927941593475,0.4710682279992123,157.92632755512284,437.9716302854469,750.0,688.5273192709828,1377054.6385419657,875.9432605708938,5.546530930792102,True
2,19,8.0,1.5,1.536093267453441,0.0360932674534411,0.34426365963549416,0.06885273192709881,56.548667764616276,56.548667764616276,6.734696544783058,0.407138135510785,158.81857870885386,444.6733187821782,750.0,688.5273192710025,1377054.638542005,889.3466375643565,5.599764490996399,True
3,0,8.0,0.01,0.40183552540023654,0.39183552540023653,0.5069644283071648,0.10139288566143294,0.0025132741228718345,0.0025132741228718345,67.86708120904987,12695572340.323812,138.0676306033574,138.07639586058644,46.77078674324456,1013.9288566143292,2027857.7132286585,276.1527917211729,2.0001269704881692,True
3,1,8.0,0.08842105263157894,0.4113272079770077,0.32290615534542877,0.5069644283071648,0.10139288566143294,0.19649487214386327,0.19649487214386327,60.516663783171616,9826.929824959863,149.46880016482575,149.45988697192254,399.0152120105947,1013.9288566143294,2027857.713228659,298.9197739438451,1.9998807350712204,True
3,2,8.0,0.1668421052631579,0.4349805484873166,0.2681384432241587,0.5069644283071648,0.10139288566143294,0.6996022252999108,0.6996022252999108,54.14298604363838,222.54392693179054,161.16774850926768,161.16041663343836,725.7568202644538,1013.9288566143292,2027857.7132286585,322.3208332668767,1.999909015595277,True
3,3,8.0,0.24526315789473685,0.4706652803151968,0.22540212242045993,0.5069644283071648,0.10139288566143294,1.5118353335910142,1.5118353335910142,41.621085650685124,48.844977745680026,147.54799030495113,191.3081357294259,749.9999999999998,1013.9288566143293,2027857.7132286588,382.6162714588518,2.5931649131110714,True
3,4,8.0,0.3236842105263158,0.5158907419383764,0.19220653141206057,0.5069644283071648,0.10139288566143294,2.6331941970171733,2.6331941970171733,33.45598916679031,18.404189923430238,139.28822033647313,218.84101869976914,750.0000000000002,1013.9288566143294,2027857.713228659,437.6820373995383,3.142276039870757,True
3,5,8.0,0.40210526315789474,0.5683840533767321,0.1662787902188374,0.5069644283071648,0.10139288566143294,4.063678815578389,4.063678815578389,27.918951917875958,8.934991506190398,134.6028333397441,243.15322787319369,750.0,1013.9288566143288,2027857.7132286576,486.30645574638737,3.6128991023459824,True
3,6,8.0,0.4805263157894737,0.6263204688016265,0.14579415301215282,0.5069644283071648,0.10139288566143294,5.803289189274659,5.803289189274659,23.914539740542892,5.060495231221203,131.78067722024596,264.8440641279677,749.9999999999997,1013.9288566143316,2027857.7132286632,529.6881282559355,4.019467340956702,True
3,7,8.0,0.5589473684210526,0.6883269209746951,0.12937955255364242,0.5069644283071648,0.10139288566143294,7.852025318105986,7.852025318105986,20.888051330895873,3.173641220932565,130.0333652557404,284.3154926795172,749.9999999999998,1013.9288566143272,2027857.7132286543,568.6309853590344,4.372962156602587,True
3,8,8.0,0.6373684210526316,0.7533991595620536,0.11603073850942203,0.5069644283071648,0.10139288566143294,10.20988720207237,10.20988720207237,18.524300550647258,2.138215213767968,128.95490729068342,301.87737843041896,749.9999999999998,1013.9288566143289,2027857.7132286578,603.7547568608379,4.681906020837854,True
3,9,8.0,0.7157894736842105,0.8208083577247512,0.10501888404054072,0.5069644283071648,0.10139288566143294,12.876874841173809,12.876874841173809,16.6299754216276,1.5187530357586054,128.31930485453344,317.78331532699275,750.0000000000001,1013.9288566143322,2027857.7132286644,635.5666306539855,4.953008679204447,True
3,10,8.0,0.7942105263157895,0.8900236792268437,0.09581315291105419,0.5069644283071648,0.10139288566143294,15.852988235410304,15.852988235410304,15.079790497922758,1.123233757526462,127.99303029694629,332.24577936983974,750.0,1013.928856614333,2027857.713228666,664.4915587396795,5.191622990705403,True
3,11,8.0,0.8726315789473684,0.9606548089974158,0.08802323005004742,0.5069644283071648,0.10139288566143294,19.138227384781853,19.138227384781853,13.789031048085945,0.8575928237501818,127.89328507105114,345.44451926103784,750.0000000000002,1013.9288566143332,2027857.7132286665,690.8890385220757,5.402074378950014,True
3,12,8.0,0.9510526315789474,1.032411205628322,0.08135857404937452,0.5069644283071648,0.10139288566143294,22.732592289288462,22.732592289288462,12.698427677762414,0.6718291256802742,127.96659170875861,357.5323540413985,750.0,1013.9288566143339,2027857.7132286679,715.064708082797,5.587901486899215,True
3,13,8.0,1.0294736842105263,1.1050736880207033,0.07560000381017695,0.5069644283071648,0.10139288566143294,26.636082948930124,26.636082948930124,11.765322752902458,0.5375744170369572,128.17716735882735,368.6396838882628,750.0000000000001,1013.9288566143339,2027857.7132286679,737.2793677765256,5.752033556121105,True
3,14,8.0,1.1078947368421053,1.1784746655724603,0.07057992873035501,0.5069644283071648,0.10139288566143294,30.848699363706846,30.848699363706846,10.958268054392695,0.43785599239852074,128.50030515548346,378.8781664518223,749.9999999999999,1013.9288566143352,2027857.7132286704,757.7563329036446,5.89692243910838,True
3,15,8.0,1.1863157894736842,1.252484308016773,0.0661685185430887,0.5069644283071648,0.10139288566143294,35.37044153361862,35.37044153361862,10.25359387294007,0.36206158836179303,128.91845326931687,388.34375540770753,749.9999999999999,1013.928856614324,2027857.713228648,776.6875108154151,6.024641865605363,True
3,16,8.0,1.2647368421052632,1.3270007796727465,0.062263937567483385,0.5069644283071648,0.10139288566143294,40.20130945866545,40.20130945866545,9.633159865299245,0.30330490600808213,129.4188109131389,397.119218762271,749.9999999999999,1013.928856614321,2027857.713228642,794.238437524542,6.136962872094422,True
3,17,8.0,1.343157894736842,1.4019432654952875,0.058785370758445366,0.5069644283071648,0.10139288566143294,45.34130313884734,45.34130313884734,9.082839872924554,0.2569736220904246,129.9918095190242,405.2762256968678,750.0000000000003,1013.9288566143325,2027857.713228665,810.5524513937356,6.235411710882538,True
3,18,8.0,1.421578947368421,1.4772469302979756,0.05566798292955455,0.5069644283071648,0.10139288566143294,50.790422574164275,50.790422574164275,8.591476620610882,0.21989287922216114,130.63012743977035,412.8770756321782,749.9999999999999,1013.9288566143149,2027857.71322863,825.7541512643564,6.321314749119318,True
3,19,8.0,1.5,1.5528592304113351,0.05285923041133511,0.5069644283071648,0.10139288566143294,56.548667764616276,56.548667764616276,8.150145273175458,0.18982460773266088,131.3280355827104,419.97613179054537,750.0000000000003,1013.9288566143335,2027857.7132286672,839.9522635810907,6.395833607456107,True
4,0,8.0,0.01,0.461801962567916,0.451801962567916,0.6696651969788355,0.1339330393957671,0.0025132741228718345,0.0025132741228718345,73.77030453856625,9094161574.056446,130.2281750374593,130.21921483846066,47.9264410222021,1339.3303939576708,2678660.7879153416,260.4384296769213,1.9998623923126304,True
4,1,8.0,0.08842105263157894,0.470084391551193,0.38166333891961407,0.6696651969788355,0.1339330393957671,0.19649487214386327,0.19649487214386327,66.7806411992665,6626.9764532469,139.62959757994216,139.63793763210936,411.08965223704087,1339.3303939576708,2678660.7879153416,279.2758752642187,2.000119459660584,True
4,2,8.0,0.1668421052631579,0.4909147998586125,0.3240726945954546,0.6696651969788355,0.1339330393957671,0.6996022252999108,0.6996022252999108,60.50885724173072,142.6621480120104,149.1231867100187,149.47308026924603,750.0,1339.3303939576713,2678660.7879153425,298.94616053849205,2.00469267814009,True
4,3,8.0,0.24526315789473685,0.5227954372907988,0.27753227939606195,0.6696651969788355,0.1339330393957671,1.5118353335910142,1.5118353335910142,46.183958576771374,32.21876677758962,133.05894395750346,178.97357542028786,749.9999999999997,1339.3303939576715,2678660.787915343,357.9471508405757,2.6901397245035805,True
4,4,8.0,0.3236842105263158,0.5638550529840299,0.24017084245771414,0.6696651969788355,0.1339330393957671,2.6331941970171733,2.6331941970171733,37.39813498827265,11.787248142421806,124.69190369612451,204.53001322914463,750.0,1339.3303939576715,2678660.787915343,409.06002645828926,3.280566053872855,True
4,5,8.0,0.40210526315789474,0.6122497001149602,0.21014443695706542,0.6696651969788355,0.1339330393957671,4.063678815578389,4.063678815578389,31.38626458771398,5.594123640711138,119.81796829610343,227.27974942510136,750.0,1339.3303939576708,2678660.7879153416,454.5594988502027,3.793750681257256,True
4,6,8.0,0.4805263157894737,0.6663832176741727,0.18585690188469906,0.6696651969788355,0.1339330393957671,5.803289189274659,5.803289189274659,27.001091463905492,3.113980204389758,116.80099366378285,247.77428376206203,749.9999999999998,1339.3303939576701,2678660.78791534,495.54856752412405,4.242674244284119,True
4,7,8.0,0.5589473684210526,0.7249711810109413,0.16602381258988863,0.6696651969788355,0.1339330393957671,7.852025318105986,7.852025318105986,23.661937073106092,1.9272956996976716,114.87364126110704,266.35683567244996,750.0000000000002,1339.3303939576701,2678660.78791534,532.7136713448999,4.63738822498057,True
4,8,8.0,0.6373684210526316,0.787019413220985,0.14965099216835342,0.6696651969788355,0.1339330393957671,10.20988720207237,10.20988720207237,21.037546586051665,1.2854000935023953,113.63310976981327,283.27972174976395,750.0000000000001,1339.330393957671,2678660.787915342,566.5594434995279,4.985865868206969,True
4,9,8.0,0.7157894736842105,0.8517720488890781,0.13598257520486756,0.6696651969788355,0.1339330393957671,12.876874841173809,12.876874841173809,18.92341608064033,0.905848217682393,112.85102576076626,298.7460132210297,750.0000000000002,1339.3303939576722,2678660.7879153444,597.4920264420595,5.294520119902918,True
4,10,8.0,0.7942105263157895,0.9186573968255969,0.1244468705098074,0.6696651969788355,0.1339330393957671,15.852988235410304,15.852988235410304,17.18599701495548,0.6658132766804673,112.39023122039929,312.92625410294295,750.0000000000001,1339.3303939576754,2678660.787915351,625.8525082058859,5.568566782094947,True
4,11,8.0,0.8726315789473684,0.9872420803469412,0.11461050139957274,0.6696651969788355,0.1339330393957671,19.138227384781853,19.138227384781853,15.734295605776316,0.5058560116101647,112.16447690854987,325.9663905180077,750.0000000000002,1339.3303939576729,2678660.7879153457,651.9327810360154,5.8122927954057175,True
4,12,8.0,0.9510526315789474,1.0571954221736017,0.10614279059465437,0.6696651969788355,0.1339330393957671,22.732592289288462,22.732592289288462,14.50419187783691,0.394715772991897,112.11740618686053,337.9923868414567,750.0000000000002,1339.3303939576701,2678660.78791534,675.9847736829134,6.0292580489802186,True
4,13,8.0,1.0294736842105263,1.1282628767772045,0.09878919256667817,0.6696651969788355,0.1339330393957671,26.636082948930124,26.636082948930124,13.449237247523126,0.3148207547425106,112.21095669969917,349.1134465536358,750.0,1339.3303939576647,2678660.7879153294,698.2268931072716,6.222448445706403,True
4,14,8.0,1.1078947368421053,1.2002465582346058,0.09235182139250053,0.6696651969788355,0.1339330393957671,30.848699363706846,30.848699363706846,12.534991520477853,0.2557424364665743,112.41865905913255,359.4245291624061,750.0000000000001,1339.3303939576788,2678660.7879153574,718.8490583248122,6.3943927488647185,True
4,15,8.0,1.1863157894736842,1.272991046703059,0.08667525722937475,0.6696651969788355,0.1339330393957671,35.37044153361862,35.37044153361862,11.735402126290435,0.21100609315566748,112.7216135661475,369.0084266128169,749.9999999999999,1339.3303939576667,2678660.7879153336,738.0168532256338,6.547252384677313,True
4,16,8.0,1.2647368421052632,1.3463730286996884,0.08163618659442529,0.6696651969788355,0.1339330393957671,40.20130945866545,40.20130945866545,11.030414470002373,0.1764359904439286,113.10599409602582,377.9375130218091,750.0000000000003,1339.3303939576695,2678660.7879153388,755.8750260436182,6.6828909651055985,True
4,17,8.0,1.343157894736842,1.420293695974704,0.07713580123786179,0.6696651969788355,0.1339330393957671,45.34130313884734,45.34130313884734,10.404351705284098,0.14925025409148926,113.56145451802637,386.27522897555946,750.0000000000001,1339.330393957677,2678660.787915354,772.5504579511189,6.8029285220936195,True
4,18,8.0,1.421578947368421,1.4946731268851685,0.07309417951674746,0.6696651969788355,0.1339330393957671,50.790422574164275,50.790422574164275,9.844790250939845,0.12754297580504068,114.08008533194885,394.07734223517554,749.9999999999999,1339.3303939576613,2678660.7879153225,788.1546844703511,6.908784142096214,True
4,19,8.0,1.5,1.569446097396014,0.06944609739601404,0.6696651969788355,0.1339330393957671,56.548667764616276,56.548667764616276,9.341763204016658,0.10997614509846214,114.65571506030639,401.393018286673,750.0,1339.3303939576585,2678660.787915317,802.786036573346,7.001709737286957,True
5,0,8.0,0.01,0.5148303757447433,0.5048303757447433,0.8323659656505062,0.1664731931301012,0.0025132741228718345,0.0025132741228718345,78.68431557970415,7026455255.909413,124.37935655154506,124.38765395953615,48.796762028839524,1664.7319313010119,3329463.862602024,248.7753079190723,2.000133420982728,True
5,1,8.0,0.08842105263157894,0.5222725326282727,0.4338514799966937,0.8323659656505062,0.1664731931301012,0.19649487214386327,0.19649487214386327,71.98955372798049,4907.268723834347,132.49149409823886,132.48420674969591,420.2557850418971,1664.7319313010116,3329463.8626020234,264.96841349939183,1.9998899952243343,True
5,2,8.0,0.1668421052631579,0.541097591824355,0.3742554865611971,0.8323659656505062,0.1664731931301012,0.6996022252999108,0.6996022252999108,65.02521829038604,106.96884033584546,138.8516421610886,142.24488238070043,749.9999999999999,1664.7319313010123,3329463.862602025,284.48976476140086,2.0488757664914785,True
5,3,8.0,0.24526315789473685,0.5701792107837432,0.3249160528890064,0.8323659656505062,0.1664731931301012,1.5118353335910142,1.5118353335910142,49.97122409415106,23.506803708840636,123.05461056040023,169.9838741403161,750.0,1664.7319313010114,3329463.862602023,339.9677482806322,2.762738809479732,True
5,4,8.0,0.3236842105263158,0.6080475178253077,0.28436330729899195,0.8323659656505062,0.1664731931301012,2.6331941970171733,2.6331941970171733,40.69364409658384,8.408255032563623,114.67147943678133,194.048803009512,749.9999999999999,1664.7319313010125,3329463.8626020253,388.097606019024,3.3844300947820525,True
5,5,8.0,0.40210526315789474,0.6531760547117089,0.2510707915538142,0.8323659656505062,0.1664731931301012,4.063678815578389,4.063678815578389,34.306686873472266,3.919001886981382,109.69456480864486,215.56860418212474,750.0000000000002,1664.7319313010132,3329463.8626020267,431.1372083642495,3.9303424843003,True
5,6,8.0,0.4805263157894737,0.7041703316355202,0.22364401584604654,0.8323659656505062,0.1664731931301012,5.803289189274659,5.803289189274659,29.619015176609786,2.1505951907996805,106.55302279419891,235.07555569076308,750.0000000000003,1664.7319313010114,3329463.862602023,470.15111138152616,4.412367655581168,True
5,7,8.0,0.5589473684210526,0.7598502987130383,0.2009029302919857,0.8323659656505062,0.1664731931301012,7.852025318105986,7.852025318105986,26.02904530168003,1.3161839044957195,104.50217290177022,252.88401197797572,750.0000000000001,1664.7319313010128,3329463.8626020257,505.76802395595143,4.839784761522255,True
5,8,8.0,0.6373684210526316,0.81926114270396,0.18189272165132842,0.8323659656505062,0.1664731931301012,10.20988720207237,10.20988720207237,23.193321659959178,0.8700954257990926,103.1460828771202,269.2142194521499,749.9999999999998,1664.731931301011,3329463.862602022,538.4284389042998,5.220057067467501,True
5,9,8.0,0.7157894736842105,0.8816489587282417,0.16585948504403114,0.8323659656505062,0.1664731931301012,12.876874841173809,12.876874841173809,20.899123104782948,0.608893491380242,102.25729726686924,284.238496866011,750.0000000000001,1664.7319313010073,3329463.8626020146,568.476993732022,5.559280451628025,True
5,10,8.0,0.7942105263157895,0.9464252088254396,0.1522146825096501,0.8323659656505062,0.1664731931301012,15.852988235410304,15.852988235410304,19.006887982893396,0.445048476036395,101.69749281459934,298.1001138307311,750.0000000000001,1664.7319313010132,3329463.8626020267,596.2002276614622,5.862486981349394,True
5,11,8.0,0.8726315789473684,1.0131318711627084,0.14050029221534,0.8323659656505062,0.1664731931301012,19.138227384781853,19.138227384781853,17.421025347771845,0.3366055601633403,101.37870534758846,310.9218510129092,750.0000000000001,1664.7319313010094,3329463.8626020188,621.8437020258184,6.133869039792492,True
5,12,8.0,0.9510526315789474,1.0814117734807194,0.130359141901772,0.8323659656505062,0.1664731931301012,22.732592289288462,22.732592289288462,16.073817468592683,0.2616872107343596,101.24289552247242,322.8104679221704,750.0,1664.7319313010098,3329463.8626020197,645.6209358443408,6.376950525886879,True
5,13,8.0,1.0294736842105263,1.1509849617920593,0.12151127758153302,0.8323659656505062,0.1664731931301012,26.636082948930124,26.636082948930124,14.915960697020154,0.20808896648528086,101.2505425942332,333.8594560396635,749.9999999999998,1664.7319313010207,3329463.8626020416,667.718912079327,6.594719346396445,True
5,14,8.0,1.1078947368421053,1.2216304939350162,0.11373575709291095,0.8323659656505062,0.1664731931301012,30.848699363706846,30.848699363706846,13.910726864285728,0.16861634959365712,101.37397978545788,344.1510068227219,750.0000000000003,1664.731931301024,3329463.8626020476,688.3020136454438,6.789730610380761,True
5,15,8.0,1.1863157894736842,1.2931726366359768,0.1068568471622926,0.8323659656505062,0.1664731931301012,35.37044153361862,35.37044153361862,13.030215075490885,0.13882911742127343,101.59335051247072,353.75756592354884,750.0000000000002,1664.7319313010196,3329463.8626020392,707.5151318470977,6.964187402799056,True
5,16,8.0,1.2647368421052632,1.3654704667505142,0.10073362464525104,0.8323659656505062,0.1664731931301012,40.20130945866545,40.20130945866545,12.252866655278321,0.11587871661721343,101.89407506568914,362.7431278073513,750.0,1664.7319313010078,3329463.8626020155,725.4862556147026,7.120004329466612,True
5,17,8.0,1.343157894736842,1.4384100409769738,0.09525214624013167,0.8323659656505062,0.1664731931301012,45.34130313884734,45.34130313884734,11.561772299696427,0.09787629678085945,102.26521898100363,371.16434037323006,750.0000000000001,1664.7319313010182,3329463.8626020364,742.3286807464601,7.258857783156482,True
5,18,8.0,1.421578947368421,1.5118984818401602,0.09031953447173913,0.8323659656505062,0.1664731931301012,50.790422574164275,50.790422574164275,10.943491757683338,0.08353313017516452,102.69841627275001,379.0714562083458,750.0000000000001,1664.7319313010116,3329463.8626020234,758.1429124166916,7.382225938160423,True
5,19,8.0,1.5,1.5858594880346346,0.08585948803463461,0.8323659656505062,0.1664731931301012,56.548667764616276,56.548667764616276,10.387214002813053,0.07194781242706631,103.18714331313107,386.50915401838483,750.0000000000001,1664.7319313010134,3329463.8626020267,773.0183080367697,7.491420764416096,True
6,0,8.0,0.01,0.5628850494971139,0.5528850494971139,0.9950667343221768,0.19901334686443534,0.0025132741228718345,0.0025132741228718345,82.94484807341028,5690249472.587742,119.78254456629672,119.77531079019546,49.511276782339124,1990.1334686443538,3980266.9372887076,239.55062158039092,1.9998792181928102,True
6,1,8.0,0.08842105263157894,0.5696997994521719,0.4812787468205929,0.9950667343221768,0.19901334686443534,0.19649487214386327,0.19649487214386327,76.4735295174674,3853.6585052449295,126.94740634174795,126.93877497996462,427.50520527023144,1990.133468644353,3980266.9372887057,253.87754995992924,1.999864016728942,True
6,2,8.0,0.1668421052631579,0.5870058492349213,0.42016374397176337,0.9950667343221768,0.19901334686443534,0.6996022252999108,0.6996022252999108,68.89806391033329,84.87044719334824,131.1265762597568,136.62962637194568,750.0000000000003,1990.1334686443533,3980266.9372887067,273.25925274389135,2.083934931714949,True
6,3,8.0,0.24526315789473685,0.6139166031049063,0.3686534452101694,0.9950667343221768,0.19901334686443534,1.5118353335910142,1.5118353335910142,53.22841719254552,18.259939088228368,115.59853563159746,163.0076976474003,750.0000000000002,1990.133468644353,3980266.9372887057,326.0153952948006,2.820238106940935,True
6,4,8.0,0.3236842105263158,0.6492388213064686,0.3255546107801528,0.9950667343221768,0.19901334686443534,2.6331941970171733,2.6331941970171733,43.54133387810247,6.415127436892168,107.24302720635266,185.89552063192414,750.0,1990.1334686443531,3980266.937288706,371.7910412638483,3.4668085277792757,True
6,5,8.0,0.40210526315789474,0.6916850595514177,0.28957979639352294,0.9950667343221768,0.19901334686443534,4.063678815578389,4.063678815578389,36.84383357718614,2.945990481621269,102.21070252812875,206.4170786405221,750.0000000000005,1990.1334686443536,3980266.937288707,412.8341572810442,4.039050188187786,True
6,6,8.0,0.4805263157894737,0.7400304852596097,0.259504169470136,0.9950667343221768,0.19901334686443534,5.803289189274659,5.803289189274659,31.905396291299805,1.5972928741846086,98.98650200709591,225.09641224710455,750.0000000000002,1990.133468644351,3980266.937288702,450.1928244942091,4.5480223602803616,True
6,7,8.0,0.5589473684210526,0.7931971631392716,0.23424979471821894,0.9950667343221768,0.19901334686443534,7.852025318105986,7.852025318105986,28.106367022640995,0.9681233169365215,96.84723854332805,242.23285219872454,750.0,1990.1334686443515,3980266.937288703,484.4657043974491,5.002369831956604,True
6,8,8.0,0.6373684210526316,0.8502811788476169,0.2129127577949853,0.9950667343221768,0.19901334686443534,10.20988720207237,10.20988720207237,25.09320491169411,0.6350298756836327,95.405000979417,258.02781581972135,749.9999999999998,1990.133468644354,3980266.937288708,516.0556316394427,5.409104620739727,True
6,9,8.0,0.7157894736842105,0.9105460721921146,0.19475659850790406,0.9950667343221768,0.19901334686443534,12.876874841173809,12.876874841173809,22.64665156696732,0.4416086743132719,94.4347710364693,272.634034176177,750.0,1990.1334686443486,3980266.9372886973,545.268068352354,5.774018005950156,True
6,10,8.0,0.7942105263157895,0.9734012220344557,0.1791906957186662,0.9950667343221768,0.19901334686443534,15.852988235410304,15.852988235410304,20.622460002129515,0.3211363739215732,93.79837701885765,286.1763281336943,749.9999999999999,1990.1334686443545,3980266.937288709,572.3526562673886,6.101946264510741,True
6,11,8.0,0.8726315789473684,1.0383763535075063,0.16574477456013792,0.9950667343221768,0.19901334686443534,19.138227384781853,19.138227384781853,18.921476449835257,0.2418778223500952,93.4071496098315,298.7610585273529,749.9999999999999,1990.1334686443543,3980266.9372887085,597.5221170547057,6.3969633968127635,True
6,12,8.0,0.9510526315789474,1.1050975916092702,0.15404496003032286,0.9950667343221768,0.19901334686443534,22.732592289288462,22.732592289288462,17.473183292607242,0.1874003926637828,93.20210436442609,310.48084868513985,750.0000000000002,1990.1334686443543,3980266.9372887085,620.9616973702797,6.662528722981193,True
6,13,8.0,1.0294736842105263,1.1732670818826219,0.14379339767209554,0.9950667343221768,0.19901334686443534,26.636082948930124,26.636082948930124,16.22603504546026,0.1485950477906471,93.14279039566097,321.41725657066917,750.0,1990.1334686443452,3980266.9372886904,642.8345131413383,6.901602479490292,True
6,14,8.0,1.1078947368421053,1.2426465011699048,0.13475176432779956,0.9950667343221768,0.19901334686443534,30.848699363706846,30.848699363706846,15.141487488347503,0.12012262339927676,93.2007193554049,331.6425135195985,750.0000000000001,1990.1334686443581,3980266.9372887164,663.285027039197,7.116737205749171,True
6,15,8.0,1.1863157894736842,1.3130440705863375,0.12672828111265333,0.9950667343221768,0.19901334686443534,35.37044153361862,35.37044153361862,14.19015627472556,0.09870478030668328,93.35534497467738,341.2208038571411,750.0,1990.1334686443581,3980266.9372887164,682.4416077142822,7.310150349713713,True
6,16,8.0,1.2647368421052632,1.3843044674946916,0.11956762538942844,0.9950667343221768,0.19901334686443534,40.20130945866545,40.20130945866545,13.349262672883858,0.08224800841852306,93.59152419933903,350.20929039142965,750.0000000000002,1990.1334686443563,3980266.9372887127,700.4185807828593,7.483782177657983,True
6,17,8.0,1.343157894736842,1.4563010365790703,0.11314314184222818,0.9950667343221768,0.19901334686443534,45.34130313884734,45.34130313884734,12.600887788824052,0.06936982525874306,93.89786980942995,358.6589771641261,749.9999999999999,1990.1334686443493,3980266.9372886983,717.3179543282522,7.639342146782265,True
6,18,8.0,1.421578947368421,1.5289297833937556,0.10735083602533457,0.9950667343221768,0.19901334686443534,50.790422574164275,50.790422574164275,11.930751096875763,0.059130462330458745,94.26565581583212,366.61545286989787,750.0000000000001,1990.133468644353,3980266.9372887057,733.2309057397957,7.778346200362911,True
6,19,8.0,1.5,1.6021047340755747,0.10210473407557474,0.9950667343221768,0.19901334686443534,56.548667764616276,56.548667764616276,11.327338301093777,0.050874766114039925,94.68807470124271,374.11953811320245,750.0000000000001,1990.1334686443572,3980266.9372887146,748.2390762264049,7.902146902735417,True
7,0,8.0,0.01,0.607148122047053,0.597148122047053,1.1577675029938477,0.23155350059876947,0.0025132741228718345,0.0025132741228718345,86.70730549597886,4765036259.940095,115.99659049838367,116.00273832474305,50.09443125080515,2315.5350059876946,4631070.011975389,232.0054766494861,2.0001060001217787,True
7,1,8.0,0.08842105263157894,0.6134713723180077,0.5250503196864288,1.1577675029938477,0.23155350059876947,0.19649487214386327,0.19649487214386327,80.42614064752209,3150.1327077579404,122.44849191221496,122.4555475134076,433.420403269981,2315.535005987694,4631070.011975388,244.9110950268152,2.0001152419451222,True
7,2,8.0,0.1668421052631579,0.629575357041479,0.46273325177832114,1.1577675029938477,0.23155350059876947,0.6996022252999108,0.6996022252999108,72.30412674952657,69.9732783239601,125.02488292250435,132.07780760290098,750.0000000000001,2315.535005987695,4631070.01197539,264.15561520580195,2.112824335692733,True
7,3,8.0,0.24526315789473685,0.654738771362871,0.4094756134681341,1.1577675029938477,0.23155350059876947,1.5118353335910142,1.5118353335910142,56.0981351997994,14.800617457441668,109.7543242038397,157.3615881530484,750.0000000000002,2315.535005987694,4631070.011975388,314.7231763060968,2.8675241598825894,True
7,4,8.0,0.3236842105263158,0.6879682479949983,0.36428403746868254,1.1577675029938477,0.23155350059876947,2.6331941970171733,2.6331941970171733,46.05850898606716,5.123570383073465,101.4484719597045,179.28935254229782,750.0000000000001,2315.5350059876937,4631070.011975387,358.57870508459564,3.5345895128615012,True
7,5,8.0,0.40210526315789474,0.7281603427573785,0.32605507959948377,1.1577675029938477,0.23155350059876947,4.063678815578389,4.063678815578389,39.09544564332481,2.3237313396065606,96.3891189810611,198.9804246509857,750.0000000000002,2315.535005987694,4631070.011975388,397.9608493019714,4.128690598159365,True
7,6,8.0,0.4805263157894737,0.774231478481383,0.29370516269190927,1.1577675029938477,0.23155350059876947,5.803289189274659,5.803289189274659,33.94280768713396,1.2469529680553453,93.10904609936716,216.9550902458464,750.0000000000001,2315.5350059876923,4631070.011975384,433.9101804916928,4.660236557773541,True
7,7,8.0,0.5589473684210526,0.8251975537833853,0.2662501853623327,1.1577675029938477,0.23155350059876947,7.852025318105986,7.852025318105986,29.964708903959927,0.7493923932212062,90.90468786631729,233.5045614288661,750.0000000000001,2315.535005987693,4631070.011975385,467.0091228577322,5.13734917108463,True
7,8,8.0,0.6373684210526316,0.8802086947198305,0.24284027366719896,1.1577675029938477,0.23155350059876947,10.20988720207237,10.20988720207237,26.798818492532767,0.48815315541164833,89.39628283129824,248.81878634896788,750.0000000000001,2315.535005987693,4631070.011975385,497.63757269793575,5.56664725799661,True
7,9,8.0,0.7157894736842105,0.9385538944260912,0.22276442074188063,1.1577675029938477,0.23155350059876947,12.876874841173809,12.876874841173809,24.220372701381763,0.3375439291373668,88.36193000102789,263.037598131458,750.0,2315.5350059876914,4631070.011975382,526.075196262916,5.953640852534529,True
7,10,8.0,0.7942105263157895,0.9996495396968212,0.20543901338103177,1.1577675029938477,0.23155350059876947,15.852988235410304,15.852988235410304,22.081277847143447,0.2443174962783947,87.66433161250905,276.27296786351667,750.0000000000001,2315.5350059876932,4631070.011975386,552.5459357270333,6.30297323396451,True
7,11,8.0,0.8726315789473684,1.0630215024548848,0.19038992350751638,1.1577675029938477,0.23155350059876947,19.138227384781853,19.138227384781853,20.279492319865486,0.1833107024974323,87.21472382230678,288.6193153446968,750.0,2315.5350059876955,4631070.011975391,577.2386306893936,6.618591510597138,True
7,12,8.0,0.9510526315789474,1.1282862890855778,0.17723365750663045,1.1577675029938477,0.23155350059876947,22.732592289288462,22.732592289288462,18.74223529003774,0.14157060379650624,86.95365135648636,300.15862236721296,750.0000000000001,2315.535005987692,4631070.011975383,600.3172447344259,6.903876207259983,True
7,13,8.0,1.0294736842105263,1.1951338454697271,0.1656601612592008,1.1577675029938477,0.23155350059876947,26.636082948930124,26.636082948930124,17.41614278899721,0.11195566342904571,86.84008798107705,310.963204191183,750.0,2315.5350059876964,4631070.011975393,621.926408382366,7.161743186141029,True
7,14,8.0,1.1078947368421053,1.2633129422386604,0.15541820539655515,1.1577675029938477,0.23155350059876947,30.848699363706846,30.848699363706846,16.261187476996042,0.09030045714790542,86.84498470071861,321.09739035274305,750.0000000000002,2315.5350059877,4631070.0119754,642.1947807054861,7.394725013984281,True
7,15,8.0,1.1863157894736842,1.3326192233567073,0.14630343388302314,1.1577675029938477,0.23155350059876947,35.37044153361862,35.37044153361862,15.246763575194938,0.0740587258217974,86.94729606817673,330.61867394073744,749.9999999999999,2315.5350059876987,4631070.011975397,661.2373478814749,7.60503635861187,True
7,16,8.0,1.2647368421052632,1.4028856410569097,0.13814879895164656,1.1577675029938477,0.23155350059876947,40.20130945866545,40.20130945866545,14.349079223210175,0.061611016191584184,87.1314544096286,339.57858273030484,749.9999999999999,2315.5350059876982,4631070.011975396,679.1571654606097,7.79462675175497,True
7,17,8.0,1.343157894736842,1.4739748886257082,0.13081699388886614,1.1577675029938477,0.23155350059876947,45.34130313884734,45.34130313884734,13.549370220144485,0.051891800435381025,87.38572064857286,348.0233887952338,750.0,2315.5350059877037,4631070.011975408,696.0467775904676,7.9652232930556615,True
7,18,8.0,1.421578947368421,1.5457734457889911,0.12419449842057007,1.1577675029938477,0.23155350059876947,50.790422574164275,50.790422574164275,12.832647028750884,0.044179156620623945,87.70108204721244,355.9947117414287,749.9999999999999,2315.535005987688,4631070.011975376,711.9894234828574,8.118365325294043,True
7,19,8.0,1.5,1.6181868996210738,0.11818689962107376,1.1577675029938477,0.23155350059876947,56.548667764616276,56.548667764616276,12.18679770243389,0.03797130320922904,88.07050015781255,363.5300430597174,750.0000000000003,2315.535005987687,4631070.011975374,727.0600861194348,8.255432691044378,True
8,0,8.0,0.01,0.6483965648144335,0.6383965648144335,1.3204682716655183,0.2640936543331036,0.0025132741228718345,0.0025132741228718345,90.10128767840261,4086626814.699777,112.80907185929155,112.81613381211965,50.597795371357506,2640.9365433310363,5281873.086662073,225.6322676242393,2.000125201860306,True
8,1,8.0,0.08842105263157894,0.6543213184755899,0.565900265844011,1.3204682716655183,0.2640936543331036,0.19649487214386327,0.19649487214386327,83.98245742218127,2649.4971233150113,118.70030959057726,118.70821163467723,438.48332267347223,2640.936543331036,5281873.086662072,237.41642326935445,2.0001331427715265,True
8,2,8.0,0.1668421052631579,0.6694433458865662,0.5026012406234083,1.3204682716655183,0.2640936543331036,0.6996022252999108,0.6996022252999108,75.35455492208982,59.312540541095984,120.03536648589147,128.2744229075515,750.0000000000001,2640.9365433310372,5281873.086662075,256.548845815103,2.1372771486081716,True
8,3,8.0,0.24526315789473685,0.693160963906405,0.4478978060116682,1.3204682716655183,0.2640936543331036,1.5118353335910142,1.5118353335910142,58.67105143593589,12.37023779162174,105.00672783265138,152.65204876019513,750.0,2640.936543331035,5281873.08666207,305.30409752039026,2.9074717765413247,True
8,4,8.0,0.3236842105263158,0.7246306461965312,0.4009464356702154,1.3204682716655183,0.2640936543331036,2.6331941970171733,2.6331941970171733,48.32067391601871,4.229414746063184,96.76167386668494,173.7768849317006,750.0000000000001,2640.936543331037,5281873.086662074,347.5537698634012,3.591853633518674,True
8,5,8.0,0.40210526315789474,0.7628936675071027,0.360788404349208,1.3204682716655183,0.2640936543331036,4.063678815578389,4.063678815578389,41.12510011586336,1.8978536271085211,91.69305382978132,192.7631353556624,750.0,2640.9365433310363,5281873.086662073,385.5262707113248,4.204530818954012,True
8,6,8.0,0.4805263157894737,0.8069842906955271,0.32645797490605344,1.3204682716655183,0.2640936543331036,5.803289189274659,5.803289189274659,35.78537844227585,1.0092962736174267,88.37507584559258,210.12917327409855,749.9999999999999,2640.9365433310336,5281873.086662067,420.2583465481971,4.755394465318087,True
8,7,8.0,0.5589473684210526,0.8560024917767342,0.2970551233556815,1.3204682716655183,0.2640936543331036,7.852025318105986,7.852025318105986,31.650722425206272,0.6020256895355259,86.1218764378561,226.16171168325178,749.9999999999999,2640.936543331037,5281873.086662074,452.32342336650356,5.252131538179983,True
8,8,8.0,0.6373684210526316,0.9091515877004684,0.27178316664783686,1.3204682716655183,0.2640936543331036,10.20988720207237,10.20988720207237,28.350881560832242,0.3897197535622534,84.56155161243107,241.04352446118477,750.0,2640.936543331035,5281873.08666207,482.08704892236955,5.701019431761464,True
8,9,8.0,0.7157894736842105,0.965749799844803,0.2499603261605925,1.3204682716655183,0.2640936543331036,12.876874841173809,12.876874841173809,25.65626597247808,0.26808949198887655,83.4755779876302,254.90573488410396,750.0000000000001,2640.936543331032,5281873.086662064,509.8114697682079,6.1073128459650095,True
8,10,8.0,0.7942105263157895,1.0252260557428108,0.2310155294270213,1.3204682716655183,0.2640936543331036,15.852988235410304,15.852988235410304,23.415494277346177,0.19321376358135303,82.72792669762119,267.8511580794577,750.0000000000002,2640.9365433310372,5281873.086662075,535.7023161589154,6.475471313537939,True
8,11,8.0,0.8726315789473684,1.0871080801094872,0.2144765011621188,1.3204682716655183,0.2640936543331036,19.138227384781853,19.138227384781853,21.524097815646886,0.14444958819642445,82.23011612777601,279.965352488899,750.0000000000002,2640.9365433310313,5281873.086662062,559.930704977798,6.809314291952731,True
8,12,8.0,0.9510526315789474,1.1510079119173764,0.19995528033842902,1.3204682716655183,0.2640936543331036,22.732592289288462,22.732592289288462,19.90740832204419,0.11122431241645239,81.9225332908512,291.3221441573672,750.0000000000001,2640.936543331036,5281873.086662072,582.6442883147344,7.11213709964462,True
8,13,8.0,1.0294736842105263,1.2166076490574733,0.187133964846947,1.3204682716655183,0.2640936543331036,26.636082948930124,26.636082948930124,18.510546732375648,0.08773583001862093,81.76382176263468,301.9865752129003,749.9999999999999,2640.936543331034,5281873.086662068,603.9731504258006,7.386801856928498,True
8,14,8.0,1.1078947368421053,1.283646701076895,0.17575196423478978,1.3204682716655183,0.2640936543331036,30.848699363706846,30.848699363706846,17.292246018832934,0.07061441307946323,81.72455836798096,312.0166180441941,749.9999999999999,2640.9365433310345,5281873.086662069,624.0332360883882,7.635810441196333,True
8,15,8.0,1.1863157894736842,1.3519109651222334,0.1655951756485492,1.3204682716655183,0.2640936543331036,35.37044153361862,35.37044153361862,16.220873829270296,0.057808262267081585,81.78333827071003,321.4642795404075,750.0000000000002,2640.936543331029,5281873.086662058,642.928559080815,7.861363606272283,True
8,16,8.0,1.2647368421052632,1.421223903908723,0.15648706180345995,1.3204682716655183,0.2640936543331036,40.20130945866545,40.20130945866545,15.27178125334103,0.04801707780015856,81.92427321479754,330.37639030757583,750.0000000000002,2640.9365433310345,5281873.086662069,660.7527806151517,8.065409123407438,True
8,17,8.0,1.343157894736842,1.4914393167196123,0.14828142198277017,1.3204682716655183,0.2640936543331036,45.34130313884734,45.34130313884734,14.425484154906249,0.0403881150729867,82.13534939021994,338.7952197909431,750.0000000000001,2640.936543331042,5281873.086662084,677.5904395818862,8.24968110091912,True
8,18,8.0,1.421578947368421,1.562435537506833,0.140856590138412,1.3204682716655183,0.2640936543331036,50.790422574164275,50.790422574164275,13.666385129030264,0.034345338030441666,82.40732430354618,346.7589856154937,749.9999999999998,2640.936543331035,5281873.08666207,693.5179712309874,8.41573218269318,True
8,19,8.0,1.5,1.6341107995675073,0.13411079956750727,1.3204682716655183,0.2640936543331036,56.548667764616276,56.548667764616276,12.98185661126072,0.029489450443627895,82.73297052063411,354.30229109625975,750.0000000000002,2640.9365433310395,5281873.086662079,708.6045821925195,8.564959987938414,True
9,0,8.0,0.01,0.6871734631234334,0.6771734631234334,1.4831690403371889,0.2966338080674377,0.0025132741228718345,0.0025132741228718345,93.19821415805396,3569921027.1996098,110.06330451608652,110.0712494982246,51.03585451233505,2966.3380806743776,5932676.1613487555,220.1424989964492,2.000144371135739,True
9,1,8.0,0.08842105263157894,0.6927666641586683,0.6043456115270893,1.4831690403371889,0.2966338080674377,0.19649487214386327,0.19649487214386327,87.22699687016637,2276.7433894290916,115.50831186041232,115.50202306407668,442.92713697433885,2966.338080674377,5932676.161348755,231.00404612815336,1.9998911109298656,True
9,2,8.0,0.1668421052631579,0.7070669392000274,0.5402248339368695,1.4831690403371889,0.2966338080674377,0.6996022252999108,0.6996022252999108,78.12409568081144,51.33866247613582,115.84856455031498,125.02340929716725,750.0,2966.338080674377,5932676.161348755,250.0468185943345,2.158393757962663,True
9,3,8.0,0.24526315789473685,0.72956246137089,0.48429930347615313,1.4831690403371889,0.2966338080674377,1.5118353335910142,1.5118353335910142,61.00863747844284,10.580549648075618,101.0456870389908,148.63357161817615,750.0000000000003,2966.338080674377,5932676.161348755,297.2671432363523,2.941908278793185,True
9,4,8.0,0.3236842105263158,0.7595254021855339,0.4358411916592181,1.4831690403371889,0.2966338080674377,2.6331941970171733,2.6331941970171733,50.37951018954568,3.5792863365836647,92.86674183285072,169.0735178975166,750.0000000000002,2966.338080674376,5932676.161348753,338.1470357950332,3.6412070577824123,True
9,5,8.0,0.40210526315789474,0.7961130642567879,0.3940078010988931,1.4831690403371889,0.2966338080674377,4.063678815578389,4.063678815578389,42.97670279732567,1.5913225419544648,87.80033902063829,187.4518025214918,750.0000000000001,2966.3380806743758,5932676.161348752,374.9036050429836,4.269956235076257,True
9,6,8.0,0.4805263157894737,0.8384586504934263,0.3579323347039526,1.4831690403371889,0.2966338080674377,5.803289189274659,5.803289189274659,37.47075466016568,0.8395979468582966,84.45694628109835,204.28559410062235,750.0,2966.338080674376,5932676.161348753,408.5711882012447,4.837626816880115,True
9,7,8.0,0.5589473684210526,0.885736715444196,0.32678934702314333,1.4831690403371889,0.2966338080674377,7.852025318105986,7.852025318105986,33.19701608817552,0.49745446911496516,82.16664050664458,219.8590645805118,750.0000000000003,2966.338080674375,5932676.16134875,439.7181291610236,5.351540801104858,True
9,8,8.0,0.6373684210526316,0.9372010843870046,0.299832663334373,1.4831690403371889,0.2966338080674377,10.20988720207237,10.20988720207237,29.777947623027796,0.32021350415093774,80.56492142013511,234.35041259597529,750.0,2966.3380806743767,5932676.161348754,468.70082519195057,5.817678673671629,True
9,9,8.0,0.7157894736842105,0.9922005538489543,0.2764110801647438,1.4831690403371889,0.2966338080674377,12.876874841173809,12.876874841173809,26.97960778737875,0.21923559172266657,79.43668750610995,247.88476374932424,750.0000000000002,2966.338080674376,5932676.161348753,495.7695274986485,6.241064967122602,True
9,10,8.0,0.7942105263157895,1.0501798553256751,0.25596932900988567,1.4831690403371889,0.2966338080674377,15.852988235410304,15.852988235410304,24.647717469336836,0.15737819158003208,78.64738591608032,260.55828982410037,749.9999999999999,2966.3380806743767,5932676.161348754,521.1165796482007,6.6259872922445435,True
9,11,8.0,0.8726315789473684,1.1106724274047817,0.23804084845741325,1.4831690403371889,0.2966338080674377,19.138227384781853,19.138227384781853,22.675707365125785,0.11726617550190359,78.10905094310584,272.4498647683553,749.9999999999997,2966.3380806743785,5932676.161348757,544.8997295367107,6.9761407027415085,True
9,12,8.0,0.9510526315789474,1.1732895961587206,0.22223696457977327,1.4831690403371889,0.2966338080674377,22.732592289288462,22.732592289288462,20.987293404818374,0.09003946191958777,77.7621219351447,283.62697165523264,750.0000000000002,2966.3380806743794,5932676.161348759,567.2539433104653,7.294733337955559,True
9,13,8.0,1.0294736842105263,1.2377089459574278,0.20823526174690143,1.4831690403371889,0.2966338080674377,26.636082948930124,26.636082948930124,19.526305209923866,0.07085551861618015,77.56508498207307,294.14885379603334,750.0000000000003,2966.338080674383,5932676.161348766,588.2977075920667,7.5845685945942645,True
9,14,8.0,1.1078947368421053,1.3036633447111605,0.19576860786905526,1.4831690403371889,0.2966338080674377,30.848699363706846,30.848699363706846,18.250418940622303,0.056912494804315775,77.48827873779457,304.068308905547,749.9999999999999,2966.3380806743876,5932676.161348775,608.136617811094,7.8481110655317465,True
9,15,8.0,1.1863157894736842,1.3709312604122874,0.1846154709386032,1.4831690403371889,0.2966338080674377,35.37044153361862,35.37044153361862,17.127124409235016,0.04651029455091527,77.51004369224233,313.4327986205078,750.0000000000002,2966.3380806743744,5932676.161348749,626.8655972410156,8.08754023839824,True
9,16,8.0,1.2647368421052632,1.43932854074372,0.1745916986384568,1.4831690403371889,0.2966338080674377,40.20130945866545,40.20130945866545,16.131036421898166,0.03857495414001757,77.61425063790433,322.28520201782567,749.9999999999998,2966.3380806743794,5932676.161348759,644.5704040356513,8.30479452855612,True
9,17,8.0,1.343157894736842,1.5087015936277652,0.16554369889092313,1.4831690403371889,0.2966338080674377,45.34130313884734,45.34130313884734,15.242049032729154,0.032404234000672195,77.78867115232413,330.6643756446966,750.0,2966.338080674386,5932676.161348772,661.3287512893932,8.501607515500467,True
9,18,8.0,1.421578947368421,1.5789218068106352,0.15734285944221416,1.4831690403371889,0.2966338080674377,50.790422574164275,50.790422574164275,14.444036897256998,0.027525046395726078,78.02387815208044,338.60560124579496,750.0000000000002,2966.33808067437,5932676.16134874,677.2112024915899,8.679537835476493,True
9,19,8.0,1.5,1.649881016443626,0.14988101644362595,1.4831690403371889,0.2966338080674377,56.548667764616276,56.548667764616276,13.723922182406403,0.023610268363108106,78.31248898498912,346.14096230614774,750.0000000000001,2966.33808067438,5932676.16134876,692.2819246122955,8.839993896056498,True
10,0,8.0,0.01,0.7238761161821458,0.7138761161821457,1.6458698090088597,0.3291739618017719,0.0025132741228718345,0.0025132741228718345,96.0602437259166,3163109557.4891634,107.66794208437175,107.66149128603841,51.43096303848338,3291.7396180177184,6583479.236035436,215.32298257207682,1.999880172348269,True
10,1,8.0,0.08842105263157894,0.7291878455702782,0.6407667929386992,1.6458698090088597,0.3291739618017719,0.19649487214386327,0.19649487214386327,90.20653109773804,1990.516751812268,112.72722973256434,112.72038532285363,446.7780094641407,3291.739618017719,6583479.236035437,225.44077064570726,1.9998785668781722,True
10,2,8.0,0.1668421052631579,0.7427872640720155,0.5759451588088575,1.6458698090088597,0.3291739618017719,0.6996022252999108,0.6996022252999108,80.66558671442343,45.16805347384492,112.26446016211004,122.19508211672901,750.0000000000002,3291.7396180177193,6583479.236035438,244.39016423345802,2.176914794589118,True
10,3,8.0,0.24526315789473685,0.7642320643622891,0.5189689064675522,1.6458698090088597,0.3291739618017719,1.5118353335910142,1.5118353335910142,63.15461221573725,9.21410679801377,97.67190290839916,145.14356500818675,750.0,3291.7396180177193,6583479.236035438,290.2871300163735,2.97206383179221,True
10,4,8.0,0.3236842105263158,0.7928859310915989,0.4692017205652831,1.6458698090088597,0.3291739618017719,2.6331941970171733,2.6331941970171733,52.272058374932975,3.0884018022358384,89.5611194901484,164.98994909996102,750.0,3291.7396180177197,6583479.236035439,329.97989819992205,3.6844101556392377,True
10,5,8.0,0.40210526315789474,0.8280007694671709,0.4258955063092762,1.6458698090088597,0.3291739618017719,4.063678815578389,4.063678815578389,44.6819596071608,1.3619518081045265,84.50452128765032,182.83671959932008,750.0,3291.7396180177197,6583479.236035439,365.67343919864015,4.327264785678166,True
10,6,8.0,0.4805263157894737,0.8687935150225008,0.3882671992330271,1.6458698090088597,0.3291739618017719,5.803289189274659,5.803289189274659,39.02629514932415,0.7135293279184663,81.14463760562913,199.2000492907384,750.0,3291.73961801772,6583479.23603544,398.4000985814768,4.90975263846442,True
10,7,8.0,0.5589473684210526,0.9145046704329985,0.3555573020119459,1.6458698090088597,0.3291739618017719,7.852025318105986,7.852025318105986,34.6274016692928,0.4202134160020419,78.82593180477596,214.36264540200622,749.9999999999999,3291.739618017716,6583479.236035433,428.72529080401245,5.438886429732462,True
10,8,8.0,0.6373684210526316,0.9644351381684888,0.3270667171158572,1.6458698090088597,0.3291739618017719,10.20988720207237,10.20988720207237,31.100936486074083,0.26910689454425935,77.19080804176109,228.49974770668982,750.0000000000003,3291.7396180177157,6583479.236035432,456.99949541337963,5.920387504767897,True
10,9,8.0,0.7157894736842105,1.0179642440754324,0.30217477039122187,1.6458698090088597,0.3291739618017719,12.876874841173809,12.876874841173809,28.208955662162815,0.1834448633507899,76.02751936171829,241.73228821352504,750.0000000000002,3291.7396180177175,6583479.2360354345,483.4645764270501,6.359073405076614,True
10,10,8.0,0.7942105263157895,1.0745543223540404,0.2803437960382509,1.6458698090088597,0.3291739618017719,15.852988235410304,15.852988235410304,25.794565513416,0.13120141267441418,75.2030853949152,254.15154707297148,749.9999999999998,3291.7396180177207,6583479.236035441,508.30309414594296,6.759072336948445,True
10,11,8.0,0.8726315789473684,1.13374710767222,0.26111552872485166,1.6458698090088597,0.3291739618017719,19.138227384781853,19.138227384781853,23.749334757103593,0.09745639440200426,74.63019973609657,265.8312872515954,750.0000000000002,3291.7396180177197,6583479.236035439,531.6625745031909,7.123960224992407,True
10,12,8.0,0.9510526315789474,1.1951559478211151,0.24410331624216774,1.6458698090088597,0.3291739618017719,22.732592289288462,22.732592289288462,21.995565168121036,0.07463080483669049,74.24949605472594,276.83399799039074,750.0,3291.7396180177134,6583479.236035427,553.6679959807815,7.456858637433686,True
10,13,8.0,1.0294736842105263,1.2584564744403923,0.228982790229866,1.6458698090088597,0.3291739618017719,26.636082948930124,26.636082948930124,20.47596404773898,0.05859715641697453,74.0194262035255,287.21424798059905,750.0000000000001,3291.73961801771,6583479.236035421,574.4284959611981,7.76050998263262,True
10,14,8.0,1.1078947368421053,1.3233772627264628,0.21548252588435757,1.6458698090088597,0.3291739618017719,30.848699363706846,30.848699363706846,19.147291134377518,0.0469753055143176,73.91019134643545,297.0205807600865,750.0,3291.7396180177275,6583479.236035455,594.041161520173,8.037337621489224,True
10,15,8.0,1.1863157894736842,1.3896912548956757,0.20337546542199147,1.6458698090088597,0.3291739618017719,35.37044153361862,35.37044153361862,17.976274287993462,0.03832552875009892,73.89995695555972,306.29665852430577,750.0,3291.739618017708,6583479.236035416,612.5933170486115,8.2894949102203,True
10,16,8.0,1.2647368421052632,1.457208259432172,0.19247141732690887,1.6458698090088597,0.3291739618017719,40.20130945866545,40.20130945866545,16.93688734365013,0.03174096383867052,73.97241476700573,315.0820094355845,750.0000000000002,3291.7396180177248,6583479.236035449,630.164018871169,8.51890560631318,True
10,17,8.0,1.343157894736842,1.525768580674295,0.182610685937453,1.6458698090088597,0.3291739618017719,45.34130313884734,45.34130313884734,16.00848085292136,0.026630216282864553,74.11516932325546,323.4125592532204,750.0,3291.739618017723,6583479.236035446,646.8251185064408,8.727297318654085,True
10,18,8.0,1.421578947368421,1.5952377049142412,0.17365875754582016,1.6458698090088597,0.3291739618017719,50.790422574164275,50.790422574164275,15.174465922540097,0.02259585387963474,74.31864525932329,331.3210402347709,750.0000000000003,3291.7396180177257,6583479.236035451,662.6420804695418,8.916229274058427,True
10,19,8.0,1.5,1.6655019158136528,0.1655019158136528,1.6458698090088597,0.3291739618017719,56.548667764616276,56.548667764616276,14.42136752010999,0.019363690476054973,74.57533224936228,338.83732554318664,750.0000000000005,3291.7396180177166,6583479.236035433,677.6746510863733,9.08711541264596,True
11,0,8.0,0.01,0.7588055711029289,0.7488055711029289,1.8085705776805303,0.361714115536106,0.0025132741228718345,0.0025132741228718345,98.71293630708543,2836564666.743745,105.53600899651319,105.52893041289886,51.777277921481044,3617.141155361059,7234282.310722118,211.05786082579772,1.999865854627598,True
11,1,8.0,0.08842105263157894,0.763874451258398,0.6754533986268191,1.8085705776805303,0.361714115536106,0.19649487214386327,0.19649487214386327,92.97003956368206,1764.1914093580021,110.27584510407301,110.26848065049155,450.2010062942524,3617.14115536106,7234282.31072212,220.5369613009831,1.9998664357806641,True
11,2,8.0,0.1668421052631579,0.7768669016153829,0.610024796352225,1.8085705776805303,0.361714115536106,0.6996022252999108,0.6996022252999108,83.01784873932158,40.26230754839522,109.14711146826986,119.69954629349903,750.0000000000002,3617.1411553610596,7234282.310722119,239.39909258699805,2.193361687419403,True
11,3,8.0,0.24526315789473685,0.7973957056301099,0.552132547735373,1.8085705776805303,0.361714115536106,1.5118353335910142,1.5118353335910142,65.14124853658049,8.140465122787898,94.7506108606103,142.06926486041849,749.9999999999999,3617.14115536106,7234282.31072212,284.13852972083697,2.9988041991501184,True
11,4,8.0,0.3236842105263158,0.8248983954893394,0.5012141849630236,1.8085705776805303,0.361714115536106,2.6331941970171733,2.6331941970171733,54.02583413267125,2.706489098470539,86.7081759263754,161.3944698464353,750.0000000000001,3617.141155361059,7234282.310722118,322.7889396928706,3.7227047650841283,True
11,5,8.0,0.40210526315789474,0.8587051516068377,0.45659988844894295,1.8085705776805303,0.361714115536106,4.063678815578389,4.063678815578389,46.26457566993855,1.1849397104042951,81.66645649928998,178.77129416306366,750.0000000000002,3617.1411553610606,7234282.310722121,357.5425883261273,4.378083777018485,True
11,6,8.0,0.4805263157894737,0.8981043563545649,0.4175780405650912,1.8085705776805303,0.361714115536106,5.803289189274659,5.803289189274659,40.47257152929824,0.616876079760149,78.296595205586,194.71490712609315,749.9999999999999,3617.141155361062,7234282.310722124,389.4298142521863,4.973777125680208,True
11,7,8.0,0.5589473684210526,0.9423948511116039,0.3834474826905513,1.8085705776805303,0.361714115536106,7.852025318105986,7.852025318105986,35.95986471014608,0.3613077989311089,75.95609091728713,209.50714277900406,749.9999999999999,3617.1411553610583,7234282.310722116,419.0142855580081,5.516533045576245,True
11,8,8.0,0.6373684210526316,0.9909209851910327,0.3535525641384011,1.8085705776805303,0.361714115536106,10.20988720207237,10.20988720207237,32.335701425862254,0.2302976707835305,74.29375944718676,223.32130786523018,750.0,3617.141155361058,7234282.310722115,446.64261573046036,6.0118456658256125,True
11,9,8.0,0.7157894736842105,1.0430917818552503,0.3273023081710398,1.8085705776805303,0.361714115536106,12.876874841173809,12.876874841173809,29.35840395531323,0.1563593373040318,73.10108519594873,236.27536696953825,749.9999999999999,3617.1411553610574,7234282.3107221145,472.5507339390765,6.464346359187364,True
11,10,8.0,0.7942105263157895,1.0983880256301255,0.304177499314336,1.8085705776805303,0.361714115536106,15.852988235410304,15.852988235410304,26.868677135859706,0.11144645028923546,72.24669057719314,248.45695478558645,749.9999999999999,3617.1411553610574,7234282.3107221145,496.9139095711729,6.8780162191683685,True
11,11,8.0,0.8726315789473684,1.1563614345493451,0.2837298556019767,1.8085705776805303,0.361714115536106,19.138227384781853,19.138227384781853,24.75640719734875,0.0825402284290442,71.64401362261225,259.9358819658479,750.0000000000003,3617.1411553610606,7234282.310722121,519.8717639316958,7.25631825528566,True
11,12,8.0,0.9510526315789474,1.2166293612970562,0.26557672971810886,1.8085705776805303,0.361714115536106,22.732592289288462,22.732592289288462,22.942634959360145,0.06305005165825467,71.23397826409612,270.77066516516084,750.0,3617.1411553610583,7234282.310722116,541.5413303303217,7.602289574823218,True
11,13,8.0,1.0294736842105263,1.2788674525605992,0.24939376835007288,1.8085705776805303,0.361714115536106,26.636082948930124,26.636082948930124,21.369075600245473,0.04939818957072842,70.97509076500444,281.01206908022755,749.9999999999999,3617.1411553610606,7234282.310722121,562.0241381604551,7.9186110521689015,True
11,14,8.0,1.1078947368421053,1.342801788299107,0.23490705145700175,1.8085705776805303,0.361714115536106,30.848699363706846,30.848699363706846,19.991682172154448,0.03952770697478796,70.8374901246058,290.70510986881703,749.9999999999999,3617.1411553610565,7234282.310722113,581.4102197376341,8.207662619255874,True
11,15,8.0,1.1863157894736842,1.4082013517574157,0.22188556228373146,1.8085705776805303,0.361714115536106,35.37044153361862,35.37044153361862,18.776512397426718,0.03219787323246685,70.79922809988426,299.8902490976543,750.0000000000003,3617.141155361051,7234282.310722102,599.7804981953086,8.47156832485705,True
11,16,8.0,1.2647368421052632,1.4748712399783364,0.2101343978730732,1.8085705776805303,0.361714115536106,40.20130945866545,40.20130945866545,17.69697557821383,0.02662921102610293,70.84386605662614,308.60415344017366,749.9999999999999,3617.1411553610606,7234282.310722121,617.2083068803473,8.712233552965717,True
11,17,8.0,1.343157894736842,1.5426467596085462,0.19948886487170414,1.8085705776805303,0.361714115536106,45.34130313884734,45.34130313884734,16.731942234594133,0.02231463312721913,70.95887959977175,316.88021602053374,750.0000000000001,3617.1411553610715,7234282.310722143,633.7604320410675,8.9313759689507,True
11,18,8.0,1.421578947368421,1.6113884070384614,0.18980945967004037,1.8085705776805303,0.361714115536106,50.790422574164275,50.790422574164275,15.864412597424419,0.01891413266522656,71.1345746047356,324.7489426912086,750.0,3617.1411553610487,7234282.310722098,649.4978853824172,9.130551338661952,True
11,19,8.0,1.5,1.6809776603919642,0.18097766039196417,1.8085705776805303,0.361714115536106,56.548667764616276,56.548667764616276,15.08055819061434,0.016193631181132154,71.3633357791689,332.23825814519176,750.0,3617.1411553610606,7234282.310722121,664.4765162903835,9.311175115840724,True
12,0,8.0,0.01,0.7921964137098431,0.782196413709843,1.971271346352201,0.3942542692704401,0.0025132741228718345,0.0025132741228718345,101.18604982295456,2569250226.7029195,103.61675115152266,103.62242352048273,52.08175422082646,3942.5426927043995,7885085.385408799,207.24484704096545,2.000109487489176,True
12,1,8.0,0.08842105263157894,0.7970529721688598,0.7086319195372809,1.971271346352201,0.3942542692704401,0.19649487214386327,0.19649487214386327,95.55048166963878,1581.197952767475,108.09004985255557,108.08219706188332,453.2740660006926,3942.5426927044005,7885085.385408801,216.16439412376664,1.9998546991016666,True
12,2,8.0,0.1668421052631579,0.809513091915986,0.6426709866528281,1.971271346352201,0.3942542692704401,0.6996022252999108,0.6996022252999108,85.2102967925234,36.27573752365252,106.40037069933643,117.47212233649269,750.0000000000003,3942.542692704401,7885085.385408802,234.94424467298538,2.20811490720164,True
12,3,8.0,0.24526315789473685,0.8292340890938067,0.5839709311990698,1.971271346352201,0.3942542692704401,1.5118353335910142,1.5118353335910142,66.99309133550177,7.277018172442061,92.1869441291567,139.32953343776776,750.0000000000003,3942.5426927043995,7885085.385408799,278.65906687553553,3.022760646942866,True
12,4,8.0,0.3236842105263158,0.8557141029799504,0.5320298924536346,1.971271346352201,0.3942542692704401,2.6331941970171733,2.6331941970171733,55.6618736534922,2.4020437930775085,84.21196498092078,158.19208645190983,750.0000000000001,3942.5426927044005,7885085.385408801,316.38417290381966,3.7569978681236122,True
12,5,8.0,0.40210526315789474,0.8883489182489146,0.48624365509101986,1.971271346352201,0.3942542692704401,4.063678815578389,4.063678815578389,47.74277478771661,1.044864469961471,79.18852818059763,175.14939845450388,749.9999999999999,3942.542692704399,7885085.385408798,350.29879690900776,4.423605349882436,True
12,6,8.0,0.4805263157894737,0.9264883690910221,0.44596205330154837,1.971271346352201,0.3942542692704401,5.803289189274659,5.803289189274659,41.82547929662726,0.5408507317226682,75.81352383431756,190.71554102784546,750.0000000000002,3942.5426927043995,7885085.385408799,381.4310820556909,5.031174687108176,True
12,7,8.0,0.5589473684210526,0.9694830161274393,0.4105356477063866,1.971271346352201,0.3942542692704401,7.852025318105986,7.852025318105986,37.208361039121,0.3152008430291826,73.4563163620823,205.17179325845962,750.0000000000001,3942.542692704399,7885085.385408798,410.34358651691923,5.586226029824932,True
12,8,8.0,0.6373684210526316,1.0167171003036497,0.3793486792510181,1.971271346352201,0.3942542692704401,10.20988720207237,10.20988720207237,33.49458325666053,0.20004162577129378,71.7716693213645,218.69018921455537,750.0,3942.5426927044005,7885085.385408801,437.38037842911075,6.094053302156013,True
12,9,8.0,0.7157894736842105,1.067628085304923,0.3518386116207124,1.971271346352201,0.3942542692704401,12.876874841173809,12.876874841173809,30.43894927905141,0.135311578556952,70.55414972310972,231.38657409552124,750.0000000000001,3942.5426927044005,7885085.385408801,462.7731481910425,6.559120193598805,True
12,10,8.0,0.7942105263157895,1.1217154353959564,0.32750490908016694,1.971271346352201,0.3942542692704401,15.852988235410304,15.852988235410304,27.87992808650679,0.09613571977334738,69.67397338804689,243.345838751257,750.0000000000002,3942.542692704403,7885085.385408807,486.691677502514,6.985272316707141,True
12,11,8.0,0.8726315789473684,1.1785419086612552,0.30591032971388676,1.971271346352201,0.3942542692704401,19.138227384781853,19.138227384781853,25.70586189519253,0.07100475876867238,69.04536973462463,254.63470815263958,750.0000000000002,3942.542692704402,7885085.385408804,509.26941630527915,7.375866307366481,True
12,12,8.0,0.9510526315789474,1.2377302880385443,0.286677656459597,1.971271346352201,0.3942542692704401,22.732592289288462,22.732592289288462,23.836649387388746,0.054110032299157354,68.60961716475533,265.3085105977166,749.9999999999999,3942.5426927044055,7885085.385408811,530.6170211954332,7.733857775670702,True
12,13,8.0,1.0294736842105263,1.2989577454161976,0.26948406120567125,1.971271346352201,0.3942542692704401,26.636082948930124,26.636082948930124,22.21311569669307,0.04230737305978443,68.32534031975995,275.4148900026856,750.0000000000002,3942.5426927043995,7885085.385408799,550.8297800053712,8.06186661387282,True
12,14,8.0,1.1078947368421053,1.3619493036883474,0.25405456684624217,1.971271346352201,0.3942542692704401,30.848699363706846,30.848699363706846,20.790494302999207,0.03379400908216998,68.16267280210624,284.99591601729026,750.0000000000001,3942.5426927044127,7885085.385408825,569.9918320345805,8.36222830770462,True
12,15,8.0,1.1863157894736842,1.4264712791533194,0.24015548967963518,1.971271346352201,0.3942542692704401,35.37044153361862,35.37044153361862,19.534246577433773,0.02748528456553657,68.09960024890029,294.08933575820123,750.0000000000003,3942.5426927044023,7885085.385408805,588.1786715164025,8.637035597369762,True
12,16,8.0,1.2647368421052632,1.4923251782614708,0.22758833615620766,1.971271346352201,0.3942542692704401,40.20130945866545,40.20130945866545,18.417279416525496,0.022701397722044613,68.11959231100663,302.7293573048394,750.0000000000003,3942.542692704403,7885085.385408807,605.4587146096789,8.888172903992118,True
12,17,8.0,1.343157894736842,1.5593422613681203,0.21618436663127816,1.971271346352201,0.3942542692704401,45.34130313884734,45.34130313884734,17.41803542014191,0.019001089332682075,68.21002645110798,310.9471729824489,749.9999999999999,3942.5426927044127,7885085.385408825,621.8943459648978,9.117345034467377,True
12,18,8.0,1.421578947368421,1.627378831586501,0.20579988421807993,1.971271346352201,0.3942542692704401,50.790422574164275,50.790422574164275,16.519147574010827,0.016089104943837536,68.36111401095036,318.77133456561563,750.0,3942.5426927044023,7885085.385408805,637.5426691312313,9.32610122516592,True
12,19,8.0,1.5,1.696312222998684,0.196312222998684,1.971271346352201,0.3942542692704401,56.548667764616276,56.548667764616276,15.706470482989445,0.013762568732465515,68.56515361505869,326.2280413316885,749.9999999999998,3942.5426927044027,7885085.385408806,652.456082663377,9.515855332672668,True
13,0,8.0,0.01,0.824235658687873,0.814235658687873,2.1339721150238717,0.42679442300477427,0.0025132741228718345,0.0025132741228718345,103.5175372859467,2345488162.4572773,101.88678651029261,101.89291142539867,52.36461143212619,4267.944230047741,8535888.460095482,203.78582285079733,2.0001202298220573,True
13,1,8.0,0.08842105263157894,0.8289045201958476,0.7404834675642686,2.1339721150238717,0.42679442300477427,0.19649487214386327,0.19649487214386327,97.96585880656332,1430.9312422789112,106.11398868583515,106.12009850035365,455.9843679777222,4267.944230047742,8535888.460095484,212.2401970007073,2.0001151556848282,True
13,2,8.0,0.1668421052631579,0.840892804786243,0.674050699523085,2.1339721150238717,0.42679442300477427,0.6996022252999108,0.6996022252999108,87.26578761968857,32.97680010370698,103.95399827120704,115.4648389892112,750.0,4267.944230047742,8535888.460095484,230.9296779784224,2.2214602787662554,True
13,3,8.0,0.24526315789473685,0.8598944340284628,0.6146312761337259,2.1339721150238717,0.42679442300477427,1.5118353335910142,1.5118353335910142,68.72927008602288,6.569111090494362,89.91190091266307,136.86420842763718,749.9999999999999,4267.944230047742,8535888.460095484,273.72841685527436,3.04440695922071,True
13,4,8.0,0.3236842105263158,0.8854580109732342,0.5617738004469184,2.1339721150238717,0.42679442300477427,2.6331941970171733,2.6331941970171733,57.19664363750119,2.154418288651391,82.00286630740825,155.31223827161762,749.9999999999999,4267.944230047743,8535888.460095486,310.62447654323523,3.7879709640731543,True
13,5,8.0,0.40210526315789474,0.9170349304753399,0.5149296673174452,2.1339721150238717,0.42679442300477427,4.063678815578389,4.063678815578389,49.130890949482435,0.9316912737892025,76.99997895278952,171.89196013160816,749.9999999999997,4267.944230047744,8535888.460095488,343.7839202632163,4.464727457574998,True
13,6,8.0,0.4805263157894737,0.9540282811420407,0.47350196535256706,2.1339721150238717,0.42679442300477427,5.803289189274659,5.803289189274659,43.09757818708777,0.4797662156873157,73.62346766928793,187.11622721483442,750.0000000000001,4267.944230047745,8535888.46009549,374.23245442966885,5.083059332531007,True
13,7,8.0,0.5589473684210526,0.9958346156453147,0.4368872472242621,2.1339721150238717,0.42679442300477427,7.852025318105986,7.852025318105986,38.38396083951399,0.27832382381316784,71.25354813830256,201.26592539743262,749.9999999999999,4267.9442300477385,8535888.460095476,402.53185079486525,5.6492885100059045,True
13,8,8.0,0.6373684210526316,1.0418747166563533,0.40450629560372175,2.1339721150238717,0.42679442300477427,10.20988720207237,10.20988720207237,34.58740131770488,0.17593285797918362,69.55050486560238,214.51224481636328,749.9999999999999,4267.944230047744,8535888.460095488,429.02448963272656,6.168531636999078,True
13,9,8.0,0.7157894736842105,1.0916130228655898,0.3758235491813793,2.1339721150238717,0.42679442300477427,12.876874841173809,12.876874841173809,31.45936140618864,0.1185916135048113,68.31182992936621,226.96950610862072,749.9999999999999,4267.944230047744,8535888.460095488,453.93901221724144,6.645101041600117,True
13,10,8.0,0.7942105263157895,1.1445675083469018,0.3503569820311123,2.1339721150238717,0.42679442300477427,15.852988235410304,15.852988235410304,28.83620673662211,0.08400378547856299,67.40929962869967,238.72051793309885,750.0,4267.944230047741,8535888.460095482,477.4410358661977,7.082717644242161,True
13,11,8.0,0.8726315789473684,1.2003125816339713,0.32768100268660283,2.1339721150238717,0.42679442300477427,19.138227384781853,19.138227384781853,26.604844864158082,0.0618832640697732,66.75795644345287,249.82957649529953,750.0000000000006,4267.944230047744,8535888.460095488,499.65915299059907,7.484638230558089,True
13,12,8.0,0.9510526315789474,1.258477464671447,0.30742483309249957,2.1339721150238717,0.42679442300477427,22.732592289288462,22.732592289288462,24.684126232637496,0.04705302969071313,66.29947527065355,260.34943144031683,750.0,4267.944230047744,8535888.460095488,520.6988628806337,7.853740331352412,True
13,13,8.0,1.0294736842105263,1.3187420094675935,0.28926832525706714,2.1339721150238717,0.42679442300477427,26.636082948930124,26.636082948930124,23.014067227407416,0.03671812237904951,65.99264521926783,270.32514819397454,750.0000000000001,4267.944230047731,8535888.460095463,540.6502963879491,8.192584106783096,True
13,14,8.0,1.1078947368421053,1.3808313325584227,0.27293659571631745,2.1339721150238717,0.42679442300477427,30.848699363706846,30.848699363706846,21.549251862814188,0.02927994037192414,65.8076374653686,279.7963190567045,749.9999999999998,4267.944230047743,8535888.460095486,559.592638113409,8.503460383422755,True
13,15,8.0,1.1863157894736842,1.44451014998414,0.25819436051045574,2.1339721150238717,0.42679442300477427,35.37044153361862,35.37044153361862,20.254605192858712,0.023778900549957842,65.7224087207361,288.7983752815525,750.0000000000001,4267.944230047737,8535888.460095473,577.596750563105,8.78842942317279,True
13,16,8.0,1.2647368421052632,1.5095773252241917,0.2448404831189286,2.1339721150238717,0.42679442300477427,40.20130945866545,40.20130945866545,19.102582786649688,0.019614902040303386,65.72036783898956,297.36340099668865,750.0000000000001,4267.944230047731,8535888.460095463,594.7268019933773,9.049352910659563,True
13,17,8.0,1.343157894736842,1.5758608920988355,0.2327029973619934,2.1339721150238717,0.42679442300477427,45.34130313884734,45.34130313884734,18.07124257738742,0.0163992170764047,65.78881922329525,305.5206665615621,750.0,4267.944230047748,8535888.460095495,611.0413331231242,9.287920657903522,True
13,18,8.0,1.421578947368421,1.64321365763973,0.221634710271309,2.1339721150238717,0.42679442300477427,50.790422574164275,50.790422574164275,17.142886829145983,0.013872239684103683,65.91789971233297,313.29700091275646,750.0000000000001,4267.944230047751,8535888.460095502,626.5940018255129,9.505673035093377,True
13,19,8.0,1.5,1.7115093984704355,0.21150939847043548,2.1339721150238717,0.42679442300477427,56.548667764616276,56.548667764616276,16.30308403216908,0.011855908600021933,66.0998376653111,320.7170691518914,749.9999999999999,4267.944230047747,8535888.460095493,641.4341383037828,9.70401987296263,True
14,0,8.0,0.01,0.8550752506127905,0.8450752506127905,2.2966728836955426,0.45933457673910844,0.0025132741228718345,0.0025132741228718345,105.71978593984203,2156075034.2492495,100.30977824470075,100.3163438330747,52.623206517135685,4593.345767391083,9186691.534782168,200.6326876661494,2.0001309062484003,True
14,1,8.0,0.08842105263157894,0.8595766206447236,0.7711555680131447,2.2966728836955426,0.45933457673910844,0.19649487214386327,0.19649487214386327,100.25121410325714,1304.8458314966106,104.32769236014495,104.33413950092749,458.5145315585615,4593.345767391083,9186691.534782168,208.66827900185498,2.0001235940455824,True
14,2,8.0,0.1668421052631579,0.8711429115243774,0.7043008062612195,2.2966728836955426,0.45933457673910844,0.6996022252999108,0.6996022252999108,89.20245841749997,30.204890666874327,101.75528621595993,113.64120847660831,750.0000000000003,4593.345767391084,9186691.53478217,227.28241695321663,2.233617784444581,True
14,3,8.0,0.24526315789473685,0.8894985670764316,0.6442354091816948,2.2966728836955426,0.45933457673910844,1.5118353335910142,1.5118353335910142,70.36500118680817,5.979250323022776,87.8739115834624,134.6275506582837,749.9999999999999,4593.345767391084,9186691.53478217,269.2551013165674,3.0641073836895223,True
14,4,8.0,0.3236842105263158,0.9142347359155475,0.5905505253892317,2.2966728836955426,0.45933457673910844,2.6331941970171733,2.6331941970171733,58.6432909689376,1.9495701592996149,80.02896863732107,152.70121016339354,749.9999999999999,4593.3457673910825,9186691.534782166,305.4024203267871,3.8161483963491234,True
14,5,8.0,0.40210526315789474,0.9448504256599592,0.5427451625020645,2.2966728836955426,0.45933457673910844,4.063678815578389,4.063678815578389,50.44041642571164,0.8386406967856838,75.04810860470408,168.93863363959383,750.0000000000003,4593.345767391086,9186691.534782173,337.87726727918766,4.502142339907141,True
14,6,8.0,0.4805263157894737,0.9807952000171756,0.5002688842277019,2.2966728836955426,0.45933457673910844,5.803289189274659,5.803289189274659,44.298979226192124,0.42979984198368293,71.67285305759731,183.8513363492652,750.0000000000001,4593.345767391084,9186691.53478217,367.7026726985304,5.1302921121758525,True
14,7,8.0,0.5589473684210526,1.021506654347071,0.46255928592601836,2.2966728836955426,0.45933457673910844,7.852025318105986,7.852025318105986,39.49560816304211,0.24828718822310725,69.29338659263979,197.71988260553493,750.0000000000001,4593.345767391084,9186691.53478217,395.43976521106987,5.706746121902962,True
14,8,8.0,0.6373684210526316,1.0664390223381977,0.42907060128556607,2.2966728836955426,0.45933457673910844,10.20988720207237,10.20988720207237,35.62211241965536,0.1563651660416761,67.57512651408261,210.71489775174663,749.9999999999998,4593.345767391082,9186691.534782164,421.42979550349327,6.236463285283937,True
14,9,8.0,0.7157894736842105,1.1150821740336654,0.39929270034945485,2.2966728836955426,0.45933457673910844,12.876874841173809,12.876874841173809,32.42676268528346,0.10506044007949185,66.31833282579201,222.94959976763366,749.9999999999998,4593.345767391081,9186691.534782162,445.8991995352673,6.723618953247445,True
14,10,8.0,0.7942105263157895,1.166972169471633,0.3727616431558436,2.2966728836955426,0.45933457673910844,15.852988235410304,15.852988235410304,29.743930034750885,0.07420923859378108,65.3962958194822,234.50520655626028,750.0000000000003,4593.345767391087,9186691.534782175,469.01041311252055,7.171819248098723,True
14,11,8.0,0.8726315789473684,1.2216953616948472,0.34906378274747873,2.2966728836955426,0.45933457673910844,19.138227384781853,19.138227384781853,27.459175593920303,0.05453384997006909,64.72487591248347,245.44408927720934,750.0,4593.345767391082,9186691.534782164,490.8881785544187,7.584227418499248,True
14,12,8.0,0.9510526315789474,1.2788881077888588,0.3278354762099114,2.2966728836955426,0.45933457673910844,22.732592289288462,22.732592289288462,25.490377069871585,0.04137648440830675,64.2461708505385,255.81689805672113,750.0,4593.345767391088,9186691.534782177,511.63379611344226,7.963646538619411,True
14,13,8.0,1.0294736842105263,1.3382338176464235,0.30876013343589714,2.2966728836955426,0.45933457673910844,26.636082948930124,26.636082948930124,23.776807777418686,0.03222847734781325,63.919167188725226,265.6665545667569,750.0,4593.34576739109,9186691.534782179,531.3331091335137,8.312578722509329,True
14,14,8.0,1.1078947368421053,1.3994586210863702,0.29156388424426494,2.2966728836955426,0.45933457673910844,30.848699363706846,30.848699363706846,22.27245938170623,0.025658205201905048,63.71410625546985,275.0305561969323,750.0000000000001,4593.3457673910925,9186691.534782184,550.0611123938646,8.633270475274726,True
14,15,8.0,1.1863157894736842,1.4623265150318163,0.2760107255581321,2.2966728836955426,0.45933457673910844,35.37044153361862,35.37044153361862,20.941770001430193,0.02080814460971438,63.60894503665604,283.94234791614963,749.9999999999999,4593.345767391076,9186691.534782153,567.8846958322993,8.92774900613496,True
14,16,8.0,1.2647368421052632,1.526634522074265,0.2618976799690018,2.2966728836955426,0.45933457673910844,40.20130945866545,40.20130945866545,19.756786296128837,0.01714309755839437,63.587056459404636,292.432170062096,750.0000000000002,4593.34576739109,9186691.534782179,584.864340124192,9.197852089561374,True
14,17,8.0,1.343157894736842,1.5922081567447242,0.24905026200788205,2.2966728836955426,0.45933457673910844,45.34130313884734,45.34130313884734,18.695217774304584,0.01431703423230264,63.635692423559846,300.5276070393318,750.0000000000002,4593.345767391081,9186691.534782162,601.0552140786637,9.445252989124935,True
14,18,8.0,1.421578947368421,1.6588973409501973,0.2373183935817762,2.2966728836955426,0.45933457673910844,50.790422574164275,50.790422574164275,17.739066830059866,0.012099274694750757,63.74493193027078,308.2539626105691,750.0,4593.345767391088,9186691.534782177,616.5079252211382,9.671481426876776,True
14,19,8.0,1.5,1.726572814627442,0.22657281462744194,2.2966728836955426,0.45933457673910844,56.548667764616276,56.548667764616276,16.873642048315876,0.010331861678694449,63.90694640426068,315.6345326515013,750.0000000000002,4593.3457673911,9186691.5347822,631.2690653030025,9.877941300930564,True
15,0,8.0,0.01,0.8848406338818426,0.8748406338818426,2.459373652367213,0.4918747304734425,0.0025132741228718345,0.0025132741228718345,107.80821589667207,1993799740.5273793,98.86283278192343,98.86982767797583,52.86094365831882,4918.747304734425,9837494.60946885,197.73965535595167,2.000141507093325,True
15,1,8.0,0.08842105263157894,0.8891913348188328,0.8007702821872539,2.459373652367213,0.4918747304734425,0.19649487214386327,0.19649487214386327,102.41614512633305,1197.9648213522728,102.6952097415101,102.70197740455022,460.83422350926855,4918.747304734425,9837494.60946885,205.40395480910044,2.0001318009487914,True
15,2,8.0,0.1668421052631579,0.9003772739563476,0.7335351686931897,2.459373652367213,0.4918747304734425,0.6996022252999108,0.6996022252999108,91.034959047661,27.845290819960628,99.76377806985788,111.97288045028812,750.0000000000001,4918.747304734426,9837494.609468851,223.94576090057623,2.244760224936169,True
15,3,8.0,0.24526315789473685,0.9181486611594659,0.6728855032647291,2.459373652367213,0.4918747304734425,1.5118353335910142,1.5118353335910142,71.91259977960073,5.480921405473279,86.03354255641558,132.58404308525434,750.0000000000001,4918.747304734425,9837494.60946885,265.1680861705087,3.0821477099658834,True
15,4,8.0,0.3236842105263158,0.9421329075626568,0.618448697036341,2.459373652367213,0.4918747304734425,2.6331941970171733,2.6331941970171733,60.01248957927326,1.7776474388882935,78.25066611284176,150.31725112994957,749.9999999999997,4918.747304734425,9837494.60946885,300.63450225989914,3.84194176476872,True
15,5,8.0,0.40210526315789474,0.9718701508060122,0.5697648876481175,2.459373652367213,0.4918747304734425,4.063678815578389,4.063678815578389,51.680716213499466,0.760985693974256,73.29275555334522,166.24241758418177,750.0,4918.747304734423,9837494.609468846,332.48483516836353,4.536394254222965,True
15,6,8.0,0.4805263157894737,1.0068507771932373,0.5263244614037637,2.459373652367213,0.4918747304734425,5.803289189274659,5.803289189274659,45.43795222798061,0.3882988684183799,69.92087057660856,180.86961293972172,750.0000000000001,4918.747304734424,9837494.609468848,361.73922587944344,5.173551514681229,True
15,7,8.0,0.5589473684210526,1.0465491426747437,0.4876017742536911,2.459373652367213,0.4918747304734425,7.852025318105986,7.852025318105986,40.550642736016854,0.2234387862596207,67.53439362811572,194.47910003622647,750.0000000000001,4918.747304734423,9837494.609468846,388.95820007245294,5.7594090829376015,True
15,8,8.0,0.6373684210526316,1.0904501141838383,0.4530816931312067,2.459373652367213,0.4918747304734425,10.20988720207237,10.20988720207237,36.605264375986195,0.14023115098744068,65.80352373388718,207.24112045328621,749.9999999999998,4918.747304734426,9837494.609468851,414.48224090657243,6.29878488852299,True
15,9,8.0,0.7157894736842105,1.1380674487944642,0.42227797511025367,2.459373652367213,0.4918747304734425,12.876874841173809,12.876874841173809,33.347027142745276,0.09393449315211551,64.53113701639188,219.26809135297648,749.9999999999998,4918.747304734424,9837494.609468848,438.53618270595297,6.795729983721784,True
15,10,8.0,0.7942105263157895,1.18895471212289,0.3947441858071006,2.459373652367213,0.4918747304734425,15.852988235410304,15.852988235410304,30.608398936618098,0.06617423456982996,63.59198398245254,230.64000863623664,750.0000000000006,4918.747304734429,9837494.609468859,461.2800172724733,7.253744707819748,True
15,11,8.0,0.8726315789473684,1.2427102719236687,0.37007869297630025,2.459373652367213,0.4918747304734425,19.138227384781853,19.138227384781853,28.27366706708621,0.04851628932532524,62.90273672276773,241.41770855339323,750.0,4918.747304734427,9837494.609468855,482.83541710678645,7.675904773981377,True
15,12,8.0,0.9510526315789474,1.2989780811859999,0.3479254496070525,2.459373652367213,0.4918747304734425,22.732592289288462,22.732592289288462,26.25979819864018,0.03673610350093798,62.405931031563156,251.6501218008976,750.0000000000001,4918.747304734425,9837494.60946885,503.3002436017952,8.064942470728306,True
15,13,8.0,1.0294736842105263,1.357445768290732,0.3279720840802056,2.459373652367213,0.4918747304734425,26.636082948930124,26.636082948930124,24.50537634051899,0.028563305723316054,62.06077417712701,261.3783778787432,750.0000000000001,4918.747304734421,9837494.609468842,522.7567557574864,8.42330381289624,True
15,14,8.0,1.1078947368421053,1.4178412094768789,0.3099464726347736,2.459373652367213,0.4918747304734425,30.848699363706846,30.848699363706846,22.963847865850152,0.02270493862705076,61.83760230838853,270.6381935626569,750.0000000000006,4918.74730473442,9837494.60946884,541.2763871253138,8.753191697600593,True
15,15,8.0,1.1863157894736842,1.4799284103371324,0.2936126208634482,2.459373652367213,0.4918747304734425,35.37044153361862,35.37044153361862,21.59920497983027,0.018388056753511562,61.714395671493584,279.4613021287166,749.9999999999998,4918.747304734422,9837494.609468844,558.9226042574332,9.056600136418487,True
15,16,8.0,1.2647368421052632,1.5435032319845705,0.27876638987930735,2.459373652367213,0.4918747304734425,40.20130945866545,40.20130945866545,20.383120974660407,0.015131144453120629,61.67451136042336,287.87633633045596,750.0000000000001,4918.74730473443,9837494.60946886,575.7526726609119,9.33534226637381,True
15,17,8.0,1.343157894736842,1.6083892804797995,0.26523138574295735,2.459373652367213,0.4918747304734425,45.34130313884734,45.34130313884734,19.292987554937053,0.012623426061373724,61.70516570224417,295.9093956919614,750.0,4918.747304734423,9837494.609468846,591.8187913839228,9.591073691297108,True
15,18,8.0,1.421578947368421,1.6744341285847972,0.2528551812163762,2.459373652367213,0.4918747304734425,50.790422574164275,50.790422574164275,18.3105335122264,0.010658066420105316,61.796393798427495,303.58442878681336,749.9999999999999,4918.747304734421,9837494.609468842,607.1688575736267,9.825312129930097,True
15,19,8.0,1.5,1.741505942386767,0.24150594238676693,2.459373652367213,0.4918747304734425,56.548667764616276,56.548667764616276,17.420829996306683,0.009093656394036335,61.94032143201369,310.9235053238637,750.0,4918.747304734414,9837494.609468827,621.8470106477274,10.039454046590198,True
16,0,8.0,0.01,0.9136368044941687,0.9036368044941687,2.6220744210388838,0.5244148842077766,0.0025132741228718345,0.0025132741228718345,109.80387145228916,1852756563.5472383,97.53513292425396,97.52961098944435,53.088632010678985,5244.148842077765,10488297.68415553,195.0592219788887,1.9998867703432794,True
16,1,8.0,0.08842105263157894,0.9178510189975236,0.8294299663659447,2.6220744210388838,0.5244148842077766,0.19649487214386327,0.19649487214386327,104.47424818816853,1106.3199595682386,101.19430708593792,101.2013799873511,462.97187439425494,5244.148842077766,10488297.684155531,202.4027599747022,2.000139788524016,True
16,2,8.0,0.1668421052631579,0.9286918211198797,0.7618497158567218,2.6220744210388838,0.5244148842077766,0.6996022252999108,0.6996022252999108,92.77530395077734,25.813982978460356,97.94781570504107,110.43742235788469,750.0000000000001,5244.148842077766,10488297.684155531,220.87484471576937,2.2550257310577435,True
16,3,8.0,0.24526315789473685,0.9459314072102768,0.70066824931554,2.6220744210388838,0.5244148842077766,1.5118353335910142,1.5118353335910142,73.38218223624015,5.05488223776519,84.36004469136665,130.7056019786898,749.9999999999998,5244.148842077766,10488297.684155531,261.4112039573796,3.0987561103572085,True
16,4,8.0,0.3236842105263158,0.9692283934503572,0.6455441829240414,2.6220744210388838,0.5244148842077766,2.6331941970171733,2.6331941970171733,61.31303159154475,1.631552470619696,76.63714197371118,148.12732485030335,750.0,5244.148842077763,10488297.684155526,296.2546497006067,3.865679774465374,True
16,5,8.0,0.40210526315789474,0.9981587314578758,0.5960534682999811,2.6220744210388838,0.5244148842077766,4.063678815578389,4.063678815578389,52.859529407310916,0.6953403268595666,71.70270704959073,163.76605757507673,750.0000000000001,5244.148842077765,10488297.68415553,327.53211515015346,4.567918404023812,True
16,6,8.0,0.4805263157894737,1.0322488802088967,0.551722564419423,2.6220744210388838,0.5244148842077766,5.803289189274659,5.803289189274659,46.52135399787933,0.35337168066687213,68.33581970955854,178.13033584253787,750.0000000000002,5244.148842077765,10488297.68415553,356.26067168507575,5.213381111096022,True
16,7,8.0,0.5589473684210526,1.0710062423679592,0.5120588739469065,2.6220744210388838,0.5244148842077766,7.852025318105986,7.852025318105986,41.555168922093685,0.20260461066693897,65.94438304430467,191.50011227538596,750.0000000000001,5244.148842077763,10488297.684155526,383.0002245507719,5.807927936689522,True
16,8,8.0,0.6373684210526316,1.1139437663910332,0.4765753453384016,2.6220744210388838,0.5244148842077766,10.20988720207237,10.20988720207237,37.54231731048411,0.12674603602692835,64.20306091231214,204.0453606385738,750.0000000000002,5244.148842077767,10488297.684155533,408.0907212771476,6.356250239136006,True
16,9,8.0,0.7157894736842105,1.1605975965697306,0.4448081228855201,2.6220744210388838,0.5244148842077766,12.876874841173809,12.876874841173809,34.22506350131829,0.08465966352172727,62.91720157007551,215.87791455633538,750.0000000000001,5244.148842077765,10488297.68415553,431.75582911267077,6.862285962159213,True
16,10,8.0,0.7942105263157895,1.2105381326654354,0.41632760634964594,2.6220744210388838,0.5244148842077766,15.852988235410304,15.852988235410304,31.434050526411134,0.05949082497457429,61.96295861871992,227.07682702591873,750.0,5244.148842077765,10488297.68415553,454.15365405183746,7.329437847640655,True
16,11,8.0,0.8726315789473684,1.2633756698237042,0.39074409087633577,2.6220744210388838,0.5244148842077766,19.138227384781853,19.138227384781853,29.05235273300064,0.04352020199997485,61.25780224487501,237.70170420895911,750.0,5244.148842077769,10488297.684155537,475.40340841791823,7.760699714911691,True
16,12,8.0,0.9510526315789474,1.3187620401571911,0.36770940857824375,2.6220744210388838,0.5244148842077766,22.732592289288462,22.732592289288462,26.996076918617298,0.032889403702375475,60.74471351818032,247.80006141021894,750.0,5244.1488420777705,10488297.68415554,495.6001228204379,8.158736688619157,True
16,13,8.0,1.0294736842105263,1.376389580390781,0.34691589618025476,2.6220744210388838,0.5244148842077766,26.636082948930124,26.636082948930124,25.203162345530696,0.025529001381344098,60.38313643774957,257.4115225123779,750.0,5244.14884207777,10488297.684155539,514.8230450247559,8.525940774134833,True
16,14,8.0,1.1078947368421053,1.4359884952355133,0.32809375839340804,2.6220744210388838,0.5244148842077766,30.848699363706846,30.848699363706846,23.62654926796058,0.02026272226323198,60.1435205655785,266.57028385443493,750.0000000000002,5244.14884207777,10488297.684155539,533.1405677088699,8.864472227354085,True
16,15,8.0,1.1863157894736842,1.4973233995636637,0.31100761008997946,2.6220744210388838,0.5244148842077766,35.37044153361862,35.37044153361862,22.229818362841748,0.016388652358129075,60.00388752102458,275.30659734957703,750.0,5244.148842077773,10488297.684155546,550.6131946991541,9.176292027849469,True
16,16,8.0,1.2647368421052632,1.560189568707825,0.29545272660256194,2.6220744210388838,0.5244148842077766,40.20130945866545,40.20130945866545,20.984299577742366,0.013470279110559867,59.94759484875201,283.6476885751799,749.9999999999998,5244.148842077769,10488297.684155537,567.2953771503599,9.463188282726739,True
16,17,8.0,1.343157894736842,1.6244092282181304,0.2812513334812883,2.6220744210388838,0.5244148842077766,45.34130313884734,45.34130313884734,19.86709287819973,0.011226332187056525,59.96183730272381,291.61834449421355,749.9999999999999,5244.1488420777705,10488297.68415554,583.2366889884271,9.726798164037131,True
16,18,8.0,1.421578947368421,1.689828072357488,0.26824912498906706,2.6220744210388838,0.5244148842077766,50.790422574164275,50.790422574164275,18.8596759749405,0.009469902522036477,60.03661779155609,299.2413054725012,749.9999999999998,5244.148842077771,10488297.684155542,598.4826109450024,9.968626364378185,True
16,19,8.0,1.5,1.7563121051015722,0.2563121051015722,2.6220744210388838,0.5244148842077766,56.548667764616276,56.548667764616276,17.946901976811866,0.00807339028602097,60.164026064736326,306.53753975180433,749.9999999999999,5244.148842077758,10488297.684155516,613.0750795036087,10.190060732370895,True
17,0,8.0,0.01,0.9415526929939773,0.9315526929939772,2.7847751897105546,0.5569550379421108,0.0025132741228718345,0.0025132741228718345,111.70138145794937,1730034621.0562825,96.29752056618037,96.29168353937258,53.29295517005795,5569.550379421107,11139100.758842215,192.58336707874517,1.9998787709844768,True
17,1,8.0,0.08842105263157894,0.9456425097428136,0.8572214571112347,2.7847751897105546,0.5569550379421108,0.19649487214386327,0.19649487214386327,106.43684780556602,1026.9510644867737,99.8071116035922,99.81447579861434,464.9505824391613,5569.550379421107,11139100.758842215,199.62895159722868,2.000147568543039,True
17,2,8.0,0.1668421052631579,0.9561682706369489,0.789326165373791,2.7847751897105546,0.5569550379421108,0.6996022252999108,0.6996022252999108,94.43347702738919,24.048092858688427,96.2822090714951,109.01680221828917,749.9999999999999,5569.550379421107,11139100.758842215,218.03360443657834,2.2645264014941304,True
17,3,8.0,0.24526315789473685,0.972921112066497,0.7276579541717602,2.7847751897105546,0.5569550379421108,1.5118353335910142,1.5118353335910142,74.7821667306466,4.686853256664124,82.82903180276533,128.96966981908687,750.0000000000001,5569.550379421106,11139100.758842213,257.93933963817375,3.1141175264777416,True
17,4,8.0,0.3236842105263158,0.9955867324488887,0.6719025219225729,2.7847751897105546,0.5569550379421108,2.6331941970171733,2.6331941970171733,62.55225055646526,1.5060536635471078,75.16400719886332,146.1048824843231,750.0,5569.550379421107,11139100.758842215,292.2097649686462,3.887628877948716,True
17,5,8.0,0.40210526315789474,1.0237724924725662,0.6216672293146714,2.7847751897105546,0.5569550379421108,4.063678815578389,4.063678815578389,53.983329895841436,0.639222284917597,70.25328956029065,161.4795724363523,749.9999999999997,5569.550379421106,11139100.758842213,322.9591448727046,4.59706793652053,True
17,6,8.0,0.4805263157894737,1.057036902785525,0.5765105869960514,2.7847751897105546,0.5569550379421108,5.803289189274659,5.803289189274659,47.554937669109044,0.32363736774310675,66.89265490787459,175.60066775653652,749.9999999999999,5569.550379421107,11139100.758842215,351.20133551307305,5.250222703774457,True
17,7,8.0,0.5589473684210526,1.094917181502341,0.5359698130812884,2.7847751897105546,0.5569550379421108,7.852025318105986,7.852025318105986,42.51432308936431,0.18493046342513353,64.49792915849764,188.74778679747945,750.0000000000001,5569.550379421105,11139100.758842211,377.4955735949589,5.852832463307446,True
17,8,8.0,0.6373684210526316,1.1369520560865067,0.49958363503387515,2.7847751897105546,0.5569550379421108,10.20988720207237,10.20988720207237,38.43787696089294,0.11534031173453783,62.74795499375907,201.09070793815636,750.0,5569.550379421103,11139100.758842206,402.1814158763127,6.409474474766768,True
17,9,8.0,0.7157894736842105,1.1826986278512925,0.466909154167082,2.7847751897105546,0.5569550379421108,12.876874841173809,12.876874841173809,35.06502090898471,0.07683466102848026,61.45041772213944,212.74083826572402,750.0000000000001,5569.550379421103,11139100.758842206,425.48167653144804,6.923983469979813,True
17,10,8.0,0.7942105263157895,1.2317434123205264,0.43753288600473694,2.7847751897105546,0.5569550379421108,15.852988235410304,15.852988235410304,32.2246413667983,0.05386405044570561,60.48281605988412,223.776500650619,750.0000000000001,5569.550379421107,11139100.758842215,447.553001301238,7.399672013586721,True
17,11,8.0,0.8726315789473684,1.2837084350663075,0.41107685611893907,2.7847751897105546,0.5569550379421108,19.138227384781853,19.138227384781853,29.798651571428536,0.03932146479165094,59.76340001292947,234.25631115985698,749.9999999999998,5569.550379421106,11139100.758842213,468.51262231971396,7.839457296913394,True
17,12,8.0,0.9510526315789474,1.3382535565868867,0.38720092500793934,2.7847751897105546,0.5569550379421108,22.732592289288462,22.732592289288462,27.702341505522107,0.029661472827350054,59.23559744792369,244.2266147159587,750.0000000000002,5569.550379421111,11139100.758842222,488.4532294319174,8.245940793647529,True
17,13,8.0,1.0294736842105263,1.3950761771911258,0.36560249298059944,2.7847751897105546,0.5569550379421108,26.636082948930124,26.636082948930124,25.873043043009844,0.022986027952821977,58.85909966866585,253.72576477026547,750.0000000000002,5569.550379421103,11139100.758842206,507.45152954053094,8.621462652285134,True
17,14,8.0,1.1078947368421053,1.4539092893322638,0.34601455249015856,2.7847751897105546,0.5569550379421108,30.848699363706846,30.848699363706846,24.26322324587446,0.01821818046254222,58.60448354207549,262.78665400763344,749.9999999999998,5569.550379421106,11139100.758842213,525.5733080152669,8.9681416207333,True
17,15,8.0,1.1863157894736842,1.514518611981636,0.32820282250795185,2.7847751897105546,0.5569550379421108,35.37044153361862,35.37044153361862,22.836080325959617,0.01471636841661274,58.44982632144503,271.43824735961226,750.0,5569.550379421101,11139100.758842202,542.8764947192245,9.287906036429831,True
17,16,8.0,1.2647368421052632,1.5766993224653216,0.31196248036005847,2.7847751897105546,0.5569550379421108,40.20130945866545,40.20130945866545,21.562626434680507,0.012082251447568693,58.37849922391468,279.70653423173735,749.9999999999999,5569.550379421102,11139100.758842204,559.4130684634747,9.58251883656358,True
17,17,8.0,1.343157894736842,1.6402727224087208,0.2971148276718787,2.7847751897105546,0.5569550379421108,45.34130313884734,45.34130313884734,20.419692135499456,0.01005954684084687,58.37768704192396,287.6151374891162,750.0000000000003,5569.5503794211,11139100.7588422,575.2302749782324,9.853598251762364,True
17,18,8.0,1.421578947368421,1.7050830411699363,0.2835040938015152,2.7847751897105546,0.5569550379421108,50.790422574164275,50.790422574164275,19.388523490430746,0.008478196297427212,58.437370358984275,295.18571701244286,750.0000000000002,5569.550379421108,11139100.758842217,590.3714340248857,10.102635187007879,True
17,19,8.0,1.5,1.7709944871975776,0.27099448719757757,2.7847751897105546,0.5569550379421108,56.548667764616276,56.548667764616276,18.453772407215205,0.0072222625205708635,58.54961109604685,302.4382487746903,750.0000000000002,5569.550379421107,11139100.758842215,604.8764975493806,10.331007947381918,True
18,0,8.0,0.01,0.9686644087825801,0.9586644087825801,2.947475958382225,0.5894951916764448,0.0025132741228718345,0.0025132741228718345,113.5173116528531,1621961649.253082,95.14491478938578,95.13876968750175,53.48324275230484,5894.951916764447,11789903.833528893,190.2775393750035,1.9998708264777443,True
18,1,8.0,0.08842105263157894,0.972640231221484,0.8842191785899051,2.947475958382225,0.5894951916764448,0.19649487214386327,0.19649487214386327,108.32188762345837,957.3106452580556,98.52669956409385,98.52101546735976,466.86178859013387,5894.951916764448,11789903.833528895,197.04203093471952,1.9998846181439298,True
18,2,8.0,0.1668421052631579,0.982876912400911,0.8160348071377531,2.947475958382225,0.5894951916764448,0.6996022252999108,0.6996022252999108,96.01787111691527,22.499676407115384,94.74662065744704,107.69632434853997,750.0000000000001,5894.951916764448,11789903.833528895,215.39264869707995,2.273354418368379,True
18,3,8.0,0.24526315789473685,0.9991820422038239,0.753918884309087,2.947475958382225,0.5894951916764448,1.5118353335910142,1.5118353335910142,76.11963804969845,4.366029590712143,81.42087626604734,127.35787727337285,750.0000000000006,5894.951916764448,11789903.833528895,254.7157545467457,3.1283838522499745,True
18,4,8.0,0.3236842105263158,1.021265002331006,0.6975807918046901,2.947475958382225,0.5894951916764448,2.6331941970171733,2.6331941970171733,63.73633119884462,1.3972173247877304,73.81167109279494,144.2282971276195,750.0,5894.951916764448,11789903.833528895,288.456594255239,3.9080079069419202,True
18,5,8.0,0.40210526315789474,1.0487608781325632,0.6466556149746685,2.947475958382225,0.5894951916764448,4.063678815578389,4.063678815578389,55.05759149813859,0.5907745121978623,68.92470692901722,159.35851026538504,750.0000000000001,5894.95191676445,11789903.8335289,318.71702053077007,4.624133126296843,True
18,6,8.0,0.4805263157894737,1.0812568043754964,0.6007304885860227,2.947475958382225,0.5894951916764448,5.803289189274659,5.803289189274659,48.543580969384244,0.29806699297888267,65.57129310331096,173.25378038606223,750.0000000000003,5894.951916764449,11789903.833528899,346.50756077212446,5.284439948838341,True
18,7,8.0,0.5589473684210526,1.1183169933015082,0.5593696248804556,2.947475958382225,0.5894951916764448,7.852025318105986,7.852025318105986,43.43247150166406,0.1697818881822053,63.17464795164867,186.19336027628754,750.0,5894.951916764446,11789903.833528891,372.38672055257507,5.894559489078354,True
18,8,8.0,0.6373684210526316,1.1595038770945227,0.5221354560418912,2.947475958382225,0.5894951916764448,10.20988720207237,10.20988720207237,39.29586771394088,0.10559203443894447,61.41753455362995,198.34687612394762,750.0,5894.951916764445,11789903.83352889,396.69375224789525,6.458965751897795,True
18,9,8.0,0.7157894736842105,1.2043941661595776,0.4886046924753671,2.947475958382225,0.5894951916764448,12.876874841173809,12.876874841173809,35.87044170799974,0.07016276411043097,60.109849363558865,209.82542206627636,750.0000000000002,5894.951916764447,11789903.833528893,419.6508441325527,6.981399031536466,True
18,10,8.0,0.7942105263157895,1.252589756046611,0.45837922973082157,2.947475958382225,0.5894951916764448,15.852988235410304,15.852988235410304,32.98338372733384,0.04907615727861335,59.13037892347541,220.70675403461755,750.0000000000001,5894.951916764447,11789903.833528893,441.4135080692351,7.465088438558763,True
18,11,8.0,0.8726315789473684,1.303724130872127,0.4310925519247586,2.947475958382225,0.5894951916764448,19.138227384781853,19.138227384781853,30.515490749916605,0.03575482868136775,58.39813188115066,231.04868822979572,750.0,5894.951916764444,11789903.833528887,462.09737645959143,7.912879429089134,True
18,12,8.0,0.9510526315789474,1.3574652278697037,0.4064125962907563,2.947475958382225,0.5894951916764448,22.732592289288462,22.732592289288462,28.38127264131213,0.026923478161343557,57.85698034944936,240.89659794106942,749.9999999999999,5894.951916764451,11789903.833528902,481.79319588213883,8.327313194918998,True
18,13,8.0,1.0294736842105263,1.4135157598428465,0.3840420756323202,2.947475958382225,0.5894951916764448,26.636082948930124,26.636082948930124,26.517485553170864,0.020831695121208582,57.46686940607414,250.2877604262448,750.0000000000002,5894.951916764458,11789903.833528915,500.5755208524896,8.71068018888079,True
18,14,8.0,1.1078947368421053,1.4716118662081192,0.36371712936601397,2.947475958382225,0.5894951916764448,30.848699363706846,30.848699363706846,24.87615128430847,0.016487933197401328,57.198513455760384,259.2539464057051,750.0,5894.951916764458,11789903.833528915,518.5078928114102,9.065058888504943,True
18,15,8.0,1.1863157894736842,1.5315207766128005,0.3452049871391163,2.947475958382225,0.5894951916764448,35.37044153361862,35.37044153361862,23.420110337788312,0.013302435207669954,57.03005658088885,267.82299877718793,749.9999999999999,5894.951916764442,11789903.833528884,535.6459975543759,9.392345539665383,True
18,16,8.0,1.2647368421052632,1.5930379834205144,0.32830114131525123,2.947475958382225,0.5894951916764448,40.20130945866545,40.20130945866545,22.120078958970776,0.010909574541932176,56.94489441467036,276.01981744266874,750.0000000000001,5894.951916764447,11789903.833528893,552.0396348853375,9.694277960468375,True
18,17,8.0,1.343157894736842,1.6559842592959666,0.3128263645591245,2.947475958382225,0.5894951916764448,45.34130313884734,45.34130313884734,20.952637570226116,0.009074451294505828,56.93021144030561,283.8669896981448,749.9999999999998,5894.951916764463,11789903.833528927,567.7339793962896,9.972455134679926,True
18,18,8.0,1.421578947368421,1.7202027323670932,0.29862378499867215,2.947475958382225,0.5894951916764448,50.790422574164275,50.790422574164275,19.898817447486476,0.007641407232825323,56.97597425763085,291.3852064292883,750.0,5894.951916764436,11789903.83352887,582.7704128585766,10.22835362539721,True
18,19,8.0,1.5,1.785556142170306,0.2855561421703059,2.947475958382225,0.5894951916764448,56.548667764616276,56.548667764616276,18.943083998437803,0.006504458852825153,57.074223987724054,298.5935473685203,750.0000000000002,5894.951916764438,11789903.833528874,597.1870947370406,10.463341470319213,True
19,0,8.0,0.01,0.9950376877284599,0.9850376877284599,3.110176727053896,0.622035345410779,0.0025132741228718345,0.0025132741228718345,115.25927966323067,1526108344.6943023,94.06730521466481,94.06085876245282,53.66104122924378,6220.35345410779,12440706.908215579,188.12171752490565,1.9998629395793304,True
19,1,8.0,0.08842105263157894,0.9989085456379261,0.9104874930063471,3.110176727053896,0.622035345410779,0.19649487214386327,0.19649487214386327,110.12122966784551,896.2590559713844,97.32603560347292,97.32014216873078,468.58020844469286,6220.353454107789,12440706.908215577,194.64028433746157,1.9998788929456421,True
19,2,8.0,0.1668421052631579,1.0088787281376503,0.8420366228744924,3.110176727053896,0.622035345410779,0.6996022252999108,0.6996022252999108,97.5356137830372,21.131565759321138,93.32441880670349,106.46386579161792,750.0000000000001,6220.353454107791,12440706.90821558,212.92773158323584,2.281586473356545,True
19,3,8.0,0.24526315789473685,1.024770226255866,0.7795070683611292,3.110176727053896,0.622035345410779,1.5118353335910142,1.5118353335910142,77.40061874549582,4.084094693750961,80.11957365942904,125.85508319505269,749.9999999999999,6220.353454107791,12440706.90821558,251.71016639010537,3.1416813007526825,True
19,4,8.0,0.3236842105263158,1.0463132743801182,0.7226290638538024,3.110176727053896,0.622035345410779,2.6331941970171733,2.6331941970171733,64.87054050254615,1.3020334443163653,72.56419000298814,142.47973881790188,749.9999999999999,6220.353454107789,12440706.908215577,284.95947763580375,3.926998670061215,True
19,5,8.0,0.40210526315789474,1.073167574360724,0.6710623112028293,3.110176727053896,0.622035345410779,4.063678815578389,4.063678815578389,56.086986558329656,0.5485827656415099,67.70086686963833,157.38269207230724,750.0000000000002,6220.35345410779,12440706.908215579,314.7653841446145,4.6493552992565395,True
19,6,8.0,0.4805263157894737,1.1049459444543905,0.6244196286649168,3.110176727053896,0.622035345410779,5.803289189274659,5.803289189274659,49.491457821305886,0.27587995152211603,64.35541858901438,171.06749970942215,749.9999999999999,6220.353454107791,12440706.90821558,342.1349994188443,5.316335545943408,True
19,7,8.0,0.5589473684210526,1.1412371185099177,0.5822897500888651,3.110176727053896,0.622035345410779,7.852025318105986,7.852025318105986,44.31335951755413,0.15667901307537666,61.95798302529938,183.81301519402197,750.0000000000001,6220.353454107788,12440706.908215575,367.62603038804394,5.933473177103437,True
19,8,8.0,0.6373684210526316,1.1816253653993405,0.5442569443467089,3.110176727053896,0.622035345410779,10.20988720207237,10.20988720207237,40.11966333463554,0.09718283634467492,60.19500973034472,195.7887360693983,750.0,6220.353454107789,12440706.908215577,391.5774721387966,6.505148415008889,True
19,9,8.0,0.7157894736842105,1.2257057439031276,0.5099162702189171,3.110176727053896,0.622035345410779,12.876874841173809,12.876874841173809,36.64437700275096,0.06442051881653357,58.878489394062086,207.10552557304888,750.0000000000003,6220.353454107785,12440706.908215571,414.21105114609776,7.0350149164640605,True
19,10,8.0,0.7942105263157895,1.2730947961997188,0.4788842698839293,3.110176727053896,0.622035345410779,15.852988235410304,15.852988235410304,33.71304870910658,0.04496341273920622,57.888440727743124,217.8406984541548,749.9999999999999,6220.353454107789,12440706.908215577,435.6813969083096,7.5262244315298785,True
19,11,8.0,0.8726315789473684,1.323437143417162,0.4508055644697935,3.110176727053896,0.622035345410779,19.138227384781853,19.138227384781853,31.205398496705328,0.03269619421124068,57.144608184803865,228.05142271941872,749.9999999999999,6220.353454107791,12440706.90821558,456.10284543883745,7.9815552145149935,True
19,12,8.0,0.9510526315789474,1.376408772143378,0.4253561405644306,3.110176727053896,0.622035345410779,22.732592289288462,22.732592289288462,29.035187781760616,0.02457876575771703,56.59130268704868,237.78226220375106,750.0000000000003,6220.353454107795,12440706.90821559,475.5645244075021,8.403491381659578,True
19,13,8.0,1.0294736842105263,1.4317178725160886,0.4022441883055623,3.110176727053896,0.622035345410779,26.636082948930124,26.636082948930124,27.138624113297464,0.018989025220107637,56.188726453201106,247.0695793002156,749.9999999999998,6220.353454107782,12440706.908215566,494.1391586004312,8.794275823496259,True
19,14,8.0,1.1078947368421053,1.4891040084300484,0.38120927158794315,3.110176727053896,0.622035345410779,30.848699363706846,30.848699363706846,25.46730792166278,0.015009520527555555,55.907738796789786,255.9441758558447,750.0,6220.353454107791,12440706.90821558,511.8883517116894,9.155948044550176,True
19,15,8.0,1.1863157894736842,1.5483362530001585,0.3620204635264743,3.110176727053896,0.622035345410779,35.37044153361862,35.37044153361862,23.98374324335403,0.012095366562960423,55.726559370963926,264.43291340748027,750.0,6220.353454107783,12440706.908215567,528.8658268149605,9.490372863222625,True
19,16,8.0,1.2647368421052632,1.6092107630072556,0.34447392090199247,3.110176727053896,0.622035345410779,40.20130945866545,40.20130945866545,22.65836929313826,0.009909229854229356,55.628616950882886,272.55972874076133,749.9999999999999,6220.353454107781,12440706.908215562,545.1194574815227,9.79926317353592,True
19,17,8.0,1.343157894736842,1.671548123804369,0.3283902290675269,3.110176727053896,0.622035345410779,45.34130313884734,45.34130313884734,21.467533056067776,0.00823467789331237,55.601103745564714,280.34628534479003,750.0,6220.3534541078025,12440706.908215605,560.6925706895801,10.084198566549254,True
19,18,8.0,1.421578947368421,1.7351906822021343,0.3136117348337133,3.110176727053896,0.622035345410779,50.790422574164275,50.790422574164275,20.392065731925584,0.006928472967513031,55.63397943824305,287.8124028341929,750.0,6220.353454107795,12440706.90821559,575.6248056683858,10.346640874528179,True
19,19,8.0,1.5,1.8,0.30000000000000004,3.110176727053896,0.622035345410779,56.548667764616276,56.548667764616276,19.416259125556998,0.0058932066923723485,55.71927038677646,294.97634947540865,750.0000000000001,6220.353454107799,12440706.908215597,589.9526989508173,10.58794730899469,True
