row_i,col_j,solenoid_length_m,ri,rf,th,a,a_sc,v,v_bore,b0,scan,je_sc,je_max,stress,rebco_pancake_length,rebco_total_length,j_crit,margin,converged
0,0,4.0,0.01,0.07812809993849779,0.06812809993849779,0.018862122292152797,0.0037724244584305586,0.0012566370614359172,0.0012566370614359172,23.09453965434958,9543002789160.852,269.83575954914863,269.8251755941298,31.149600646026872,37.72424458430558,37724.24458430558,539.6503511882596,1.9999215526138083,True
0,1,4.0,0.08842105263157894,0.11756820381581216,0.029147151184233222,0.018862122292152797,0.0037724244584305586,0.09824743607193163,0.09824743607193163,12.96602195045666,47002837.33273164,354.4701621751651,354.4810584507433,202.9239056097616,37.72424458430559,37724.24458430559,708.9621169014866,2.000061479225847,True
0,2,4.0,0.1668421052631579,0.1839572996340253,0.017115194370867393,0.018862122292152797,0.0037724244584305586,0.3498011126499554,0.3498011126499554,8.781965481153692,3240790.6621547225,409.8878620123279,409.893552995188,299.1351289207526,37.72424458430557,37724.244584305576,819.787105990376,2.0000277684868837,True
0,3,4.0,0.24526315789473685,0.2572120071468253,0.011948849252088445,0.018862122292152797,0.0037724244584305586,0.7559176667955071,0.7559176667955071,6.648639747769704,756093.7451827542,446.26960435890334,446.27838650482516,361.02059466821055,37.72424458430541,37724.24458430541,892.5567730096503,2.000039358028582,True
0,4,4.0,0.3236842105263158,0.33282948809269325,0.009145277566377452,0.018862122292152797,0.0037724244584305586,1.3165970985085866,1.3165970985085866,5.353581023555761,282922.8375330763,472.0740261321384,472.0674577693089,403.62078589852297,37.724244584304856,37724.244584304855,944.1349155386177,1.9999721723184674,True
0,5,4.0,0.40210526315789474,0.409502921429481,0.007397658271586283,0.018862122292152797,0.0037724244584305586,2.0318394077891946,2.0318394077891946,4.477421077178234,136148.2766841218,491.4560478546333,491.4603327786805,433.5722827932569,37.72424458430591,37724.24458430591,982.920665557361,2.0000174376694146,True
0,6,4.0,0.4805263157894737,0.48673354123812435,0.006207225448650655,0.018862122292152797,0.0037724244584305586,2.9016445946373297,2.9016445946373297,3.841448491281715,76611.57472725394,506.67323507341814,506.671395005582,454.5376120265801,37.72424458430573,37724.24458430573,1013.342790011164,1.9999927366684924,True
0,7,4.0,0.5589473684210526,0.564292619715002,0.00534525129394936,0.018862122292152797,0.0037724244584305586,3.926012659052993,3.926012659052993,3.3562756432146625,47990.17863979731,518.9925368345192,518.9894990487376,468.6818885575034,37.72424458430611,37724.244584306114,1037.9789980974751,1.999988293528072,True
0,8,4.0,0.6373684210526316,0.6420611373966848,0.004692716344053216,0.018862122292152797,0.0037724244584305586,5.104943601036185,5.104943601036185,2.972440590390602,32508.67554210884,529.213248724789,529.2104218353234,477.47731748910604,37.72424458430437,37724.244584304375,1058.4208436706467,1.9999893166338052,True
0,9,4.0,0.7157894736842105,0.7199712290342712,0.004181755350060712,0.018862122292152797,0.0037724244584305586,6.438437420586904,6.438437420586904,2.660234916973088,23377.978199416408,537.8576750383207,537.8553824606075,481.9775453339914,37.72424458430558,37724.24458430558,1075.710764921215,1.9999914751510683,True
0,10,4.0,0.7942105263157895,0.7979814284247493,0.003770902108959806,0.018862122292152797,0.0037724244584305586,7.926494117705152,7.926494117705152,2.4007091621648655,17624.89337123173,545.282607233593,545.2808429257228,482.9805264414933,37.72424458430529,37724.24458430529,1090.5616858514456,1.9999935288313004,True
0,11,4.0,0.8726315789473684,0.8760649933516218,0.0034334144042533765,0.018862122292152797,0.0037724244584305586,9.569113692390927,9.569113692390927,2.1811879759588915,13806.292665881512,551.7406882007648,551.7393608795026,481.11736323728013,37.72424458430523,37724.244584305234,1103.478721759005,1.9999951886047536,True
0,12,4.0,0.9510526315789474,0.9542039132351329,0.0031512816561855006,0.018862122292152797,0.0037724244584305586,11.366296144644231,11.366296144644231,1.9928586728502518,11163.128962355135,557.4162407128296,557.4152517741713,476.9034591661905,37.72424458430487,37724.24458430487,1114.8305035483427,1.9999964517048985,True
0,13,4.0,1.0294736842105263,1.0323856190794185,0.0029119348688921853,0.018862122292152797,0.0037724244584305586,13.318041474465062,13.318041474465062,1.8293937986458773,9269.546410349276,562.447210066835,562.4464756707267,470.7693046892421,37.724244584301196,37724.244584301196,1124.8929513414535,1.9999973885687574,True
0,14,4.0,1.1078947368421053,1.110601075059104,0.002706338216998727,0.018862122292152797,0.0037724244584305586,15.424349681853423,15.424349681853423,1.6861244626540866,7873.607805262337,566.9391416270412,566.9385962109045,463.0797900257962,37.72424458430035,37724.24458430035,1133.877192421809,1.9999980759270384,True
0,15,4.0,1.1863157894736842,1.1888436198064785,0.0025278303327942453,0.018862122292152797,0.0037724244584305586,17.68522076680931,17.68522076680931,1.5595107701007063,6819.72252615772,570.9697560343238,570.9743817947668,454.1395099082886,37.72424458430648,37724.244584306485,1141.9487635895337,2.0000162031715134,True
0,16,4.0,1.2647368421052632,1.2671082352263334,0.0023713931210702643,0.018862122292152797,0.0037724244584305586,20.100654729332724,20.100654729332724,1.4468610489126752,6007.316642291394,574.6146119354152,574.6183053207898,444.2325780989832,37.724244584302205,37724.24458430221,1149.2366106415795,2.000012855173878,True
0,17,4.0,1.343157894736842,1.3453910696128117,0.0022331748759696346,0.018862122292152797,0.0037724244584305586,22.67065156942367,22.67065156942367,1.3460219735491241,5370.316693125726,577.9206777753196,577.9236315776626,433.57953534526104,37.72424458430008,37724.24458430008,1155.8472631553252,2.0000102221722,True
0,18,4.0,1.421578947368421,1.4236891176099886,0.002110170241567566,0.018862122292152797,0.0037724244584305586,25.395211287082137,25.395211287082137,1.2552885279815373,4863.416857690524,580.9311113469054,580.9334788096386,422.37747448211076,37.72424458429809,37724.24458429809,1161.8669576192772,2.0000081505799465,True
0,19,4.0,1.5,1.502,0.0020000000000000018,0.018862122292152797,0.0037724244584305586,28.274333882308138,28.274333882308138,1.1732799707316282,4454.927108027339,583.6816628810612,583.6835651772213,410.7945917615515,37.72424458430704,37724.24458430704,1167.3671303544427,2.0000065182659696,True
1,0,4.0,0.01,0.24061018922293098,0.23061018922293097,0.1815628909638235,0.03631257819276469,0.0012566370614359172,0.0012566370614359172,49.46508211002178,453447856002.1419,171.11876719064176,171.1275145109956,42.216197878091485,363.125781927647,363125.781927647,342.2550290219912,2.000102236832318,True
1,1,4.0,0.08842105263157894,0.25614750771063755,0.1677264550790586,0.1815628909638235,0.03631257819276469,0.09824743607193163,0.09824743607193163,40.722033106162314,483095.8139940778,193.97549527449712,193.96362842812584,347.83490272880084,363.125781927647,363125.781927647,387.9272568562517,1.999877645922703,True
1,2,4.0,0.1668421052631579,0.2926252744493157,0.12578316918615778,0.1815628909638235,0.03631257819276469,0.3498011126499554,0.3498011126499554,34.019115548011854,14392.154360260105,216.67303714856595,216.66271049882525,610.7863255752417,363.1257819276469,363125.78192764695,433.3254209976505,1.99990467988194,True
1,3,4.0,0.24526315789473685,0.34343453492389675,0.0981713770291599,0.1815628909638235,0.03631257819276469,0.7559176667955071,0.7559176667955071,27.4679877518419,2595.37114314463,225.07399171988118,245.39973565167438,749.9999999999999,363.1257819276473,363125.7819276473,490.79947130334875,2.1806138841407305,True
1,4,4.0,0.3236842105263158,0.4031931687193361,0.07950895819302028,0.1815628909638235,0.03631257819276469,1.3165970985085866,1.3165970985085866,21.517798464145315,1084.0621523596908,218.90299530479763,280.0077188599201,749.9999999999999,363.1257819276469,363125.78192764695,560.0154377198402,2.558281292314352,True
1,5,4.0,0.40210526315789474,0.4684889601870832,0.06638369702918845,0.1815628909638235,0.03631257819276469,2.0318394077891946,2.0318394077891946,17.640520710330176,565.0388433665784,216.42468894811597,309.0752222766766,750.0000000000001,363.1257819276478,363125.78192764777,618.1504445533532,2.856191904711684,True
1,6,4.0,0.4805263157894737,0.5373069916947849,0.05678067590531122,0.1815628909638235,0.03631257819276469,2.9016445946373297,2.9016445946373297,14.924240956133877,336.283405869466,215.8324088221568,333.7774846333711,750.0,363.12578192764647,363125.7819276465,667.5549692667422,3.092932024943479,True
1,7,4.0,0.5589473684210526,0.6084533045540262,0.049505936132973605,0.1815628909638235,0.03631257819276469,3.926012659052993,3.926012659052993,12.92092906531786,218.47808600321284,216.36380303694605,354.99122738904754,750.0000000000003,363.12578192764573,363125.78192764573,709.9824547780951,3.281428985868118,True
1,8,4.0,0.6373684210526316,0.6811987722486141,0.04383035119598255,0.1815628909638235,0.03631257819276469,5.104943601036185,5.104943601036185,11.38525509367087,151.03616369366688,217.65237084564524,373.3846610117019,750.0,363.1257819276456,363125.7819276456,746.7693220234038,3.4310185509212663,True
1,9,4.0,0.7157894736842105,0.755081342502259,0.03929186881804847,0.1815628909638235,0.03631257819276469,6.438437420586904,6.438437420586904,10.172067901136046,109.35783535661159,219.502750244304,389.47252860342354,750.0000000000005,363.12578192764477,363125.78192764474,778.9450572068471,3.5486801707035123,True
1,10,4.0,0.7942105263157895,0.8297973386729425,0.035586812357153,0.1815628909638235,0.03631257819276469,7.926494117705152,7.926494117705152,9.190249169814289,82.06832179609597,221.8011809381029,403.65538523251695,750.0000000000001,363.1257819276461,363125.7819276461,807.3107704650339,3.639794734412738,True
1,11,4.0,0.8726315789473684,0.9051403955929003,0.032508816645531846,0.1815628909638235,0.03631257819276469,9.569113692390927,9.569113692390927,8.379839090885083,63.37336054165199,224.4759380234091,416.2482590123568,749.9999999999999,363.1257819276463,363125.7819276463,832.4965180247136,3.708622515870267,True
1,12,4.0,0.9510526315789474,0.9809660397746375,0.029913408195690105,0.1815628909638235,0.03631257819276469,11.366296144644231,11.366296144644231,7.699831731601012,50.09184273040769,227.47837416643236,427.5015940762834,749.9999999999998,363.12578192765153,363125.78192765155,855.0031881525668,3.75861306062884,True
1,13,4.0,1.0294736842105263,1.0571704354738118,0.027696751263285524,0.1815628909638235,0.03631257819276469,13.318041474465062,13.318041474465062,7.1212683600997675,40.36991962769361,230.77322605027885,437.6165945734916,750.0000000000003,363.12578192765227,363125.78192765225,875.2331891469832,3.7926114919253897,True
1,14,4.0,1.1078947368421053,1.133677207621434,0.025782470779328825,0.1815628909638235,0.03631257819276469,15.424349681853423,15.424349681853423,6.623134567382774,33.073334185242565,234.33338751905995,446.756534390006,750.0,363.125781927658,363125.781927658,893.513068780012,3.812999411820206,True
1,15,4.0,1.1863157894736842,1.210429021261662,0.02411323178797775,0.1815628909638235,0.03631257819276469,17.68522076680931,17.68522076680931,6.189821377505197,27.479432032090827,238.1369644395126,455.0551630941906,750.0000000000002,363.12578192764283,363125.7819276428,910.1103261883812,3.821793598194419,True
1,16,4.0,1.2647368421052632,1.2873820501064506,0.02264520800118741,0.1815628909638235,0.03631257819276469,20.100654729332724,20.100654729332724,5.809498363141506,23.11177440664381,242.16555250198257,462.6230136623306,750.0000000000001,363.1257819276426,363125.7819276426,925.2460273246612,3.8207169342018052,True
1,17,4.0,1.343157894736842,1.36450225113475,0.021344356397907882,0.1815628909638235,0.03631257819276469,22.67065156942367,22.67065156942367,5.4730392028194474,19.646910207182714,246.4031972421644,469.55218344168145,749.9999999999998,363.12578192765653,363125.78192765656,939.1043668833629,3.8112507361680605,True
1,18,4.0,1.421578947368421,1.4417627983683734,0.020183850999952346,0.1815628909638235,0.03631257819276469,25.395211287082137,25.395211287082137,5.173293112105305,16.85960488762561,250.83574751067897,475.91999449223243,750.0,363.12578192765363,363125.78192765365,951.8399889844649,3.7946743972126287,True
1,19,4.0,1.5,1.5191422787737476,0.019142278773747634,0.1815628909638235,0.03631257819276469,28.274333882308138,28.274333882308138,4.904579181482276,14.589493952682204,255.45044218861815,481.7918235830357,749.9999999999999,363.12578192765585,363125.78192765586,963.5836471660714,3.7720962191742284,True
2,0,4.0,0.01,0.33118352361763015,0.32118352361763014,0.34426365963549416,0.06885273192709881,0.0012566370614359172,0.0012566370614359172,60.236566733754614,206196575068.92917,149.94205912940677,149.9348684514545,44.94975235269302,688.5273192709877,688527.3192709878,299.869736902909,1.999904087245513,True
2,1,4.0,0.08842105263157894,0.3426380143303802,0.25421696169880126,0.34426365963549416,0.06885273192709881,0.09824743607193163,0.09824743607193163,52.329527219623344,177159.25314952247,164.86116315995062,164.869335096422,378.97007639424174,688.5273192709881,688527.3192709881,329.738670192844,2.0000991371929535,True
2,2,4.0,0.1668421052631579,0.37070043755629967,0.20385833229314176,0.34426365963549416,0.06885273192709881,0.3498011126499554,0.3498011126499554,45.71860293681893,4412.10742930413,180.14238266816855,180.15114818855503,680.6490397374345,688.527319270988,688527.319270988,360.30229637711005,2.0000973176912247,True
2,3,4.0,0.24526315789473685,0.4119909500660033,0.16672779217126643,0.34426365963549416,0.06885273192709881,0.7559176667955071,0.7559176667955071,35.796321771964045,899.8150209070809,173.18819049680192,210.09004165688162,750.0,688.5273192709881,688527.3192709881,420.18008331376325,2.4261474301939905,True
2,4,4.0,0.3236842105263158,0.4629837950294089,0.1392995845030931,0.34426365963549416,0.06885273192709881,1.3165970985085866,1.3165970985085866,28.481621759692658,353.1723263302639,165.85192946451232,240.412853675899,750.0000000000003,688.5273192709885,688527.3192709886,480.825707351798,2.8991264009061846,True
2,5,4.0,0.40210526315789474,0.5208369888699047,0.11873172571200996,0.34426365963549416,0.06885273192709881,2.0318394077891946,2.0318394077891946,23.591962693730537,176.63127944308235,162.29391387338086,266.7792631700306,750.0,688.5273192709884,688527.3192709885,533.5585263400612,3.287606501105982,True
2,6,4.0,0.4805263157894737,0.5835135529548515,0.10298723716537783,0.34426365963549416,0.06885273192709881,2.9016445946373297,2.9016445946373297,20.099427017961442,102.22090891290974,160.72101371925947,289.9203985329511,750.0000000000001,688.52731927099,688527.31927099,579.8407970659022,3.6077472612183934,True
2,7,4.0,0.5589473684210526,0.6496188782514016,0.090671509830349,0.34426365963549416,0.06885273192709881,3.926012659052993,3.926012659052993,17.486404782559443,65.1299495689758,160.330200619885,310.3692775738072,750.0000000000001,688.5273192709865,688527.3192709865,620.7385551476144,3.8716258867490443,True
2,8,4.0,0.6373684210526316,0.7182068159457372,0.08083839489310563,0.34426365963549416,0.06885273192709881,5.104943601036185,5.104943601036185,15.46194525589349,44.40127934062893,160.7174136047012,328.54742123857005,750.0000000000002,688.5273192709848,688527.3192709847,657.0948424771401,4.088510558621379,True
2,9,4.0,0.7157894736842105,0.7886298859115779,0.07284041222736737,0.34426365963549416,0.06885273192709881,6.438437420586904,6.438437420586904,13.849819240943564,31.820755463609224,161.66068922292106,344.7970651701057,749.9999999999999,688.5273192709874,688527.3192709874,689.5941303402114,4.2656884221822144,True
2,10,4.0,0.7942105263157895,0.8604376133262612,0.06622708701047175,0.34426365963549416,0.06885273192709881,7.926494117705152,7.926494117705152,12.53720042310386,23.69640278589717,163.02889204521026,359.3988090264119,750.0,688.52731927099,688527.31927099,718.7976180528239,4.409019830997139,True
2,11,4.0,0.8726315789473684,0.9333104515068749,0.060678872559506436,0.34426365963549416,0.06885273192709881,9.569113692390927,9.569113692390927,11.448638708844303,18.190056741245172,164.7394173697157,372.5840413849849,749.9999999999999,688.5273192709909,688527.3192709909,745.1680827699698,4.523313816860416,True
2,12,4.0,0.9510526315789474,1.007017196650102,0.05596456507115466,0.34426365963549416,0.06885273192709881,11.366296144644231,11.366296144644231,10.531854539576377,14.311084206960784,166.73709488252268,384.54455763641334,749.9999999999997,688.5273192709899,688527.3192709899,769.0891152728267,4.612585554610393,True
2,13,4.0,1.0294736842105263,1.081387346327755,0.0519136621172287,0.34426365963549416,0.06885273192709881,13.318041474465062,13.318041474465062,9.749532018091097,11.49085154793783,168.98302889345374,395.44018903170485,750.0,688.5273192709811,688527.3192709811,790.8803780634097,4.680235543428869,True
2,14,4.0,1.1078947368421053,1.156292901577376,0.0483981647352707,0.34426365963549416,0.06885273192709881,15.424349681853423,15.424349681853423,9.074354859087375,9.385756020465177,171.4484011996236,405.4048763404867,750.0000000000003,688.5273192709855,688527.3192709854,810.8097526809734,4.729176516128128,True
2,15,4.0,1.1863157894736842,1.2316361795069029,0.04532039003321864,0.34426365963549416,0.06885273192709881,17.68522076680931,17.68522076680931,8.485886633762496,7.779135139541607,174.11088602444795,414.5515044898307,750.0,688.5273192709825,688527.3192709825,829.1030089796614,4.761925161090973,True
2,16,4.0,1.2647368421052632,1.3073415032401376,0.04260466113487449,0.34426365963549416,0.06885273192709881,20.100654729332724,20.100654729332724,7.968545087764289,6.52937612936228,176.95250190630773,422.97575311670465,750.0000000000001,688.5273192709896,688527.3192709895,845.9515062334093,4.780669937525501,True
2,17,4.0,1.343157894736842,1.3833494339861117,0.04019153924926955,0.34426365963549416,0.06885273192709881,22.67065156942367,22.67065156942367,7.510249179395926,5.541037764369866,179.9582843183363,430.75916967229523,750.0000000000002,688.527319270994,688527.3192709939,861.5183393445905,4.787322476472447,True
2,18,4.0,1.421578947368421,1.4596126986008642,0.038033751232443125,0.34426365963549416,0.06885273192709881,25.395211287082137,25.395211287082137,7.1014927941593475,4.74807021114308,183.11544235173554,437.9716302854469,750.0,688.5273192709828,688527.3192709829,875.9432605708938,4.783557570684544,True
2,19,4.0,1.5,1.536093267453441,0.0360932674534411,0.34426365963549416,0.06885273192709881,28.274333882308138,28.274333882308138,6.734696544783058,4.103695257159914,186.41280888519063,444.6733187821782,750.0,688.5273192710025,688527.3192710025,889.3466375643565,4.770845109211858,True
3,0,4.0,0.01,0.40183552540023654,0.39183552540023653,0.5069644283071648,0.10139288566143294,0.0012566370614359172,0.0012566370614359172,67.6642697071672,129504450822.87823,138.35633172110127,138.36497715396365,46.49166820609821,1013.9288566143292,1013928.8566143293,276.7299543079273,2.0001249734327997,True
3,1,4.0,0.08842105263157894,0.4113272079770077,0.32290615534542877,0.5069644283071648,0.10139288566143294,0.09824743607193163,0.09824743607193163,60.28180455568552,100601.88229843839,149.86682615453768,149.85793053354863,395.9241440540048,1013.9288566143294,1013928.8566143295,299.71586106709725,1.9998812863231001,True
3,2,4.0,0.1668421052631579,0.4349805484873166,0.2681384432241587,0.5069644283071648,0.10139288566143294,0.3498011126499554,0.3498011126499554,53.85656256648522,2291.2018877550927,161.74354671400306,161.7339752698883,718.0984339284074,1013.9288566143292,1013928.8566143293,323.4679505397766,1.9998816466646216,True
3,3,4.0,0.24526315789473685,0.4706652803151968,0.22540212242045993,0.5069644283071648,0.10139288566143294,0.7559176667955071,0.7559176667955071,41.62108565068513,492.32652514743063,149.3462997348195,191.3081357294259,750.0,1013.9288566143293,1013928.8566143294,382.6162714588518,2.561940082467583,True
3,4,4.0,0.3236842105263158,0.5158907419383764,0.19220653141206057,0.5069644283071648,0.10139288566143294,1.3165970985085866,1.3165970985085866,33.45598916679031,185.5026103263429,141.57852276758007,218.84101869976914,750.0000000000002,1013.9288566143294,1013928.8566143295,437.6820373995383,3.0914437362653615,True
3,5,4.0,0.40210526315789474,0.5683840533767321,0.1662787902188374,0.5069644283071648,0.10139288566143294,2.0318394077891946,2.0318394077891946,27.91895191787596,90.05907103424941,137.521690988545,243.15322787319366,750.0000000000001,1013.9288566143288,1013928.8566143288,486.3064557463873,3.5362163761271277,True
3,6,4.0,0.4805263157894737,0.6263204688016265,0.14579415301215282,0.5069644283071648,0.10139288566143294,2.9016445946373297,2.9016445946373297,23.914539740542896,51.00659571766569,135.45758059731148,264.84406412796767,749.9999999999999,1013.9288566143316,1013928.8566143316,529.6881282559353,3.9103616491615414,True
3,7,4.0,0.5589473684210526,0.6883269209746951,0.12937955255364242,0.5069644283071648,0.10139288566143294,3.926012659052993,3.926012659052993,20.88805133089588,31.988299032536002,134.59287855796865,284.31549267951715,750.0000000000003,1013.9288566143272,1013928.8566143272,568.6309853590343,4.224822230205345,True
3,8,4.0,0.6373684210526316,0.7533991595620536,0.11603073850942203,0.5069644283071648,0.10139288566143294,5.104943601036185,5.104943601036185,18.52430055064727,21.551858856253787,134.5169727258369,301.8773784304189,750.0000000000006,1013.9288566143289,1013928.8566143289,603.7547568608378,4.488316564270061,True
3,9,4.0,0.7157894736842105,0.8208083577247512,0.10501888404054072,0.5069644283071648,0.10139288566143294,6.438437420586904,6.438437420586904,16.6299754216276,15.308071354752073,134.99907623903772,317.78331532699275,750.0000000000001,1013.9288566143322,1013928.8566143322,635.5666306539855,4.707933182658316,True
3,10,4.0,0.7942105263157895,0.8900236792268437,0.09581315291105419,0.5069644283071648,0.10139288566143294,7.926494117705152,7.926494117705152,15.079790497922758,11.321486840480823,135.90061976865923,332.24577936983974,750.0,1013.928856614333,1013928.856614333,664.4915587396795,4.889540311669141,True
3,11,4.0,0.8726315789473684,0.9606548089974158,0.08802323005004742,0.5069644283071648,0.10139288566143294,9.569113692390927,9.569113692390927,13.789031048085944,8.643994007053111,137.13353924944673,345.4445192610379,750.0000000000001,1013.9288566143332,1013928.8566143332,690.8890385220758,5.038074874340875,True
3,12,4.0,0.9510526315789474,1.032411205628322,0.08135857404937452,0.5069644283071648,0.10139288566143294,11.366296144644231,11.366296144644231,12.698427677762412,6.771613259016375,138.63893156151047,357.5323540413985,750.0,1013.9288566143339,1013928.8566143339,715.064708082797,5.157748260383422,True
3,13,4.0,1.0294736842105263,1.1050736880207033,0.07560000381017695,0.5069644283071648,0.10139288566143294,13.318041474465062,13.318041474465062,11.765322752902456,5.418410591278623,140.37549847700177,368.6396838882628,750.0000000000001,1013.9288566143339,1013928.8566143339,737.2793677765256,5.252194120595175,True
3,14,4.0,1.1078947368421053,1.1784746655724603,0.07057992873035501,0.5069644283071648,0.10139288566143294,15.424349681853423,15.424349681853423,10.958268054392695,4.413311853164047,142.31299519185328,378.8781664518223,749.9999999999999,1013.9288566143352,1013928.8566143352,757.7563329036446,5.324575818828824,True
3,15,4.0,1.1863157894736842,1.252484308016773,0.0661685185430887,0.5069644283071648,0.10139288566143294,17.68522076680931,17.68522076680931,10.25359387294007,3.6493521322831652,144.42836954998765,388.34375540770753,749.9999999999999,1013.928856614324,1013928.856614324,776.6875108154151,5.377665850798088,True
3,16,4.0,1.2647368421052632,1.3270007796727465,0.062263937567483385,0.5069644283071648,0.10139288566143294,20.100654729332724,20.100654729332724,9.633159865299247,3.0571218849277484,146.70340990436864,397.119218762271,750.0000000000002,1013.928856614321,1013928.856614321,794.238437524542,5.413905771122028,True
3,17,4.0,1.343157894736842,1.4019432654952875,0.058785370758445366,0.5069644283071648,0.10139288566143294,22.67065156942367,22.67065156942367,9.08283987292455,2.5901318059156533,149.1232695663199,405.27622569686787,749.9999999999998,1013.9288566143325,1013928.8566143325,810.5524513937357,5.435452520260475,True
3,18,4.0,1.421578947368421,1.4772469302979756,0.05566798292955455,0.5069644283071648,0.10139288566143294,25.395211287082137,25.395211287082137,8.591476620610882,2.216381338031934,151.67551646421455,412.8770756321782,749.9999999999999,1013.9288566143149,1013928.856614315,825.7541512643564,5.444215193815939,True
3,19,4.0,1.5,1.5528592304113351,0.05285923041133511,0.5069644283071648,0.10139288566143294,28.274333882308138,28.274333882308138,8.150145273175456,1.913312152563335,154.34950597957555,419.97613179054537,750.0,1013.9288566143335,1013928.8566143336,839.9522635810907,5.441885014469941,True
4,0,4.0,0.01,0.461801962567916,0.451801962567916,0.6696651969788355,0.1339330393957671,0.0012566370614359172,0.0012566370614359172,73.48333687757585,93103672577.09966,130.58725968394307,130.57845252293524,47.5542970162309,1339.3303939576708,1339330.3939576708,261.1569050458705,1.999865114544418,True
4,1,4.0,0.08842105263157894,0.470084391551193,0.38166333891961407,0.6696651969788355,0.1339330393957671,0.09824743607193163,0.09824743607193163,66.45651382383865,68108.42912318035,140.10303001750543,140.1113625855173,407.10879650269305,1339.3303939576708,1339330.3939576708,280.2227251710346,2.0001189491477924,True
4,2,4.0,0.1668421052631579,0.4909147998586125,0.3240726945954546,0.6696651969788355,0.1339330393957671,0.3498011126499554,0.3498011126499554,60.20773362240653,1466.9278828168792,149.97504305131352,149.98395153065465,742.5537923134435,1339.3303939576713,1339330.3939576712,299.9679030613093,2.000118799490367,True
4,3,4.0,0.24526315789473685,0.5227954372907988,0.27753227939606195,0.6696651969788355,0.1339330393957671,0.7559176667955071,0.7559176667955071,46.183958576771396,324.74481971790965,134.9365852913869,178.9735754202878,750.0000000000002,1339.3303939576715,1339330.3939576715,357.9471508405756,2.6527064551664155,True
4,4,4.0,0.3236842105263158,0.5638550529840299,0.24017084245771414,0.6696651969788355,0.1339330393957671,1.3165970985085866,1.3165970985085866,37.39813498827266,118.80801643977172,126.98992771140792,204.53001322914463,750.0000000000002,1339.3303939576715,1339330.3939576715,409.06002645828926,3.221200561574476,True
4,5,4.0,0.40210526315789474,0.6122497001149602,0.21014443695706542,0.6696651969788355,0.1339330393957671,2.0318394077891946,2.0318394077891946,31.386264587713985,56.385233045172036,122.65887975007972,227.27974942510133,750.0000000000001,1339.3303939576708,1339330.3939576708,454.55949885020266,3.7058833390324293,True
4,6,4.0,0.4805263157894737,0.6663832176741727,0.18585690188469906,0.6696651969788355,0.1339330393957671,2.9016445946373297,2.9016445946373297,27.0010914639055,31.386953667732726,120.29858444206774,247.77428376206203,750.0000000000002,1339.3303939576701,1339330.39395767,495.54856752412405,4.119321684643477,True
4,7,4.0,0.5589473684210526,0.7249711810109413,0.16602381258988863,0.6696651969788355,0.1339330393957671,3.926012659052993,3.926012659052993,23.661937073106092,19.425923371367727,119.13645355937761,266.35683567244996,750.0000000000002,1339.3303939576701,1339330.39395767,532.7136713448999,4.471458192931649,True
4,8,4.0,0.6373684210526316,0.787019413220985,0.14965099216835342,0.6696651969788355,0.1339330393957671,5.104943601036185,5.104943601036185,21.037546586051665,12.95602108272405,118.76530224744018,283.27972174976395,750.0000000000001,1339.330393957671,1339330.393957671,566.5594434995279,4.770412172396415,True
4,9,4.0,0.7157894736842105,0.8517720488890781,0.13598257520486756,0.6696651969788355,0.1339330393957671,6.438437420586904,6.438437420586904,18.92341608064033,9.130377899742403,118.95247107786905,298.7460132210297,750.0000000000002,1339.3303939576722,1339330.3939576722,597.4920264420595,5.022947577532268,True
4,10,4.0,0.7942105263157895,0.9186573968255969,0.1244468705098074,0.6696651969788355,0.1339330393957671,7.926494117705152,7.926494117705152,17.18599701495548,6.710977300713603,119.55639621230374,312.92625410294295,750.0000000000001,1339.3303939576754,1339330.3939576754,625.8525082058859,5.234789003630727,True
4,11,4.0,0.8726315789473684,0.9872420803469412,0.11461050139957274,0.6696651969788355,0.1339330393957671,9.569113692390927,9.569113692390927,15.734295605776316,5.098709097948095,120.48626941981077,325.9663905180077,750.0000000000002,1339.3303939576729,1339330.3939576729,651.9327810360154,5.410847096315046,True
4,12,4.0,0.9510526315789474,1.0571954221736017,0.10614279059465437,0.6696651969788355,0.1339330393957671,11.366296144644231,11.366296144644231,14.50419187783691,3.978485688944138,121.68105193488681,337.9923868414567,750.0000000000002,1339.3303939576701,1339330.39395767,675.9847736829134,5.555382394661103,True
4,13,4.0,1.0294736842105263,1.1282628767772045,0.09878919256667817,0.6696651969788355,0.1339330393957671,13.318041474465062,13.318041474465062,13.449237247523126,3.1731943667510434,123.097926179385,349.1134465536358,750.0,1339.3303939576647,1339330.3939576647,698.2268931072716,5.67212555709328,True
4,14,4.0,1.1078947368421053,1.2002465582346058,0.09235182139250053,0.6696651969788355,0.1339330393957671,15.424349681853423,15.424349681853423,12.53499152047785,2.5777222324451152,124.70564785431644,359.4245291624061,749.9999999999999,1339.3303939576788,1339330.3939576787,718.8490583248122,5.76436649577079,True
4,15,4.0,1.1863157894736842,1.272991046703059,0.08667525722937475,0.6696651969788355,0.1339330393957671,17.68522076680931,17.68522076680931,11.735402126290438,2.126808147383229,126.48057276716189,369.0084266128168,750.0000000000003,1339.3303939576667,1339330.3939576668,738.0168532256336,5.8350214351436325,True
4,16,4.0,1.2647368421052632,1.3463730286996884,0.08163618659442529,0.6696651969788355,0.1339330393957671,20.100654729332724,20.100654729332724,11.030414470002372,1.7783633465548527,128.40420487100278,377.9375130218091,750.0000000000001,1339.3303939576695,1339330.3939576694,755.8750260436182,5.88668437145796,True
4,17,4.0,1.343157894736842,1.420293695974704,0.07713580123786179,0.6696651969788355,0.1339330393957671,22.67065156942367,22.67065156942367,10.404351705284096,1.5043482946562063,130.46163998225492,386.27522897555946,749.9999999999999,1339.330393957677,1339330.393957677,772.5504579511189,5.921667534274437,True
4,18,4.0,1.421578947368421,1.4946731268851685,0.07309417951674746,0.6696651969788355,0.1339330393957671,25.395211287082137,25.395211287082137,9.844790250939848,1.2855526398640245,132.64055278188155,394.07734223517537,750.0000000000005,1339.3303939576613,1339330.3939576612,788.1546844703507,5.942034075856258,True
4,19,4.0,1.5,1.569446097396014,0.06944609739601404,0.6696651969788355,0.1339330393957671,28.274333882308138,28.274333882308138,9.341763204016658,1.1084900815667622,134.93052197844787,401.393018286673,750.0,1339.3303939576585,1339330.3939576584,802.786036573346,5.949625220464004,True
5,0,4.0,0.01,0.5148303757447433,0.5048303757447433,0.8323659656505062,0.1664731931301012,0.0012566370614359172,0.0012566370614359172,78.30871108730639,72190821989.19365,124.8049422025301,124.81311421111907,48.3320051761892,1664.7319313010119,1664731.931301012,249.62622842223814,2.0001309564900995,True
5,1,4.0,0.08842105263157894,0.5222725326282727,0.4338514799966937,0.8323659656505062,0.1664731931301012,0.09824743607193163,0.09824743607193163,71.57183793933912,50627.02473823495,133.03541511261875,133.0281265805547,415.3929080025406,1664.7319313010116,1664731.9313010117,266.0562531611094,1.999890427191017,True
5,2,4.0,0.1668421052631579,0.541097591824355,0.3742554865611971,0.8323659656505062,0.1664731931301012,0.3498011126499554,0.3498011126499554,65.02521829038604,1078.1783489758034,140.59128328499477,142.24488238070043,749.9999999999999,1664.7319313010123,1664731.9313010124,284.48976476140086,2.0235234938762687,True
5,3,4.0,0.24526315789473685,0.5701792107837432,0.3249160528890064,0.8323659656505062,0.1664731931301012,0.7559176667955071,0.7559176667955071,49.97122409415106,236.9337344681216,125.02128178869668,169.9838741403161,750.0,1664.7319313010114,1664731.9313010115,339.9677482806322,2.719279017273434,True
5,4,4.0,0.3236842105263158,0.6080475178253077,0.28436330729899195,0.8323659656505062,0.1664731931301012,1.3165970985085866,1.3165970985085866,40.69364409658384,84.74990006729129,117.00641941081501,194.048803009512,749.9999999999999,1664.7319313010125,1664731.9313010126,388.097606019024,3.3168915686274882,True
5,5,4.0,0.40210526315789474,0.6531760547117089,0.2510707915538142,0.8323659656505062,0.1664731931301012,2.0318394077891946,2.0318394077891946,34.306686873472266,39.50106377588457,112.51180714075142,215.56860418212474,750.0000000000002,1664.7319313010132,1664731.9313010133,431.1372083642495,3.831928571060103,True
5,6,4.0,0.4805263157894737,0.7041703316355202,0.22364401584604654,0.8323659656505062,0.1664731931301012,2.9016445946373297,2.9016445946373297,29.61901517660978,21.676641205529624,109.95614444208803,235.07555569076314,750.0,1664.7319313010114,1664731.9313010115,470.1511113815263,4.275805720244644,True
5,7,4.0,0.5589473684210526,0.7598502987130383,0.2009029302919857,0.8323659656505062,0.1664731931301012,3.926012659052993,3.926012659052993,26.029045301680032,13.266302454455843,108.58896790026557,252.88401197797572,750.0000000000001,1664.7319313010128,1664731.9313010129,505.76802395595143,4.65763726956571,True
5,8,4.0,0.6373684210526316,0.81926114270396,0.18189272165132842,0.8323659656505062,0.1664731931301012,5.104943601036185,5.104943601036185,23.19332165995918,8.770012339052148,108.00996329920324,269.2142194521499,749.9999999999999,1664.731931301011,1664731.931301011,538.4284389042998,4.984988629361673,True
5,9,4.0,0.7157894736842105,0.8816489587282417,0.16585948504403114,0.8323659656505062,0.1664731931301012,6.438437420586904,6.438437420586904,20.899123104782948,6.137261815471595,107.98765027551144,284.238496866011,750.0000000000001,1664.7319313010073,1664731.9313010073,568.476993732022,5.264277834378777,True
5,10,4.0,0.7942105263157895,0.9464252088254396,0.1522146825096501,0.8323659656505062,0.1664731931301012,7.926494117705152,7.926494117705152,19.006887982893396,4.485807545455104,108.37969441338002,298.1001138307311,750.0000000000001,1664.7319313010132,1664731.9313010133,596.2002276614622,5.501032558621593,True
5,11,4.0,0.8726315789473684,1.0131318711627084,0.14050029221534,0.8323659656505062,0.1664731931301012,9.569113692390927,9.569113692390927,17.421025347771845,3.3927714460915803,109.09403829988783,310.9218510129092,750.0000000000001,1664.7319313010094,1664731.9313010094,621.8437020258184,5.7000704320472275,True
5,12,4.0,0.9510526315789474,1.0814117734807194,0.130359141901772,0.8323659656505062,0.1664731931301012,11.366296144644231,11.366296144644231,16.073817468592686,2.6376418023399606,110.06846374246525,322.81046792217035,750.0000000000003,1664.7319313010098,1664731.9313010098,645.6209358443407,5.865630480270392,True
5,13,4.0,1.0294736842105263,1.1509849617920593,0.12151127758153302,0.8323659656505062,0.1664731931301012,13.318041474465062,13.318041474465062,14.915960697020159,2.0974053530053913,111.25921594298856,333.8594560396635,750.0000000000003,1664.7319313010207,1664731.9313010208,667.718912079327,6.00147058758242,True
5,14,4.0,1.1078947368421053,1.2216304939350162,0.11373575709291095,0.8323659656505062,0.1664731931301012,15.424349681853423,15.424349681853423,13.910726864285726,1.6995463056758529,112.63437974556405,344.15100682272197,750.0000000000001,1664.731931301024,1664731.9313010238,688.3020136454439,6.110940684365528,True
5,15,4.0,1.1863157894736842,1.2931726366359768,0.1068568471622926,0.8323659656505062,0.1664731931301012,17.68522076680931,17.68522076680931,13.030215075490883,1.399309819019116,114.16987735937168,353.75756592354884,750.0000000000001,1664.7319313010196,1664731.9313010196,707.5151318470977,6.197038555275465,True
5,16,4.0,1.2647368421052632,1.3654704667505142,0.10073362464525104,0.8323659656505062,0.1664731931301012,20.100654729332724,20.100654729332724,12.252866655278321,1.1679842744066409,115.84697296256752,362.7431278073513,750.0,1664.7319313010078,1664731.9313010077,725.4862556147026,6.262453278335738,True
5,17,4.0,1.343157894736842,1.4384100409769738,0.09525214624013167,0.8323659656505062,0.1664731931301012,22.67065156942367,22.67065156942367,11.561772299696425,0.9865312527997019,117.65067374344508,371.16434037323006,749.9999999999997,1664.7319313010182,1664731.9313010182,742.3286807464601,6.309599912408653,True
5,18,4.0,1.421578947368421,1.5118984818401602,0.09031953447173913,0.8323659656505062,0.1664731931301012,25.395211287082137,25.395211287082137,10.943491757683336,0.8419611925703875,119.56868005123182,379.0714562083458,750.0,1664.7319313010116,1664731.9313010117,758.1429124166916,6.340648003238378,True
5,19,4.0,1.5,1.5858594880346346,0.08585948803463461,0.8323659656505062,0.1664731931301012,28.274333882308138,28.274333882308138,10.38721400281305,0.7251885069659912,121.59068052921045,386.50915401838483,749.9999999999997,1664.7319313010134,1664731.9313010133,773.0183080367697,6.357545698998394,True
6,0,4.0,0.01,0.5628850494971139,0.5528850494971139,0.9950667343221768,0.19901334686443534,0.0012566370614359172,0.0012566370614359172,82.47652488635646,58667944804.06677,120.2709894170687,120.26388259395483,48.953754055619505,1990.1334686443538,1990133.4686443538,240.52776518790967,1.9998818198279016,True
6,1,4.0,0.08842105263157894,0.5696997994521719,0.4812787468205929,0.9950667343221768,0.19901334686443534,0.09824743607193163,0.09824743607193163,75.95883391659348,39905.97524425466,127.55796953942453,127.54931933147301,421.77002891334,1990.133468644353,1990133.4686443529,255.09863866294603,1.9998643721284879,True
6,2,4.0,0.1668421052631579,0.5870058492349213,0.42016374397176337,0.9950667343221768,0.19901334686443534,0.3498011126499554,0.3498011126499554,68.89806391033328,855.4405034631263,132.99868597573524,136.62962637194568,750.0000000000001,1990.1334686443533,1990133.4686443533,273.25925274389135,2.0546011469146825,True
6,3,4.0,0.24526315789473685,0.6139166031049063,0.3686534452101694,0.9950667343221768,0.19901334686443534,0.7559176667955071,0.7559176667955071,53.22841719254552,184.04865301645702,117.65723710884727,163.0076976474003,750.0000000000002,1990.133468644353,1990133.4686443529,326.0153952948006,2.7708911351810572,True
6,4,4.0,0.3236842105263158,0.6492388213064686,0.3255546107801528,0.9950667343221768,0.19901334686443534,1.3165970985085866,1.3165970985085866,43.54133387810247,64.66043276398867,109.62899475660517,185.89552063192414,750.0,1990.1334686443531,1990133.468644353,371.7910412638483,3.3913568403075027,True
6,5,4.0,0.40210526315789474,0.6916850595514177,0.28957979639352294,0.9950667343221768,0.19901334686443534,2.0318394077891946,2.0318394077891946,36.84383357718613,29.6937233646766,105.0326413046802,206.4170786405221,750.0000000000001,1990.1334686443536,1990133.4686443536,412.8341572810442,3.930531996081951,True
6,6,4.0,0.4805263157894737,0.7400304852596097,0.259504169470136,0.9950667343221768,0.19901334686443534,2.9016445946373297,2.9016445946373297,31.905396291299798,16.099703320258193,102.34091093191641,225.09641224710458,749.9999999999999,1990.133468644351,1990133.468644351,450.19282449420916,4.398952680748617,True
6,7,4.0,0.5589473684210526,0.7931971631392716,0.23424979471821894,0.9950667343221768,0.19901334686443534,3.926012659052993,3.926012659052993,28.106367022641003,9.758071567218947,100.8241996559252,242.23285219872452,750.0000000000005,1990.1334686443515,1990133.4686443515,484.46570439744903,4.805053807029929,True
6,8,4.0,0.6373684210526316,0.8502811788476169,0.2129127577949853,0.9950667343221768,0.19901334686443534,5.104943601036185,5.104943601036185,25.093204911694112,6.4007000614874645,100.09008356731586,258.02781581972135,750.0,1990.133468644354,1990133.468644354,516.0556316394427,5.155911687218925,True
6,9,4.0,0.7157894736842105,0.9105460721921146,0.19475659850790406,0.9950667343221768,0.19901334686443534,6.438437420586904,6.438437420586904,22.64665156696732,4.451136516667686,99.9096394414819,272.634034176177,750.0,1990.1334686443486,1990133.4686443487,545.268068352354,5.457612212400417,True
6,10,4.0,0.7942105263157895,0.9734012220344557,0.1791906957186662,0.9950667343221768,0.19901334686443534,7.926494117705152,7.926494117705152,20.62246000212952,3.2368518191256044,100.1409365273988,286.1763281336942,750.0000000000005,1990.1334686443545,1990133.4686443545,572.3526562673884,5.7154713757923705,True
6,11,4.0,0.8726315789473684,1.0383763535075063,0.16574477456013792,0.9950667343221768,0.19901334686443534,9.569113692390927,9.569113692390927,18.921476449835257,2.437975679052941,100.69153602481151,298.7610585273529,749.9999999999999,1990.1334686443543,1990133.4686443543,597.5221170547057,5.934184149375471,True
6,12,4.0,0.9510526315789474,1.1050975916092702,0.15404496003032286,0.9950667343221768,0.19901334686443534,11.366296144644231,11.366296144644231,17.47318329260724,1.8888775958053199,101.49863706818331,310.48084868513985,749.9999999999999,1990.1334686443543,1990133.4686443543,620.9616973702797,6.117931386144021,True
6,13,4.0,1.0294736842105263,1.1732670818826219,0.14379339767209554,0.9950667343221768,0.19901334686443534,13.318041474465062,13.318041474465062,16.22603504546026,1.497744228972568,102.51793659904796,321.41725657066917,750.0,1990.1334686443452,1990133.4686443452,642.8345131413383,6.2704589505687345,True
6,14,4.0,1.1078947368421053,1.2426465011699048,0.13475176432779956,0.9950667343221768,0.19901334686443534,15.424349681853423,15.424349681853423,15.141487488347503,1.2107601743147458,103.71708724648185,331.6425135195985,750.0000000000001,1990.1334686443581,1990133.4686443582,663.285027039197,6.395137432493757,True
6,15,4.0,1.1863157894736842,1.3130440705863375,0.12672828111265333,0.9950667343221768,0.19901334686443534,17.68522076680931,17.68522076680931,14.190156274725561,0.9948818434691129,105.0717104214062,341.220803857141,750.0000000000001,1990.1334686443581,1990133.4686443582,682.441607714282,6.4950080756965445,True
6,16,4.0,1.2647368421052632,1.3843044674946916,0.11956762538942844,0.9950667343221768,0.19901334686443534,20.100654729332724,20.100654729332724,13.349262672883857,0.8290079769474242,106.5628898478665,350.20929039142965,750.0,1990.1334686443563,1990133.4686443564,700.4185807828593,6.572818940841462,True
6,17,4.0,1.343157894736842,1.4563010365790703,0.11314314184222818,0.9950667343221768,0.19901334686443534,22.67065156942367,22.67065156942367,12.600887788824053,0.6992040245681556,108.17555288878111,358.6589771641261,750.0000000000001,1990.1334686443493,1990133.4686443491,717.3179543282522,6.631054200071902,True
6,18,4.0,1.421578947368421,1.5289297833937556,0.10735083602533457,0.9950667343221768,0.19901334686443534,25.395211287082137,25.395211287082137,11.930751096875763,0.5959977134412868,109.89739999318506,366.61545286989787,750.0000000000001,1990.133468644353,1990133.4686443529,733.2309057397957,6.671958624910732,True
6,19,4.0,1.5,1.6021047340755747,0.10210473407557474,0.9950667343221768,0.19901334686443534,28.274333882308138,28.274333882308138,11.327338301093775,0.5127855098844587,111.71818114292327,374.11953811320245,750.0,1990.1334686443572,1990133.4686443573,748.2390762264049,6.697558701471947,True
7,0,4.0,0.01,0.607148122047053,0.597148122047053,1.1577675029938477,0.23155350059876947,0.0012566370614359172,0.0012566370614359172,86.14960493244018,49284360920.9029,116.55374136337177,116.5454079413852,49.4520898726894,2315.5350059876946,2315535.0059876945,233.0908158827704,1.9998570029260478,True
7,1,4.0,0.08842105263157894,0.6134713723180077,0.5250503196864288,1.1577675029938477,0.23155350059876947,0.09824743607193163,0.09824743607193163,79.81168429346491,32740.49046822832,123.12248224036553,123.12956059409184,426.8230312435442,2315.535005987694,2315535.005987694,246.25912118818368,2.0001149806858587,True
7,2,4.0,0.1668421052631579,0.629575357041479,0.46273325177832114,1.1577675029938477,0.23155350059876947,0.3498011126499554,0.3498011126499554,72.30412674952657,705.2864503240799,127.02436782063063,132.07780760290098,750.0000000000001,2315.535005987695,2315535.005987695,264.15561520580195,2.0795664622304004,True
7,3,4.0,0.24526315789473685,0.654738771362871,0.4094756134681341,1.1577675029938477,0.23155350059876947,0.7559176667955071,0.7559176667955071,56.098135199799394,149.1808758885784,111.90531357104575,157.3615881530484,750.0,2315.535005987694,2315535.005987694,314.7231763060968,2.8124060088200125,True
7,4,4.0,0.3236842105263158,0.6879682479949983,0.36428403746868254,1.1577675029938477,0.23155350059876947,1.3165970985085866,1.3165970985085866,46.05850898606716,51.64235341001758,103.89278737522596,179.28935254229782,750.0000000000001,2315.5350059876937,2315535.0059876936,358.57870508459564,3.4514302113151456,True
7,5,4.0,0.40210526315789474,0.7281603427573785,0.32605507959948377,1.1577675029938477,0.23155350059876947,2.0318394077891946,2.0318394077891946,39.0954456433248,23.421744232565754,99.23208637808428,198.9804246509857,749.9999999999998,2315.535005987694,2315535.005987694,397.9608493019714,4.01040493883904,True
7,6,4.0,0.4805263157894737,0.774231478481383,0.29370516269190927,1.1577675029938477,0.23155350059876947,2.9016445946373297,2.9016445946373297,33.94280768713396,12.56849834145455,96.44206765448553,216.9550902458464,750.0000000000001,2315.5350059876923,2315535.005987692,433.9101804916928,4.499179570125191,True
7,7,4.0,0.5589473684210526,0.8251975537833853,0.2662501853623327,1.1577675029938477,0.23155350059876947,3.926012659052993,3.926012659052993,29.964708903959924,7.553402006803955,94.81206728703724,233.5045614288661,750.0,2315.535005987693,2315535.0059876926,467.0091228577322,4.9256295767066565,True
7,8,4.0,0.6373684210526316,0.8802086947198305,0.24284027366719896,1.1577675029938477,0.23155350059876947,5.104943601036185,5.104943601036185,26.798818492532767,4.920275488605913,93.9576017750547,248.81878634896788,750.0000000000001,2315.535005987693,2315535.0059876926,497.63757269793575,5.296405647829723,True
7,9,4.0,0.7157894736842105,0.9385538944260912,0.22276442074188063,1.1577675029938477,0.23155350059876947,6.438437420586904,6.438437420586904,24.220372701381763,3.402229612675136,93.6528958537172,263.037598131458,750.0,2315.5350059876914,2315535.005987691,526.075196262916,5.617287019983115,True
7,10,4.0,0.7942105263157895,0.9996495396968212,0.20543901338103177,1.1577675029938477,0.23155350059876947,7.926494117705152,7.926494117705152,22.081277847143447,2.462566051350094,93.75705256859086,276.27296786351667,750.0000000000001,2315.5350059876932,2315535.005987693,552.5459357270333,5.893379970779279,True
7,11,4.0,0.8726315789473684,1.0630215024548848,0.19038992350751638,1.1577675029938477,0.23155350059876947,9.569113692390927,9.569113692390927,20.27949231986549,1.8476561019802522,94.17776998622504,288.6193153446968,750.0000000000001,2315.5350059876955,2315535.0059876954,577.2386306893936,6.129245051924926,True
7,12,4.0,0.9510526315789474,1.1282862890855778,0.17723365750663045,1.1577675029938477,0.23155350059876947,11.366296144644231,11.366296144644231,18.74223529003774,1.4269422701563625,94.85204736103968,300.15862236721296,750.0000000000001,2315.535005987692,2315535.0059876917,600.3172447344259,6.328985630108868,True
7,13,4.0,1.0294736842105263,1.1951338454697271,0.1656601612592008,1.1577675029938477,0.23155350059876947,13.318041474465062,13.318041474465062,17.416142788997213,1.1284423760736015,95.73529803558218,310.963204191183,750.0000000000002,2315.5350059876964,2315535.0059876963,621.926408382366,6.496312448426422,True
7,14,4.0,1.1078947368421053,1.2633129422386604,0.15541820539655515,1.1577675029938477,0.23155350059876947,15.424349681853423,15.424349681853423,16.261187476996042,0.9101715742062083,96.79491492034694,321.09739035274305,750.0000000000002,2315.5350059877,2315535.0059877,642.1947807054861,6.63459212949308,True
7,15,4.0,1.1863157894736842,1.3326192233567073,0.14630343388302314,1.1577675029938477,0.23155350059876947,17.68522076680931,17.68522076680931,15.24676357519494,0.746465180730204,98.00632278533897,330.61867394073744,750.0,2315.5350059876987,2315535.0059876987,661.2373478814749,6.746884579373191,True
7,16,4.0,1.2647368421052632,1.4028856410569097,0.13814879895164656,1.1577675029938477,0.23155350059876947,20.100654729332724,20.100654729332724,14.349079223210177,0.621000129641526,99.35047973407138,339.5785827303048,750.0,2315.5350059876982,2315535.005987698,679.1571654606096,6.835972682552619,True
7,17,4.0,1.343157894736842,1.4739748886257082,0.13081699388886614,1.1577675029938477,0.23155350059876947,22.67065156942367,22.67065156942367,13.549370220144485,0.5230365734838439,100.81225313454414,348.0233887952338,750.0,2315.5350059877037,2315535.005987704,696.0467775904676,6.904386678686001,True
7,18,4.0,1.421578947368421,1.5457734457889911,0.12419449842057007,1.1577675029938477,0.23155350059876947,25.395211287082137,25.395211287082137,12.832647028750888,0.4452979951434119,102.37933886536968,355.9947117414286,750.0000000000003,2315.535005987688,2315535.005987688,711.9894234828572,6.954424900312491,True
7,19,4.0,1.5,1.6181868996210738,0.11818689962107376,1.1577675029938477,0.23155350059876947,28.274333882308138,28.274333882308138,12.186797702433886,0.3827267536419879,104.04152668722371,363.5300430597174,750.0,2315.535005987687,2315535.005987687,727.0600861194348,6.988172023899354,True
8,0,4.0,0.01,0.6483965648144335,0.6383965648144335,1.3204682716655183,0.2640936543331036,0.0012566370614359172,0.0012566370614359172,89.43913567475985,42424029456.49001,113.41575975207432,113.42266907241513,49.856844281212894,2640.9365433310363,2640936.5433310363,226.84533814483027,2.0001218405688226,True
8,1,4.0,0.08842105263157894,0.6543213184755899,0.565900265844011,1.3204682716655183,0.2640936543331036,0.09824743607193163,0.09824743607193163,83.26580194177963,27636.586991464013,119.43504523873706,119.44298973187584,431.03174974871195,2640.936543331036,2640936.543331036,238.88597946375168,2.000133034539785,True
8,2,4.0,0.1668421052631579,0.6694433458865662,0.5026012406234083,1.3204682716655183,0.2640936543331036,0.3498011126499554,0.3498011126499554,75.35455492208982,597.832946803759,122.15749292580855,128.2744229075515,750.0000000000001,2640.9365433310372,2640936.5433310373,256.548845815103,2.1001482567337564,True
8,3,4.0,0.24526315789473685,0.693160963906405,0.4478978060116682,1.3204682716655183,0.2640936543331036,0.7559176667955071,0.7559176667955071,58.67105143593589,124.6841838869544,107.2490291292925,152.65204876019513,750.0,2640.936543331035,2640936.543331035,305.30409752039026,2.846684021282238,True
8,4,4.0,0.3236842105263158,0.7246306461965312,0.4009464356702154,1.3204682716655183,0.2640936543331036,1.3165970985085866,1.3165970985085866,48.320673916018706,42.62982933840632,99.26820022844728,173.7768849317006,749.9999999999999,2640.936543331037,2640936.543331037,347.5537698634012,3.5011591734671414,True
8,5,4.0,0.40210526315789474,0.7628936675071027,0.360788404349208,1.3204682716655183,0.2640936543331036,2.0318394077891946,2.0318394077891946,41.12510011586336,19.129165875306885,94.56704320335362,192.7631353556624,750.0,2640.9365433310363,2640936.5433310363,385.5262707113248,4.076750817748449,True
8,6,4.0,0.4805263157894737,0.8069842906955271,0.32645797490605344,1.3204682716655183,0.2640936543331036,2.9016445946373297,2.9016445946373297,35.78537844227586,10.173068965688406,91.70417136765306,210.12917327409855,750.0000000000002,2640.9365433310336,2640936.5433310336,420.2583465481971,4.582761506707594,True
8,7,4.0,0.5589473684210526,0.8560024917767342,0.2970551233556815,1.3204682716655183,0.2640936543331036,3.926012659052993,3.926012659052993,31.650722425206272,6.068038710586279,89.98592140429587,226.16171168325178,749.9999999999999,2640.936543331037,2640936.543331037,452.32342336650356,5.026602120728076,True
8,8,4.0,0.6373684210526316,0.9091515877004684,0.27178316664783686,1.3204682716655183,0.2640936543331036,5.104943601036185,5.104943601036185,28.350881560832242,3.9281289685834047,89.03540998314354,241.04352446118477,750.0,2640.936543331035,2640936.543331035,482.08704892236955,5.414554153382792,True
8,9,4.0,0.7157894736842105,0.965749799844803,0.2499603261605925,1.3204682716655183,0.2640936543331036,6.438437420586904,6.438437420586904,25.656265972478078,2.7021727536992706,88.63021083446795,254.90573488410396,750.0,2640.936543331032,2640936.543331032,509.8114697682079,5.752118436459188,True
8,10,4.0,0.7942105263157895,1.0252260557428108,0.2310155294270213,1.3204682716655183,0.2640936543331036,7.926494117705152,7.926494117705152,23.415494277346173,1.9474727029244663,88.63079257090048,267.8511580794577,750.0000000000001,2640.9365433310372,2640936.5433310373,535.7023161589154,6.044200899257205,True
8,11,4.0,0.8726315789473684,1.0871080801094872,0.2144765011621188,1.3204682716655183,0.2640936543331036,9.569113692390927,9.569113692390927,21.524097815646883,1.4559606145385706,88.94530287606192,279.965352488899,749.9999999999999,2640.9365433310313,2640936.543331031,559.930704977798,6.295225120072008,True
8,12,4.0,0.9510526315789474,1.1510079119173764,0.19995528033842902,1.3204682716655183,0.2640936543331036,11.366296144644231,11.366296144644231,19.907408322044187,1.1210708197885777,89.51079068760347,291.3221441573672,750.0,2640.936543331036,2640936.543331036,582.6442883147344,6.50920725690144,True
8,13,4.0,1.0294736842105263,1.2166076490574733,0.187133964846947,1.3204682716655183,0.2640936543331036,13.318041474465062,13.318041474465062,18.510546732375648,0.8843217525636723,90.28256836770542,301.9865752129003,749.9999999999999,2640.936543331034,2640936.543331034,603.9731504258006,6.689809133097781,True
8,14,4.0,1.1078947368421053,1.283646701076895,0.17575196423478978,1.3204682716655183,0.2640936543331036,15.424349681853423,15.424349681853423,17.292246018832934,0.7117486837183008,91.22789437735234,312.0166180441941,749.9999999999999,2640.9365433310345,2640936.5433310345,624.0332360883882,6.840377500188218,True
8,15,4.0,1.1863157894736842,1.3519109651222334,0.1655951756485492,1.3204682716655183,0.2640936543331036,17.68522076680931,17.68522076680931,16.220873829270296,0.5826707719051171,92.32207703478,321.4642795404075,750.0000000000002,2640.936543331029,2640936.543331029,642.928559080815,6.9639741623079825,True
8,16,4.0,1.2647368421052632,1.421223903908723,0.15648706180345995,1.3204682716655183,0.2640936543331036,20.100654729332724,20.100654729332724,15.271781253341029,0.48398181659887696,93.54599509611144,330.37639030757583,750.0,2640.9365433310345,2640936.5433310345,660.7527806151517,7.063399987741625,True
8,17,4.0,1.343157894736842,1.4914393167196123,0.14828142198277017,1.3204682716655183,0.2640936543331036,22.67065156942367,22.67065156942367,14.425484154906249,0.40708669076825893,94.88447734812523,338.7952197909431,750.0000000000001,2640.936543331042,2640936.543331042,677.5904395818862,7.141214859579709,True
8,18,4.0,1.421578947368421,1.562435537506833,0.140856590138412,1.3204682716655183,0.2640936543331036,25.395211287082137,25.395211287082137,13.666385129030266,0.3461793148024669,96.32521862956304,346.7589856154937,750.0000000000001,2640.936543331035,2640936.543331035,693.5179712309874,7.199754966537297,True
8,19,4.0,1.5,1.6341107995675073,0.13411079956750727,1.3204682716655183,0.2640936543331036,28.274333882308138,28.274333882308138,12.981856611260719,0.297235034910068,97.85803936432579,354.30229109625975,750.0,2640.9365433310395,2640936.5433310396,708.6045821925195,7.241148369572196,True
9,0,4.0,0.01,0.6871734631234334,0.6771734631234334,1.4831690403371889,0.2966338080674377,0.0012566370614359172,0.0012566370614359172,92.43554360202774,37184872072.17937,110.72578284506463,110.73354427806775,50.203987034288446,2966.3380806743776,2966338.0806743777,221.4670885561355,2.0001401919734265,True
9,1,4.0,0.08842105263157894,0.6927666641586683,0.6043456115270893,1.4831690403371889,0.2966338080674377,0.09824743607193163,0.09824743607193163,86.40605084696689,23832.766585483463,116.30151118134036,116.29518263081425,434.62906036482286,2966.338080674377,2966338.0806743773,232.5903652616285,1.9998911699347357,True
9,2,4.0,0.1668421052631579,0.7070669392000274,0.5402248339368695,1.4831690403371889,0.2966338080674377,0.3498011126499554,0.3498011126499554,78.12409568081142,517.4612922170531,118.08899155137402,125.02340929716726,749.9999999999998,2966.338080674377,2966338.0806743773,250.04681859433452,2.1174439319820335,True
9,3,4.0,0.24526315789473685,0.72956246137089,0.48429930347615313,1.4831690403371889,0.2966338080674377,0.7559176667955071,0.7559176667955071,61.00863747844283,106.64525776854624,103.37775014241465,148.63357161817615,750.0,2966.338080674377,2966338.0806743773,297.2671432363523,2.8755427819509793,True
9,4,4.0,0.3236842105263158,0.7595254021855339,0.4358411916592181,1.4831690403371889,0.2966338080674377,1.3165970985085866,1.3165970985085866,50.37951018954567,36.07694559250292,95.43743202407087,169.0735178975166,750.0,2966.338080674376,2966338.0806743763,338.1470357950332,3.543127980536474,True
9,5,4.0,0.40210526315789474,0.7961130642567879,0.3940078010988931,1.4831690403371889,0.2966338080674377,2.0318394077891946,2.0318394077891946,42.976702797325665,16.039526142245194,90.71170302511602,187.4518025214918,749.9999999999998,2966.3380806743758,2966338.080674376,374.9036050429836,4.1329133126205475,True
9,6,4.0,0.4805263157894737,0.8384586504934263,0.3579323347039526,1.4831690403371889,0.2966338080674377,2.9016445946373297,2.9016445946373297,37.47075466016569,8.462617013562273,87.79381585405184,204.28559410062232,750.0000000000003,2966.338080674376,2966338.0806743763,408.57118820124464,4.653758174498897,True
9,7,4.0,0.5589473684210526,0.885736715444196,0.32678934702314333,1.4831690403371889,0.2966338080674377,3.926012659052993,3.926012659052993,33.19701608817552,5.0140268560177885,86.00534167152334,219.8590645805118,750.0000000000003,2966.338080674375,2966338.080674375,439.7181291610236,5.1126839404978,True
9,8,4.0,0.6373684210526316,0.9372010843870046,0.299832663334373,1.4831690403371889,0.2966338080674377,5.104943601036185,5.104943601036185,29.777947623027806,3.2275498747229228,84.97651397648403,234.35041259597526,750.0000000000005,2966.3380806743767,2966338.080674377,468.7008251919505,5.515651363642152,True
9,9,4.0,0.7157894736842105,0.9922005538489543,0.2764110801647438,1.4831690403371889,0.2966338080674377,6.438437420586904,6.438437420586904,26.979607787378743,2.209756295180368,84.48825912013397,247.88476374932435,750.0,2966.338080674376,2966338.0806743763,495.7695274986487,5.8679103186836095,True
9,10,4.0,0.7942105263157895,1.0501798553256751,0.25596932900988567,1.4831690403371889,0.2966338080674377,7.926494117705152,7.926494117705152,24.64771746933684,1.5862727709285631,84.40257339239737,260.55828982410037,750.0000000000001,2966.3380806743767,2966338.080674377,521.1165796482007,6.174178804068795,True
9,11,4.0,0.8726315789473684,1.1106724274047817,0.23804084845741325,1.4831690403371889,0.2966338080674377,9.569113692390927,9.569113692390927,22.67570736512579,1.1819689836441185,84.6282414396996,272.4498647683553,750.0,2966.3380806743785,2966338.0806743787,544.8997295367107,6.438745745709127,True
9,12,4.0,0.9510526315789474,1.1732895961587206,0.22223696457977327,1.4831690403371889,0.2966338080674377,11.366296144644231,11.366296144644231,20.98729340481837,0.9075409071495726,85.10252565223065,283.62697165523264,750.0,2966.3380806743794,2966338.0806743796,567.2539433104653,6.665535939891306,True
9,13,4.0,1.0294736842105263,1.2377089459574278,0.20823526174690143,1.4831690403371889,0.2966338080674377,13.318041474465062,13.318041474465062,19.526305209923862,0.7141788752459479,85.78076452859928,294.1488537960334,749.9999999999999,2966.338080674383,2966338.080674383,588.2977075920668,6.858154165738736,True
9,14,4.0,1.1078947368421053,1.3036633447111605,0.19576860786905526,1.4831690403371889,0.2966338080674377,15.424349681853423,15.424349681853423,18.250418940622307,0.57364200164792,86.63017352846296,304.068308905547,750.0000000000001,2966.3380806743876,2966338.0806743875,608.136617811094,7.019916883939825,True
9,15,4.0,1.1863157894736842,1.3709312604122874,0.1846154709386032,1.4831690403371889,0.2966338080674377,17.68522076680931,17.68522076680931,17.127124409235012,0.4687943931320721,87.6260059182535,313.4327986205078,749.9999999999998,2966.3380806743744,2966338.0806743745,626.8655972410156,7.153876188603415,True
9,16,4.0,1.2647368421052632,1.43932854074372,0.1745916986384568,1.4831690403371889,0.2966338080674377,20.100654729332724,20.100654729332724,16.131036421898166,0.3888111737579002,88.74909883993742,322.28520201782567,749.9999999999998,2966.3380806743794,2966338.0806743796,644.5704040356513,7.262838862151829,True
9,17,4.0,1.343157894736842,1.5087015936277652,0.16554369889092313,1.4831690403371889,0.2966338080674377,22.67065156942367,22.67065156942367,15.242049032729154,0.3266142121853284,89.98426228652033,330.6643756446966,750.0,2966.338080674386,2966338.080674386,661.3287512893932,7.349382375149619,True
9,18,4.0,1.421578947368421,1.5789218068106352,0.15734285944221416,1.4831690403371889,0.2966338080674377,25.395211287082137,25.395211287082137,14.444036897256998,0.27743508282646634,91.31919657584615,338.60560124579496,750.0000000000002,2966.33808067437,2966338.08067437,677.2112024915899,7.415869038325636,True
9,19,4.0,1.5,1.649881016443626,0.14988101644362595,1.4831690403371889,0.2966338080674377,28.274333882308138,28.274333882308138,13.723922182406403,0.23797659283477499,92.74374970163807,346.14096230614774,750.0000000000001,2966.33808067438,2966338.08067438,692.2819246122955,7.464459080416804,True
10,0,4.0,0.01,0.7238761161821458,0.7138761161821457,1.6458698090088597,0.3291739618017719,0.0012566370614359172,0.0012566370614359172,95.19483251242971,33057407677.69855,108.38414344524054,108.3778578230441,50.50844943882632,3291.7396180177184,3291739.618017718,216.7557156460882,1.9998840121442742,True
10,1,4.0,0.08842105263157894,0.7291878455702782,0.6407667929386992,1.6458698090088597,0.3291739618017719,0.09824743607193163,0.09824743607193163,89.27960268338447,20909.42496921166,113.57677745165059,113.56987467236755,437.643338206709,3291.739618017719,3291739.6180177187,227.1397493447351,1.9998784473474611,True
10,2,4.0,0.1668421052631579,0.7427872640720155,0.5759451588088575,1.6458698090088597,0.3291739618017719,0.3498011126499554,0.3498011126499554,80.66558671442343,455.2654508357957,114.61921552711613,122.19508211672901,750.0000000000002,3291.7396180177193,3291739.618017719,244.39016423345802,2.1321919113609815,True
10,3,4.0,0.24526315789473685,0.7642320643622891,0.5189689064675522,1.6458698090088597,0.3291739618017719,0.7559176667955071,0.7559176667955071,63.154612215737245,92.87237688637605,100.09191850675035,145.14356500818678,749.9999999999998,3291.7396180177193,3291739.618017719,290.28713001637357,2.900205474598793,True
10,4,4.0,0.3236842105263158,0.7928859310915989,0.4692017205652831,1.6458698090088597,0.3291739618017719,1.3165970985085866,1.3165970985085866,52.27205837493297,31.129139529361588,92.19680919657458,164.98994909996102,750.0,3291.7396180177197,3291739.6180177196,329.97989819992205,3.5790815438782224,True
10,5,4.0,0.40210526315789474,0.8280007694671709,0.4258955063092762,1.6458698090088597,0.3291739618017719,2.0318394077891946,2.0318394077891946,44.6819596071608,13.72761401578621,87.45738586863848,182.83671959932008,750.0,3291.7396180177197,3291739.6180177196,365.67343919864015,4.18116132293142,True
10,6,4.0,0.4805263157894737,0.8687935150225008,0.3882671992330271,1.6458698090088597,0.3291739618017719,2.9016445946373297,2.9016445946373297,39.02629514932415,7.19192495969454,84.49739360854096,199.2000492907384,750.0,3291.73961801772,3291739.61801772,398.4000985814768,4.714939497745723,True
10,7,4.0,0.5589473684210526,0.9145046704329985,0.3555573020119459,1.6458698090088597,0.3291739618017719,3.926012659052993,3.926012659052993,34.627401669292794,4.235485826153634,82.65208820776914,214.36264540200634,749.9999999999994,3291.739618017716,3291739.6180177163,428.7252908040127,5.187107792440667,True
10,8,4.0,0.6373684210526316,0.9644351381684888,0.3270667171158572,1.6458698090088597,0.3291739618017719,5.104943601036185,5.104943601036185,31.100936486074072,2.712427528865223,81.5583026658799,228.49974770668987,749.9999999999999,3291.7396180177157,3291739.618017716,456.99949541337975,5.603347304633971,True
10,9,4.0,0.7157894736842105,1.0179642440754324,0.30217477039122187,1.6458698090088597,0.3291739618017719,6.438437420586904,6.438437420586904,28.208955662162815,1.8490083586459898,81.00022022655773,241.73228821352504,750.0000000000002,3291.7396180177175,3291739.6180177173,483.4645764270501,5.968682246477837,True
10,10,4.0,0.7942105263157895,1.0745543223540404,0.2803437960382509,1.6458698090088597,0.3291739618017719,7.926494117705152,7.926494117705152,25.794565513416003,1.3224273728355076,80.84142835826272,254.15154707297148,750.0,3291.7396180177207,3291739.6180177205,508.30309414594296,6.28765602573609,True
10,11,4.0,0.8726315789473684,1.13374710767222,0.26111552872485166,1.6458698090088597,0.3291739618017719,9.569113692390927,9.569113692390927,23.74933475710359,0.982298902031537,80.991457445962,265.8312872515954,750.0000000000001,3291.7396180177197,3291739.6180177196,531.6625745031909,6.56442779607861,True
10,12,4.0,0.9510526315789474,1.1951559478211151,0.24410331624216774,1.6458698090088597,0.3291739618017719,11.366296144644231,11.366296144644231,21.99556516812104,0.7522313758747394,81.38789043651605,276.8339979903907,750.0000000000002,3291.7396180177134,3291739.6180177135,553.6679959807814,6.802830163200408,True
10,13,4.0,1.0294736842105263,1.2584564744403923,0.228982790229866,1.6458698090088597,0.3291739618017719,13.318041474465062,13.318041474465062,20.47596404773898,0.5906223266698293,81.9861807472742,287.21424798059905,750.0000000000001,3291.73961801771,3291739.6180177103,574.4284959611981,7.0064063324512915,True
10,14,4.0,1.1078947368421053,1.3233772627264628,0.21548252588435757,1.6458698090088597,0.3291739618017719,15.424349681853423,15.424349681853423,19.147291134377518,0.4734814099418517,82.75356781898546,297.0205807600865,750.0,3291.7396180177275,3291739.6180177275,594.041161520173,7.178435651494498,True
10,15,4.0,1.1863157894736842,1.3896912548956757,0.20337546542199147,1.6458698090088597,0.3291739618017719,17.68522076680931,17.68522076680931,17.976274287993462,0.38629712336480626,83.66529679903832,306.29665852430577,750.0,3291.739618017708,3291739.618017708,612.5933170486115,7.321952356423756,True
10,16,4.0,1.2647368421052632,1.457208259432172,0.19247141732690887,1.6458698090088597,0.3291739618017719,20.100654729332724,20.100654729332724,16.936887343650127,0.3199288678743441,84.70219350470607,315.0820094355845,749.9999999999999,3291.7396180177248,3291739.6180177247,630.164018871169,7.439760327294912,True
10,17,4.0,1.343157894736842,1.525768580674295,0.182610685937453,1.6458698090088597,0.3291739618017719,22.67065156942367,22.67065156942367,16.00848085292136,0.268415760464274,85.84906633336037,323.4125592532204,750.0,3291.739618017723,3291739.618017723,646.8251185064408,7.534445581443546,True
10,18,4.0,1.421578947368421,1.5952377049142412,0.17365875754582016,1.6458698090088597,0.3291739618017719,25.395211287082137,25.395211287082137,15.174465922540096,0.2277519355464045,87.09362832314807,331.3210402347709,750.0000000000001,3291.7396180177257,3291739.6180177256,662.6420804695418,7.608387585035568,True
10,19,4.0,1.5,1.6655019158136528,0.1655019158136528,1.6458698090088597,0.3291739618017719,28.274333882308138,28.274333882308138,14.421367520109987,0.19517376987544455,88.42575489183238,338.83732554318675,750.0000000000002,3291.7396180177166,3291739.6180177163,677.6746510863735,7.663770039796044,True
11,0,4.0,0.01,0.7588055711029289,0.7488055711029289,1.8085705776805303,0.361714115536106,0.0012566370614359172,0.0012566370614359172,97.74337555120613,29742190922.880096,106.3044461349886,106.29755875561946,50.76515773077931,3617.141155361059,3617141.155361059,212.59511751123893,1.999870421612274,True
11,1,4.0,0.08842105263157894,0.763874451258398,0.6754533986268191,1.8085705776805303,0.361714115536106,0.09824743607193163,0.09824743607193163,91.93562389062559,18595.83887262643,111.17988305812904,111.17243914535986,440.23856591496053,3617.14115536106,3617141.15536106,222.34487829071972,1.9998660924519,True
11,2,4.0,0.1668421052631579,0.7768669016153829,0.610024796352225,1.8085705776805303,0.361714115536106,0.3498011126499554,0.3498011126499554,83.0178487393216,405.81863038051495,111.61255324211551,119.69954629349903,750.0000000000003,3617.1411553610596,3617141.1553610596,239.39909258699805,2.144911890579921,True
11,3,4.0,0.24526315789473685,0.7973957056301099,0.552132547735373,1.8085705776805303,0.361714115536106,0.7559176667955071,0.7559176667955071,65.14124853658049,82.05074691308421,97.25666996938615,142.06926486041849,749.9999999999999,3617.14115536106,3617141.15536106,284.13852972083697,2.921532577768459,True
11,4,4.0,0.3236842105263158,0.8248983954893394,0.5012141849630236,1.8085705776805303,0.361714115536106,1.3165970985085866,1.3165970985085866,54.02583413267125,27.279700691792232,89.40902102689193,161.3944698464353,750.0000000000001,3617.141155361059,3617141.155361059,322.7889396928706,3.6102502408094144,True
11,5,4.0,0.40210526315789474,0.8587051516068377,0.45659988844894295,1.8085705776805303,0.361714115536106,2.0318394077891946,2.0318394077891946,46.26457566993856,11.943443871957644,84.66351953655578,178.77129416306366,750.0000000000005,3617.1411553610606,3617141.1553610605,357.5425883261273,4.2231009327665445,True
11,6,4.0,0.4805263157894737,0.8981043563545649,0.4175780405650912,1.8085705776805303,0.361714115536106,2.9016445946373297,2.9016445946373297,40.47257152929824,6.2177212645315265,81.67100367295771,194.71490712609315,749.9999999999999,3617.141155361062,3617141.155361062,389.4298142521863,4.768275112812546,True
11,7,4.0,0.5589473684210526,0.9423948511116039,0.3834474826905513,1.8085705776805303,0.361714115536106,3.926012659052993,3.926012659052993,35.959864710146086,3.6417544109159077,79.77907179255665,209.50714277900403,750.0000000000001,3617.1411553610583,3617141.155361058,419.01428555800805,5.25218301169934,True
11,8,4.0,0.6373684210526316,0.9909209851910327,0.3535525641384011,1.8085705776805303,0.361714115536106,5.104943601036185,5.104943601036185,32.33570142586225,2.32125506529544,78.6306530638845,223.32130786523018,749.9999999999997,3617.141155361058,3617141.1553610577,446.64261573046036,5.680260793046953,True
11,9,4.0,0.7157894736842105,1.0430917818552503,0.3273023081710398,1.8085705776805303,0.361714115536106,6.438437420586904,6.438437420586904,29.358403955313225,1.576003363335699,78.01304427817044,236.2753669695383,749.9999999999998,3617.1411553610574,3617141.1553610573,472.5507339390766,6.057329749293036,True
11,10,4.0,0.7942105263157895,1.0983880256301255,0.304177499314336,1.8085705776805303,0.361714115536106,7.926494117705152,7.926494117705152,26.86867713585971,1.123309829243762,77.79142975181203,248.45695478558645,750.0000000000002,3617.1411553610574,3617141.1553610573,496.9139095711729,6.387771906963801,True
11,11,4.0,0.8726315789473684,1.1563614345493451,0.2837298556019767,1.8085705776805303,0.361714115536106,9.569113692390927,9.569113692390927,24.756407197348743,0.8319533700870733,77.87614425519423,259.9358819658479,750.0,3617.1411553610606,3617141.1553610605,519.8717639316958,6.675622796990505,True
11,12,4.0,0.9510526315789474,1.2166293612970562,0.26557672971810886,1.8085705776805303,0.361714115536106,11.366296144644231,11.366296144644231,22.942634959360145,0.6355046982495539,78.2051602449236,270.77066516516084,750.0,3617.1411553610583,3617141.155361058,541.5413303303217,6.924624009903154,True
11,13,4.0,1.0294736842105263,1.2788674525605992,0.24939376835007288,1.8085705776805303,0.361714115536106,13.318041474465062,13.318041474465062,21.369075600245477,0.4979025509348645,78.7341079097472,281.01206908022755,750.0000000000002,3617.1411553610606,3617141.1553610605,562.0241381604551,7.1382549835289,True
11,14,4.0,1.1078947368421053,1.342801788299107,0.23490705145700175,1.8085705776805303,0.361714115536106,15.424349681853423,15.424349681853423,19.99168217215445,0.39841432057289383,79.43029975870951,290.70510986881703,750.0000000000001,3617.1411553610565,3617141.1553610563,581.4102197376341,7.319753563864432,True
11,15,4.0,1.1863157894736842,1.4082013517574157,0.22188556228373146,1.8085705776805303,0.361714115536106,17.68522076680931,17.68522076680931,18.776512397426714,0.3245342259794536,80.26900864796951,299.89024909765436,750.0,3617.141155361051,3617141.155361051,599.7804981953087,7.472130381299792,True
11,16,4.0,1.2647368421052632,1.4748712399783364,0.2101343978730732,1.8085705776805303,0.361714115536106,20.100654729332724,20.100654729332724,17.69697557821383,0.2684056281110379,81.23107317395609,308.60415344017366,749.9999999999999,3617.1411553610606,3617141.1553610605,617.2083068803473,7.598179893039178,True
11,17,4.0,1.343157894736842,1.5426467596085462,0.19948886487170414,1.8085705776805303,0.361714115536106,22.67065156942367,22.67065156942367,16.731942234594133,0.2249174079813188,82.30131463587662,316.88021602053374,750.0000000000001,3617.1411553610715,3617141.1553610717,633.7604320410675,7.7004897776541705,True
11,18,4.0,1.421578947368421,1.6113884070384614,0.18980945967004037,1.8085705776805303,0.361714115536106,25.395211287082137,25.395211287082137,15.864412597424419,0.19064251108338534,83.46746576108431,324.7489426912086,750.0,3617.1411553610487,3617141.155361049,649.4978853824172,7.781449687732554,True
11,19,4.0,1.5,1.6809776603919642,0.18097766039196417,1.8085705776805303,0.361714115536106,28.274333882308138,28.274333882308138,15.080558190614342,0.163221574394739,84.71943063862015,332.23825814519165,750.0000000000002,3617.1411553610606,3617141.1553610605,664.4765162903833,7.843259937909396,True
12,0,4.0,0.01,0.7921964137098431,0.782196413709843,1.971271346352201,0.3942542692704401,0.0012566370614359172,0.0012566370614359172,100.11840780882929,27018830860.93038,104.44358959044858,104.43611997133476,50.988494449404975,3942.5426927043995,3942542.6927043996,208.87223994266952,1.999856963569653,True
12,1,4.0,0.08842105263157894,0.7970529721688598,0.7086319195372809,1.971271346352201,0.3942542692704401,0.09824743607193163,0.09824743607193163,94.40727525079134,16723.5792092852,109.04689416000201,109.03893852974151,442.49262533262555,3942.5426927044005,3942542.6927044005,218.07787705948303,1.9998540879073763,True
12,2,4.0,0.1668421052631579,0.809513091915986,0.6426709866528281,1.971271346352201,0.3942542692704401,0.3498011126499554,0.3498011126499554,85.21029679252337,365.63652245208937,108.97314786081084,117.47212233649273,749.9999999999998,3942.542692704401,3942542.692704401,234.94424467298546,2.15598291216727,True
12,3,4.0,0.24526315789473685,0.8292340890938067,0.5839709311990698,1.971271346352201,0.3942542692704401,0.7559176667955071,0.7559176667955071,66.99309133550176,73.34774700741822,94.777121768209,139.3295334377678,750.0,3942.5426927043995,3942542.6927043996,278.6590668755356,2.9401511849772795,True
12,4,4.0,0.3236842105263158,0.8557141029799504,0.5320298924536346,1.971271346352201,0.3942542692704401,1.3165970985085866,1.3165970985085866,55.6618736534922,24.211084301341415,86.97769664653343,158.19208645190983,750.0000000000001,3942.5426927044005,3942542.6927044005,316.38417290381966,3.63753220770568,True
12,5,4.0,0.40210526315789474,0.8883489182489146,0.48624365509101986,1.971271346352201,0.3942542692704401,2.0318394077891946,2.0318394077891946,47.74277478771662,10.53157391993365,82.23153744472961,175.14939845450382,750.0000000000001,3942.542692704399,3942542.692704399,350.29879690900765,4.259908154392157,True
12,6,4.0,0.4805263157894737,0.9264883690910221,0.44596205330154837,1.971271346352201,0.3942542692704401,2.9016445946373297,2.9016445946373297,41.82547929662725,5.451433773987479,79.21375594756003,190.71554102784546,750.0,3942.5426927043995,3942542.6927043996,381.4310820556909,4.815212679830515,True
12,7,4.0,0.5589473684210526,0.9694830161274393,0.4105356477063866,1.971271346352201,0.3942542692704401,3.926012659052993,3.926012659052993,37.20836103912101,3.177025416616614,77.28313468355233,205.17179325845956,750.0000000000003,3942.542692704399,3942542.692704399,410.3435865169191,5.309613645941433,True
12,8,4.0,0.6373684210526316,1.0167171003036497,0.3793486792510181,1.971271346352201,0.3942542692704401,5.104943601036185,5.104943601036185,33.49458325666053,2.016293241315566,76.08822949202735,218.69018921455537,750.0,3942.5426927044005,3942542.6927044005,437.38037842911075,5.74833165851152,True
12,9,4.0,0.7157894736842105,1.067628085304923,0.3518386116207124,1.971271346352201,0.3942542692704401,6.438437420586904,6.438437420586904,30.438949279051407,1.3638552489472615,75.41928760809816,231.38657409552124,749.9999999999999,3942.5426927044005,3942542.6927044005,462.7731481910425,6.136005296095533,True
12,10,4.0,0.7942105263157895,1.1217154353959564,0.32750490908016694,1.971271346352201,0.3942542692704401,7.926494117705152,7.926494117705152,27.87992808650679,0.9689873359138813,75.14306212224936,243.345838751257,750.0000000000002,3942.542692704403,3942542.6927044033,486.691677502514,6.476867774043078,True
12,11,4.0,0.8726315789473684,1.1785419086612552,0.30591032971388676,1.971271346352201,0.3942542692704401,9.569113692390927,9.569113692390927,25.705861895192523,0.7156831217228645,75.17071849515526,254.63470815263963,749.9999999999999,3942.542692704402,3942542.692704402,509.26941630527926,6.774837682815305,True
12,12,4.0,0.9510526315789474,1.2377302880385443,0.286677656459597,1.971271346352201,0.3942542692704401,11.366296144644231,11.366296144644231,23.83664938738875,0.5453949496335982,75.44066159050338,265.3085105977165,750.0000000000002,3942.5426927044055,3942542.6927044056,530.617021195433,7.0335679726094575,True
12,13,4.0,1.0294736842105263,1.2989577454161976,0.26948406120567125,1.971271346352201,0.3942542692704401,13.318041474465062,13.318041474465062,22.213115696693066,0.4264315990702216,75.90874104368879,275.4148900026857,750.0000000000001,3942.5426927043995,3942542.6927043996,550.8297800053714,7.256473660765166,True
12,14,4.0,1.1078947368421053,1.3619493036883474,0.25405456684624217,1.971271346352201,0.3942542692704401,15.424349681853423,15.424349681853423,20.790494302999203,0.3406222672237162,76.54237829502605,284.99591601729026,749.9999999999999,3942.5426927044127,3942542.6927044126,569.9918320345805,7.446748386071775,True
12,15,4.0,1.1863157894736842,1.4264712791533194,0.24015548967963518,1.971271346352201,0.3942542692704401,17.68522076680931,17.68522076680931,19.534246577433766,0.277034308691762,77.31690119423975,294.0893357582013,749.9999999999998,3942.5426927044023,3942542.6927044024,588.1786715164026,7.607375133138716,True
12,16,4.0,1.2647368421052632,1.4923251782614708,0.22758833615620766,1.971271346352201,0.3942542692704401,20.100654729332724,20.100654729332724,18.41727941652549,0.22881575081631667,78.21318018048956,302.7293573048396,749.9999999999998,3942.542692704403,3942542.6927044033,605.4587146096792,7.741134080119045,True
12,17,4.0,1.343157894736842,1.5593422613681203,0.21618436663127816,1.971271346352201,0.3942542692704401,22.67065156942367,22.67065156942367,17.418035420141912,0.1915189793694325,79.21606145661785,310.9471729824488,750.0000000000002,3942.5426927044127,3942542.6927044126,621.8943459648976,7.850609264454204,True
12,18,4.0,1.421578947368421,1.627378831586501,0.20579988421807993,1.971271346352201,0.3942542692704401,25.395211287082137,25.395211287082137,16.519147574010827,0.16216801594166866,80.3133037233178,318.77133456561563,750.0,3942.5426927044023,3942542.6927044024,637.5426691312313,7.9381950383661035,True
12,19,4.0,1.5,1.696312222998684,0.196312222998684,1.971271346352201,0.3942542692704401,28.274333882308138,28.274333882308138,15.706470482989449,0.13871800037326631,81.49484156941493,326.2280413316885,750.0000000000001,3942.5426927044027,3942542.692704403,652.456082663377,8.006102841584566,True
13,0,4.0,0.01,0.824235658687873,0.814235658687873,2.1339721150238717,0.42679442300477427,0.0012566370614359172,0.0012566370614359172,102.33595658513158,24751941855.469585,102.7554982829295,102.76143369898833,51.17602257710762,4267.944230047741,4267944.230047741,205.52286739797665,2.000115525030933,True
13,1,4.0,0.08842105263157894,0.8289045201958476,0.7404834675642686,2.1339721150238717,0.42679442300477427,0.09824743607193163,0.09824743607193163,96.71278353046566,15185.026446773056,107.12197148847747,107.12816584379121,444.39403469256416,4267.944230047742,4267944.230047742,214.25633168758242,2.0001156505099313,True
13,2,4.0,0.1668421052631579,0.840892804786243,0.674050699523085,2.1339721150238717,0.42679442300477427,0.3498011126499554,0.3498011126499554,87.26578761968857,332.3853168706868,106.63101504299988,115.4648389892112,750.0,4267.944230047742,4267944.230047742,230.9296779784224,2.1656895780772416,True
13,3,4.0,0.24526315789473685,0.8598944340284628,0.6146312761337259,2.1339721150238717,0.42679442300477427,0.7559176667955071,0.7559176667955071,68.72927008602288,66.21249073609371,92.58430058427759,136.86420842763718,749.9999999999999,4267.944230047742,4267944.230047742,273.72841685527436,2.95653167035706,True
13,4,4.0,0.3236842105263158,0.8854580109732342,0.5617738004469184,2.1339721150238717,0.42679442300477427,1.3165970985085866,1.3165970985085866,57.19664363750119,21.715175617203013,84.83294640186405,155.31223827161762,749.9999999999999,4267.944230047743,4267944.230047743,310.62447654323523,3.661601886038109,True
13,5,4.0,0.40210526315789474,0.9170349304753399,0.5149296673174452,2.1339721150238717,0.42679442300477427,2.0318394077891946,2.0318394077891946,49.13089094948244,9.390859582803067,80.09003161772056,171.89196013160816,750.0,4267.944230047744,4267944.230047744,343.7839202632163,4.292468279999422,True
13,6,4.0,0.4805263157894737,0.9540282811420407,0.47350196535256706,2.1339721150238717,0.42679442300477427,2.9016445946373297,2.9016445946373297,43.09757818708778,4.835740433382821,77.05257635771027,187.11622721483442,750.0000000000003,4267.944230047745,4267944.230047745,374.23245442966885,4.85684544397744,True
13,7,4.0,0.5589473684210526,0.9958346156453147,0.4368872472242621,2.1339721150238717,0.42679442300477427,3.926012659052993,3.926012659052993,38.383960839513996,2.8053283544755367,75.08954600743957,201.2659253974326,750.0000000000001,4267.9442300477385,4267944.230047738,402.5318507948652,5.36069096429194,True
13,8,4.0,0.6373684210526316,1.0418747166563533,0.40450629560372175,2.1339721150238717,0.42679442300477427,5.104943601036185,5.104943601036185,34.58740131770488,1.7732920890891095,73.85469404139288,214.51224481636328,749.9999999999999,4267.944230047744,4267944.230047744,429.02448963272656,5.809034824411755,True
13,9,4.0,0.7157894736842105,1.0916130228655898,0.3758235491813793,2.1339721150238717,0.42679442300477427,6.438437420586904,6.438437420586904,31.45936140618865,1.1953285615656704,73.14105036322128,226.96950610862072,750.0000000000002,4267.944230047744,4267944.230047744,453.93901221724144,6.206350742339121,True
13,10,4.0,0.7942105263157895,1.1445675083469018,0.3503569820311123,2.1339721150238717,0.42679442300477427,7.926494117705152,7.926494117705152,28.836206736622103,0.8467051007623594,72.81688955351733,238.72051793309888,749.9999999999997,4267.944230047741,4267944.230047741,477.44103586619775,6.556734828879209,True
13,11,4.0,0.8726315789473684,1.2003125816339713,0.32768100268660283,2.1339721150238717,0.42679442300477427,9.569113692390927,9.569113692390927,26.60484486415807,0.6237442163016836,72.79421311065988,249.8295764952996,749.9999999999999,4267.944230047744,4267944.230047744,499.6591529905992,6.863995524356177,True
13,12,4.0,0.9510526315789474,1.258477464671447,0.30742483309249957,2.1339721150238717,0.42679442300477427,11.366296144644231,11.366296144644231,24.684126232637496,0.47426482054926355,73.0118832269703,260.34943144031683,750.0,4267.944230047744,4267944.230047744,520.6988628806337,7.131700209155674,True
13,13,4.0,1.0294736842105263,1.3187420094675935,0.28926832525706714,2.1339721150238717,0.42679442300477427,13.318041474465062,13.318041474465062,23.014067227407416,0.3700954823838441,73.42599785526006,270.32514819397454,750.0000000000001,4267.944230047731,4267944.230047732,540.6502963879491,7.363199849918256,True
13,14,4.0,1.1078947368421053,1.3808313325584227,0.27293659571631745,2.1339721150238717,0.42679442300477427,15.424349681853423,15.424349681853423,21.54925186281419,0.2951233057140314,74.00411336991614,279.7963190567044,750.0,4267.944230047743,4267944.230047743,559.5926381134088,7.561642355151737,True
13,15,4.0,1.1863157894736842,1.44451014998414,0.25819436051045574,2.1339721150238717,0.42679442300477427,17.68522076680931,17.68522076680931,20.254605192858712,0.23967629876998925,74.72163330012576,288.7983752815525,750.0000000000001,4267.944230047737,4267944.230047736,577.596750563105,7.729980262116847,True
13,16,4.0,1.2647368421052632,1.5095773252241917,0.2448404831189286,2.1339721150238717,0.42679442300477427,20.100654729332724,20.100654729332724,19.102582786649684,0.19770582377763324,75.5594749177955,297.36340099668865,749.9999999999999,4267.944230047731,4267944.230047732,594.7268019933773,7.870975845721625,True
13,17,4.0,1.343157894736842,1.5758608920988355,0.2327029973619934,2.1339721150238717,0.42679442300477427,22.67065156942367,22.67065156942367,18.07124257738742,0.1652937503708619,76.50251914033026,305.5206665615621,750.0,4267.944230047748,4267944.2300477475,611.0413331231242,7.987205388652334,True
13,18,4.0,1.421578947368421,1.64321365763973,0.221634710271309,2.1339721150238717,0.42679442300477427,25.395211287082137,25.395211287082137,17.14288682914598,0.13982341429751402,77.53855610352076,313.29700091275646,749.9999999999999,4267.944230047751,4267944.230047751,626.5940018255129,8.081063580665019,True
13,19,4.0,1.5,1.7115093984704355,0.21150939847043548,2.1339721150238717,0.42679442300477427,28.274333882308138,28.274333882308138,16.30308403216908,0.11950007048637833,78.6575528769263,320.7170691518914,749.9999999999999,4267.944230047747,4267944.230047747,641.4341383037828,8.15476854851333,True
14,0,4.0,0.01,0.8550752506127905,0.8450752506127905,2.2966728836955426,0.45933457673910844,0.0012566370614359172,0.0012566370614359172,104.43033744617425,22825251143.74977,101.22654028259198,101.23289424739492,51.347360077788124,4593.345767391083,4593345.767391084,202.46578849478985,2.000125539503478,True
14,1,4.0,0.08842105263157894,0.8595766206447236,0.7711555680131447,2.2966728836955426,0.45933457673910844,0.09824743607193163,0.09824743607193163,98.88723064499416,13892.814171588,105.38549661155967,105.39204776226505,446.12262765693066,4593.345767391083,4593345.767391084,210.7840955245301,2.000124327367921,True
14,2,4.0,0.1668421052631579,0.8711429115243774,0.7043008062612195,2.2966728836955426,0.45933457673910844,0.3498011126499554,0.3498011126499554,89.20245841749997,304.4462204877453,104.53367101259045,113.64120847660831,750.0000000000003,4593.345767391084,4593345.767391085,227.28241695321663,2.174250791650107,True
14,3,4.0,0.24526315789473685,0.8894985670764316,0.6442354091816948,2.2966728836955426,0.45933457673910844,0.7559176667955071,0.7559176667955071,70.36500118680817,60.267066756536906,90.62668860459316,134.6275506582837,749.9999999999999,4593.345767391084,4593345.767391085,269.2551013165674,2.971035414207123,True
14,4,4.0,0.3236842105263158,0.9142347359155475,0.5905505253892317,2.2966728836955426,0.45933457673910844,1.3165970985085866,1.3165970985085866,58.643290968937606,19.650435855587876,82.92268769692528,152.70121016339354,750.0000000000001,4593.3457673910825,4593345.767391083,305.4024203267871,3.6829778292161075,True
14,5,4.0,0.40210526315789474,0.9448504256599592,0.5427451625020645,2.2966728836955426,0.45933457673910844,2.0318394077891946,2.0318394077891946,50.44041642571164,8.45296853743029,78.18584609479909,168.93863363959383,750.0000000000003,4593.345767391086,4593345.767391087,337.87726727918766,4.321463335825731,True
14,6,4.0,0.4805263157894737,0.9807952000171756,0.5002688842277019,2.2966728836955426,0.45933457673910844,2.9016445946373297,2.9016445946373297,44.298979226192124,4.3321109452538575,75.13308697576824,183.8513363492652,750.0000000000001,4593.345767391084,4593345.767391085,367.7026726985304,4.894017902087812,True
14,7,4.0,0.5589473684210526,1.021506654347071,0.46255928592601836,2.2966728836955426,0.45933457673910844,3.926012659052993,3.926012659052993,39.49560816304211,2.5025780388920267,73.14268983962629,197.71988260553493,750.0000000000001,4593.345767391084,4593345.767391085,395.43976521106987,5.406415406353209,True
14,8,4.0,0.6373684210526316,1.0664390223381977,0.42907060128556607,2.2966728836955426,0.45933457673910844,5.104943601036185,5.104943601036185,35.622112419655366,1.5760621133297166,71.87321768732339,210.71489775174663,750.0000000000001,4593.345767391082,4593345.767391082,421.42979550349327,5.863516467801368,True
14,9,4.0,0.7157894736842105,1.1150821740336654,0.39929270034945485,2.2966728836955426,0.45933457673910844,6.438437420586904,6.438437420586904,32.426762685283464,1.0589428797389657,71.12031871499742,222.94959976763366,750.0000000000001,4593.345767391081,4593345.767391081,445.8991995352673,6.269645687642831,True
14,10,4.0,0.7942105263157895,1.166972169471633,0.3727616431558436,2.2966728836955426,0.45933457673910844,7.926494117705152,7.926494117705152,29.74393003475088,0.7479822544078073,70.75373139305968,234.5052065562604,750.0000000000001,4593.345767391087,4593345.7673910875,469.0104131125208,6.6287728417744844,True
14,11,4.0,0.8726315789473684,1.2216953616948472,0.34906378274747873,2.2966728836955426,0.45933457673910844,9.569113692390927,9.569113692390927,27.459175593920296,0.549666764072792,70.68628506863291,245.44408927720934,749.9999999999998,4593.345767391082,4593345.767391082,490.8881785544187,6.944602875618521,True
14,12,4.0,0.9510526315789474,1.2788881077888588,0.3278354762099114,2.2966728836955426,0.45933457673910844,11.366296144644231,11.366296144644231,25.490377069871585,0.4170488294133818,70.85731170557732,255.81689805672113,750.0,4593.345767391088,4593345.767391088,511.63379611344226,7.2206210452826225,True
14,13,4.0,1.0294736842105263,1.3382338176464235,0.30876013343589714,2.2966728836955426,0.45933457673910844,13.318041474465062,13.318041474465062,23.776807777418686,0.32484269613256006,71.22317642623923,265.6665545667569,750.0,4593.34576739109,4593345.767391089,531.3331091335137,7.4601153135002,True
14,14,4.0,1.1078947368421053,1.3994586210863702,0.29156388424426494,2.2966728836955426,0.45933457673910844,15.424349681853423,15.424349681853423,22.272459381706227,0.2586185026912186,71.75158913470656,275.03055619693237,749.9999999999999,4593.3457673910925,4593345.767391092,550.0611123938647,7.66618717477015,True
14,15,4.0,1.1863157894736842,1.4623265150318163,0.2760107255581321,2.2966728836955426,0.45933457673910844,17.68522076680931,17.68522076680931,20.941770001430196,0.20973295522428537,72.41804460546392,283.94234791614963,750.0000000000001,4593.345767391076,4593345.767391076,567.8846958322993,7.841756829063188,True
14,16,4.0,1.2647368421052632,1.526634522074265,0.2618976799690018,2.2966728836955426,0.45933457673910844,20.100654729332724,20.100654729332724,19.756786296128837,0.17279159579377984,73.20351865074741,292.432170062096,750.0000000000002,4593.34576739109,4593345.767391089,584.864340124192,7.989565951256641,True
14,17,4.0,1.343157894736842,1.5922081567447242,0.24905026200788205,2.2966728836955426,0.45933457673910844,22.67065156942367,22.67065156942367,18.69521777430458,0.1443066624107487,74.09293483845327,300.52760703933194,750.0,4593.345767391081,4593345.767391081,601.0552140786639,8.112179864236179,True
14,18,4.0,1.421578947368421,1.6588973409501973,0.2373183935817762,2.2966728836955426,0.45933457673910844,25.395211287082137,25.395211287082137,17.739066830059866,0.12195304701101481,75.07411937145417,308.2539626105691,750.0,4593.345767391088,4593345.767391088,616.5079252211382,8.21199010235152,True
14,19,4.0,1.5,1.726572814627442,0.22657281462744194,2.2966728836955426,0.45933457673910844,28.274333882308138,28.274333882308138,16.873642048315872,0.1041386401087146,76.13707370963131,315.63453265150133,750.0,4593.3457673911,4593345.7673911,631.2690653030027,8.291217859390192,True
15,0,4.0,0.01,0.8848406338818426,0.8748406338818426,2.459373652367213,0.4918747304734425,0.0012566370614359172,0.0012566370614359172,106.40994842829318,21173534420.70473,99.8264424062906,99.8332031473355,51.49862802383987,4918.747304734425,4918747.304734425,199.666406294671,2.000135449904493,True
15,1,4.0,0.08842105263157894,0.8891913348188328,0.8007702821872539,2.459373652367213,0.4918747304734425,0.09824743607193163,0.09824743607193163,100.94039726888164,12796.495443537422,103.80151957180145,103.80841212602645,447.6492827104841,4918.747304734425,4918747.304734425,207.6168242520529,2.0001328025688534,True
15,2,4.0,0.1668421052631579,0.9003772739563476,0.7335351686931897,2.459373652367213,0.4918747304734425,0.3498011126499554,0.3498011126499554,91.03495904766099,280.6629443561031,102.64085692359626,111.97288045028813,749.9999999999998,4918.747304734426,4918747.304734426,223.94576090057626,2.1818383791093723,True
15,3,4.0,0.24526315789473685,0.9181486611594659,0.6728855032647291,2.459373652367213,0.4918747304734425,0.7559176667955071,0.7559176667955071,71.91259977960071,55.24422601260148,88.86491563018585,132.58404308525436,749.9999999999998,4918.747304734425,4918747.304734425,265.16808617050873,2.9839457370782196,True
15,4,4.0,0.3236842105263158,0.9421329075626568,0.618448697036341,2.459373652367213,0.4918747304734425,1.3165970985085866,1.3165970985085866,60.01248957927326,17.91756342037657,81.2072068319201,150.31725112994957,749.9999999999997,4918.747304734425,4918747.304734425,300.63450225989914,3.702066774469194,True
15,5,4.0,0.40210526315789474,0.9718701508060122,0.5697648876481175,2.459373652367213,0.4918747304734425,2.0318394077891946,2.0318394077891946,51.680716213499466,7.670255156056183,76.47849428362552,166.24241758418177,750.0,4918.747304734423,4918747.304734423,332.48483516836353,4.3474291470138215,True
15,6,4.0,0.4805263157894737,1.0068507771932373,0.5263244614037637,2.459373652367213,0.4918747304734425,2.9016445946373297,2.9016445946373297,45.4379522279806,3.913807343765413,73.41388759788359,180.86961293972172,750.0,4918.747304734424,4918747.304734424,361.73922587944344,4.927395043575813,True
15,7,4.0,0.5589473684210526,1.0465491426747437,0.4876017742536911,2.459373652367213,0.4918747304734425,3.926012659052993,3.926012659052993,40.55064273601685,2.252121841371663,71.4002230904055,194.47910003622647,749.9999999999999,4918.747304734423,4918747.304734423,388.95820007245294,5.447576817511648,True
15,8,4.0,0.6373684210526316,1.0904501141838383,0.4530816931312067,2.459373652367213,0.4918747304734425,5.104943601036185,5.104943601036185,36.6052643759862,1.4134414318405006,70.10052381496948,207.24112045328613,750.0,4918.747304734426,4918747.304734426,414.48224090657226,5.912683933726362,True
15,9,4.0,0.7157894736842105,1.1380674487944642,0.42227797511025367,2.459373652367213,0.4918747304734425,6.438437420586904,6.438437420586904,33.34702714274528,0.9468003618684488,69.31289942847866,219.26809135297646,750.0000000000001,4918.747304734424,4918747.304734424,438.5361827059529,6.326905761004295,True
15,10,4.0,0.7942105263157895,1.18895471212289,0.3947441858071006,2.459373652367213,0.4918747304734425,7.926494117705152,7.926494117705152,30.60839893661809,0.6669944887616787,68.90848985847649,230.6400086362367,750.0000000000002,4918.747304734429,4918747.304734429,461.2800172724734,6.694095578351018,True
15,11,4.0,0.8726315789473684,1.2427102719236687,0.37007869297630025,2.459373652367213,0.4918747304734425,9.569113692390927,9.569113692390927,28.273667067086212,0.48901355347013753,68.80093548196952,241.4177085533932,750.0000000000003,4918.747304734427,4918747.3047344275,482.8354171067864,7.01786122128124,True
15,12,4.0,0.9510526315789474,1.2989780811859999,0.3479254496070525,2.459373652367213,0.4918747304734425,11.366296144644231,11.366296144644231,26.25979819864018,0.37027672073558837,68.93004179523575,251.6501218008976,750.0000000000001,4918.747304734425,4918747.304734425,503.3002436017952,7.301609436084542,True
15,13,4.0,1.0294736842105263,1.357445768290732,0.3279720840802056,2.459373652367213,0.4918747304734425,13.318041474465062,13.318041474465062,24.505376340518986,0.28790008108310894,69.25245262889254,261.3783778787432,749.9999999999999,4918.747304734421,4918747.304734421,522.7567557574864,7.548566670393838,True
15,14,4.0,1.1078947368421053,1.4178412094768789,0.3099464726347736,2.459373652367213,0.4918747304734425,15.424349681853423,15.424349681853423,22.963847865850145,0.22885144090233997,69.73604441421273,270.63819356265697,750.0000000000001,4918.74730473442,4918747.30473442,541.2763871253139,7.761787920035765,True
15,15,4.0,1.1863157894736842,1.4799284103371324,0.2936126208634482,2.459373652367213,0.4918747304734425,17.68522076680931,17.68522076680931,21.599204979830272,0.1853399981632864,70.35641474727298,279.4613021287166,750.0,4918.747304734422,4918747.304734422,558.9226042574332,7.9441598362443155,True
15,16,4.0,1.2647368421052632,1.5435032319845705,0.27876638987930735,2.459373652367213,0.4918747304734425,20.100654729332724,20.100654729332724,20.383120974660407,0.15251237924389385,71.09460704470696,287.87633633045596,750.0000000000001,4918.74730473443,4918747.30473443,575.7526726609119,8.098401504615632,True
15,17,4.0,1.343157894736842,1.6083892804797995,0.26523138574295735,2.459373652367213,0.4918747304734425,22.67065156942367,22.67065156942367,19.29298755493706,0.12723616173213007,71.93559387795781,295.90939569196127,750.0000000000006,4918.747304734423,4918747.304734423,591.8187913839225,8.227064787815216,True
15,18,4.0,1.421578947368421,1.6744341285847972,0.2528551812163762,2.459373652367213,0.4918747304734425,25.395211287082137,25.395211287082137,18.3105335122264,0.10742657787094706,72.86724137127524,303.58442878681336,749.9999999999999,4918.747304734421,4918747.304734421,607.1688575736267,8.332535253804418,True
15,19,4.0,1.5,1.741505942386767,0.24150594238676693,2.459373652367213,0.4918747304734425,28.274333882308138,28.274333882308138,17.420829996306683,0.09165831289085995,73.87958710184598,310.9235053238637,750.0,4918.747304734414,4918747.3047344135,621.8470106477274,8.417034190925921,True
16,0,4.0,0.01,0.9136368044941687,0.9036368044941687,2.6220744210388838,0.5244148842077766,0.0012566370614359172,0.0012566370614359172,108.28760893398221,19742731215.69594,98.53705229897241,98.54420861303,51.63257181713268,5244.148842077765,5244148.842077765,197.08841722606,2.0001452512306916,True
16,1,4.0,0.08842105263157894,0.9178510189975236,0.8294299663659447,2.6220744210388838,0.5244148842077766,0.09824743607193163,0.09824743607193163,102.8859927840068,11855.669242320368,102.34789656554773,102.35511655515154,449.0023400471044,5244.148842077766,5244148.842077766,204.71023311030308,2.0001410872103107,True
16,2,4.0,0.1668421052631579,0.9286918211198797,0.7618497158567218,2.6220744210388838,0.5244148842077766,0.3498011126499554,0.3498011126499554,92.77530395077734,260.1886442895213,100.92108964239235,110.43742235788469,750.0000000000001,5244.148842077766,5244148.842077766,220.87484471576937,2.188589575265445,True
16,3,4.0,0.24526315789473685,0.9459314072102768,0.70066824931554,2.6220744210388838,0.5244148842077766,0.7559176667955071,0.7559176667955071,73.38218223624017,50.95002028880047,87.26830080907244,130.70560197868977,750.0,5244.148842077766,5244148.842077766,261.41120395737954,2.9954886428842116,True
16,4,4.0,0.3236842105263158,0.9692283934503572,0.6455441829240414,2.6220744210388838,0.5244148842077766,1.3165970985085866,1.3165970985085866,61.31303159154474,16.445018413933933,79.65562123363422,148.12732485030338,749.9999999999999,5244.148842077763,5244148.842077763,296.25464970060676,3.7191932610967395,True
16,5,4.0,0.40210526315789474,0.9981587314578758,0.5960534682999811,2.6220744210388838,0.5244148842077766,2.0318394077891946,2.0318394077891946,52.85952940731092,7.008591317209191,74.93652845358706,163.7660575750767,750.0000000000002,5244.148842077765,5244148.842077765,327.5321151501534,4.370793815902678,True
16,6,4.0,0.4805263157894737,1.0322488802088967,0.551722564419423,2.6220744210388838,0.5244148842077766,2.9016445946373297,2.9016445946373297,46.521353997879324,3.561763351271373,71.86283602642182,178.13033584253787,750.0000000000001,5244.148842077765,5244148.842077765,356.26067168507575,4.9575092131639416,True
16,7,4.0,0.5589473684210526,1.0710062423679592,0.5120588739469065,2.6220744210388838,0.5244148842077766,3.926012659052993,3.926012659052993,41.555168922093685,2.042126510280254,69.82927353046273,191.50011227538596,750.0000000000001,5244.148842077763,5244148.842077763,383.0002245507719,5.4848089517026075,True
16,8,4.0,0.6373684210526316,1.1139437663910332,0.4765753453384016,2.6220744210388838,0.5244148842077766,5.104943601036185,5.104943601036185,37.54231731048411,1.277519990248488,68.50300985576412,204.0453606385738,750.0000000000002,5244.148842077767,5244148.842077767,408.0907212771476,5.957267018433194,True
16,9,4.0,0.7157894736842105,1.1605975965697306,0.4448081228855201,2.6220744210388838,0.5244148842077766,6.438437420586904,6.438437420586904,34.22506350131828,0.8533159371843315,67.68446875919426,215.87791455633538,749.9999999999997,5244.148842077765,5244148.842077765,431.75582911267077,6.378949809723092,True
16,10,4.0,0.7942105263157895,1.2105381326654354,0.41632760634964594,2.6220744210388838,0.5244148842077766,7.926494117705152,7.926494117705152,31.434050526411134,0.5996299412886222,67.24612774213807,227.07682702591873,750.0,5244.148842077765,5244148.842077765,454.15365405183746,6.753603059395993,True
16,11,4.0,0.8726315789473684,1.2633756698237042,0.39074409087633577,2.6220744210388838,0.5244148842077766,9.569113692390927,9.569113692390927,29.052352733000642,0.438656148763562,67.10241604084821,237.70170420895911,750.0000000000001,5244.148842077769,5244148.842077768,475.40340841791823,7.084743537826107,True
16,12,4.0,0.9510526315789474,1.3187620401571911,0.36770940857824375,2.6220744210388838,0.5244148842077766,11.366296144644231,11.366296144644231,26.996076918617298,0.331504416344906,67.19361041760943,247.80006141021894,750.0,5244.1488420777705,5244148.84207777,495.6001228204379,7.3757031321918065,True
16,13,4.0,1.0294736842105263,1.376389580390781,0.34691589618025476,2.6220744210388838,0.5244148842077766,13.318041474465062,13.318041474465062,25.203162345530696,0.2573162097852057,67.47663959305599,257.4115225123779,750.0,5244.14884207777,5244148.842077769,514.8230450247559,7.629648543993826,True
16,14,4.0,1.1078947368421053,1.4359884952355133,0.32809375839340804,2.6220744210388838,0.5244148842077766,15.424349681853423,15.424349681853423,23.626549267960574,0.2042354424609559,67.91955527269658,266.57028385443493,749.9999999999998,5244.14884207777,5244148.842077769,533.1405677088699,7.849588613593152,True
16,15,4.0,1.1863157894736842,1.4973233995636637,0.31100761008997946,2.6220744210388838,0.5244148842077766,17.68522076680931,17.68522076680931,22.22981836284174,0.16518726468332884,68.49806633032065,275.30659734957715,749.9999999999995,5244.148842077773,5244148.842077773,550.6131946991543,8.038375741059795,True
16,16,4.0,1.2647368421052632,1.560189568707825,0.29545272660256194,2.6220744210388838,0.5244148842077766,20.100654729332724,20.100654729332724,20.984299577742373,0.13577190559482835,69.1932907208661,283.6476885751799,750.0000000000002,5244.148842077769,5244148.842077768,567.2953771503599,8.198704979054925,True
16,17,4.0,1.343157894736842,1.6244092282181304,0.2812513334812883,2.6220744210388838,0.5244148842077766,22.67065156942367,22.67065156942367,19.867092878199735,0.11315433788467882,69.99025504639418,291.61834449421355,750.0000000000002,5244.1488420777705,5244148.84207777,583.2366889884271,8.333112782655515,True
16,18,4.0,1.421578947368421,1.689828072357488,0.26824912498906706,2.6220744210388838,0.5244148842077766,25.395211287082137,25.395211287082137,18.859675974940505,0.09545063622373035,70.87686850538162,299.2413054725012,750.0000000000001,5244.148842077771,5244148.842077771,598.4826109450024,8.44397648436683,True
16,19,4.0,1.5,1.7563121051015722,0.2563121051015722,2.6220744210388838,0.5244148842077766,28.274333882308138,28.274333882308138,17.94690197681187,0.0813746749229968,71.84320628807885,306.53753975180433,750.0000000000001,5244.148842077758,5244148.842077758,613.0750795036087,8.533515013866218,True
17,0,4.0,0.01,0.9415526929939773,0.9315526929939772,2.7847751897105546,0.5569550379421108,0.0012566370614359172,0.0012566370614359172,110.08254688755414,18486232654.00888,97.35124030923221,97.34562152459387,51.75944995755646,5569.550379421107,5569550.3794211075,194.69124304918773,1.9998845667580507,True
17,1,4.0,0.08842105263157894,0.9456425097428136,0.8572214571112347,2.7847751897105546,0.5569550379421108,0.09824743607193163,0.09824743607193163,104.743254394791,11036.892979056598,101.01436809226685,101.00878584403665,450.2719722010242,5569.550379421107,5569550.3794211075,202.0175716880733,1.999889476154024,True
17,2,4.0,0.1668421052631579,0.9561682706369489,0.789326165373791,2.7847751897105546,0.5569550379421108,0.3498011126499554,0.3498011126499554,94.4334770273892,242.38958721990488,99.3493348492971,109.01680221828917,750.0000000000002,5569.550379421107,5569550.3794211075,218.03360443657834,2.194615643550239,True
17,3,4.0,0.24526315789473685,0.972921112066497,0.7276579541717602,2.7847751897105546,0.5569550379421108,0.7559176667955071,0.7559176667955071,74.7821667306466,47.24052060671576,85.81252733311986,128.96966981908687,750.0000000000001,5569.550379421106,5569550.379421107,257.93933963817375,3.0058471374099773,True
17,4,4.0,0.3236842105263158,0.9955867324488887,0.6719025219225729,2.7847751897105546,0.5569550379421108,1.3165970985085866,1.3165970985085866,62.55225055646527,15.18006970379433,78.24350435618543,146.1048824843231,750.0000000000001,5569.550379421107,5569550.3794211075,292.2097649686462,3.734620111574105,True
17,5,4.0,0.40210526315789474,1.0237724924725662,0.6216672293146714,2.7847751897105546,0.5569550379421108,2.0318394077891946,2.0318394077891946,53.98332989584145,6.4429568986366235,73.5351034566321,161.47957243635224,750.0000000000001,5569.550379421106,5569550.379421107,322.9591448727045,4.391904406079637,True
17,6,4.0,0.4805263157894737,1.057036902785525,0.5765105869960514,2.7847751897105546,0.5569550379421108,2.9016445946373297,2.9016445946373297,47.55493766910905,3.2620602572168638,70.45455156775371,175.60066775653652,750.0,5569.550379421107,5569550.3794211075,351.20133551307305,4.984792716696733,True
17,7,4.0,0.5589473684210526,1.094917181502341,0.5359698130812884,2.7847751897105546,0.5569550379421108,3.926012659052993,3.926012659052993,42.51432308936431,1.863982269089117,68.40388707538436,188.74778679747945,750.0000000000001,5569.550379421105,5569550.379421106,377.4955735949589,5.518627518622453,True
17,8,4.0,0.6373684210526316,1.1369520560865067,0.49958363503387515,2.7847751897105546,0.5569550379421108,5.104943601036185,5.104943601036185,38.43787696089294,1.1625574932462468,67.05414209667329,201.09070793815636,750.0,5569.550379421103,5569550.379421103,402.1814158763127,5.997860882277485,True
17,9,4.0,0.7157894736842105,1.1826986278512925,0.466909154167082,2.7847751897105546,0.5569550379421108,6.438437420586904,6.438437420586904,35.065020908984714,0.7744448543305559,66.20791727160993,212.74083826572397,750.0000000000003,5569.550379421103,5569550.379421103,425.48167653144793,6.4264470786169134,True
17,10,4.0,0.7942105263157895,1.2317434123205264,0.43753288600473694,2.7847751897105546,0.5569550379421108,7.926494117705152,7.926494117705152,32.2246413667983,0.5429156079131504,65.73896440781051,223.776500650619,750.0000000000001,5569.550379421107,5569550.3794211075,447.553001301238,6.808032425409849,True
17,11,4.0,0.8726315789473684,1.2837084350663075,0.41107685611893907,2.7847751897105546,0.5569550379421108,9.569113692390927,9.569113692390927,29.798651571428536,0.39633552962960933,65.56247628381517,234.25631115985698,749.9999999999998,5569.550379421106,5569550.379421107,468.51262231971396,7.146048301951821,True
17,12,4.0,0.9510526315789474,1.3382535565868867,0.38720092500793934,2.7847751897105546,0.5569550379421108,11.366296144644231,11.366296144644231,27.702341505522107,0.2989689118885052,65.61919450914381,244.2266147159587,750.0000000000002,5569.550379421111,5569550.379421111,488.4532294319174,7.443755338445264,True
17,13,4.0,1.0294736842105263,1.3950761771911258,0.36560249298059944,2.7847751897105546,0.5569550379421108,13.318041474465062,13.318041474465062,25.87304304300984,0.2316846437698591,65.86633494850503,253.72576477026547,750.0000000000001,5569.550379421103,5569550.379421103,507.45152954053094,7.704262426887145,True
17,14,4.0,1.1078947368421053,1.4539092893322638,0.34601455249015856,2.7847751897105546,0.5569550379421108,15.424349681853423,15.424349681853423,24.263223245874467,0.1836277524443235,66.27213009136786,262.7866540076334,750.0000000000001,5569.550379421106,5569550.379421107,525.5733080152668,7.930532899586463,True
17,15,4.0,1.1863157894736842,1.514518611981636,0.32820282250795185,2.7847751897105546,0.5569550379421108,17.68522076680931,17.68522076680931,22.83608032595962,0.14833169876878777,66.81240609779186,271.4382473596122,750.0000000000001,5569.550379421101,5569550.379421101,542.8764947192244,8.12538458687789,True
17,16,4.0,1.2647368421052632,1.5766993224653216,0.31196248036005847,2.7847751897105546,0.5569550379421108,20.100654729332724,20.100654729332724,21.56262643468051,0.12178146343131672,67.46836067676887,279.70653423173735,750.0000000000002,5569.550379421102,5569550.379421102,559.4130684634747,8.29148748912904,True
17,17,4.0,1.343157894736842,1.6402727224087208,0.2971148276718787,2.7847751897105546,0.5569550379421108,22.67065156942367,22.67065156942367,20.419692135499456,0.10139387853749157,68.22507838227632,287.6151374891162,750.0000000000003,5569.5503794211,5569550.3794211,575.2302749782324,8.431361144872897,True
17,18,4.0,1.421578947368421,1.7050830411699363,0.2835040938015152,2.7847751897105546,0.5569550379421108,25.395211287082137,25.395211287082137,19.388523490430746,0.08545486384215455,69.07051402114739,295.18571701244286,750.0000000000002,5569.550379421108,5569550.379421108,590.3714340248857,8.547372817352006,True
17,19,4.0,1.5,1.7709944871975776,0.27099448719757757,2.7847751897105546,0.5569550379421108,28.274333882308138,28.274333882308138,18.453772407215205,0.07279584462027229,69.99478164743049,302.4382487746903,750.0000000000002,5569.550379421107,5569550.3794211075,604.8764975493806,8.641737045429952,True
18,0,4.0,0.01,0.9686644087825801,0.9586644087825801,2.947475958382225,0.5894951916764448,0.0012566370614359172,0.0012566370614359172,111.78740810416782,17384041221.448414,96.2422832195432,96.2363751052933,51.86558845669189,5894.951916764447,5894951.9167644465,192.4727502105866,1.9998772241461393,True
18,1,4.0,0.08842105263157894,0.972640231221484,0.8842191785899051,2.947475958382225,0.5894951916764448,0.09824743607193163,0.09824743607193163,106.5067402329944,10323.874436349697,99.77167066519132,99.76585267778212,451.3464970427261,5894.951916764448,5894951.916764447,199.53170535556424,1.9998833739603554,True
18,2,4.0,0.1668421052631579,0.982876912400911,0.8160348071377531,2.947475958382225,0.5894951916764448,0.3498011126499554,0.3498011126499554,96.01787111691529,226.78252736918162,97.9053943121716,107.69632434853996,750.0000000000002,5894.951916764448,5894951.916764447,215.39264869707992,2.200007979236567,True
18,3,4.0,0.24526315789473685,0.9991820422038239,0.753918884309087,2.947475958382225,0.5894951916764448,0.7559176667955071,0.7559176667955071,76.11963804969844,44.00682068641706,84.47803587732923,127.35787727337285,750.0000000000001,5894.951916764448,5894951.916764447,254.7157545467457,3.0151713626086085,True
18,4,4.0,0.3236842105263158,1.021265002331006,0.6975807918046901,2.947475958382225,0.5894951916764448,1.3165970985085866,1.3165970985085866,63.736331198844624,14.083068150222902,76.9512472492,144.2282971276195,750.0000000000001,5894.951916764448,5894951.916764447,288.456594255239,3.7485629481884435,True
18,5,4.0,0.40210526315789474,1.0487608781325632,0.6466556149746685,2.947475958382225,0.5894951916764448,2.0318394077891946,2.0318394077891946,55.0575914981386,5.954633949275696,72.25429696242566,159.35851026538504,750.0000000000003,5894.95191676445,5894951.91676445,318.71702053077007,4.411045902176755,True
18,6,4.0,0.4805263157894737,1.0812568043754964,0.6007304885860227,2.947475958382225,0.5894951916764448,2.9016445946373297,2.9016445946373297,48.54358096938422,3.004327029863698,69.1686936477568,173.25378038606232,749.9999999999997,5894.951916764449,5894951.916764449,346.50756077212463,5.0096010564652635,True
18,7,4.0,0.5589473684210526,1.1183169933015082,0.5593696248804556,2.947475958382225,0.5894951916764448,3.926012659052993,3.926012659052993,43.43247150166406,1.7112941984932653,67.10326707181451,186.19336027628754,750.0,5894.951916764446,5894951.916764446,372.38672055257507,5.549457378193575,True
18,8,4.0,0.6373684210526316,1.1595038770945227,0.5221354560418912,2.947475958382225,0.5894951916764448,5.104943601036185,5.104943601036185,39.29586771394088,1.0643010151268042,65.73265804049069,198.34687612394762,750.0,5894.951916764445,5894951.916764445,396.69375224789525,6.034956809498494,True
18,9,4.0,0.7157894736842105,1.2043941661595776,0.4886046924753671,2.947475958382225,0.5894951916764448,6.438437420586904,6.438437420586904,35.87044170799974,0.707196347372324,64.86151697793979,209.82542206627636,750.0000000000002,5894.951916764447,5894951.9167644465,419.6508441325527,6.469951115625021,True
18,10,4.0,0.7942105263157895,1.252589756046611,0.45837922973082157,2.947475958382225,0.5894951916764448,7.926494117705152,7.926494117705152,32.98338372733384,0.4946566688262118,64.36480858003804,220.70675403461755,750.0000000000001,5894.951916764447,5894951.9167644465,441.4135080692351,6.857994575099755,True
18,11,4.0,0.8726315789473684,1.303724130872127,0.4310925519247586,2.947475958382225,0.5894951916764448,9.569113692390927,9.569113692390927,30.515490749916612,0.3603860903283214,64.1584621929932,231.04868822979572,750.0000000000003,5894.951916764444,5894951.916764444,462.09737645959143,7.202438472879381,True
18,12,4.0,0.9510526315789474,1.3574652278697037,0.4064125962907563,2.947475958382225,0.5894951916764448,11.366296144644231,11.366296144644231,28.381272641312133,0.27137165497489324,64.18367503704098,240.89659794106942,750.0000000000001,5894.951916764451,5894951.916764451,481.79319588213883,7.506475682548429,True
18,13,4.0,1.0294736842105263,1.4135157598428465,0.3840420756323202,2.947475958382225,0.5894951916764448,13.318041474465062,13.318041474465062,26.517485553170864,0.20997032950562414,64.39794950058541,250.2877604262448,750.0000000000002,5894.951916764458,5894951.916764458,500.5755208524896,7.7731593122843,True
18,14,4.0,1.1078947368421053,1.4716118662081192,0.36371712936601397,2.947475958382225,0.5894951916764448,15.424349681853423,15.424349681853423,24.87615128430847,0.1661879528373314,64.7697018970932,259.2539464057051,750.0,5894.951916764458,5894951.916764458,518.5078928114102,8.005408047658165,True
18,15,4.0,1.1863157894736842,1.5315207766128005,0.3452049871391163,2.947475958382225,0.5894951916764448,17.68522076680931,17.68522076680931,23.420110337788312,0.1340801450640484,65.27487975733801,267.82299877718793,749.9999999999999,5894.951916764442,5894951.916764442,535.6459975543759,8.206005120892774,True
18,16,4.0,1.2647368421052632,1.5930379834205144,0.32830114131525123,2.947475958382225,0.5894951916764448,20.100654729332724,20.100654729332724,22.120078958970772,0.1099616208862206,65.89476437294016,276.01981744266874,749.9999999999999,5894.951916764447,5894951.9167644465,552.0396348853375,8.377594792827484,True
18,17,4.0,1.343157894736842,1.6559842592959666,0.3128263645591245,2.947475958382225,0.5894951916764448,22.67065156942367,22.67065156942367,20.952637570226116,0.09146473761754939,66.61450125151244,283.8669896981448,749.9999999999998,5894.951916764463,5894951.916764463,567.7339793962896,8.52267852689807,True
18,18,4.0,1.421578947368421,1.7202027323670932,0.29862378499867215,2.947475958382225,0.5894951916764448,25.395211287082137,25.395211287082137,19.898817447486472,0.07702055858764449,67.42209280419938,291.3852064292883,749.9999999999999,5894.951916764436,5894951.916764435,582.7704128585766,8.643612036057695,True
18,19,4.0,1.5,1.785556142170306,0.2855561421703059,2.947475958382225,0.5894951916764448,28.274333882308138,28.274333882308138,18.943083998437803,0.06556083701479579,68.30769295979215,298.5935473685203,750.0000000000002,5894.951916764438,5894951.916764437,597.1870947370406,8.742603780932287,True
19,0,4.0,0.01,0.9950376877284599,0.9850376877284599,3.110176727053896,0.622035345410779,0.0012566370614359172,0.0012566370614359172,113.41775904343129,16405823761.798887,95.20738121115114,95.201190708556,51.96003290473164,6220.35345410779,6220353.454107789,190.402381417112,1.9998699575071512,True
19,1,4.0,0.08842105263157894,0.9989085456379261,0.9104874930063471,3.110176727053896,0.622035345410779,0.09824743607193163,0.09824743607193163,108.19190736505433,9695.539409850979,98.6150700927933,98.60902422546576,452.3050025437828,6220.353454107789,6220353.454107788,197.21804845093152,1.9998773845149254,True
19,2,4.0,0.1668421052631579,1.0088787281376503,0.8420366228744924,3.110176727053896,0.622035345410779,0.3498011126499554,0.3498011126499554,97.53561378303722,212.99283613925132,96.57276154642334,106.4638657916179,750.0000000000002,6220.353454107791,6220353.45410779,212.9277315832358,2.2048425267499434,True
19,3,4.0,0.24526315789473685,1.024770226255866,0.7795070683611292,3.110176727053896,0.622035345410779,0.7559176667955071,0.7559176667955071,77.40061874549583,41.16509499536629,83.24888804132004,125.85508319505266,750.0000000000001,6220.353454107791,6220353.45410779,251.71016639010531,3.023585927840509,True
19,4,4.0,0.3236842105263158,1.0463132743801182,0.7226290638538024,3.110176727053896,0.622035345410779,1.3165970985085866,1.3165970985085866,64.87054050254616,13.123674753290492,75.76290123269338,142.47973881790185,750.0000000000002,6220.353454107789,6220353.454107788,284.9594776358037,3.7612007064063873,True
19,5,4.0,0.40210526315789474,1.073167574360724,0.6710623112028293,3.110176727053896,0.622035345410779,2.0318394077891946,2.0318394077891946,56.08698655832966,5.529367792330271,71.07792362159135,157.38269207230715,750.0000000000003,6220.35345410779,6220353.454107789,314.7653841446143,4.428454970355915,True
19,6,4.0,0.4805263157894737,1.1049459444543905,0.6244196286649168,3.110176727053896,0.622035345410779,2.9016445946373297,2.9016445946373297,49.491457821305886,2.780695665333529,67.98874661448612,171.06749970942215,749.9999999999999,6220.353454107791,6220353.45410779,342.1349994188443,5.032229838841401,True
19,7,4.0,0.5589473684210526,1.1412371185099177,0.5822897500888651,3.110176727053896,0.622035345410779,3.926012659052993,3.926012659052993,44.31335951755413,1.5792254932033696,65.9105310128521,183.81301519402197,750.0000000000001,6220.353454107788,6220353.454107787,367.62603038804394,5.577652383294551,True
19,8,4.0,0.6373684210526316,1.1816253653993405,0.5442569443467089,3.110176727053896,0.622035345410779,5.104943601036185,5.104943601036185,40.11966333463553,0.9795416095931567,64.52129658792492,195.78873606939837,749.9999999999997,6220.353454107789,6220353.454107788,391.57747213879674,6.068964711600045,True
19,9,4.0,0.7157894736842105,1.2257057439031276,0.5099162702189171,3.110176727053896,0.622035345410779,6.438437420586904,6.438437420586904,36.64437700275095,0.6493181416167956,63.62762616393255,207.10552557304888,750.0,6220.353454107785,6220353.454107786,414.21105114609776,6.509924636806491,True
19,10,4.0,0.7942105263157895,1.2730947961997188,0.4788842698839293,3.110176727053896,0.622035345410779,7.926494117705152,7.926494117705152,33.71304870910658,0.45320280148189773,63.10563846039324,217.8406984541548,749.9999999999999,6220.353454107789,6220353.454107788,435.6813969083096,6.904001093052164,True
19,11,4.0,0.8726315789473684,1.323437143417162,0.4508055644697935,3.110176727053896,0.622035345410779,9.569113692390927,9.569113692390927,31.205398496705335,0.32955698670554423,62.87197176285767,228.0514227194187,750.0000000000001,6220.353454107791,6220353.45410779,456.1028454388374,7.254470197931431,True
19,12,4.0,0.9510526315789474,1.376408772143378,0.4253561405644306,3.110176727053896,0.622035345410779,11.366296144644231,11.366296144644231,29.03518778176061,0.24773843486866426,62.8682678035359,237.78226220375106,749.9999999999999,6220.353454107795,6220353.454107795,475.5645244075021,7.564460434851601,True
19,13,4.0,1.0294736842105263,1.4317178725160886,0.4022441883055623,3.110176727053896,0.622035345410779,13.318041474465062,13.318041474465062,27.138624113297464,0.191397380734386,63.05231278145295,247.0695793002156,749.9999999999998,6220.353454107782,6220353.454107783,494.1391586004312,7.836971187927366,True
19,14,4.0,1.1078947368421053,1.4891040084300484,0.38120927158794315,3.110176727053896,0.622035345410779,15.424349681853423,15.424349681853423,25.46730792166278,0.15128648689197155,63.39270799012127,255.9441758558447,750.0,6220.353454107791,6220353.45410779,511.8883517116894,8.074877504703837,True
19,15,4.0,1.1863157894736842,1.5483362530001585,0.3620204635264743,3.110176727053896,0.622035345410779,17.68522076680931,17.68522076680931,23.983743243354034,0.12191365551094743,63.86552490097073,264.43291340748027,750.0000000000001,6220.353454107783,6220353.454107784,528.8658268149605,8.28092821025138,True
19,16,4.0,1.2647368421052632,1.6092107630072556,0.34447392090199247,3.110176727053896,0.622035345410779,20.100654729332724,20.100654729332724,22.65836929313826,0.09987877825272222,64.4521310960835,272.55972874076133,749.9999999999999,6220.353454107781,6220353.454107781,545.1194574815227,8.457741399875099,True
19,17,4.0,1.343157894736842,1.671548123804369,0.3283902290675269,3.110176727053896,0.622035345410779,22.67065156942367,22.67065156942367,21.46753305606778,0.08300035213510577,65.13773527510303,280.34628534479003,750.0000000000002,6220.3534541078025,6220353.454107802,560.6925706895801,8.607799585317917,True
19,18,4.0,1.421578947368421,1.7351906822021343,0.3136117348337133,3.110176727053896,0.622035345410779,25.395211287082137,25.395211287082137,20.39206573192558,0.06983463148317817,65.91038898567143,287.8124028341929,749.9999999999998,6220.353454107795,6220353.454107795,575.6248056683858,8.733445736354605,True
19,19,4.0,1.5,1.8,0.30000000000000004,3.110176727053896,0.622035345410779,28.274333882308138,28.274333882308138,19.416259125556994,0.059399801304810144,66.76028681763067,294.97634947540865,750.0,6220.353454107799,6220353.454107799,589.9526989508173,8.836880832498418,True
