row_i,col_j,solenoid_length_m,ri,rf,th,a,a_sc,v,v_bore,b0,scan,je_sc,je_max,stress,rebco_pancake_length,rebco_total_length,j_crit,margin,converged
0,0,1.0,0.01,0.07812809993849779,0.06812809993849779,0.018862122292152797,0.0037724244584305586,0.0003141592653589793,0.0003141592653589793,23.0293388805816,980534876596318.6,270.24050807529625,270.2301092880066,30.973965092813327,37.72424458430558,9431.061146076396,540.4602185760132,1.999923040499267,True
0,1,1.0,0.08842105263157894,0.11756820381581216,0.029147151184233222,0.018862122292152797,0.0037724244584305586,0.02456185901798291,0.02456185901798291,12.787598870119979,5047330047.53987,356.4992181827629,356.5091703858777,197.37753306407552,37.72424458430559,9431.061146076398,713.0183407717554,2.0000558329589926,True
0,2,1.0,0.1668421052631579,0.1839572996340253,0.017115194370867393,0.018862122292152797,0.0037724244584305586,0.08745027816248885,0.08745027816248885,8.431112854546882,387565320.3420898,415.43912900256703,415.42598290564484,275.7107953827283,37.72424458430557,9431.061146076394,830.8519658112897,1.9999367122834397,True
0,3,1.0,0.24526315789473685,0.2572120071468253,0.011948849252088445,0.018862122292152797,0.0037724244584305586,0.18897941669887677,0.18897941669887677,6.122895854348415,106793790.0518619,456.36235396893284,456.367158154969,306.18232670767696,37.72424458430541,9431.061146076352,912.734316309938,2.000021054260915,True
0,4,1.0,0.3236842105263158,0.33282948809269325,0.009145277566377452,0.018862122292152797,0.0037724244584305586,0.32914927462714666,0.32914927462714666,4.677371503343226,49329271.38077463,486.8743423727339,486.882117194181,308.0977273185855,37.724244584304856,9431.061146076214,973.764234388362,2.0000319376922153,True
0,5,1.0,0.40210526315789474,0.409502921429481,0.007397658271586283,0.018862122292152797,0.0037724244584305586,0.5079598519472986,0.5079598519472986,3.6853024774200325,30136859.074213043,510.5678943688555,510.5654254179266,293.73243840262114,37.72424458430591,9431.061146076478,1021.1308508358532,1.9999903286087664,True
0,6,1.0,0.4805263157894737,0.48673354123812435,0.006207225448650655,0.018862122292152797,0.0037724244584305586,0.7254111486593324,0.7254111486593324,2.9678050300119945,21847392.834743142,529.3393777101604,529.3365570973114,271.3004603082177,37.72424458430573,9431.061146076432,1058.6731141946227,1.9999893428943025,True
0,7,1.0,0.5589473684210526,0.564292619715002,0.00534525129394936,0.018862122292152797,0.0037724244584305586,0.9815031647632483,0.9815031647632483,2.4315000873556794,17699146.7929099,544.3899708817229,544.3881433456323,245.98663286983054,37.72424458430611,9431.061146076529,1088.7762866912647,1.9999932859303502,True
0,8,1.0,0.6373684210526316,0.6420611373966848,0.004692716344053216,0.018862122292152797,0.0037724244584305586,1.2762359002590462,1.2762359002590462,2.0211269215545724,15450562.6299105,556.5561955875501,556.555158706896,220.75652686837455,37.72424458430437,9431.061146076094,1113.110317413792,1.9999962739408446,True
0,9,1.0,0.7157894736842105,0.7199712290342712,0.004181755350060712,0.018862122292152797,0.0037724244584305586,1.609609355146726,1.609609355146726,1.7012867715485473,14198531.9984786,566.460042969783,566.4594791121308,197.1250773728133,37.72424458430558,9431.061146076396,1132.9189582242616,1.999998009188259,True
0,10,1.0,0.7942105263157895,0.7979814284247493,0.003770902108959806,0.018862122292152797,0.0037724244584305586,1.981623529426288,1.981623529426288,1.4481115008668148,13525188.447420586,574.5738740448597,574.5775771740933,175.73348678871199,37.72424458430529,9431.061146076323,1149.1551543481867,2.000012890002142,True
0,11,1.0,0.8726315789473684,0.8760649933516218,0.0034334144042533765,0.018862122292152797,0.0037724244584305586,2.3922784230977316,2.3922784230977316,1.2449881746022198,13214635.467429318,581.2750298697857,581.2773355374685,156.74557648599682,37.72424458430523,9431.061146076308,1162.554671074937,2.0000079331385807,True
0,12,1.0,0.9510526315789474,0.9542039132351329,0.0031512816561855006,0.018862122292152797,0.0037724244584305586,2.8415740361610577,2.8415740361610577,1.0800148492366104,13147393.970550576,586.8445074643795,586.8459543573027,140.06735379977144,37.72424458430487,9431.061146076217,1173.6919087146055,2.0000049310947103,True
0,13,1.0,1.0294736842105263,1.0323856190794185,0.0029119348688921853,0.018862122292152797,0.0037724244584305586,3.3295103686162655,3.3295103686162655,0.9445370745239354,13251892.186904494,591.5061150536577,591.5070340073433,125.49653978674512,37.724244584301196,9431.061146075299,1183.0140680146867,2.0000031071654623,True
0,14,1.0,1.1078947368421053,1.110601075059104,0.002706338216998727,0.018862122292152797,0.0037724244584305586,3.8560874204633557,3.8560874204633557,0.8321513702736668,13483095.246515034,595.434964597452,595.4355565313685,112.79276276242416,37.72424458430035,9431.061146075088,1190.871113062737,2.000001988240368,True
0,15,1.0,1.1863157894736842,1.1888436198064785,0.0025278303327942453,0.018862122292152797,0.0037724244584305586,4.421305191702327,4.421305191702327,0.7380532209712976,13811350.174213218,598.7686100528691,598.7689971013993,101.71567605698853,37.72424458430648,9431.061146076621,1197.5379942027987,2.0000012928150332,True
0,16,1.0,1.2647368421052632,1.2671082352263334,0.0023713931210702643,0.018862122292152797,0.0037724244584305586,5.025163682333181,5.025163682333181,0.6585920543095497,14216363.354429433,601.6156173942323,601.6158743501948,92.0427801428247,37.724244584302205,9431.061146075552,1203.2317487003895,2.000000854219721,True
0,17,1.0,1.343157894736842,1.3453910696128117,0.0022331748759696346,0.018862122292152797,0.0037724244584305586,5.667662892355917,5.667662892355917,0.5909617083764915,14683776.580615662,604.0621351053034,604.0623082716756,83.57630356832144,37.72424458430008,9431.06114607502,1208.1246165433513,2.000000573339603,True
0,18,1.0,1.421578947368421,1.4236891176099886,0.002110170241567566,0.018862122292152797,0.0037724244584305586,6.348802821770534,6.348802821770534,0.5329817309745447,15203132.520661613,606.1769204416437,606.1770388512952,76.14445372577701,37.72424458429809,9431.061146074522,1212.3540777025903,2.0000003906768717,True
0,19,1.0,1.5,1.502,0.0020000000000000018,0.018862122292152797,0.0037724244584305586,7.0685834705770345,7.0685834705770345,0.48294072074377575,15766618.665279191,608.0151829001361,608.0152650069105,69.59997050162934,37.72424458430704,9431.06114607676,1216.030530013821,2.0000002700813293,True
1,0,1.0,0.01,0.24061018922293098,0.23061018922293097,0.1815628909638235,0.03631257819276469,0.0003141592653589793,0.0003141592653589793,48.438326185657445,50099387705515.23,173.49252217670536,173.50035338261765,40.48180821426728,363.125781927647,90781.44548191175,347.0007067652353,2.000090277157932,True
1,1,1.0,0.08842105263157894,0.25614750771063755,0.1677264550790586,0.1815628909638235,0.03631257819276469,0.02456185901798291,0.02456185901798291,39.36898982786667,56182445.26621052,198.12797913549696,198.11683557738252,325.10436124404947,363.125781927647,90781.44548191175,396.23367115476503,1.9998875115149,True
1,2,1.0,0.1668421052631579,0.2926252744493157,0.12578316918615778,0.1815628909638235,0.03631257819276469,0.08745027816248885,0.08745027816248885,32.151904143893496,1832557.9872604522,224.08851568023562,224.075731129942,545.5777689873536,363.1257819276469,90781.44548191174,448.151462259884,1.9998858973182556,True
1,3,1.0,0.24526315789473685,0.34343453492389675,0.0981713770291599,0.1815628909638235,0.03631257819276469,0.18897941669887677,0.18897941669887677,26.572017112081056,301075.4858221064,250.0131424704128,250.0015355960855,701.8699036464651,363.1257819276473,90781.44548191183,500.003071192171,1.999907149886501,True
1,4,1.0,0.3236842105263158,0.4031931687193361,0.07950895819302028,0.1815628909638235,0.03631257819276469,0.32914927462714666,0.32914927462714666,21.51779846414532,110133.84966749964,266.2397558028561,280.00771885992003,750.0,363.1257819276469,90781.44548191174,560.0154377198401,2.103425298115573,True
1,5,1.0,0.40210526315789474,0.4684889601870832,0.06638369702918845,0.1815628909638235,0.03631257819276469,0.5079598519472986,0.5079598519472986,17.640520710330172,57404.36827923211,280.3421579331699,309.0752222766766,749.9999999999998,363.1257819276478,90781.44548191194,618.1504445533532,2.204985682890807,True
1,6,1.0,0.4805263157894737,0.5373069916947849,0.05678067590531122,0.1815628909638235,0.03631257819276469,0.7254111486593324,0.7254111486593324,14.924240956133879,34164.26446314489,298.40687308190036,333.777484633371,750.0000000000001,363.12578192764647,90781.44548191162,667.554969266742,2.2370629817347596,True
1,7,1.0,0.5589473684210526,0.6084533045540262,0.049505936132973605,0.1815628909638235,0.03631257819276469,0.9815031647632483,0.9815031647632483,12.920929065317857,22195.98998742395,319.218108843827,354.99122738904765,749.9999999999999,363.12578192764573,90781.44548191143,709.9824547780953,2.2241296314597374,True
1,8,1.0,0.6373684210526316,0.6811987722486141,0.04383035119598255,0.1815628909638235,0.03631257819276469,1.2762359002590462,1.2762359002590462,11.385255093670871,15344.317768484345,342.040772406939,373.38466101170184,750.0000000000001,363.1257819276456,90781.4454819114,746.7693220234037,2.1832757444920734,True
1,9,1.0,0.7157894736842105,0.755081342502259,0.03929186881804847,0.1815628909638235,0.03631257819276469,1.609609355146726,1.609609355146726,10.172067901136042,11110.063544707242,366.3876239236433,389.4725286034236,749.9999999999999,363.12578192764477,90781.44548191119,778.9450572068472,2.126013561443829,True
1,10,1.0,0.7942105263157895,0.8297973386729425,0.035586812357153,0.1815628909638235,0.03631257819276469,1.981623529426288,1.981623529426288,9.190249169814289,8337.621782552804,391.9172161794404,403.65538523251695,750.0000000000001,363.1257819276461,90781.44548191152,807.3107704650339,2.0599012677600883,True
1,11,1.0,0.8726315789473684,0.9051403955929003,0.032508816645531846,0.1815628909638235,0.03631257819276469,2.3922784230977316,2.3922784230977316,8.347413962890661,6538.9540712503085,416.76263592112235,416.77010604212785,744.2070973435058,363.1257819276463,90781.44548191158,833.5402120842557,2.0000358483240177,True
1,12,1.0,0.9510526315789474,0.9809660397746375,0.029913408195690105,0.1815628909638235,0.03631257819276469,2.8415740361610577,2.8415740361610577,7.458820471145165,5779.336307812967,431.6482734546125,431.65227862701266,703.7835357294132,363.12578192765153,90781.44548191289,863.3045572540253,2.0000185575740552,True
1,13,1.0,1.0294736842105263,1.0571704354738118,0.027696751263285524,0.1815628909638235,0.03631257819276469,3.3295103686162655,3.3295103686162655,6.698827696414372,5237.918084143766,445.33595419954753,445.34077721768807,663.6577549418387,363.12578192765227,90781.44548191306,890.6815544353761,2.0000216601336365,True
1,14,1.0,1.1078947368421053,1.133677207621434,0.025782470779328825,0.1815628909638235,0.03631257819276469,3.8560874204633557,3.8560874204633557,6.044507254026728,4843.455574314089,457.910109377525,457.9144610605876,624.6775690378091,363.125781927658,90781.4454819145,915.8289221211752,2.000019006713211,True
1,15,1.0,1.1863157894736842,1.210429021261662,0.02411323178797775,0.1815628909638235,0.03631257819276469,4.421305191702327,4.421305191702327,5.4777661646914,4551.6923434046,469.46119344442553,469.45325783211837,587.3703345816244,363.12578192764283,90781.4454819107,938.9065156642367,1.9999661926803836,True
1,16,1.0,1.2647368421052632,1.2873820501064506,0.02264520800118741,0.1815628909638235,0.03631257819276469,5.025163682333181,5.025163682333181,4.983820486210478,4335.15767989344,480.0472466473685,480.04382304474996,551.9614894762044,363.1257819276426,90781.44548191065,960.0876460894999,1.9999857363930635,True
1,17,1.0,1.343157894736842,1.36450225113475,0.021344356397907882,0.1815628909638235,0.03631257819276469,5.667662892355917,5.667662892355917,4.551134676343906,4174.422329428785,489.75612145311163,489.7615898899591,518.613144516165,363.12578192765653,90781.44548191414,979.5231797799182,2.0000223312649212,True
1,18,1.0,1.421578947368421,1.4417627983683734,0.020183850999952346,0.1815628909638235,0.03631257819276469,6.348802821770534,6.348802821770534,4.1703930785602905,4055.780178686853,498.6795628178872,498.67703875902623,487.39500529339904,363.12578192765363,90781.44548191341,997.3540775180525,1.9999898770310671,True
1,19,1.0,1.5,1.5191422787737476,0.019142278773747634,0.1815628909638235,0.03631257819276469,7.0685834705770345,7.0685834705770345,3.8336587703775846,3970.6357701275924,506.8659945424717,506.86411654261445,458.23121586674176,363.12578192765585,90781.44548191396,1013.7282330852289,1.9999925897579343,True
2,0,1.0,0.01,0.33118352361763015,0.32118352361763014,0.34426365963549416,0.06885273192709881,0.0003141592653589793,0.0003141592653589793,58.0881971590314,24223524712025.043,153.68276977906217,153.69159933341885,41.800615590502986,688.5273192709877,172131.82981774694,307.3831986668377,2.0001149062366506,True
2,1,1.0,0.08842105263157894,0.3426380143303802,0.25421696169880126,0.34426365963549416,0.06885273192709881,0.02456185901798291,0.02456185901798291,49.76047688225052,22013017.941657133,170.45038211238986,170.45801349109436,342.6733772013527,688.5273192709881,172131.82981774703,340.9160269821887,2.000089543697232,True
2,2,1.0,0.1668421052631579,0.37070043755629967,0.20385833229314176,0.34426365963549416,0.06885273192709881,0.08745027816248885,0.08745027816248885,42.51464364752654,599418.781528574,188.75785835531983,188.746881484469,588.5920894486629,688.527319270988,172131.829817747,377.493762968938,1.9998836936279476,True
2,3,1.0,0.24526315789473685,0.4119909500660033,0.16672779217126643,0.34426365963549416,0.06885273192709881,0.18897941669887677,0.18897941669887677,35.796321771964045,91415.50788894,204.51942782057807,210.09004165688162,750.0,688.5273192709881,172131.82981774703,420.18008331376325,2.054475155692207,True
2,4,1.0,0.3236842105263158,0.4629837950294089,0.1392995845030931,0.34426365963549416,0.06885273192709881,0.32914927462714666,0.32914927462714666,28.481621759692654,35880.071829933935,206.9596665087102,240.412853675899,750.0,688.5273192709885,172131.82981774714,480.825707351798,2.3232821905014123,True
2,5,1.0,0.40210526315789474,0.5208369888699047,0.11873172571200996,0.34426365963549416,0.06885273192709881,0.5079598519472986,0.5079598519472986,23.59196269373054,17944.61944310002,215.07003624517085,266.7792631700306,750.0000000000001,688.5273192709884,172131.82981774712,533.5585263400612,2.4808594244705793,True
2,6,1.0,0.4805263157894737,0.5835135529548515,0.10298723716537783,0.34426365963549416,0.06885273192709881,0.7254111486593324,0.7254111486593324,20.099427017961442,10384.997013855904,226.66777820993815,289.9203985329511,750.0000000000001,688.52731927099,172131.8298177475,579.8407970659022,2.558108618900643,True
2,7,1.0,0.5589473684210526,0.6496188782514016,0.090671509830349,0.34426365963549416,0.06885273192709881,0.9815031647632483,0.9815031647632483,17.486404782559443,6616.790429467391,240.63272841679012,310.3692775738072,750.0000000000001,688.5273192709865,172131.82981774662,620.7385551476144,2.5796098445613707,True
2,8,1.0,0.6373684210526316,0.7182068159457372,0.08083839489310563,0.34426365963549416,0.06885273192709881,1.2762359002590462,1.2762359002590462,15.461945255893488,4510.888802179092,256.3031493551313,328.54742123857005,750.0000000000001,688.5273192709848,172131.82981774618,657.0948424771401,2.5637408050990254,True
2,9,1.0,0.7157894736842105,0.7886298859115779,0.07284041222736737,0.34426365963549416,0.06885273192709881,1.609609355146726,1.609609355146726,13.849819240943564,3232.787244630793,273.25097672644455,344.7970651701057,749.9999999999999,688.5273192709874,172131.82981774685,689.5941303402114,2.5236657471514694,True
2,10,1.0,0.7942105263157895,0.8604376133262612,0.06622708701047175,0.34426365963549416,0.06885273192709881,1.981623529426288,1.981623529426288,12.53720042310386,2407.4044614525014,291.18225765327884,359.3988090264119,750.0,688.52731927099,172131.8298177475,718.7976180528239,2.4685488183442894,True
2,11,1.0,0.8726315789473684,0.9333104515068749,0.060678872559506436,0.34426365963549416,0.06885273192709881,2.3922784230977316,2.3922784230977316,11.448638708844307,1847.9945732104823,309.8867035649478,372.58404138498486,750.0000000000005,688.5273192709909,172131.82981774773,745.1680827699697,2.4046468409180815,True
2,12,1.0,0.9510526315789474,1.007017196650102,0.05596456507115466,0.34426365963549416,0.06885273192709881,2.8415740361610577,2.8415740361610577,10.531854539576381,1453.9155279958402,329.2093562247716,384.5445576364132,750.0,688.5273192709899,172131.82981774746,769.0891152728263,2.3361702841389524,True
2,13,1.0,1.0294736842105263,1.081387346327755,0.0519136621172287,0.34426365963549416,0.06885273192709881,3.3295103686162655,3.3295103686162655,9.749532018091097,1167.3977494532433,349.03340455758376,395.44018903170485,750.0,688.5273192709811,172131.82981774528,790.8803780634097,2.265916006136684,True
2,14,1.0,1.1078947368421053,1.156292901577376,0.0483981647352707,0.34426365963549416,0.06885273192709881,3.8560874204633557,3.8560874204633557,9.074354859087373,953.5333747458114,369.2691609579612,405.4048763404867,749.9999999999999,688.5273192709855,172131.82981774636,810.8097526809734,2.1957147750371675,True
2,15,1.0,1.1863157894736842,1.2316361795069029,0.04532039003321864,0.34426365963549416,0.06885273192709881,4.421305191702327,4.421305191702327,8.485886633762496,790.3108674503128,389.8466895419329,414.5515044898307,750.0,688.5273192709825,172131.82981774563,829.1030089796614,2.126741181139313,True
2,16,1.0,1.2647368421052632,1.3073415032401376,0.04260466113487449,0.34426365963549416,0.06885273192709881,5.025163682333181,5.025163682333181,7.96854508776429,663.3432663325268,410.7107192978506,422.9757531167044,750.0000000000003,688.5273192709896,172131.82981774738,845.9515062334088,2.0597259007012143,True
2,17,1.0,1.343157894736842,1.3833494339861117,0.04019153924926955,0.34426365963549416,0.06885273192709881,5.667662892355917,5.667662892355917,7.4962300458106235,567.1572795445026,431.01098782538196,431.00222334983704,747.202612977733,688.527319270994,172131.82981774848,862.0044466996741,1.9999593306166548,True
2,18,1.0,1.421578947368421,1.4596126986008642,0.038033751232443125,0.34426365963549416,0.06885273192709881,6.348802821770534,6.348802821770534,6.916573835368296,536.0660496134495,441.3306843906775,441.32236392281175,711.4493663111323,688.5273192709828,172131.82981774572,882.6447278456235,1.9999622937259518,True
2,19,1.0,1.5,1.536093267453441,0.0360932674534411,0.34426365963549416,0.06885273192709881,7.0685834705770345,7.0685834705770345,6.3996341605818925,511.3205832882062,451.0070803687469,450.99508633390434,677.2289198543792,688.5273192710025,172131.82981775064,901.9901726678087,1.99994681221043,True
3,0,1.0,0.01,0.40183552540023654,0.39183552540023653,0.5069644283071648,0.10139288566143294,0.0003141592653589793,0.0003141592653589793,64.39083535190302,16043262543987.537,143.2234527509674,143.2135597634237,42.10216709663764,1013.9288566143292,253482.21415358232,286.4271195268474,1.999861852408196,True
3,1,1.0,0.08842105263157894,0.4113272079770077,0.32290615534542877,0.5069644283071648,0.10139288566143294,0.02456185901798291,0.02456185901798291,56.50932201912397,13235408.058535922,156.5959293127348,156.58755389723353,347.9202373470786,1013.9288566143294,253482.21415358238,313.17510779446707,1.9998930315042285,True
3,2,1.0,0.1668421052631579,0.4349805484873166,0.2681384432241587,0.5069644283071648,0.10139288566143294,0.08745027816248885,0.08745027816248885,49.36878434550424,329666.47638696147,171.3361877012278,171.34702263468446,603.4087236385972,1013.9288566143292,253482.21415358232,342.6940452693689,2.0001264757153994,True
3,3,1.0,0.24526315789473685,0.4706652803151968,0.22540212242045993,0.5069644283071648,0.10139288566143294,0.18897941669887677,0.18897941669887677,41.621085650685124,50017.257211576354,180.71682956043142,191.3081357294259,749.9999999999998,1013.9288566143293,253482.21415358235,382.6162714588518,2.1172143866706423,True
3,4,1.0,0.3236842105263158,0.5158907419383764,0.19220653141206057,0.5069644283071648,0.10139288566143294,0.32914927462714666,0.32914927462714666,33.4559891667903,18845.89048159258,180.7108051314792,218.84101869976922,749.9999999999999,1013.9288566143294,253482.21415358238,437.68203739953844,2.4220025862930306,True
3,5,1.0,0.40210526315789474,0.5683840533767321,0.1662787902188374,0.5069644283071648,0.10139288566143294,0.5079598519472986,0.5079598519472986,27.918951917875958,9149.43130233897,185.9939142583578,243.15322787319369,750.0,1013.9288566143288,253482.2141535822,486.30645574638737,2.614636385741502,True
3,6,1.0,0.4805263157894737,0.6263204688016265,0.14579415301215282,0.5069644283071648,0.10139288566143294,0.7254111486593324,0.7254111486593324,23.914539740542903,5181.947116770501,194.5092456705426,264.84406412796767,750.0000000000002,1013.9288566143316,253482.2141535829,529.6881282559353,2.72320282992159,True
3,7,1.0,0.5589473684210526,0.6883269209746951,0.12937955255364242,0.5069644283071648,0.10139288566143294,0.9815031647632483,0.9815031647632483,20.888051330895877,3249.808610234946,205.2042525637196,284.3154926795172,750.0000000000001,1013.9288566143272,253482.2141535818,568.6309853590344,2.7710487392675467,True
3,8,1.0,0.6373684210526316,0.7533991595620536,0.11603073850942203,0.5069644283071648,0.10139288566143294,1.2762359002590462,1.2762359002590462,18.524300550647265,2189.5323788983965,217.46136938813214,301.8773784304189,750.0000000000002,1013.9288566143289,253482.21415358223,603.7547568608378,2.776377057495838,True
3,9,1.0,0.7157894736842105,0.8208083577247512,0.10501888404054072,0.5069644283071648,0.10139288566143294,1.609609355146726,1.609609355146726,16.6299754216276,1555.2031086168129,230.88426250030906,317.78331532699275,750.0000000000001,1013.9288566143322,253482.21415358305,635.5666306539855,2.75274990062666,True
3,10,1.0,0.7942105263157895,0.8900236792268437,0.09581315291105419,0.5069644283071648,0.10139288566143294,1.981623529426288,1.981623529426288,15.079790497922758,1150.1913677070972,245.20267609378786,332.24577936983974,750.0,1013.928856614333,253482.21415358325,664.4915587396795,2.7099686240190843,True
3,11,1.0,0.8726315789473684,0.9606548089974158,0.08802323005004742,0.5069644283071648,0.10139288566143294,2.3922784230977316,2.3922784230977316,13.789031048085944,878.1750515201871,260.2243089286469,345.4445192610379,750.0000000000001,1013.9288566143332,253482.2141535833,690.8890385220758,2.6549750150802263,True
3,12,1.0,0.9510526315789474,1.032411205628322,0.08135857404937452,0.5069644283071648,0.10139288566143294,2.8415740361610577,2.8415740361610577,12.698427677762412,687.9530246966015,275.80798035581904,357.5323540413985,750.0,1013.9288566143339,253482.21415358348,715.064708082797,2.5926179045301523,True
3,13,1.0,1.0294736842105263,1.1050736880207033,0.07560000381017695,0.5069644283071648,0.10139288566143294,3.3295103686162655,3.3295103686162655,11.765322752902454,550.4762030458451,291.84751241064066,368.6396838882629,749.9999999999998,1013.9288566143339,253482.21415358348,737.2793677765258,2.5262485936119456,True
3,14,1.0,1.1078947368421053,1.1784746655724603,0.07057992873035501,0.5069644283071648,0.10139288566143294,3.8560874204633557,3.8560874204633557,10.958268054392697,448.3645362160852,308.2614877364739,378.8781664518222,750.0000000000001,1013.9288566143352,253482.2141535838,757.7563329036444,2.458160889534907,True
3,15,1.0,1.1863157894736842,1.252484308016773,0.0661685185430887,0.5069644283071648,0.10139288566143294,4.421305191702327,4.421305191702327,10.253593872940073,370.7510664824759,324.98645631123986,388.34375540770753,750.0,1013.928856614324,253482.214153581,776.6875108154151,2.389907319927144,True
3,16,1.0,1.2647368421052632,1.3270007796727465,0.062263937567483385,0.5069644283071648,0.10139288566143294,5.025163682333181,5.025163682333181,9.633159865299247,310.584223752276,341.97227771839,397.119218762271,750.0000000000002,1013.928856614321,253482.21415358025,794.238437524542,2.3225228747301783,True
3,17,1.0,1.343157894736842,1.4019432654952875,0.058785370758445366,0.5069644283071648,0.10139288566143294,5.667662892355917,5.667662892355917,9.082839872924552,263.1409890205951,359.17884246422256,405.27622569686787,750.0000000000001,1013.9288566143325,253482.21415358313,810.5524513937357,2.2566820635446367,True
3,18,1.0,1.421578947368421,1.4772469302979756,0.05566798292955455,0.5069644283071648,0.10139288566143294,6.348802821770534,6.348802821770534,8.591476620610884,225.1703083234929,376.5737139114056,412.8770756321782,750.0000000000001,1013.9288566143149,253482.21415357874,825.7541512643564,2.192808793495945,True
3,19,1.0,1.5,1.5528592304113351,0.05285923041133511,0.5069644283071648,0.10139288566143294,7.0685834705770345,7.0685834705770345,8.150145273175458,194.3803983182448,394.13040146523934,419.97613179054537,750.0000000000003,1013.9288566143335,253482.2141535834,839.9522635810907,2.131153193101677,True
4,0,1.0,0.01,0.461801962567916,0.451801962567916,0.6696651969788355,0.1339330393957671,0.0003141592653589793,0.0003141592653589793,69.08402825353379,12108164577970.74,136.36269818779678,136.3722028088327,42.03076875427812,1339.3303939576708,334832.5984894177,272.7444056176654,2.000139402067607,True
4,1,1.0,0.08842105263157894,0.470084391551193,0.38166333891961407,0.6696651969788355,0.1339330393957671,0.02456185901798291,0.02456185901798291,61.51611535606943,9424582.31761982,147.78378794584583,147.7916738955797,348.82948041245453,1339.3303939576708,334832.5984894177,295.5833477911594,2.000106722798806,True
4,2,1.0,0.1668421052631579,0.4909147998586125,0.3240726945954546,0.6696651969788355,0.1339330393957671,0.08745027816248885,0.08745027816248885,54.50729301948057,221853.38636303277,160.44697219251546,160.43732971713743,608.6008996458935,1339.3303939576713,334832.5984894178,320.87465943427486,1.9998798048321353,True
4,3,1.0,0.24526315789473685,0.5227954372907988,0.27753227939606195,0.6696651969788355,0.1339330393957671,0.18897941669887677,0.18897941669887677,46.18395857677138,32992.01718025176,166.85583634451456,178.97357542028783,749.9999999999998,1339.3303939576715,334832.59848941787,357.94715084057566,2.1452480097939546,True
4,4,1.0,0.3236842105263158,0.5638550529840299,0.24017084245771414,0.6696651969788355,0.1339330393957671,0.32914927462714666,0.32914927462714666,37.39813498827265,12070.142097839936,165.4084873313317,204.53001322914463,750.0,1339.3303939576715,334832.59848941787,409.06002645828926,2.4730292444963617,True
4,5,1.0,0.40210526315789474,0.6122497001149602,0.21014443695706542,0.6696651969788355,0.1339330393957671,0.5079598519472986,0.5079598519472986,31.38626458771398,5728.382608088207,168.98177534960982,227.27974942510136,750.0,1339.3303939576708,334832.5984894177,454.5594988502027,2.6899912603578424,True
4,6,1.0,0.4805263157894737,0.6663832176741727,0.18585690188469906,0.6696651969788355,0.1339330393957671,0.7254111486593324,0.7254111486593324,27.001091463905503,3188.7157292951083,175.6113966032429,247.774283762062,750.0000000000003,1339.3303939576701,334832.5984894175,495.548567524124,2.821847426244847,True
4,7,1.0,0.5589473684210526,0.7249711810109413,0.16602381258988863,0.6696651969788355,0.1339330393957671,0.9815031647632483,0.9815031647632483,23.66193707310609,1973.550796490418,184.29576167500142,266.35683567244996,749.9999999999999,1339.3303939576701,334832.5984894175,532.7136713448999,2.890536746495127,True
4,8,1.0,0.6373684210526316,0.787019413220985,0.14965099216835342,0.6696651969788355,0.1339330393957671,1.2762359002590462,1.2762359002590462,21.03754658605167,1316.2496957464525,194.4498378871309,283.2797217497639,750.0000000000003,1339.330393957671,334832.59848941775,566.5594434995278,2.913653462793778,True
4,9,1.0,0.7157894736842105,0.8517720488890781,0.13598257520486756,0.6696651969788355,0.1339330393957671,1.609609355146726,1.609609355146726,18.923416080640326,927.5885749067714,205.69978211865885,298.7460132210297,750.0,1339.3303939576722,334832.59848941804,597.4920264420595,2.9046799188994448,True
4,10,1.0,0.7942105263157895,0.9186573968255969,0.1244468705098074,0.6696651969788355,0.1339330393957671,1.981623529426288,1.981623529426288,17.18599701495548,681.792795320799,217.79152886661205,312.92625410294295,750.0000000000001,1339.3303939576754,334832.59848941886,625.8525082058859,2.8736310886967216,True
4,11,1.0,0.8726315789473684,0.9872420803469412,0.11461050139957274,0.6696651969788355,0.1339330393957671,2.3922784230977316,2.3922784230977316,15.734295605776316,517.9965558888089,230.54468917898686,325.9663905180077,750.0000000000002,1339.3303939576729,334832.5984894182,651.9327810360154,2.8277935326017314,True
4,12,1.0,0.9510526315789474,1.0571954221736017,0.10614279059465437,0.6696651969788355,0.1339330393957671,2.8415740361610577,2.8415740361610577,14.50419187783691,404.18895154370256,243.8269710595151,337.9923868414567,750.0000000000002,1339.3303939576701,334832.5984894175,675.9847736829134,2.7723954029593965,True
4,13,1.0,1.0294736842105263,1.1282628767772045,0.09878919256667817,0.6696651969788355,0.1339330393957671,3.3295103686162655,3.3295103686162655,13.44923724752313,322.3764528563306,257.53890354954797,349.1134465536357,750.0000000000003,1339.3303939576647,334832.5984894162,698.2268931072714,2.711151144483068,True
4,14,1.0,1.1078947368421053,1.2002465582346058,0.09235182139250053,0.6696651969788355,0.1339330393957671,3.8560874204633557,3.8560874204633557,12.53499152047785,261.88025494177236,271.6041824084114,359.4245291624061,749.9999999999999,1339.3303939576788,334832.5984894197,718.8490583248122,2.6466788985004595,True
4,15,1.0,1.1863157894736842,1.272991046703059,0.08667525722937475,0.6696651969788355,0.1339330393957671,4.421305191702327,4.421305191702327,11.735402126290436,216.07023939140348,285.96329505675527,369.0084266128169,750.0,1339.3303939576667,334832.5984894167,738.0168532256338,2.5808097262243366,True
4,16,1.0,1.2647368421052632,1.3463730286996884,0.08163618659442529,0.6696651969788355,0.1339330393957671,5.025163682333181,5.025163682333181,11.03041447000237,180.6704542145832,300.5691636523469,377.93751302180914,749.9999999999999,1339.3303939576695,334832.59848941735,755.8750260436183,2.514812287656696,True
4,17,1.0,1.343157894736842,1.420293695974704,0.07713580123786179,0.6696651969788355,0.1339330393957671,5.667662892355917,5.667662892355917,10.404351705284096,152.83226018968514,315.3840844838557,386.27522897555946,749.9999999999999,1339.330393957677,334832.59848941927,772.5504579511189,2.449554355970253,True
4,18,1.0,1.421578947368421,1.4946731268851685,0.07309417951674746,0.6696651969788355,0.1339330393957671,6.348802821770534,6.348802821770534,9.844790250939846,130.60400722436162,330.3775291692378,394.07734223517537,750.0000000000002,1339.3303939576613,334832.5984894153,788.1546844703507,2.385618315059842,True
4,19,1.0,1.5,1.569446097396014,0.06944609739601404,0.6696651969788355,0.1339330393957671,7.0685834705770345,7.0685834705770345,9.341763204016662,112.61557258082506,345.524535036753,401.39301828667294,750.0000000000005,1339.3303939576585,334832.5984894146,802.7860365733459,2.323383595575795,True
5,0,1.0,0.01,0.5148303757447433,0.5048303757447433,0.8323659656505062,0.1664731931301012,0.0003141592653589793,0.0003141592653589793,72.8370473761693,9798951285083.248,131.40400832144695,131.3955403151864,41.8137700285696,1664.7319313010119,416182.982825253,262.7910806303728,1.9998711149474246,True
5,1,1.0,0.08842105263157894,0.5222725326282727,0.4338514799966937,0.8323659656505062,0.1664731931301012,0.02456185901798291,0.02456185901798291,65.50286536224709,7331224.685193387,141.53189861915394,141.5249853891755,347.93276966679497,1664.7319313010116,416182.9828252529,283.049970778351,1.9999023085248502,True
5,2,1.0,0.1668421052631579,0.541097591824355,0.3742554865611971,0.8323659656505062,0.1664731931301012,0.08745027816248885,0.08745027816248885,58.60235359939219,166044.41983131858,152.76555344749048,152.77377032106043,609.154901364881,1664.7319313010123,416182.9828252531,305.54754064212085,2.000107574952396,True
5,3,1.0,0.24526315789473685,0.5701792107837432,0.3249160528890064,0.8323659656505062,0.1664731931301012,0.18897941669887677,0.18897941669887677,49.97122409415106,24070.96699785282,157.64387906105503,169.9838741403161,750.0,1664.7319313010114,416182.98282525287,339.9677482806322,2.1565553341209247,True
5,4,1.0,0.3236842105263158,0.6080475178253077,0.28436330729899195,0.8323659656505062,0.1664731931301012,0.32914927462714666,0.32914927462714666,40.693644096583846,8610.053153345147,155.2322234644777,194.04880300951197,750.0000000000001,1664.7319313010125,416182.98282525316,388.09760601902394,2.500109818422034,True
5,5,1.0,0.40210526315789474,0.6531760547117089,0.2510707915538142,0.8323659656505062,0.1664731931301012,0.5079598519472986,0.5079598519472986,34.30668687347226,4013.057932268939,157.6393025419998,215.56860418212477,749.9999999999999,1664.7319313010132,416182.98282525333,431.13720836424955,2.7349601362856943,True
5,6,1.0,0.4805263157894737,0.7041703316355202,0.22364401584604654,0.8323659656505062,0.1664731931301012,0.7254111486593324,0.7254111486593324,29.619015176609775,2202.209475378877,162.9699024554613,235.07555569076314,749.9999999999999,1664.7319313010114,416182.98282525287,470.1511113815263,2.884895335259931,True
5,7,1.0,0.5589473684210526,0.7598502987130383,0.2009029302919857,0.8323659656505062,0.1664731931301012,0.9815031647632483,0.9815031647632483,26.02904530168003,1347.7723182036175,170.26164984494352,252.88401197797572,750.0000000000001,1664.7319313010128,416182.9828252532,505.76802395595143,2.9705340246412035,True
5,8,1.0,0.6373684210526316,0.81926114270396,0.18189272165132842,0.8323659656505062,0.1664731931301012,1.2762359002590462,1.2762359002590462,23.193321659959185,890.97771601827,178.95482062585805,269.21421945214985,750.0000000000001,1664.731931301011,416182.98282525275,538.4284389042997,3.00873950766599,True
5,9,1.0,0.7157894736842105,0.8816489587282417,0.16585948504403114,0.8323659656505062,0.1664731931301012,1.609609355146726,1.609609355146726,20.899123104782948,623.506935173368,188.69301446003175,284.238496866011,750.0000000000001,1664.7319313010073,416182.9828252518,568.476993732022,3.0127082094628084,True
5,10,1.0,0.7942105263157895,0.9464252088254396,0.1522146825096501,0.8323659656505062,0.1664731931301012,1.981623529426288,1.981623529426288,19.006887982893396,455.7296394612687,199.2346013033801,298.1001138307311,750.0000000000001,1664.7319313010132,416182.98282525333,596.2002276614622,2.992453237345111,True
5,11,1.0,0.8726315789473684,1.0131318711627084,0.14050029221534,0.8323659656505062,0.1664731931301012,2.3922784230977316,2.3922784230977316,17.42102534777184,344.6840936072609,210.40822911875208,310.92185101290926,749.9999999999998,1664.7319313010094,416182.98282525234,621.8437020258185,2.955415311607688,True
5,12,1.0,0.9510526315789474,1.0814117734807194,0.130359141901772,0.8323659656505062,0.1664731931301012,2.8415740361610577,2.8415740361610577,16.073817468592686,267.96770379198404,222.08825863007542,322.81046792217035,750.0000000000003,1664.7319313010098,416182.98282525246,645.6209358443407,2.9070466841731095,True
5,13,1.0,1.0294736842105263,1.1509849617920593,0.12151127758153302,0.8323659656505062,0.1664731931301012,3.3295103686162655,3.3295103686162655,14.915960697020155,213.08310168092757,234.18016866276852,333.8594560396635,750.0,1664.7319313010207,416182.9828252552,667.718912079327,2.851304258136719,True
5,14,1.0,1.1078947368421053,1.2216304939350162,0.11373575709291095,0.8323659656505062,0.1664731931301012,3.8560874204633557,3.8560874204633557,13.910726864285728,172.66314198390492,246.61137434763938,344.1510068227219,750.0000000000003,1664.731931301024,416182.98282525595,688.3020136454438,2.7910392027383484,True
5,15,1.0,1.1863157894736842,1.2931726366359768,0.1068568471622926,0.8323659656505062,0.1664731931301012,4.421305191702327,4.421305191702327,13.030215075490885,142.16101623938403,259.32518533387287,353.75756592354884,750.0000000000002,1664.7319313010196,416182.9828252549,707.5151318470977,2.7282931695824093,True
5,16,1.0,1.2647368421052632,1.3654704667505142,0.10073362464525104,0.8323659656505062,0.1664731931301012,5.025163682333181,5.025163682333181,12.252866655278323,118.65980581602653,272.27668629523373,362.7431278073513,750.0000000000002,1664.7319313010078,416182.98282525194,725.4862556147026,2.6645184554216548,True
5,17,1.0,1.343157894736842,1.4384100409769738,0.09525214624013167,0.8323659656505062,0.1664731931301012,5.667662892355917,5.667662892355917,11.561772299696427,100.2253279036001,285.42984677860943,371.16434037323006,750.0000000000001,1664.7319313010182,416182.98282525456,742.3286807464601,2.6007395131394206,True
5,18,1.0,1.421578947368421,1.5118984818401602,0.09031953447173913,0.8323659656505062,0.1664731931301012,6.348802821770534,6.348802821770534,10.943491757683338,85.53792529936847,298.75544565087404,379.0714562083458,750.0000000000001,1664.7319313010116,416182.9828252529,758.1429124166916,2.537670604681323,True
5,19,1.0,1.5,1.5858594880346346,0.08585948803463461,0.8323659656505062,0.1664731931301012,7.0685834705770345,7.0685834705770345,10.387214002813053,73.67455992531592,312.22955124826564,386.50915401838483,750.0000000000001,1664.7319313010134,416182.98282525333,773.0183080367697,2.4758012332475,True
6,0,1.0,0.01,0.5628850494971139,0.5528850494971139,0.9950667343221768,0.19901334686443534,0.0003141592653589793,0.0003141592653589793,75.94529172493084,8290591353800.246,127.55824676546635,127.5654705939708,41.507540782579156,1990.1334686443538,497533.36716108845,255.1309411879416,2.0001132632140632,True
6,1,1.0,0.08842105263157894,0.5696997994521719,0.4812787468205929,0.9950667343221768,0.19901334686443534,0.02456185901798291,0.02456185901798291,68.804007118943,6022305.660636501,136.76856059702314,136.76023309074972,346.05617373894387,1990.133468644353,497533.3671610882,273.52046618149944,1.99987822484587,True
6,2,1.0,0.1668421052631579,0.5870058492349213,0.42016374397176337,0.9950667343221768,0.19901334686443534,0.08745027816248885,0.08745027816248885,62.00703030274618,132470.99262506026,146.97722035362645,146.98717061348125,607.4759539548846,1990.1334686443533,497533.36716108833,293.9743412269625,2.0001353986669614,True
6,3,1.0,0.24526315789473685,0.6139166031049063,0.3686534452101694,0.9950667343221768,0.19901334686443534,0.18897941669887677,0.18897941669887677,53.22841719254552,18698.177626345856,151.02229939020114,163.0076976474003,750.0000000000002,1990.133468644353,497533.3671610882,326.0153952948006,2.1587235567938494,True
6,4,1.0,0.3236842105263158,0.6492388213064686,0.3255546107801528,0.9950667343221768,0.19901334686443534,0.32914927462714666,0.32914927462714666,43.54133387810247,6569.090495377582,147.91313374952585,185.89552063192414,750.0,1990.1334686443531,497533.3671610883,371.7910412638483,2.513576934239216,True
6,5,1.0,0.40210526315789474,0.6916850595514177,0.28957979639352294,0.9950667343221768,0.19901334686443534,0.5079598519472986,0.5079598519472986,36.843833577186125,3016.6942531801847,149.46473091900245,206.4170786405221,749.9999999999998,1990.1334686443536,497533.3671610884,412.8341572810442,2.7620841033378385,True
6,6,1.0,0.4805263157894737,0.7400304852596097,0.259504169470136,0.9950667343221768,0.19901334686443534,0.7254111486593324,0.7254111486593324,31.905396291299798,1635.627903165042,153.8347225896505,225.09641224710458,749.9999999999999,1990.133468644351,497533.36716108775,450.19282449420916,2.9264708052621184,True
6,7,1.0,0.5589473684210526,0.7931971631392716,0.23424979471821894,0.9950667343221768,0.19901334686443534,0.9815031647632483,0.9815031647632483,28.106367022640995,991.3582765429987,160.09150378214557,242.23285219872454,750.0,1990.1334686443515,497533.36716108787,484.4657043974491,3.026179984271469,True
6,8,1.0,0.6373684210526316,0.8502811788476169,0.2129127577949853,0.9950667343221768,0.19901334686443534,1.2762359002590462,1.2762359002590462,25.093204911694112,650.2705927000397,167.69556656952562,258.02781581972135,750.0,1990.133468644354,497533.3671610885,516.0556316394427,3.0773361645520247,True
6,9,1.0,0.7157894736842105,0.9105460721921146,0.19475659850790406,0.9950667343221768,0.19901334686443534,1.609609355146726,1.609609355146726,22.64665156696732,452.20728249679064,176.30458145541877,272.634034176177,750.0,1990.1334686443486,497533.36716108717,545.268068352354,3.0927617640511125,True
6,10,1.0,0.7942105263157895,0.9734012220344557,0.1791906957186662,0.9950667343221768,0.19901334686443534,1.981623529426288,1.981623529426288,20.622460002129515,328.84364689569105,185.68698828247562,286.1763281336943,749.9999999999999,1990.1334686443545,497533.3671610886,572.3526562673886,3.0823519814791727,True
6,11,1.0,0.8726315789473684,1.0383763535075063,0.16574477456013792,0.9950667343221768,0.19901334686443534,2.3922784230977316,2.3922784230977316,18.92147644983526,247.6828900864974,195.6787504233678,298.7610585273529,750.0000000000001,1990.1334686443543,497533.36716108856,597.5221170547057,3.053587146084668,True
6,12,1.0,0.9510526315789474,1.1050975916092702,0.15404496003032286,0.9950667343221768,0.19901334686443534,2.8415740361610577,2.8415740361610577,17.47318329260724,191.89800208771382,206.15959618567075,310.48084868513985,749.9999999999999,1990.1334686443543,497533.36716108856,620.9616973702797,3.012043624741248,True
6,13,1.0,1.0294736842105263,1.1732670818826219,0.14379339767209554,0.9950667343221768,0.19901334686443534,3.3295103686162655,3.3295103686162655,16.22603504546026,152.16132893762267,217.03897563027127,321.41725657066917,750.0,1990.1334686443452,497533.3671610863,642.8345131413383,2.9618390488370867,True
6,14,1.0,1.1078947368421053,1.2426465011699048,0.13475176432779956,0.9950667343221768,0.19901334686443534,3.8560874204633557,3.8560874204633557,15.141487488347504,123.00556636085938,228.2472656225314,331.6425135195985,750.0000000000002,1990.1334686443581,497533.36716108955,663.285027039197,2.9059933105008944,True
6,15,1.0,1.1863157894736842,1.3130440705863375,0.12672828111265333,0.9950667343221768,0.19901334686443534,4.421305191702327,4.421305191702327,14.190156274725561,101.07369503404367,239.7300027438846,341.220803857141,750.0000000000001,1990.1334686443581,497533.36716108955,682.441607714282,2.8467092141293975,True
6,16,1.0,1.2647368421052632,1.3843044674946916,0.11956762538942844,0.9950667343221768,0.19901334686443534,5.025163682333181,5.025163682333181,13.349262672883858,84.22196062056764,251.44396020841023,350.20929039142965,750.0000000000002,1990.1334686443563,497533.3671610891,700.4185807828593,2.7855852262361553,True
6,17,1.0,1.343157894736842,1.4563010365790703,0.11314314184222818,0.9950667343221768,0.19901334686443534,5.667662892355917,5.667662892355917,12.600887788824053,71.03470106495288,263.35439889032057,358.6589771641261,750.0000000000001,1990.1334686443493,497533.3671610873,717.3179543282522,2.7237743411568918,True
6,18,1.0,1.421578947368421,1.5289297833937556,0.10735083602533457,0.9950667343221768,0.19901334686443534,6.348802821770534,6.348802821770534,11.930751096875762,60.549593426389805,275.43309378163195,366.61545286989787,750.0,1990.133468644353,497533.3671610882,733.2309057397957,2.6621016947263194,True
6,19,1.0,1.5,1.6021047340755747,0.10210473407557474,0.9950667343221768,0.19901334686443534,7.0685834705770345,7.0685834705770345,11.327338301093777,52.095760500776905,287.65688827185204,374.11953811320245,750.0000000000001,1990.1334686443572,497533.3671610893,748.2390762264049,2.6011512560035643,True
7,0,1.0,0.01,0.607148122047053,0.597148122047053,1.1577675029938477,0.23155350059876947,0.0003141592653589793,0.0003141592653589793,78.60471080244463,7224281013441.775,124.4691592051081,124.47755872861755,41.16946448274374,2315.5350059876946,578883.7514969236,248.9551174572351,2.0001349655378586,True
7,1,1.0,0.08842105263157894,0.6134713723180077,0.5250503196864288,1.1577675029938477,0.23155350059876947,0.02456185901798291,0.02456185901798291,71.61328082394877,5131489.452033088,132.96714350383215,132.97394325418486,343.6386742991334,2315.535005987694,578883.7514969235,265.9478865083697,2.000102277151686,True
7,2,1.0,0.1668421052631579,0.629575357041479,0.46273325177832114,1.1577675029938477,0.23155350059876947,0.08745027816248885,0.08745027816248885,64.91960216582312,110250.64030025832,142.41324246271964,142.4051532812862,604.6259632618617,2315.535005987695,578883.7514969237,284.8103065625724,1.9998863984655704,True
7,3,1.0,0.24526315789473685,0.654738771362871,0.4094756134681341,1.1577675029938477,0.23155350059876947,0.18897941669887677,0.18897941669887677,56.0981351997994,15155.832276420279,146.0078711376272,157.3615881530484,750.0000000000002,2315.535005987694,578883.7514969235,314.7231763060968,2.155521985588286,True
7,4,1.0,0.3236842105263158,0.6879682479949983,0.36428403746868254,1.1577675029938477,0.23155350059876947,0.32914927462714666,0.32914927462714666,46.05850898606716,5246.5360722672285,142.3665996366609,179.28935254229782,750.0000000000001,2315.5350059876937,578883.7514969234,358.57870508459564,2.5186996528661756,True
7,5,1.0,0.40210526315789474,0.7281603427573785,0.32605507959948377,1.1577675029938477,0.23155350059876947,0.5079598519472986,0.5079598519472986,39.09544564332481,2379.5008917571186,143.2589360027136,198.9804246509857,750.0000000000002,2315.535005987694,578883.7514969235,397.9608493019714,2.777912920520597,True
7,6,1.0,0.4805263157894737,0.774231478481383,0.29370516269190927,1.1577675029938477,0.23155350059876947,0.7254111486593324,0.7254111486593324,33.942807687133964,1276.8798392886724,146.88392544866977,216.9550902458464,750.0000000000003,2315.5350059876923,578883.751496923,433.9101804916928,2.954102562048749,True
7,7,1.0,0.5589473684210526,0.8251975537833853,0.2662501853623327,1.1577675029938477,0.23155350059876947,0.9815031647632483,0.9815031647632483,29.964708903959924,767.3778106585158,152.3345460217269,233.5045614288661,750.0,2315.535005987693,578883.7514969232,467.0091228577322,3.065680996555597,True
7,8,1.0,0.6373684210526316,0.8802086947198305,0.24284027366719896,1.1577675029938477,0.23155350059876947,1.2762359002590462,1.2762359002590462,26.798818492532764,499.86883114152823,159.08773428312585,248.81878634896793,749.9999999999999,2315.535005987693,578883.7514969232,497.63757269793587,3.128070023376525,True
7,9,1.0,0.7157894736842105,0.9385538944260912,0.22276442074188063,1.1577675029938477,0.23155350059876947,1.609609355146726,1.609609355146726,24.220372701381763,345.6449834366638,166.81276724282648,263.037598131458,750.0,2315.5350059876914,578883.7514969228,526.075196262916,3.1536866449623573,True
7,10,1.0,0.7942105263157895,0.9996495396968212,0.20543901338103177,1.1577675029938477,0.23155350059876947,1.981623529426288,1.981623529426288,22.081277847143447,250.18111618907622,175.28647286351853,276.27296786351667,750.0000000000001,2315.5350059876932,578883.7514969233,552.5459357270333,3.1522451601684995,True
7,11,1.0,0.8726315789473684,1.0630215024548848,0.19038992350751638,1.1577675029938477,0.23155350059876947,2.3922784230977316,2.3922784230977316,20.279492319865486,187.71015935737074,184.35094605263455,288.6193153446968,750.0,2315.5350059876955,578883.7514969239,577.2386306893936,3.1311942957134846,True
7,12,1.0,0.9510526315789474,1.1282862890855778,0.17723365750663045,1.1577675029938477,0.23155350059876947,2.8415740361610577,2.8415740361610577,18.742235290037744,144.96829828762233,193.8904281819181,300.15862236721296,750.0000000000002,2315.535005987692,578883.7514969229,600.3172447344259,3.096167512566309,True
7,13,1.0,1.0294736842105263,1.1951338454697271,0.1656601612592008,1.1577675029938477,0.23155350059876947,3.3295103686162655,3.3295103686162655,17.41614278899721,114.64259935134284,203.81771001698567,310.963204191183,750.0,2315.5350059876964,578883.7514969241,621.926408382366,3.0513855166488537,True
7,14,1.0,1.1078947368421053,1.2633129422386604,0.15541820539655515,1.1577675029938477,0.23155350059876947,3.8560874204633557,3.8560874204633557,16.26118747699604,92.46766811945524,214.06565541501504,321.09739035274305,749.9999999999999,2315.5350059877,578883.751496925,642.1947807054861,2.999989790330659,True
7,15,1.0,1.1863157894736842,1.3326192233567073,0.14630343388302314,1.1577675029938477,0.23155350059876947,4.421305191702327,4.421305191702327,15.24676357519494,75.83613524152054,224.58166370206777,330.61867394073744,750.0,2315.5350059876987,578883.7514969247,661.2373478814749,2.944306925959364,True
7,16,1.0,1.2647368421052632,1.4028856410569097,0.13814879895164656,1.1577675029938477,0.23155350059876947,5.025163682333181,5.025163682333181,14.349079223210175,63.089680580182204,235.32391240517944,339.57858273030484,749.9999999999999,2315.5350059876982,578883.7514969246,679.1571654606097,2.8860524989540397,True
7,17,1.0,1.343157894736842,1.4739748886257082,0.13081699388886614,1.1577675029938477,0.23155350059876947,5.667662892355917,5.667662892355917,13.549370220144484,53.13720364583021,246.25872839351874,348.0233887952338,749.9999999999998,2315.5350059877037,578883.751496926,696.0467775904676,2.8264857133437014,True
7,18,1.0,1.421578947368421,1.5457734457889911,0.12419449842057007,1.1577675029938477,0.23155350059876947,6.348802821770534,6.348802821770534,12.832647028750888,45.23945637951888,257.3587015916283,355.9947117414286,750.0000000000003,2315.535005987688,578883.751496922,711.9894234828572,2.7665255500574757,True
7,19,1.0,1.5,1.6181868996210738,0.11818689962107376,1.1577675029938477,0.23155350059876947,7.0685834705770345,7.0685834705770345,12.186797702433887,38.882614486250574,268.6013028775674,363.5300430597174,750.0000000000001,2315.535005987687,578883.7514969218,727.0600861194348,2.7068375258434245,True
8,0,1.0,0.01,0.6483965648144335,0.6383965648144335,1.3204682716655183,0.2640936543331036,0.0003141592653589793,0.0003141592653589793,80.92973925840153,6429191519436.163,121.91596343926994,121.90914975059972,40.821210708862424,2640.9365433310363,660234.1358327591,243.81829950119945,1.9998882231911554,True
8,1,1.0,0.08842105263157894,0.6543213184755899,0.565900265844011,1.3204682716655183,0.2640936543331036,0.02456185901798291,0.02456185901798291,74.06204611791514,4485748.267220853,129.84849257968708,129.8562206722582,341.0101733348989,2640.936543331036,660234.135832759,259.7124413445164,2.000119032457252,True
8,2,1.0,0.1668421052631579,0.6694433458865662,0.5026012406234083,1.3204682716655183,0.2640936543331036,0.08745027816248885,0.08745027816248885,67.45391276670642,94592.33210855199,138.67504301820352,138.66569982236427,600.9751833162427,2640.9365433310372,660234.1358327593,277.33139964472855,1.9998652505074324,True
8,3,1.0,0.24526315789473685,0.693160963906405,0.4478978060116682,1.3204682716655183,0.2640936543331036,0.18897941669887677,0.18897941669887677,58.67105143593589,12667.123498620664,142.06631475675783,152.65204876019513,750.0,2640.936543331035,660234.1358327587,305.30409752039026,2.1490252495331057,True
8,4,1.0,0.3236842105263158,0.7246306461965312,0.4009464356702154,1.3204682716655183,0.2640936543331036,0.32914927462714666,0.32914927462714666,48.320673916018706,4330.920699968705,138.0030754972204,173.7768849317006,749.9999999999999,2640.936543331037,660234.1358327592,347.5537698634012,2.518449452022549,True
8,5,1.0,0.40210526315789474,0.7628936675071027,0.360788404349208,1.3204682716655183,0.2640936543331036,0.5079598519472986,0.5079598519472986,41.125100115863354,1943.402114159127,138.36884506782928,192.7631353556624,749.9999999999998,2640.9365433310363,660234.1358327591,385.5262707113248,2.7862216420346457,True
8,6,1.0,0.4805263157894737,0.8069842906955271,0.32645797490605344,1.3204682716655183,0.2640936543331036,0.7254111486593324,0.7254111486593324,35.78537844227586,1033.5193841842442,141.3958222985145,210.12917327409855,750.0000000000002,2640.9365433310336,660234.1358327584,420.2583465481971,2.9722119063811427,True
8,7,1.0,0.5589473684210526,0.8560024917767342,0.2970551233556815,1.3204682716655183,0.2640936543331036,0.9815031647632483,0.9815031647632483,31.65072242520627,616.4743060843789,146.19695178089515,226.16171168325178,749.9999999999998,2640.936543331037,660234.1358327592,452.32342336650356,3.093931972291728,True
8,8,1.0,0.6373684210526316,0.9091515877004684,0.27178316664783686,1.3204682716655183,0.2640936543331036,1.2762359002590462,1.2762359002590462,28.35088156083224,399.07302764774795,152.26274255871155,241.04352446118477,749.9999999999999,2640.936543331035,660234.1358327587,482.08704892236955,3.1661524074839242,True
8,9,1.0,0.7157894736842105,0.965749799844803,0.2499603261605925,1.3204682716655183,0.2640936543331036,1.609609355146726,1.609609355146726,25.656265972478078,274.52363979660987,159.27219239209512,254.90573488410396,750.0,2640.936543331032,660234.135832758,509.8114697682079,3.200881849564535,True
8,10,1.0,0.7942105263157895,1.0252260557428108,0.2310155294270213,1.3204682716655183,0.2640936543331036,1.981623529426288,1.981623529426288,23.41549427734617,197.85089390730585,167.00924021019264,267.8511580794578,749.9999999999998,2640.9365433310372,660234.1358327593,535.7023161589156,3.2076208207683434,True
8,11,1.0,0.8726315789473684,1.0871080801094872,0.2144765011621188,1.3204682716655183,0.2640936543331036,2.3922784230977316,2.3922784230977316,21.524097815646886,147.9163783131387,175.3212280581783,279.965352488899,750.0000000000002,2640.9365433310313,660234.1358327578,559.930704977798,3.193741631743485,True
8,12,1.0,0.9510526315789474,1.1510079119173764,0.19995528033842902,1.3204682716655183,0.2640936543331036,2.8415740361610577,2.8415740361610577,19.90740832204419,113.89369591444728,184.09628587453983,291.3221441573672,750.0000000000001,2640.936543331036,660234.135832759,582.6442883147344,3.164888881635569,True
8,13,1.0,1.0294736842105263,1.2166076490574733,0.187133964846947,1.3204682716655183,0.2640936543331036,3.3295103686162655,3.3295103686162655,18.51054673237565,89.84148993906777,193.25009563458875,301.98657521290016,750.0000000000001,2640.936543331034,660234.1358327585,603.9731504258003,3.1253446392483886,True
8,14,1.0,1.1078947368421053,1.283646701076895,0.17575196423478978,1.3204682716655183,0.2640936543331036,3.8560874204633557,3.8560874204633557,17.292246018832937,72.3091589933703,202.71767834029478,312.0166180441941,750.0000000000002,2640.9365433310345,660234.1358327586,624.0332360883882,3.078336537777659,True
8,15,1.0,1.1863157894736842,1.3519109651222334,0.1655951756485492,1.3204682716655183,0.2640936543331036,4.421305191702327,4.421305191702327,16.220873829270296,59.195660561491565,212.44804928499954,321.4642795404075,750.0000000000002,2640.936543331029,660234.1358327572,642.928559080815,3.0262860084835372,True
8,16,1.0,1.2647368421052632,1.421223903908723,0.15648706180345995,1.3204682716655183,0.2640936543331036,5.025163682333181,5.025163682333181,15.271781253341029,49.16948766736239,222.40060214686915,330.37639030757583,750.0,2640.9365433310345,660234.1358327586,660.7527806151517,2.971002660230223,True
8,17,1.0,1.343157894736842,1.4914393167196123,0.14828142198277017,1.3204682716655183,0.2640936543331036,5.667662892355917,5.667662892355917,14.425484154906245,41.35742983473845,232.54258369708523,338.7952197909431,749.9999999999997,2640.936543331042,660234.1358327605,677.5904395818862,2.9138337968435475,True
8,18,1.0,1.421578947368421,1.562435537506833,0.140856590138412,1.3204682716655183,0.2640936543331036,6.348802821770534,6.348802821770534,13.666385129030267,35.169626143172245,242.8472834243181,346.7589856154937,750.0000000000002,2640.936543331035,660234.1358327587,693.5179712309874,2.8557781724048734,True
8,19,1.0,1.5,1.6341107995675073,0.13411079956750727,1.3204682716655183,0.2640936543331036,7.0685834705770345,7.0685834705770345,12.981856611260719,30.19719725427499,253.29270716141383,354.30229109625975,750.0,2640.9365433310395,660234.1358327599,708.6045821925195,2.7975719874988454,True
9,0,1.0,0.01,0.6871734631234334,0.6771734631234334,1.4831690403371889,0.2966338080674377,0.0003141592653589793,0.0003141592653589793,82.98414251808587,5815786899715.33,119.74210380175967,119.73451555598945,40.462287450139684,2966.3380806743776,741584.5201685944,239.4690311119789,1.999873256849023,True
9,1,1.0,0.08842105263157894,0.6927666641586683,0.6043456115270893,1.4831690403371889,0.2966338080674377,0.02456185901798291,0.02456185901798291,76.2274150826158,3997357.1378142997,127.22130550075462,127.22991861373814,338.26170527332084,2966.338080674377,741584.5201685943,254.45983722747627,2.0001354036251966,True
9,2,1.0,0.1668421052631579,0.7070669392000274,0.5402248339368695,1.4831690403371889,0.2966338080674377,0.08745027816248885,0.08745027816248885,69.69132501853217,83017.49652064999,135.53149363949484,135.53892028531152,596.8273274088043,2966.338080674377,741584.5201685943,271.07784057062304,2.0001095929162624,True
9,3,1.0,0.24526315789473685,0.72956246137089,0.48429930347615313,1.4831690403371889,0.2966338080674377,0.18897941669887677,0.18897941669887677,61.00863747844284,10834.482839629438,138.8801384181518,148.63357161817615,750.0000000000003,2966.338080674377,741584.5201685943,297.2671432363523,2.140458287428515,True
9,4,1.0,0.3236842105263158,0.7595254021855339,0.4358411916592181,1.4831690403371889,0.2966338080674377,0.32914927462714666,0.32914927462714666,50.37951018954567,3665.189208661675,134.4722414057879,169.0735178975166,750.0,2966.338080674376,741584.5201685941,338.1470357950332,2.514623332369611,True
9,5,1.0,0.40210526315789474,0.7961130642567879,0.3940078010988931,1.4831690403371889,0.2966338080674377,0.5079598519472986,0.5079598519472986,42.97670279732567,1629.5142829613724,134.40580383518042,187.4518025214918,750.0000000000001,2966.3380806743758,741584.520168594,374.9036050429836,2.789340894108424,True
9,6,1.0,0.4805263157894737,0.8384586504934263,0.3579323347039526,1.4831690403371889,0.2966338080674377,0.7254111486593324,0.7254111486593324,37.47075466016568,859.7482975828963,136.94005349230386,204.28559410062235,750.0,2966.338080674376,741584.5201685941,408.5711882012447,2.9835769578124687,True
9,7,1.0,0.5589473684210526,0.885736715444196,0.32678934702314333,1.4831690403371889,0.2966338080674377,0.9815031647632483,0.9815031647632483,33.19701608817552,509.3933763737244,141.20438987793577,219.8590645805118,750.0000000000003,2966.338080674375,741584.5201685937,439.7181291610236,3.1140542410978744,True
9,8,1.0,0.6373684210526316,0.9372010843870046,0.299832663334373,1.4831690403371889,0.2966338080674377,1.2762359002590462,1.2762359002590462,29.777947623027796,327.8986282505604,146.7006633910337,234.35041259597529,750.0,2966.3380806743767,741584.5201685942,468.70082519195057,3.1949468690718783,True
9,9,1.0,0.7157894736842105,0.9922005538489543,0.2764110801647438,1.4831690403371889,0.2966338080674377,1.609609355146726,1.609609355146726,26.979607787378747,224.4972459240107,153.11610919927423,247.88476374932424,750.0000000000001,2966.338080674376,741584.5201685941,495.7695274986485,3.2378665451420603,True
9,10,1.0,0.7942105263157895,1.0501798553256751,0.25596932900988567,1.4831690403371889,0.2966338080674377,1.981623529426288,1.981623529426288,24.64771746933684,161.15526817795285,160.2407690860581,260.55828982410037,750.0000000000001,2966.3380806743767,741584.5201685942,521.1165796482007,3.2520848634240673,True
9,11,1.0,0.8726315789473684,1.1106724274047817,0.23804084845741325,1.4831690403371889,0.2966338080674377,2.3922784230977316,2.3922784230977316,22.675707365125792,120.08056371394919,167.92653729678028,272.44986476835527,750.0000000000002,2966.3380806743785,741584.5201685947,544.8997295367105,3.2448696811612163,True
9,12,1.0,0.9510526315789474,1.1732895961587206,0.22223696457977327,1.4831690403371889,0.2966338080674377,2.8415740361610577,2.8415740361610577,20.98729340481837,92.200409005658,176.0649470655882,283.62697165523264,750.0,2966.3380806743794,741584.5201685949,567.2539433104653,3.221844851940632,True
9,13,1.0,1.0294736842105263,1.2377089459574278,0.20823526174690143,1.4831690403371889,0.2966338080674377,3.3295103686162655,3.3295103686162655,19.526305209923862,72.55605106296854,184.57422794583627,294.1488537960334,749.9999999999999,2966.338080674383,741584.5201685957,588.2977075920668,3.1873231389850596,True
9,14,1.0,1.1078947368421053,1.3036633447111605,0.19576860786905526,1.4831690403371889,0.2966338080674377,3.8560874204633557,3.8560874204633557,18.250418940622307,58.27839467961933,193.3913109133824,304.068308905547,750.0000000000001,2966.3380806743876,741584.5201685969,608.136617811094,3.144591217355525,True
9,15,1.0,1.1863157894736842,1.3709312604122874,0.1846154709386032,1.4831690403371889,0.2966338080674377,4.421305191702327,4.421305191702327,17.127124409235016,47.626541620137246,202.4666463704239,313.4327986205078,750.0000000000002,2966.3380806743744,741584.5201685936,626.8655972410156,3.0961425423826623,True
9,16,1.0,1.2647368421052632,1.43932854074372,0.1745916986384568,1.4831690403371889,0.2966338080674377,5.025163682333181,5.025163682333181,16.13103642189817,39.50075303937796,211.7607093944681,322.28520201782567,750.0000000000001,2966.3380806743794,741584.5201685949,644.5704040356513,3.0438621304150657,True
9,17,1.0,1.343157894736842,1.5087015936277652,0.16554369889092313,1.4831690403371889,0.2966338080674377,5.667662892355917,5.667662892355917,15.242049032729154,33.181935616688335,221.24156439175903,330.6643756446966,750.0,2966.338080674386,741584.5201685965,661.3287512893932,2.9891704712336904,True
9,18,1.0,1.421578947368421,1.5789218068106352,0.15734285944221416,1.4831690403371889,0.2966338080674377,6.348802821770534,6.348802821770534,14.444036897256996,28.18564750922353,230.88312137683775,338.60560124579496,750.0,2966.33808067437,741584.5201685925,677.2112024915899,2.933134299524105,True
9,19,1.0,1.5,1.649881016443626,0.14988101644362595,1.4831690403371889,0.2966338080674377,7.0685834705770345,7.0685834705770345,13.723922182406403,24.17691480382272,240.66385897529764,346.14096230614774,750.0000000000001,2966.33808067438,741584.520168595,692.2819246122955,2.8765512510266573,True
10,0,1.0,0.01,0.7238761161821458,0.7138761161821457,1.6458698090088597,0.3291739618017719,0.0003141592653589793,0.0003141592653589793,84.82613493659993,5326846862463.199,117.86413920485687,117.85581695248723,40.104826897060164,3291.7396180177184,822934.9045044295,235.71163390497446,1.9998587822822822,True
10,1,1.0,0.08842105263157894,0.7291878455702782,0.6407667929386992,1.6458698090088597,0.3291739618017719,0.02456185901798291,0.02456185901798291,78.17224094205623,3614160.8318787124,124.97523804608593,124.96849208613962,335.52195847678405,3291.739618017719,822934.9045044297,249.93698417227924,1.9998920432550995,True
10,2,1.0,0.1668421052631579,0.7427872640720155,0.5759451588088575,1.6458698090088597,0.3291739618017719,0.08745027816248885,0.08745027816248885,71.69988177597654,74098.72941997727,132.85253390221487,132.86087576988126,592.5452876111699,3291.7396180177193,822934.9045044298,265.7217515397625,2.000125580859038,True
10,3,1.0,0.24526315789473685,0.7642320643622891,0.5189689064675522,1.6458698090088597,0.3291739618017719,0.18897941669887677,0.18897941669887677,63.15461221573725,9435.245361166102,136.2478131771553,145.14356500818675,750.0,3291.7396180177193,822934.9045044298,290.2871300163735,2.1305819392413263,True
10,4,1.0,0.3236842105263158,0.7928859310915989,0.4692017205652831,1.6458698090088597,0.3291739618017719,0.32914927462714666,0.32914927462714666,52.27205837493297,3162.5234454895012,131.55177707750963,164.98994909996102,750.0,3291.7396180177197,822934.9045044299,329.97989819992205,2.50836518920987,True
10,5,1.0,0.40210526315789474,0.8280007694671709,0.4258955063092762,1.6458698090088597,0.3291739618017719,0.5079598519472986,0.5079598519472986,44.6819596071608,1394.6386514990354,131.12287341637898,182.83671959932008,750.0,3291.7396180177197,822934.9045044299,365.67343919864015,2.7887845169274845,True
10,6,1.0,0.4805263157894737,0.8687935150225008,0.3882671992330271,1.6458698090088597,0.3291739618017719,0.7254111486593324,0.7254111486593324,39.02629514932415,730.6540317885099,133.2427095315786,199.2000492907384,750.0,3291.73961801772,822934.90450443,398.4000985814768,2.9900330005451874,True
10,7,1.0,0.5589473684210526,0.9145046704329985,0.3555573020119459,1.6458698090088597,0.3291739618017719,0.9815031647632483,0.9815031647632483,34.62740166929281,430.2985379860907,137.05442056631458,214.36264540200622,750.0000000000001,3291.739618017716,822934.9045044291,428.72529080401245,3.1281390927231802,True
10,8,1.0,0.6373684210526316,0.9644351381684888,0.3270667171158572,1.6458698090088597,0.3291739618017719,1.2762359002590462,1.2762359002590462,31.100936486074072,275.56546001332214,142.06943644087494,228.49974770668987,749.9999999999999,3291.7396180177157,822934.904504429,456.99949541337975,3.2167333584346927,True
10,9,1.0,0.7157894736842105,1.0179642440754324,0.30217477039122187,1.6458698090088597,0.3291739618017719,1.609609355146726,1.609609355146726,28.20895566216282,187.84754007120887,147.9820405317536,241.73228821352504,750.0000000000005,3291.7396180177175,822934.9045044293,483.4645764270501,3.2670489924979074,True
10,10,1.0,0.7942105263157895,1.0745543223540404,0.2803437960382509,1.6458698090088597,0.3291739618017719,1.981623529426288,1.981623529426288,25.794565513416007,134.3502465786,154.58756182950046,254.15154707297143,750.0000000000001,3291.7396180177207,822934.9045044301,508.30309414594285,3.2881241422680985,True
10,11,1.0,0.8726315789473684,1.13374710767222,0.26111552872485166,1.6458698090088597,0.3291739618017719,2.3922784230977316,2.3922784230977316,23.74933475710359,99.79534786765248,161.74188286666393,265.8312872515954,750.0000000000001,3291.7396180177197,822934.9045044299,531.6625745031909,3.287105139869557,True
10,12,1.0,0.9510526315789474,1.1951559478211151,0.24410331624216774,1.6458698090088597,0.3291739618017719,2.8415740361610577,2.8415740361610577,21.995565168121036,76.42194415277108,169.33954759409255,276.83399799039074,750.0,3291.7396180177134,822934.9045044284,553.6679959807815,3.269572901587794,True
10,13,1.0,1.0294736842105263,1.2584564744403923,0.228982790229866,1.6458698090088597,0.3291739618017719,3.3295103686162655,3.3295103686162655,20.47596404773898,60.00348817098194,177.30105750746873,287.21424798059905,750.0000000000001,3291.73961801771,822934.9045044276,574.4284959611981,3.2398481094056675,True
10,14,1.0,1.1078947368421053,1.3233772627264628,0.21548252588435757,1.6458698090088597,0.3291739618017719,3.8560874204633557,3.8560874204633557,19.147291134377518,48.10271284666124,185.5650579139667,297.0205807600865,750.0,3291.7396180177275,822934.9045044319,594.041161520173,3.201255496040572,True
10,15,1.0,1.1863157894736842,1.3896912548956757,0.20337546542199147,1.6458698090088597,0.3291739618017719,4.421305191702327,4.421305191702327,17.976274287993466,39.24534144010128,194.08329361408806,306.29665852430577,750.0000000000002,3291.739618017708,822934.904504427,612.5933170486115,3.1563423396280657,True
10,16,1.0,1.2647368421052632,1.457208259432172,0.19247141732690887,1.6458698090088597,0.3291739618017719,5.025163682333181,5.025163682333181,16.936887343650127,32.50274697079864,202.81721833529056,315.0820094355845,749.9999999999999,3291.7396180177248,822934.9045044312,630.164018871169,3.1070538489952226,True
10,17,1.0,1.343157894736842,1.525768580674295,0.182610685937453,1.6458698090088597,0.3291739618017719,5.667662892355917,5.667662892355917,16.00848085292136,27.269341473653306,211.73563783266408,323.4125592532204,750.0,3291.739618017723,822934.9045044307,646.8251185064408,3.054871277822539,True
10,18,1.0,1.421578947368421,1.5952377049142412,0.17365875754582016,1.6458698090088597,0.3291739618017719,6.348802821770534,6.348802821770534,15.174465922540096,23.13815437274599,220.8130250099042,331.3210402347709,750.0000000000001,3291.7396180177257,822934.9045044314,662.6420804695418,3.0009193544620842,True
10,19,1.0,1.5,1.6655019158136528,0.1655019158136528,1.6458698090088597,0.3291739618017719,7.0685834705770345,7.0685834705770345,14.421367520109985,19.828419047480327,230.02828695909818,338.83732554318675,750.0000000000001,3291.7396180177166,822934.9045044291,677.6746510863735,2.9460492013613626,True
11,0,1.0,0.01,0.7588055711029289,0.7488055711029289,1.8085705776805303,0.361714115536106,0.0003141592653589793,0.0003141592653589793,86.487585374897,4929170476467.765,116.20934901346655,116.21587289053069,39.74647497135335,3617.141155361059,904285.2888402648,232.43174578106138,2.0001122780072262,True
11,1,1.0,0.08842105263157894,0.763874451258398,0.6754533986268191,1.8085705776805303,0.361714115536106,0.02456185901798291,0.02456185901798291,79.926880247198,3307091.9949080064,123.00992624498886,123.00257876352237,332.7408741226925,3617.14115536106,904285.288840265,246.00515752704473,1.9998805383973346,True
11,2,1.0,0.1668421052631579,0.7768669016153829,0.610024796352225,1.8085705776805303,0.361714115536106,0.08745027816248885,0.08745027816248885,73.52266099196754,67019.26358072247,130.53563748931487,130.52909622572687,588.248389665119,3617.1411553610596,904285.2888402649,261.05819245145375,1.9998997781186225,True
11,3,1.0,0.24526315789473685,0.7973957056301099,0.552132547735373,1.8085705776805303,0.361714115536106,0.18897941669887677,0.18897941669887677,65.14124853658049,8335.836285734811,134.03475740073276,142.06926486041849,749.9999999999999,3617.14115536106,904285.288840265,284.13852972083697,2.1198869250856243,True
11,4,1.0,0.3236842105263158,0.8248983954893394,0.5012141849630236,1.8085705776805303,0.361714115536106,0.32914927462714666,0.32914927462714666,54.025834132671264,2771.4448368338285,129.09325983092512,161.39446984643527,750.0000000000005,3617.141155361059,904285.2888402648,322.78893969287054,2.500432169081723,True
11,5,1.0,0.40210526315789474,0.8587051516068377,0.45659988844894295,1.8085705776805303,0.361714115536106,0.5079598519472986,0.5079598519472986,46.26457566993855,1213.3782634539984,128.35504029388164,178.77129416306366,750.0000000000002,3617.1411553610606,904285.2888402651,357.5425883261273,2.785574976311783,True
11,6,1.0,0.4805263157894737,0.8981043563545649,0.4175780405650912,1.8085705776805303,0.361714115536106,0.7254111486593324,0.7254111486593324,40.47257152929824,631.6811056743929,130.12048204053406,194.71490712609315,749.9999999999999,3617.141155361062,904285.2888402655,389.4298142521863,2.9928402365653266,True
11,7,1.0,0.5589473684210526,0.9423948511116039,0.3834474826905513,1.8085705776805303,0.361714115536106,0.9815031647632483,0.9815031647632483,35.959864710146086,369.9791861054554,133.54431553678785,209.50714277900403,750.0000000000001,3617.1411553610583,904285.2888402645,419.01428555800805,3.137642241631625,True
11,8,1.0,0.6373684210526316,0.9909209851910327,0.3535525641384011,1.8085705776805303,0.361714115536106,1.2762359002590462,1.2762359002590462,32.335701425862254,235.82481488233532,138.14613918409586,223.32130786523018,750.0,3617.141155361058,904285.2888402644,446.64261573046036,3.2331168888857396,True
11,9,1.0,0.7157894736842105,1.0430917818552503,0.3273023081710398,1.8085705776805303,0.361714115536106,1.609609355146726,1.609609355146726,29.358403955313232,160.1119613993285,143.62631721596316,236.27536696953825,750.0000000000002,3617.1411553610574,904285.2888402643,472.5507339390765,3.290140296701526,True
11,10,1.0,0.7942105263157895,1.0983880256301255,0.304177499314336,1.8085705776805303,0.361714115536106,1.981623529426288,1.981623529426288,26.868677135859706,114.12116509617714,149.78479445198028,248.45695478558645,749.9999999999999,3617.1411553610574,904285.2888402643,496.9139095711729,3.3175190538481476,True
11,11,1.0,0.8726315789473684,1.1563614345493451,0.2837298556019767,1.8085705776805303,0.361714115536106,2.3922784230977316,2.3922784230977316,24.756407197348747,84.52119391134134,156.4809741477031,259.9358819658479,750.0000000000002,3617.1411553610606,904285.2888402651,519.8717639316958,3.3222681975444917,True
11,12,1.0,0.9510526315789474,1.2166293612970562,0.26557672971810886,1.8085705776805303,0.361714115536106,2.8415740361610577,2.8415740361610577,22.942634959360145,64.56325289805281,163.61208466764185,270.77066516516084,750.0,3617.1411553610583,904285.2888402645,541.5413303303217,3.3099103371880956,True
11,13,1.0,1.0294736842105263,1.2788674525605992,0.24939376835007288,1.8085705776805303,0.361714115536106,3.3295103686162655,3.3295103686162655,21.369075600245477,50.583746120425864,171.10067090245042,281.01206908022755,750.0000000000002,3617.1411553610606,904285.2888402651,562.0241381604551,3.2847570684330147,True
11,14,1.0,1.1078947368421053,1.342801788299107,0.23490705145700175,1.8085705776805303,0.361714115536106,3.8560874204633557,3.8560874204633557,19.99168217215445,40.476371942182865,178.88693143094764,290.70510986881703,750.0000000000001,3617.1411553610565,904285.2888402641,581.4102197376341,3.250154804975594,True
11,15,1.0,1.1863157894736842,1.4082013517574157,0.22188556228373146,1.8085705776805303,0.361714115536106,4.421305191702327,4.421305191702327,18.776512397426718,32.97062219004607,186.92379095473592,299.8902490976543,750.0000000000003,3617.141155361051,904285.2888402628,599.7804981953086,3.2086899967727867,True
11,16,1.0,1.2647368421052632,1.4748712399783364,0.2101343978730732,1.8085705776805303,0.361714115536106,5.025163682333181,5.025163682333181,17.69697557821383,27.268312090729413,195.17359954017002,308.60415344017366,749.9999999999999,3617.1411553610606,904285.2888402651,617.2083068803473,3.1623555047121803,True
11,17,1.0,1.343157894736842,1.5426467596085462,0.19948886487170414,1.8085705776805303,0.361714115536106,5.667662892355917,5.667662892355917,16.731942234594133,22.850184322272405,203.60584432780072,316.88021602053374,750.0000000000001,3617.1411553610715,904285.2888402679,633.7604320410675,3.1126829101267237,True
11,18,1.0,1.421578947368421,1.6113884070384614,0.18980945967004037,1.8085705776805303,0.361714115536106,6.348802821770534,6.348802821770534,15.86441259742442,19.368071849191995,212.19551676924118,324.7489426912086,750.0000000000002,3617.1411553610487,904285.2888402622,649.4978853824172,3.0608464084033145,True
11,19,1.0,1.5,1.6809776603919642,0.18097766039196417,1.8085705776805303,0.361714115536106,7.0685834705770345,7.0685834705770345,15.08055819061434,16.582278329479333,220.92191909941252,332.23825814519176,750.0,3617.1411553610606,904285.2888402651,664.4765162903835,3.0077437268294602,True
12,0,1.0,0.01,0.7921964137098431,0.782196413709843,1.971271346352201,0.3942542692704401,0.0003141592653589793,0.0003141592653589793,88.01020734521232,4596812093737.873,114.74929094222743,114.75631052957074,39.40128703549135,3942.5426927043995,985635.6731760999,229.51262105914148,2.0001223465049005,True
12,1,1.0,0.08842105263157894,0.7970529721688598,0.7086319195372809,1.971271346352201,0.3942542692704401,0.02456185901798291,0.02456185901798291,81.52758276413242,3054917.306025351,121.27533541687687,121.26740879794207,329.9926313560703,3942.5426927044005,985635.6731761001,242.53481759588414,1.9998692789608448,True
12,2,1.0,0.1668421052631579,0.809513091915986,0.6426709866528281,1.971271346352201,0.3942542692704401,0.08745027816248885,0.08745027816248885,75.18187243402032,61295.97652048856,128.49051140940568,128.4833012650514,583.8528210969143,3942.542692704401,985635.6731761002,256.9666025301028,1.999887771567329,True
12,3,1.0,0.24526315789473685,0.8292340890938067,0.5839709311990698,1.971271346352201,0.3942542692704401,0.18897941669887677,0.18897941669887677,66.99309133550177,7451.666608580671,132.14739799723856,139.32953343776776,750.0000000000003,3942.5426927043995,985635.6731760999,278.65906687553553,2.108698855208323,True
12,4,1.0,0.3236842105263158,0.8557141029799504,0.5320298924536346,1.971271346352201,0.3942542692704401,0.32914927462714666,0.32914927462714666,55.6618736534922,2459.692844111369,126.99352685947414,158.19208645190983,750.0000000000001,3942.5426927044005,985635.6731761001,316.38417290381966,2.4913409425499102,True
12,5,1.0,0.40210526315789474,0.8883489182489146,0.48624365509101986,1.971271346352201,0.3942542692704401,0.5079598519472986,0.5079598519472986,47.74277478771661,1069.9412172405468,125.98752198402217,175.14939845450388,749.9999999999999,3942.542692704399,985635.6731760998,350.29879690900776,2.780424532466262,True
12,6,1.0,0.4805263157894737,0.9264883690910221,0.44596205330154837,1.971271346352201,0.3942542692704401,0.7254111486593324,0.7254111486593324,41.82547929662725,553.831149284013,127.44569797416241,190.71554102784546,750.0,3942.5426927043995,985635.6731760999,381.4310820556909,2.992890996862209,True
12,7,1.0,0.5589473684210526,0.9694830161274393,0.4105356477063866,1.971271346352201,0.3942542692704401,0.9815031647632483,0.9815031647632483,37.208361039120994,322.7656632618834,130.53267093863437,205.17179325845962,749.9999999999998,3942.542692704399,985635.6731760998,410.34358651691923,3.143608290294073,True
12,8,1.0,0.6373684210526316,1.0167171003036497,0.3793486792510181,1.971271346352201,0.3942542692704401,1.2762359002590462,1.2762359002590462,33.49458325666053,204.8426247898049,134.77506344764504,218.69018921455537,750.0,3942.5426927044005,985635.6731761001,437.38037842911075,3.2452618996467124,True
12,9,1.0,0.7157894736842105,1.067628085304923,0.3518386116207124,1.971271346352201,0.3942542692704401,1.609609355146726,1.609609355146726,30.438949279051414,138.55905644231885,139.87852426611536,231.38657409552124,750.0000000000002,3942.5426927044005,985635.6731761001,462.7731481910425,3.308393126243084,True
12,10,1.0,0.7942105263157895,1.1217154353959564,0.32750490908016694,1.971271346352201,0.3942542692704401,1.981623529426288,1.981623529426288,27.879928086506787,98.44297704790779,145.64705422980427,243.345838751257,750.0000000000001,3942.542692704403,985635.6731761008,486.691677502514,3.3415827053707794,True
12,11,1.0,0.8726315789473684,1.1785419086612552,0.30591032971388676,1.971271346352201,0.3942542692704401,2.3922784230977316,2.3922784230977316,25.70586189519253,72.70887297912057,151.9431836664892,254.63470815263958,750.0000000000002,3942.542692704402,985635.6731761005,509.26941630527915,3.351709527313252,True
12,12,1.0,0.9510526315789474,1.2377302880385443,0.286677656459597,1.971271346352201,0.3942542692704401,2.8415740361610577,2.8415740361610577,23.836649387388746,55.40867307433714,158.666548993468,265.3085105977166,749.9999999999999,3942.5426927044055,985635.6731761014,530.6170211954332,3.344227403706106,True
12,13,1.0,1.0294736842105263,1.2989577454161976,0.26948406120567125,1.971271346352201,0.3942542692704401,3.3295103686162655,3.3295103686162655,22.213115696693063,43.32275001321932,165.7415445527852,275.4148900026857,749.9999999999999,3942.5426927043995,985635.6731760999,550.8297800053714,3.32342613007292,True
12,14,1.0,1.1078947368421053,1.3619493036883474,0.25405456684624217,1.971271346352201,0.3942542692704401,3.8560874204633557,3.8560874204633557,20.790494302999203,34.6050653001421,173.10978582761325,284.99591601729026,749.9999999999999,3942.5426927044127,985635.6731761032,569.9918320345805,3.292660951023252,True
12,15,1.0,1.1863157894736842,1.4264712791533194,0.24015548967963518,1.971271346352201,0.3942542692704401,4.421305191702327,4.421305191702327,19.53424657743377,28.144931395109477,180.72528110677254,294.08933575820123,750.0000000000001,3942.5426927044023,985635.6731761006,588.1786715164025,3.2545456170512543,True
12,16,1.0,1.2647368421052632,1.4923251782614708,0.22758833615620766,1.971271346352201,0.3942542692704401,5.025163682333181,5.025163682333181,18.417279416525492,23.246231267373712,188.55120829643016,302.72935730483954,750.0,3942.542692704403,985635.6731761008,605.4587146096791,3.2111102340845736,True
12,17,1.0,1.343157894736842,1.5593422613681203,0.21618436663127816,1.971271346352201,0.3942542692704401,5.667662892355917,5.667662892355917,17.418035420141912,19.457115476666438,196.55768675426182,310.9471729824488,750.0000000000002,3942.5426927044127,985635.6731761032,621.8943459648976,3.1639278841452563,True
12,18,1.0,1.421578947368421,1.627378831586501,0.20579988421807993,1.971271346352201,0.3942542692704401,6.348802821770534,6.348802821770534,16.519147574010827,16.47524346248964,204.72019078752606,318.77133456561563,750.0,3942.5426927044023,985635.6731761006,637.5426691312313,3.1142149031744544,True
12,19,1.0,1.5,1.696312222998684,0.196312222998684,1.971271346352201,0.3942542692704401,7.0685834705770345,7.0685834705770345,15.706470482989452,14.092870382044667,213.01839152466468,326.2280413316884,750.0000000000005,3942.5426927044027,985635.6731761007,652.4560826633768,3.0629096295088263,True
13,0,1.0,0.01,0.824235658687873,0.814235658687873,2.1339721150238717,0.42679442300477427,0.0003141592653589793,0.0003141592653589793,89.41037622687128,4315560789514.6455,113.4417091459333,113.44917526352917,39.064823550162096,4267.944230047741,1066986.0575119352,226.89835052705834,2.0001316291450837,True
13,1,1.0,0.08842105263157894,0.8289045201958476,0.7404834675642686,2.1339721150238717,0.42679442300477427,0.02456185901798291,0.02456185901798291,82.99827038968398,2844078.3349643694,119.72834075290545,119.71985555219224,327.2943729680104,4267.944230047742,1066986.0575119355,239.4397111043845,1.999858259111254,True
13,2,1.0,0.1668421052631579,0.840892804786243,0.674050699523085,2.1339721150238717,0.42679442300477427,0.08745027816248885,0.08745027816248885,76.70660956413386,56565.726598169524,126.67227458290874,126.66439707483842,579.4804817610585,4267.944230047742,1066986.0575119355,253.32879414967684,1.999875623800137,True
13,3,1.0,0.24526315789473685,0.8598944340284628,0.6146312761337259,2.1339721150238717,0.42679442300477427,0.18897941669887677,0.18897941669887677,68.7292700860229,6726.769756666224,130.51850156058322,136.86420842763718,750.0000000000002,4267.944230047742,1066986.0575119355,273.72841685527436,2.097238426601281,True
13,4,1.0,0.3236842105263158,0.8854580109732342,0.5617738004469184,2.1339721150238717,0.42679442300477427,0.32914927462714666,0.32914927462714666,57.19664363750119,2206.1243275790252,125.17847916461346,155.31223827161762,749.9999999999999,4267.944230047743,1066986.0575119357,310.62447654323523,2.4814527114900855,True
13,5,1.0,0.40210526315789474,0.9170349304753399,0.5149296673174452,2.1339721150238717,0.42679442300477427,0.5079598519472986,0.5079598519472986,49.13089094948244,954.0518643601429,123.93782082823253,171.89196013160816,750.0,4267.944230047744,1066986.057511936,343.7839202632163,2.773841898831448,True
13,6,1.0,0.4805263157894737,0.9540282811420407,0.47350196535256706,2.1339721150238717,0.42679442300477427,0.7254111486593324,0.7254111486593324,43.09757818708777,491.28060486381145,125.12649082527068,187.11622721483442,750.0000000000001,4267.944230047745,1066986.0575119362,374.23245442966885,2.990833131828616,True
13,7,1.0,0.5589473684210526,0.9958346156453147,0.4368872472242621,2.1339721150238717,0.42679442300477427,0.9815031647632483,0.9815031647632483,38.38396083951399,285.003595584684,127.91760693886702,201.26592539743262,749.9999999999999,4267.9442300477385,1066986.0575119345,402.53185079486525,3.1468056698968647,True
13,8,1.0,0.6373684210526316,1.0418747166563533,0.40450629560372175,2.1339721150238717,0.42679442300477427,1.2762359002590462,1.2762359002590462,34.587401317704874,180.15524657068426,131.84387744224114,214.51224481636334,749.9999999999997,4267.944230047744,1066986.057511936,429.02448963272667,3.254034225598955,True
13,9,1.0,0.7157894736842105,1.0916130228655898,0.3758235491813793,2.1339721150238717,0.42679442300477427,1.609609355146726,1.609609355146726,31.459361406188645,121.43781222892677,136.6155733755968,226.96950610862072,750.0000000000001,4267.944230047744,1066986.057511936,453.93901221724144,3.322747187608167,True
13,10,1.0,0.7942105263157895,1.1445675083469018,0.3503569820311123,2.1339721150238717,0.42679442300477427,1.981623529426288,1.981623529426288,28.836206736622117,86.01987633004845,142.04027996923278,238.72051793309885,750.0000000000005,4267.944230047741,1066986.0575119352,477.4410358661977,3.361307341618981,True
13,11,1.0,0.8726315789473684,1.2003125816339713,0.32768100268660283,2.1339721150238717,0.42679442300477427,2.3922784230977316,2.3922784230977316,26.60484486415808,63.36846240744783,147.98331938239224,249.82957649529953,750.0000000000002,4267.944230047744,1066986.057511936,499.65915299059907,3.376455907840995,True
13,12,1.0,0.9510526315789474,1.258477464671447,0.30742483309249957,2.1339721150238717,0.42679442300477427,2.8415740361610577,2.8415740361610577,24.684126232637496,48.18230240329026,154.34649882632863,260.34943144031683,750.0,4267.944230047744,1066986.057511936,520.6988628806337,3.373570938376298,True
13,13,1.0,1.0294736842105263,1.3187420094675935,0.28926832525706714,2.1339721150238717,0.42679442300477427,3.3295103686162655,3.3295103686162655,23.01406722740742,37.59935731614668,161.05589477409941,270.32514819397454,750.0000000000002,4267.944230047731,1066986.057511933,540.6502963879491,3.3569109478810275,True
13,14,1.0,1.1078947368421053,1.3808313325584227,0.27293659571631745,2.1339721150238717,0.42679442300477427,3.8560874204633557,3.8560874204633557,21.54925186281419,29.98265894085031,168.05442179699685,279.7963190567044,750.0,4267.944230047743,1066986.0575119357,559.5926381134088,3.3298298975398266,True
13,15,1.0,1.1863157894736842,1.44451014998414,0.25819436051045574,2.1339721150238717,0.42679442300477427,4.421305191702327,4.421305191702327,20.254605192858712,24.349594163156837,175.29708875006443,288.7983752815525,750.0000000000001,4267.944230047737,1066986.057511934,577.596750563105,3.2949591729194805,True
13,16,1.0,1.2647368421052632,1.5095773252241917,0.2448404831189286,2.1339721150238717,0.42679442300477427,5.025163682333181,5.025163682333181,19.102582786649688,20.085659689270674,182.74784270105513,297.36340099668865,750.0000000000001,4267.944230047731,1066986.057511933,594.7268019933773,3.254357442491131,True
13,17,1.0,1.343157894736842,1.5758608920988355,0.2327029973619934,2.1339721150238717,0.42679442300477427,5.667662892355917,5.667662892355917,18.071242577387416,16.792798286238433,190.37739353871316,305.5206665615621,749.9999999999995,4267.944230047748,1066986.0575119369,611.0413331231242,3.209631783297155,True
13,18,1.0,1.421578947368421,1.64321365763973,0.221634710271309,2.1339721150238717,0.42679442300477427,6.348802821770534,6.348802821770534,17.142886829145983,14.205173436522177,198.16166860082208,313.29700091275646,750.0000000000001,4267.944230047751,1066986.0575119378,626.5940018255129,3.16203434422894,True
13,19,1.0,1.5,1.7115093984704355,0.21150939847043548,2.1339721150238717,0.42679442300477427,7.0685834705770345,7.0685834705770345,16.30308403216908,12.140450406422465,206.08068637925857,320.7170691518914,749.9999999999999,4267.944230047747,1066986.0575119366,641.4341383037828,3.112538829200742,True
14,0,1.0,0.01,0.8550752506127905,0.8450752506127905,2.2966728836955426,0.45933457673910844,0.0003141592653589793,0.0003141592653589793,90.70567106904197,4074282748030.3843,112.26080847747123,112.2686959848459,38.737682819842476,4593.345767391083,1148336.441847771,224.5373919696918,2.0001405211218706,True
14,1,1.0,0.08842105263157894,0.8595766206447236,0.7711555680131447,2.2966728836955426,0.45933457673910844,0.02456185901798291,0.02456185901798291,84.35130660335459,2665940.5830516,118.32738442869935,118.33389036239248,324.60667849675264,4593.345767391083,1148336.441847771,236.66778072478496,2.0001099649709078,True
14,2,1.0,0.1668421052631579,0.8711429115243774,0.7043008062612195,2.2966728836955426,0.45933457673910844,0.08745027816248885,0.08745027816248885,78.11622604805609,52591.97805227567,125.0409331599217,125.03239088966245,575.1619175978601,4593.345767391084,1148336.4418477712,250.0647817793249,1.9998633684179512,True
14,3,1.0,0.24526315789473685,0.8894985670764316,0.6442354091816948,2.2966728836955426,0.45933457673910844,0.18897941669887677,0.18897941669887677,70.36500118680817,6122.752330775324,129.09842312331173,134.6275506582837,749.9999999999999,4593.345767391084,1148336.4418477712,269.2551013165674,2.085657553379884,True
14,4,1.0,0.3236842105263158,0.9142347359155475,0.5905505253892317,2.2966728836955426,0.45933457673910844,0.32914927462714666,0.32914927462714666,58.643290968937606,1996.3598431228054,123.59341990875535,152.70121016339354,750.0000000000001,4593.3457673910825,1148336.4418477707,305.4024203267871,2.471024918254183,True
14,5,1.0,0.40210526315789474,0.9448504256599592,0.5427451625020645,2.2966728836955426,0.45933457673910844,0.5079598519472986,0.5079598519472986,50.440416425711625,858.7680735085414,122.14500758890459,168.93863363959383,750.0,4593.345767391086,1148336.4418477716,337.87726727918766,2.766197931039138,True
14,6,1.0,0.4805263157894737,0.9807952000171756,0.5002688842277019,2.2966728836955426,0.45933457673910844,0.7254111486593324,0.7254111486593324,44.29897922619212,440.11503819129166,123.09494387396421,183.85133634926524,749.9999999999999,4593.345767391084,1148336.4418477712,367.7026726985305,2.987146840694106,True
14,7,1.0,0.5589473684210526,1.021506654347071,0.46255928592601836,2.2966728836955426,0.45933457673910844,0.9815031647632483,0.9815031647632483,39.49560816304211,254.24608074046193,125.62371441403023,197.71988260553493,750.0000000000001,4593.345767391084,1148336.4418477712,395.43976521106987,3.1478114387525653,True
14,8,1.0,0.6373684210526316,1.0664390223381977,0.42907060128556607,2.2966728836955426,0.45933457673910844,1.2762359002590462,1.2762359002590462,35.622112419655366,160.11793002667628,129.2693357059258,210.71489775174663,750.0000000000001,4593.345767391082,1148336.4418477705,421.42979550349327,3.2600909813770675,True
14,9,1.0,0.7157894736842105,1.1150821740336654,0.39929270034945485,2.2966728836955426,0.45933457673910844,1.609609355146726,1.609609355146726,32.426762685283464,107.58189064139962,133.74614534588872,222.94959976763366,750.0000000000001,4593.345767391081,1148336.4418477702,445.8991995352673,3.333921874025613,True
14,10,1.0,0.7942105263157895,1.166972169471633,0.3727616431558436,2.2966728836955426,0.45933457673910844,1.981623529426288,1.981623529426288,29.743930034750882,75.9902603200319,138.8649122034432,234.50520655626028,750.0000000000002,4593.345767391087,1148336.4418477719,469.01041311252055,3.3774580322018255,True
14,11,1.0,0.8726315789473684,1.2216953616948472,0.34906378274747873,2.2966728836955426,0.45933457673910844,2.3922784230977316,2.3922784230977316,27.4591755939203,55.842662369350805,144.49346218580388,245.44408927720934,750.0,4593.345767391082,1148336.4418477705,490.8881785544187,3.397303733529386,True
14,12,1.0,0.9510526315789474,1.2788881077888588,0.3278354762099114,2.2966728836955426,0.45933457673910844,2.8415740361610577,2.8415740361610577,25.49037706987158,42.36952003410616,150.53556752230776,255.81689805672113,749.9999999999998,4593.345767391088,1148336.441847772,511.63379611344226,3.3987568820745544,True
14,13,1.0,1.0294736842105263,1.3382338176464235,0.30876013343589714,2.2966728836955426,0.45933457673910844,3.3295103686162655,3.3295103686162655,23.776807777418686,33.00196080416077,156.918840708281,265.6665545667569,750.0,4593.34576739109,1148336.4418477723,531.3331091335137,3.3860376914285597,True
14,14,1.0,1.1078947368421053,1.3994586210863702,0.29156388424426494,2.2966728836955426,0.45933457673910844,3.8560874204633557,3.8560874204633557,22.27245938170623,26.274002126750773,163.58739210691382,275.0305561969323,750.0000000000001,4593.3457673910925,1148336.441847773,550.0611123938646,3.3624908699221017,True
14,15,1.0,1.1863157894736842,1.4623265150318163,0.2760107255581321,2.2966728836955426,0.45933457673910844,4.421305191702327,4.421305191702327,20.9417700014302,21.307540080347508,170.49715828097126,283.94234791614963,750.0000000000005,4593.345767391076,1148336.441847769,567.8846958322993,3.330757541990536,True
14,16,1.0,1.2647368421052632,1.526634522074265,0.2618976799690018,2.2966728836955426,0.45933457673910844,5.025163682333181,5.025163682333181,19.756786296128837,17.55453189979584,177.61280409021512,292.432170062096,750.0000000000002,4593.34576739109,1148336.4418477723,584.864340124192,3.2929176650300565,True
14,17,1.0,1.343157894736842,1.5922081567447242,0.24905026200788205,2.2966728836955426,0.45933457673910844,5.667662892355917,5.667662892355917,18.695217774304584,14.660643053877905,184.9055936853805,300.5276070393318,750.0000000000002,4593.345767391081,1148336.4418477702,601.0552140786637,3.250605901633066,True
14,18,1.0,1.421578947368421,1.6588973409501973,0.2373183935817762,2.2966728836955426,0.45933457673910844,6.348802821770534,6.348802821770534,17.739066830059866,12.389657287424777,192.35188174989926,308.2539626105691,750.0,4593.345767391088,1148336.441847772,616.5079252211382,3.2051047258416596,True
14,19,1.0,1.5,1.726572814627442,0.22657281462744194,2.2966728836955426,0.45933457673910844,7.0685834705770345,7.0685834705770345,16.873642048315872,10.579826358983123,199.9320158672024,315.63453265150133,750.0,4593.3457673911,1148336.441847775,631.2690653030027,3.1574185983414496,True
15,0,1.0,0.01,0.8848406338818426,0.8748406338818426,2.459373652367213,0.4918747304734425,0.0003141592653589793,0.0003141592653589793,91.91702909963563,3863714364217.093,111.19488325122043,111.1888377866076,38.42582065177612,4918.747304734425,1229686.8261836062,222.3776755732152,1.9998912636186834,True
15,1,1.0,0.08842105263157894,0.8891913348188328,0.8007702821872539,2.459373652367213,0.4918747304734425,0.02456185901798291,0.02456185901798291,85.61404473271861,2512104.2698119944,117.0649145004874,117.07181082434901,322.0311657414964,4918.747304734425,1229686.8261836062,234.14362164869803,2.0001178205082373,True
15,2,1.0,0.1668421052631579,0.9003772739563476,0.7335351686931897,2.459373652367213,0.4918747304734425,0.08745027816248885,0.08745027816248885,79.4203065091444,49221.889844910664,123.55656269825128,123.56314150597996,570.8315631455037,4918.747304734426,1229686.8261836064,247.1262830119599,2.00010649062397,True
15,3,1.0,0.24526315789473685,0.9181486611594659,0.6728855032647291,2.459373652367213,0.4918747304734425,0.18897941669887677,0.18897941669887677,71.91259977960073,5612.463519204641,127.84965003664912,132.58404308525434,750.0000000000001,4918.747304734425,1229686.8261836062,265.1680861705087,2.074061885147876,True
15,4,1.0,0.3236842105263158,0.9421329075626568,0.618448697036341,2.459373652367213,0.4918747304734425,0.32914927462714666,0.32914927462714666,60.01248957927327,1820.3109774216111,122.19703164580288,150.31725112994954,750.0,4918.747304734425,1229686.8261836062,300.6345022598991,2.4602439045435274,True
15,5,1.0,0.40210526315789474,0.9718701508060122,0.5697648876481175,2.459373652367213,0.4918747304734425,0.5079598519472986,0.5079598519472986,51.680716213499466,779.2493506296383,120.56303553451077,166.24241758418177,750.0,4918.747304734423,1229686.8261836057,332.48483516836353,2.757767616701977,True
15,6,1.0,0.4805263157894737,1.0068507771932373,0.5263244614037637,2.459373652367213,0.4918747304734425,0.7254111486593324,0.7254111486593324,45.43795222798061,397.6180412604211,121.29968372815381,180.86961293972172,750.0000000000001,4918.747304734424,1229686.826183606,361.73922587944344,2.982194303903888,True
15,7,1.0,0.5589473684210526,1.0465491426747437,0.4876017742536911,2.459373652367213,0.4918747304734425,0.9815031647632483,0.9815031647632483,40.550642736016854,228.80131712985172,123.59389078977232,194.47910003622647,750.0000000000001,4918.747304734423,1229686.8261836057,388.95820007245294,3.147066554721976,True
15,8,1.0,0.6373684210526316,1.0904501141838383,0.4530816931312067,2.459373652367213,0.4918747304734425,1.2762359002590462,1.2762359002590462,36.6052643759862,143.59669861113915,126.98833138475825,207.24112045328613,750.0,4918.747304734426,1229686.8261836064,414.48224090657226,3.263939579225941,True
15,9,1.0,0.7157894736842105,1.1380674487944642,0.42227797511025367,2.459373652367213,0.4918747304734425,1.609609355146726,1.609609355146726,33.34702714274528,96.18892098776625,131.20093958846994,219.26809135297646,750.0000000000001,4918.747304734424,1229686.826183606,438.5361827059529,3.3424774554319723,True
15,10,1.0,0.7942105263157895,1.18895471212289,0.3947441858071006,2.459373652367213,0.4918747304734425,1.981623529426288,1.981623529426288,30.608398936618094,67.76241619950595,136.0453248371134,230.64000863623664,750.0000000000003,4918.747304734429,1229686.8261836073,461.2800172724733,3.3906348330952367,True
15,11,1.0,0.8726315789473684,1.2427102719236687,0.37007869297630025,2.459373652367213,0.4918747304734425,2.3922784230977316,2.3922784230977316,28.273667067086205,49.680680269133084,141.39156738830962,241.41770855339323,749.9999999999999,4918.747304734427,1229686.8261836069,482.83541710678645,3.4148812834131417,True
15,12,1.0,0.9510526315789474,1.2989780811859999,0.3479254496070525,2.459373652367213,0.4918747304734425,2.8415740361610577,2.8415740361610577,26.259798198640176,37.61776998496054,147.14522459178383,251.6501218008976,749.9999999999999,4918.747304734425,1229686.8261836062,503.3002436017952,3.4204320595389412,True
15,13,1.0,1.0294736842105263,1.357445768290732,0.3279720840802056,2.459373652367213,0.4918747304734425,3.3295103686162655,3.3295103686162655,24.50537634051899,29.248825060675642,153.23531620920153,261.3783778787432,750.0000000000001,4918.747304734421,1229686.8261836052,522.7567557574864,3.4114639411439787,True
15,14,1.0,1.1078947368421053,1.4178412094768789,0.3099464726347736,2.459373652367213,0.4918747304734425,3.8560874204633557,3.8560874204633557,22.96384786585015,23.249857154100006,159.60705683820638,270.6381935626569,750.0000000000002,4918.74730473442,1229686.826183605,541.2763871253138,3.3913061104435096,True
15,15,1.0,1.1863157894736842,1.4799284103371324,0.2936126208634482,2.459373652367213,0.4918747304734425,4.421305191702327,4.421305191702327,21.59920497983027,18.82937011559585,166.2172459555132,279.4613021287166,749.9999999999998,4918.747304734422,1229686.8261836055,558.9226042574332,3.3626029660425534,True
15,16,1.0,1.2647368421052632,1.5435032319845705,0.27876638987930735,2.459373652367213,0.4918747304734425,5.025163682333181,5.025163682333181,20.3831209746604,15.494291919995549,173.0312205054179,287.87633633045607,749.9999999999997,4918.74730473443,1229686.8261836076,575.7526726609121,3.3274496416262886,True
15,17,1.0,1.343157894736842,1.6083892804797995,0.26523138574295735,2.459373652367213,0.4918747304734425,5.667662892355917,5.667662892355917,19.292987554937053,12.926388286846697,180.02076671463908,295.9093956919614,750.0,4918.747304734423,1229686.8261836057,591.8187913839228,3.2875028930525976,True
15,18,1.0,1.421578947368421,1.6744341285847972,0.2528551812163762,2.459373652367213,0.4918747304734425,6.348802821770534,6.348802821770534,18.310533512226403,10.913860014187835,187.16264396143137,303.5844287868133,750.0000000000001,4918.747304734421,1229686.8261836052,607.1688575736266,3.244070743618828,True
15,19,1.0,1.5,1.741505942386767,0.24150594238676693,2.459373652367213,0.4918747304734425,7.0685834705770345,7.0685834705770345,17.420829996306686,9.311904147493202,194.43751297444095,310.9235053238636,750.0000000000002,4918.747304734414,1229686.8261836034,621.8470106477272,3.1981843479425174,True
16,0,1.0,0.01,0.9136368044941687,0.9036368044941687,2.6220744210388838,0.5244148842077766,0.0003141592653589793,0.0003141592653589793,93.04266935770782,3680105603846.9673,110.21195379938875,110.20561626937372,38.118039211370935,5244.148842077765,1311037.2105194412,220.41123253874744,1.99988499378159,True
16,1,1.0,0.08842105263157894,0.9178510189975236,0.8294299663659447,2.6220744210388838,0.5244148842077766,0.02456185901798291,0.02456185901798291,86.79281423998309,2378387.6477173977,115.91274912998573,115.92002434678436,319.52411469850796,5244.148842077766,1311037.2105194414,231.84004869356872,2.000125529190762,True
16,2,1.0,0.1668421052631579,0.9286918211198797,0.7618497158567218,2.6220744210388838,0.5244148842077766,0.08745027816248885,0.08745027816248885,80.64269508702398,46304.62649184216,122.2128666839831,122.21993061005519,566.6652209932356,5244.148842077766,1311037.2105194414,244.43986122011037,2.0001156003662097,True
16,3,1.0,0.24526315789473685,0.9459314072102768,0.70066824931554,2.6220744210388838,0.5244148842077766,0.18897941669887677,0.18897941669887677,73.38218223624017,5176.199411471552,126.743272093833,130.70560197868977,750.0,5244.148842077766,1311037.2105194414,261.41120395737954,2.0625252894200696,True
16,4,1.0,0.3236842105263158,0.9692283934503572,0.6455441829240414,2.6220744210388838,0.5244148842077766,0.32914927462714666,0.32914927462714666,61.31303159154475,1670.709729914569,120.95748067703651,148.12732485030335,750.0,5244.148842077763,1311037.2105194407,296.2546497006067,2.4492461982704796,True
16,5,1.0,0.40210526315789474,0.9981587314578758,0.5960534682999811,2.6220744210388838,0.5244148842077766,0.5079598519472986,0.5079598519472986,52.859529407310916,712.0284947041965,119.15641275377489,163.76605757507673,750.0000000000001,5244.148842077765,1311037.2105194412,327.53211515015346,2.74875776788419,True
16,6,1.0,0.4805263157894737,1.0322488802088967,0.551722564419423,2.6220744210388838,0.5244148842077766,0.7254111486593324,0.7254111486593324,46.52135399787933,361.8526010028772,119.70108092649699,178.13033584253787,750.0000000000002,5244.148842077765,1311037.2105194412,356.26067168507575,2.976252753338454,True
16,7,1.0,0.5589473684210526,1.0710062423679592,0.5120588739469065,2.6220744210388838,0.5244148842077766,0.9815031647632483,0.9815031647632483,41.555168922093685,207.46712132294553,121.78404345096689,191.50011227538596,750.0000000000001,5244.148842077763,1311037.2105194407,383.0002245507719,3.144913025530941,True
16,8,1.0,0.6373684210526316,1.1139437663910332,0.4765753453384016,2.6220744210388838,0.5244148842077766,1.2762359002590462,1.2762359002590462,37.5423173104841,129.78794089157478,124.9520850755931,204.0453606385738,749.9999999999999,5244.148842077767,1311037.2105194416,408.0907212771476,3.265977682807472,True
16,9,1.0,0.7157894736842105,1.1605975965697306,0.4448081228855201,2.6220744210388838,0.5244148842077766,1.609609355146726,1.609609355146726,34.225063501318296,86.69149544624871,128.92633582389286,215.87791455633533,750.0000000000005,5244.148842077765,1311037.2105194412,431.75582911267065,3.348856743298966,True
16,10,1.0,0.7942105263157895,1.2105381326654354,0.41632760634964594,2.6220744210388838,0.5244148842077766,1.981623529426288,1.981623529426288,31.434050526411134,60.91860477396409,133.52295007666197,227.07682702591873,750.0,5244.148842077765,1311037.2105194412,454.15365405183746,3.4013153079008958,True
16,11,1.0,0.8726315789473684,1.2633756698237042,0.39074409087633577,2.6220744210388838,0.5244148842077766,2.3922784230977316,2.3922784230977316,29.052352733000646,44.564686847974215,138.61404517633386,237.70170420895911,750.0000000000003,5244.148842077769,1311037.210519442,475.40340841791823,3.429691470392827,True
16,12,1.0,0.9510526315789474,1.3187620401571911,0.36770940857824375,2.6220744210388838,0.5244148842077766,2.8415740361610577,2.8415740361610577,26.9960769186173,33.67874939123247,144.10680530090823,247.80006141021894,750.0000000000001,5244.1488420777705,1311037.2105194426,495.6001228204379,3.439116714755971,True
16,13,1.0,1.0294736842105263,1.376389580390781,0.34691589618025476,2.6220744210388838,0.5244148842077766,3.3295103686162655,3.3295103686162655,25.203162345530693,26.141697414496377,149.93154320567584,257.4115225123779,749.9999999999999,5244.14884207777,1311037.2105194423,514.8230450247559,3.4337207102478926,True
16,14,1.0,1.1078947368421053,1.4359884952355133,0.32809375839340804,2.6220744210388838,0.5244148842077766,3.8560874204633557,3.8560874204633557,23.626549267960574,20.749027597549578,156.03449589820204,266.57028385443493,749.9999999999998,5244.14884207777,1311037.2105194423,533.1405677088699,3.4168121904062443,True
16,15,1.0,1.1863157894736842,1.4973233995636637,0.31100761008997946,2.6220744210388838,0.5244148842077766,4.421305191702327,4.421305191702327,22.229818362841744,16.78198001472419,162.37326757333483,275.3065973495771,749.9999999999999,5244.148842077773,1311037.2105194433,550.6131946991542,3.3910335298910783,True
16,16,1.0,1.2647368421052632,1.560189568707825,0.29545272660256194,2.6220744210388838,0.5244148842077766,5.025163682333181,5.025163682333181,20.98429957774237,13.7935658092133,168.91382609354164,283.6476885751799,750.0000000000001,5244.148842077769,1311037.210519442,567.2953771503599,3.358489889609162,True
16,17,1.0,1.343157894736842,1.6244092282181304,0.2812513334812883,2.6220744210388838,0.5244148842077766,5.667662892355917,5.667662892355917,19.867092878199735,11.495764159545871,175.6284507683177,291.61834449421355,750.0000000000002,5244.1488420777705,1311037.2105194426,583.2366889884271,3.3208553992075607,True
16,18,1.0,1.421578947368421,1.689828072357488,0.26824912498906706,2.6220744210388838,0.5244148842077766,6.348802821770534,6.348802821770534,18.859675974940505,9.697180182565347,182.49428532509896,299.2413054725012,750.0000000000001,5244.148842077771,1311037.2105194428,598.4826109450024,3.2794594629571745,True
16,19,1.0,1.5,1.7563121051015722,0.2563121051015722,2.6220744210388838,0.5244148842077766,7.0685834705770345,7.0685834705770345,17.946901976811866,8.267151652885476,189.49228940666865,306.53753975180433,749.9999999999999,5244.148842077758,1311037.2105194395,613.0750795036087,3.2353563378396397,True
17,0,1.0,0.01,0.9415526929939773,0.9315526929939772,2.7847751897105546,0.5569550379421108,0.0003141592653589793,0.0003141592653589793,94.09840167422828,3517709252365.331,109.30725168003583,109.30063306402592,37.81962410866196,5569.550379421107,1392387.5948552769,218.60126612805183,1.9998788988670342,True
17,1,1.0,0.08842105263157894,0.9456425097428136,0.8572214571112347,2.7847751897105546,0.5569550379421108,0.02456185901798291,0.02456185901798291,87.89766572856723,2261040.5726778945,114.8551696485323,114.86281302612004,317.0862948969751,5569.550379421107,1392387.5948552769,229.72562605224007,2.0001330959261328,True
17,2,1.0,0.1668421052631579,0.9561682706369489,0.789326165373791,2.7847751897105546,0.5569550379421108,0.08745027816248885,0.08745027816248885,81.7884390823244,43763.98294131302,120.98217157470415,120.98971786268689,562.5914682729818,5569.550379421107,1392387.5948552769,241.97943572537378,2.0001247504137925,True
17,3,1.0,0.24526315789473685,0.972921112066497,0.7276579541717602,2.7847751897105546,0.5569550379421108,0.18897941669887677,0.18897941669887677,74.78216673064658,4799.33773482407,125.75662476726305,128.96966981908687,749.9999999999998,5569.550379421106,1392387.5948552766,257.93933963817375,2.051099416158317,True
17,4,1.0,0.3236842105263158,0.9955867324488887,0.6719025219225729,2.7847751897105546,0.5569550379421108,0.32914927462714666,0.32914927462714666,62.55225055646527,1542.1989514722382,119.84981672172054,146.1048824843231,750.0000000000001,5569.550379421107,1392387.5948552769,292.2097649686462,2.4381327645008293,True
17,5,1.0,0.40210526315789474,1.0237724924725662,0.6216672293146714,2.7847751897105546,0.5569550379421108,0.5079598519472986,0.5079598519472986,53.98332989584144,654.5636197556192,117.89731166146453,161.47957243635224,750.0,5569.550379421106,1392387.5948552766,322.9591448727045,2.739325776995352,True
17,6,1.0,0.4805263157894737,1.057036902785525,0.5765105869960514,2.7847751897105546,0.5569550379421108,0.7254111486593324,0.7254111486593324,47.55493766910905,331.40466456894114,118.26804116684332,175.60066775653652,750.0,5569.550379421107,1392387.5948552769,351.20133551307305,2.969537095973591,True
17,7,1.0,0.5589473684210526,1.094917181502341,0.5359698130812884,2.7847751897105546,0.5569550379421108,0.9815031647632483,0.9815031647632483,42.51432308936431,189.36879454733682,120.15954468767332,188.74778679747945,750.0000000000001,5569.550379421105,1392387.5948552764,377.4955735949589,3.141619540721218,True
17,8,1.0,0.6373684210526316,1.1369520560865067,0.49958363503387515,2.7847751897105546,0.5569550379421108,1.2762359002590462,1.2762359002590462,38.43787696089294,118.1084792161668,123.12225139128961,201.09070793815636,750.0,5569.550379421103,1392387.5948552757,402.1814158763127,3.2665209686440595,True
17,9,1.0,0.7157894736842105,1.1826986278512925,0.466909154167082,2.7847751897105546,0.5569550379421108,1.609609355146726,1.609609355146726,35.065020908984714,78.67869289316376,126.88014370612122,212.74083826572397,750.0000000000003,5569.550379421103,1392387.5948552757,425.48167653144793,3.3534142073242386,True
17,10,1.0,0.7942105263157895,1.2317434123205264,0.43753288600473694,2.7847751897105546,0.5569550379421108,1.981623529426288,1.981623529426288,32.2246413667983,55.156787656402564,131.25166472045976,223.776500650619,750.0000000000001,5569.550379421107,1392387.5948552769,447.553001301238,3.4098843794053044,True
17,11,1.0,0.8726315789473684,1.2837084350663075,0.41107685611893907,2.7847751897105546,0.5569550379421108,2.3922784230977316,2.3922784230977316,29.798651571428543,40.26517994665054,136.11077855103983,234.25631115985695,750.0000000000001,5569.550379421106,1392387.5948552766,468.5126223197139,3.442141961916907,True
17,12,1.0,0.9510526315789474,1.3382535565868867,0.38720092500793934,2.7847751897105546,0.5569550379421108,2.8415740361610577,2.8415740361610577,27.702341505522103,30.373348175206488,141.36615616912542,244.22661471595876,750.0000000000001,5569.550379421111,1392387.5948552778,488.4532294319175,3.4552345672294402,True
17,13,1.0,1.0294736842105263,1.3950761771911258,0.36560249298059944,2.7847751897105546,0.5569550379421108,3.3295103686162655,3.3295103686162655,25.873043043009844,23.537692623689704,146.94930132551045,253.72576477026547,750.0000000000002,5569.550379421103,1392387.5948552757,507.45152954053094,3.453242206415562,True
17,14,1.0,1.1078947368421053,1.4539092893322638,0.34601455249015856,2.7847751897105546,0.5569550379421108,3.8560874204633557,3.8560874204633557,24.263223245874467,18.655416793643216,152.8073998424083,262.7866540076334,750.0000000000001,5569.550379421106,1392387.5948552766,525.5733080152668,3.4394493235098262,True
17,15,1.0,1.1863157894736842,1.514518611981636,0.32820282250795185,2.7847751897105546,0.5569550379421108,4.421305191702327,4.421305191702327,22.836080325959614,15.069561258611463,158.89880796842579,271.43824735961226,749.9999999999997,5569.550379421101,1392387.5948552752,542.8764947192245,3.4164919275360304,True
17,16,1.0,1.2647368421052632,1.5766993224653216,0.31196248036005847,2.7847751897105546,0.5569550379421108,5.025163682333181,5.025163682333181,21.56262643468051,12.372225482310338,165.19008706764,279.70653423173735,750.0000000000002,5569.550379421102,1392387.5948552755,559.4130684634747,3.3864808621016897,True
17,17,1.0,1.343157894736842,1.6402727224087208,0.2971148276718787,2.7847751897105546,0.5569550379421108,5.667662892355917,5.667662892355917,20.419692135499453,10.300975965027204,171.6539831187935,287.6151374891162,750.0,5569.5503794211,1392387.594855275,575.2302749782324,3.3511035661790793,True
17,18,1.0,1.421578947368421,1.7050830411699363,0.2835040938015152,2.7847751897105546,0.5569550379421108,6.348802821770534,6.348802821770534,19.388523490430742,8.68167300856547,178.2680056649786,295.1857170124429,749.9999999999998,5569.550379421108,1392387.594855277,590.3714340248858,3.3117071783165546,True
17,19,1.0,1.5,1.7709944871975776,0.27099448719757757,2.7847751897105546,0.5569550379421108,7.0685834705770345,7.0685834705770345,18.453772407215205,7.395596821064568,185.01340033903446,302.4382487746903,750.0000000000002,5569.550379421107,1392387.5948552769,604.8764975493806,3.2693658753417476,True
18,0,1.0,0.01,0.9686644087825801,0.9586644087825801,2.947475958382225,0.5894951916764448,0.0003141592653589793,0.0003141592653589793,95.09209167588847,3372961051727.422,108.47048945995026,108.46359991048722,37.530326009445844,5894.951916764447,1473737.9791911116,216.92719982097444,1.9998729691458508,True
18,1,1.0,0.08842105263157894,0.972640231221484,0.8842191785899051,2.947475958382225,0.5894951916764448,0.02456185901798291,0.02456185901798291,88.93696825587865,2157190.203534563,113.8794544272429,113.88745592418142,314.7172388252921,5894.951916764448,1473737.9791911119,227.77491184836285,2.000140525733615,True
18,2,1.0,0.1668421052631579,0.982876912400911,0.8160348071377531,2.947475958382225,0.5894951916764448,0.08745027816248885,0.08745027816248885,82.86619199598198,41531.248973408896,119.84903732740909,119.8570628280819,558.6140849028247,5894.951916764448,1473737.9791911119,239.7141256561638,2.0001339268274783,True
18,3,1.0,0.24526315789473685,0.9991820422038239,0.753918884309087,2.947475958382225,0.5894951916764448,0.18897941669887677,0.18897941669887677,76.11963804969842,4470.814300889243,124.87167235197832,127.3578772733729,750.0,5894.951916764448,1473737.9791911119,254.7157545467458,2.03982015896106,True
18,4,1.0,0.3236842105263158,1.021265002331006,0.6975807918046901,2.947475958382225,0.5894951916764448,0.32914927462714666,0.32914927462714666,63.73633119884462,1430.7505405826364,118.85418943693631,144.2282971276195,750.0,5894.951916764448,1473737.9791911119,288.456594255239,2.4269787680331896,True
18,5,1.0,0.40210526315789474,1.0487608781325632,0.6466556149746685,2.947475958382225,0.5894951916764448,0.5079598519472986,0.5079598519472986,55.057591498138585,604.9531004906114,116.7635854498641,159.35851026538504,749.9999999999999,5894.95191676445,1473737.9791911126,318.71702053077007,2.7295926148792398,True
18,6,1.0,0.4805263157894737,1.0812568043754964,0.6007304885860227,2.947475958382225,0.5894951916764448,0.7254111486593324,0.7254111486593324,48.54358096938424,305.220600810376,116.97580133683864,173.25378038606232,750.0000000000001,5894.951916764449,1473737.9791911123,346.50756077212463,2.962215747292347,True
18,7,1.0,0.5589473684210526,1.1183169933015082,0.5593696248804556,2.947475958382225,0.5894951916764448,0.9815031647632483,0.9815031647632483,43.432471501664054,173.85665349857842,118.69279426412878,186.19336027628756,749.9999999999998,5894.951916764446,1473737.9791911114,372.3867205525751,3.1373995604476006,True
18,8,1.0,0.6373684210526316,1.1595038770945227,0.5221354560418912,2.947475958382225,0.5894951916764448,1.2762359002590462,1.2762359002590462,39.295867713940886,108.12624326547909,121.4682393911173,198.3468761239476,750.0000000000003,5894.951916764445,1473737.9791911112,396.6937522478952,3.26582285407608,True
18,9,1.0,0.7157894736842105,1.2043941661595776,0.4886046924753671,2.947475958382225,0.5894951916764448,1.609609355146726,1.609609355146726,35.87044170799973,71.8466704490814,125.02867508889118,209.82542206627642,750.0,5894.951916764447,1473737.9791911116,419.65084413255283,3.356436784075295,True
18,10,1.0,0.7942105263157895,1.252589756046611,0.45837922973082157,2.947475958382225,0.5894951916764448,1.981623529426288,1.981623529426288,32.98338372733384,50.2539850533001,129.19460986337342,220.70675403461755,750.0000000000001,5894.951916764447,1473737.9791911116,441.4135080692351,3.416655760917898,True
18,11,1.0,0.8726315789473684,1.303724130872127,0.4310925519247586,2.947475958382225,0.5894951916764448,2.3922784230977316,2.3922784230977316,30.515490749916605,36.61294456972059,133.84168709452572,231.04868822979572,750.0,5894.951916764444,1473737.979191111,462.09737645959143,3.452566883240459,True
18,12,1.0,0.9510526315789474,1.3574652278697037,0.4064125962907563,2.947475958382225,0.5894951916764448,2.8415740361610577,2.8415740361610577,28.381272641312137,27.569641637215778,138.87994008760842,240.89659794106942,750.0000000000002,5894.951916764451,1473737.9791911128,481.79319588213883,3.4691345314392663,True
18,13,1.0,1.0294736842105263,1.4135157598428465,0.3840420756323202,2.947475958382225,0.5894951916764448,3.3295103686162655,3.3295103686162655,26.517485553170864,21.331655804117588,144.24197211766716,250.2877604262448,750.0000000000002,5894.951916764458,1473737.9791911144,500.5755208524896,3.470387387965959,True
18,14,1.0,1.1078947368421053,1.4716118662081192,0.36371712936601397,2.947475958382225,0.5894951916764448,3.8560874204633557,3.8560874204633557,24.876151284308474,16.88364359413896,149.87585129052724,259.2539464057051,750.0000000000001,5894.951916764458,1473737.9791911144,518.5078928114102,3.45958263687395,True
18,15,1.0,1.1863157894736842,1.5315207766128005,0.3452049871391163,2.947475958382225,0.5894951916764448,4.421305191702327,4.421305191702327,23.420110337788316,13.621693652654027,155.74063797211832,267.82299877718793,750.0,5894.951916764442,1473737.9791911105,535.6459975543759,3.4393463679676888,True
18,16,1.0,1.2647368421052632,1.5930379834205144,0.32830114131525123,2.947475958382225,0.5894951916764448,5.025163682333181,5.025163682333181,22.120078958970776,11.17140433093855,161.8034527831833,276.01981744266874,750.0000000000001,5894.951916764447,1473737.9791911116,552.0396348853375,3.4117914382523766,True
18,17,1.0,1.343157894736842,1.6559842592959666,0.3128263645591245,2.947475958382225,0.5894951916764448,5.667662892355917,5.667662892355917,20.95263757022612,9.292238125573965,168.03748410249767,283.8669896981448,750.0,5894.951916764463,1473737.9791911158,567.7339793962896,3.378615089535555,True
18,18,1.0,1.421578947368421,1.7202027323670932,0.29862378499867215,2.947475958382225,0.5894951916764448,6.348802821770534,6.348802821770534,19.898817447486476,7.824801006413131,174.42059022525135,291.3852064292883,750.0,5894.951916764436,1473737.9791911088,582.7704128585766,3.3411789978807636,True
18,19,1.0,1.5,1.785556142170306,0.2855561421703059,2.947475958382225,0.5894951916764448,7.0685834705770345,7.0685834705770345,18.943083998437803,6.660565865292958,180.9342908784587,298.5935473685203,750.0000000000002,5894.951916764438,1473737.9791911093,597.1870947370406,3.30057443416404,True
19,0,1.0,0.01,0.9950376877284599,0.9850376877284599,3.110176727053896,0.622035345410779,0.0003141592653589793,0.0003141592653589793,96.03036292967823,3243057486395.9854,107.69320375800903,107.68605268847033,37.249841892645534,6220.35345410779,1555088.3635269473,215.37210537694065,1.9998671955278668,True
19,1,1.0,0.08842105263157894,0.9989085456379261,0.9104874930063471,3.110176727053896,0.622035345410779,0.02456185901798291,0.02456185901798291,89.92440895457788,2063988.887123183,112.98352914867283,112.97745773940873,312.4618650365747,6220.353454107789,1555088.363526947,225.95491547881747,1.9998925257635367,True
19,2,1.0,0.1668421052631579,1.0088787281376503,0.8420366228744924,3.110176727053896,0.622035345410779,0.08745027816248885,0.08745027816248885,83.88323930056981,39553.39321166605,118.80084494596234,118.80934619810833,554.7345393763637,6220.353454107791,1555088.3635269476,237.61869239621666,2.0001431177050946,True
19,3,1.0,0.24526315789473685,1.024770226255866,0.7795070683611292,3.110176727053896,0.622035345410779,0.18897941669887677,0.18897941669887677,77.40061874549583,4182.112966400981,124.07387213817081,125.85508319505266,750.0000000000001,6220.353454107791,1555088.3635269476,251.71016639010531,2.0287121055575383,True
19,4,1.0,0.3236842105263158,1.0463132743801182,0.7226290638538024,3.110176727053896,0.622035345410779,0.32914927462714666,0.32914927462714666,64.87054050254616,1333.2822469799576,117.9545958837633,142.47973881790185,750.0000000000002,6220.353454107789,1555088.363526947,284.9594776358037,2.4158403960504686,True
19,5,1.0,0.40210526315789474,1.073167574360724,0.6710623112028293,3.110176727053896,0.622035345410779,0.5079598519472986,0.5079598519472986,56.086986558329656,561.7487520169062,115.73737440339481,157.38269207230724,750.0000000000002,6220.35345410779,1555088.3635269473,314.7653841446145,2.719652020509131,True
19,6,1.0,0.4805263157894737,1.1049459444543905,0.6244196286649168,3.110176727053896,0.622035345410779,0.7254111486593324,0.7254111486593324,49.491457821305886,282.5010703586469,115.8043796674261,171.06749970942215,749.9999999999999,6220.353454107791,1555088.3635269476,342.1349994188443,2.954421934657462,True
19,7,1.0,0.5589473684210526,1.1412371185099177,0.5822897500888651,3.110176727053896,0.622035345410779,0.9815031647632483,0.9815031647632483,44.313359517554126,160.43930938918584,117.36150376733153,183.81301519402197,749.9999999999999,6220.353454107788,1555088.3635269469,367.62603038804394,3.132424334957912,True
19,8,1.0,0.6373684210526316,1.1816253653993405,0.5442569443467089,3.110176727053896,0.622035345410779,1.2762359002590462,1.2762359002590462,40.11966333463554,99.51522441694716,119.9653247455039,195.7887360693983,750.0,6220.353454107789,1555088.363526947,391.5774721387966,3.2640887937368106,True
19,9,1.0,0.7157894736842105,1.2257057439031276,0.5099162702189171,3.110176727053896,0.622035345410779,1.609609355146726,1.609609355146726,36.64437700275094,65.96661126813049,123.34467964204565,207.1055255730489,749.9999999999998,6220.353454107785,1555088.3635269464,414.2110511460978,3.3581590413803455,True
19,10,1.0,0.7942105263157895,1.2730947961997188,0.4788842698839293,3.110176727053896,0.622035345410779,1.981623529426288,1.981623529426288,33.71304870910659,46.04253464494712,127.32194684489428,217.8406984541548,750.0000000000002,6220.353454107789,1555088.363526947,435.6813969083096,3.421887645490246,True
19,11,1.0,0.8726315789473684,1.323437143417162,0.4508055644697935,3.110176727053896,0.622035345410779,2.3922784230977316,2.3922784230977316,31.20539849670533,33.48090287231046,131.7743009065656,228.0514227194187,750.0,6220.353454107791,1555088.3635269476,456.1028454388374,3.4612427635813185,True
19,12,1.0,0.9510526315789474,1.376408772143378,0.4253561405644306,3.110176727053896,0.622035345410779,2.8415740361610577,2.8415740361610577,29.03518778176061,25.168656135902268,136.61302639908175,237.78226220375106,749.9999999999999,6220.353454107795,1555088.3635269487,475.5645244075021,3.481106721245278,True
19,13,1.0,1.0294736842105263,1.4317178725160886,0.4022441883055623,3.110176727053896,0.622035345410779,3.3295103686162655,3.3295103686162655,27.138624113297475,19.444761825390195,141.77174376330714,247.06957930021545,750.0000000000003,6220.353454107782,1555088.3635269457,494.1391586004309,3.485455884815901,True
19,14,1.0,1.1078947368421053,1.4891040084300484,0.38120927158794315,3.110176727053896,0.622035345410779,3.8560874204633557,3.8560874204633557,25.467307921662783,15.369749020216888,147.19934299391,255.9441758558447,750.0000000000002,6220.353454107791,1555088.3635269476,511.8883517116894,3.477517910748199,True
19,15,1.0,1.1863157894736842,1.5483362530001585,0.3620204635264743,3.110176727053896,0.622035345410779,4.421305191702327,4.421305191702327,23.98374324335403,12.385655360471477,152.85554474085552,264.43291340748027,750.0,6220.353454107783,1555088.363526946,528.8658268149605,3.459906068252716,True
19,16,1.0,1.2647368421052632,1.6092107630072556,0.34447392090199247,3.110176727053896,0.622035345410779,5.025163682333181,5.025163682333181,22.658369293138268,10.147051370730852,158.70799737183594,272.5597287407613,750.0000000000003,6220.353454107781,1555088.3635269452,545.1194574815225,3.4347321276089553,True
19,17,1.0,1.343157894736842,1.671548123804369,0.3283902290675269,3.110176727053896,0.622035345410779,5.667662892355917,5.667662892355917,21.46753305606778,8.432310162751865,164.7303092221929,280.34628534479003,750.0000000000002,6220.3534541078025,1555088.3635269506,560.6925706895801,3.403700104352394,True
19,18,1.0,1.421578947368421,1.7351906822021343,0.3136117348337133,3.110176727053896,0.622035345410779,6.348802821770534,6.348802821770534,20.392065731925584,7.094756318733346,170.9006715021145,287.8124028341929,750.0,6220.353454107795,1555088.3635269487,575.6248056683858,3.368183405067918,True
19,19,1.0,1.5,1.8,0.30000000000000004,3.110176727053896,0.622035345410779,7.0685834705770345,7.0685834705770345,19.416259125556994,6.034643652989292,177.20086697091145,294.97634947540865,750.0,6220.353454107799,1555088.3635269497,589.9526989508173,3.329287881236278,True
