source_file,pareto_rank,solenoid_length_m,length_tape_km,scan,row_i,col_j,ri,rf,th,v,v_bore,b0,je_tape,je_max,je_coil,stress,length_tape,j_crit,converged,f_tape_min,pancake_length_m
thickness_grids_L10000mm.csv,1,10.0,114.6530325015064,10.847924514773233,0,167,2.517748743718593,2.519748743718593,0.002,199.14740357251765,199.14740357251765,1.141089681452525,2339.083355757407,2339.083355757407,508.3792126325523,750.0000000000002,114653.0325015064,3898.472259595678,True,0.2173412124801925,45.86121300060256
thickness_grids_L10000mm.csv,2,10.0,115.0095020863938,10.585421434885497,0,168,2.532819095477387,2.5348190954773866,0.002,201.53859018726163,201.53859018726163,1.1367363916860898,2339.6728710870957,2339.6728710870957,507.0545033549102,749.9999999999998,115009.5020863938,3899.45478514516,True,0.2167202559045421,46.00380083455752
thickness_grids_L10000mm.csv,3,10.0,115.36522799939274,10.331159534605854,0,169,2.547889447236181,2.549889447236181,0.002,203.944046889866,203.944046889866,1.1324147597586114,2340.258420851934,2340.258420851934,505.7421289851397,750.0000000000001,115365.22799939274,3900.43070141989,True,0.2161052490951116,46.146091199757095
thickness_grids_L10000mm.csv,4,10.0,115.72021630479615,10.08482831201824,0,170,2.562959798994975,2.5649597989949746,0.002,206.36377368033072,206.36377368033072,1.1281243434982675,2340.8400582391705,2340.8400582391705,504.4418996014291,750.0,115720.21630479617,3901.400097065284,True,0.2154960984309543,46.28808652191846
thickness_grids_L10000mm.csv,5,10.0,116.07447296416083,9.84613080037578,0,171,2.578030150753769,2.580030150753769,0.002,208.7977705586559,208.7977705586559,1.1238647102767478,2341.4178353108287,2341.4178353108287,503.15362923222784,750.0,116074.47296416084,3902.363058851381,True,0.2148927122891899,46.42978918566434
thickness_grids_L10000mm.csv,6,10.0,116.42800383782895,9.61478290132212,0,172,2.593100502512563,2.595100502512562,0.002,211.24603752484143,211.24603752484143,1.1196354367376795,2341.9918030352064,2341.9918030352064,501.8771357494118,750.0000000000001,116428.00383782896,3903.319671725344,True,0.2142950009897482,46.57120153513158
thickness_grids_L10000mm.csv,7,10.0,116.78081468769378,9.390512753844613,0,173,2.6081708542713566,2.6101708542713564,0.002,213.70857457888735,213.70857457888735,1.1154361085576068,2342.5620113141567,2342.5620113141567,500.6122407699723,750.0000000000001,116780.81468769378,3904.270018856928,True,0.2137028767443954,46.71232587507751
thickness_grids_L10000mm.csv,8,10.0,117.13291117928446,9.173060138433216,0,174,2.623241206030151,2.6252412060301507,0.002,216.18538172079377,216.18538172079377,1.1112663201918325,2343.1285090126185,2343.1285090126185,499.35876955840905,749.9999999999999,117132.91117928446,3905.2141816876974,True,0.2131162536060969,46.85316447171378
thickness_grids_L10000mm.csv,9,10.0,117.48429888425063,8.962175912728176,0,175,2.6383115577889447,2.6403115577889444,0.002,218.6764589505605,218.6764589505605,1.1071256746525917,2343.6913439839286,2343.6913439839286,498.1165509338546,749.9999999999998,117484.29888425065,3906.1522399732144,True,0.2125350474210184,46.99371955370025
thickness_grids_L10000mm.csv,10,10.0,117.83498328161149,8.757621478537237,0,176,2.653381909547739,2.6553819095477387,0.002,221.18180626818767,221.18180626818767,1.1030137832658256,2344.250563098228,2344.250563098228,496.8854171757073,749.9999999999999,117834.98328161148,3907.0842718303807,True,0.2119591757798319,47.13399331264459
thickness_grids_L10000mm.csv,11,10.0,118.18496976045314,8.55916827655564,0,177,2.6684522613065327,2.6704522613065325,0.002,223.7014236736752,223.7014236736752,1.0989302654620734,2344.8062122663937,2344.8062122663937,495.6652039379893,749.9999999999999,118184.96976045314,3908.010353777323,True,0.2113885579733685,47.273987904181254
thickness_grids_L10000mm.csv,12,10.0,118.53426362195626,8.366597308584495,0,178,2.6835226130653265,2.6855226130653262,0.002,226.23531116702307,226.23531116702307,1.0948747485565409,2345.358336465604,2345.358336465604,494.4557501638292,749.9999999999999,118534.26362195626,3908.930560776007,True,0.2108231149483799,47.4137054487825
thickness_grids_L10000mm.csv,13,10.0,118.88287008069946,8.179698684850191,0,179,2.6985929648241207,2.7005929648241205,0.002,228.7834687482314,228.7834687482314,1.090846867542934,2345.9069797631937,2345.9069797631937,493.256898000198,750.0000000000002,118882.87008069946,3909.8449662719895,True,0.2102627692637623,47.553148032279786
thickness_grids_L10000mm.csv,14,10.0,119.23079426710456,7.998271195112904,0,180,2.7136633165829145,2.7156633165829143,0.002,231.34589641730017,231.34589641730017,1.0868462648962152,2346.4521853394367,2346.4521853394367,492.06849271949415,750.0000000000003,119230.79426710456,3910.753642232394,True,0.2097074450499879,47.69231770684183
thickness_grids_L10000mm.csv,15,10.0,119.57804122851098,7.8221219026991395,0,181,2.7287336683417087,2.7307336683417085,0.002,233.92259417422932,233.92259417422932,1.0828725903664425,2346.993995511692,2346.993995511692,490.8903826389533,750.0,119578.04122851098,3911.656659186154,True,0.2091570679676704,47.83121649140439
thickness_grids_L10000mm.csv,16,10.0,119.92461593156696,7.651065759027041,0,182,2.7438040201005025,2.7458040201005023,0.002,236.5135620190188,236.5135620190188,1.07892550080149,2347.532451754759,2347.532451754759,489.7224190472277,749.9999999999999,119924.61593156696,3912.554086257932,True,0.2086115651697017,47.96984637262678
thickness_grids_L10000mm.csv,17,10.0,120.2705232640732,7.484925238510126,0,183,2.7588743718592963,2.760874371859296,0.002,239.11879995166868,239.11879995166868,1.075004659962026,2348.0675947224113,2348.0675947224113,488.5644561315429,750.0,120270.5232640732,3913.445991204019,True,0.2080708652636982,48.10820930562928
thickness_grids_L10000mm.csv,18,10.0,120.61576803539062,7.323529992463464,0,184,2.7739447236180905,2.7759447236180903,0.002,241.73830797217903,241.73830797217903,1.071109738335373,2348.5994642692226,2348.5994642692226,487.4163509015671,750.0,120615.76803539062,3914.332440448704,True,0.2075348982731838,48.246307214156246
thickness_grids_L10000mm.csv,19,10.0,120.96035497939836,7.16671652033491,0,185,2.7890150753768843,2.791015075376884,0.002,244.3720860805497,244.3720860805497,1.0672404129699242,2349.1280994697036,2349.1280994697036,486.2779631257414,750.0000000000001,120960.35497939834,3915.213499116173,True,0.2070035956044775,48.384141991759336
thickness_grids_L10000mm.csv,20,10.0,121.3042887557205,7.014327857796645,0,186,2.8040854271356785,2.8060854271356783,0.002,247.02013427678085,247.02013427678085,1.0633963673115727,2349.653538637293,2349.653538637293,485.1491552623952,750.0000000000002,121304.28875572052,3916.0892310621552,True,0.2064768900115217,48.5217155022882
thickness_grids_L10000mm.csv,21,10.0,121.6475739502635,6.866213281049948,0,187,2.8191557788944723,2.821155778894472,0.002,249.68245256087232,249.68245256087232,1.0595772910302113,2350.1758193448095,2350.1758193448095,484.0297923913377,749.9999999999999,121647.57395026353,3916.959698908016,True,0.2059547155609307,48.65902958010541
thickness_grids_L10000mm.csv,22,10.0,121.99021507807686,6.722228025495811,0,188,2.834226130653266,2.836226130653266,0.002,252.3590409328242,252.3590409328242,1.0557828798721074,2350.6949784414905,2350.6949784414905,482.9197421554291,749.9999999999999,121990.21507807686,3917.824964069151,True,0.2054370076017283,48.79608603123074
thickness_grids_L10000mm.csv,23,10.0,122.33221658381702,6.582233018883591,0,189,2.8492964824120603,2.85129648241206,0.002,255.04989939263655,255.04989939263655,1.0520128355030949,2351.2110520713863,2351.2110520713863,481.8188746958826,749.9999999999999,122332.21658381702,3918.685086785644,True,0.2049237027324307,48.932886633526806
thickness_grids_L10000mm.csv,24,10.0,122.67358284340384,6.446094627718483,0,190,2.864366834170854,2.866366834170854,0.002,257.7550279403092,257.7550279403092,1.048266865358533,2351.7240756909328,2351.7240756909328,480.7270625934865,749.9999999999999,122673.58284340384,3919.540126151555,True,0.2044147387708524,49.069433137361536
thickness_grids_L10000mm.csv,25,10.0,123.01431816544108,6.313684416142968,0,191,2.8794371859296484,2.881437185929648,0.002,260.47442657584236,260.47442657584236,1.044544682502378,2352.2340840853813,2352.2340840853813,479.6441808106872,749.9999999999999,123014.31816544107,3920.3901401423022,True,0.2039100547245012,49.20572726617643
thickness_grids_L10000mm.csv,26,10.0,123.35442679279176,6.1848789167587155,0,192,2.894507537688442,2.896507537688442,0.002,263.20809529923577,263.20809529923577,1.040846005489311,2352.7411113849003,2352.7411113849003,478.57010663639227,750.0,123354.42679279175,3921.2351856415007,True,0.2034095907622791,49.3417707171167
thickness_grids_L10000mm.csv,27,10.0,123.69391290294796,6.0595594129129235,0,193,2.909577889447236,2.9115778894472357,0.002,265.95603411048967,265.95603411048967,1.0371705582222817,2353.245191081402,2353.245191081402,477.5047196281345,749.9999999999999,123693.91290294797,3922.0753184690034,True,0.2029132881851141,49.477565161179186
thickness_grids_L10000mm.csv,28,10.0,124.03278061055993,5.937611731356388,0,194,2.92464824120603,2.92664824120603,0.002,268.71824300960395,268.71824300960395,1.033518069825358,2353.746356043363,2353.746356043363,476.4479015631913,749.9999999999998,124032.78061055992,3922.910593405605,True,0.2024210894006854,49.61311224422396
thickness_grids_L10000mm.csv,29,10.0,124.37103396738998,5.818926045082063,0,195,2.9397185929648244,2.941718592964824,0.002,271.49472199657873,271.49472199657873,1.0298882745162503,2354.2446385307676,2354.2446385307676,475.399536382911,750.0,124371.03396738996,3923.741064217946,True,0.2019329378953571,49.74841358695599
thickness_grids_L10000mm.csv,30,10.0,124.70867696464109,5.703396685701617,0,196,2.954788944723618,2.956788944723618,0.002,274.2854710714138,274.2854710714138,1.026280911482511,2354.740070209638,2354.740070209638,474.3595101458948,749.9999999999998,124708.67696464108,3924.56678368273,True,0.2014487782100142,49.88347078585643
thickness_grids_L10000mm.csv,31,10.0,125.04571353319484,5.590921964999545,0,197,2.9698592964824124,2.971859296482412,0.002,277.0904902341093,277.0904902341093,1.022695724754534,2355.232682167083,2355.232682167083,473.32771097672247,750.0,125045.71353319482,3925.387803611806,True,0.2009685559140623,50.01828541327793
thickness_grids_L10000mm.csv,32,10.0,125.38214754546046,5.4814040046723465,0,198,2.9849296482412058,2.9869296482412055,0.002,279.909779484665,279.909779484665,1.0191324630983651,2355.722504923703,2355.722504923703,472.30402902027976,750.0000000000001,125382.14754546044,3926.204174872839,True,0.2004922175821284,50.15285901818418
thickness_grids_L10000mm.csv,33,10.0,125.71798281619894,5.3747485745521235,0,199,3.0,3.002,0.002,282.7433388230814,282.7433388230814,1.0155908798946858,2356.2095684479677,2356.2095684479677,471.2883563956222,750.0000000000002,125717.98281619894,3927.01594741328,True,0.2000197107704894,50.28719312647958
thickness_grids_L10000mm.csv,34,10.0,126.13607456145422,5.3078439109238165,1,199,3.0,3.002012575440014,0.0020125754400141,282.7433388230814,282.7433388230814,1.0187762095424004,2355.7714894678847,2355.7714894678847,469.8127307406776,749.9999999999999,126136.07456145422,3926.285815779808,True,0.1994305189790702,50.45442982458169
thickness_grids_L10000mm.csv,35,10.0,127.04345894688126,5.215952730249445,2,198,2.9849296482412058,2.9869799500012624,0.0020503017600565,279.909779484665,279.909779484665,1.0318585738555386,2353.9741358012807,2353.9741358012807,466.4706942578463,749.9999999999998,127043.45894688126,3923.290226335468,True,0.19816304995172,50.817383578752505
thickness_grids_L10000mm.csv,36,10.0,127.38343931354706,5.114461548643811,2,199,3.0,3.0020503017600566,0.0020503017600565,282.7433388230814,282.7433388230814,1.0282728073424392,2354.466477012614,2354.466477012614,465.4675870864448,749.9999999999998,127383.43931354706,3924.110795021024,True,0.1976955678201193,50.95337572541882
thickness_grids_L10000mm.csv,37,10.0,128.40285181521415,5.109289466630171,3,196,2.954788944723618,2.9569021236837454,0.0021131789601272,274.2854710714138,274.2854710714138,1.0548956923123731,2350.816401435729,2350.816401435729,461.47348269474173,749.9999999999999,128402.85181521416,3918.027335726215,True,0.1963034979732586,51.36114072608566
thickness_grids_L10000mm.csv,38,10.0,128.74917757372253,5.008529089402763,3,197,2.9698592964824124,2.9719724754425396,0.0021131789601272,277.0904902341093,277.0904902341093,1.051210639911335,2351.3208949492005,2351.3208949492005,460.46976033812905,749.9999999999999,128749.17757372253,3918.868158248667,True,0.1958345036303849,51.49967102948901
thickness_grids_L10000mm.csv,39,10.0,129.0948830930501,4.910417565038331,3,198,2.9849296482412058,2.987042827201333,0.0021131789601272,279.909779484665,279.909779484665,1.047548122263126,2351.822538045548,2351.822538045548,459.4739340008954,749.9999999999998,129094.8830930501,3919.704230075913,True,0.1953693046851806,51.63795323722004
thickness_grids_L10000mm.csv,40,10.0,129.43997230055314,4.81487047489016,3,199,3.0,3.002113178960127,0.0021131789601272,282.7433388230814,282.7433388230814,1.0439078859045292,2352.321361313194,2352.321361313194,458.485898745263,750.0000000000002,129439.97230055313,3920.535602188656,True,0.1949078498735866,51.77598892022125
thickness_grids_L10000mm.csv,41,10.0,130.8618819821328,4.804536977280235,4,195,2.9397185929648244,2.9419198000050506,0.0022012070402262,271.49472199657873,271.49472199657873,1.0804083649220335,2347.3301298994156,2347.3301298994156,453.1369731636035,749.9999999999997,130861.8819821328,3912.2168831656927,True,0.1930435635753632,52.34475279285312
thickness_grids_L10000mm.csv,42,10.0,131.21589569694376,4.709144261292292,4,196,2.954788944723618,2.9569901517638444,0.0022012070402262,274.2854710714138,274.2854710714138,1.07662422406793,2347.846513285417,2347.846513285417,452.1457349145087,749.9999999999999,131215.89569694377,3913.077522142362,True,0.192578915340512,52.48635827877751
thickness_grids_L10000mm.csv,43,10.0,131.56927163805733,4.616273834747937,4,197,2.9698592964824124,2.9720605035226386,0.0022012070402262,277.0904902341093,277.0904902341093,1.072863344335672,2348.359968663014,2348.359968663014,451.162337246568,750.0000000000001,131569.27163805734,3913.933281105023,True,0.1921180497312884,52.62770865522294
thickness_grids_L10000mm.csv,44,10.0,131.92201387897762,4.525844874937587,4,198,2.9849296482412058,2.987130855281432,0.0022012070402262,279.909779484665,279.909779484665,1.0691254622262134,2348.870527656753,2348.870527656753,450.18667547169065,749.9999999999999,131922.01387897762,3914.7842127612553,True,0.1916609153935783,52.76880555159105
thickness_grids_L10000mm.csv,45,10.0,132.27412643279078,4.437779571635013,4,199,3.0,3.002201207040226,0.0022012070402262,282.7433388230814,282.7433388230814,1.065410319082243,2349.378221319146,2349.378221319146,449.2186467828143,750.0000000000001,132274.12643279077,3915.6303688652447,True,0.1912074619175552,52.90965057311631
thickness_grids_L10000mm.csv,46,10.0,134.0342713623954,4.435175430792301,5,194,2.92464824120603,2.926962627206384,0.0023143860003535,268.71824300960395,268.71824300960395,1.111714633259172,2343.067587873629,2343.067587873629,442.88484589224504,750.0,134034.2713623954,3905.112646456048,True,0.1890192362287637,53.613708544958165
thickness_grids_L10000mm.csv,47,10.0,134.39781691218127,4.346517104545513,5,195,2.9397185929648244,2.942032978965178,0.0023143860003535,271.49472199657873,271.49472199657873,1.1078104940163491,2343.5982365746177,2343.5982365746177,441.9104623544026,750.0000000000001,134397.81691218127,3905.997060957696,True,0.1885606736930708,53.759126764872505
thickness_grids_L10000mm.csv,48,10.0,134.7607033748367,4.260216661904374,5,196,2.954788944723618,2.957103330723972,0.0023143860003535,274.2854710714138,274.2854710714138,1.1039304793588438,2344.1258667345287,2344.1258667345287,440.9438284363649,749.9999999999998,134760.7033748367,3906.876444557548,True,0.188105866964652,53.904281349934685
thickness_grids_L10000mm.csv,49,10.0,135.1229349963577,4.17619813499099,5,197,2.9698592964824124,2.972173682482766,0.0023143860003535,277.0904902341093,277.0904902341093,1.1000743140502212,2344.650511160738,2344.650511160738,439.9848401790913,749.9999999999997,135122.9349963577,3907.7508519345633,True,0.1876547647867883,54.04917399854308
thickness_grids_L10000mm.csv,50,10.0,135.48451595987586,4.0943884023788515,5,198,2.9849296482412058,2.9872440342415594,0.0023143860003535,279.909779484665,279.909779484665,1.0962417279410257,2345.172202063961,2345.172202063961,439.0333955007004,750.0000000000001,135484.51595987586,3908.620336773268,True,0.1872073168504691,54.193806383950346
thickness_grids_L10000mm.csv,51,10.0,135.84545038650762,4.014717068103904,5,199,3.0,3.0023143860003536,0.0023143860003535,282.7433388230814,282.7433388230814,1.0924324558464995,2345.690971072348,2345.690971072348,438.08939415332617,749.9999999999998,135845.4503865076,3909.4849517872462,True,0.1867634737721016,54.338180154603045
thickness_grids_L10000mm.csv,52,10.0,138.24365664574802,3.9494496508787793,6,194,2.92464824120603,2.927100957046539,0.002452715840509,268.71824300960395,268.71824300960395,1.144423790716845,2338.632075792574,2338.632075792574,430.2050976290662,750.0,138243.656645748,3897.720126320957,True,0.1839558697933566,55.2974626582992
thickness_grids_L10000mm.csv,53,10.0,138.61777058870706,3.8704991185556974,6,195,2.9397185929648244,2.9421713088053334,0.002452715840509,271.49472199657873,271.49472199657873,1.1404049135049386,2339.176064374153,2339.176064374153,429.2586662581515,750.0,138617.77058870706,3898.626773956922,True,0.1835084895044015,55.44710823548282
thickness_grids_L10000mm.csv,54,10.0,138.99120495002023,3.79364833019179,6,196,2.954788944723618,2.957241660564127,0.002452715840509,274.2854710714138,274.2854710714138,1.1364108684479588,2339.716965965197,2339.716965965197,428.3197618280861,750.0,138991.20495002024,3899.5282766086616,True,0.1830647758077834,55.59648198000809
thickness_grids_L10000mm.csv,55,10.0,139.36396410814666,3.718829633553748,6,197,2.9698592964824124,2.9723120123229214,0.002452715840509,277.0904902341093,277.0904902341093,1.132441372254507,2340.254814071142,2340.254814071142,427.38828337090337,750.0,139363.96410814667,3900.42469011857,True,0.182624678646601,55.745585643258664
thickness_grids_L10000mm.csv,56,10.0,139.73605237711578,3.6459779113060184,6,198,2.9849296482412058,2.9873823640817148,0.002452715840509,279.909779484665,279.909779484665,1.1284961468704184,2340.789641588093,2340.789641588093,426.4641317424489,750.0,139736.0523771158,3901.3160693134887,True,0.1821881488902681,55.89442095084632
thickness_grids_L10000mm.csv,57,10.0,140.1074740065623,3.5750304733281406,6,199,3.0,3.002452715840509,0.002452715840509,282.7433388230814,282.7433388230814,1.124574919347813,2341.3214808178964,2341.3214808178964,425.54720957810656,750.0,140107.47400656232,3902.2024680298273,True,0.1817551383116553,56.04298960262493
thickness_grids_L10000mm.csv,58,10.0,142.69950025178807,3.5430556268227473,7,193,2.909577889447236,2.9121940860079287,0.0026161965606929,265.95603411048967,265.95603411048967,1.186085370927785,2333.009088981709,2333.009088981709,417.4598368215185,750.0000000000001,142699.50025178806,3888.3484816361815,True,0.1789362239491864,57.079800100715225
thickness_grids_L10000mm.csv,59,10.0,143.08642553410343,3.4717450295511885,7,194,2.92464824120603,2.927264437766723,0.0026161965606929,268.71824300960395,268.71824300960395,1.1819090750820611,2333.571422335429,2333.571422335429,416.53615378007856,750.0000000000003,143086.42553410344,3889.2857038923817,True,0.1784972809459634,57.234570213641376
thickness_grids_L10000mm.csv,60,10.0,143.47264306551972,3.40234209536535,7,195,2.9397185929648244,2.942334789525517,0.0026161965606929,271.49472199657873,271.49472199657873,1.177758720091881,2334.1305565450493,2334.1305565450493,415.6198571472429,749.9999999999998,143472.64306551972,3890.217594241749,True,0.1780619580090833,57.38905722620789
thickness_grids_L10000mm.csv,61,10.0,143.85815744586773,3.334785022594242,7,196,2.954788944723618,2.957405141284311,0.0026161965606929,274.2854710714138,274.2854710714138,1.1736340079034948,2334.6865265382785,2334.6865265382785,414.7108473756969,750.0000000000001,143858.15744586772,3891.144210897131,True,0.1776302054522939,57.54326297834709
thickness_grids_L10000mm.csv,62,10.0,144.24297320629293,3.269014337594491,7,197,2.9698592964824124,2.972475493043105,0.0026161965606929,277.0904902341093,277.0904902341093,1.1695346459990377,2335.23936660511,2335.23936660511,413.8090267230491,750.0,144242.97320629293,3892.065611008517,True,0.1772019745130583,57.69718928251717
thickness_grids_L10000mm.csv,63,10.0,144.62709481123093,3.204972795179385,7,198,2.9849296482412058,2.9875458448018986,0.0026161965606929,279.909779484665,279.909779484665,1.1654603472720142,2335.7891104117,2335.7891104117,412.9142992121278,750.0,144627.09481123093,3892.981850686167,True,0.1767772173316402,57.85083792449237
thickness_grids_L10000mm.csv,64,10.0,145.01052665900554,3.142605284036041,7,199,3.0,3.002616196560693,0.0026161965606929,282.7433388230814,282.7433388230814,1.1614108298844552,2336.3357910168083,2336.3357910168083,412.02657058912456,750.0,145010.52665900553,3893.892985028014,True,0.1763558869291663,58.00421066360221
thickness_grids_L10000mm.csv,65,10.0,148.11243477400464,3.0829950157981205,8,193,2.909577889447236,2.912382717608141,0.002804828160905,265.95603411048967,265.95603411048967,1.228053356526954,2327.374557143178,2327.374557143178,403.16577689388095,749.9999999999999,148112.43477400465,3878.9575952386303,True,0.1732277151765213,59.24497390960186
thickness_grids_L10000mm.csv,66,10.0,148.5128800433039,3.020942089023677,8,194,2.92464824120603,2.927453069366935,0.002804828160905,268.71824300960395,268.71824300960395,1.223729481334288,2327.953695970908,2327.953695970908,402.2737931395081,750.0000000000002,148512.8800433039,3879.922826618181,True,0.172801458137136,59.40515201732156
thickness_grids_L10000mm.csv,67,10.0,148.9125909894755,2.960549213299987,8,195,2.9397185929648244,2.9425234211257294,0.002804828160905,271.49472199657873,271.49472199657873,1.21943246156531,2328.5295501391747,2328.5295501391747,401.38894182999695,749.9999999999999,148912.5909894755,3880.882583565291,True,0.1723787193535964,59.565036395790194
thickness_grids_L10000mm.csv,68,10.0,149.3115723855784,2.901762607338215,8,196,2.954788944723618,2.957593772884523,0.002804828160905,274.2854710714138,274.2854710714138,1.2151619886847314,2329.1021554474255,2329.1021554474255,400.51112684595125,750.0,149311.5723855784,3881.83692574571,True,0.1719594505158199,59.72462895423136
thickness_grids_L10000mm.csv,69,10.0,149.70982893374463,2.8445305158003507,8,197,2.9698592964824124,2.9726641246433174,0.002804828160905,277.0904902341093,277.0904902341093,1.2109177598881553,2329.671547041716,2329.671547041716,399.6402538111934,749.9999999999999,149709.82893374463,3882.7859117361936,True,0.1715436042126488,59.883931573497854
thickness_grids_L10000mm.csv,70,10.0,150.10736526705287,2.7888031226492176,8,198,2.9849296482412058,2.9877344764021108,0.002804828160905,279.909779484665,279.909779484665,1.206699477972879,2330.237759428953,2330.237759428953,398.7762300536729,750.0000000000001,150107.36526705287,3883.729599048255,True,0.171131133911158,60.04294610682115
thickness_grids_L10000mm.csv,71,10.0,150.5041859500732,2.734532468831498,8,199,3.0,3.002804828160905,0.002804828160905,282.7433388230814,282.7433388230814,1.2025068511905708,2330.80082649366,2330.80082649366,397.91896456520584,750.0000000000002,150504.1859500732,3884.6680441561007,True,0.1707219939353699,60.20167438002928
thickness_grids_L10000mm.csv,72,10.0,153.6432721546686,2.717304469382974,9,192,2.894507537688442,2.897526148329588,0.0030186106411454,263.20809529923577,263.20809529923577,1.2784528171386504,2320.647232221802,2320.647232221802,389.4806400259116,749.9999999999999,153643.2721546686,3867.745387036337,True,0.1678327643331728,61.457308861867446
thickness_grids_L10000mm.csv,73,10.0,154.05925647064063,2.6622366245686275,9,193,2.909577889447236,2.9125965000883816,0.0030186106411454,265.95603411048967,265.95603411048967,1.2739394267924868,2321.247945997022,2321.247945997022,388.61396170711015,750.0000000000001,154059.25647064063,3868.7465766617033,True,0.1674159636316631,61.62370258825625
thickness_grids_L10000mm.csv,74,10.0,154.47447224497748,2.608650638920415,9,194,2.92464824120603,2.927666851847176,0.0030186106411454,268.71824300960395,268.71824300960395,1.2694542175016272,2321.845246018497,2321.845246018497,387.75425159768713,749.9999999999999,154474.47224497749,3869.742076697496,True,0.1670026252880585,61.789788897990995
thickness_grids_L10000mm.csv,75,10.0,154.88892451570865,2.556498238509819,9,195,2.9397185929648244,2.94273720360597,0.0030186106411454,271.49472199657873,271.49472199657873,1.2649968631854838,2322.43916970234,2322.43916970234,386.90141534902506,750.0000000000002,154888.92451570864,3870.731949503901,True,0.1665927014995243,61.95556980628346
thickness_grids_L10000mm.csv,76,10.0,155.3026182466709,2.5057329775504167,9,196,2.954788944723618,2.957807555364764,0.0030186106411454,274.2854710714138,274.2854710714138,1.2605670438607122,2323.0297537775077,2323.0297537775077,386.055360333406,750.0,155302.6182466709,3871.7162562958465,True,0.1661861453585071,62.12104729866836
thickness_grids_L10000mm.csv,77,10.0,155.7155583277421,2.4563101599485493,9,197,2.9698592964824124,2.972877907123558,0.0030186106411454,277.0904902341093,277.0904902341093,1.256164445484642,2323.6170343032863,2323.6170343032863,385.21599560185194,749.9999999999999,155715.5583277421,3872.695057172144,True,0.1657829108303792,62.286223331096835
thickness_grids_L10000mm.csv,78,10.0,156.12774957704875,2.408186764466166,9,198,2.9849296482412058,2.9879482588823514,0.0030186106411454,279.909779484665,279.909779484665,1.251788759821274,2324.201046683884,2324.201046683884,384.3832318472297,749.9999999999999,156127.7495770488,3873.6684111398063,True,0.1653829527336539,62.45109983081952
thickness_grids_L10000mm.csv,79,10.0,156.53919674217357,2.3613213735781393,9,199,3.0,3.0030186106411456,0.0030186106411454,282.7433388230814,282.7433388230814,1.2474396842948012,2324.7818256847854,2324.7818256847854,383.5569813670097,749.9999999999999,156539.19674217358,3874.636376141309,True,0.164986226720019,62.61567869686943
thickness_grids_L10000mm.csv,80,10.0,160.06213581242503,2.333762514982506,10,192,2.894507537688442,2.8977650816898564,0.0032575440014141,263.20809529923577,263.20809529923577,1.3280215281142456,2314.0721415098787,2314.0721415098787,374.9104920258486,750.0,160062.13581242503,3856.7869025164646,True,0.1620133120747169,64.02485432497002
thickness_grids_L10000mm.csv,81,10.0,160.4940381452728,2.2864655370437306,10,193,2.909577889447236,2.91283543344865,0.0032575440014141,265.95603411048967,265.95603411048967,1.3233334098723248,2314.6922567400534,2314.6922567400534,374.07632092910205,749.9999999999999,160494.03814527282,3857.8204279000897,True,0.1616095270720525,64.19761525810912
thickness_grids_L10000mm.csv,82,10.0,160.92514016686127,2.2404413497760154,10,194,2.92464824120603,2.9279057852074444,0.0032575440014141,268.71824300960395,268.71824300960395,1.3186745607222832,2315.308860624906,2315.308860624906,373.2488561115501,750.0000000000001,160925.14016686127,3858.848101041511,True,0.1612090993383964,64.37005606674451
thickness_grids_L10000mm.csv,83,10.0,161.35544712459466,2.195648488584475,10,195,2.9397185929648244,2.9429761369662386,0.0032575440014141,271.49472199657873,271.49472199657873,1.3140446420372356,2315.9219915723847,2315.9219915723847,372.4280067786284,749.9999999999999,161355.44712459465,3859.8699859539743,True,0.160811982499363,64.54217884983785
thickness_grids_L10000mm.csv,84,10.0,161.78496418807742,2.1520470592442527,10,196,2.954788944723618,2.9580464887250324,0.0032575440014141,274.2854710714138,274.2854710714138,1.3094433215147612,2316.531687286375,2316.531687286375,371.6136837902295,750.0,161784.96418807743,3860.886145477292,True,0.1604181310489839,64.71398567523097
thickness_grids_L10000mm.csv,85,10.0,162.21369645044294,2.1095986704539227,10,197,2.9698592964824124,2.973116840483826,0.0032575440014141,277.0904902341093,277.0904902341093,1.3048702730227917,2317.137984783524,2317.137984783524,370.80579962234447,749.9999999999998,162213.69645044295,3861.896641305874,True,0.1600275003290261,64.88547858017718
thickness_grids_L10000mm.csv,86,10.0,162.64164893047942,2.068266369550356,10,198,2.9849296482412058,2.98818719224262,0.0032575440014141,279.909779484665,279.909779484665,1.3003251764606245,2317.7409204081614,2317.7409204081614,370.00426833123794,750.0,162641.64893047942,3862.9015340136025,True,0.1596400465096327,65.05665957219176
thickness_grids_L10000mm.csv,87,10.0,163.06882657338966,2.028014581409386,10,199,3.0,3.003257544001414,0.0032575440014141,282.7433388230814,282.7433388230814,1.295807717605045,2318.3405298493153,2318.3405298493153,369.2090055163381,750.0,163068.82657338967,3863.900883082192,True,0.1592557265693558,65.22753062935587
thickness_grids_L10000mm.csv,88,10.0,166.92534730184627,1.997302664866284,11,192,2.894507537688442,2.898029165930154,0.003521628241711,263.20809529923577,263.20809529923577,1.380728565388062,2307.1253042811654,2307.1253042811654,360.5641521669036,750.0000000000001,166925.34730184628,3845.208840468609,True,0.1562828648699014,66.77013892073852
thickness_grids_L10000mm.csv,89,10.0,167.37416062520998,1.956822772311881,11,193,2.909577889447236,2.913099517688947,0.003521628241711,265.95603411048967,265.95603411048967,1.3758546902608515,2307.765771354443,2307.765771354443,359.7619923727462,749.9999999999999,167374.16062520997,3846.2762855907386,True,0.1558919006592248,66.94966425008398
thickness_grids_L10000mm.csv,90,10.0,167.82213968396883,1.9174322593174304,11,194,2.92464824120603,2.9281698694477414,0.003521628241711,268.71824300960395,268.71824300960395,1.3710112405747477,2308.402625671046,2308.402625671046,358.96628090133146,749.9999999999999,167822.13968396882,3847.3377094517423,True,0.1555041901743553,67.12885587358753
thickness_grids_L10000mm.csv,91,10.0,168.2692899489254,1.8790956351088777,11,195,2.9397185929648244,2.9432402212065356,0.003521628241711,271.49472199657873,271.49472199657873,1.366197864367391,2309.0359066645456,2309.0359066645456,358.1769304577176,750.0,168269.2899489254,3848.393177774243,True,0.1551196884482893,67.30771597957016
thickness_grids_L10000mm.csv,92,10.0,168.71561681011045,1.841778753080722,11,196,2.954788944723618,2.9583105729653294,0.003521628241711,274.2854710714138,274.2854710714138,1.3614142162505438,2309.6656530459386,2309.6656530459386,357.3938553374945,749.9999999999998,168715.61681011046,3849.442755076565,True,0.154738351356687,67.48624672404418
thickness_grids_L10000mm.csv,93,10.0,169.16112557796143,1.805448753060421,11,197,2.9698592964824124,2.9733809247241236,0.003521628241711,277.0904902341093,277.0904902341093,1.35665995725038,2310.291902820826,2310.291902820826,356.61697138974995,750.0,169161.1255779614,3850.4865047013777,True,0.1543601355977254,67.66445023118456
thickness_grids_L10000mm.csv,94,10.0,169.6058214857188,1.7700740062935951,11,198,2.9849296482412058,2.988451276482917,0.003521628241711,279.909779484665,279.909779484665,1.3519347546607718,2310.914693305012,2310.914693305012,355.8461959830452,750.0000000000001,169605.8214857188,3851.524488841687,True,0.1539849986734572,67.84232859428752
thickness_grids_L10000mm.csv,95,10.0,170.04970968984807,1.7356240631619408,11,199,3.0,3.003521628241711,0.003521628241711,282.7433388230814,282.7433388230814,1.3472382818797617,2311.5340611424285,2311.5340611424285,355.081447968921,749.9999999999999,170049.70968984807,3852.556768570714,True,0.1536128988700383,68.01988387593923
thickness_grids_L10000mm.csv,96,10.0,174.19413069363827,1.7060301932829771,12,192,2.894507537688442,2.8983184010504783,0.0038108633620363,263.20809529923577,263.20809529923577,1.436225396511585,2299.8598874254085,2299.8598874254085,346.5950991378054,750.0000000000002,174194.13069363826,3833.099812375681,True,0.1507027019484231,69.67765227745531
thickness_grids_L10000mm.csv,97,10.0,174.660733893837,1.6714519678771766,12,193,2.909577889447236,2.913388752809272,0.0038108633620363,265.95603411048967,265.95603411048967,1.4311559711478063,2300.52147846208,2300.52147846208,345.8241124537414,749.9999999999998,174660.733893837,3834.2024641034664,True,0.1503242267857147,69.8642935575348
thickness_grids_L10000mm.csv,98,10.0,175.12646688545087,1.6378043367932005,12,194,2.92464824120603,2.9284591045680664,0.0038108633620363,268.71824300960395,268.71824300960395,1.426118188111836,2301.179352538589,2301.179352538589,345.05932286671776,749.9999999999999,175126.46688545088,3835.298920897648,True,0.1499489044546046,70.05058675418036
thickness_grids_L10000mm.csv,99,10.0,175.59133537552026,1.605056981103537,12,195,2.9397185929648244,2.9435294563268606,0.0038108633620363,271.49472199657873,271.49472199657873,1.4211116814112852,2301.8335501362412,2301.8335501362412,344.3006464895607,749.9999999999998,175591.33537552026,3836.3892502270687,True,0.1495766913594522,70.2365341502081
thickness_grids_L10000mm.csv,100,10.0,176.05534498782052,1.5731807301860825,12,196,2.954788944723618,2.9585998080856544,0.0038108633620363,274.2854710714138,274.2854710714138,1.4161360918962895,2302.484110994113,2302.484110994113,343.5480009647701,749.9999999999998,176055.3449878205,3837.473518323522,True,0.1492075447228345,70.42213799512821
thickness_grids_L10000mm.csv,101,10.0,176.5185012629682,1.5421475124483537,12,197,2.9698592964824124,2.9736701598444486,0.0038108633620363,277.0904902341093,277.0904902341093,1.4111910670825496,2303.131074128089,2303.131074128089,342.8013054267629,750.0,176518.50126296817,3838.551790213482,True,0.1488414225649486,70.60740050518727
thickness_grids_L10000mm.csv,102,10.0,176.98080966109748,1.51193030831869,12,198,2.9849296482412058,2.988740511603242,0.0038108633620363,279.909779484665,279.909779484665,1.4062762610001598,2303.7744778466663,2303.7744778466663,342.0604804696441,750.0000000000001,176980.80966109748,3839.624129744444,True,0.1484782836857223,70.79232386443898
thickness_grids_L10000mm.csv,103,10.0,177.44227556298105,1.4825031055482611,12,199,3.0,3.003810863362036,0.0038108633620363,282.7433388230814,282.7433388230814,1.401391334030759,2304.41435976841,2304.41435976841,341.3254481132885,750.0000000000006,177442.27556298106,3840.690599614017,True,0.1481180876461779,70.97691022519243
thickness_grids_L10000mm.csv,104,10.0,181.83354550742976,1.4562788407908096,13,192,2.894507537688442,2.898632787050832,0.0041252493623898,263.20809529923577,263.20809529923577,1.4941979815858824,2292.3235944492344,2292.3235944492344,333.10952793372024,750.0000000000001,181833.54550742975,3820.5393240820576,True,0.1453152289407704,72.7334182029719
thickness_grids_L10000mm.csv,105,10.0,182.31871480343855,1.4267611196265786,13,193,2.909577889447236,2.913703138809626,0.0041252493623898,265.95603411048967,265.95603411048967,1.4889243265611858,2293.006922719885,2293.006922719885,332.36863927791177,750.0,182318.71480343855,3821.678204533142,True,0.1449488163270207,72.92748592137542
thickness_grids_L10000mm.csv,106,10.0,182.8029761291471,1.39803783626364,13,194,2.92464824120603,2.92877349056842,0.0041252493623898,268.71824300960395,268.71824300960395,1.4836835842725222,2293.6864279406695,2293.6864279406695,331.63370513174345,750.0000000000002,182802.9761291471,3822.8107132344494,True,0.1445854590635968,73.12119045165886
thickness_grids_L10000mm.csv,107,10.0,183.28633544060617,1.3700831066399852,13,195,2.9397185929648244,2.9438438423272144,0.0041252493623898,271.49472199657873,271.49472199657873,1.4784753740929808,2294.36215165192,2294.36215165192,330.90464490010703,750.0,183286.33544060617,3823.936919419867,True,0.1442251148807779,73.31453417624246
thickness_grids_L10000mm.csv,108,10.0,183.76879860663144,1.342872027093936,13,196,2.954788944723618,2.958914194086008,0.0041252493623898,274.2854710714138,274.2854710714138,1.4732993225058575,2295.034134633467,2295.034134633467,330.181379456437,749.9999999999999,183768.79860663143,3825.0568910557786,True,0.1438677423023031,73.50751944265258
thickness_grids_L10000mm.csv,109,10.0,184.25037140991492,1.316380632261241,13,197,2.9698592964824124,2.9739845458448024,0.0041252493623898,277.0904902341093,277.0904902341093,1.468155062928907,2295.702416923092,2295.702416923092,329.4638311079439,749.9999999999998,184250.37140991492,3826.1706948718206,True,0.1435133006260981,73.70014856396597
thickness_grids_L10000mm.csv,110,10.0,184.73105954979476,1.2905858549430975,13,198,2.9849296482412058,2.989054897603596,0.0041252493623898,279.909779484665,279.909779484665,1.4630422355562729,2296.367037832822,2296.367037832822,328.7519235646775,750.0,184731.05954979477,3827.278396388037,True,0.1431617499069027,73.89242381991791
thickness_grids_L10000mm.csv,111,10.0,185.21086864235485,1.2654654879672211,13,199,3.0,3.00412524936239,0.0041252493623898,282.7433388230814,282.7433388230814,1.4579604871823963,2297.028035967706,2297.028035967706,328.0455819053436,750.0,185210.86864235485,3828.380059946176,True,0.1428130509374225,74.08434745694194
thickness_grids_L10000mm.csv,112,10.0,189.8123972988307,1.243552149548266,14,192,2.894507537688442,2.898972323931214,0.0044647862427716,263.20809529923577,263.20809529923577,1.5543659700696038,2284.5588042947943,2284.5588042947943,320.1755175317552,750.0,189812.39729883068,3807.59800715799,True,0.140147636790898,75.92495891953227
thickness_grids_L10000mm.csv,113,10.0,190.3168173908817,1.21834484743053,14,193,2.909577889447236,2.9140426756900077,0.0044647862427716,265.95603411048967,265.95603411048967,1.5488804009805992,2285.2643430710636,2285.2643430710636,319.46349988804724,750.0000000000001,190316.8173908817,3808.7739051184394,True,0.1397927994004994,76.12672695635268
thickness_grids_L10000mm.csv,114,10.0,190.8202900878343,1.1938160054920783,14,194,2.92464824120603,2.929113027448802,0.0044647862427716,268.71824300960395,268.71824300960395,1.5434290622896594,2285.9659516092306,2285.9659516092306,318.75720403016385,750.0000000000001,190820.29008783432,3809.943252682051,True,0.1394409237835634,76.32811603513373
thickness_grids_L10000mm.csv,115,10.0,191.32282160557537,1.1699435173630837,14,195,2.9397185929648244,2.944183379207596,0.0044647862427716,271.49472199657873,271.49472199657873,1.5380115581972498,2286.6636725124513,2286.663672512451,318.0565525210723,749.9999999999998,191322.82160557536,3811.106120854085,True,0.1390919689433866,76.52912864223015
thickness_grids_L10000mm.csv,116,10.0,191.82441806912317,1.1467061140375705,14,196,2.954788944723618,2.95925373096639,0.0044647862427716,274.2854710714138,274.2854710714138,1.5326275002932443,2287.357547604855,2287.357547604855,317.3614693343766,750.0,191824.41806912317,3812.262579341425,True,0.1387458946532837,76.72976722764928
thickness_grids_L10000mm.csv,117,10.0,192.32508551431113,1.1240833278893885,14,197,2.9698592964824124,2.974324082725184,0.0044647862427716,277.0904902341093,277.0904902341093,1.5272765073815695,2288.0476179495017,2288.0476179495017,316.67187982170014,749.9999999999997,192325.08551431113,3813.412696582503,True,0.1384026614382678,76.93003420572445
thickness_grids_L10000mm.csv,118,10.0,192.82482988967445,1.1020554584232256,14,198,2.9849296482412058,2.9893944344839776,0.0044647862427716,279.909779484665,279.909779484665,1.5219582053061922,2288.733923866305,2288.733923866305,315.98771068150694,750.0000000000001,192824.82988967444,3814.5565397771743,True,0.1380622305574587,77.12993195586978
thickness_grids_L10000mm.csv,119,10.0,193.32365705791625,1.0806035396587947,14,199,3.0,3.004464786242772,0.0044647862427716,282.7433388230814,282.7433388230814,1.5166722267816768,2289.4165049495136,2289.4165049495136,315.3088899281926,750.0000000000002,193323.65705791625,3815.694174915856,True,0.1377245639867289,77.3294628231665
thickness_grids_L10000mm.csv,120,10.0,198.10301948661552,1.0631510766097367,15,192,2.894507537688442,2.8993370116916237,0.0048294740031817,263.20809529923577,263.20809529923577,1.6164807399258208,2276.602889987799,2276.602889987799,307.8315181874086,749.9999999999999,198103.01948661552,3794.3381499796646,True,0.135215289210609,79.24120779464621
thickness_grids_L10000mm.csv,121,10.0,198.62729405388572,1.0415992937508736,15,193,2.909577889447236,2.9144073634504175,0.0048294740031817,265.95603411048967,265.95603411048967,1.6107764553928514,2277.3309902047454,2277.3309902047454,307.1470586492978,750.0000000000001,198627.2940538857,3795.5516503412423,True,0.1348715052710381,79.45091762155428
thickness_grids_L10000mm.csv,122,10.0,199.1505802742547,1.0206276119522697,15,194,2.92464824120603,2.9294777152092117,0.0048294740031817,268.71824300960395,268.71824300960395,1.6051077606041722,2278.0550525752324,2278.0550525752324,306.46809872944925,749.9999999999997,199150.58027425472,3796.7584209587208,True,0.1345305937110702,79.6602321097019
thickness_grids_L10000mm.csv,123,10.0,199.6728846334394,1.0002171287452717,15,195,2.9397185929648244,2.944548066968006,0.0048294740031817,271.49472199657873,271.49472199657873,1.5994742441115166,2278.7751207622937,2278.7751207622937,305.7945640056624,749.9999999999999,199672.8846334394,3797.958534603823,True,0.1341925147503665,79.86915385337575
thickness_grids_L10000mm.csv,124,10.0,200.19421352311588,0.9803496576914672,15,196,2.954788944723618,2.9596184187268,0.0048294740031817,274.2854710714138,274.2854710714138,1.5938755021510294,2279.4912376305947,2279.4912376305947,305.1263814118184,750.0,200194.21352311588,3799.152062717658,True,0.1338572293565736,80.07768540924636
thickness_grids_L10000mm.csv,125,10.0,200.7145732419789,0.9610076976250648,15,197,2.9698592964824124,2.974688770485594,0.0048294740031817,277.0904902341093,277.0904902341093,1.5883111384554278,2280.2034452655093,2280.2034452655093,304.4634792057655,749.9999999999999,200714.5732419789,3800.339075442516,True,0.13352469922714,80.28582929679156
thickness_grids_L10000mm.csv,126,10.0,215.06824750333308,0.9527589055831156,18,176,2.653381909547739,2.6594563521123207,0.0060744425645817,221.18180626818767,221.18180626818767,1.9205770182031767,2238.51115633385,2238.51115633385,284.9075198346755,750.0000000000001,215068.24750333308,3730.851927223084,True,0.127275452270377,86.02729900133323
thickness_grids_L10000mm.csv,127,10.0,225.29389512837855,0.9503911115572384,20,164,2.4725376884422112,2.479567864447868,0.0070301760056564,192.0594642554482,192.0594642554482,2.16170600956572,2209.282569642419,2209.282569642419,273.0523863806157,750.0000000000001,225293.8951283786,3682.137616070698,True,0.1235932379735428,90.11755805135144
thickness_grids_L10000mm.csv,128,10.0,247.06327450304883,0.9503743039406868,24,144,2.1711306532663315,2.180374106714477,0.0092434534481452,148.08865568287612,148.08865568287612,2.6846859213667007,2148.668727251308,2148.668727251308,252.06080126193547,750.0000000000002,247063.27450304883,3581.1145454188472,True,0.1173102200749136,98.82530980121952
thickness_grids_L2000mm.csv,1,2.0,256.29696290628937,10.948440010654211,99,197,2.9698592964824124,3.095111184061009,0.1252518875785964,55.41809804682186,55.41809804682186,3.305629997558628,2081.2532714107215,2081.2532714107215,67.05432645169734,750.0,256296.96290628935,3468.7554523512026,True,0.0322182443495915,512.5939258125787
thickness_grids_L2000mm.csv,2,2.0,256.68077336014846,10.877240754522134,99,198,2.9849296482412058,3.110181535819802,0.1252518875785964,55.98195589693301,55.98195589693301,3.283211854459198,2083.6066665750523,2083.6066665750523,66.89821773829736,749.9999999999998,256680.77336014845,3472.6777776250874,True,0.0321069320863049,513.3615467202969
thickness_grids_L2000mm.csv,3,2.0,257.0658146172629,10.806906928859624,99,199,3.0,3.1252518875785964,0.1252518875785964,56.54866776461627,56.54866776461627,3.2610539319293395,2085.938478316595,2085.938478316595,66.74349918036019,750.0000000000001,257065.8146172629,3476.5641305276586,True,0.0319968684954811,514.1316292345258
thickness_grids_L2000mm.csv,4,2.0,258.20247293955714,10.75192796389418,100,194,2.92464824120603,3.0524026413474408,0.1277544001414105,53.7436486019208,53.7436486019208,3.4066258691139972,2070.7227663610797,2070.7227663610797,66.86377889285042,750.0,258202.47293955713,3451.2046106017997,True,0.0322900679796704,516.4049458791143
thickness_grids_L2000mm.csv,5,2.0,258.5858011086119,10.68049378164095,100,195,2.9397185929648244,3.067472993106235,0.1277544001414105,54.298944399315744,54.298944399315744,3.3832025056675445,2073.154640210858,2073.154640210858,66.7053095905997,750.0000000000001,258585.80110861192,3455.2577336847635,True,0.032175752014242,517.1716022172238
thickness_grids_L2000mm.csv,6,2.0,258.9702710307941,10.609973694811986,100,196,2.954788944723618,3.082543344865029,0.1277544001414105,54.85709421428275,54.85709421428275,3.360052574250398,2075.564279392938,2075.564279392938,66.54823389710178,750.0000000000005,258970.2710307941,3459.27379898823,True,0.0320627188267885,517.9405420615882
thickness_grids_L2000mm.csv,7,2.0,259.35592044289245,10.540341451706226,100,197,2.9698592964824124,3.097613696623823,0.1277544001414105,55.41809804682186,55.41809804682186,3.3371723125766497,2077.951883803594,2077.951883803594,66.39254494826928,750.0000000000001,259355.92044289244,3463.2531396726563,True,0.0319509539492997,518.7118408857849
thickness_grids_L2000mm.csv,8,2.0,259.7427853551199,10.471571810600173,100,198,2.9849296482412058,3.1126840483826164,0.1277544001414105,55.98195589693301,55.98195589693301,3.314558005345057,2080.317653349194,2080.317653349194,66.23823563876408,750.0000000000003,259742.78535511988,3467.1960889153247,True,0.0318404429881774,519.4855707102398
thickness_grids_L2000mm.csv,9,2.0,260.1309000966873,10.403640499322211,100,199,3.0,3.1277544001414106,0.1277544001414105,56.54866776461627,56.54866776461627,3.292205984034298,2082.6617878639827,2082.6617878639827,66.0852986337154,750.0000000000001,260130.90009668728,3471.1029797733045,True,0.0317311716279644,520.2618001933746
thickness_grids_L2000mm.csv,10,2.0,261.2636803232857,10.355934502634016,101,194,2.92464824120603,3.054930304790283,0.1302820635842529,53.7436486019208,53.7436486019208,3.4387349508656735,2067.3992511173547,2067.3992511173547,66.20938792168697,750.0,261263.68032328572,3445.6654185289244,True,0.0320254483433246,522.5273606465714
thickness_grids_L2000mm.csv,11,2.0,261.6500063270997,10.28690254052858,101,195,2.9397185929648244,3.070000656549077,0.1302820635842529,54.298944399315744,54.298944399315744,3.4151097920787468,2069.8434839109295,2069.8434839109295,66.0527381042348,750.0000000000002,261650.0063270997,3449.739139851549,True,0.0319119482307084,523.3000126541993
thickness_grids_L2000mm.csv,12,2.0,262.03749228734927,10.218756266190637,101,196,2.954788944723618,3.085071008307871,0.1302820635842529,54.85709421428275,54.85709421428275,3.3917601975734764,2072.2654338222524,2072.2654338222524,65.89746405130388,750.0,262037.49228734925,3453.7757230370876,True,0.0317997216841847,524.0749845746985
thickness_grids_L2000mm.csv,13,2.0,262.4261762169088,10.151470292416164,101,197,2.9698592964824124,3.100141360066665,0.1302820635842529,55.41809804682186,55.41809804682186,3.3686823780134576,2074.6653002540143,2074.6653002540143,65.7435590004869,749.9999999999999,262426.1762169088,3457.7755004233572,True,0.031688754322173,524.8523524338176
thickness_grids_L2000mm.csv,14,2.0,262.8160943886987,10.08502020692394,101,198,2.9849296482412058,3.1152117118254585,0.1302820635842529,55.98195589693301,55.98195589693301,3.345872591411102,2077.0432826384736,2077.0432826384736,65.59101595189128,750.0000000000001,262816.0943886987,3461.738804397456,True,0.0315790318382633,525.6321887773973
thickness_grids_L2000mm.csv,15,2.0,263.2072813793573,10.019382533634706,101,199,3.0,3.1302820635842528,0.1302820635842529,56.54866776461627,56.54866776461627,3.323327142893399,2079.399580357602,2079.399580357602,65.4398276791696,749.9999999999998,263207.28137935733,3465.6659672626706,True,0.031470540004589,526.4145627587146
thickness_grids_L2000mm.csv,16,2.0,264.3362032694988,9.978405595398597,102,194,2.92464824120603,3.0574831191131535,0.1328348779071235,53.7436486019208,53.7436486019208,3.4708091868662923,2064.090983135996,2064.090983135996,65.56752646375703,750.0000000000002,264336.20326949883,3440.1516385599934,True,0.0317658121659635,528.6724065389976
thickness_grids_L2000mm.csv,17,2.0,264.72552636935325,9.911668280002768,102,195,2.9397185929648244,3.0725534708719477,0.1328348779071235,54.298944399315744,54.298944399315744,3.44698296366198,2066.5474086226673,2066.5474086226673,65.41266295996256,750.0,264725.52636935323,3444.245681037779,True,0.0316531150880102,529.4510527387065
thickness_grids_L2000mm.csv,18,2.0,265.1160275893764,9.845789475607836,102,196,2.954788944723618,3.087623822630742,0.1328348779071235,54.85709421428275,54.85709421428275,3.423434423005174,2068.9815050133466,2068.9815050133466,65.25915769555478,749.9999999999998,265116.02758937643,3448.3025083555776,True,0.0315416824835917,530.2320551787528
thickness_grids_L2000mm.csv,19,2.0,265.5077452188506,9.780744620556264,102,197,2.9698592964824124,3.102694174389536,0.1328348779071235,55.41809804682186,55.41809804682186,3.4001597487676483,2071.393471198159,2071.393471198159,65.10700400826236,750.0000000000001,265507.74521885056,3452.322451996932,True,0.03143150005711,531.0154904377011
thickness_grids_L2000mm.csv,20,2.0,265.9007157921574,9.716510094887738,102,198,2.9849296482412058,3.1177645261483296,0.1328348779071235,55.98195589693301,55.98195589693301,3.377155172512752,2073.7835061179926,2073.7835061179926,64.95619500166444,750.0,265900.71579215745,3456.3058435299877,True,0.0313225535886621,531.8014315843149
thickness_grids_L2000mm.csv,21,2.0,266.2949741323319,9.653063183004347,102,199,3.0,3.132834877907124,0.1328348779071235,56.54866776461627,56.54866776461627,3.354416973251388,2076.1518086849783,2076.1518086849783,64.8067235559383,749.9999999999999,266294.9741323319,3460.253014474964,True,0.0312148289372858,532.5899482646638
thickness_grids_L2000mm.csv,22,2.0,267.4200561374653,9.618312323353976,103,194,2.92464824120603,3.0600610843160525,0.1354128431100225,53.7436486019208,53.7436486019208,3.5028481245410217,2060.7979084124768,2060.7979084124768,64.93784081210465,750.0000000000001,267420.0561374653,3434.6631806874616,True,0.0315110184006975,534.8401122749306
thickness_grids_L2000mm.csv,23,2.0,267.8123759500402,9.5537679463913,103,195,2.9397185929648244,3.0751314360748467,0.1354128431100225,54.298944399315744,54.298944399315744,3.4788215728991743,2063.266361659734,2063.266361659734,64.7847313664866,749.9999999999999,267812.3759500402,3438.7772694328896,True,0.0313991118986558,535.6247519000804
thickness_grids_L2000mm.csv,24,2.0,268.2058920010701,9.490056068794276,103,196,2.954788944723618,3.0902017878336405,0.1354128431100225,54.85709421428275,54.85709421428275,3.4550748080068603,2065.712441571187,2065.712441571187,64.63296294538705,750.0000000000002,268205.8920010701,3442.8540692853117,True,0.0312884608935341,536.4117840021402
thickness_grids_L2000mm.csv,25,2.0,268.6006428564476,9.427152917655713,103,197,2.9698592964824124,3.1052721395924348,0.1354128431100225,55.41809804682186,55.41809804682186,3.431603987202199,2068.1363465061013,2068.1363465061013,64.48252898512743,750.0000000000001,268600.6428564476,3446.8939108435025,True,0.0311790511752592,537.2012857128952
thickness_grids_L2000mm.csv,26,2.0,268.99666531153593,9.36503563014604,103,198,2.9849296482412058,3.120342491351228,0.1354128431100225,55.98195589693301,55.98195589693301,3.408405315845782,2070.538274896407,2070.538274896407,64.33342269099495,750.0000000000001,268996.66531153594,3450.897124827345,True,0.0310708686098612,537.9933306230719
thickness_grids_L2000mm.csv,27,2.0,269.3939944378782,9.303682217105449,103,199,3.0,3.1354128431100223,0.1354128431100225,56.54866776461627,56.54866776461627,3.3854750471026236,2072.918425163829,2072.918425163829,64.18563704838299,749.9999999999999,269393.9944378782,3454.864041939715,True,0.0309638991429728,538.7879888757564
thickness_grids_L2000mm.csv,28,2.0,270.51525369309945,9.274692088706637,104,194,2.92464824120603,3.06266420039898,0.1380159591929497,53.7436486019208,53.7436486019208,3.534851318877774,2057.5199724224776,2057.5199724224776,64.31999034996579,749.9999999999999,270515.2536930994,3429.1999540374627,True,0.0312609312240293,541.0305073861989
thickness_grids_L2000mm.csv,29,2.0,270.9105701848261,9.212244434358372,104,195,2.9397185929648244,3.077734552157774,0.1380159591929497,54.298944399315744,54.298944399315744,3.510625179672455,2060.000289818131,2060.000289818131,64.16860358800687,750.0000000000001,270910.5701848261,3433.3338163635517,True,0.0311498031845772,541.8211403696522
thickness_grids_L2000mm.csv,30,2.0,271.3071009852359,9.150604370855367,104,196,2.954788944723618,3.092804903916568,0.1380159591929497,54.85709421428275,54.85709421428275,3.4866809173160895,2062.458191581734,2062.458191581734,64.01854093812238,749.9999999999997,271307.1009852359,3437.43031930289,True,0.0310399217784994,542.6142019704718
thickness_grids_L2000mm.csv,31,2.0,271.70488493543223,9.089748879438163,104,197,2.9698592964824124,3.107875255675362,0.1380159591929497,55.41809804682186,55.41809804682186,3.463014662853707,2064.893875525805,2064.893875525805,63.86979593338618,750.0000000000002,271704.88493543223,3441.489792543008,True,0.0309312728806086,543.4097698708645
thickness_grids_L2000mm.csv,32,2.0,272.103959091822,9.029655821065164,104,198,2.9849296482412058,3.1229456074341555,0.1380159591929497,55.98195589693301,55.98195589693301,3.439622595695697,2067.3075395556752,2067.3075395556752,63.72236187917433,749.9999999999998,272103.959091822,3445.5125659261257,True,0.0308238424423635,544.207918183644
thickness_grids_L2000mm.csv,33,2.0,272.5043587721397,8.970303901344893,104,199,3.0,3.1380159591929497,0.1380159591929497,56.54866776461627,56.54866776461627,3.416500943383789,2069.699381587635,2069.699381587635,63.57623186390978,749.9999999999998,272504.3587721397,3449.498969312725,True,0.0307176164951749,545.0087175442794
thickness_grids_L2000mm.csv,34,2.0,273.621811086542,8.946643779627903,105,194,2.92464824120603,3.0652924673619353,0.1406442261559051,53.7436486019208,53.7436486019208,3.566818332096395,2054.257120169339,2054.257120169339,63.71364695420691,750.0000000000002,273621.811086542,3423.7618669488984,True,0.0310154197975737,547.243622173084
thickness_grids_L2000mm.csv,35,2.0,274.0201245751878,8.886201777889704,105,195,2.9397185929648244,3.0803628191207295,0.1406442261559051,54.298944399315744,54.298944399315744,3.542393351017073,2056.74913941496,2056.74913941496,63.563952350736585,750.0,274020.1245751878,3427.915232358267,True,0.0309050584403391,548.0402491503756
thickness_grids_L2000mm.csv,36,2.0,274.4196703888217,8.826543503838776,105,196,2.954788944723618,3.0954331708795233,0.1406442261559051,54.85709421428275,54.85709421428275,3.518252322710238,2059.2187026495176,2059.2187026495176,63.41556524109254,749.9999999999999,274419.6703888217,3432.0311710825295,True,0.0307959349628566,548.8393407776434
thickness_grids_L2000mm.csv,37,2.0,274.8204876432767,8.767646660008104,105,197,2.9698592964824124,3.1105035226383175,0.1406442261559051,55.41809804682186,55.41809804682186,3.4943913521791687,2061.6660071223732,2061.6660071223732,63.26847925348897,750.0,274820.4876432767,3436.110011870622,True,0.0306880353243043,549.6409752865534
thickness_grids_L2000mm.csv,38,2.0,275.2226136558239,8.709489799623091,105,198,2.9849296482412058,3.125573874397111,0.1406442261559051,55.98195589693301,55.98195589693301,3.4708065931343977,2064.091250195442,2064.091250195442,63.12268779175603,750.0,275222.6136558239,3440.1520836590703,True,0.0305813455610449,550.4452273116478
thickness_grids_L2000mm.csv,39,2.0,275.62608399166135,8.652052292684035,105,199,3.0,3.140644226155905,0.1406442261559051,56.54866776461627,56.54866776461627,3.4474942477561115,2066.4946292610584,2066.4946292610584,62.9781840459242,750.0000000000001,275626.0839916613,3444.1577154350975,True,0.0304758517898708,551.2521679833227
thickness_grids_L2000mm.csv,40,2.0,276.73974383560096,8.63332332680702,106,194,2.92464824120603,3.067945885204919,0.1432976439988889,53.7436486019208,53.7436486019208,3.5987487333887747,2051.009296223334,2051.009296223334,63.11849443181831,750.0,276739.74383560097,3418.34882703889,True,0.030774358043156,553.4794876712019
thickness_grids_L2000mm.csv,41,2.0,277.1410549883812,8.574800732105706,106,195,2.9397185929648244,3.0830162369637133,0.1432976439988889,54.298944399315744,54.298944399315744,3.5741256608258145,2053.512856331334,2053.512856331334,62.97046228012597,749.9999999999999,277141.0549883812,3422.5214272188905,True,0.0306647519084076,554.2821099767624
thickness_grids_L2000mm.csv,42,2.0,277.5436164226816,8.517038993095229,106,196,2.954788944723618,3.098086588722507,0.1432976439988889,54.85709421428275,54.85709421428275,3.54978860271186,2055.9939219403977,2055.9939219403977,62.8237212902842,750.0000000000001,277543.6164226816,3426.6565365673296,True,0.030556375006689,555.0872328453632
thickness_grids_L2000mm.csv,43,2.0,277.94746753090527,8.460016502251035,106,197,2.9698592964824124,3.1131569404813013,0.1432976439988889,55.41809804682186,55.41809804682186,3.525733638285573,2058.4526897182636,2058.4526897182636,62.67826518451737,750.0,277947.46753090527,3430.754482863773,True,0.0304492133812878,555.8949350618105
thickness_grids_L2000mm.csv,44,2.0,278.352645890298,8.403712475298043,106,198,2.9849296482412058,3.1282272922400947,0.1432976439988889,55.98195589693301,55.98195589693301,3.501956895800561,2060.889356467928,2060.889356467928,62.53408746336892,749.9999999999998,278352.645890298,3434.815594113213,True,0.0303432531528735,556.705291780596
thickness_grids_L2000mm.csv,45,2.0,278.7591873126259,8.348106918106442,106,199,3.0,3.143297643998889,0.1432976439988889,56.54866776461627,56.54866776461627,3.478454552314042,2063.304119042216,2063.304119042216,62.391181416658355,750.0000000000001,278759.1873126259,3438.840198403693,True,0.0302384805229877,557.5183746252518
thickness_grids_L2000mm.csv,46,2.0,279.8690678140569,8.333939616962855,107,194,2.92464824120603,3.0706244539279313,0.1459762127219009,53.7436486019208,53.7436486019208,3.630642098717301,2047.7764447542145,2047.7764447542145,62.534227987162105,750.0,279869.0678140569,3412.960741257024,True,0.0305376244303209,559.7381356281138
thickness_grids_L2000mm.csv,47,2.0,280.2733776433048,8.277254709836138,107,195,2.9397185929648244,3.0856948056867255,0.1459762127219009,54.298944399315744,54.298944399315744,3.6058216896231543,2050.2913860473245,2050.2913860473245,62.38782936904541,750.0000000000001,280273.3776433048,3417.1523100788745,True,0.0304287623669533,560.5467552866096
thickness_grids_L2000mm.csv,48,2.0,280.6789556490535,8.221308726258556,107,196,2.954788944723618,3.1007651574455193,0.1459762127219009,54.85709421428275,54.85709421428275,3.5812893423830103,2052.7837962143944,2052.7837962143944,62.242705860210776,749.9999999999999,280678.9556490535,3421.306327023991,True,0.0303211209943271,561.357911298107
thickness_grids_L2000mm.csv,49,2.0,281.08584149703285,8.166080719480503,107,197,2.9698592964824124,3.1158355092043135,0.1459762127219009,55.41809804682186,55.41809804682186,3.557041110692773,2055.2538713292765,2055.2538713292765,62.09885127480679,750.0000000000001,281085.84149703284,3425.4231188821277,True,0.0302146864390252,562.1716829940657
thickness_grids_L2000mm.csv,50,2.0,281.494073026358,8.111550539246512,107,198,2.9849296482412058,3.130905860963107,0.1459762127219009,55.98195589693301,55.98195589693301,3.5330730976225597,2057.7018076179934,2057.7018076179934,61.956259208915895,750.0000000000002,281494.07302635803,3429.503012696656,True,0.0301094449057401,562.988146052716
thickness_grids_L2000mm.csv,51,2.0,281.90368629477445,8.057698800239784,107,199,3.0,3.145976212721901,0.1459762127219009,56.54866776461627,56.54866776461627,3.5093814553489997,2060.1278013784545,2060.1278013784545,61.81492305042696,750.0,281903.68629477447,3433.5463356307578,True,0.0300053826801744,563.8073725895489
thickness_grids_L2000mm.csv,52,2.0,283.00979923096696,8.047750733195112,108,194,2.92464824120603,3.073328173530971,0.1486799323249413,53.7436486019208,53.7436486019208,3.662498010518424,2044.5585095726613,2044.5585095726613,61.96055371546731,749.9999999999999,283009.79923096695,3407.5975159544355,True,0.0303051017739853,566.0195984619339
thickness_grids_L2000mm.csv,53,2.0,283.4171090950386,7.992826042416406,108,195,2.9397185929648244,3.0883985252897657,0.1486799323249413,54.298944399315744,54.298944399315744,3.6374810243294737,2047.0846736771955,2047.0846736771955,61.81576047362525,750.0,283417.1090950386,3411.807789461993,True,0.030196972928621,566.8342181900772
thickness_grids_L2000mm.csv,54,2.0,283.82570496244057,7.938619235204154,108,196,2.954788944723618,3.103468877048559,0.1486799323249413,54.85709421428275,54.85709421428275,3.612754133052307,2049.588271864672,2049.588271864672,61.672226560355696,749.9999999999998,283825.7049624406,3415.980453107787,True,0.0300900563332398,567.6514099248811
thickness_grids_L2000mm.csv,55,2.0,284.2356267735593,7.885109997480814,108,197,2.9698592964824124,3.1185392288073537,0.1486799323249413,55.41809804682186,55.41809804682186,3.5883133651119787,2052.0694995982394,2052.0694995982394,61.52994588055629,750.0000000000001,284235.6267735593,3420.1158326637324,True,0.0299843381974162,568.4712535471186
thickness_grids_L2000mm.csv,56,2.0,284.6469126273784,7.8322787864046495,108,198,2.9849296482412058,3.133609580566147,0.1486799323249413,55.98195589693301,55.98195589693301,3.564154798626733,2054.528552513699,2054.528552513699,61.388912123961695,750.0000000000002,284646.9126273784,3424.2142541894987,True,0.029879804809163,569.2938252547568
thickness_grids_L2000mm.csv,57,2.0,285.0595988291378,7.78010679962758,108,199,3.0,3.1486799323249413,0.1486799323249413,56.54866776461627,56.54866776461627,3.540274561157658,2056.965626336862,2056.965626336862,61.24911877523635,749.9999999999999,285059.5988291378,3428.2760438947703,True,0.0297764425379881,570.1191976582757
thickness_grids_L2000mm.csv,58,2.0,286.16195461965384,7.774060491587331,109,194,2.92464824120603,3.07605704401404,0.1514088028080099,53.7436486019208,53.7436486019208,3.6943160575175615,2041.355434159685,2041.355434159685,61.39718812454702,749.9999999999999,286161.9546196538,3402.259056932809,True,0.0300766770436628,572.3239092393077
thickness_grids_L2000mm.csv,59,2.0,286.5722662201769,7.720822536052483,109,195,2.9397185929648244,3.0911273957728342,0.1514088028080099,54.298944399315744,54.298944399315744,3.669103258038071,2043.8926640026216,2043.8926640026216,61.25397283550328,749.9999999999998,286572.26622017694,3406.487773337703,True,0.0299692708498437,573.1445324403538
thickness_grids_L2000mm.csv,60,2.0,286.98388157791504,7.668282271243677,109,196,2.954788944723618,3.106197747531628,0.1514088028080099,54.85709421428275,54.85709421428275,3.6441825721267818,2046.4072949471545,2046.4072949471545,61.11200135923845,750.0,286983.88157791505,3410.678824911924,True,0.0298630685641768,573.9677631558301
thickness_grids_L2000mm.csv,61,2.0,287.39684090859504,7.616419989177407,109,197,2.9698592964824124,3.1212680992904223,0.1514088028080099,55.41809804682186,55.41809804682186,3.619550003203195,2048.8995218301316,2048.8995218301316,60.97126769011709,750.0,287396.840908595,3414.832536383553,True,0.0297580564788535,574.7936818171901
thickness_grids_L2000mm.csv,62,2.0,287.81118257171534,7.565216728945262,109,198,2.9849296482412058,3.1363384510492156,0.1514088028080099,55.98195589693301,55.98195589693301,3.5952016046938637,2051.369539681501,2051.369539681501,60.831765610168894,750.0,287811.1825717153,3418.9492328025017,True,0.0296542209647968,575.6223651434307
thickness_grids_L2000mm.csv,63,2.0,288.22694311870157,7.5146542469258995,109,199,3.0,3.15140880280801,0.1514088028080099,56.54866776461627,56.54866776461627,3.5711334797794585,2053.8175436413694,2053.8175436413694,60.69348869904484,750.0000000000002,288226.9431187016,3423.0292394022827,True,0.0295515484746696,576.4538862374031
thickness_grids_L2000mm.csv,64,2.0,289.3255508228964,7.512215249706768,110,194,2.92464824120603,3.078811065377137,0.1541628241711068,53.7436486019208,53.7436486019208,3.7260958345060904,2038.1671616992064,2038.1671616992064,60.843857680508705,749.9999999999999,289325.5508228964,3396.945269498678,True,0.0298522411821136,578.6511016457928
thickness_grids_L2000mm.csv,65,2.0,289.7388662014705,7.460594298200755,110,195,2.9397185929648244,3.0938814171359312,0.1541628241711068,54.298944399315744,54.298944399315744,3.700687989788922,2040.7153015055517,2040.7153015055517,60.70219362864264,750.0000000000001,289738.8662014705,3401.1921691759194,True,0.0297455473499214,579.477732402941
thickness_grids_L2000mm.csv,66,2.0,290.15350301565206,7.409651649188994,110,196,2.954788944723618,3.108951768894725,0.1541628241711068,54.85709421428275,54.85709421428275,3.675574262866941,2043.2408112132396,2043.2408112132396,60.56175813236949,750.0,290153.50301565207,3405.401352022066,True,0.0296400491806978,580.3070060313041
thickness_grids_L2000mm.csv,67,2.0,290.569501754901,7.359368175775685,110,197,2.9698592964824124,3.1240221206535193,0.1541628241711068,55.41809804682186,55.41809804682186,3.650750632394616,2045.7438850202404,2045.7438850202404,60.42254527385034,750.0000000000002,290569.501754901,3409.573141700401,True,0.0295357330486423,581.139003509802
thickness_grids_L2000mm.csv,68,2.0,290.9869010394937,7.309725474848992,110,198,2.9849296482412058,3.1390924724123126,0.1541628241711068,55.98195589693301,55.98195589693301,3.6262131273632816,2048.224717335922,2048.224717335922,60.28454892600568,750.0,290986.90103949374,3413.7078622265367,True,0.0294325854071404,581.9738020789874
thickness_grids_L2000mm.csv,69,2.0,291.40573766741096,7.260705838362608,110,199,3.0,3.154162824171107,0.1541628241711068,56.54866776461627,56.54866776461627,3.601957826826323,2050.683502699753,2050.683502699753,60.14776276202445,750.0000000000001,291405.737667411,3417.8058378329215,True,0.0293305927915444,582.8114753348219
thickness_grids_L2000mm.csv,70,2.0,292.91692651633747,7.211530810290808,111,195,2.9397185929648244,3.096660589379056,0.1569419964142319,54.298944399315744,54.298944399315744,3.732234824388329,2037.552530395796,2037.552530395796,60.16015953006999,750.0,292916.9265163375,3395.920883992994,True,0.0295256974397532,585.8338530326749
thickness_grids_L2000mm.csv,71,2.0,293.33458708702744,7.162120336584866,111,196,2.954788944723618,3.11173094113785,0.1569419964142319,54.85709421428275,54.85709421428275,3.70692881418259,2040.088766139761,2040.088766139761,60.02123423366878,750.0,293334.58708702744,3400.1479435662686,True,0.029420893458102,586.6691741740549
thickness_grids_L2000mm.csv,72,2.0,293.7536274541366,7.113350972289164,111,197,2.9698592964824124,3.126801292896644,0.1569419964142319,55.41809804682186,55.41809804682186,3.681914865661033,2042.6025358858717,2042.6025358858717,59.88351665630252,750.0000000000002,293753.6274541366,3404.337559809786,True,0.0293172634441732,587.5072549082732
thickness_grids_L2000mm.csv,73,2.0,294.1740864987105,7.065204849204337,111,198,2.9849296482412058,3.1418716446554376,0.1569419964142319,55.98195589693301,55.98195589693301,3.657188983633347,2045.09403340898,2045.09403340898,59.747000760354766,750.0000000000001,294174.0864987105,3408.4900556816333,True,0.029214793933344,588.348172997421
thickness_grids_L2000mm.csv,74,2.0,294.5960012647139,7.017664772962617,111,199,3.0,3.156941996414232,0.1569419964142319,56.54866776461627,56.54866776461627,3.63274722326898,2047.5634526344772,2047.5634526344772,59.61168031096725,750.0000000000001,294596.0012647139,3412.6057543907955,True,0.0291134715431008,589.1920025294278
thickness_grids_L2000mm.csv,75,2.0,296.10646492240147,6.973058226350033,112,195,2.9397185929648244,3.09946491250221,0.1597463195373854,54.298944399315744,54.298944399315744,3.7637433721999103,2034.4042946409104,2034.4042946409108,59.62761631191616,749.9999999999999,296106.4649224015,3390.6738244015182,True,0.0293096197589579,592.2129298448029
thickness_grids_L2000mm.csv,76,2.0,296.52715188307576,6.925117767116863,112,196,2.954788944723618,3.114535264261004,0.1597463195373854,54.85709421428275,54.85709421428275,3.738245840457573,2036.9511049554424,2036.9511049554424,59.4901760890868,750.0000000000001,296527.15188307577,3394.9185082590707,True,0.0292055002912738,593.0543037661515
thickness_grids_L2000mm.csv,77,2.0,296.94923642602,6.877801055767183,112,197,2.9698592964824124,3.129605616019798,0.1597463195373854,55.41809804682186,55.41809804682186,3.71304232135814,2039.475420891802,2039.475420891802,59.35392891099861,750.0000000000001,296949.23642602,3399.1257014863368,True,0.0291025468132608,593.89847285204
thickness_grids_L2000mm.csv,78,2.0,297.3727576924831,6.8310907373257,112,198,2.9849296482412058,3.1446759677785914,0.1597463195373854,55.98195589693301,55.98195589693301,3.688128795777544,2041.9774355774612,2041.9774355774612,59.218868828004894,750.0,297372.7576924831,3403.2957259624354,True,0.029000745941768,594.7455153849662
thickness_grids_L2000mm.csv,79,2.0,297.7977529743921,6.784970110105716,112,199,3.0,3.1597463195373856,0.1597463195373854,56.54866776461627,56.54866776461627,3.663501295271687,2044.4573423080496,2044.4573423080496,59.08498969607909,750.0000000000001,297797.7529743921,3407.4289038467496,True,0.0289000843761192,595.5955059487842
thickness_grids_L2000mm.csv,80,2.0,299.3074994457992,6.744636877879526,113,195,2.9397185929648244,3.102294386505392,0.1625757935405671,54.298944399315744,54.298944399315744,3.7952132489693216,2031.2705379921056,2031.2705379921056,59.10431845452721,749.9999999999998,299307.49944579916,3385.45089665351,True,0.0290972164214774,598.6149988915984
thickness_grids_L2000mm.csv,81,2.0,299.73121576004337,6.698107359624633,113,196,2.954788944723618,3.117364738264185,0.1625757935405671,54.85709421428275,54.85709421428275,3.769524961347052,2033.8277726695471,2033.8277726695471,58.96833881023437,750.0,299731.21576004336,3389.7129544492454,True,0.0289937720404093,599.4624315200867
thickness_grids_L2000mm.csv,82,2.0,300.1563473526978,6.652184898153589,113,197,2.9698592964824124,3.1324350900229794,0.1625757935405671,55.41809804682186,55.41809804682186,3.744132623009516,2036.3624862799536,2036.3624862799536,58.83353777486482,750.0000000000001,300156.3473526978,3393.937477133256,True,0.0288914857601519,600.3126947053956
thickness_grids_L2000mm.csv,83,2.0,300.582933625828,6.606852631018259,113,198,2.9849296482412058,3.1475054417817727,0.1625757935405671,55.98195589693301,55.98195589693301,3.7190321911592257,2038.8748712897673,2038.874871289767,58.69990948547438,750.0000000000001,300582.933625828,3398.1247854829453,True,0.0287903442786273,601.165867251656
thickness_grids_L2000mm.csv,84,2.0,301.01101211888135,6.562094329456304,113,199,3.0,3.162575793540567,0.1625757935405671,56.54866776461627,56.54866776461627,3.69421967398334,2041.365120352235,2041.365120352235,58.56744788735535,749.9999999999998,301011.01211888134,3402.2752005870584,True,0.0286903343764635,602.0220242377627
thickness_grids_L2000mm.csv,85,2.0,302.5200483692951,6.5257589679056025,114,195,2.9397185929648244,3.1051490113886016,0.1654304184237772,54.298944399315744,54.298944399315744,3.826644075649849,2028.1512040095336,2028.1512040095336,58.59002877890472,749.9999999999998,302520.04836929514,3380.252006682556,True,0.0288883928688727,605.0400967385903
thickness_grids_L2000mm.csv,86,2.0,302.94679732955103,6.480584224837898,114,196,2.954788944723618,3.1202193631473953,0.1654304184237772,54.85709421428275,54.85709421428275,3.800765801627186,2030.7187140947367,2030.7187140947367,58.45548582812977,749.9999999999999,302946.797329551,3384.531190157895,True,0.0287856143848993,605.8935946591021
thickness_grids_L2000mm.csv,87,2.0,303.374979170586,6.436000485606479,114,197,2.9698592964824124,3.1352897149061896,0.1654304184237772,55.41809804682186,55.41809804682186,3.775185399175917,2033.26367809025,2033.26367809025,58.32210728320324,749.9999999999998,303374.97917058604,3388.7727968170834,True,0.0286839861999514,606.749958341172
thickness_grids_L2000mm.csv,88,2.0,303.80463355522454,6.391991360667868,114,198,2.9849296482412058,3.150360066664983,0.1654304184237772,55.98195589693301,55.98195589693301,3.749898802078567,2035.786287789006,2035.786287789006,58.18988736652597,750.0000000000002,303804.6335552245,3392.9771463150105,True,0.0285834950925639,607.6092671104491
thickness_grids_L2000mm.csv,89,2.0,304.23579827036826,6.348541075373137,114,199,3.0,3.165430418423777,0.1654304184237772,56.54866776461627,56.54866776461627,3.724901995402476,2038.28673518929,2038.28673518929,58.05882011128973,749.9999999999999,304235.79827036825,3397.1445586488167,True,0.0284841279241794,608.4715965407365
thickness_grids_L2000mm.csv,90,2.0,305.74413022026965,6.315946438414232,115,195,2.9397185929648244,3.1080287871518397,0.1683101941870155,54.298944399315744,54.298944399315744,3.858035478230107,2025.0462360868464,2025.0462360868464,58.08451809738772,749.9999999999997,305744.13022026967,3375.0770601447443,True,0.0286830577308836,611.4882604405393
thickness_grids_L2000mm.csv,91,2.0,306.1739154453417,6.272073044806557,115,196,2.954788944723618,3.123099138910634,0.1683101941870155,54.85709421428275,54.85709421428275,3.831967991011489,2027.6238738727536,2027.6238738727536,57.95138854457562,749.9999999999999,306173.9154453417,3379.373123121256,True,0.02858093618413,612.3478308906834
thickness_grids_L2000mm.csv,92,2.0,306.6051510552648,6.228775209834898,115,197,2.9698592964824124,3.138169490669428,0.1683101941870155,55.41809804682186,55.41809804682186,3.806200283254322,2030.1789421880344,2030.1789421880344,57.819409421654655,750.0000000000001,306605.1510552648,3383.631570313391,True,0.0284799572196032,613.2103021105296
thickness_grids_L2000mm.csv,93,2.0,307.0378769745762,6.186036998130789,115,198,2.9849296482412058,3.1532398424282215,0.1683101941870155,55.98195589693301,55.98195589693301,3.78072826558508,2032.7116321390429,2032.7116321390429,57.68857503520152,750.0000000000002,307037.8769745762,3387.852720231738,True,0.0283801076960902,614.0757539491524
thickness_grids_L2000mm.csv,94,2.0,307.4721312373285,6.143843071285091,115,199,3.0,3.168310194187016,0.1683101941870155,56.54866776461627,56.54866776461627,3.755547900197652,2035.222135057221,2035.222135057221,57.55887950487693,750.0000000000005,307472.13123732846,3392.0368917620353,True,0.0282813745553424,614.944262474657
thickness_grids_L2000mm.csv,95,2.0,308.9797637598759,6.114748996736874,116,195,2.9397185929648244,3.1109337137951063,0.171215120830282,54.298944399315744,54.298944399315744,3.8893870875772727,2021.9555774737175,2021.9555774737175,57.58756488174629,749.9999999999998,308979.7637598759,3369.925962456196,True,0.0284811226929612,617.9595275197518
thickness_grids_L2000mm.csv,96,2.0,309.41258919300304,6.0721261102568205,116,196,2.954788944723618,3.1260040655539,0.171215120830282,54.85709421428275,54.85709421428275,3.86313116400209,2024.543196496134,2024.543196496134,57.45582600120444,750.0000000000002,309412.589193003,3374.2386608268903,True,0.0283796493454142,618.8251783860061
thickness_grids_L2000mm.csv,97,2.0,309.84688241296783,6.030063916222046,116,197,2.9698592964824124,3.1410744173126943,0.171215120830282,55.41809804682186,55.41809804682186,3.83717691334943,2027.108224283752,2027.108224283752,57.3252237963864,749.9999999999999,309846.88241296785,3378.513707139587,True,0.0282793109463316,619.6937648259357
thickness_grids_L2000mm.csv,98,2.0,310.28268360566454,5.988546915709805,116,198,2.9849296482412058,3.1561447690714877,0.171215120830282,55.98195589693301,55.98195589693301,3.81152022333994,2029.6508512450805,2029.6508512450805,57.19575265668626,750.0,310282.6836056645,3382.7514187418005,True,0.0281800944342716,620.5653672113291
thickness_grids_L2000mm.csv,99,2.0,310.72003105361847,5.947560189435991,116,199,3.0,3.171215120830282,0.171215120830282,56.54866776461627,56.54866776461627,3.786157033557397,2032.1712680315943,2032.1712680315943,57.06740678708633,750.0000000000002,310720.03105361847,3386.952113385991,True,0.0280819868309441,621.4400621072369
thickness_grids_L2000mm.csv,100,2.0,312.22696797284675,5.921742287892883,117,195,2.9397185929648244,3.1138637913184013,0.1741451983535769,54.298944399315744,54.298944399315744,3.920698539289939,2018.879171296948,2018.879171296948,57.098954947609805,749.9999999999999,312226.96797284676,3364.798618828247,True,0.028282502370327,624.4539359456935
thickness_grids_L2000mm.csv,101,2.0,312.6628378794047,5.880321503166114,117,196,2.954788944723618,3.128934143077195,0.1741451983535769,54.85709421428275,54.85709421428275,3.8942549597404823,2021.476626329526,2021.476626329526,56.96858456466365,750.0000000000002,312662.8378794047,3369.12771054921,True,0.0281816686983434,625.3256757588094
thickness_grids_L2000mm.csv,102,2.0,313.10019286833204,5.839447096613561,117,197,2.9698592964824124,3.1440044948359893,0.1741451983535769,55.41809804682186,55.41809804682186,3.8681149321086177,2024.0514699558305,2024.0514699558305,56.83933731981277,750.0000000000002,313100.19286833203,3373.4191165930506,True,0.0280819624221577,626.2003857366641
thickness_grids_L2000mm.csv,103,2.0,313.53907338733495,5.799103988828944,117,198,2.9849296482412058,3.1590748465947827,0.1741451983535769,55.98195589693301,55.98195589693301,3.842274321467893,2026.6038918748472,2026.6038918748472,56.71120768406137,749.9999999999999,313539.07338733494,3377.6731531247456,True,0.0279833705596986,627.0781467746699
thickness_grids_L2000mm.csv,104,2.0,313.97951796802545,5.759277663413107,117,199,3.0,3.174145198353577,0.1741451983535769,56.54866776461627,56.54866776461627,3.8167290450477,2029.1340820461517,2029.134082046152,56.58418994647175,749.9999999999999,313979.51796802547,3381.8901367435865,True,0.0278858802122198,627.9590359360509
thickness_grids_L2000mm.csv,105,2.0,315.48576205585084,5.736526201139547,118,195,2.9397185929648244,3.1168190197217243,0.1771004267569,54.298944399315744,54.298944399315744,3.951969473538581,2015.8169605823516,2015.8169605823516,56.61848115399335,750.0000000000002,315485.7620558508,3359.6949343039196,True,0.0280871141880048,630.9715241117017
thickness_grids_L2000mm.csv,106,2.0,315.9246810212401,5.696261412761469,118,196,2.954788944723618,3.1318893714805185,0.1771004267569,54.85709421428275,54.85709421428275,3.925339021851822,2018.4241076311976,2018.4241076311976,56.48945762695012,749.9999999999999,315924.6810212401,3364.0401793853293,True,0.0279869118751487,631.8493620424802
thickness_grids_L2000mm.csv,107,2.0,316.3651022542052,5.656529214587864,118,197,2.9698592964824124,3.1469597232393127,0.1771004267569,55.41809804682186,55.41809804682186,3.8990139865813407,2021.008624670694,2021.0086246706935,56.36154391190125,750.0000000000002,316365.1022542052,3368.3477077844896,True,0.0278878294846885,632.7302045084105
thickness_grids_L2000mm.csv,108,2.0,316.8070664643141,5.617314930634389,118,198,2.9849296482412058,3.162030074998106,0.1771004267569,55.98195589693301,55.98195589693301,3.872990210407915,2023.5707006794855,2023.5707006794855,56.234734560213305,749.9999999999999,316807.0664643141,3372.6178344658097,True,0.0277898541134888,633.6141329286282
thickness_grids_L2000mm.csv,109,2.0,317.2506124326718,5.5786044319344095,118,199,3.0,3.1771004267569003,0.1771004267569,56.54866776461627,56.54866776461627,3.8472635884602537,2026.110524913933,2026.110524913933,56.109023943776,750.0000000000001,317250.6124326718,3376.850874856555,True,0.0276929729419175,634.5012248653436
thickness_grids_L2000mm.csv,110,2.0,318.7561654090241,5.558723299600012,119,195,2.9397185929648244,3.119799399005076,0.1800808060402515,54.298944399315744,54.298944399315744,3.9831995349421376,2012.768888272659,2012.768888272659,56.14594311778516,750.0,318756.1654090241,3354.6148137877653,True,0.0278948782669077,637.5123308180482
thickness_grids_L2000mm.csv,111,2.0,319.1981383361488,5.519570573950887,119,196,2.954788944723618,3.13486975076387,0.1800808060402515,54.85709421428275,54.85709421428275,3.956382998318936,2015.385584571197,2015.385584571197,56.01824532057412,749.9999999999999,319198.1383361488,3358.9759742853284,True,0.0277952991970481,638.3962766722976
thickness_grids_L2000mm.csv,112,2.0,319.6416306014005,5.480937152657376,119,197,2.9698592964824124,3.149940102522664,0.1800808060402515,55.41809804682186,55.41809804682186,3.92987372808048,2017.979633802177,2017.979633802177,55.89164421585902,750.0000000000001,319641.6306014005,3363.299389670295,True,0.0276968326536332,639.283261202801
thickness_grids_L2000mm.csv,113,2.0,320.08668317769286,5.44280874774059,119,198,2.9849296482412058,3.1650104542814574,0.1800808060402515,55.98195589693301,55.98195589693301,3.903667544783906,2020.5512242120385,2020.5512242120385,55.7661344343548,749.9999999999998,320086.6831776929,3367.5853736867307,True,0.0275994658121583,640.1733663553857
thickness_grids_L2000mm.csv,114,2.0,320.53333509542665,5.405171602981845,119,199,3.0,3.1800808060402517,0.1800808060402515,56.54866776461627,56.54866776461627,3.8777603217043057,2023.1005443436627,2023.1005443436625,55.641710429458215,750.0000000000002,320533.33509542665,3371.834240572771,True,0.0275031859316263,641.0666701908533
thickness_grids_L2000mm.csv,115,2.0,322.038197625383,5.387977363441951,120,195,2.9397185929648244,3.122804929168455,0.1830863362036312,54.298944399315744,54.298944399315744,4.014388372424794,2009.7348972469783,2009.7348972469783,55.681146941567704,750.0,322038.19762538304,3349.5581620782973,True,0.0277057173151753,644.076395250766
thickness_grids_L2000mm.csv,116,2.0,322.4832297327155,5.349894818615137,120,196,2.954788944723618,3.1378752809272497,0.1830863362036312,54.85709421428275,54.85709421428275,3.987386541346812,2012.3610012500676,2012.3610012500676,55.5547542471714,749.9999999999998,322483.22973271547,3353.9350020834463,True,0.0276067535659164,644.966459465431
thickness_grids_L2000mm.csv,117,2.0,322.9297981306269,5.312318771503378,120,197,2.9698592964824124,3.152945632686044,0.1830863362036312,55.41809804682186,55.41809804682186,3.96069381206862,2014.9644426480995,2014.9644426481,55.429445327731386,749.9999999999999,322929.7981306269,3358.274071080167,True,0.0275088950229241,645.8595962612538
thickness_grids_L2000mm.csv,118,2.0,323.37794405510647,5.275235307543411,120,198,2.9849296482412058,3.1680159844448372,0.1830863362036312,55.98195589693301,55.98195589693301,3.9343059832743887,2017.54540894566,2017.54540894566,55.30521489205397,749.9999999999997,323377.9440551065,3362.5756815760997,True,0.0274121289398664,646.7558881102129
thickness_grids_L2000mm.csv,119,2.0,323.8277067868535,5.238631029198815,120,199,3.0,3.1830863362036315,0.1830863362036312,56.54866776461627,56.54866776461627,3.908218906645112,2020.1040879610632,2020.1040879610632,55.18205747392253,750.0000000000002,323827.70678685355,3366.840146601772,True,0.0273164426540114,647.655413573707
thickness_grids_L2000mm.csv,120,2.0,325.3318784819923,5.223952037342579,121,195,2.9397185929648244,3.1258356102118636,0.1861170172470392,54.298944399315744,54.298944399315744,4.045535639093641,2006.7149303378235,2006.7149303378235,55.22390495461438,749.9999999999998,325331.8784819923,3344.524883896373,True,0.0275195565248112,650.6637569639846
thickness_grids_L2000mm.csv,121,2.0,325.77997530125407,5.186899730665724,121,196,2.954788944723618,3.1409059619706574,0.1861170172470392,54.85709421428275,54.85709421428275,4.018349307238009,2009.350301716109,2009.3503017161092,55.09879721911246,750.0000000000005,325779.9753012541,3348.9171695268487,True,0.0274212003611588,651.5599506025081
thickness_grids_L2000mm.csv,122,2.0,326.22962524092816,5.150341572659977,121,197,2.9698592964824124,3.1559763137294516,0.1861170172470392,55.41809804682186,55.41809804682186,3.991473898010626,2011.962996449787,2011.962996449787,54.974760538326336,750.0000000000002,326229.62524092814,3353.271660749645,True,0.02732394215765,652.4592504818563
thickness_grids_L2000mm.csv,123,2.0,326.6808698013511,5.114264008181881,121,198,2.9849296482412058,3.171046665488245,0.1861170172470392,55.98195589693301,55.98195589693301,3.964905188489221,2014.5532012907688,2014.5532012907688,54.85178969813997,749.9999999999998,326680.8698013511,3357.588668817948,True,0.0272277692458035,653.3617396027022
thickness_grids_L2000mm.csv,124,2.0,327.13374851360663,5.078653985017402,121,199,3.0,3.186117017247039,0.1861170172470392,56.54866776461627,56.54866776461627,3.9386390090104824,2017.1211033230584,2017.1211033230584,54.72987931148913,750.0000000000001,327133.7485136066,3361.8685055384303,True,0.0271326690407064,654.2674970272133
thickness_grids_L2000mm.csv,125,2.0,328.63722793046094,5.0663295741569465,122,195,2.9397185929648244,3.1288914421353,0.1891728491704755,54.298944399315744,54.298944399315744,4.0766409921116225,2003.7089303482412,2003.7089303482417,54.77403546599387,749.9999999999999,328637.22793046094,3339.514883913736,True,0.0273363234731275,657.2744558609219
thickness_grids_L2000mm.csv,126,2.0,329.08839530357096,5.030269396785779,122,196,2.954788944723618,3.1439617938940936,0.1891728491704755,54.85709421428275,54.85709421428275,4.049270956259566,2006.3534299831113,2006.3534299831113,54.65019301314135,749.9999999999999,329088.39530357096,3343.9223833051856,True,0.0272385673413489,658.1767906071419
thickness_grids_L2000mm.csv,127,2.0,329.54113250150806,4.99469145609464,122,197,2.9698592964824124,3.159032145652888,0.1891728491704755,55.41809804682186,55.41809804682186,4.022213649263575,2008.9752404075552,2008.9752404075552,54.52740908778705,749.9999999999998,329541.13250150805,3348.2920673459257,True,0.0271419019961267,659.0822650030161
thickness_grids_L2000mm.csv,128,2.0,329.99548128855105,4.959582543099085,122,198,2.9849296482412058,3.174102497411681,0.1891728491704755,55.98195589693301,55.98195589693301,3.99546482684397,2011.57454761208,2011.57454761208,54.40567855165784,749.9999999999998,329995.48128855106,3352.624246020134,True,0.0270463148463686,659.9909625771021
thickness_grids_L2000mm.csv,129,2.0,330.4514814473345,4.9249299381077805,122,199,3.0,3.1891728491704754,0.1891728491704755,56.54866776461627,56.54866776461627,3.9690202982537137,2014.151537935949,2014.151537935949,54.28499609578045,750.0000000000001,330451.4814473345,3356.9192298932485,True,0.026951793384628,660.902962894669
thickness_grids_L2000mm.csv,130,2.0,331.9542660878646,4.914809667194895,123,195,2.9397185929648244,3.1319724249387644,0.19225383197394,54.298944399315744,54.298944399315744,4.107704092577198,2000.716840067941,2000.716840067941,54.331362529281755,750.0000000000003,331954.2660878646,3334.5280667799016,True,0.0271559480288258,663.9085321757292
thickness_grids_L2000mm.csv,131,2.0,332.40851016561487,4.879705245157093,123,196,2.954788944723618,3.147042776697558,0.19225383197394,54.85709421428275,54.85709421428275,4.080151152542047,2003.3703300446125,2003.3703300446125,54.20876613594141,750.0000000000001,332408.5101656149,3338.9505500743544,True,0.0270587845506997,664.8170203312297
thickness_grids_L2000mm.csv,132,2.0,332.86434064305746,4.845071565481793,123,197,2.9698592964824124,3.1621131284563524,0.19225383197394,55.41809804682186,55.41809804682186,4.05291273296358,2006.0011196961889,2006.0011196961889,54.08721593156687,750.0,332864.3406430575,3343.3351994936484,True,0.026962704756495,665.7286812861149
thickness_grids_L2000mm.csv,133,2.0,333.32179954836903,4.810895752669228,123,198,2.9849296482412058,3.1771834802151457,0.19225383197394,55.98195589693301,55.98195589693301,4.02598456845718,2008.609394243065,2008.609394243065,53.96670685256748,750.0,333321.799548369,3347.682323738442,True,0.0268676961320817,666.6435990967381
thickness_grids_L2000mm.csv,134,2.0,333.7809269167461,4.777165407345982,123,199,3.0,3.19225383197394,0.19225383197394,56.54866776461627,56.54866776461627,3.999362447450907,2011.195339269876,2011.195339269876,53.84723366699232,750.0000000000001,333780.92691674613,3351.9922321164604,True,0.0267737462471151,667.5618538334923
thickness_grids_L2000mm.csv,135,2.0,335.28301322905725,4.7691083641802114,124,195,2.9397185929648244,3.135078558622258,0.1953599656574329,54.298944399315744,54.298944399315744,4.138724605420564,1997.7386022874848,1997.7386022874848,53.89571571838526,750.0,335283.01322905725,3329.5643371458077,True,0.0269783622625465,670.5660264581145
thickness_grids_L2000mm.csv,136,2.0,335.7403404688275,4.734924965563346,124,196,2.954788944723618,3.150148910381051,0.1953599656574329,54.85709421428275,54.85709421428275,4.110989563967245,2000.400945888953,2000.400945888953,53.7743466003968,749.9999999999998,335740.3404688275,3334.0015764815885,True,0.026881784229761,671.480680937655
thickness_grids_L2000mm.csv,137,2.0,336.19927054864826,4.701201214345812,124,197,2.9698592964824124,3.1652192621398454,0.1953599656574329,55.41809804682186,55.41809804682186,4.083570819910257,2003.0405794803153,2003.0405794803153,53.65401151720833,749.9999999999998,336199.27054864826,3338.4009658005257,True,0.0267862828476139,672.3985410972965
thickness_grids_L2000mm.csv,138,2.0,336.6598457625253,4.667924556318391,124,198,2.9849296482412058,3.1802896138986387,0.1953599656574329,55.98195589693301,55.98195589693301,4.056464087032533,2005.6576875015728,2005.6576875015728,53.53470547903704,750.0000000000002,336659.84576252534,3342.7628125026213,True,0.0266918456786734,673.3196915250506
thickness_grids_L2000mm.csv,139,2.0,337.12210639883665,4.635082900795041,124,199,3.0,3.195359965657433,0.1953599656574329,56.54866776461627,56.54866776461627,4.029665133191608,2008.2524547736296,2008.2524547736296,53.41642332984865,749.9999999999999,337122.10639883665,3347.0874246227163,True,0.0265984603693014,674.2442127976733
thickness_grids_L2000mm.csv,140,2.0,338.6234897783171,4.628957056700242,125,195,2.9397185929648244,3.1382098431857783,0.198491250220954,54.298944399315744,54.298944399315744,4.169702199294972,1994.77415981266,1994.77415981266,53.466929913605306,749.9999999999999,338623.4897783171,3324.6235996877667,True,0.0268035003614778,677.2469795566342
thickness_grids_L2000mm.csv,141,2.0,339.0839069403542,4.595661504573814,125,196,2.954788944723618,3.153280194944572,0.198491250220954,54.85709421428275,54.85709421428275,4.1417858620462304,1997.445221514938,1997.445221514938,53.34676971201736,750.0,339083.9069403542,3329.075369191564,True,0.0267075007301362,678.1678138807084
thickness_grids_L2000mm.csv,142,2.0,339.54594324576317,4.562814886761617,125,197,2.9698592964824124,3.1683505467033664,0.198491250220954,55.41809804682186,55.41809804682186,4.1141875844648705,2000.0935649281505,2000.0935649281505,53.227631571563386,750.0000000000002,339545.9432457632,3333.489274880251,True,0.026612570784145,679.0918864915263
thickness_grids_L2000mm.csv,143,2.0,340.00964125544556,4.530404958744321,125,198,2.9849296482412058,3.1834208984621597,0.198491250220954,55.98195589693301,55.98195589693301,4.086903059764526,2002.71937370287,2002.71937370287,53.109510575286734,750.0,340009.64125544555,3337.865622838117,True,0.0265186981624347,680.0192825108911
thickness_grids_L2000mm.csv,144,2.0,340.47504151045644,4.498419927465959,125,199,3.0,3.198491250220954,0.198491250220954,56.54866776461627,56.54866776461627,4.059928035474992,2005.322831888628,2005.322831888628,52.992401641835094,750.0,340475.0415104564,3342.2047198143805,True,0.0264258705875933,680.9500830209129
thickness_grids_L2000mm.csv,145,2.0,341.97571629953245,4.494101539396864,126,195,2.9397185929648244,3.1413662786293277,0.2016476856645034,54.298944399315744,54.298944399315744,4.200636546454982,1991.8234554797857,1991.823455479786,53.0448450972985,749.9999999999999,341975.71629953245,3319.7057591329767,True,0.0266312985477526,683.9514325990649
thickness_grids_L2000mm.csv,146,2.0,342.4392304461239,4.461662129876194,126,196,2.954788944723618,3.1564366303881215,0.2016476856645034,54.85709421428275,54.85709421428275,4.172539721828796,1994.5031009441805,1994.5031009441805,52.92587586551714,750.0,342439.23044612387,3324.171834906967,True,0.0265358704333237,684.8784608922477
thickness_grids_L2000mm.csv,147,2.0,342.9043798987834,4.429661306946482,126,197,2.9698592964824124,3.1715069821469157,0.2016476856645034,55.41809804682186,55.41809804682186,4.144762704454944,1997.160021224339,1997.160021224339,52.807916897804496,750.0000000000002,342904.3798987834,3328.6000353738987,True,0.0264415051055503,685.8087597975668
thickness_grids_L2000mm.csv,148,2.0,343.371207484639,4.3980871247715525,126,198,2.9849296482412058,3.186577333905709,0.2016476856645034,55.98195589693301,55.98195589693301,4.117301167223122,1999.7943991744248,1999.7943991744248,52.690963348838785,750.0000000000003,343371.207484639,3332.990665290708,True,0.0263481902792563,686.742414969278
thickness_grids_L2000mm.csv,149,2.0,343.83975399977874,4.366928077234185,126,199,3.0,3.2016476856645033,0.2016476856645034,56.54866776461627,56.54866776461627,4.090150837606842,2002.406418062528,2002.406418062528,52.57501021110835,750.0000000000001,343839.7539997787,3337.3440301042137,True,0.0262559137530024,687.6795079995575
thickness_grids_L2000mm.csv,150,2.0,345.33971349132815,4.364301133317979,127,195,2.9397185929648244,3.1445478649529055,0.2048292719880811,54.298944399315744,54.298944399315744,4.231527322687458,1988.886432165691,1988.886432165691,52.62930615946338,750.0000000000003,345339.7134913282,3314.810720276152,True,0.0264616950009335,690.6794269826563
thickness_grids_L2000mm.csv,151,2.0,345.8063319834348,4.33268755867216,127,196,2.954788944723618,3.1596182167116993,0.2048292719880811,54.85709421428275,54.85709421428275,4.203250821809511,1991.574528233496,1991.574528233496,52.5115103505618,749.9999999999999,345806.3319834348,3319.29088038916,True,0.0263668316731982,691.6126639668696
thickness_grids_L2000mm.csv,152,2.0,346.27460179927596,4.301502572623431,127,197,2.9698592964824124,3.1746885684704935,0.2048292719880811,55.41809804682186,55.41809804682186,4.175295861058397,1994.2398935844808,1994.2398935844808,52.39471318137416,750.0000000000002,346274.60179927596,3323.7331559741347,True,0.0262730242985957,692.5492035985519
thickness_grids_L2000mm.csv,153,2.0,346.7445660341765,4.270734517386239,127,198,2.9849296482412058,3.189758920229287,0.2048292719880811,55.98195589693301,55.98195589693301,4.147658093271489,1996.8827102672203,1996.8827102672203,52.27890987738023,750.0000000000001,346744.5660341765,3328.137850445368,True,0.0261802606675803,693.489132068353
thickness_grids_L2000mm.csv,154,2.0,347.2162657396933,4.24037216364957,127,199,3.0,3.204829271988081,0.2048292719880811,56.54866776461627,56.54866776461627,4.120333226117464,1999.5031607605465,1999.5031607605465,52.16409550383019,750.0000000000005,347216.2657396933,3332.505267934244,True,0.0260885286542826,694.4325314793866
thickness_grids_L2000mm.csv,155,2.0,348.71550217640925,4.239327869068254,128,195,2.9397185929648244,3.1477546021565113,0.208036009191687,54.298944399315744,54.298944399315744,4.262374207185019,1985.9630328029225,1985.9630328029225,52.22016271135006,749.9999999999997,348715.50217640924,3309.938388004871,True,0.0262946297835404,697.4310043528185
thickness_grids_L2000mm.csv,156,2.0,349.1852326713254,4.208511145367872,128,196,2.954788944723618,3.1628249539153055,0.208036009191687,54.85709421428275,54.85709421428275,4.233918843813341,1988.659447488984,1988.659447488984,52.103523165997935,750.0,349185.23267132544,3314.43241248164,True,0.0262003246618154,698.3704653426508
thickness_grids_L2000mm.csv,157,2.0,349.6566303601702,4.178113347085415,128,197,2.9698592964824124,3.1778953056740997,0.208036009191687,55.41809804682186,55.41809804682186,4.20578673872895,1991.3331272654273,1991.3331272654273,51.98787080518253,750.0000000000001,349656.6303601702,3318.888545442379,True,0.0261070687236415,699.3132607203404
thickness_grids_L2000mm.csv,158,2.0,350.12973860654415,4.1481230943997796,128,198,2.9849296482412058,3.192965657432893,0.208036009191687,55.98195589693301,55.98195589693301,4.177973524969042,1993.9842533682372,1993.9842533682372,51.87320092412368,750.0000000000001,350129.73860654415,3323.3070889470623,True,0.0260148498346962,700.2594772130883
thickness_grids_L2000mm.csv,159,2.0,350.6045987178274,4.118529425119596,128,199,3.0,3.2080360091916873,0.208036009191687,56.54866776461627,56.54866776461627,4.150474890647975,1996.6130074795756,1996.6130074795756,51.75950865976385,750.0,350604.5987178274,3327.6883457992926,True,0.0259236559442745,701.2091974356548
thickness_grids_L2000mm.csv,160,2.0,352.5759537455065,4.088918123844405,129,196,2.954788944723618,3.1660568419989397,0.2112678972753213,54.85709421428275,54.85709421428275,4.264543472928956,1985.757802875299,1985.7578028752987,51.70176884297301,750.0000000000003,352575.95374550653,3309.596338125498,True,0.0260362914188784,705.151907491013
thickness_grids_L2000mm.csv,161,2.0,353.0504871073453,4.059280105847421,129,197,2.9698592964824124,3.181127193757734,0.2112678972753213,55.41809804682186,55.41809804682186,4.236235025096882,1988.439667577697,1988.439667577697,51.587244672750465,749.9999999999998,353050.4871073453,3314.0661126294954,True,0.0259435805440321,706.1009742146906
thickness_grids_L2000mm.csv,162,2.0,353.52674701455675,4.0300405592745605,129,198,2.9849296482412058,3.1961975455165272,0.2112678972753213,55.98195589693301,55.98195589693301,4.208247152476895,1991.098974912444,1991.098974912444,51.47369176144662,749.9999999999999,353526.7470145567,3318.49829152074,True,0.025851900086338,707.0534940291135
thickness_grids_L2000mm.csv,163,2.0,354.00477503133203,4.0011887797645205,129,199,3.0,3.2112678972753215,0.2112678972753213,56.54866776461627,56.54866776461627,4.1805755238853255,1993.7359057573624,1993.7359057573624,51.36110531672193,750.0000000000003,354004.77503133204,3322.8931762622706,True,0.0257612380698994,708.0095500626641
thickness_grids_L2000mm.csv,164,2.0,355.9785165491609,3.9737049006086256,130,196,2.954788944723618,3.1693138809626022,0.2145249362389839,54.85709421428275,54.85709421428275,4.295124397402011,1982.8695386284955,1982.8695386284955,51.30610627540661,749.9999999999995,355978.5165491609,3304.782564380826,True,0.0258746757040273,711.9570330983217
thickness_grids_L2000mm.csv,165,2.0,356.45619367216864,3.9448004336785583,130,197,2.9698592964824124,3.1843842327213965,0.2145249362389839,55.41809804682186,55.41809804682186,4.266640410881138,1985.5594598965636,1985.5594598965636,51.19269403933685,750.0,356456.19367216865,3309.2657664942726,True,0.0257825036586936,712.9123873443373
thickness_grids_L2000mm.csv,166,2.0,356.9356131744855,3.916285662046416,130,198,2.9849296482412058,3.19945458448019,0.2145249362389839,55.98195589693301,55.98195589693301,4.2384786689769545,1988.2268213932432,1988.2268213932432,51.08024200252127,749.9999999999999,356935.6131744855,3313.711368988739,True,0.0256913554594978,713.871226348971
thickness_grids_L2000mm.csv,167,2.0,357.4168168780064,3.888150130296296,130,199,3.0,3.214524936238984,0.2145249362389839,56.54866776461627,56.54866776461627,4.210634821462725,1990.8718031847811,1990.8718031847816,50.96874544236668,750.0000000000001,357416.8168780064,3318.119671974636,True,0.0256012192049896,714.8336337560128
thickness_grids_L2000mm.csv,168,2.0,359.3929425264908,3.862678394795531,131,196,2.954788944723618,3.172596070806293,0.2178071260826746,54.85709421428275,54.85709421428275,4.325661308557854,1979.99459906584,1979.99459906584,50.91639855828506,749.9999999999998,359392.9425264908,3299.990998443067,True,0.0257154229523188,718.7858850529816
thickness_grids_L2000mm.csv,169,2.0,359.87377178505756,3.834482368303141,131,197,2.9698592964824124,3.187666422565087,0.2178071260826746,55.41809804682186,55.41809804682186,4.2970025898131325,1982.6924496717984,1982.6924496717984,50.804082350644094,749.9999999999998,359873.77178505756,3304.487416119664,True,0.0256237836377769,719.7475435701151
thickness_grids_L2000mm.csv,170,2.0,360.3563590989579,3.806667546707029,131,198,2.9849296482412058,3.2027367743238804,0.2178071260826746,55.98195589693301,55.98195589693301,4.268667770590369,1985.3677393727676,1985.3677393727676,50.69271544034856,750.0,360356.3590989579,3308.9462322879463,True,0.0255331616581841,720.7127181979158
thickness_grids_L2000mm.csv,171,2.0,360.84074654985096,3.779223714992088,131,199,3.0,3.2178071260826746,0.2178071260826746,56.54866776461627,56.54866776461627,4.240652481885661,1988.0206474154293,1988.0206474154293,50.582293173731465,749.9999999999999,360840.74654985097,3313.3677456923824,True,0.0254435451862595,721.6814930997019
thickness_grids_L2000mm.csv,172,2.0,362.81925321564006,3.755655421727405,132,196,2.954788944723618,3.175903411530012,0.2211144668063937,54.85709421428275,54.85709421428275,4.356153900719297,1977.132928595872,1977.132928595872,50.53251283296785,749.9999999999998,362819.2532156401,3295.2215476597867,True,0.0255584802124838,725.6385064312801
thickness_grids_L2000mm.csv,173,2.0,363.3032432673733,3.728143787450948,132,197,2.9698592964824124,3.190973763288806,0.2211144668063937,55.41809804682186,55.41809804682186,4.327321258545625,1979.8385824386169,1979.8385824386169,50.42127708839688,749.9999999999999,363303.2432673733,3299.730970731028,True,0.0254673676609997,726.6064865347466
thickness_grids_L2000mm.csv,174,2.0,363.7890068902143,3.7010051416231433,132,198,2.9849296482412058,3.2060441150475993,0.2211144668063937,55.98195589693301,55.98195589693301,4.29881415630084,1982.5216754914888,1982.5216754914888,50.31097989388897,749.9999999999997,363789.0068902143,3304.2027924858144,True,0.0253772659920181,727.5780137804286
thickness_grids_L2000mm.csv,175,2.0,364.276586425575,3.674229501520714,132,199,3.0,3.2211144668063936,0.2211144668063937,56.54866776461627,56.54866776461627,4.27062820644897,1985.1823861758653,1985.1823861758653,50.20161666365224,749.9999999999999,364276.58642557496,3308.637310293109,True,0.0252881634520028,728.55317285115
thickness_grids_L2000mm.csv,176,2.0,366.2574702424021,3.6524621168110114,133,196,2.954788944723618,3.179235903133759,0.2244469584101411,54.85709421428275,54.85709421428275,4.386601871133772,1974.2844717273713,1974.284471727371,50.154320139320326,750.0,366257.4702424021,3290.4741195456186,True,0.0254037960879257,732.5149404848042
thickness_grids_L2000mm.csv,177,2.0,366.7446300262038,3.6256118359457297,133,197,2.9698592964824124,3.194306254892554,0.2244469584101411,55.41809804682186,55.41809804682186,4.3575961165914565,1976.9978038255908,1976.9978038255908,50.04414962298027,749.9999999999999,366744.6300262038,3294.9963397093184,True,0.025313204458873,733.4892600524076
thickness_grids_L2000mm.csv,178,2.0,367.2335787321739,3.5991265899149303,133,198,2.9849296482412058,3.2093766066513467,0.2244469584101411,55.98195589693301,55.98195589693301,4.328917527867807,1979.688576478586,1979.688576478586,49.93490706075753,750.0000000000001,367233.5787321739,3299.4809607976435,True,0.0252236173174168,734.4671574643478
thickness_grids_L2000mm.csv,179,2.0,367.7243589639365,3.572996620437588,133,199,3.0,3.224446958410141,0.2244469584101411,56.54866776461627,56.54866776461627,4.300561699163586,1982.3569672747285,1982.3569672747285,49.82658793398324,750.0000000000001,367724.3589639365,3303.928278791214,True,0.0251350229835159,735.448717927873
thickness_grids_L2000mm.csv,180,2.0,369.70761531247206,3.552933396937462,134,196,2.954788944723618,3.182593545617535,0.2278046008939168,54.85709421428275,54.85709421428275,4.41700491988742,1971.4491730793509,1971.4491730793509,49.78169527407418,750.0,369707.615312472,3285.748621798918,True,0.0252513206801657,739.4152306249441
thickness_grids_L2000mm.csv,181,2.0,370.1979540457229,3.526722390157365,134,197,2.9698592964824124,3.197663897376329,0.2278046008939168,55.41809804682186,55.41809804682186,4.387826866230054,1974.170059565403,1974.170059565403,49.67257507205775,750.0000000000002,370197.9540457229,3290.2834326090056,True,0.0251612442562282,740.3959080914458
thickness_grids_L2000mm.csv,182,2.0,370.6900968853722,3.500868716774959,134,198,2.9849296482412058,3.2127342491351225,0.2278046008939168,55.98195589693301,55.98195589693301,4.358977589769101,1976.8683891593305,1976.8683891593305,49.56437237661381,749.9999999999999,370690.0968853722,3294.7806485988845,True,0.0250721659815154,741.3801937707444
thickness_grids_L2000mm.csv,183,2.0,371.184086697577,3.4753628355005506,134,199,3.0,3.2278046008939167,0.2278046008939168,56.54866776461627,56.54866776461627,4.330452666689366,1979.5443386110849,1979.5443386110849,49.45708273521221,750.0000000000002,371184.08669757703,3299.240564351808,True,0.0249840742490834,742.368173395154
thickness_grids_L2000mm.csv,184,2.0,373.1697102058471,3.4569124565773324,135,196,2.954788944723618,3.185976338981339,0.2311873942577208,54.85709421428275,54.85709421428275,4.447362749841909,1968.6269773887288,1968.6269773887288,49.414516655513815,750.0000000000001,373169.7102058471,3281.044962314548,True,0.0251010055348623,746.3394204116942
thickness_grids_L2000mm.csv,185,2.0,373.66323738219126,3.431319556905271,135,197,2.9698592964824124,3.201046690740134,0.2311873942577208,55.41809804682186,55.41809804682186,4.418013212451077,1971.3552955019145,1971.3552955019145,49.30643216567212,749.9999999999999,373663.2373821912,3285.5921591698575,True,0.0250114387184165,747.3264747643825
thickness_grids_L2000mm.csv,186,2.0,374.15858367902297,3.406076531269558,135,198,2.9849296482412058,3.2161170424989267,0.2311873942577208,55.98195589693301,55.98195589693301,4.388994049116847,1974.0610604648127,1974.0610604648127,49.19925488026596,750.0000000000001,374158.58367902297,3290.1017674413547,True,0.0249228637682977,748.3171673580459
thickness_grids_L2000mm.csv,187,2.0,374.6557922260961,3.3811740482069172,135,199,3.0,3.231187394257721,0.2311873942577208,56.54866776461627,56.54866776461627,4.360300818261885,1976.744448183172,1976.744448183172,49.09298041201762,750.0,374655.7922260961,3294.574080305287,True,0.0248352691503138,749.3115844521922
thickness_grids_L2000mm.csv,188,2.0,376.64377676980973,3.364250296219482,136,196,2.954788944723618,3.1893842832251713,0.2345953385015529,54.85709421428275,54.85709421428275,4.4776750665584935,1965.8178295190012,1965.8178295190012,49.05266619377448,749.9999999999999,376643.7767698097,3276.3630491983354,True,0.0249528035900339,753.2875535396195
thickness_grids_L2000mm.csv,189,2.0,377.1405021566487,3.339255204555166,136,197,2.9698592964824124,3.2044546349839655,0.2345953385015529,55.41809804682186,55.41809804682186,4.44815486287681,1968.5534575990512,1968.5534575990512,48.94560311684186,749.9999999999999,377140.5021566487,3280.922429331752,True,0.0248637408996443,754.2810043132974
thickness_grids_L2000mm.csv,190,2.0,377.63906150492886,3.31460276001498,136,198,2.9849296482412058,3.219524986742759,0.2345953385015529,55.98195589693301,55.98195589693301,4.418966615592621,1971.2665374396656,1971.2665374396656,48.83943708473554,750.0,377639.06150492886,3285.4442290661095,True,0.0247756638471474,755.2781230098577
thickness_grids_L2000mm.csv,191,2.0,378.1394982083522,3.290283834112105,136,199,3.0,3.234595338501553,0.2345953385015529,56.54866776461627,56.54866776461627,4.390105865613068,1973.9572440975303,1973.9572440975303,48.73416377448078,749.9999999999999,378139.49820835225,3289.92874016255,True,0.0246885609707121,756.2789964167044
thickness_grids_L2000mm.csv,192,2.0,380.1298369129008,3.2748052807910626,137,196,2.954788944723618,3.192817378349032,0.2380284336254135,54.85709421428275,54.85709421428275,4.507941578233131,1963.021674467724,1963.021674467724,48.69602916674512,750.0,380129.8369129009,3271.7027907795405,True,0.0248066691265388,760.2596738258017
thickness_grids_L2000mm.csv,193,2.0,380.6297705497019,3.2503885238980628,137,197,2.9698592964824124,3.207887730107826,0.2380284336254135,55.41809804682186,55.41809804682186,4.478251527706005,1965.7644919475115,1965.7644919475115,48.58997349786633,750.0,380629.7705497019,3276.2741532458526,True,0.0247181051936326,761.2595410994038
thickness_grids_L2000mm.csv,194,2.0,381.13155281147294,3.2263074105342557,137,198,2.9849296482412058,3.2229580818666195,0.2380284336254135,55.98195589693301,55.98195589693301,4.448895001384764,1968.4847672494284,1968.4847672494284,48.48480485379019,749.9999999999999,381131.55281147297,3280.807945415714,True,0.0246305207235808,762.2631056229459
thickness_grids_L2000mm.csv,195,2.0,381.6352273591253,3.2025530085366305,137,199,3.0,3.2380284336254137,0.2380284336254135,56.54866776461627,56.54866776461627,4.419867522935075,1971.1826745739152,1971.1826745739152,48.38051897521843,750.0,381635.2273591253,3285.3044576231923,True,0.024543904326714,763.2704547182506
thickness_grids_L2000mm.csv,196,2.0,383.6279125991212,3.188442725980276,138,196,2.954788944723618,3.1962756243529205,0.2414866796293023,54.85709421428275,54.85709421428275,4.53816199563512,1960.2384573734896,1960.2384573734896,48.34449410121455,750.0,383627.9125991212,3267.064095622483,True,0.0246625577206515,767.2558251982424
thickness_grids_L2000mm.csv,197,2.0,384.1310647931896,3.1645856168719404,138,197,2.9698592964824124,3.2113459761117147,0.2414866796293023,55.41809804682186,55.41809804682186,4.508302919628902,1962.9883447739928,1962.9883447739928,48.239432121505835,750.0,384131.0647931896,3271.647241289988,True,0.0245744872861483,768.2621295863793
thickness_grids_L2000mm.csv,198,2.0,384.6360800977458,3.1410573622109346,138,198,2.9849296482412058,3.226416327870508,0.2414866796293023,55.98195589693301,55.98195589693301,4.478778921128062,1965.715697187528,1965.715697187528,48.13524728368454,749.9999999999999,384636.08009774575,3276.19282864588,True,0.0244873901920581,769.2721601954916
thickness_grids_L2000mm.csv,199,2.0,385.1430024397577,3.1178492198988996,138,199,3.0,3.2414866796293023,0.2414866796293023,56.54866776461627,56.54866776461627,4.449585506787408,1968.4206879553703,1968.4206879553703,48.03193539104603,750.0000000000003,385143.0024397577,3280.701146592284,True,0.0244012551203866,770.2860048795154
thickness_grids_L2000mm.csv,200,2.0,387.1380258401929,3.105034510576092,139,196,2.954788944723618,3.1997590212368374,0.2449700765132193,54.85709421428275,54.85709421428275,4.568336032027805,1957.4681235243995,1957.4681235243995,47.99795265878542,750.0000000000001,387138.02584019286,3262.446872540666,True,0.0245204261984944,774.2760516803858
thickness_grids_L2000mm.csv,201,2.0,387.64440716700585,3.0817191109542175,139,197,2.9698592964824124,3.2148293729956317,0.2449700765132193,55.41809804682186,55.41809804682186,4.538308753793329,1960.2249624455144,1960.224962445514,47.89387092766675,749.9999999999998,387644.4071670059,3267.041604075857,True,0.0244328441098494,775.2888143340117
thickness_grids_L2000mm.csv,202,2.0,388.15266590602545,3.0587259829626254,139,198,2.9849296482412058,3.229899724754425,0.2449700765132193,55.98195589693301,55.98195589693301,4.508618091828704,1962.9592746834687,1962.9592746834687,47.79065658967412,749.9999999999999,388152.66590602545,3271.598791139115,True,0.0243462292906613,776.3053318120509
thickness_grids_L2000mm.csv,203,2.0,388.6628462539886,3.0360465684285853,139,199,3.0,3.2449700765132192,0.2449700765132193,56.54866776461627,56.54866776461627,4.479259536055011,1965.671232713373,1965.671232713373,47.68830551013336,749.9999999999999,388662.8462539886,3276.118721188955,True,0.0242605704944388,777.3256925079772
thickness_grids_L2000mm.csv,204,2.0,390.6601986927537,3.0244587128380767,140,196,2.954788944723618,3.203267569000783,0.2484786242771647,54.85709421428275,54.85709421428275,4.598463403138781,1954.7106183618369,1954.7106183618369,47.656299527030605,750.0,390660.1986927537,3257.8510306030616,True,0.0243802325926736,781.3203973855074
thickness_grids_L2000mm.csv,205,2.0,391.1698199903761,3.0016677977428055,140,197,2.9698592964824124,3.218337920759577,0.2484786242771647,55.41809804682186,55.41809804682186,4.568268747718103,1957.4742914784745,1957.4742914784745,47.55318487421819,750.0,391169.81999037607,3262.4571524641237,True,0.0242931338006495,782.3396399807522
thickness_grids_L2000mm.csv,206,2.0,391.6813328181374,2.979192769706882,140,198,2.9849296482412058,3.2334082725183704,0.2484786242771647,55.98195589693301,55.98195589693301,4.538412232827777,1960.215447307302,1960.2154473073024,47.45092799763791,750.0,391681.33281813737,3267.0257455121705,True,0.024206996257896,783.3626656362748
thickness_grids_L2000mm.csv,207,2.0,392.1947816417073,2.957025248708841,140,199,3.0,3.2484786242771646,0.2484786242771647,56.54866776461627,56.54866776461627,4.508889331887604,1962.934257454594,1962.934257454594,47.34952482362563,750.0,392194.78164170735,3271.557095757657,True,0.0241218087889634,784.3895632834146
thickness_grids_L2000mm.csv,208,2.0,394.19445324854377,2.9465992695620713,141,196,2.954788944723618,3.2068012676447566,0.2520123229211383,54.85709421428275,54.85709421428275,4.628543827062708,1951.9658874902707,1951.9658874902705,47.3194323144287,750.0000000000001,394194.4532485438,3253.276479150451,True,0.0242419361002611,788.3889064970875
thickness_grids_L2000mm.csv,209,2.0,394.7073256182441,2.9243162937762484,141,197,2.9698592964824124,3.221871619403551,0.2520123229211383,55.41809804682186,55.41809804682186,4.598182621257117,1954.7362785428843,1954.7362785428843,47.21727183283252,750.0000000000001,394707.3256182441,3257.893797571474,True,0.0241553156562017,789.4146512364882
thickness_grids_L2000mm.csv,210,2.0,395.2221034470818,2.9023430112100814,141,198,2.9849296482412058,3.236941971162344,0.2520123229211383,55.98195589693301,55.98195589693301,4.568161065720318,1957.4841627780695,1957.4841627780695,47.115959639692,750.0000000000001,395222.1034470818,3262.4736046301164,True,0.0240696504909775,790.4442068941636
thickness_grids_L2000mm.csv,211,2.0,395.738831472456,2.880671214355908,141,199,3.0,3.2520123229211384,0.2520123229211383,56.54866776461627,56.54866776461627,4.53847461763757,1960.2097109276483,1960.2097109276483,47.01549172171244,750.0000000000002,395738.83147245593,3267.016184879414,True,0.0239849294999476,791.4776629449119
thickness_grids_L2000mm.csv,212,2.0,397.74081163216846,2.8713456559126547,142,196,2.954788944723618,3.2103601171687584,0.2555711724451402,54.85709421428275,54.85709421428275,4.658577024239108,1949.233876680055,1949.233876680055,46.98725145036308,750.0000000000002,397740.8116321685,3248.7231278000913,True,0.0241054970429674,795.4816232643369
thickness_grids_L2000mm.csv,213,2.0,398.256946434458,2.849554722293306,142,197,2.9698592964824124,3.2254304689275526,0.2555711724451402,55.41809804682186,55.41809804682186,4.628050096533422,1952.010870469228,1952.0108704692284,46.8860324887698,750.0000000000001,398256.946434458,3253.3514507820473,True,0.024019350095883,796.5138928689161
thickness_grids_L2000mm.csv,214,2.0,398.7750004337962,2.8280674715389993,142,198,2.9849296482412058,3.240500820686346,0.2555711724451402,55.98195589693301,55.98195589693301,4.597864314324553,1954.7653689674748,1954.7653689674748,46.78565245459128,750.0000000000002,398775.0004337962,3257.9422816124584,True,0.0239341525061413,797.5500008675924
thickness_grids_L2000mm.csv,215,2.0,399.2950186404469,2.8068758632813755,142,199,3.0,3.25557117244514,0.2555711724451402,56.54866776461627,56.54866776461627,4.568015118813364,1957.497542028272,1957.497542028272,46.68610739410435,750.0,399295.01864044694,3262.4959033804535,True,0.0238498932395747,798.5900372808939
thickness_grids_L2000mm.csv,216,2.0,401.2992959937112,2.798592584939482,143,196,2.954788944723618,3.2139441175727885,0.2591551728491704,54.85709421428275,54.85709421428275,4.688562717380914,1946.5145318746015,1946.5145318746015,46.6596600886794,749.9999999999997,401299.2959937112,3244.19088645767,True,0.0239708768286171,802.5985919874223
thickness_grids_L2000mm.csv,217,2.0,401.8187048457579,2.7772784144062532,143,197,2.9698592964824124,3.2290144693315828,0.2591551728491704,55.41809804682186,55.41809804682186,4.657870897882178,1949.2980142543756,1949.2980142543756,46.55937024482476,749.9999999999999,401818.704845758,3248.830023757293,True,0.0238851986224559,803.6374096915159
thickness_grids_L2000mm.csv,218,2.0,402.34004643913454,2.756262092962435,143,198,2.9849296482412058,3.244084821090376,0.2591551728491704,55.98195589693301,55.98195589693301,4.62752170460658,1952.0590139075337,1952.0590139075337,46.4599100917162,750.0000000000001,402340.0464391345,3253.431689845889,True,0.0238004639002768,804.6800928782691
thickness_grids_L2000mm.csv,219,2.0,402.863366059143,2.735535742191109,143,199,3.0,3.2591551728491703,0.2591551728491704,56.54866776461627,56.54866776461627,4.597510563029675,1954.7976998046836,1954.7976998046836,46.36127573451429,750.0,402863.366059143,3257.9961663411395,True,0.0237166616981115,805.726732118286
thickness_grids_L2000mm.csv,220,2.0,404.86992850318575,2.728239725273723,144,196,2.954788944723618,3.217553268856847,0.262764324133229,54.85709421428275,54.85709421428275,4.718500631422089,1943.807799195687,1943.807799195687,46.33656401532749,750.0000000000001,404869.92850318574,3239.679665326146,True,0.0238380379142941,809.7398570063715
thickness_grids_L2000mm.csv,221,2.0,405.3926232769312,2.7073876283752956,144,197,2.9698592964824124,3.2326236206156413,0.262764324133229,55.41809804682186,55.41809804682186,4.687644751805737,1946.5976570662592,1946.5976570662592,46.23719112926972,750.0000000000002,405392.6232769312,3244.3294284437657,True,0.0237528237853498,810.7852465538624
thickness_grids_L2000mm.csv,222,2.0,405.9172641405504,2.6868277167669192,144,198,2.9849296482412058,3.2476939723744347,0.262764324133229,55.98195589693301,55.98195589693301,4.657132964650608,1949.3650457939143,1949.3650457939143,46.1386388193959,750.0000000000001,405917.2641405504,3248.941742989857,True,0.0236685473143923,811.8345282811008
thickness_grids_L2000mm.csv,223,2.0,406.44389665447414,2.666552269042534,144,199,3.0,3.262764324133229,0.262764324133229,56.54866776461627,56.54866776461627,4.62696067994569,1952.110133463912,1952.110133463912,46.04090324887448,750.0,406443.89665447414,3253.5168891065205,True,0.0235851976072566,812.8877933089483
thickness_grids_L2000mm.csv,224,2.0,408.4527313456616,2.6601914358209213,145,196,2.954788944723618,3.221187571020934,0.2663986262973157,54.85709421428275,54.85709421428275,4.748390493472531,1941.113624947965,1941.113624947965,46.01787155977487,750.0,408452.7313456616,3235.189374913275,True,0.0237069437710059,816.9054626913232
thickness_grids_L2000mm.csv,225,2.0,408.978724165377,2.639787285814238,145,197,2.9698592964824124,3.2362579227797283,0.2663986262973157,55.41809804682186,55.41809804682186,4.717371386923955,1943.90974624887,1943.90974624887,45.91940370743773,750.0,408978.724165377,3239.8495770814498,True,0.0236221891453796,817.957448330754
thickness_grids_L2000mm.csv,226,2.0,409.5066762242165,2.6196698209995186,145,198,2.9849296482412058,3.2513282745385217,0.2663986262973157,55.98195589693301,55.98195589693301,4.686697824587062,1946.68341299302,1946.68341299302,45.821747436482525,750.0,409506.67622421647,3244.4723549883665,True,0.0235383663982792,819.0133524484329
thickness_grids_L2000mm.csv,227,2.0,410.0366333605375,2.5998314721725335,145,199,3.0,3.266398626297316,0.2663986262973157,56.54866776461627,56.54866776461627,4.65636520122771,1949.4347923757712,1949.4347923757712,45.72489896747458,749.9999999999999,410036.6333605375,3249.0579872929525,True,0.0234554647051055,820.073266721075
thickness_grids_L2000mm.csv,228,2.0,412.0477267146053,2.594356516372796,146,196,2.954788944723618,3.224847024065049,0.2700580793414307,54.85709421428275,54.85709421428275,4.778232032756927,1938.4319556248252,1938.4319556248252,45.70349350979289,750.0,412047.7267146053,3230.7199260413754,True,0.0235775588496533,824.0954534292106
thickness_grids_L2000mm.csv,229,2.0,412.5770299550886,2.574386723698781,146,197,2.9698592964824124,3.2399173758238433,0.2700580793414307,55.41809804682186,55.41809804682186,4.747050533919979,1941.2342293275533,1941.2342293275533,45.605918996783096,750.0000000000001,412577.0299550886,3235.390382212589,True,0.0234932592408393,825.1540599101772
thickness_grids_L2000mm.csv,230,2.0,413.10830538231806,2.554698273798226,146,198,2.9849296482412058,3.2549877275826367,0.2700580793414307,55.98195589693301,55.98195589693301,4.716216016570297,1944.0140640444315,1944.0140640444315,45.50914718793672,750.0,413108.3053823181,3240.023440074053,True,0.0234098857768842,826.2166107646361
thickness_grids_L2000mm.csv,231,2.0,413.6415991140195,2.5352837450724097,146,199,3.0,3.270058079341431,0.2700580793414307,56.54866776461627,56.54866776461627,4.685723860500579,1946.771626077758,1946.771626077758,45.41317436048628,750.0,413641.59911401954,3244.619376796263,True,0.0233274277024378,827.283198228039
thickness_grids_L2000mm.csv,232,2.0,415.6549368094559,2.530647972960275,147,196,2.954788944723618,3.2285316279891925,0.2737426832655741,54.85709421428275,54.85709421428275,4.808024980594795,1935.762737910433,1935.762737910433,45.3933430300071,749.9999999999999,415654.93680945586,3226.271229850722,True,0.0234498485485918,831.3098736189118
thickness_grids_L2000mm.csv,233,2.0,416.1875630920496,2.5110994610922956,147,197,2.9698592964824124,3.2436019797479867,0.2737426832655741,55.41809804682186,55.41809804682186,4.776681925500258,1938.5710540129055,1938.5710540129055,45.296650385440095,749.9999999999999,416187.5630920496,3230.9517566881764,True,0.0233659995550199,832.3751261840991
thickness_grids_L2000mm.csv,234,2.0,416.7221743057297,2.491827101489953,147,198,2.9849296482412058,3.25867233150678,0.2737426832655741,55.98195589693301,55.98195589693301,4.745687274713782,1941.3569476671223,1941.3569476671223,45.20075168333667,749.9999999999999,416722.1743057297,3235.5949127785375,True,0.0232830710177503,833.4443486114594
thickness_grids_L2000mm.csv,235,2.0,417.25881684807297,2.472823615757214,147,199,3.0,3.2737426832655743,0.2737426832655741,56.54866776461627,56.54866776461627,4.715036393294902,1944.120584280218,1944.120584280218,45.105643256791005,750.0000000000005,417258.816848073,3240.2009738003635,True,0.0232010522503112,834.5176336961459
thickness_grids_L2000mm.csv,236,2.0,419.2743838264553,2.468982797206331,148,196,2.954788944723618,3.232241382793364,0.2774524380697457,54.85709421428275,54.85709421428275,4.837769070317201,1933.105918687353,1933.105918687353,45.08733558305145,750.0,419274.3838264553,3221.8431978122553,True,0.0233237791820881,838.5487676529106
thickness_grids_L2000mm.csv,237,2.0,419.8103460189523,2.4498429796677237,148,197,2.9698592964824124,3.247311734552158,0.2774524380697457,55.41809804682186,55.41809804682186,4.806265296348974,1935.9201682050752,1935.9201682050752,44.991513553929096,750.0,419810.3460189523,3226.5336136751257,True,0.0232403764849682,839.6206920379046
thickness_grids_L2000mm.csv,238,2.0,420.3483056799873,2.430974270321482,148,198,2.9849296482412058,3.2623820863109514,0.2774524380697457,55.98195589693301,55.98195589693301,4.775111335056984,1938.7120127626808,1938.7120127626808,44.89647681889797,750.0,420348.3056799873,3231.1866879378017,True,0.0231578885999267,840.6966113599746
thickness_grids_L2000mm.csv,239,2.0,420.8883094886533,2.4123695297129957,148,199,3.0,3.2774524380697456,0.2774524380697457,56.54866776461627,56.54866776461627,4.744302537018065,1941.4816168692585,1941.4816168692585,44.80222176622614,750.0000000000001,420888.3094886533,3235.8026947820977,True,0.0230763049090684,841.7766189773066
thickness_grids_L2000mm.csv,240,2.0,422.906089956791,2.4092817584811956,149,196,2.954788944723618,3.2359762884775636,0.2811873437539456,54.85709421428275,54.85709421428275,4.867464037253866,1930.4614450377524,1930.461445037752,44.78538885446197,750.0,422906.08995679097,3217.435741729587,True,0.023199317950422,845.812179913582
thickness_grids_L2000mm.csv,241,2.0,423.44540116953567,2.390538517118195,149,197,2.9698592964824124,3.251046640236358,0.2811873437539456,55.41809804682186,55.41809804682186,4.835800383079766,1933.2815199982012,1933.2815199982012,44.69042639989624,750.0000000000002,423445.4011695357,3222.135866663669,True,0.0231163573114472,846.8908023390713
thickness_grids_L2000mm.csv,242,2.0,423.98672217896626,2.37206148104717,149,198,2.9849296482412058,3.266116991995151,0.2811873437539456,55.98195589693301,55.98195589693301,4.804487935511731,1936.079208420302,1936.0792084203024,44.59624070234405,749.9999999999998,423986.7221789663,3226.7986807005036,True,0.023034305883968,847.9734443579325
thickness_grids_L2000mm.csv,243,2.0,424.5300999483535,2.3538436456350347,149,199,3.0,3.2811873437539454,0.2811873437539456,56.54866776461627,56.54866776461627,4.773522030902642,1938.8546739116111,1938.8546739116111,44.50282820465358,750.0000000000001,424530.0999483535,3231.4244565193526,True,0.0229531531184179,849.060199896707
thickness_grids_L2000mm.csv,244,2.0,426.5500773799081,2.3514692082731745,150,196,2.954788944723618,3.239736345041792,0.2849474003181738,54.85709421428275,54.85709421428275,4.897109618675162,1927.8292642485571,1927.8292642485571,44.4874226800669,750.0000000000001,426550.07737990806,3213.0487737475955,True,0.023076432910882,853.1001547598162
thickness_grids_L2000mm.csv,245,2.0,427.0927509638104,2.333110872597513,150,197,2.9698592964824124,3.2548066968005864,0.2849474003181738,55.41809804682186,55.41809804682186,4.86528692419661,1930.655057683944,1930.6550576839436,44.393308965860655,750.0,427092.7509638104,3217.7584294732396,True,0.0229939101701138,854.1855019276207
thickness_grids_L2000mm.csv,246,2.0,427.6374464610534,2.315013975448694,150,198,2.9849296482412058,3.26987704855938,0.2849474003181738,55.98195589693301,55.98195589693301,4.833816815832558,1933.458483919517,1933.4584839195168,44.29996358091768,750.0,427637.4464610534,3222.430806532528,True,0.0229122910832367,855.2748929221068
thickness_grids_L2000mm.csv,247,2.0,428.1842111210465,2.297171643061685,150,199,3.0,3.284947400318174,0.2849474003181738,56.54866776461627,56.54866776461627,4.802694615963281,1936.239705658636,1936.239705658636,44.20738302201783,750.0000000000001,428184.2111210465,3227.066176097727,True,0.0228315651687248,856.368422242093
thickness_grids_L2000mm.csv,248,2.0,430.206368259065,2.295472895850032,151,196,2.954788944723618,3.2435215524860483,0.2887326077624302,54.85709421428275,54.85709421428275,4.926705553756198,1925.2093238145424,1925.2093238145424,44.19335897638109,749.9999999999999,430206.368259065,3208.682206357571,True,0.022955092950006,860.41273651813
thickness_grids_L2000mm.csv,249,2.0,430.7524178033238,2.2774882234334624,151,197,2.9698592964824124,3.2585919042448426,0.2887326077624302,55.41809804682186,55.41809804682186,4.8947246600557826,1928.040729754821,1928.040729754821,44.10008336975783,750.0,430752.41780332377,3213.401216258035,True,0.0228730040238132,861.5048356066476
thickness_grids_L2000mm.csv,250,2.0,431.30050116438656,2.259760354084764,151,198,2.9849296482412058,3.273662256003636,0.2887326077624302,55.98195589693301,55.98195589693301,4.863097717579024,1930.8497887335736,1930.8497887335736,44.00756777209333,750.0,431300.5011643866,3218.082981222623,True,0.0227918132362629,862.6010023287731
thickness_grids_L2000mm.csv,251,2.0,431.8506658784115,2.2422825411226763,151,199,3.0,3.28873260776243,0.2887326077624302,56.54866776461627,56.54866776461627,4.831820034971554,1933.6366625486191,1933.6366625486191,43.915808733344974,750.0,431850.6658784115,3222.727770914366,True,0.02271151017351,863.701331756823
thickness_grids_L2000mm.csv,252,2.0,433.8749847358803,2.241223794550502,152,196,2.954788944723618,3.2473319108103333,0.292542966086715,54.85709421428275,54.85709421428275,4.956251583532146,1922.6015714421096,1922.6015714421096,43.90312167358876,750.0,433874.9847358803,3204.3359524035163,True,0.0228352677568331,867.7499694717606
thickness_grids_L2000mm.csv,253,2.0,434.4244240658906,2.2236019524024955,152,197,2.9698592964824124,3.2624022625691276,0.292542966086715,55.41809804682186,55.41809804682186,4.924113332823584,1925.4384849078472,1925.4384849078472,43.810673738106885,750.0,434424.4240658906,3209.064141513079,True,0.022753608635907,868.8488481317812
thickness_grids_L2000mm.csv,254,2.0,434.9759088999234,2.206232404570092,152,198,2.9849296482412058,3.277472614327921,0.292542966086715,55.98195589693301,55.98195589693301,4.892330384058783,1928.2530725344363,1928.2530725344363,43.71897759677234,749.9999999999998,434975.90889992344,3213.7551208907275,True,0.0226728421800513,869.9518177998468
thickness_grids_L2000mm.csv,255,2.0,435.5294870631742,2.1891085277809568,152,199,3.0,3.292542966086715,0.292542966086715,56.54866776461627,56.54866776461627,4.8608980324013125,1931.045495211644,1931.045495211644,43.62802985211657,749.9999999999998,435529.4870631742,3218.409158686073,True,0.022592958042832,871.0589741263484
thickness_grids_L2000mm.csv,256,2.0,437.5559489266679,2.188655937981817,153,196,2.954788944723618,3.2511674200146463,0.296378475291028,54.85709421428275,54.85709421428275,4.985747450870948,1920.0059550514493,1920.0059550514493,43.61663665123568,750.0000000000001,437555.9489266679,3200.009925085749,True,0.0227169277972718,875.1118978533358
thickness_grids_L2000mm.csv,257,2.0,438.1087921012847,2.17138648486871,153,197,2.9698592964824124,3.2662377717734405,0.296378475291028,55.41809804682186,55.41809804682186,4.9534526864437165,1922.848272047228,1922.848272047228,43.52500614181127,750.0,438108.79210128466,3204.7471200787136,True,0.0226356945446719,876.2175842025694
thickness_grids_L2000mm.csv,258,2.0,438.6636922488951,2.154364939603154,153,198,2.9849296482412058,3.281308123532234,0.296378475291028,55.98195589693301,55.98195589693301,4.921514560311887,1925.668285194035,1925.668285194035,43.434119315394774,750.0,438663.69224889507,3209.4471419900583,True,0.0225553485246386,877.3273844977901
thickness_grids_L2000mm.csv,259,2.0,439.220697485993,2.13758479878148,153,199,3.0,3.296378475291028,0.296378475291028,56.54866776461627,56.54866776461627,4.889928354408288,1928.4661544713097,1928.4661544713097,43.34397282649184,750.0000000000001,439220.69748599303,3214.1102574521824,True,0.0224758794578765,878.441394971986
thickness_grids_L2000mm.csv,260,2.0,441.80554422560226,2.1207791352024787,154,197,2.9698592964824124,3.270098431857782,0.3002391353753693,55.41809804682186,55.41809804682186,4.982742466593069,1920.270040288001,1920.270040288001,43.24300853428701,749.9999999999999,441805.54422560224,3200.4500671466685,True,0.0225192330385998,883.6110884512045
thickness_grids_L2000mm.csv,261,2.0,442.36387375726736,2.1040956442534555,154,198,2.9849296482412058,3.2851687836165753,0.3002391353753693,55.98195589693301,55.98195589693301,4.950649993068014,1923.095376787846,1923.095376787846,43.15292106622698,750.0000000000002,442363.87375726737,3205.158961313077,True,0.0224393036284583,884.7277475145347
thickness_grids_L2000mm.csv,262,2.0,442.9243199198853,2.087649405797844,154,199,3.0,3.3002391353753695,0.3002391353753693,56.54866776461627,56.54866776461627,4.9189107487876855,1925.8985913483464,1925.8985913483464,43.06356597774704,750.0000000000001,442924.31991988525,3209.830985580578,True,0.0223602458463805,885.8486398397705
thickness_grids_L2000mm.csv,263,2.0,445.5147027172472,2.071719961848119,155,197,2.9698592964824124,3.2739842428221513,0.3041249463397389,55.41809804682186,55.41809804682186,5.011982420653165,1917.703738958224,1917.703738958224,42.96461069205776,750.0,445514.7027172472,3196.172898263707,True,0.0224041961327133,891.0294054344944
thickness_grids_L2000mm.csv,264,2.0,446.0764759306014,2.055364931867777,155,198,2.9849296482412058,3.2890545945809446,0.3041249463397389,55.98195589693301,55.98195589693301,4.979736430708237,1920.5342975980063,1920.534297598006,42.87531280601306,750.0000000000003,446076.4759306014,3200.890495996677,True,0.0223246795746562,892.1529518612028
thickness_grids_L2000mm.csv,265,2.0,446.6403770953328,2.039243113145841,155,199,3.0,3.304124946339739,0.3041249463397389,56.54866776461627,56.54866776461627,4.947844964938756,1923.3427570635365,1923.342757063536,42.786739441095015,750.0000000000001,446640.3770953328,3205.5712617725603,True,0.0222460293590205,893.2807541906657
thickness_grids_L2000mm.csv,266,2.0,449.2362898126811,2.0241516305323186,156,197,2.9698592964824124,3.2778952046665495,0.3080359081841368,55.41809804682186,55.41809804682186,5.041172297680019,1915.1493176012384,1915.1493176012384,42.689744157555026,750.0000000000001,449236.2898126811,3191.9155293353974,True,0.0222905565457552,898.4725796253622
thickness_grids_L2000mm.csv,267,2.0,449.80152122980985,2.0081158080520303,156,198,2.9849296482412058,3.292965556425343,0.3080359081841368,55.98195589693301,55.98195589693301,5.008773623235506,1917.9849981155696,1917.9849981155696,42.601226252921926,750.0000000000001,449801.52122980985,3196.6416635259493,True,0.0222114491483394,899.6030424596197
thickness_grids_L2000mm.csv,268,2.0,450.3688916959295,1.9923092625333856,156,199,3.0,3.308035908184137,0.3080359081841368,56.54866776461627,56.54866776461627,4.9767307538348735,1920.7986030400664,1920.7986030400664,42.51342510876528,750.0,450368.8916959295,3201.3310050667774,True,0.0221332028467111,900.737783391859
thickness_grids_L2000mm.csv,269,2.0,452.9703277005341,1.9780192851279317,157,197,2.9698592964824124,3.2818313173909752,0.3119720209085628,55.41809804682186,55.41809804682186,5.070311848359599,1912.6067259791184,1912.6067259791184,42.418342183925176,750.0,452970.3277005341,3187.677876631864,True,0.0221782876781477,905.9406554010682
thickness_grids_L2000mm.csv,270,2.0,453.5390320663765,1.962293742249972,157,198,2.9849296482412058,3.296901669149769,0.3119720209085628,55.98195589693301,55.98195589693301,5.037761322240914,1915.447429043083,1915.447429043083,42.33059483157978,750.0000000000001,453539.0320663765,3192.412381738472,True,0.0220995858146455,907.078064132753
thickness_grids_L2000mm.csv,271,2.0,454.10988635432807,1.946793645352904,157,199,3.0,3.311972020908563,0.3119720209085628,56.54866776461627,56.54866776461627,5.005567867996998,1918.2660809055385,1918.2660809055385,42.24355657522851,750.0000000000002,454109.8863543281,3197.110134842564,True,0.0220217398387646,908.219772708656
thickness_grids_L2000mm.csv,272,2.0,456.7168385184495,1.9332704256374704,158,197,2.9698592964824124,3.28579258099543,0.3159332845130173,55.41809804682186,55.41809804682186,5.099400824988933,1910.0759140738196,1910.0759140738196,42.15033968209049,750.0000000000002,456716.8385184495,3183.4598567896996,True,0.0220673635909014,913.433677036899
thickness_grids_L2000mm.csv,273,2.0,457.2890307987065,1.9178465464268648,158,198,2.9849296482412058,3.300862932754223,0.3159332845130173,55.98195589693301,55.98195589693301,5.066699280880743,1912.9215412961512,1912.9215412961512,42.06335362022243,749.9999999999998,457289.03079870646,3188.202568826919,True,0.0219890636976785,914.5780615974128
thickness_grids_L2000mm.csv,274,2.0,457.8633836476003,1.9026443820645735,158,199,3.0,3.3159332845130174,0.3159332845130173,56.54866776461627,56.54866776461627,5.034356061462143,1915.7451424943456,1915.7451424943456,41.977069084402665,750.0000000000001,457863.3836476003,3192.90857082391,True,0.0219116145218291,915.7267672952006
thickness_grids_L2000mm.csv,275,2.0,460.4758443478379,1.889854792930621,159,197,2.9698592964824124,3.2897789954799124,0.3199196989975,55.41809804682186,55.41809804682186,5.128438981438715,1907.556832089884,1907.556832089884,41.885673169600736,750.0000000000002,460475.8443478379,3179.2613868164735,True,0.0219577589851997,920.9516886956758
thickness_grids_L2000mm.csv,276,2.0,461.05153972686946,1.8747242604614365,159,198,2.9849296482412058,3.3048493472387057,0.3199196989975,55.98195589693301,55.98195589693301,5.0955872538395255,1910.407286006172,1910.4072860061715,41.79943929967381,750.0000000000001,461051.53972686944,3184.01214334362,True,0.0218798575601426,922.1030794537388
thickness_grids_L2000mm.csv,277,2.0,461.6294060916148,1.8598118082391644,159,199,3.0,3.3199196989975,0.3199196989975,56.54866776461627,56.54866776461627,5.063095089743925,1913.2357398506904,1913.2357398506904,41.71389947873339,749.9999999999998,461629.4060916148,3188.7262330844837,True,0.0218028017195564,923.2588121832296
thickness_grids_L2000mm.csv,278,2.0,464.2473672098079,1.8477242597779948,160,197,2.9698592964824124,3.2937905608444233,0.3239312643620111,55.41809804682186,55.41809804682186,5.157426073127161,1905.0494304561012,1905.0494304561012,41.624280721444954,750.0000000000002,464247.3672098079,3175.0823840935022,True,0.0218494491827854,928.4947344196158
thickness_grids_L2000mm.csv,279,2.0,464.82658108771466,1.832879043808995,160,198,2.9849296482412058,3.3088609126032167,0.3239312643620111,55.98195589693301,55.98195589693301,5.124424997297136,1907.9046145226473,1907.904614522647,41.53879010422095,750.0000000000003,464826.58108771464,3179.841024204412,True,0.0217719427837401,929.6531621754292
thickness_grids_L2000mm.csv,280,2.0,465.40797613857455,1.8182483668010831,160,199,3.0,3.323931264362011,0.3239312643620111,56.54866776461627,56.54866776461627,5.091784709821818,1910.737825229021,1910.737825229021,41.45398615037016,750.0000000000002,465407.97613857454,3184.5630420483685,True,0.0216952768731636,930.8159522771492
thickness_grids_L2000mm.csv,281,2.0,468.031429061059,1.8068327278178289,161,197,2.9698592964824124,3.2978272770889627,0.3279679806065504,55.41809804682186,55.41809804682186,5.186361856994001,1902.553659827112,1902.5536598271124,41.36610192264988,750.0,468031.4290610589,3170.922766378521,True,0.0217424101070604,936.062858122118
thickness_grids_L2000mm.csv,282,2.0,468.6141770525245,1.7922650730302572,161,198,2.9849296482412058,3.312897628847756,0.3279679806065504,55.98195589693301,55.98195589693301,5.153212268919131,1905.4134784134344,1905.4134784134344,41.28134577446057,750.0,468614.17705252446,3175.689130689057,True,0.0216652953504002,937.2283541050488
thickness_grids_L2000mm.csv,283,2.0,469.19911617177456,1.7779085061757165,161,199,3.0,3.3279679806065503,0.3279679806065504,56.54866776461627,56.54866776461627,5.1204246801059705,1908.2513510965755,1908.2513510965755,41.19726899391416,749.9999999999999,469199.11617177457,3180.4189184942925,True,0.0215890160225696,938.3982323435492
thickness_grids_L2000mm.csv,284,2.0,471.8280517886281,1.767136030111956,162,197,2.9698592964824124,3.30188914421353,0.3320298477311179,55.41809804682186,55.41809804682186,5.215246091464754,1900.0694710857977,1900.0694710857977,41.11107782251079,750.0000000000001,471828.0517886281,3166.7824518096627,True,0.0216366182648141,943.6561035772562
thickness_grids_L2000mm.csv,285,2.0,472.4143497207881,1.7528384449151586,162,198,2.9849296482412058,3.316959495972323,0.3320298477311179,55.98195589693301,55.98195589693301,5.181948827812791,1902.9338294679185,1902.9338294679185,41.02704751157026,750.0000000000002,472414.3497207881,3171.5563824465307,True,0.0215598918240062,944.8286994415762
thickness_grids_L2000mm.csv,286,2.0,473.00284850116134,1.7387485839375325,162,199,3.0,3.3320298477311177,0.3320298477311179,56.54866776461627,56.54866776461627,5.149014760409842,1905.776270135172,1905.776270135172,40.943689360935146,750.0000000000001,473002.8485011613,3176.29378355862,True,0.0214839957882522,946.0056970023228
thickness_grids_L2000mm.csv,287,2.0,475.6372572076268,1.728591838906236,163,197,2.9698592964824124,3.3059761622181263,0.3361168657357137,55.41809804682186,55.41809804682186,5.2440785364423235,1897.59681534326,1897.59681534326,40.859150890679544,749.9999999999998,475637.2572076268,3162.6613589054336,True,0.0215320507287468,951.2745144152536
thickness_grids_L2000mm.csv,288,2.0,476.2271211172246,1.7145570847765896,163,198,2.9849296482412058,3.3210465139769196,0.3361168657357137,55.98195589693301,55.98195589693301,5.210634434512755,1900.4656196975732,1900.4656196975736,40.77583793345685,749.9999999999999,476227.1211172246,3167.442699495956,True,0.0214557093329294,952.4542422344492
thickness_grids_L2000mm.csv,289,2.0,476.81919535936635,1.7007267756355895,163,199,3.0,3.336116865735714,0.3361168657357137,56.54866776461627,56.54866776461627,5.177554711927485,1903.3125352425543,1903.3125352425543,40.69319001615686,750.0000000000001,476819.1953593664,3172.187558737591,True,0.0213801933537788,953.6383907187328
thickness_grids_L2000mm.csv,290,2.0,479.4590670551664,1.6911595783691131,164,197,2.9698592964824124,3.3100883311027505,0.3402290346203379,55.41809804682186,55.41809804682186,5.272858953264868,1895.1356439416747,1895.1356439416743,40.61026497455514,749.9999999999999,479459.0670551664,3158.5594065694577,True,0.0214286851204435,958.9181341103327
thickness_grids_L2000mm.csv,291,2.0,480.0525131868793,1.6773806596712535,164,198,2.9849296482412058,3.325158682861544,0.3402290346203379,55.98195589693301,55.98195589693301,5.239268850949977,1898.0088013379195,1898.0088013379195,40.527661032336574,750.0000000000001,480052.5131868793,3163.348002229866,True,0.0213527255530998,960.1050263737586
thickness_grids_L2000mm.csv,292,2.0,480.6481788984171,1.6638029884872283,164,199,3.0,3.340229034620338,0.3402290346203379,56.54866776461627,56.54866776461627,5.206044297217197,1900.86009953315,1900.86009953315,40.44571509525479,749.9999999999999,480648.1788984171,3168.100165888583,True,0.0212775864489912,961.2963577968342
thickness_grids_L2000mm.csv,293,2.0,483.2935029869385,1.654800341935866,165,197,2.9698592964824124,3.3142256508674026,0.3443663543849903,55.41809804682186,55.41809804682186,5.301587104687949,1892.68590845499,1892.68590845499,40.36436525837366,750.0,483293.5029869385,3154.47651409165,True,0.0213264995940733,966.587005973877
thickness_grids_L2000mm.csv,294,2.0,483.8905477920098,1.6412704962124651,165,198,2.9849296482412058,3.329296002626196,0.3443663543849903,55.98195589693301,55.98195589693301,5.267851840436935,1895.5633268490371,1895.5633268490371,40.28246213394542,750.0,483890.5477920098,3159.272211415062,True,0.021250918691757,967.7810955840196
thickness_grids_L2000mm.csv,295,2.0,484.4898211842131,1.6279387796850209,165,199,3.0,3.34436635438499,0.3443663543849903,56.54866776461627,56.54866776461627,5.234483280165993,1898.418916340431,1898.418916340431,40.20121006399984,750.0000000000002,484489.8211842131,3164.0315272340517,True,0.0211761533336885,968.9796423684264
thickness_grids_L2000mm.csv,296,2.0,487.14058657383634,1.619476814020585,166,197,2.9698592964824124,3.3183881215120836,0.348528825029671,55.41809804682186,55.41809804682186,5.330262754867457,1890.247560689543,1890.247560689543,40.12139822374466,750.0,487140.58657383634,3150.4126011492385,True,0.0212254728206652,974.2811731476728
thickness_grids_L2000mm.csv,297,2.0,487.7412467070421,1.606189502747574,166,198,2.9849296482412058,3.333458473270877,0.348528825029671,55.98195589693301,55.98195589693301,5.296383167636281,1893.1291489174685,1893.1291489174685,40.0401878580597,749.9999999999998,487741.2467070421,3155.215248195781,True,0.0211502674716912,975.4824934140842
thickness_grids_L2000mm.csv,298,2.0,488.3441441937906,1.5930972789893345,166,199,3.0,3.348528825029671,0.348528825029671,56.54866776461627,56.54866776461627,5.262871425978981,1895.9889392171008,1895.9889392171008,39.95962167903594,750.0,488344.1441937906,3159.981565361835,True,0.021075872782009,976.6882883875812
thickness_grids_L2000mm.csv,299,2.0,491.0003392974208,1.5851531958534049,167,197,2.9698592964824124,3.3225757430367926,0.3527164465543799,55.41809804682186,55.41809804682186,5.358885669332659,1887.8205526854692,1887.820552685469,39.881311611496,750.0,491000.3392974208,3146.3675878091153,True,0.0211255839728855,982.0006785948416
thickness_grids_L2000mm.csv,300,2.0,491.60463161559846,1.572102095600819,167,198,2.9849296482412058,3.337646094795586,0.3527164465543799,55.98195589693301,55.98195589693301,5.324862598548112,1890.706220456479,1890.7062204564788,39.800786080542906,750.0000000000001,491604.63161559845,3151.1770340941316,True,0.0210507511161272,983.2092632311968
thickness_grids_L2000mm.csv,301,2.0,492.2111698112061,1.5592431154033324,167,199,3.0,3.35271644655438,0.3527164465543799,56.54866776461627,56.54866776461627,5.291208501157026,1893.570121936243,1893.570121936243,39.72089794994078,749.9999999999999,492211.1698112061,3155.9502032270716,True,0.0209767240673003,984.4223396224122
thickness_grids_L2000mm.csv,302,2.0,494.8727825461659,1.5517951351820856,168,197,2.9698592964824124,3.3267885154415295,0.3569292189591171,55.41809804682186,55.41809804682186,5.387455614966518,1885.404836717462,1885.4048367174623,39.64405438490345,749.9999999999999,494872.7825461659,3142.341394529104,True,0.0210268127103804,989.7455650923318
thickness_grids_L2000mm.csv,303,2.0,495.4807241059982,1.5389741291847274,168,198,2.9849296482412058,3.341858867200323,0.3569292189591171,55.98195589693301,55.98195589693301,5.353289900484252,1888.2944946073983,1888.2944946073983,39.56420589661543,750.0,495480.72410599823,3147.157491012331,True,0.02095234933407,990.9614482119964
thickness_grids_L2000mm.csv,304,2.0,496.09091982328846,1.526342347678797,168,199,3.0,3.356929218959117,0.3569292189591171,56.54866776461627,56.54866776461627,5.319494273473667,1891.1624184925045,1891.162418492504,39.4849881026036,750.0,496090.91982328845,3151.937364154174,True,0.0208786869475114,992.1818396465768
thickness_grids_L2000mm.csv,305,2.0,498.75793761148503,1.5193696596256576,169,197,2.9698592964824124,3.3310264387262953,0.3611671422438827,55.41809804682186,55.41809804682186,5.4159723599845995,1883.0003652956148,1883.0003652956148,39.40957669418251,750.0,498757.937611485,3138.3339421593582,True,0.0209291391656185,997.51587522297
thickness_grids_L2000mm.csv,306,2.0,499.3695456673889,1.5067728297335112,169,198,2.9849296482412058,3.3460967904850887,0.3611671422438827,55.98195589693301,55.98195589693301,5.381664842048476,1885.89392474042,1885.89392474042,39.33039758544267,750.0000000000005,499369.5456673889,3143.1565412340337,True,0.020855042306187,998.7390913347778
thickness_grids_L2000mm.csv,307,2.0,499.9834159158041,1.494362398426194,169,199,3.0,3.361167142243883,0.3611671422438827,56.54866776461627,56.54866776461627,5.347728511956016,1888.7657831029017,1888.7657831029017,39.25184254390248,750.0,499983.4159158041,3147.9429718381693,True,0.0207817416511108,999.966831831608
thickness_grids_L2000mm.csv,308,2.0,502.6558256840188,1.487845113465931,170,197,2.9698592964824124,3.335289512891089,0.3654302164086765,55.41809804682186,55.41809804682186,5.444435673916535,1880.607091166016,1880.607091166016,39.17782984222402,750.0000000000002,502655.8256840188,3134.3451519433597,True,0.0208325439302331,1005.3116513680376
thickness_grids_L2000mm.csv,309,2.0,503.271117686928,1.475466732447544,170,198,2.9849296482412058,3.3503598646498824,0.3654302164086765,55.98195589693301,55.98195589693301,5.409987193126174,1883.5044644545649,1883.5044644545649,39.0993125760117,749.9999999999999,503271.117686928,3139.1741074242746,True,0.0207588106712209,1006.542235373856
thickness_grids_L2000mm.csv,310,2.0,503.8886796702857,1.4632719916203063,170,199,3.0,3.3654302164086767,0.3654302164086765,56.54866776461627,56.54866776461627,5.375910986871761,1886.3801702070732,1886.380170207073,39.02141282764256,749.9999999999999,503888.67967028567,3143.966950345122,True,0.020685868863517,1007.7773593405714
thickness_grids_L2000mm.csv,311,2.0,506.56646785003073,1.4571910976821696,171,197,2.9698592964824124,3.3395777379359113,0.3697184414534987,55.41809804682186,55.41809804682186,5.472845327588881,1878.2249673111928,1878.2249673111928,38.94876625151143,750.0000000000002,506566.4678500307,3130.3749455186544,True,0.0207370080418371,1013.1329357000616
thickness_grids_L2000mm.csv,312,2.0,507.1854614448956,1.4450256218842392,171,198,2.9849296482412058,3.3546480896947046,0.3697184414534987,55.98195589693301,55.98195589693301,5.438256724856393,1881.1260675791173,1881.1260675791173,38.87090341404821,749.9999999999998,507185.46144489554,3135.210112631862,True,0.0206636355127822,1014.3709228897912
thickness_grids_L2000mm.csv,313,2.0,507.8067325595227,1.4330410933267388,171,199,3.0,3.369718441453499,0.3697184414534987,56.54866776461627,56.54866776461627,5.404041469704979,1884.0055344684608,1884.0055344684608,38.79365162157941,750.0000000000002,507806.7325595227,3140.0092241141015,True,0.0205910497139406,1015.6134651190454
thickness_grids_L2000mm.csv,314,2.0,510.48988508807395,1.4273784130437892,172,197,2.9698592964824124,3.3438911138607614,0.374031817378349,55.41809804682186,55.41809804682186,5.50120109311057,1875.8539469503207,1875.8539469503207,38.72233943218461,750.0000000000001,510489.8850880739,3126.4232449172014,True,0.0206425129712991,1020.979770176148
thickness_grids_L2000mm.csv,315,2.0,511.1125981117803,1.4154204753722988,172,198,2.9849296482412058,3.3589614656195548,0.374031817378349,55.98195589693301,55.98195589693301,5.466473209621364,1878.758688173547,1878.758688173547,38.64512373018729,750.0000000000001,511112.5981117803,3131.264480289245,True,0.0205694983466751,1022.2251962235608
thickness_grids_L2000mm.csv,316,2.0,511.73759594493663,1.4036408554363196,172,199,3.0,3.374031817378349,0.374031817378349,56.54866776461627,56.54866776461627,5.432119733148445,1881.6418307740623,1881.6418307740623,38.56851267568526,750.0000000000001,511737.5959449366,3136.0697179567705,True,0.0204972657627509,1023.4751918898731
thickness_grids_L2000mm.csv,317,2.0,514.4260982642178,1.3983790061036947,173,197,2.9698592964824124,3.34822964066564,0.3783703441832277,55.41809804682186,55.41809804682186,5.529502743846223,1873.4939835404136,1873.4939835404136,38.49850395109969,750.0,514426.0982642178,3122.489972567356,True,0.0205490406103934,1028.8521965284356
thickness_grids_L2000mm.csv,318,2.0,515.0525487442333,1.3866234093081953,173,198,2.9849296482412058,3.3632999924244333,0.3783703441832277,55.98195589693301,55.98195589693301,5.494636421026555,1876.402280528206,1876.402280528206,38.421928209154,749.9999999999999,515052.5487442332,3127.337134213677,True,0.0204763811086065,1030.1050974884663
thickness_grids_L2000mm.csv,319,2.0,515.681291072857,1.3750435622655848,173,199,3.0,3.3783703441832276,0.3783703441832277,56.54866776461627,56.54866776461627,5.4601455510868036,1879.2890142349331,1879.289014234933,38.345950791423085,750.0000000000001,515681.291072857,3132.148357058222,True,0.0204044989892275,1031.362582145714
thickness_grids_L2000mm.csv,320,2.0,518.3751281302697,1.3701659178900352,174,197,2.9698592964824124,3.352593318350547,0.3827340218681346,55.41809804682186,55.41809804682186,5.557750054415754,1871.145030775292,1871.145030775292,38.27721540211456,750.0000000000001,518375.1281302696,3118.575051292153,True,0.0204565732599865,1036.7502562605391
thickness_grids_L2000mm.csv,321,2.0,519.0053342825977,1.3586076281489168,174,198,2.9849296482412058,3.3676636701093403,0.3827340218681346,55.98195589693301,55.98195589693301,5.5227461338945805,1874.0567991638443,1874.0567991638443,38.2012725600792,750.0000000000001,519005.3342825976,3123.4279986064075,True,0.0203842661423728,1038.0106685651954
thickness_grids_L2000mm.csv,322,2.0,519.6378390698595,1.347222579859832,174,199,3.0,3.3827340218681345,0.3827340218681346,56.54866776461627,56.54866776461627,5.488118698572058,1876.9470401873132,1876.9470401873136,38.1259217920038,750.0,519637.83906985953,3128.245066978856,True,0.0203127317796878,1039.275678139719
thickness_grids_L2000mm.csv,323,2.0,522.3369953190999,1.3427132351980913,175,197,2.9698592964824124,3.3569821469154824,0.3871228504330699,55.41809804682186,55.41809804682186,5.58594280066917,1868.8070425866097,1868.8070425866097,38.05843037719726,750.0000000000001,522336.99531909986,3114.678404311016,True,0.0203650936185047,1044.6739906381997
thickness_grids_L2000mm.csv,324,2.0,522.9709755457551,1.3313473759873593,175,198,2.9849296482412058,3.3720524986742757,0.3871228504330699,55.98195589693301,55.98195589693301,5.550802124236278,1871.722198833009,1871.722198833009,37.983113487652034,750.0000000000002,522970.97554575506,3119.536998055016,True,0.0202931361883371,1045.9419510915102
thickness_grids_L2000mm.csv,325,2.0,523.6072609405447,1.320152307819396,175,199,3.0,3.38712285043307,0.3871228504330699,56.54866776461627,56.54866776461627,5.516038951820196,1874.615864191948,1874.615864191948,37.90838249378668,750.0000000000001,523607.2609405448,3124.359773653247,True,0.0202219469161097,1047.2145218810897
thickness_grids_L2000mm.csv,326,2.0,526.3117203408631,1.3159960443041894,176,197,2.9698592964824124,3.3613961263604457,0.3915368298780334,55.41809804682186,55.41809804682186,5.614080759669428,1866.479973144174,1866.479973144174,37.84210643855414,750.0000000000005,526311.7203408631,3110.7999552402903,True,0.0202745847708225,1052.6234406817262
thickness_grids_L2000mm.csv,327,2.0,526.9494932292326,1.3048178905164305,176,198,2.9849296482412058,3.376466478119239,0.3915368298780334,55.98195589693301,55.98195589693301,5.578804169250144,1869.3984345190536,1869.3984345190536,37.767408664427904,750.0000000000001,526949.4932292326,3115.664057531756,True,0.0202029743724186,1053.8989864584653
thickness_grids_L2000mm.csv,328,2.0,527.5895775641532,1.2938081335404252,176,199,3.0,3.3915368298780333,0.3915368298780334,56.54866776461627,56.54866776461627,5.543906088198052,1872.2954420342155,1872.2954420342155,37.69329067856412,749.9999999999999,527589.5775641531,3120.49240339036,True,0.0201321275650871,1055.1791551283063
thickness_grids_L2000mm.csv,329,2.0,530.2993235810669,1.289990386961568,177,197,2.9698592964824124,3.3658352566854375,0.3959759602030251,55.41809804682186,55.41809804682186,5.642163709691407,1864.163776854915,1864.163776854915,37.62820209178888,750.0000000000001,530299.3235810669,3106.9396280915257,True,0.0201850301775912,1060.5986471621338
thickness_grids_L2000mm.csv,330,2.0,530.9409079010676,1.2789953592964942,177,198,2.9849296482412058,3.380905608444231,0.3959759602030251,55.98195589693301,55.98195589693301,5.60675204730272,1867.0854614367208,1867.0854614367208,37.554116703924024,750.0000000000001,530940.9079010676,3111.8091023945344,True,0.0201137641953604,1061.8818158021352
thickness_grids_L2000mm.csv,331,2.0,531.5848096902512,1.268166388733612,177,199,3.0,3.395975960203025,0.3959759602030251,56.54866776461627,56.54866776461627,5.571719886202697,1869.985729724861,1869.985729724861,37.48060506671399,750.0,531584.8096902511,3116.642882874768,True,0.0200432572671175,1063.1696193805024
thickness_grids_L2000mm.csv,332,2.0,534.2998252962211,1.264673218587312,178,197,2.9698592964824124,3.3702995378904577,0.4004402414080452,55.41809804682186,55.41809804682186,5.6701914302003775,1861.8584083635433,1861.8584083635433,37.4166767598084,749.9999999999999,534299.8252962211,3103.0973472725723,True,0.020096413664826,1068.5996505924422
thickness_grids_L2000mm.csv,333,2.0,534.9452399991843,1.2538568781688724,178,198,2.9849296482412058,3.385369889649251,0.4004402414080452,55.98195589693301,55.98195589693301,5.634645537922173,1864.7832350316105,1864.7832350316105,37.34319713469025,750.0000000000001,534945.2399991843,3107.972058386017,True,0.0200254895224094,1069.8904799983686
thickness_grids_L2000mm.csv,334,2.0,535.5929779367048,1.2432043080711128,178,199,3.0,3.4004402414080452,0.4004402414080452,56.54866776461627,56.54866776461627,5.5994801254602535,1867.6866834990824,1867.6866834990824,37.27028529136879,750.0,535592.9779367048,3112.8111391651373,True,0.0199553199263291,1071.1859558734095
thickness_grids_L2000mm.csv,335,2.0,538.3132456108605,1.2400223684902494,179,197,2.9698592964824124,3.374788969975506,0.4049296734930936,55.41809804682186,55.41809804682186,5.698163701842464,1859.563822552188,1859.563822552188,37.20749075766424,750.0000000000001,538313.2456108604,3099.2730375869805,True,0.0200087194138882,1076.626491221721
thickness_grids_L2000mm.csv,336,2.0,538.9625098269555,1.2293804117243003,179,198,2.9849296482412058,3.389859321734299,0.4049296734930936,55.98195589693301,55.98195589693301,5.662484421776681,1862.491710980889,1862.4917109808891,37.13461037512917,750.0,538962.5098269555,3104.1528516348153,True,0.0199381345732658,1077.925019653911
thickness_grids_L2000mm.csv,337,2.0,539.6141027853087,1.218899989881194,179,199,3.0,3.4049296734930934,0.4049296734930936,56.54866776461627,56.54866776461627,5.627186586705293,1865.398259817234,1865.3982598172345,37.062291873300374,750.0000000000001,539614.1027853086,3108.9970996953907,True,0.0198682998004574,1079.228205570617
thickness_grids_L2000mm.csv,338,2.0,542.3396045144194,1.216016502041307,180,197,2.9698592964824124,3.379303552940583,0.4094442564581703,55.41809804682186,55.41809804682186,5.726080306434061,1857.2799745401176,1857.2799745401176,37.00060526820642,749.9999999999999,542339.6045144195,3095.4666242335297,True,0.0199219319517878,1084.6792090288388
thickness_grids_L2000mm.csv,339,2.0,542.9927375515949,1.2055447556797874,180,198,2.9849296482412058,3.394373904699376,0.4094442564581703,55.98195589693301,55.98195589693301,5.6902684806770125,1860.2108451919848,1860.2108451919848,36.92831770929543,749.9999999999998,542992.737551595,3100.351408653308,True,0.0198516839124675,1085.98547510319
thickness_grids_L2000mm.csv,340,2.0,543.6482045800191,1.1952323587423317,180,199,3.0,3.4094442564581704,0.4094442564581703,56.54866776461627,56.54866776461627,5.654839051782244,1863.1204153636745,1863.1204153636745,36.85658619676893,750.0,543648.2045800191,3105.200692272791,True,0.0197821814912455,1087.296409160038
thickness_grids_L2000mm.csv,341,2.0,546.3789218575275,1.1926350846843776,181,197,2.9698592964824124,3.383843286785688,0.4139839903032752,55.41809804682186,55.41809804682186,5.753941026946492,1855.0068196838256,1855.0068196838256,36.79598231849722,750.0,546378.9218575276,3091.678032806376,True,0.0198360361417802,1092.757843715055
thickness_grids_L2000mm.csv,342,2.0,547.0359432000257,1.18232950110079,181,198,2.9849296482412058,3.398913638544481,0.4139839903032752,55.98195589693301,55.98195589693301,5.717997497557886,1857.94059380302,1857.94059380302,36.72428126334197,750.0000000000005,547035.9432000257,3096.5676563383668,True,0.019766122439992,1094.0718864000514
thickness_grids_L2000mm.csv,343,2.0,547.695303521969,1.1721811299166196,181,199,3.0,3.4139839903032754,0.4139839903032752,56.54866776461627,56.54866776461627,5.682437303620033,1860.8531070478216,1860.8531070478216,36.65313048598098,750.0000000000001,547695.303521969,3101.421845079703,True,0.019696949935038,1095.390607043938
thickness_grids_L2000mm.csv,344,2.0,550.4312173506326,1.1698583476683364,182,197,2.9698592964824124,3.3884081715108207,0.4185488750284083,55.41809804682186,55.41809804682186,5.781745647510685,1852.744313575481,1852.744313575481,36.59358475711099,750.0000000000001,550431.2173506325,3087.907189292469,True,0.0197510171743512,1100.862434701265
thickness_grids_L2000mm.csv,345,2.0,551.0921466559677,1.1597150003417642,182,198,2.9849296482412058,3.403478523269614,0.4185488750284083,55.98195589693301,55.98195589693301,5.7456712564699615,1855.68091318236,1855.68091318236,36.522463982793646,750.0000000000001,551092.1466559677,3092.8015219706003,True,0.019681435382207,1102.184293311935
thickness_grids_L2000mm.csv,346,2.0,551.7554196685303,1.1497267754720493,182,199,3.0,3.4185488750284083,0.4185488750284083,56.54866776461627,56.54866776461627,5.709981126240847,1858.5962920023833,1858.5962920023833,36.45188778252583,750.0000000000002,551755.4196685303,3097.660486670639,True,0.0196125903938256,1103.5108393370606
thickness_grids_L2000mm.csv,347,2.0,554.4965105587381,1.1476672554518363,183,197,2.9698592964824124,3.392998207115982,0.4231389106335698,55.41809804682186,55.41809804682186,5.80949395338902,1850.4924120440403,1850.4924120440403,36.39337623195633,750.0,554496.5105587381,3084.154020073401,True,0.0196668605583507,1108.9930211174762
thickness_grids_L2000mm.csv,348,2.0,555.1613676573554,1.137682334620481,183,198,2.9849296482412058,3.408068558874775,0.4231389106335698,55.98195589693301,55.98195589693301,5.773289542574628,1853.4317599279204,1853.4317599279204,36.322829610568235,749.9999999999999,555161.3676573554,3089.052933213201,True,0.0195976082831238,1110.3227353147108
thickness_grids_L2000mm.csv,349,2.0,555.8285729288643,1.1278504920565195,183,199,3.0,3.4231389106335697,0.4231389106335698,56.54866776461627,56.54866776461627,5.737470304739523,1856.3499275839897,1856.3499275839897,36.2528219233487,750.0000000000002,555828.5729288643,3093.916545973316,True,0.0195290884464499,1111.657145857729
thickness_grids_L2000mm.csv,350,2.0,558.5748209002726,1.1260434746365513,184,197,2.9698592964824124,3.397613393601172,0.4277540971187596,55.41809804682186,55.41809804682186,5.837185730982315,1848.2510711534835,1848.2510711534835,36.195321169025355,749.9999999999999,558574.8209002726,3080.4184519224727,True,0.0195835521125579,1117.1496418005452
thickness_grids_L2000mm.csv,351,2.0,559.2436257932277,1.1162132831449223,184,198,2.9849296482412058,3.412683745359965,0.4277540971187596,55.98195589693301,55.98195589693301,5.8008521421345245,1851.1930908668112,1851.193090866811,36.12534266567128,750.0,559243.6257932277,3085.3218181113516,True,0.0195146269959098,1118.4872515864554
thickness_grids_L2000mm.csv,352,2.0,559.9147830619313,1.106534170194498,184,199,3.0,3.427754097118759,0.4277540971187596,56.54866776461627,56.54866776461627,5.76490462528384,1854.113971372108,1854.113971372108,36.05589751955803,750.0,559914.7830619313,3090.1899522868466,True,0.0194464299801783,1119.8295661238626
thickness_grids_L2000mm.csv,353,2.0,562.6661676432968,1.1049693443944757,185,197,2.9698592964824124,3.40225373096639,0.4323944344839777,55.41809804682186,55.41809804682186,5.8648207678145265,1846.0202472028664,1846.0202472028664,35.999384751678726,750.0000000000001,562666.1676432969,3076.7004120047773,True,0.0195010779574199,1125.3323352865937
thickness_grids_L2000mm.csv,354,2.0,563.3389405003339,1.0952902937086515,185,198,2.9849296482412058,3.4173240827251834,0.4323944344839777,55.98195589693301,55.98195589693301,5.828358842502007,1848.9648630551444,1848.9648630551444,35.92996842255423,749.9999999999999,563338.9405003339,3081.6081050919074,True,0.0194324776746623,1126.677881000668
thickness_grids_L2000mm.csv,355,2.0,564.0140696725704,1.0857603650554062,185,199,3.0,3.4323944344839776,0.4323944344839777,56.54866776461627,56.54866776461627,5.792283875098744,1851.8883811692567,1851.8883811692567,35.86107993580601,750.0000000000002,564014.0696725703,3086.4806352820947,True,0.0193646011824772,1128.0281393451407
thickness_grids_L2000mm.csv,356,2.0,566.7705699026977,1.084427848286173,186,197,2.9698592964824124,3.4069192192116367,0.437059922729224,55.41809804682186,55.41809804682186,5.8923988525258135,1843.7998967256715,1843.7998967256715,35.805532900636926,749.9999999999999,566770.5699026977,3072.9998278761195,True,0.0194194245070858,1133.5411398053957
thickness_grids_L2000mm.csv,357,2.0,567.4473310612079,1.0748964546668234,186,198,2.9849296482412058,3.42198957097043,0.437059922729224,55.98195589693301,55.98195589693301,5.855809432119755,1846.7470337768464,1846.7470337768464,35.73667289120014,750.0000000000001,567447.3310612079,3077.9117229614108,True,0.0193511467664923,1134.894662122416
thickness_grids_L2000mm.csv,358,2.0,568.1264522099656,1.06551226858853,186,199,3.0,3.437059922729224,0.437059922729224,56.54866776461627,56.54866776461627,5.819607842470555,1849.6731149995833,1849.6731149995833,35.6683352704429,750.0,568126.4522099656,3082.7885249993055,True,0.0192835885331289,1136.2529044199312
thickness_grids_L2000mm.csv,359,2.0,570.8880466382416,1.0644025873986718,187,197,2.9698592964824124,3.411609858336911,0.4417505618544985,55.41809804682186,55.41809804682186,5.91991977487298,1841.589976488573,1841.589976488573,35.61373225464356,749.9999999999999,570888.0466382416,3069.316627480955,True,0.0193385784617211,1141.7760932764832
thickness_grids_L2000mm.csv,360,2.0,571.5688166013158,1.0550154682357016,187,198,2.9849296482412058,3.426680210095705,0.4417505618544985,55.98195589693301,55.98195589693301,5.883203700513872,1844.5395605430735,1844.5395605430735,35.545422797787204,750.0000000000001,571568.8166013157,3074.2326009051226,True,0.0192706210038248,1143.1376332026316
thickness_grids_L2000mm.csv,361,2.0,572.2519499642268,1.0457736829800706,187,199,3.0,3.441750561854499,0.4417505618544985,56.54866776461627,56.54866776461627,5.846876316735598,1847.468131108712,1847.468131108712,35.47763033619941,750.0000000000001,572251.9499642268,3079.1135518478536,True,0.0192033787965307,1144.5038999284536
thickness_grids_L2000mm.csv,362,2.0,575.0186166506973,1.0448777547513213,188,197,2.9698592964824124,3.4163256483422137,0.4464663518598015,55.41809804682186,55.41809804682186,5.9473833257138855,1839.3904434914764,1839.3904434914768,35.42395015163689,749.9999999999999,575018.6166506973,3065.650739152461,True,0.0192585267999958,1150.0372333013945
thickness_grids_L2000mm.csv,363,2.0,575.703416085267,1.0356316250461912,188,198,2.9849296482412058,3.431396000101007,0.4464663518598015,55.98195589693301,55.98195589693301,5.910541438279456,1842.3424010922297,1842.3424010922297,35.35618556591193,750.0,575703.416085267,3070.5706684870493,True,0.019190887396909,1151.406832170534
thickness_grids_L2000mm.csv,364,2.0,576.3905820636755,1.0265289953471184,188,199,3.0,3.4464663518598013,0.4464663518598015,56.54866776461627,56.54866776461627,5.8740890882748875,1845.2733879630837,1845.2733879630837,35.28893264150903,750.0000000000002,576390.5820636755,3075.4556466051395,True,0.019123959014259,1152.781164127351
thickness_grids_L2000mm.csv,365,2.0,579.1622985799552,1.0258381108802352,189,197,2.9698592964824124,3.421066589227545,0.4512072927451327,55.41809804682186,55.41809804682186,5.9747892970085905,1837.2012549662152,1837.2012549662152,35.23615461060643,750.0000000000001,579162.2985799551,3062.002091610359,True,0.0191792567718741,1158.3245971599104
thickness_grids_L2000mm.csv,366,2.0,579.8511483158189,1.016729779865012,189,198,2.9849296482412058,3.4361369409863385,0.4512072927451327,55.98195589693301,55.98195589693301,5.937822437089146,1840.1555133881284,1840.1555133881284,35.168929298533634,750.0,579851.148315819,3066.925855646881,True,0.0191119332266542,1159.702296631638
thickness_grids_L2000mm.csv,367,2.0,580.5423674726949,1.0077631536060028,189,199,3.0,3.4512072927451327,0.4512072927451327,56.54866776461627,56.54866776461627,5.901245948513405,1843.088844248928,1843.088844248928,35.102210372439025,750.0000000000001,580542.3674726948,3071.8147404148804,True,0.0190453164978834,1161.0847349453898
thickness_grids_L2000mm.csv,368,2.0,583.3191109028052,1.0072689605550404,190,197,2.9698592964824124,3.4258326809929045,0.4559733845104922,55.41809804682186,55.41809804682186,6.002137481817647,1835.0223683754743,1835.0223683754743,35.050314313993226,750.0000000000003,583319.1109028051,3058.370613959124,True,0.019100755891615,1166.6382218056103
thickness_grids_L2000mm.csv,369,2.0,584.0120319301122,0.9982953284555932,190,198,2.9849296482412058,3.440903032751698,0.4559733845104922,55.98195589693301,55.98195589693301,5.965046489679059,1837.978855619973,1837.978855619973,34.98362276034241,750.0,584012.0319301123,3063.2980926999553,True,0.0190337460375962,1168.0240638602245
thickness_grids_L2000mm.csv,370,2.0,584.7073249883871,0.9894616434642762,190,199,3.0,3.455973384510492,0.4559733845104922,56.54866776461627,56.54866776461627,5.928346689909841,1840.914458871999,1840.914458871999,34.917432375122885,750.0000000000002,584707.3249883871,3068.190764786665,True,0.0189674388219636,1169.4146499767742
thickness_grids_L2000mm.csv,371,2.0,587.4890719289587,0.9891561305771488,191,197,2.9698592964824124,3.4306239236382923,0.4607646271558799,55.41809804682186,55.41809804682186,6.029427674286136,1832.8537414128475,1832.8537414128475,34.86639859054814,750.0,587489.0719289586,3054.7562356880794,True,0.019023011930931,1174.9781438579173
thickness_grids_L2000mm.csv,372,2.0,588.1860853978102,0.9803141854935912,191,198,2.9849296482412058,3.4456942753970856,0.4607646271558799,55.98195589693301,55.98195589693301,5.992213389850395,1835.8123862010725,1835.8123862010725,34.80023536076178,750.0000000000001,588186.0853978102,3059.6873103351204,True,0.0189563136311414,1176.3721707956204
thickness_grids_L2000mm.csv,373,2.0,588.8854732395716,0.9716104664595064,191,199,3.0,3.46076462715588,0.4607646271558799,56.54866776461627,56.54866776461627,5.955391105965252,1838.7501909557864,1838.7501909557864,34.734568138845006,750.0000000000001,588885.4732395717,3064.5836515929773,True,0.018890313817338,1177.7709464791433
thickness_grids_L2000mm.csv,374,2.0,591.6721998004048,0.9714859485767324,192,197,2.9698592964824124,3.4354403171637085,0.4655810206812958,55.41809804682186,55.41809804682186,6.056659669655057,1830.695332000712,1830.695332000712,34.68437739887369,750.0000000000001,591672.1998004047,3051.1588866678535,True,0.0189460129124643,1183.3443996008095
thickness_grids_L2000mm.csv,375,2.0,592.3733270179684,0.96277276350096,192,198,2.9849296482412058,3.450510668922502,0.4655810206812958,55.98195589693301,55.98195589693301,6.01932293246077,1833.656063768381,1833.6560637683813,34.618737137411905,750.0,592373.3270179684,3056.0934396139687,True,0.0188796240589777,1184.746654035937
thickness_grids_L2000mm.csv,376,2.0,593.076830682048,0.9541961190240292,192,199,3.0,3.465581020681296,0.4655810206812958,56.54866776461627,56.54866776461627,5.982378991201725,1836.595999842135,1836.5959998421347,34.55358777946746,749.9999999999998,593076.830682048,3060.9933330702247,True,0.0188139295644973,1186.153661364096
thickness_grids_L2000mm.csv,377,2.0,607.792881536693,0.9500069031037236,197,190,2.864366834170854,3.3544070856796546,0.4900402515088004,51.55100558806185,51.55100558806185,6.469032617661036,1798.6782909321073,1798.6782909321073,34.25657673539043,750.0,607792.881536693,2997.7971515535123,True,0.0190454162415214,1215.585763073386
thickness_grids_L3000mm.csv,1,3.0,178.96329205659262,10.986381559346338,48,199,3.0,3.030973813792581,0.0309738137925809,84.82300164692441,84.82300164692441,2.316471432582829,2190.958183890313,2190.958183890313,133.62756231316544,750.0,178963.29205659262,3651.596973150522,True,0.0609904667718912,238.6177227421235
thickness_grids_L3000mm.csv,2,3.0,179.89275791759007,10.949447041746684,49,191,2.8794371859296484,2.911630817403601,0.0321936314739526,78.14232797275271,78.14232797275271,2.4824584084660697,2171.6710015736826,2171.6710015736826,133.40103591476432,749.9999999999999,179892.75791759006,3619.4516692894713,True,0.0614278294539533,239.85701055678675
thickness_grids_L3000mm.csv,3,3.0,180.2770087276432,10.845909459041108,49,192,2.894507537688442,2.9267011691623948,0.0321936314739526,78.96242858977074,78.96242858977074,2.466806444463444,2173.473836968147,2173.473836968147,133.10419541249288,750.0000000000001,180277.00872764323,3622.456394946912,True,0.0612403025739497,240.36934497019095
thickness_grids_L3000mm.csv,4,3.0,180.6588786188904,10.74464770839809,49,193,2.909577889447236,2.9417715209211885,0.0321936314739526,79.78681023314691,79.78681023314691,2.451289950242455,2175.2643052522876,2175.2643052522876,132.80837586410985,750.0,180658.8786188904,3625.440508753813,True,0.0610539029870702,240.87850482518724
thickness_grids_L3000mm.csv,5,3.0,181.03837888507655,10.645599658549758,49,194,2.92464824120603,2.9568418726799828,0.0321936314739526,80.6154729028812,80.6154729028812,2.43590741914179,2177.042505173988,2177.042505173988,132.51356678732597,749.9999999999998,181038.37888507656,3628.40417528998,True,0.0608686171594686,241.3845051801021
thickness_grids_L3000mm.csv,6,3.0,181.41552217079055,10.54870499826431,49,195,2.9397185929648244,2.971912224438777,0.0321936314739526,81.44841659897361,81.44841659897361,2.4206573815035655,2178.808532737065,2178.808532737065,132.21975886725204,749.9999999999999,181415.52217079056,3631.3475545617753,True,0.0606844322851787,241.88736289438745
thickness_grids_L3000mm.csv,7,3.0,181.79032243332315,10.453905175221504,49,196,2.954788944723618,2.986982576197571,0.0321936314739526,82.28564132142412,82.28564132142412,2.4055384032566116,2180.562481316738,2180.562481316738,131.92694390707732,750.0000000000002,181790.32243332316,3634.270802194563,True,0.0605013362549524,242.38709657776425
thickness_grids_L3000mm.csv,8,3.0,182.1627949035019,10.36114333741259,49,197,2.9698592964824124,3.002052927956365,0.0321936314739526,83.1271470702328,83.1271470702328,2.390549084536997,2182.3044417731026,2182.3044417731026,131.63511477931343,750.0,182162.7949035019,3637.1740696218376,True,0.0603193176257118,242.88372653800252
thickness_grids_L3000mm.csv,9,3.0,182.53295604528543,10.270364277004354,49,198,2.9849296482412058,3.0171232797151584,0.0321936314739526,83.97293384539951,83.97293384539951,2.375688058342135,2184.034502562927,2184.034502562927,131.3442653774156,750.0000000000003,182532.95604528545,3640.0575042715454,True,0.0601383655905093,243.37727472704728
thickness_grids_L3000mm.csv,10,3.0,182.9008235145225,10.181514376504838,49,199,3.0,3.0321936314739526,0.0321936314739526,84.82300164692441,84.82300164692441,2.3609539892209814,2185.752749849406,2185.752749849406,131.05439056804732,750.0000000000002,182900.8235145225,3642.9212497490103,True,0.0599584699491178,243.86776468603
thickness_grids_L3000mm.csv,11,3.0,183.80538664049303,10.161987522252062,50,191,2.8794371859296484,2.912875785965001,0.0334386000353526,78.14232797275271,78.14232797275271,2.529212756080159,2166.3051467340374,2166.3051467340374,130.87535805338226,750.0000000000001,183805.38664049303,3610.5085778900625,True,0.0604140918239022,245.0738488539907
thickness_grids_L3000mm.csv,12,3.0,184.19563656373535,10.065826164968549,50,192,2.894507537688442,2.927946137723795,0.0334386000353526,78.96242858977074,78.96242858977074,2.5132703719007563,2168.131542624208,2168.131542624208,130.58429841189357,750.0000000000001,184195.63656373537,3613.552571040347,True,0.0602289555982568,245.59418208498045
thickness_grids_L3000mm.csv,13,3.0,184.5834624732917,9.971778170786187,50,193,2.909577889447236,2.9430164894825888,0.0334386000353526,79.78681023314691,79.78681023314691,2.4974659604523595,2169.945462226211,2169.945462226211,130.29424016758767,750.0,184583.4624732917,3616.575770377018,True,0.0600449377349396,246.11128329772228
thickness_grids_L3000mm.csv,14,3.0,184.96887599650995,9.879785832084371,50,194,2.92464824120603,2.958086841241383,0.0334386000353526,80.6154729028812,80.6154729028812,2.4817979875820053,2171.7470044904485,2171.7470044904485,130.00517305703852,750.0000000000001,184968.87599650997,3619.5783408174143,True,0.0598620248068634,246.6251679953466
thickness_grids_L3000mm.csv,15,3.0,185.3518901372889,9.789793132815566,50,195,2.9397185929648244,2.9731571930001772,0.0334386000353526,81.44841659897361,81.44841659897361,2.466264956769354,2173.536265611293,2173.536265611293,129.71708795900923,749.9999999999999,185351.8901372889,3622.560442685488,True,0.0596802041039453,247.1358535163852
thickness_grids_L3000mm.csv,16,3.0,185.73251923710677,9.701745691632745,50,196,2.954788944723618,2.988227544758971,0.0334386000353526,82.28564132142412,82.28564132142412,2.4508654076882888,2175.3133391430592,2175.3133391430592,129.42997684624385,749.9999999999997,185732.5192371068,3625.522231905099,True,0.0594994636024396,247.64335898280905
thickness_grids_L3000mm.csv,17,3.0,186.11077893488184,9.615590707403848,50,197,2.9698592964824124,3.0032978965177652,0.0334386000353526,83.1271470702328,83.1271470702328,2.43559791480395,2177.0783161142485,2177.0783161142485,129.14383273771625,750.0,186110.77893488188,3628.4638601904144,True,0.0593197919348249,248.14770524650916
thickness_grids_L3000mm.csv,18,3.0,186.4866861256362,9.531276907002352,50,198,2.9849296482412058,3.0183682482765586,0.0334386000353526,83.97293384539951,83.97293384539951,2.420461086004931,2178.831285140025,2178.831285140025,128.85864965130574,750.0,186486.6861256362,3631.385475233375,True,0.0591411783602255,248.6489148341816
thickness_grids_L3000mm.csv,19,3.0,186.8602589184079,9.448754495217765,50,199,3.0,3.033438600035353,0.0334386000353526,84.82300164692441,84.82300164692441,2.4054535612734993,2180.572332532472,2180.572332532472,128.5744225571396,750.0000000000001,186860.25891840793,3634.2872208874537,True,0.0589636127354766,249.14701189121055
thickness_grids_L3000mm.csv,20,3.0,187.73998377852493,9.4438912009284,51,191,2.8794371859296484,2.91414590540643,0.0347087194767808,78.14232797275271,78.14232797275271,2.5759787973271373,2160.9668966501704,2160.9668966501704,128.43967019225738,749.9999999999997,187739.98377852497,3601.611494416951,True,0.0594362044098678,250.31997837136657
thickness_grids_L3000mm.csv,21,3.0,188.13619547239028,9.35445874857546,51,192,2.894507537688442,2.929216257165223,0.0347087194767808,78.96242858977074,78.96242858977074,2.5597461705727844,2162.816553132431,2162.816553132431,128.15418838541467,750.0000000000003,188136.19547239027,3604.694255220719,True,0.0592533787480993,250.8482606298537
thickness_grids_L3000mm.csv,22,3.0,188.52994013074036,9.26699146232407,51,193,2.909577889447236,2.944286608924017,0.0347087194767808,79.78681023314691,79.78681023314691,2.5436540172598563,2164.6536272389353,2164.6536272389353,127.86968910707448,750.0,188529.94013074035,3607.7560453982255,True,0.0590716627815301,251.3732535076538
thickness_grids_L3000mm.csv,23,3.0,188.9212297194324,9.18143567004518,51,194,2.92464824120603,2.959356960682811,0.0347087194767808,80.6154729028812,80.6154729028812,2.527700775787753,2166.4782180889933,2166.4782180889933,127.58616230520003,750.0000000000001,188921.2297194324,3610.7970301483224,True,0.0588910431870121,251.8949729592432
thickness_grids_L3000mm.csv,24,3.0,189.3100776065445,9.09773927393888,51,195,2.9397185929648244,2.9744273124416054,0.0347087194767808,81.44841659897361,81.44841659897361,2.5118849228150117,2168.290422034699,2168.290422034699,127.30359904561644,750.0000000000001,189310.0776065445,3613.817370057832,True,0.0587115073478746,252.413436808726
thickness_grids_L3000mm.csv,25,3.0,189.696498522475,9.015851697569806,51,196,2.954788944723618,2.989497664200399,0.0347087194767808,82.28564132142412,82.28564132142412,2.496204971797729,2170.0903327775486,2170.0903327775486,127.0219914648066,750.0000000000001,189696.49852247495,3616.8172212959144,True,0.058533043323698,252.92866469663332
thickness_grids_L3000mm.csv,26,3.0,190.08050851888612,8.935723835122543,51,197,2.9698592964824124,3.0045680159591934,0.0347087194767808,83.1271470702328,83.1271470702328,2.4806594715642527,2171.8780414833227,2171.8780414833227,126.74133272318656,750.0000000000001,190080.5085188861,3619.796735805538,True,0.0583556398206532,253.44067802518148
thickness_grids_L3000mm.csv,27,3.0,190.46212492650932,8.857308002761014,51,198,2.9849296482412058,3.0196383677179868,0.0347087194767808,83.97293384539951,83.97293384539951,2.465247004926718,2173.653636895065,2173.653636895065,126.46161695882284,750.0,190462.1249265093,3622.756061491775,True,0.0581792861623831,253.9494999020124
thickness_grids_L3000mm.csv,28,3.0,190.8413663120625,8.780557891993727,51,199,3.0,3.034708719476781,0.0347087194767808,84.82300164692441,84.82300164692441,2.4499661873291014,2175.4172054441065,2175.4172054441065,126.18283924174888,750.0000000000002,190841.36631206248,3625.695342406844,True,0.0580039722614903,254.4551550827499
thickness_grids_L3000mm.csv,29,3.0,192.09846927172575,8.704731387549261,52,192,2.894507537688442,2.93051152748668,0.0360039897982374,78.96242858977074,78.96242858977074,2.6062299092894707,2157.5291003343277,2157.5291003343277,125.80928905928717,750.0,192098.46927172577,3595.881833890546,True,0.0583117460801765,256.13129236230105
thickness_grids_L3000mm.csv,30,3.0,192.49809529919503,8.623276819567693,52,193,2.909577889447236,2.9455818792454735,0.0360039897982374,79.78681023314691,79.78681023314691,2.589850219085648,2159.389033326083,2159.389033326083,125.53015671864236,750.0000000000001,192498.09529919503,3598.9817222101383,True,0.0581322562916278,256.6641270655934
thickness_grids_L3000mm.csv,31,3.0,192.89522365635145,8.543602040232567,52,194,2.92464824120603,2.960652231004268,0.0360039897982374,80.6154729028812,80.6154729028812,2.5736119115140745,2161.236380152653,2161.236380152653,125.25197884282996,750.0000000000001,192895.22365635145,3602.060633587755,True,0.0579538545589275,257.1936315418019
thickness_grids_L3000mm.csv,32,3.0,193.28986808022427,8.46565853180642,52,195,2.9397185929648244,2.975722582763062,0.0360039897982374,81.44841659897361,81.44841659897361,2.557513436455915,2163.071237292066,2163.071237292066,124.97474667843372,750.0000000000001,193289.86808022423,3605.1187288201104,True,0.0577765283564533,257.7198241069657
thickness_grids_L3000mm.csv,33,3.0,193.68204369487543,8.389399194321152,52,196,2.954788944723618,2.990792934521856,0.0360039897982374,82.28564132142412,82.28564132142412,2.541553281190213,2164.8936985619785,2164.8936985619785,124.69845252018544,749.9999999999999,193682.04369487544,3608.156164269965,True,0.0576002658250683,258.24272492650056
thickness_grids_L3000mm.csv,34,3.0,194.07176696935457,8.314778298255199,52,197,2.9698592964824124,3.00586328628065,0.0360039897982374,83.1271470702328,83.1271470702328,2.525729968946326,2166.703855235166,2166.703855235166,124.42308966518472,750.0,194071.76696935453,3611.17309205861,True,0.0574250557428764,258.76235595913937
thickness_grids_L3000mm.csv,35,3.0,194.4590556746348,8.241751439169171,52,198,2.9849296482412058,3.0209336380394434,0.0360039897982374,83.97293384539951,83.97293384539951,2.5100420574941116,2168.501796153076,2168.501796153076,124.14865236763087,750.0,194459.0556746348,3614.169660255127,True,0.057250887496552,259.278740899513
thickness_grids_L3000mm.csv,36,3.0,194.84392883951855,8.170275494217844,52,199,3.0,3.0360039897982376,0.0360039897982374,84.82300164692441,84.82300164692441,2.4944881377708037,2170.287607837489,2170.287607837489,123.87513579405962,750.0000000000002,194843.92883951857,3617.1460130624814,True,0.0570777510532306,259.79190511935803
thickness_grids_L3000mm.csv,37,3.0,196.08225526174456,8.11039515062238,53,192,2.894507537688442,2.9318319486881643,0.0373244109997222,78.96242858977074,78.96242858977074,2.6527178787477426,2152.269383783897,2152.269383783897,123.545318929918,750.0,196082.25526174455,3587.1156396398283,True,0.05740234928804,261.4430070156594
thickness_grids_L3000mm.csv,38,3.0,196.48772521315817,8.03444277601988,53,193,2.909577889447236,2.946902300446958,0.0373244109997222,79.78681023314691,79.78681023314691,2.636050884813666,2154.1518813975094,2154.1518813975094,123.27137114438928,750.0000000000001,196487.72521315815,3590.253135662516,True,0.0572250138019129,261.98363361754417
thickness_grids_L3000mm.csv,39,3.0,196.89065498063025,7.960149680004168,53,194,2.92464824120603,2.9619726522057523,0.0373244109997222,80.6154729028812,80.6154729028812,2.619527741566428,2156.021692900124,2156.021692900124,122.99836042502022,750.0000000000001,196890.65498063024,3593.3694881668735,True,0.0570487582894269,262.520873307507
thickness_grids_L3000mm.csv,40,3.0,197.2910586750141,7.8874706209166305,53,195,2.9397185929648244,2.9770430039645466,0.0373244109997222,81.44841659897361,81.44841659897361,2.603146872157799,2157.878914864738,2157.878914864738,122.72627819322872,750.0000000000001,197291.05867501412,3596.464858107897,True,0.0568735703138012,263.0547449000188
thickness_grids_L3000mm.csv,41,3.0,197.68895181868845,7.816361680046522,53,196,2.954788944723618,2.9921133557233404,0.0373244109997222,82.28564132142412,82.28564132142412,2.5869067377333352,2159.723641195088,2159.723641195088,122.45511689674188,750.0000000000001,197688.95181868845,3599.5394019918135,True,0.0566994380952282,263.5852690915846
thickness_grids_L3000mm.csv,42,3.0,198.0843513027046,7.746780217427195,53,197,2.9698592964824124,3.0071837074821346,0.0373244109997222,83.1271470702328,83.1271470702328,2.5708058359639328,2161.5559632415884,2161.5559632415884,122.18486996483284,750.0,198084.3513027046,3602.593272069314,True,0.056526350482084,264.11246840360616
thickness_grids_L3000mm.csv,43,3.0,198.47727534272673,7.678684829479706,53,198,2.9849296482412058,3.022254059240928,0.0373244109997222,83.97293384539951,83.97293384539951,2.5548426996142295,2163.375969915504,2163.375969915504,121.91553176395472,750.0000000000002,198477.27534272673,3605.62661652584,True,0.0563542969226548,264.63636712363564
thickness_grids_L3000mm.csv,44,3.0,198.8677434340696,7.612035308396763,53,199,3.0,3.037324410999722,0.0373244109997222,84.82300164692441,84.82300164692441,2.539015895149277,2165.1837478011066,2165.1837478011066,121.64709755395884,749.9999999999998,198867.7434340696,3608.639579668511,True,0.0561832674374633,265.1569912454262
thickness_grids_L3000mm.csv,45,3.0,200.0873630691131,7.565920623538947,54,192,2.894507537688442,2.9331775207696773,0.0386699830812353,78.96242858977074,78.96242858977074,2.6992065730813843,2147.037573645223,2147.037573645223,121.35826891674462,750.0,200087.3630691131,3578.3959560753715,True,0.0565235887841047,266.7831507588175
thickness_grids_L3000mm.csv,46,3.0,200.49863947496863,7.495010773480552,54,193,2.909577889447236,2.948247872528471,0.0386699830812353,79.78681023314691,79.78681023314691,2.682252535456955,2148.9423431171945,2148.9423431171945,121.08933233563069,750.0000000000002,200498.63947496863,3581.570571861991,True,0.0563483393230466,267.3315192999582
thickness_grids_L3000mm.csv,47,3.0,200.9073332745442,7.425649771343369,54,194,2.92464824120603,2.9633182242872653,0.0386699830812353,80.6154729028812,80.6154729028812,2.665444813583868,2150.834329447835,2150.834329447835,120.8213160044103,750.0000000000001,200907.33327454425,3584.723882413059,True,0.0561741619752869,267.87644436605893
thickness_grids_L3000mm.csv,48,3.0,201.3134589572111,7.357795377862017,54,195,2.9397185929648244,2.9783885760460596,0.0386699830812353,81.44841659897361,81.44841659897361,2.6487818039341726,2152.7136292752175,2152.7136292752175,120.55421151362468,749.9999999999999,201313.4589572111,3587.8560487920295,True,0.0560010443907549,268.4179452762815
thickness_grids_L3000mm.csv,49,3.0,201.7170324483548,7.291406589778111,54,196,2.954788944723618,2.9934589278048533,0.0386699830812353,82.28564132142412,82.28564132142412,2.6322619415668083,2154.58033655995,2154.58033655995,120.28801145903893,749.9999999999999,201717.0324483548,3590.967227599917,True,0.0558289748671397,268.95604326447307
thickness_grids_L3000mm.csv,50,3.0,202.1180710656033,7.226443598505759,54,197,2.9698592964824124,3.0085292795636476,0.0386699830812353,83.1271470702328,83.1271470702328,2.61588369863781,2156.434542701594,2156.434542701594,120.0227093978059,750.0,202118.0710656033,3594.0575711693245,True,0.055657942321514,269.4907614208044
thickness_grids_L3000mm.csv,51,3.0,202.5165934737766,7.162867750536204,54,198,2.9849296482412058,3.023599631322441,0.0386699830812353,83.97293384539951,83.97293384539951,2.599645582946869,2158.2763366534546,2158.2763366534546,119.75829980498033,749.9999999999998,202516.5934737766,3597.1272277557578,True,0.0554879362624497,270.0221246317021
thickness_grids_L3000mm.csv,52,3.0,202.91261963910196,7.100641509446333,54,199,3.0,3.038669983081235,0.0386699830812353,84.82300164692441,84.82300164692441,2.5835461365248995,2160.105805035107,2160.105805035107,119.49477803070556,750.0000000000005,202912.61963910196,3600.176341725178,True,0.0553189467627783,270.5501595188026
thickness_grids_L3000mm.csv,53,3.0,204.11361360693127,7.066405780904495,55,192,2.894507537688442,2.9345482437312187,0.0400407060427767,78.96242858977074,78.96242858977074,2.74569267324021,2141.8338133019083,2141.8338133019083,119.24438190693978,750.0,204113.6136069313,3569.7230221698474,True,0.0556739655366209,272.1514848092417
thickness_grids_L3000mm.csv,54,3.0,204.53065901152297,7.000123879426935,55,193,2.909577889447236,2.9496185954900125,0.0400407060427767,79.78681023314691,79.78681023314691,2.728451877642278,2143.7605634966867,2143.7605634966867,118.98029164371476,750.0000000000002,204530.65901152295,3572.934272494478,True,0.0555007371950373,272.7075453486973
thickness_grids_L3000mm.csv,55,3.0,204.94507948266377,6.93528948524255,55,194,2.92464824120603,2.9646889472488067,0.0400407060427767,80.6154729028812,80.6154729028812,2.7113598596253055,2145.6744363878406,2145.6744363878406,118.7171053678088,750.0000000000001,204945.07948266377,3576.124060646401,True,0.0553285733168655,273.260105976885
thickness_grids_L3000mm.csv,56,3.0,205.3568898930357,6.871863114630197,55,195,2.9397185929648244,2.979759299007601,0.0400407060427767,81.44841659897361,81.44841659897361,2.6944149890352476,2147.5755286494177,2147.5755286494177,118.45481483351068,749.9999999999997,205356.88989303572,3579.29254774903,True,0.0551574616367534,273.8091865240476
thickness_grids_L3000mm.csv,57,3.0,205.76610657569864,6.809806440050955,55,196,2.954788944723618,2.9948296507663947,0.0400407060427767,82.28564132142412,82.28564132142412,2.6776156748946325,2149.463934270522,2149.463934270522,118.19341277991478,749.9999999999999,205766.10657569865,3582.43989045087,True,0.0549873905281536,274.3548087675982
thickness_grids_L3000mm.csv,58,3.0,206.17274727936103,6.749082251460695,55,197,2.9698592964824124,3.009900002525189,0.0400407060427767,83.1271470702328,83.1271470702328,2.660960363890493,2151.3397446723025,2151.3397446723025,117.93289288794502,749.9999999999999,206172.7472793611,3585.5662411205044,True,0.0548183489753306,274.8969963724814
thickness_grids_L3000mm.csv,59,3.0,206.5768311224309,6.689654419235812,55,198,2.9849296482412058,3.0249703542839823,0.0400407060427767,83.97293384539951,83.97293384539951,2.644447538900691,2153.2030488231653,2153.2030488231653,117.67324973779232,749.9999999999999,206576.83112243089,3588.671748038609,True,0.0546503265458901,275.4357748299078
thickness_grids_L3000mm.csv,60,3.0,206.97837854630055,6.63148785860745,55,199,3.0,3.0400407060427765,0.0400407060427767,84.82300164692441,84.82300164692441,2.6280757175612055,2155.0539333518036,2155.0539333518036,117.41447876696886,750.0,206978.37854630055,3591.7565555863393,True,0.0544833133639265,275.9711713950674
thickness_grids_L3000mm.csv,61,3.0,208.16083813650303,6.607496767002082,56,192,2.894507537688442,2.9359441175727885,0.0414365798843463,78.96242858977074,78.96242858977074,2.79217303199288,2136.6582217107134,2136.6582217107134,117.20013402206216,749.9999999999998,208160.83813650304,3561.0970361845225,True,0.0548520735937945,277.547784182004
thickness_grids_L3000mm.csv,62,3.0,208.58361513311328,6.5454682949659935,56,193,2.909577889447236,2.9510144693315823,0.0414365798843463,79.78681023314691,79.78681023314691,2.7746457887064095,2138.606663234552,2138.606663234552,116.94073312882284,750.0,208583.6151331133,3564.3444387242535,True,0.0546808046281661,278.111486844151
thickness_grids_L3000mm.csv,63,3.0,209.00372496809703,6.484794200792712,56,194,2.92464824120603,2.9660848210903765,0.0414365798843463,80.6154729028812,80.6154729028812,2.757269781361488,2140.542136112836,2140.542136112836,116.682220487161,750.0000000000001,209003.72496809703,3567.570226854727,True,0.0545105926758594,278.6716332907961
thickness_grids_L3000mm.csv,64,3.0,209.42118290214944,6.425437533311077,56,195,2.9397185929648244,2.9811551728491708,0.0414365798843463,81.44841659897361,81.44841659897361,2.7400433532340935,2142.4647370274297,2142.4647370274297,116.42458800996538,749.9999999999999,209421.18290214945,3570.774561712383,True,0.0543414255543356,279.2282438695326
thickness_grids_L3000mm.csv,65,3.0,209.83600568059865,6.367362424142685,56,196,2.954788944723618,2.9962255246079645,0.0414365798843463,82.28564132142412,82.28564132142412,2.722964887362409,2144.374559968526,2144.374559968526,116.16782857514374,750.0000000000002,209836.00568059864,3573.9575999475433,True,0.0541732917111499,279.7813409074648
thickness_grids_L3000mm.csv,66,3.0,210.2482114877119,6.31053405144287,56,197,2.9698592964824124,3.0112958763667588,0.0414365798843463,83.1271470702328,83.1271470702328,2.706032805013299,2146.2716963521243,2146.2716963521243,115.91193598350046,750.0000000000001,210248.2114877119,3577.1194939202073,True,0.0540061801963415,280.33094865028255
thickness_grids_L3000mm.csv,67,3.0,210.65781989993724,6.254918605140494,56,198,2.9849296482412058,3.026366228125552,0.0414365798843463,83.97293384539951,83.97293384539951,2.689245564189182,2148.156235135561,2148.156235135561,115.65690491708324,750.0000000000003,210657.81989993725,3580.260391892601,True,0.0538400806353755,280.8770931999163
thickness_grids_L3000mm.csv,68,3.0,211.0648518380518,6.200483253621609,56,199,3.0,3.0414365798843463,0.0414365798843463,84.82300164692441,84.82300164692441,2.6726016581732894,2150.028262931227,2150.028262931227,115.40273089799842,750.0000000000002,211064.8518380518,3583.380438218712,True,0.053674983202623,281.41980245073574
thickness_grids_L3000mm.csv,69,3.0,212.22887742004127,6.18531963122986,57,192,2.894507537688442,2.9373651422943863,0.0428576046059443,78.96242858977074,78.96242858977074,2.8386446603767084,2131.510895527334,2131.510895527334,115.22221745195012,750.0000000000001,212228.87742004127,3552.5181592122235,True,0.0540565932333384,282.971836560055
thickness_grids_L3000mm.csv,70,3.0,212.6573486836867,6.127205716894231,57,193,2.909577889447236,2.95243549405318,0.0428576046059443,79.78681023314691,79.78681023314691,2.8208313032320467,2133.4807408291917,2133.4807408291917,114.96735643259272,750.0000000000005,212657.34868368672,3555.80123471532,True,0.0538872248679919,283.54313157824896
thickness_grids_L3000mm.csv,71,3.0,213.08311066005345,6.0703604801358635,57,194,2.92464824120603,2.9675058458119743,0.0428576046059443,80.6154729028812,80.6154729028812,2.8031716366938753,2135.4375289163977,2135.4375289163977,114.71336843063922,749.9999999999999,213083.1106600534,3559.0625481939965,True,0.0537189062556417,284.1108142134045
thickness_grids_L3000mm.csv,72,3.0,213.5061790025747,6.014749300560501,57,195,2.9397185929648244,2.9825761975707685,0.0428576046059443,81.44841659897361,81.44841659897361,2.7856639775274825,2137.3813564512884,2137.3813564512884,114.46024551269409,750.0000000000001,213506.1790025747,3562.3022607521475,True,0.0535516252947641,284.67490533676624
thickness_grids_L3000mm.csv,73,3.0,213.92657087342005,5.96033857300185,57,196,2.954788944723618,2.9976465493295623,0.0428576046059443,82.28564132142412,82.28564132142412,2.7683066828417573,2139.312317398571,2139.312317398571,114.20798069118808,750.0000000000003,213926.57087342005,3565.5205289976184,True,0.0533853705054465,285.23542783122673
thickness_grids_L3000mm.csv,74,3.0,214.34430489691636,5.907095673490859,57,197,2.9698592964824124,3.0127169010883565,0.0428576046059443,83.1271470702328,83.1271470702328,2.7510981485353856,2141.230503143133,2141.230503143133,113.95656788311582,749.9999999999997,214344.30489691635,3568.717505238555,True,0.053220131002168,285.7924065292218
thickness_grids_L3000mm.csv,75,3.0,214.75940111182783,5.8549889266420685,57,198,2.9849296482412058,3.02778725284715,0.0428576046059443,83.97293384539951,83.97293384539951,2.73403680778282,2143.1360026060547,2143.1360026060547,113.7060018692019,750.0000000000003,214759.4011118278,3571.893337676758,True,0.0530558964671095,286.34586814910375
thickness_grids_L3000mm.csv,76,3.0,215.17188092251453,5.80398757439646,57,199,3.0,3.042857604605944,0.0428576046059443,84.82300164692441,84.82300164692441,2.717121129559017,2145.0289023588316,2145.0289023588316,113.45627825351848,750.0000000000001,215171.88092251457,3575.048170598053,True,0.0528926571239919,286.89584123001936
thickness_grids_L3000mm.csv,77,3.0,216.31758095429925,5.796421380188782,58,192,2.894507537688442,2.9388113178960125,0.0443037802075705,78.96242858977074,78.96242858977074,2.8851047154342617,2126.3919110294346,2126.3919110294346,113.30752471486922,749.9999999999998,216317.58095429925,3543.9865183823913,True,0.0532862846811783,288.423441272399
thickness_grids_L3000mm.csv,78,3.0,216.7517092720892,5.741914930947791,58,193,2.909577889447236,2.9538816696548063,0.0443037802075705,79.78681023314691,79.78681023314691,2.867005600861183,2128.382874490346,2128.382874490346,113.05706107368913,749.9999999999999,216751.7092720892,3547.304790817243,True,0.0531187609281818,289.00227902945227
thickness_grids_L3000mm.csv,79,3.0,217.1830862829029,5.688598190978464,58,194,2.92464824120603,2.9689520214136005,0.0443037802075705,80.6154729028812,80.6154729028812,2.8490626276460267,2130.360694892794,2130.360694892794,112.80745569361372,750.0000000000002,217183.08628290292,3550.601158154657,True,0.0529522798482209,289.5774483772039
thickness_grids_L3000mm.csv,80,3.0,217.6117280375481,5.63643868781972,58,195,2.9397185929648244,2.9840223731723947,0.0443037802075705,81.44841659897361,81.44841659897361,2.8312740861044876,2132.325468853212,2132.325468853212,112.55870079027342,750.0000000000001,217611.72803754805,3553.8757814220203,True,0.0527868294190608,290.14897071673073
thickness_grids_L3000mm.csv,81,3.0,218.03765211961223,5.585404901941665,58,196,2.954788944723618,2.9990927249311885,0.0443037802075705,82.28564132142412,82.28564132142412,2.813638307474343,2134.2772902850234,2134.2772902850234,112.31078950654718,749.9999999999999,218037.65211961223,3557.128817141706,True,0.0526223982318382,290.71686949281633
thickness_grids_L3000mm.csv,82,3.0,218.46087759784825,5.535466234787833,58,197,2.9698592964824124,3.0141630766899827,0.0443037802075705,83.1271470702328,83.1271470702328,2.7961536623394094,2136.2162505169977,2136.2162505169977,112.06371587205896,749.9999999999998,218460.87759784824,3560.3604175283294,True,0.0524589754641824,291.2811701304643
thickness_grids_L3000mm.csv,83,3.0,218.88142497767367,5.486592978122406,58,198,2.9849296482412058,3.029233428448776,0.0443037802075705,83.97293384539951,83.97293384539951,2.778818559097172,2138.142438409461,2138.142438409461,111.81747476322654,749.9999999999998,218881.42497767368,3563.5707306824356,True,0.0522965508539301,291.84189997023157
thickness_grids_L3000mm.csv,84,3.0,219.2993161512366,5.43875628467925,58,199,3.0,3.0443037802075703,0.0443037802075705,84.82300164692441,84.82300164692441,2.7616314424622717,2140.0559404690907,2140.0559404690907,111.57206186360494,750.0000000000001,219299.31615123665,3566.759900781818,True,0.0521351146732869,292.39908820164885
thickness_grids_L3000mm.csv,85,3.0,220.42680627643145,5.437718970471331,59,192,2.894507537688442,2.940282644377667,0.045775106689225,78.96242858977074,78.96242858977074,2.9315504891002253,2121.3013258585333,2121.3013258585333,111.4531342158606,750.0000000000001,220426.80627643145,3535.5022097642222,True,0.0525399823482188,293.9024083685752
thickness_grids_L3000mm.csv,86,3.0,220.86655457590172,5.386541272889333,59,193,2.909577889447236,2.955352996136461,0.045775106689225,79.78681023314691,79.78681023314691,2.9131659952524456,2123.313123870454,2123.313123870454,111.20693203872726,750.0,220866.5545759017,3538.855206450757,True,0.0523742498402756,294.4887394345356
thickness_grids_L3000mm.csv,87,3.0,221.30350965779695,5.336480425715419,59,194,2.92464824120603,2.970423347895255,0.045775106689225,80.6154729028812,80.6154729028812,2.894940089388629,2125.311695658166,2125.311695658166,110.96157382194164,750.0,221303.50965779697,3542.1861594302773,True,0.0522095530969066,295.071346210396
thickness_grids_L3000mm.csv,88,3.0,221.737687975014,5.287505938465856,59,195,2.9397185929648244,2.9854936996540493,0.045775106689225,81.44841659897361,81.44841659897361,2.876871035439704,2127.2971377665335,2127.2971377665335,110.71705192573611,750.0,221737.687975014,3545.4952296108895,True,0.0520458801735515,295.650250633352
thickness_grids_L3000mm.csv,89,3.0,222.1691075370476,5.239588216088847,59,196,2.954788944723618,3.000564051412843,0.045775106689225,82.28564132142412,82.28564132142412,2.8589571388322623,2129.2695440328034,2129.2695440328034,110.47335961951946,749.9999999999999,222169.1075370476,3548.782573388006,True,0.0518832197309715,296.22547671606344
thickness_grids_L3000mm.csv,90,3.0,222.59778786151065,5.192698528907461,59,197,2.9698592964824124,3.0156344031716373,0.045775106689225,83.1271470702328,83.1271470702328,2.8411967448922497,2131.2290057053033,2131.2290057053033,110.23049104219962,750.0,222597.78786151065,3552.048342842172,True,0.0517215610087477,296.79705048201413
thickness_grids_L3000mm.csv,91,3.0,223.02374992465644,5.1468089837930115,59,198,2.9849296482412058,3.0307047549304307,0.045775106689225,83.97293384539951,83.97293384539951,2.8235882372925314,2133.1756115600065,2133.1756115600065,109.98844116298598,749.9999999999997,223023.74992465644,3555.2926859333443,True,0.0515608937993392,297.36499989954194
thickness_grids_L3000mm.csv,92,3.0,223.44701611053557,5.101892496563723,59,199,3.0,3.045775106689225,0.045775106689225,84.82300164692441,84.82300164692441,2.8061300365366826,2135.10944801574,2135.10944801574,109.74720574253544,749.9999999999999,223447.01611053557,3558.5157466929,True,0.0514012084226074,297.92935481404743
thickness_grids_L3000mm.csv,93,3.0,225.00174970999976,5.058352809757276,60,193,2.909577889447236,2.956849473498144,0.0472715840509078,79.78681023314691,79.78681023314691,2.9593099240589074,2118.2715316352615,2118.2715316352615,109.41422655241703,750.0000000000001,225001.74970999977,3530.452552725436,True,0.0516525973740257,300.00233294666634
thickness_grids_L3000mm.csv,94,3.0,225.44424606945267,5.011300079824279,60,194,2.92464824120603,2.971919825256938,0.0472715840509078,80.6154729028812,80.6154729028812,2.940801480281515,2120.290575911607,2120.290575911607,109.172986211951,750.0,225444.24606945267,3533.817626519345,True,0.0514896342285597,300.59232809260357
thickness_grids_L3000mm.csv,95,3.0,225.88392427252688,4.965268234690255,60,195,2.9397185929648244,2.9869901770157323,0.0472715840509078,81.44841659897361,81.44841659897361,2.9224523043975994,2122.296409877467,2122.296409877467,108.93256846623092,749.9999999999998,225883.92427252687,3537.1606831291115,True,0.0513276882339542,301.1785656967025
thickness_grids_L3000mm.csv,96,3.0,226.32080275908788,4.920229457303153,60,196,2.954788944723618,3.002060528774526,0.0472715840509078,82.28564132142412,82.28564132142412,2.9042606760847955,2124.2891272698566,2124.2891272698566,108.69296670746488,750.0,226320.80275908788,3540.4818787830945,True,0.0511667481192437,301.7610703454505
thickness_grids_L3000mm.csv,97,3.0,226.75490150004765,4.876156744587681,60,197,2.9698592964824124,3.0171308805333203,0.0472715840509078,83.1271470702328,83.1271470702328,2.886224915471198,2126.268819233042,2126.268819233042,108.45417518065943,750.0000000000003,226754.90150004765,3543.7813653884036,True,0.0510068031848294,302.3398686667302
thickness_grids_L3000mm.csv,98,3.0,227.1862419465671,4.833023880338183,60,198,2.9849296482412058,3.0322012322921137,0.0472715840509078,83.97293384539951,83.97293384539951,2.8683433815585193,2128.2355744359593,2128.2355744359593,108.2161889450287,749.9999999999998,227186.24194656705,3547.059290726599,True,0.0508478432767993,302.9149892620894
thickness_grids_L3000mm.csv,99,3.0,227.61484697883947,4.790805409188835,60,199,3.0,3.047271584050908,0.0472715840509078,84.82300164692441,84.82300164692441,2.85061447069323,2130.189479187043,2130.189479187043,107.97900383612595,750.0000000000001,227614.84697883943,3550.315798645072,True,0.0506898587619232,303.4864626384526
thickness_grids_L3000mm.csv,100,3.0,229.15716665321204,4.754902272984924,61,193,2.909577889447236,2.958371101739855,0.0487932122926188,79.78681023314691,79.78681023314691,3.005434939821016,2113.2581248903043,2113.2581248903043,107.67636192174903,750.0000000000001,229157.16665321204,3522.096874817174,True,0.0509527731863509,305.5428888709494
thickness_grids_L3000mm.csv,101,3.0,229.60516769100215,4.71063213004564,61,194,2.92464824120603,2.973441453498649,0.0487932122926188,80.6154729028812,80.6154729028812,2.9866443728232333,2115.2973648532375,2115.2973648532375,107.439115981944,749.9999999999999,229605.1676910022,3525.495608088729,True,0.0507914952134393,306.1402235880029
thickness_grids_L3000mm.csv,102,3.0,230.05030930032757,4.667322313204812,61,195,2.9397185929648244,2.9885118052574433,0.0487932122926188,81.44841659897361,81.44841659897361,2.9680154852381326,2117.323316434849,2117.323316434849,107.20267932177828,750.0,230050.30930032756,3528.8721940580817,True,0.0506312278760932,306.7337457337701
thickness_grids_L3000mm.csv,103,3.0,230.49261035601353,4.624946650070768,61,196,2.954788944723618,3.003582157016237,0.0487932122926188,82.28564132142412,82.28564132142412,2.9495465310609883,2119.3360732484316,2119.3360732484316,106.96704545275742,750.0000000000001,230492.61035601352,3532.2267887473863,True,0.0504719599703706,307.3234804746847
thickness_grids_L3000mm.csv,104,3.0,230.93209128641345,4.583479734688262,61,197,2.9698592964824124,3.0186525087750313,0.0487932122926188,83.1271470702328,83.1271470702328,2.931235805281267,2121.335726311697,2121.335726311697,106.73220872284335,750.0,230932.09128641343,3535.559543852828,True,0.0503136808563609,307.90945504855125
thickness_grids_L3000mm.csv,105,3.0,231.36877402202057,4.5428969019688905,61,198,2.9849296482412058,3.0337228605338247,0.0487932122926188,83.97293384539951,83.97293384539951,2.913081642289897,2123.3223641641052,2123.3223641641052,106.49816427874924,750.0000000000002,231368.77402202057,3538.8706069401755,True,0.0501563804329234,308.4916986960274
thickness_grids_L3000mm.csv,106,3.0,231.802681942896,4.503174203188188,61,199,3.0,3.048793212292619,0.0487932122926188,84.82300164692441,84.82300164692441,2.895082414327013,2125.296072982493,2125.296072982493,106.26490802862855,750.0000000000001,231802.681942896,3542.160121637489,True,0.0500000491129237,309.070242590528
thickness_grids_L3000mm.csv,107,3.0,233.3326837270881,4.4739939247342075,62,193,2.909577889447236,2.9599178808615942,0.0503399914143582,79.78681023314691,79.78681023314691,3.05153870168049,2108.2729164781476,2108.2729164781476,105.9909043587536,750.0000000000001,233332.6837270881,3513.788194130246,True,0.0502738063608057,311.1102449694508
thickness_grids_L3000mm.csv,108,3.0,233.78615306108975,4.432300801093511,62,194,2.92464824120603,2.9749882326203885,0.0503399914143582,80.6154729028812,80.6154729028812,3.0324664454155776,2110.3320774739295,2110.3320774739295,105.75753482007713,749.9999999999999,233786.15306108975,3517.220129123216,True,0.0501141673146858,311.71487074811967
thickness_grids_L3000mm.csv,109,3.0,234.2367218169972,4.391511925752171,62,195,2.9397185929648244,2.9900585843791827,0.0503399914143582,81.44841659897361,81.44841659897361,3.013558275434364,2112.3778745320706,2112.3778745320706,105.52496163827502,749.9999999999999,234236.7218169972,3520.6297908867846,True,0.0499555325354137,312.3156290893296
thickness_grids_L3000mm.csv,110,3.0,234.68440930890696,4.351602649460301,62,196,2.954788944723618,3.0051289361379765,0.0503399914143582,82.28564132142412,82.28564132142412,2.994812420115915,2114.410401119726,2114.410401119726,105.29317844069868,750.0000000000001,234684.40930890696,3524.0173351995436,True,0.0497978908848247,312.9125457452093
thickness_grids_L3000mm.csv,111,3.0,235.12923642699576,4.312549045343798,62,197,2.9698592964824124,3.0201992878967707,0.0503399914143582,83.1271470702328,83.1271470702328,2.976227149375711,2116.4297481059743,2116.4297481059743,105.0621796753743,749.9999999999999,235129.23642699575,3527.3829135099572,True,0.0496412317816814,313.50564856932766
thickness_grids_L3000mm.csv,112,3.0,235.5712255850692,4.274327884792364,62,198,2.9849296482412058,3.035269639655564,0.0503399914143582,83.97293384539951,83.97293384539951,2.957800773051978,2118.4360038795976,2118.4360038795976,104.8319605739568,750.0,235571.2255850692,3530.7266731326627,True,0.0494855451767118,314.094967446759
thickness_grids_L3000mm.csv,113,3.0,236.01040066716956,4.236916614336394,62,199,3.0,3.0503399914143583,0.0503399914143582,84.82300164692441,84.82300164692441,2.9395316393360256,2120.429254464849,2120.429254464849,104.60251711518542,750.0000000000003,236010.40066716957,3534.048757441414,True,0.0493308215282027,314.68053422289273
thickness_grids_L3000mm.csv,114,3.0,237.5281851211928,4.2136546638502725,63,193,2.909577889447236,2.9614898108633616,0.0519119214161258,79.78681023314691,79.78681023314691,3.09761896782856,2103.3159061598567,2103.3159061598567,104.35555869518384,750.0,237528.18512119283,3505.526510266428,True,0.049614781302972,316.7042468282571
thickness_grids_L3000mm.csv,115,3.0,237.98708660791257,4.174350933556933,63,194,2.92464824120603,2.976560162622156,0.0519119214161258,80.6154729028812,80.6154729028812,3.0782654748612432,2105.394715729617,2105.394715729617,104.1259527222798,750.0,237987.08660791256,3508.991192882695,True,0.0494567369929943,317.3161154772168
thickness_grids_L3000mm.csv,116,3.0,238.4430464918554,4.135899463264433,63,195,2.9397185929648244,2.99163051438095,0.0519119214161258,81.44841659897361,81.44841659897361,3.0590784702145686,2107.4600882747663,2107.4600882747663,103.89713055839782,749.9999999999998,238443.0464918554,3512.433480457944,True,0.0492996907208104,317.92406198914057
thickness_grids_L3000mm.csv,117,3.0,238.89608453081095,4.098277015942963,63,196,2.954788944723618,3.006700866139744,0.0519119214161258,82.28564132142412,82.28564132142412,3.0400561567214837,2109.51211709449,2109.51211709449,103.66908594349572,750.0,238896.08453081097,3515.8535284908166,True,0.0491436314128799,318.52811270774794
thickness_grids_L3000mm.csv,118,3.0,239.34622208097127,4.0614610360750945,63,197,2.9698592964824124,3.021771217898538,0.0519119214161258,83.1271470702328,83.1271470702328,3.021196779288573,2111.5508928880827,2111.5508928880827,103.44181342283488,750.0,239346.2220809713,3519.2514881468046,True,0.0489885485456388,319.12829610796166
thickness_grids_L3000mm.csv,119,3.0,239.79348204362748,4.025429626882426,63,198,2.9849296482412058,3.036841569657331,0.0519119214161258,83.97293384539951,83.97293384539951,3.0024986232641573,2113.576503872894,2113.576503872894,103.2153083106644,750.0000000000003,239793.48204362747,3522.6275064548236,True,0.0488344321208784,319.72464272483666
thickness_grids_L3000mm.csv,120,3.0,240.23788881068748,3.9901615284993017,63,199,3.0,3.0519119214161257,0.0519119214161258,84.82300164692441,84.82300164692441,2.983960012848514,2115.5890359005193,2115.5890359005193,102.98956665430649,750.0000000000001,240237.88881068747,3525.9817265008655,True,0.0486812726416253,320.3171850809166
thickness_grids_L3000mm.csv,121,3.0,241.7435604607392,3.972108782516864,64,193,2.909577889447236,2.963086891745158,0.0535090022979217,79.78681023314691,79.78681023314691,3.1436735886193024,2098.387081691866,2098.387081691866,102.76815891088452,749.9999999999999,241743.5604607392,3497.311802819777,True,0.0489748339605796,322.3247472809856
thickness_grids_L3000mm.csv,122,3.0,242.2078582153566,3.9350229694528793,64,194,2.92464824120603,2.978157243503952,0.0535090022979217,80.6154729028812,80.6154729028812,3.1240393295183817,2100.485269612088,2100.485269612088,102.54220854186228,750.0,242207.8582153566,3500.808782686813,True,0.0488183421351959,322.9438109538088
thickness_grids_L3000mm.csv,123,3.0,242.66917346988916,3.898741165294382,64,195,2.9397185929648244,2.9932275952627463,0.0535090022979217,81.44841659897361,81.44841659897361,3.104573955760991,2102.5699498452104,2102.5699498452104,102.3170297925096,750.0000000000001,242669.17346988915,3504.2832497420177,True,0.048662842251713,323.55889795985223
thickness_grids_L3000mm.csv,124,3.0,243.12752643020633,3.863241443859277,64,196,2.954788944723618,3.00829794702154,0.0535090022979217,82.28564132142412,82.28564132142412,3.0852756447061274,2104.6412155013695,2104.6412155013695,102.0926165122858,749.9999999999998,243127.52643020632,3507.7353591689493,True,0.0485083233001142,324.1700352402751
thickness_grids_L3000mm.csv,125,3.0,243.58293892274708,3.828502522532365,64,197,2.9698592964824124,3.0233682987803343,0.0535090022979217,83.1271470702328,83.1271470702328,3.0661426163194223,2106.6991570895784,2106.6991570895784,101.8689633410114,750.0000000000001,243582.93892274707,3511.165261815964,True,0.0483547748135733,324.77725189699606
thickness_grids_L3000mm.csv,126,3.0,244.035434340244,3.7945037407399194,64,198,2.9849296482412058,3.0384386505391277,0.0535090022979217,83.97293384539951,83.97293384539951,3.0471731315224475,2108.743862635898,2108.743862635898,101.6460656732148,749.9999999999999,244035.434340244,3514.5731043931637,True,0.0482021868441427,325.38057912032536
thickness_grids_L3000mm.csv,127,3.0,244.48503758640203,3.761225039316997,64,199,3.0,3.053509002297922,0.0535090022979217,84.82300164692441,84.82300164692441,3.0283654905851773,2110.775417799796,2110.775417799796,101.42391962292584,750.0000000000001,244485.03758640203,3517.9590296663264,True,0.0480505499389636,325.9800501152027
thickness_grids_L3000mm.csv,128,3.0,245.97870441188277,3.747755872643122,65,193,2.909577889447236,2.964709123506982,0.0551312340597459,79.78681023314691,79.78681023314691,3.1897005002777217,2093.486419809092,2093.486419809092,101.22665940453066,750.0,245978.70441188276,3489.144033015154,True,0.0483531483398691,327.97160588251035
thickness_grids_L3000mm.csv,129,3.0,246.44836282709892,3.712731058957117,65,194,2.92464824120603,2.979779475265776,0.0551312340597459,80.6154729028812,80.6154729028812,3.1697859630483456,2095.6037181263728,2095.6037181263728,101.0042612799207,750.0,246448.36282709893,3492.672863543955,True,0.0481981685784686,328.59781710279856
thickness_grids_L3000mm.csv,130,3.0,246.9149979746383,3.678465422720941,65,195,2.9397185929648244,2.9948498270245705,0.0551312340597459,81.44841659897361,81.44841659897361,3.150042702996377,2097.707440474069,2097.707440474069,100.78262292863792,750.0000000000001,246914.99797463833,3496.1790674567815,True,0.048044174790104,329.2199972995178
thickness_grids_L3000mm.csv,131,3.0,247.3786305127577,3.644938255839082,65,196,2.954788944723618,3.0099201787833643,0.0551312340597459,82.28564132142412,82.28564132142412,3.1304688720803804,2099.797679752996,2099.797679752996,100.56173830665632,749.9999999999999,247378.6305127577,3499.662799588327,True,0.0478911560272252,329.83817401701026
thickness_grids_L3000mm.csv,132,3.0,247.83928274228097,3.612129458505326,65,197,2.9698592964824124,3.0249905305421585,0.0551312340597459,83.1271470702328,83.1271470702328,3.111062665394887,2101.8745262621233,2101.8745262621233,100.3416021457742,750.0000000000001,247839.28274228095,3503.124210436872,True,0.0477391018788438,330.45237698970794
thickness_grids_L3000mm.csv,133,3.0,248.29697855142828,3.5800195188387383,65,198,2.9849296482412058,3.040060882300952,0.0551312340597459,83.97293384539951,83.97293384539951,3.0918223195009986,2103.9380678169437,2103.9380678169437,100.12220991863198,750.0000000000001,248296.97855142827,3506.563446361573,True,0.0475880024465355,331.062638068571
thickness_grids_L3000mm.csv,134,3.0,248.75174335952244,3.548589493364243,65,199,3.0,3.055131234059746,0.0551312340597459,84.82300164692441,84.82300164692441,3.0727461108006904,2105.9883898660514,2105.9883898660514,99.90355780414696,750.0000000000002,248751.74335952243,3509.9806497767527,True,0.0474378483209497,331.6689911460299
thickness_grids_L3000mm.csv,135,3.0,250.23351632117613,3.539151454887691,66,193,2.909577889447236,2.966356506148834,0.0567786167015984,79.78681023314691,79.78681023314691,3.235697719145712,2088.613887123335,2088.613887123335,99.72912694234188,750.0000000000001,250233.51632117617,3481.023145205558,True,0.0477489532925109,333.6446884282349
thickness_grids_L3000mm.csv,136,3.0,250.70850008503888,3.5060438650995724,66,194,2.92464824120603,2.9814268579076284,0.0567786167015984,80.6154729028812,80.6154729028812,3.2155034086985785,2090.7500301838813,2090.7500301838813,99.51018205220116,750.0000000000002,250708.5000850389,3484.5833836398024,True,0.0475954469045011,334.2780001133852
thickness_grids_L3000mm.csv,137,3.0,251.18041994546135,3.4736537542894483,66,195,2.9397185929648244,2.996497209666422,0.0567786167015984,81.44841659897361,81.44841659897361,3.19548276190159,2092.8725313284986,2092.8725313284986,99.2919854173854,749.9999999999999,251180.41994546136,3488.120885547498,True,0.0474429206418785,334.9072265939485
thickness_grids_L3000mm.csv,138,3.0,251.64929701741332,3.4419615474522867,66,196,2.954788944723618,3.0115675614252164,0.0567786167015984,82.28564132142412,82.28564132142412,3.175633905389525,2094.981483229016,2094.981483229016,99.07453109753884,750.0,251649.2970174133,3491.635805381693,True,0.0472913636185625,335.53239602321776
thickness_grids_L3000mm.csv,139,3.0,252.115154080248,3.410948245043693,66,197,2.9698592964824124,3.0266379131840107,0.0567786167015984,83.1271470702328,83.1271470702328,3.155955009457926,2097.0769759552604,2097.0769759552604,98.85781391397796,749.9999999999999,252115.154080248,3495.1282932587674,True,0.0471407654785519,336.153538773664
thickness_grids_L3000mm.csv,140,3.0,252.5780155216206,3.3805954036966517,66,198,2.9849296482412058,3.041708264942804,0.0567786167015984,83.97293384539951,83.97293384539951,3.136444286375367,2099.1590970936,2099.1590970936,98.64182941536046,750.0000000000001,252578.0155216206,3498.598495156,True,0.0469911163722346,336.7706873621608
thickness_grids_L3000mm.csv,141,3.0,253.03790728022744,3.3508851177397787,66,199,3.0,3.0567786167015982,0.0567786167015984,84.82300164692441,84.82300164692441,3.1170999887395694,2101.2279318637325,2101.2279318637325,98.42657384374382,750.0000000000001,253037.90728022743,3502.046553106221,True,0.0468424069331888,337.38387637363655
thickness_grids_L3000mm.csv,142,3.0,254.5078998860551,3.3449899655221667,67,193,2.909577889447236,2.968029039670715,0.0584511502234792,79.78681023314691,79.78681023314691,3.2816633364157513,2083.769440944979,2083.769440944979,98.27373322637328,750.0000000000005,254507.8998860551,3472.949068241632,True,0.047161519549786,339.3438665147401
thickness_grids_L3000mm.csv,143,3.0,254.98817399856568,3.313667704947352,67,194,2.92464824120603,2.9830993914295094,0.0584511502234792,80.6154729028812,80.6154729028812,3.2611897740668447,2085.924165419662,2085.924165419662,98.0581466740542,750.0,254988.17399856565,3476.540275699437,True,0.0470094494803103,339.9842319980875
thickness_grids_L3000mm.csv,144,3.0,255.46534370580017,3.2830240987307535,67,195,2.9397185929648244,2.9981697431883036,0.0584511502234792,81.44841659897361,81.44841659897361,3.240892256313166,2088.0651843246706,2088.0651843246706,97.8432971735614,749.9999999999997,255465.34370580016,3480.108640541118,True,0.0468583538043168,340.6204582744002
thickness_grids_L3000mm.csv,145,3.0,255.9394305837151,3.2530406269878784,67,196,2.954788944723618,3.0132400949470974,0.0584511502234792,82.28564132142412,82.28564132142412,3.220768884544023,2090.1925900839105,2090.1925900839105,97.62917888547342,749.9999999999999,255939.43058371515,3483.6543168065177,True,0.0467082216962381,341.2525741116202
thickness_grids_L3000mm.csv,146,3.0,256.4104578942537,3.223699314713647,67,197,2.9698592964824124,3.0283104467058917,0.0584511502234792,83.1271470702328,83.1271470702328,3.200817804329585,2092.3064725197087,2092.3064725197087,97.4157867182548,749.9999999999999,256410.4578942537,3487.1774541995146,True,0.0465590428542428,341.88061052567156
thickness_grids_L3000mm.csv,147,3.0,256.8784505283874,3.194982713504534,67,198,2.9849296482412058,3.043380798464685,0.0584511502234792,83.97293384539951,83.97293384539951,3.181037203715532,2094.406918971436,2094.406918971436,97.20311629456548,750.0000000000001,256878.45052838745,3490.678198285727,True,0.0464108074768498,342.5046007045166
thickness_grids_L3000mm.csv,148,3.0,257.343434947951,3.1668738840421033,67,199,3.0,3.0584511502234792,0.0584511502234792,84.82300164692441,84.82300164692441,3.1614253115616613,2096.4940144124516,2096.4940144124516,96.9911639179495,750.0000000000001,257343.43494795097,3494.1566906874195,True,0.0462635062400269,343.12457993060127
thickness_grids_L3000mm.csv,149,3.0,258.8017628529619,3.1640897889674964,68,193,2.909577889447236,2.969726724072624,0.0601488346253882,79.78681023314691,79.78681023314691,3.327595513301128,2078.9530300357997,2078.9530300357997,96.8587480291827,750.0,258801.76285296187,3464.9217167263328,True,0.0465901569827745,345.0690171372825
thickness_grids_L3000mm.csv,150,3.0,259.28729264192197,3.1344317178992345,68,194,2.92464824120603,2.9847970758314184,0.0601488346253882,80.6154729028812,80.6154729028812,3.3068432363039086,2081.12607494071,2081.12607494071,96.64642881061914,750.0000000000002,259287.292641922,3468.543458234517,True,0.0464394877246312,345.71639018922934
thickness_grids_L3000mm.csv,151,3.0,259.76967765961575,3.105416115861911,68,195,2.9397185929648244,2.9998674275902126,0.0601488346253882,81.44841659897361,81.44841659897361,3.2862693791556623,2083.28535287186,2083.28535287186,96.43483574177036,750.0,259769.67765961573,3472.1422547864336,True,0.0462897872386193,346.359570212821
thickness_grids_L3000mm.csv,152,3.0,260.24893994715904,3.0770254464827524,68,196,2.954788944723618,3.0149377793490064,0.0601488346253882,82.28564132142412,82.28564132142412,3.2658720180798784,2085.43095598705,2085.43095598705,96.223963081506,750.0000000000002,260248.93994715903,3475.7182599784164,True,0.0461410447587618,346.9985865962121
thickness_grids_L3000mm.csv,153,3.0,260.7251032532114,3.0492426897448666,68,197,2.9698592964824124,3.0300081311078007,0.0601488346253882,83.1271470702328,83.1271470702328,3.2456492739980565,2087.5629738432835,2087.5629738432835,96.01380582319726,750.0,260725.10325321136,3479.2716230721394,True,0.0459932500366358,347.63347100428183
thickness_grids_L3000mm.csv,154,3.0,261.19819297590175,3.022051324656395,68,198,2.9849296482412058,3.045078482866594,0.0601488346253882,83.97293384539951,83.97293384539951,3.2255993108046512,2089.6814935157113,2089.6814935157113,95.80435966157602,750.0,261198.19297590177,3482.802489192852,True,0.0458463933182436,348.2642573012023
thickness_grids_L3000mm.csv,155,3.0,261.66823610386393,2.995435312631788,68,199,3.0,3.060148834625388,0.0601488346253882,84.82300164692441,84.82300164692441,3.2057203336891744,2091.7865997146005,2091.7865997146005,95.595620960068,750.0,261668.23610386392,3486.3109995243344,True,0.0457004653214199,348.8909814718186
thickness_grids_L3000mm.csv,156,3.0,263.1150167409401,2.9953800682986063,69,193,2.909577889447236,2.9714495593545616,0.0618716699073255,79.78681023314691,79.78681023314691,3.3734924766063807,2074.164595298885,2074.164595298885,95.48253284688305,750.0000000000001,263115.0167409401,3456.940992164809,True,0.0460342120694255,350.8200223212535
thickness_grids_L3000mm.csv,157,3.0,263.6057678768051,2.967274795851506,69,194,2.92464824120603,2.986519911113356,0.0618716699073255,80.6154729028812,80.6154729028812,3.3524620377099605,2076.355702012189,2076.355702012189,95.2733936441233,749.9999999999999,263605.7678768051,3460.5928366869816,True,0.0458849095806629,351.47435716907347
thickness_grids_L3000mm.csv,158,3.0,264.093334013043,2.939778233797452,69,195,2.9397185929648244,3.00159026287215,0.0618716699073255,81.44841659897361,81.44841659897361,3.3316123880645283,2078.5329825549193,2078.5329825549193,95.06496997792918,750.0,264093.334013043,3464.2216375915323,True,0.0457365703483213,352.124445350724
thickness_grids_L3000mm.csv,159,3.0,264.5777376601543,2.9128737634259,69,196,2.954788944723618,3.016660614630944,0.0618716699073255,82.28564132142412,82.28564132142412,3.3109415788104584,2080.696528801136,2080.696528801136,94.85725620295042,750.0000000000001,264577.7376601543,3467.827548001894,True,0.0455891836651477,352.7703168802057
thickness_grids_L3000mm.csv,160,3.0,265.05900305745644,2.886545255760673,69,197,2.9698592964824124,3.031730966389738,0.0618716699073255,83.1271470702328,83.1271470702328,3.2904477062977997,2082.846430025499,2082.846430025499,94.65024739526994,750.0,265059.00305745646,3471.410716709165,True,0.0454427393353773,353.41200407660864
thickness_grids_L3000mm.csv,161,3.0,265.5371561141377,2.860777055104737,69,198,2.9849296482412058,3.0468013181485314,0.0618716699073255,83.97293384539951,83.97293384539951,3.27012891034414,2084.9827730222523,2084.9827730222523,94.44393931987256,750.0,265537.1561141377,3474.971288370421,True,0.045297227651897,354.0495414855169
thickness_grids_L3000mm.csv,162,3.0,266.012224349247,2.8355539632673437,69,199,3.0,3.0618716699073256,0.0618716699073255,84.82300164692441,84.82300164692441,3.249983372538394,2087.1056422224265,2087.1056422224265,94.2383283985281,750.0,266012.224349247,3478.5094037040444,True,0.0451526393739128,354.682965798996
thickness_grids_L3000mm.csv,163,3.0,267.94351509798446,2.811234047361224,70,194,2.92464824120603,2.988267897275321,0.0636196560692911,80.6154729028812,80.6154729028812,3.398044481689764,2071.6129826871806,2071.6129826871806,93.93749201475627,749.9999999999999,267943.51509798446,3452.6883044786346,True,0.0453450971778067,357.25802013064595
thickness_grids_L3000mm.csv,164,3.0,268.4362285192162,2.7851562164265955,70,195,2.9397185929648244,3.0033382490341154,0.0636196560692911,81.44841659897361,81.44841659897361,3.37691960136683,2073.8080117604804,2073.8080117604804,93.73215420331772,749.9999999999999,268436.2285192162,3456.3466862674677,True,0.0451980866462886,357.9149713589549
thickness_grids_L3000mm.csv,165,3.0,268.9257398358636,2.759639809316026,70,196,2.954788944723618,3.018408600792909,0.0636196560692911,82.28564132142412,82.28564132142412,3.3559758998302516,2075.989249205122,2075.989249205122,93.5275160405118,750.0,268925.73983586364,3459.982082008537,True,0.0450520233071161,358.56765311448487
thickness_grids_L3000mm.csv,166,3.0,269.41207378186886,2.734669529224715,70,197,2.9698592964824124,3.0334789525517034,0.0636196560692911,83.1271470702328,83.1271470702328,3.3352114489384364,2078.1567839969616,2078.1567839969616,93.32357268304604,750.0,269412.07378186885,3463.594639994936,True,0.0449068970164776,359.21609837582514
thickness_grids_L3000mm.csv,167,3.0,269.8952567812173,2.7102305285731125,70,198,2.9849296482412058,3.0485493043104968,0.0636196560692911,83.97293384539951,83.97293384539951,3.3146243645072455,2080.3107026333846,2080.3107026333846,93.12031996437489,750.0,269895.2567812173,3467.1845043889743,True,0.0447626981135546,359.8603423749564
thickness_grids_L3000mm.csv,168,3.0,270.37531688700824,2.6863083940196724,70,199,3.0,3.063619656069291,0.0636196560692911,84.82300164692441,84.82300164692441,3.2942128045971923,2082.451089250565,2082.451089250565,92.91775436315692,750.0000000000001,270375.31688700826,3470.751815417608,True,0.0446194173984639,360.500422516011
thickness_grids_L3000mm.csv,169,3.0,272.3004529996566,2.6654345997081954,71,194,2.92464824120603,2.9900410343173154,0.065392793111285,80.6154729028812,80.6154729028812,3.443588929032082,2066.897846385325,2066.897846385325,92.63725499543315,750.0000000000002,272300.4529996566,3444.829743975541,True,0.0448194646665489,363.0672706662088
thickness_grids_L3000mm.csv,170,3.0,272.7982802439798,2.6406830568174775,71,195,2.9397185929648244,3.0051113860761096,0.065392793111285,81.44841659897361,81.44841659897361,3.4221893943843837,2069.1103722523385,2069.1103722523385,92.43492279157309,750.0000000000002,272798.28024397977,3448.517287087231,True,0.0446737515944848,363.7310403253064
thickness_grids_L3000mm.csv,171,3.0,273.29286591327445,2.616464272422741,71,196,2.954788944723618,3.0201817378349034,0.065392793111285,82.28564132142412,82.28564132142412,3.400973370841884,2071.309051266322,2071.309051266322,92.23328025747236,750.0000000000001,273292.86591327447,3452.1817521105368,True,0.0445289804537301,364.39048788436594
thickness_grids_L3000mm.csv,172,3.0,273.78423524005245,2.592763727638361,71,197,2.9698592964824124,3.0352520895936976,0.065392793111285,83.1271470702328,83.1271470702328,3.3799389058530993,2073.493972088468,2073.493972088468,92.032322628462,750.0,273784.23524005245,3455.8232868141135,True,0.044385141151756,365.0456469867366
thickness_grids_L3000mm.csv,173,3.0,274.27241516686075,2.5695673303069353,71,198,2.9849296482412058,3.050322441352491,0.065392793111285,83.97293384539951,83.97293384539951,3.3590840913100717,2075.6652209038584,2075.6652209038584,91.83204580477516,749.9999999999997,274272.41516686074,3459.4420348397643,True,0.0442422240734883,365.6965535558143
thickness_grids_L3000mm.csv,174,3.0,274.75743428435436,2.5468614007521224,71,199,3.0,3.065392793111285,0.065392793111285,84.82300164692441,84.82300164692441,3.338407061817629,2077.8228815389143,2077.8228815389143,91.63244632053936,749.9999999999998,274757.4342843544,3463.038135898191,True,0.0441002200595042,366.34324571247254
thickness_grids_L3000mm.csv,175,3.0,276.67650336100394,2.5290805697707532,72,194,2.92464824120603,2.9918393222393376,0.0671910810333072,80.6154729028812,80.6154729028812,3.4890937944871125,2062.2102164246494,2062.2102164246494,91.37128886456546,750.0,276676.50336100394,3437.0170273744156,True,0.0443074562121897,368.90200448133857
thickness_grids_L3000mm.csv,176,3.0,277.17941135052934,2.505570028984183,72,195,2.9397185929648244,3.006909673998132,0.0671910810333072,81.44841659897361,81.44841659897361,3.4674201960302127,2064.4399897006215,2064.4399897006215,91.17188515269714,749.9999999999999,277179.41135052935,3440.7333161677025,True,0.0441630106021723,369.5725484673725
thickness_grids_L3000mm.csv,177,3.0,277.67903844108935,2.4825654286842336,72,196,2.954788944723618,3.0219800257569256,0.0671910810333072,82.28564132142412,82.28564132142412,3.4459324347728595,2066.6558629667657,2066.6558629667657,90.97316138494452,749.9999999999998,277679.03844108933,3444.426438277943,True,0.0440195017540796,370.23871792145246
thickness_grids_L3000mm.csv,178,3.0,278.1754103676472,2.460052977853976,72,197,2.9698592964824124,3.03705037751572,0.0671910810333072,83.1271470702328,83.1271470702328,3.4246285338371467,2068.85792455437,2068.85792455437,90.77511287333392,750.0,278175.4103676472,3448.09654092395,True,0.0438769196260235,370.9005471568629
thickness_grids_L3000mm.csv,179,3.0,278.6685545949535,2.438019291147293,72,198,2.9849296482412058,3.052120729274513,0.0671910810333072,83.97293384539951,83.97293384539951,3.4035065612699107,2071.0462603214673,2071.0462603214673,90.5777355832298,749.9999999999999,278668.5545949535,3451.7437672024457,True,0.0437352546481363,371.5580727932713
thickness_grids_L3000mm.csv,180,3.0,279.1585002547335,2.416451375330333,72,199,3.0,3.0671910810333074,0.0671910810333072,84.82300164692441,84.82300164692441,3.3825646282957975,2073.2209537703,2073.2209537703,90.381026102882,750.0000000000001,279158.5002547335,3455.368256283834,True,0.0435944977010374,372.2113336729779
thickness_grids_L3000mm.csv,181,3.0,281.0715908486421,2.40144705770861,73,194,2.92464824120603,2.9936627610413877,0.0690145198353576,80.6154729028812,80.6154729028812,3.534557543609002,2057.550010511461,2057.550010511461,90.13827044388958,750.0,281071.59084864205,3429.250017519102,True,0.0438085441342362,374.76212113152275
thickness_grids_L3000mm.csv,182,3.0,281.57954690145107,2.3790987532922054,73,195,2.9397185929648244,3.008733112800182,0.0690145198353576,81.44841659897361,81.44841659897361,3.512610485672871,2059.796784168799,2059.796784168799,89.94172108143773,749.9999999999999,281579.5469014511,3432.994640281332,True,0.0436653371695268,375.4393958686014
thickness_grids_L3000mm.csv,183,3.0,282.0841828791283,2.357231277285277,73,196,2.954788944723618,3.023803464558976,0.0690145198353576,82.28564132142412,82.28564132142412,3.4908515846592616,2062.0296066875867,2062.0296066875867,89.7458421807048,750.0,282084.1828791283,3436.716011145978,True,0.0435230618850672,376.11224383883774
thickness_grids_L3000mm.csv,184,3.0,282.58552502296266,2.335831520315311,73,197,2.9698592964824124,3.03887381631777,0.0690145198353576,83.1271470702328,83.1271470702328,3.4692788394495353,2064.248566054504,2064.248566054504,89.55062912856695,750.0,282585.52502296265,3440.4142767575067,True,0.0433817082890019,376.78070003061686
thickness_grids_L3000mm.csv,185,3.0,283.0836013235851,2.314886758951955,73,198,2.9849296482412058,3.0539441680765633,0.0690145198353576,83.97293384539951,83.97293384539951,3.4478902943264913,2066.45374778628,2066.45374778628,89.35607795395981,750.0000000000002,283083.60132358514,3444.0895796438003,True,0.0432412668561703,377.4448017647802
thickness_grids_L3000mm.csv,186,3.0,283.5784414572431,2.2943846427937222,73,199,3.0,3.0690145198353576,0.0690145198353576,84.82300164692441,84.82300164692441,3.426684037211603,2068.6452350471372,2068.6452350471372,89.16218529795549,750.0000000000002,283578.4414572431,3447.7420584118954,True,0.043101728506833,378.1045886096574
thickness_grids_L3000mm.csv,187,3.0,285.48564283505016,2.281873037089816,74,194,2.92464824120603,2.9955113507234667,0.0708631095174364,80.6154729028812,80.6154729028812,3.5799786898462167,2052.917141191357,2052.917141191357,88.93694277175572,750.0000000000001,285485.6428350502,3421.528568652262,True,0.0433222271796822,380.64752378006693
thickness_grids_L3000mm.csv,188,3.0,285.9986146763127,2.260614150298988,74,195,2.9397185929648244,3.010581702482261,0.0708631095174364,81.44841659897361,81.44841659897361,3.5577587902422554,2055.180670562565,2055.180670562565,88.74317644023654,749.9999999999999,285998.61467631266,3425.301117604275,True,0.0431802311647592,381.3314862350835
thickness_grids_L3000mm.csv,189,3.0,286.50822741534466,2.2398125568200027,74,196,2.954788944723618,3.0256520542410548,0.0708631095174364,82.28564132142412,82.28564132142412,3.535729360769687,2057.430199655476,2057.430199655476,88.55007132184176,750.0,286508.2274153447,3429.050332759127,True,0.0430391618324013,382.01096988712624
thickness_grids_L3000mm.csv,190,3.0,287.01450780353065,2.219455786193958,74,197,2.9698592964824124,3.040722405999849,0.0708631095174364,83.1271470702328,83.1271470702328,3.5138883761556543,2059.6658160981297,2059.6658160981297,88.3576228765066,750.0000000000001,287014.50780353067,3432.7763601635497,True,0.0428990092401945,382.68601040470753
thickness_grids_L3000mm.csv,191,3.0,287.51748436096847,2.1995317354022372,74,198,2.9849296482412058,3.0557927577586423,0.0708631095174364,83.97293384539951,83.97293384539951,3.4922338570016236,2061.887605052278,2061.887605052278,88.16582719522223,749.9999999999998,287517.48436096846,3436.479341753797,True,0.0427597639072023,383.35664581462464
thickness_grids_L3000mm.csv,192,3.0,288.01718731183513,2.180028656559962,74,199,3.0,3.070863109517437,0.0708631095174364,84.82300164692441,84.82300164692441,3.4707638680045454,2064.095649330835,2064.095649330835,87.97468097063734,749.9999999999999,288017.1873118351,3440.1594155513917,True,0.0426214167929466,384.0229164157802
thickness_grids_L3000mm.csv,193,3.0,289.91858923114347,2.1697550319837373,75,194,2.92464824120603,2.9973850912855737,0.0727368500795434,80.6154729028812,80.6154729028812,3.62535579185301,2048.3115162653,2048.3115162653,87.76611108459288,750.0,289918.5892311435,3413.8525271088333,True,0.0428480289192619,386.5581189748579
thickness_grids_L3000mm.csv,194,3.0,290.43654500387254,2.1495181745022345,75,195,2.9397185929648244,3.012455443044368,0.0727368500795434,81.44841659897361,81.44841659897361,3.602863681559779,2050.5915590435034,2050.5915590435034,87.57505914978819,749.9999999999999,290436.54500387254,3417.652598405839,True,0.042707217224008,387.24872667183007
thickness_grids_L3000mm.csv,195,3.0,290.9511027973884,2.129716534474936,75,196,2.954788944723618,3.0275257948031618,0.0727368500795434,82.28564132142412,82.28564132142412,3.580564347950602,2052.8575543543016,2052.8575543543016,87.38465940430062,749.9999999999999,290951.1027973884,3421.4292572571694,True,0.0425673272940685,387.9348037298512
thickness_grids_L3000mm.csv,196,3.0,291.4622898770141,2.1103382408094604,75,197,2.9698592964824124,3.042596146561956,0.0727368500795434,83.1271470702328,83.1271470702328,3.5584557416881712,2055.109589453467,2055.109589453467,87.19490737942789,750.0,291462.28987701406,3425.1826490891117,True,0.0424283492359239,388.61638650268543
thickness_grids_L3000mm.csv,197,3.0,291.9701352958177,2.091371772492614,75,198,2.9849296482412058,3.0576664983207493,0.0727368500795434,83.97293384539951,83.97293384539951,3.536535859776442,2057.347749134702,2057.347749134702,87.00579922675368,749.9999999999999,291970.13529581774,3428.9129152245036,True,0.042290273612396,389.293513727757
thickness_grids_L3000mm.csv,198,3.0,292.47466982927756,2.072805946847809,75,199,3.0,3.0727368500795436,0.0727368500795434,84.82300164692441,84.82300164692441,3.5148027437683944,2059.5721158468355,2059.5721158468355,86.81733168930455,750.0000000000002,292474.66982927755,3432.6201930780594,True,0.0421530914219081,389.96622643903675
thickness_grids_L3000mm.csv,199,3.0,294.3703623319963,2.064541485957795,76,194,2.92464824120603,2.999283982727709,0.0746357415216787,80.6154729028812,80.6154729028812,3.670687451005799,2043.7330391734731,2043.7330391734736,86.6246390818948,750.0000000000003,294370.3623319963,3406.2217319557894,True,0.0423854962568533,392.49381644266174
thickness_grids_L3000mm.csv,200,3.0,294.8932706071425,2.0452642338084854,76,195,2.9397185929648244,3.0143543344865034,0.0746357415216787,81.44841659897361,81.44841659897361,3.647923773868309,2046.0293554111388,2046.0293554111388,86.4362354623838,750.0000000000001,294893.2706071425,3410.0489256852316,True,0.0422458432640693,393.1910274761899
thickness_grids_L3000mm.csv,201,3.0,295.41274217725226,2.026401474865576,76,196,2.954788944723618,3.029424686245297,0.0746357415216787,82.28564132142412,82.28564132142412,3.625355173172802,2048.3115789050394,2048.3115789050394,86.24847522462184,750.0,295412.74217725225,3413.852631508399,True,0.0421071071964195,393.8836562363363
thickness_grids_L3000mm.csv,202,3.0,295.928804825284,2.007941900773399,76,197,2.9698592964824124,3.0444950380040914,0.0746357415216787,83.1271470702328,83.1271470702328,3.6029795756077063,2050.5797965257266,2050.5797965257266,86.06135396961005,750.0,295928.804825284,3417.6329942095444,True,0.0419692782087401,394.5717397670453
thickness_grids_L3000mm.csv,203,3.0,296.4414881408791,1.989874536944113,76,198,2.9849296482412058,3.0595653897628847,0.0746357415216787,83.97293384539951,83.97293384539951,3.5807949546667506,2052.8340926861356,2052.8340926861356,85.87486790814923,750.0000000000001,296441.4881408791,3421.390154476893,True,0.0418323469071881,395.2553175211721
thickness_grids_L3000mm.csv,204,3.0,296.95082345402534,1.9721887313540296,76,199,3.0,3.074635741521679,0.0746357415216787,84.82300164692441,84.82300164692441,3.5587993288397675,2055.0745494588914,2055.0745494588914,85.68901383246583,749.9999999999999,296950.8234540253,3425.1242490981526,True,0.0416963043287301,395.93443127203375
thickness_grids_L3000mm.csv,205,3.0,298.8408966744954,1.965727740332117,77,194,2.92464824120603,3.0012080250498725,0.0765597838438423,80.6154729028812,80.6154729028812,3.715972309105349,2039.1816093498592,2039.1816093498592,85.51144545215074,750.0000000000003,298840.8966744954,3398.636015583099,True,0.0419341980430148,398.4545288993272
thickness_grids_L3000mm.csv,206,3.0,299.3687264605472,1.9473522127997611,77,195,2.9397185929648244,3.0162783768086667,0.0765597838438423,81.44841659897361,81.44841659897361,3.692937721548409,2041.4939614557056,2041.4939614557056,85.32562649565854,749.9999999999998,299368.7264605472,3402.489935759509,True,0.0417956790990536,399.15830194739624
thickness_grids_L3000mm.csv,207,3.0,299.8930809678667,1.9293717073411876,77,196,2.954788944723618,3.0313487285674605,0.0765597838438423,82.28564132142412,82.28564132142412,3.6701005032605103,2043.7921774168508,2043.7921774168508,85.1404423214559,749.9999999999999,299893.0809678667,3406.3202956947516,True,0.0416580723139203,399.8574412904889
thickness_grids_L3000mm.csv,208,3.0,300.4139885006724,1.9117754443746713,77,197,2.9698592964824124,3.0464190803262547,0.0765597838438423,83.1271470702328,83.1271470702328,3.647458557047486,2046.0763437062192,2046.0763437062192,84.95588859864446,750.0000000000001,300413.9885006724,3410.1272395103656,True,0.0415213678902895,400.5519846675632
thickness_grids_L3000mm.csv,209,3.0,300.93147918863116,1.8945529627514708,77,198,2.9849296482412058,3.061489432085048,0.0765597838438423,83.97293384539951,83.97293384539951,3.625009832980367,2048.3465443439227,2048.3465443439227,84.77196159589263,750.0000000000001,300931.4791886312,3413.910907239871,True,0.041385556477234,401.24197225150823
thickness_grids_L3000mm.csv,210,3.0,301.4455849195945,1.877694109056324,77,199,3.0,3.0765597838438423,0.0765597838438423,84.82300164692441,84.82300164692441,3.602752326570698,2050.6028610145277,2050.6028610145277,84.58865815353745,750.0,301445.5849195945,3417.6714350242128,True,0.0412506291499503,401.9274465594594
thickness_grids_L3000mm.csv,211,3.0,303.3301289058586,1.8728515497109803,78,194,2.92464824120603,3.0031572182520643,0.0785089770460342,80.6154729028812,80.6154729028812,3.7612090462484,2034.6571225500595,2034.6571225500595,84.42550063913546,749.9999999999999,303330.1289058586,3391.0952042500994,True,0.0414937237844399,404.44017187447815
thickness_grids_L3000mm.csv,212,3.0,303.8628496580666,1.855324028464012,78,195,2.9397185929648244,3.0182275700108585,0.0785089770460342,81.44841659897361,81.44841659897361,3.737904217004056,2036.9852752842237,2036.9852752842237,84.24220500616788,750.0,303862.8496580666,3394.975458807039,True,0.0413563151527511,405.15046621075544
thickness_grids_L3000mm.csv,213,3.0,304.3920567107238,1.8381732210449735,78,196,2.954788944723618,3.0332979217696523,0.0785089770460342,82.28564132142412,82.28564132142412,3.7147990427894495,2039.299250311575,2039.299250311575,84.0595357563745,750.0000000000001,304392.0567107238,3398.832083852625,True,0.0412198139844024,405.8560756142984
thickness_grids_L3000mm.csv,214,3.0,304.9177788930209,1.8213888451232516,78,197,2.9698592964824124,3.0483682735284465,0.0785089770460342,83.1271470702328,83.1271470702328,3.6918914026226655,2041.599133695369,2041.599133695369,83.87748862544036,750.0,304917.77889302094,3402.665222825615,True,0.0410842105294289,406.5570385240279
thickness_grids_L3000mm.csv,215,3.0,305.4400468780451,1.8049609223758072,78,198,2.9849296482412058,3.06343862528724,0.0785089770460342,83.97293384539951,83.97293384539951,3.6691792232413056,2043.8850090513292,2043.8850090513292,83.69605993859847,749.9999999999999,305440.04687804513,3406.475015085549,True,0.0409494954794184,407.2533958373935
thickness_grids_L3000mm.csv,216,3.0,305.9588931146324,1.788879768261593,78,199,3.0,3.078508977046034,0.0785089770460342,84.82300164692441,84.82300164692441,3.646660477262875,2046.1569576648265,2046.1569576648265,83.51524658320525,750.0,305958.8931146324,3410.2615961080437,True,0.0408156599474738,407.9451908195099
thickness_grids_L3000mm.csv,217,3.0,307.83799766221887,1.785489071997955,79,194,2.92464824120603,3.0051315623342845,0.0804833211282543,80.6154729028812,80.6154729028812,3.806396378856264,2030.1594711544565,2030.1594711544567,83.3658238297963,750.0000000000002,307837.99766221887,3383.5991185907615,True,0.0410636824418478,410.4506635496252
thickness_grids_L3000mm.csv,218,3.0,308.3755792912724,1.768759656166286,79,195,2.9397185929648244,3.0202019140930787,0.0804833211282543,81.44841659897361,81.44841659897361,3.782821988701568,2032.503191622339,2032.5031916223388,83.18499238402559,750.0,308375.5792912724,3387.505319370565,True,0.0409273612592103,411.16743905502983
thickness_grids_L3000mm.csv,219,3.0,308.90960895363713,1.7523897260538617,79,196,2.954788944723618,3.0352722658518725,0.0804833211282543,82.28564132142412,82.28564132142412,3.7594495321393024,2034.832694623916,2034.832694623916,83.00477911529299,749.9999999999998,308909.60895363713,3391.3878243731933,True,0.0407919429123553,411.8794786048495
thickness_grids_L3000mm.csv,220,3.0,309.4401160069999,1.7363694673022665,79,197,2.9698592964824124,3.0503426176106667,0.0804833211282543,83.1271470702328,83.1271470702328,3.736276864494741,2037.1480658013932,2037.1480658013932,82.82517982437203,750.0000000000001,309440.1160069999,3395.2467763356553,True,0.0406574176982022,412.58682134266655
thickness_grids_L3000mm.csv,221,3.0,309.96713167124574,1.7206893559768348,79,198,2.9849296482412058,3.06541296936946,0.0804833211282543,83.97293384539951,83.97293384539951,3.7133018892630942,2039.4493883550172,2039.4493883550176,82.64619089181127,750.0000000000001,309967.13167124573,3399.082313925029,True,0.0405237763504747,413.2895088949943
thickness_grids_L3000mm.csv,222,3.0,310.49068895941986,1.705340148787156,79,199,3.0,3.0804833211282543,0.0804833211282543,84.82300164692441,84.82300164692441,3.6905225562554738,2041.7367431601272,2041.736743160127,82.46780925097057,749.9999999999999,310490.68895941984,3402.894571933545,True,0.040391010019896,413.9875852792264
thickness_grids_L3000mm.csv,223,3.0,312.36444345628865,1.7032512780457103,80,194,2.92464824120603,3.007131057296533,0.0824828160905027,80.6154729028812,80.6154729028812,3.8515330578448217,2025.6885444490065,2025.6885444490065,82.33148014653462,750.0,312364.44345628866,3376.1475740816777,True,0.0406437013094374,416.4859246083849
thickness_grids_L3000mm.csv,224,3.0,312.9068563367397,1.687273571488814,80,195,2.9397185929648244,3.0222014090553273,0.0824828160905027,81.44841659897361,81.44841659897361,3.827689799352648,2028.0476020935607,2028.0476020935607,82.15305585153055,749.9999999999999,312906.8563367397,3380.079336822602,True,0.0405084455447316,417.20914178231953
thickness_grids_L3000mm.csv,225,3.0,313.44567913752746,1.6716391267185526,80,196,2.954788944723618,3.037271760814121,0.0824828160905027,82.28564132142412,82.28564132142412,3.804050745685544,2030.3924042795516,2030.3924042795516,81.97524171334031,749.9999999999999,313445.6791375275,3383.9873404659193,True,0.0403740880534015,417.92757218337
thickness_grids_L3000mm.csv,226,3.0,313.98094174850775,1.6563385701236517,80,197,2.9698592964824124,3.0523421125729153,0.0824828160905027,83.1271470702328,83.1271470702328,3.7806137285742234,2032.7230362170703,2032.7230362170703,81.79803359642644,750.0000000000002,313980.9417485077,3387.8717270284506,True,0.0402406191788202,418.641255664677
thickness_grids_L3000mm.csv,227,3.0,314.5126759397073,1.641362805717837,80,198,2.9849296482412058,3.0674124643317087,0.0824828160905027,83.97293384539951,83.97293384539951,3.757376628364589,2035.0395806802323,2035.0395806802328,81.62142793545192,750.0000000000002,314512.6759397073,3391.7326344670546,True,0.0401080296964883,419.3502345862764
thickness_grids_L3000mm.csv,228,3.0,315.04091529142835,1.6267030057816614,80,199,3.0,3.082482816090503,0.0824828160905027,84.82300164692441,84.82300164692441,3.73433737214909,2037.3421181241204,2037.34211812412,81.44542170877037,749.9999999999999,315040.91529142833,3395.570196873534,True,0.0399763107944585,420.0545537219044
thickness_grids_L3000mm.csv,229,3.0,316.9094085735926,1.625780732938312,81,194,2.92464824120603,3.0091557031388096,0.0845074619327794,80.6154729028812,80.6154729028812,3.896617866927626,2021.244228885165,2021.244228885165,81.32157802823637,750.0,316909.4085735926,3368.740381475275,True,0.0402334249696732,422.54587809812347
thickness_grids_L3000mm.csv,230,3.0,317.45662355161335,1.6105115603845377,81,195,2.9397185929648244,3.024226054897604,0.0845074619327794,81.44841659897361,81.44841659897361,3.872506444224703,2023.618395478274,2023.618395478274,81.14550585002598,750.0,317456.62355161336,3372.6973257971235,True,0.040099213384966,423.2754980688178
thickness_grids_L3000mm.csv,231,3.0,318.00021049184045,1.5955703600521305,81,196,2.954788944723618,3.0392964066563977,0.0845074619327794,82.28564132142412,82.28564132142412,3.848601490121948,2025.978270352716,2025.978270352716,80.97003598764107,750.0,318000.21049184044,3376.6304505878597,True,0.0399658955737686,424.00028065578726
thickness_grids_L3000mm.csv,232,3.0,318.54019981973147,1.5809481737453377,81,197,2.9698592964824124,3.054366758415192,0.0845074619327794,83.1271470702328,83.1271470702328,3.824900812853768,2028.323938276038,2028.323938276038,80.79516436784034,750.0000000000002,318540.19981973147,3380.53989712673,True,0.0398334619254711,424.7202664263086
thickness_grids_L3000mm.csv,233,3.0,319.07662385874744,1.5666363088231952,81,198,2.9849296482412058,3.0694371101739852,0.0845074619327794,83.97293384539951,83.97293384539951,3.801402269711075,2030.6554815860704,2030.655481586071,80.62088747824028,750.0000000000001,319076.6238587474,3384.4258026434513,True,0.0397019032570065,425.4354984783299
thickness_grids_L3000mm.csv,234,3.0,319.60951675955516,1.5526263292390736,81,199,3.0,3.0845074619327795,0.0845074619327794,84.82300164692441,84.82300164692441,3.778103765158195,2032.972980307748,2032.972980307748,80.44720234124166,749.9999999999998,319609.51675955515,3388.2883005129133,True,0.0395712107934969,426.1460223460735
thickness_grids_L3000mm.csv,235,3.0,322.02482537722926,1.5381478559531208,82,195,2.9397185929648244,3.026275851619909,0.0865572586550844,81.44841659897361,81.44841659897361,3.9172707495736594,2019.2154579535993,2019.2154579535993,80.16149360077986,750.0,322024.82537722925,3365.359096589332,True,0.0396993264314748,429.3664338363057
thickness_grids_L3000mm.csv,236,3.0,322.57314793758695,1.5238605578601796,82,196,2.954788944723618,3.0413462033787027,0.0865572586550844,82.28564132142412,82.28564132142412,3.893100602901054,2021.5901813051191,2021.5901813051191,79.98831506362552,750.0,322573.14793758694,3369.3169688418657,True,0.0395670278790065,430.09753058344927
thickness_grids_L3000mm.csv,237,3.0,323.1178356217792,1.5098782462063924,82,197,2.9698592964824124,3.056416555137497,0.0865572586550844,83.1271470702328,83.1271470702328,3.869136965857229,2023.950662690676,2023.950662690676,79.81572716186002,750.0,323117.8356217792,3373.2511044844605,True,0.0394356090952096,430.8237808290389
thickness_grids_L3000mm.csv,238,3.0,323.6589213099572,1.4961926087815978,82,198,2.9849296482412058,3.0714869068962902,0.0865572586550844,83.97293384539951,83.97293384539951,3.845377672774355,2026.2969840020735,2026.296984002074,79.64372643493616,750.0,323658.92130995716,3377.161640003457,True,0.0393050609381229,431.5452284132762
thickness_grids_L3000mm.csv,239,3.0,324.1964397261105,1.4827955789567928,82,199,3.0,3.0865572586550845,0.0865572586550844,84.82300164692441,84.82300164692441,3.821820605579485,2028.6292248247712,2028.6292248247712,79.47230994836457,750.0000000000001,324196.4397261105,3381.0487080412854,True,0.0391753746696758,432.261919634814
thickness_grids_L3000mm.csv,240,3.0,326.61140784958553,1.469882565274517,83,195,2.9397185929648244,3.0283507992222423,0.0886322062574177,81.44841659897361,81.44841659897361,3.961981571184193,2014.838673316174,2014.838673316174,79.20020882664156,749.9999999999999,326611.4078495855,3358.064455526957,True,0.0393084617024388,435.4818771327807
thickness_grids_L3000mm.csv,241,3.0,327.1644379976059,1.4562124963580425,83,196,2.954788944723618,3.043421150981036,0.0886322062574177,82.28564132142412,82.28564132142412,3.9375469507842737,2017.2280232076068,2017.2280232076068,79.02927048183291,749.9999999999998,327164.4379976059,3362.0467053460115,True,0.0391771627067563,436.2192506634745
thickness_grids_L3000mm.csv,242,3.0,327.71379616462787,1.4428341753373584,83,197,2.9698592964824124,3.0584915027398303,0.0886322062574177,83.1271470702328,83.1271470702328,3.9133210651989407,2019.6030977726975,2019.6030977726975,78.8589153306517,750.0,327713.7961646279,3366.005162954496,True,0.0390467391427655,436.9517282195038
thickness_grids_L3000mm.csv,243,3.0,328.2595157906558,1.4297396490750442,83,198,2.9849296482412058,3.0735618544986236,0.0886322062574177,83.97293384539951,83.97293384539951,3.8893017258987217,2021.9639784479916,2021.963978447992,78.6891399632975,750.0,328259.5157906558,3369.9399640799866,True,0.0389171819092926,437.6793543875411
thickness_grids_L3000mm.csv,244,3.0,328.80163217603643,1.4169211996127635,83,199,3.0,3.088632206257418,0.0886322062574177,84.82300164692441,84.82300164692441,3.865486792367445,2024.3107443704112,2024.3107443704112,78.51994148751366,750.0,328801.6321760364,3373.851240617352,True,0.0387884823048422,438.4021762347152
thickness_grids_L3000mm.csv,245,3.0,331.2163185165326,1.4054393541513457,84,195,2.9397185929648244,3.0304508977046036,0.0907323047397793,81.44841659897361,81.44841659897361,4.00663779301269,2010.4879231888167,2010.4879231888167,78.26087762253151,750.0,331216.3185165326,3350.813205314694,True,0.0389263107327711,441.6217580220435
thickness_grids_L3000mm.csv,246,3.0,331.7740287133273,1.3923523014196186,84,196,2.954788944723618,3.0455212494633974,0.0907323047397793,82.28564132142412,82.28564132142412,3.9819394284918577,2012.8916799460176,2012.8916799460176,78.09213007316508,750.0,331774.0287133273,3354.819466576696,True,0.0387959922787595,442.36537161776977
thickness_grids_L3000mm.csv,247,3.0,332.3280299835107,1.3795444940723092,84,197,2.9698592964824124,3.0605916012221916,0.0907323047397793,83.1271470702328,83.1271470702328,3.9574520162410063,2015.2811296381617,2015.2811296381617,77.92395843531098,750.0000000000005,332328.0299835107,3358.8018827302694,True,0.0386665449744483,443.1040399780143
thickness_grids_L3000mm.csv,248,3.0,332.878356330099,1.3670083181193262,84,198,2.9849296482412058,3.075661952980985,0.0907323047397793,83.97293384539951,83.97293384539951,3.93317334496817,2017.656353237684,2017.656353237684,77.75635934887251,749.9999999999999,332878.356330099,3362.760588729474,True,0.0385379597591526,443.837808440132
thickness_grids_L3000mm.csv,249,3.0,333.4250436326369,1.354736384921153,84,199,3.0,3.0907323047397792,0.0907323047397793,84.82300164692441,84.82300164692441,3.909101251807816,2020.017429424492,2020.017429424492,77.58932996295081,750.0000000000002,333425.0436326369,3366.695715707487,True,0.0384102279677142,444.5667248435159
thickness_grids_L3000mm.csv,250,3.0,335.83950636079953,1.3445633614813992,85,195,2.9397185929648244,3.0325761470669934,0.0928575541021691,81.44841659897361,81.44841659897361,4.051238325921142,2006.1630872127273,2006.1630872127275,77.34276046366345,749.9999999999998,335839.50636079954,3343.605145354546,True,0.0385525787791858,447.78600848106606
thickness_grids_L3000mm.csv,251,3.0,336.4018695676043,1.332027381421499,85,196,2.954788944723618,3.047646498825787,0.0928575541021691,82.28564132142412,82.28564132142412,4.026276957445586,2008.5810334124253,2008.5810334124253,77.17615597160324,750.0000000000003,336401.8695676043,3347.635055687376,True,0.0384232225077256,448.5358260901391
thickness_grids_L3000mm.csv,252,3.0,336.9604870614947,1.319758831366886,85,197,2.9698592964824124,3.0627168505845814,0.0928575541021691,83.1271470702328,83.1271470702328,4.001528750844062,2010.9846423978236,2010.984642397824,77.01012026305008,749.9999999999997,336960.48706149467,3351.64107066304,True,0.0382947331568012,449.28064941532625
thickness_grids_L3000mm.csv,253,3.0,337.5153934115927,1.307750417872002,85,198,2.9849296482412058,3.0777872023433748,0.0928575541021691,83.97293384539951,83.97293384539951,3.9769914721626223,2013.373994668824,2013.373994668824,76.84465002660126,749.9999999999999,337515.3934115927,3355.62332444804,True,0.0381671017059308,450.02052454879026
thickness_grids_L3000mm.csv,254,3.0,338.06662507955997,1.295995063546825,85,199,3.0,3.092857554102169,0.0928575541021691,84.82300164692441,84.82300164692441,3.9526629362831542,2015.749168440108,2015.749168440108,76.67974245189271,750.0000000000001,338066.62507956,3359.58194740018,True,0.0380403195260804,450.75550010608
thickness_grids_L3000mm.csv,255,3.0,340.48092172879313,1.287019318328337,86,195,2.9397185929648244,3.0347265473094116,0.0950079543445872,81.44841659897361,81.44841659897361,4.09578210649932,2001.8640432258985,2001.8640432258985,76.44515034145418,750.0000000000001,340480.9217287931,3336.4400720431645,True,0.0381869840762346,453.9745623050575
thickness_grids_L3000mm.csv,256,3.0,341.04791141308465,1.2750045629785616,86,196,2.954788944723618,3.0497968990682054,0.0950079543445872,82.28564132142412,82.28564132142412,4.070558484596398,2004.295963682954,2004.2959636829544,76.28064275428076,750.0,341047.91141308466,3340.493272804924,True,0.038058572255024,454.73054855077953
thickness_grids_L3000mm.csv,257,3.0,341.6111187574935,1.2632460642379668,86,197,2.9698592964824124,3.0648672508269996,0.0950079543445872,83.1271470702328,83.1271470702328,4.045550226201153,2006.713518334262,2006.713518334262,76.11669697143266,750.0000000000002,341611.1187574935,3344.522530557103,True,0.0379310231759517,455.481491676658
thickness_grids_L3000mm.csv,258,3.0,342.1705789003432,1.2517368318231,86,198,2.9849296482412058,3.079937602585793,0.0950079543445872,83.97293384539951,83.97293384539951,4.020755074800179,2009.116787199122,2009.116787199122,75.95330972923199,750.0000000000002,342170.57890034316,3348.5279786652036,True,0.0378043278584702,456.22743853379086
thickness_grids_L3000mm.csv,259,3.0,342.72632888819254,1.240470082711738,86,199,3.0,3.095007954344587,0.0950079543445872,84.82300164692441,84.82300164692441,3.996170823119926,2011.5058480192856,2011.5058480192852,75.79047825704068,750.0000000000002,342726.32888819254,3352.5097466988086,True,0.0376784777094588,456.9684385175901
thickness_grids_L3000mm.csv,260,3.0,345.1405162642475,1.232589849704692,87,195,2.9397185929648244,3.036902098431858,0.0971835054670336,81.44841659897361,81.44841659897361,4.140268095962902,1997.5906674293508,1997.5906674293503,75.5673710177316,749.9999999999998,345140.5162642475,3329.3177790489176,True,0.0378292571395406,460.18735501899664
thickness_grids_L3000mm.csv,261,3.0,345.71210640567796,1.2210684077714866,87,196,2.954788944723618,3.051972450190652,0.0971835054670336,82.28564132142412,82.28564132142412,4.114782981330239,2000.0363491832163,2000.0363491832163,75.4049156996301,750.0,345712.106405678,3333.393915305361,True,0.0377017726354944,460.94947520757063
thickness_grids_L3000mm.csv,262,3.0,346.27987773952896,1.2097926493117923,87,197,2.9698592964824124,3.0670428019494462,0.0971835054670336,83.1271470702328,83.1271470702328,4.089515423750714,2002.4676380665696,2002.4676380665696,75.2430153504409,750.0,346279.87773952895,3337.446063444283,True,0.0375751467439892,461.7065036527053
thickness_grids_L3000mm.csv,263,3.0,346.84386597632755,1.1987558709507766,87,198,2.9849296482412058,3.0821131537082396,0.0971835054670336,83.97293384539951,83.97293384539951,4.06446314425508,2004.8846136104723,2004.884613610472,75.0816667532657,749.9999999999999,346843.86597632756,3341.474356017454,True,0.0374493705241499,462.4584879684368
thickness_grids_L3000mm.csv,264,3.0,347.4041087503312,1.1879515682472808,87,199,3.0,3.097183505467034,0.0971835054670336,84.82300164692441,84.82300164692441,4.039623913513878,2007.2873530763345,2007.2873530763347,74.92086717642252,750.0,347404.1087503312,3345.4789217938915,True,0.0373244354185762,463.205478333775
thickness_grids_L3000mm.csv,265,3.0,349.81824284680687,1.1810739396263368,88,195,2.9397185929648244,3.039102800434333,0.0993842074695083,81.44841659897361,81.44841659897361,4.184695279126997,1993.342834541605,1993.3428345416048,74.7087753887828,750.0,349818.2428468069,3322.2380575693414,True,0.0374791401128762,466.4243237957425
thickness_grids_L3000mm.csv,266,3.0,350.39440794277823,1.1700196912044745,88,196,2.954788944723618,3.0541731521931266,0.0993842074695083,82.28564132142412,82.28564132142412,4.158949442446283,1995.802066842307,1995.802066842307,74.54832915508939,750.0000000000001,350394.40794277826,3326.336778070512,True,0.037352566365981,467.1925439237043
thickness_grids_L3000mm.csv,267,3.0,350.96671792261475,1.1592011147905512,88,197,2.9698592964824124,3.069243503951921,0.0993842074695083,83.1271470702328,83.1271470702328,4.133423348160153,1998.2468807037972,1998.2468807037972,74.38843119383228,750.0000000000002,350966.7179226148,3330.4114678396622,True,0.0372268471489529,467.9556238968197
thickness_grids_L3000mm.csv,268,3.0,351.5352090720167,1.148611778708646,88,198,2.9849296482412058,3.084313855710714,0.0993842074695083,83.97293384539951,83.97293384539951,4.108114694948581,2000.6773551616463,2000.6773551616463,74.22907833398108,750.0000000000001,351535.2090720167,3334.4622586027444,True,0.0371019735603413,468.71361209602225
thickness_grids_L3000mm.csv,269,3.0,352.09991961561917,1.138245442326714,88,199,3.0,3.0993842074695084,0.0993842074695083,84.82300164692441,84.82300164692441,4.083021231526436,2003.0935669899632,2003.0935669899632,74.0702678820523,750.0000000000001,352099.9196156192,3338.4892783166056,True,0.036977937078275,469.46655948749225
thickness_grids_L3000mm.csv,270,3.0,354.5140555348552,1.132285542250859,89,195,2.9397185929648244,3.041328653316836,0.1016100603520113,81.44841659897361,81.44841659897361,4.2290626634456565,1989.1204179426447,1989.1204179426445,73.86874395132419,750.0000000000002,354514.0555348552,3315.2006965710743,True,0.0371363861559105,472.6854073798069
thickness_grids_L3000mm.csv,271,3.0,355.09477060591865,1.121674025851003,89,196,2.954788944723618,3.0563990050756296,0.1016100603520113,82.28564132142412,82.28564132142412,4.203056885203206,1991.592992236108,1991.592992236108,73.71026500653421,750.0,355094.77060591866,3319.3216537268468,True,0.0370107071544644,473.4596941412249
thickness_grids_L3000mm.csv,272,3.0,355.67159441117656,1.111288695941335,89,197,2.9698592964824124,3.071469356834424,0.1016100603520113,83.1271470702328,83.1271470702328,4.177273026377693,1994.0511239877055,1994.0511239877055,73.55232777200969,749.9999999999998,355671.5944111766,3323.418539979509,True,0.0368858786453376,474.22879254823545
thickness_grids_L3000mm.csv,273,3.0,356.24456381439063,1.1011233783015195,89,198,2.9849296482412058,3.086539708593217,0.1016100603520113,83.97293384539951,83.97293384539951,4.151708763404686,1996.494891730651,1996.494891730651,73.39492912170095,749.9999999999999,356244.5638143906,3327.491486217752,True,0.0367618917662639,474.99275175252086
thickness_grids_L3000mm.csv,274,3.0,356.81371763333544,1.0911720822740067,89,199,3.0,3.1016100603520114,0.1016100603520113,84.82300164692441,84.82300164692441,4.126361823146178,1998.92437174504,1998.92437174504,73.23806639961367,750.0000000000002,356813.71763333544,3331.5406195750666,True,0.0366387380307328,475.7516235111139
thickness_grids_L3000mm.csv,275,3.0,359.2279095123169,1.0860523238683726,90,195,2.9397185929648244,3.043579657079367,0.1038610641145425,81.44841659897361,81.44841659897361,4.273369278113097,1984.9232898080895,1984.9232898080895,73.04668336317764,749.9999999999998,359227.9095123169,3308.2054830134825,True,0.0368007588697496,478.9705460164226
thickness_grids_L3000mm.csv,276,3.0,359.81315010729736,1.0758606145960017,90,196,2.954788944723618,3.058650008838161,0.1038610641145425,82.28564132142412,82.28564132142412,4.2471043484251885,1987.408999721016,1987.408999721016,72.89013124217836,750.0000000000002,359813.15010729735,3312.34833286836,True,0.0366759591268885,479.7508668097298
thickness_grids_L3000mm.csv,277,3.0,360.3944634453145,1.065886099148483,90,197,2.9698592964824124,3.073720360596955,0.1038610641145425,83.1271470702328,83.1271470702328,4.221063506743518,1989.8802444260016,1989.8802444260016,72.73411439914172,750.0000000000001,360394.4634453145,3316.467074043336,True,0.0365520058822044,480.52595126041933
thickness_grids_L3000mm.csv,278,3.0,360.9718869711477,1.0561228474118662,90,198,2.9849296482412058,3.0887907123557485,0.1038610641145425,83.97293384539951,83.97293384539951,4.1952444073681265,1992.3371019472977,1992.3371019472977,72.57862975215873,750.0000000000001,360971.8869711477,3320.5618365788296,True,0.0364288903123978,481.2958492948635
thickness_grids_L3000mm.csv,279,3.0,361.5454600982782,1.0465651057392678,90,199,3.0,3.1038610641145428,0.1038610641145425,84.82300164692441,84.82300164692441,4.16964475541132,1994.779648064729,1994.779648064729,72.42367468201167,750.0000000000001,361545.46009827824,3324.632746774548,True,0.0363066039661447,482.060613464371
thickness_grids_L3000mm.csv,280,3.0,363.9597610393181,1.042214522234371,91,195,2.9397185929648244,3.0458558117219265,0.106137218757102,81.44841659897361,81.44841659897361,4.317614173223992,1980.751321234112,1980.751321234112,72.24202509201547,750.0,363959.7610393181,3301.252202056853,True,0.0364720317576286,485.2796813857575
thickness_grids_L3000mm.csv,281,3.0,364.5495032401322,1.0324211200817242,91,196,2.954788944723618,3.0609261634807203,0.106137218757102,82.28564132142412,82.28564132142412,4.291090891666183,1983.249962558504,1983.2499625585035,72.08736060434617,749.9999999999998,364549.5032401322,3305.416604264173,True,0.0363480962890575,486.06600432017626
thickness_grids_L3000mm.csv,282,3.0,365.1352823510098,1.022836381252641,91,197,2.9698592964824124,3.0759965152395146,0.106137218757102,83.1271470702328,83.1271470702328,4.2647938581596465,1985.734117416387,1985.7341174163869,71.93322508797431,750.0,365135.2823510098,3309.556862360645,True,0.0362250033662944,486.8470431346797
thickness_grids_L3000mm.csv,283,3.0,365.7171364004798,1.0134546072222397,91,198,2.9849296482412058,3.091066866998308,0.106137218757102,83.97293384539951,83.97293384539951,4.2387207049775215,1988.203863316951,1988.203863316951,71.7796155042892,750.0000000000001,365717.13640047977,3313.6731055282517,True,0.0361027442047809,487.622848533973
thickness_grids_L3000mm.csv,284,3.0,366.2951054003877,1.0042702691958638,91,199,3.0,3.106137218757102,0.106137218757102,84.82300164692441,84.82300164692441,4.212869115587995,1990.659275533744,1990.659275533744,71.62652927018466,750.0000000000001,366295.10540038766,3317.7654592229073,True,0.0359813103882279,488.3934738671835
thickness_grids_L3000mm.csv,285,3.0,368.7095674061365,1.0006239112524458,92,195,2.9397185929648244,3.0481571172445143,0.1084385242796899,81.44841659897361,81.44841659897361,4.361796418985338,1976.604382354086,1976.604382354086,71.45422414599271,749.9999999999998,368709.5674061365,3294.34063725681,True,0.036149987718277,491.6127565415153
thickness_grids_L3000mm.csv,286,3.0,369.30378783249864,0.991208638568635,92,196,2.954788944723618,3.063227469003308,0.1084385242796899,82.28564132142412,82.28564132142412,4.335015594427635,1979.1157530312607,1979.1157530312607,71.30140932297265,750.0000000000002,369303.78783249867,3298.5262550521015,True,0.0360269020211504,492.4050504433315
thickness_grids_L3000mm.csv,287,3.0,369.8940094935428,0.9819939323950916,92,197,2.9698592964824124,3.0782978207621023,0.1084385242796899,83.1271470702328,83.1271470702328,4.308463169310239,1981.6126173624816,1981.6126173624816,71.14911728614095,750.0,369894.0094935428,3302.6876956041365,True,0.0359046549576577,493.192012658057
thickness_grids_L3000mm.csv,288,3.0,370.4802710044386,0.972974314047168,92,198,2.9849296482412058,3.0933681725208957,0.1084385242796899,83.97293384539951,83.97293384539951,4.282136753991366,1984.0950523359368,1984.095052335937,70.99734503940245,750.0,370480.2710044386,3306.8250872265617,True,0.0357832377817862,493.9736946725848
thickness_grids_L3000mm.csv,289,3.0,371.06261297784215,0.9641444681737084,92,199,3.0,3.10843852427969,0.1084385242796899,84.82300164692441,84.82300164692441,4.256034010400628,1986.5631327133613,1986.5631327133617,70.84609003509196,749.9999999999998,371062.61297784216,3310.9385545222694,True,0.0356626421121217,494.7501506371229
thickness_grids_L3000mm.csv,290,3.0,373.47728689043385,0.961142860338484,93,195,2.9397185929648244,3.0504835736471305,0.110764980682306,81.44841659897361,81.44841659897361,4.405915104978672,1972.4823424473316,1972.4823424473311,70.68275788064439,749.9999999999999,373477.28689043387,3287.4705707455523,True,0.0358344185697225,497.96971585391185
thickness_grids_L3000mm.csv,291,3.0,374.0759627042426,0.9520867676420424,93,196,2.954788944723618,3.0655539254059243,0.110764980682306,82.28564132142412,82.28564132142412,4.378877555423832,1975.006242551689,1975.006242551689,70.53175592516503,750.0000000000001,374075.9627042427,3291.6770709194816,True,0.0357121686025856,498.7679502723235
thickness_grids_L3000mm.csv,292,3.0,376.42876823334205,0.9509541618083048,94,192,2.894507537688442,3.0076241256533924,0.1131165879649503,78.96242858977074,78.96242858977074,4.53327089645261,1960.688327588588,1960.688327588588,70.37789985181502,750.0000000000001,376428.7682333421,3267.8138793143135,True,0.0358944860646829,501.9050243111227
thickness_grids_L3000mm.csv,293,3.0,494.26394214075054,0.950221080966478,131,119,1.7943718592964826,2.0121789853791574,0.2178071260826746,30.34562081659036,30.34562081659036,10.06002657567372,1564.1424393822967,1564.1424393822967,59.36242469692027,749.9999999999999,494263.9421407505,2606.9040656371612,True,0.0379520580749432,659.0185895210006
thickness_grids_L3000mm.csv,294,3.0,498.11660439207895,0.9500708776211966,132,118,1.7793015075376883,2.000415974344082,0.2211144668063937,29.838035123715,29.838035123715,10.202841267740457,1556.182434495481,1556.182434495481,59.0466350942527,749.9999999999999,498116.60439207894,2593.6373908258015,True,0.0379432602408186,664.1554725227719
thickness_grids_L4000mm.csv,1,4.0,147.1390792400981,10.917193900723529,30,196,2.954788944723618,2.968106840736345,0.0133178960127269,109.7141884285655,109.7141884285655,1.872356591252673,2244.4581371240197,2244.4581371240197,199.8992750401648,749.9999999999999,147139.0792400981,3740.763561873366,True,0.0890634900842078,147.1390792400981
thickness_grids_L4000mm.csv,2,4.0,147.51835066371575,10.785024832756736,30,197,2.9698592964824124,2.9831771924951394,0.0133178960127269,110.83619609364372,110.83619609364372,1.8622101294171087,2245.713896791076,2245.713896791076,199.51139111732925,750.0000000000001,147518.35066371574,3742.8564946517936,True,0.0888409656289757,147.51835066371575
thickness_grids_L4000mm.csv,3,4.0,147.8968081659968,10.655607011243251,30,198,2.9849296482412058,2.9982475442539327,0.0133178960127269,111.96391179386602,111.96391179386602,1.852148115268582,2246.960724101096,2246.960724101096,199.12609850901737,750.0,147896.8081659968,3744.934540168493,True,0.0886201954369622,147.8968081659968
thickness_grids_L4000mm.csv,4,4.0,148.27443592351358,10.52887001361637,30,199,3.0,3.013317896012727,0.0133178960127269,113.09733552923257,113.09733552923257,1.842169397309389,2248.1987267024124,2248.1987267024124,198.7433386951243,750.0,148274.43592351358,3746.9978778373543,True,0.0884011436954395,148.27443592351358
thickness_grids_L4000mm.csv,5,4.0,149.80556516477984,10.398264670569697,31,191,2.8794371859296484,2.893522183783238,0.0140849978535895,104.18977063033697,104.18977063033697,1.9786737721808976,2231.3917609403234,2231.3917609403234,196.28624766943608,749.9999999999999,149805.56516477984,3718.9862682338726,True,0.0879658386776151,149.80556516477984
thickness_grids_L4000mm.csv,6,4.0,150.19859751819158,10.266649170263266,31,192,2.894507537688442,2.9085925355420317,0.0140849978535895,105.28323811969432,105.28323811969432,1.9677901111127352,2232.7217125469283,2232.7217125469283,195.8957502383169,749.9999999999999,150198.5975181916,3721.2028542448807,True,0.0877385431142034,150.19859751819158
thickness_grids_L4000mm.csv,7,4.0,150.59087185463605,10.137845179038084,31,193,2.909577889447236,2.9236628873008255,0.0140849978535895,106.38241364419588,106.38241364419588,1.956999444436624,2234.042014079688,2234.042014079688,195.50806716019585,749.9999999999999,150590.87185463606,3723.4033567994807,True,0.0875131559424746,150.59087185463605
thickness_grids_L4000mm.csv,8,4.0,150.98237316349557,10.011778061785046,31,194,2.92464824120603,2.9387332390596197,0.0140849978535895,107.4872972038416,107.4872972038416,1.9463004962514163,2235.352781195441,2235.352781195441,195.12313742860553,750.0000000000001,150982.37316349556,3725.587968659068,True,0.087289639053866,150.98237316349557
thickness_grids_L4000mm.csv,9,4.0,151.3730861071256,9.88837570358753,31,195,2.9397185929648244,2.953803590818414,0.0140849978535895,108.59788879863147,108.59788879863147,1.9356920091733252,2236.654128290662,2236.654128290662,194.74090083891625,749.9999999999998,151373.0861071256,3727.756880484437,True,0.0870679549312994,151.3730861071256
thickness_grids_L4000mm.csv,10,4.0,151.76299505342774,9.767568403517757,31,196,2.954788944723618,2.9688739425772077,0.0140849978535895,109.7141884285655,109.7141884285655,1.9251727443628208,2237.946168473558,2237.946168473558,194.36129800488555,750.0000000000001,151762.99505342773,3729.910280789263,True,0.0868480666527622,151.76299505342774
thickness_grids_L4000mm.csv,11,4.0,152.15208410842166,9.649288773488866,31,197,2.9698592964824124,2.983944294336002,0.0140849978535895,110.83619609364372,110.83619609364372,1.914741481543848,2239.229013537412,2239.229013537412,193.9842703749751,749.9999999999998,152152.08410842167,3732.048355895686,True,0.0866299378947977,152.15208410842166
thickness_grids_L4000mm.csv,12,4.0,152.54033714848904,9.533471641967411,31,198,2.9849296482412058,2.9990146460947953,0.0140849978535895,111.96391179386602,111.96391179386602,1.904397019011984,2240.502773935602,2240.502773935602,193.60976024799496,750.0000000000001,152540.33714848905,3734.17128989267,True,0.0864135329356926,152.54033714848904
thickness_grids_L4000mm.csv,13,4.0,152.92773785212353,9.420053962333286,31,199,3.0,3.0140849978535895,0.0140849978535895,113.09733552923257,113.09733552923257,1.8941381736296048,2241.767558758544,2241.767558758544,193.2377107879584,749.9999999999999,152927.73785212354,3736.2792645975737,True,0.0861988166583026,152.92773785212353
thickness_grids_L4000mm.csv,14,4.0,154.42581717737713,9.327473881295257,32,191,2.8794371859296484,2.894314436504129,0.0148772505744804,104.18977063033697,104.18977063033697,2.0331686454238724,2224.758628370281,2224.758628370281,190.9692397759771,750.0,154425.81717737712,3707.9310472838015,True,0.0858381836756238,154.42581717737713
thickness_grids_L4000mm.csv,15,4.0,154.82876608749382,9.209382210379657,32,192,2.894507537688442,2.9093847882629227,0.0148772505744804,105.28323811969432,105.28323811969432,2.0219868637048717,2226.116158059945,2226.116158059945,190.5894410526915,749.9999999999999,154828.76608749383,3710.1935967665754,True,0.0856152273827389,154.82876608749382
thickness_grids_L4000mm.csv,16,4.0,155.23093721684677,9.093813591920988,32,193,2.909577889447236,2.9244551400217165,0.0148772505744804,106.38241364419588,106.38241364419588,2.01090060187445,2227.463881899796,2227.463881899796,190.2123780983746,750.0,155230.93721684677,3712.439803166327,True,0.0853941469686786,155.23093721684677
thickness_grids_L4000mm.csv,17,4.0,155.63231508791162,8.980701032656352,32,194,2.92464824120603,2.9395254917805107,0.0148772505744804,107.4872972038416,107.4872972038416,1.9999085498663296,2228.8019169644754,2228.8019169644754,189.83799162574533,750.0,155632.3150879116,3714.669861607459,True,0.085174905037903,155.63231508791162
thickness_grids_L4000mm.csv,18,4.0,156.03288388705047,8.86997980171438,32,195,2.9397185929648244,2.954595843539305,0.0148772505744804,108.59788879863147,108.59788879863147,1.9890094166237844,2230.1303790639236,2230.1303790639236,189.46622312692224,749.9999999999998,156032.88388705047,3716.883965106539,True,0.0849574647767674,156.03288388705047
thickness_grids_L4000mm.csv,19,4.0,156.43262749827457,8.76158733525093,32,196,2.954788944723618,2.9696661952980987,0.0148772505744804,109.7141884285655,109.7141884285655,1.9782019301287936,2231.449382714279,2231.449382714279,189.0970148896273,750.0,156432.62749827458,3719.082304523799,True,0.0847417899569894,156.43262749827457
thickness_grids_L4000mm.csv,20,4.0,156.83152953679092,8.655463145659736,32,197,2.9698592964824124,2.984736547056893,0.0148772505744804,110.83619609364372,110.83619609364372,1.9674848374212983,2232.7590411103047,2232.7590411103047,188.73031001296656,750.0,156831.5295367909,3721.2650685171743,True,0.0845278449389303,156.83152953679092
thickness_grids_L4000mm.csv,21,4.0,157.2295733822178,8.551548735160052,32,198,2.9849296482412058,2.9998068988156863,0.0148772505744804,111.96391179386602,111.96391179386602,1.9568569046062825,2234.059466099627,2234.059466099627,188.36605242254296,750.0000000000001,157229.57338221782,3723.432443499378,True,0.0843155946745702,157.2295733822178
thickness_grids_L4000mm.csv,22,4.0,157.62674221150922,8.449787513505568,32,199,3.0,3.0148772505744805,0.0148772505744804,113.09733552923257,113.09733552923257,1.946316916850365,2235.350768158587,2235.350768158587,188.0041868850761,750.0,157626.74221150923,3725.584613597646,True,0.0841050047102666,157.62674221150922
thickness_grids_L4000mm.csv,23,4.0,159.09043746907673,8.387864675949725,33,191,2.8794371859296484,2.895131840105048,0.0156946541753996,104.18977063033697,104.18977063033697,2.087860895129752,2218.1447010374945,2218.1447010374945,185.91053846593704,749.9999999999999,159090.43746907674,3696.907835062491,True,0.0838135304603802,159.09043746907673
thickness_grids_L4000mm.csv,24,4.0,159.50329472676825,8.281641539712568,33,192,2.894507537688442,2.9102021918638417,0.0156946541753996,105.28323811969432,105.28323811969432,2.076380047571414,2219.5295086262677,2219.5295086262677,185.5409218824349,750.0,159503.29472676825,3699.2158477104463,True,0.0835947083205357,159.50329472676825
thickness_grids_L4000mm.csv,25,4.0,159.9153543770414,8.177688283850708,33,193,2.909577889447236,2.925272543622635,0.0156946541753996,106.38241364419588,106.38241364419588,2.06499725161944,2220.9043584686765,2220.9043584686765,185.17396624183192,750.0,159915.3543770414,3701.507264114461,True,0.0833777310291336,159.9153543770414
thickness_grids_L4000mm.csv,26,4.0,160.32660047206002,8.075944622998122,33,194,2.92464824120603,2.9403428953814297,0.0156946541753996,107.4872972038416,107.4872972038416,2.053711162996987,2222.2693689971206,2222.2693689971206,184.8096138941395,750.0,160326.60047206003,3703.782281661868,True,0.0831625618713997,160.32660047206002
thickness_grids_L4000mm.csv,27,4.0,160.73701671890478,7.97635230783744,33,195,2.9397185929648244,2.955413247140224,0.0156946541753996,108.59788879863147,108.59788879863147,2.04252045693167,2223.6246573755866,2223.6246573755866,184.4478079475153,750.0000000000001,160737.01671890478,3706.041095625978,True,0.0829491647053456,160.73701671890478
thickness_grids_L4000mm.csv,28,4.0,161.14658651433658,7.878855039305362,33,196,2.954788944723618,2.9704835988990177,0.0156946541753996,109.7141884285655,109.7141884285655,2.0314238281837507,2224.9703394697513,2224.9703394697513,184.08849228398148,750.0,161146.58651433658,3708.283899116252,True,0.0827375039650429,161.14658651433658
thickness_grids_L4000mm.csv,29,4.0,161.5552929793438,7.783398386896443,33,197,2.9698592964824124,2.985553950657812,0.0156946541753996,110.83619609364372,110.83619609364372,2.0204199910653102,2226.306529818504,2226.306529818504,183.73161157467595,749.9999999999999,161555.2929793438,3710.51088303084,True,0.0825275446636965,161.5552929793438
thickness_grids_L4000mm.csv,30,4.0,161.96311899346125,7.689929710883189,33,198,2.9849296482412058,3.0006243024166053,0.0156946541753996,111.96391179386602,111.96391179386602,2.0095076794483857,2227.633341607133,2227.633341607133,183.37711129461707,750.0000000000002,161963.11899346125,3712.722236011889,True,0.0823192523965003,161.96311899346125
thickness_grids_L4000mm.csv,31,4.0,162.37004722878322,7.598398088249497,33,199,3.0,3.0156946541753995,0.0156946541753996,113.09733552923257,113.09733552923257,1.9986856467620913,2228.9508866422,2228.9508866422,183.02493773696557,750.0000000000001,162370.04722878322,3714.918144403667,True,0.082112593343267,162.37004722878322
thickness_grids_L4000mm.csv,32,4.0,163.79818677442864,7.561127765180828,34,191,2.8794371859296484,2.8959743945859953,0.016537208656347,104.18977063033697,104.18977063033697,2.1427315773003075,2211.5522822952944,2211.5522822952944,181.093366202951,750.0,163798.18677442864,3685.9204704921576,True,0.0818851842901043,163.79818677442864
thickness_grids_L4000mm.csv,33,4.0,164.220940669878,7.465348791219179,34,192,2.894507537688442,2.911044746344789,0.016537208656347,105.28323811969432,105.28323811969432,2.1309508275029216,2212.9640597658795,2212.9640597658795,180.73344873695552,749.9999999999998,164220.94066987798,3688.273432943133,True,0.0816703045579855,164.220940669878
thickness_grids_L4000mm.csv,34,4.0,164.6428770709653,7.371616889359759,34,193,2.909577889447236,2.926115098103583,0.016537208656347,106.38241364419588,106.38241364419588,2.119270666263389,2214.365731479267,2214.365731479267,180.37612090190217,749.9999999999998,164642.8770709653,3690.6095524654456,True,0.0814572400293627,164.6428770709653
thickness_grids_L4000mm.csv,35,4.0,165.06397955650507,7.279877678342079,34,194,2.92464824120603,2.941185449862377,0.016537208656347,107.4872972038416,107.4872972038416,2.1076897150655336,2215.7574171659435,2215.7574171659435,180.02132660859922,749.9999999999998,165063.97955650507,3692.929028609906,True,0.0812459546401315,165.06397955650507
thickness_grids_L4000mm.csv,36,4.0,165.48423135121894,7.190078613739401,34,195,2.9397185929648244,2.9562558016211713,0.016537208656347,108.59788879863147,108.59788879863147,2.096206615391768,2217.139235285278,2217.139235285278,179.66901050574148,749.9999999999998,165484.23135121894,3695.232058808797,True,0.0810364128902457,165.48423135121894
thickness_grids_L4000mm.csv,37,4.0,165.9036153614647,7.102168910574769,34,196,2.954788944723618,2.971326153379965,0.016537208656347,109.7141884285655,109.7141884285655,2.084820028750957,2218.5113029947443,2218.5113029947443,179.31911799507648,750.0000000000002,165903.61536146468,3697.518838324574,True,0.0808285798467718,165.9036153614647
thickness_grids_L4000mm.csv,38,4.0,166.3221142109778,7.016099469602159,34,197,2.9698592964824124,2.9863965051387593,0.016537208656347,110.83619609364372,110.83619609364372,2.073528636699379,2219.8737361203093,2219.8737361203093,178.9715952463696,749.9999999999998,166322.1142109778,3699.789560200515,True,0.080622421146871,166.3221142109778
thickness_grids_L4000mm.csv,39,4.0,166.73971027613288,6.931822807161496,34,198,2.9849296482412058,3.0014668568975527,0.016537208656347,111.96391179386602,111.96391179386602,2.0623311408473772,2221.226649128884,2221.226649128884,178.62638921166348,750.0,166739.7102761329,3702.0444152148066,True,0.080417903000451,166.73971027613288
thickness_grids_L4000mm.csv,40,4.0,167.1563857210084,6.8492929883526,34,199,3.0,3.016537208656347,0.016537208656347,113.09733552923257,113.09733552923257,2.05122626285696,2222.5701551022166,2222.5701551022166,178.2834476391467,750.0,167156.3857210084,3704.283591837028,True,0.0802149921926524,167.1563857210084
thickness_grids_L4000mm.csv,41,4.0,168.54794172951574,6.831779530279733,35,191,2.8794371859296484,2.896842099946971,0.0174049140173227,104.18977063033697,104.18977063033697,2.1977634842436022,2204.9834081796193,2204.9834081796193,176.50219067967123,750.0000000000001,168547.94172951573,3674.972346966033,True,0.0800469473035115,168.54794172951574
thickness_grids_L4000mm.csv,42,4.0,168.98057743135763,6.745215640719085,35,192,2.894507537688442,2.911912451705765,0.0174049140173227,105.28323811969432,105.28323811969432,2.1856820950132136,2206.421841061007,2206.421841061007,176.15152036523926,750.0000000000002,168980.57743135764,3677.3697351016785,True,0.0798358306136658,168.98057743135763
thickness_grids_L4000mm.csv,43,4.0,169.4123756934933,6.660502217091155,35,193,2.909577889447236,2.926982803464558,0.0174049140173227,106.38241364419588,106.38241364419588,2.1737038356215264,2207.8500240561925,2207.8500240561925,175.80337165821535,750.0000000000001,169412.3756934933,3679.750040093654,True,0.0796265007779989,169.4123756934933
thickness_grids_L4000mm.csv,44,4.0,169.84331961859027,6.577590088569569,35,194,2.92464824120603,2.942053155223353,0.0174049140173227,107.4872972038416,107.4872972038416,2.1618272932977955,2209.2680781348135,2209.2680781348135,175.4576899586107,750.0,169843.31961859026,3682.113463558023,True,0.0794189223549284,169.84331961859027
thickness_grids_L4000mm.csv,45,4.0,170.2733919461669,6.49643174535165,35,195,2.9397185929648244,2.957123506982147,0.0174049140173227,108.59788879863147,108.59788879863147,2.15005107576334,2210.67612299362,2210.67612299362,175.11442138496852,750.0,170273.3919461669,3684.460204989367,True,0.0792130604585509,170.2733919461669
thickness_grids_L4000mm.csv,46,4.0,170.7025750893594,6.416981268683505,35,196,2.954788944723618,2.972193858740941,0.0174049140173227,109.7141884285655,109.7141884285655,2.1383738112600637,2212.0742770246975,2212.0742770246975,174.77351278905914,750.0000000000001,170702.5750893594,3686.7904617078298,True,0.0790088807615151,170.7025750893594
thickness_grids_L4000mm.csv,47,4.0,171.1308511717762,6.33919426419817,35,197,2.9698592964824124,2.987264210499735,0.0174049140173227,110.83619609364372,110.83619609364372,2.126794148571995,2213.462657284867,2213.462657284867,174.43491177050305,750.0000000000002,171130.8511717762,3689.104428808112,True,0.0788063494978825,171.1308511717762
thickness_grids_L4000mm.csv,48,4.0,171.5582020638083,6.263027798484941,35,198,2.9849296482412058,3.0023345622585285,0.0174049140173227,111.96391179386602,111.96391179386602,2.1153107570322027,2214.84137946719,2214.84137946719,174.09856669060585,750.0000000000001,171558.2020638083,3691.402299111984,True,0.078605433465618,171.5582020638083
thickness_grids_L4000mm.csv,49,4.0,171.9846094188068,6.188440338662441,35,199,3.0,3.0174049140173227,0.0174049140173227,113.09733552923257,113.09733552923257,2.103922326520224,2216.210557873959,2216.210557873959,173.76442668591778,750.0000000000002,171984.6094188068,3693.684263123265,True,0.0784061000289667,171.9846094188068
thickness_grids_L4000mm.csv,50,4.0,173.3386815805914,6.1866909640657175,36,191,2.8794371859296484,2.8977349561879753,0.0182977702583268,104.18977063033697,104.18977063033697,2.2529409466987156,2198.439878542806,2198.439878542806,172.1226365291795,750.0000000000002,173338.68158059142,3664.06646423801,True,0.078293083294717,173.3386815805914
thickness_grids_L4000mm.csv,51,4.0,173.78118147220815,6.108278685997981,36,192,2.894507537688442,2.912805307946769,0.0182977702583268,105.28323811969432,105.28323811969432,2.240558271554154,2199.904647119571,2199.904647119571,171.78079014374015,750.0,173781.18147220818,3666.507745199285,True,0.0780855617395327,173.78118147220815
thickness_grids_L4000mm.csv,52,4.0,174.2228239216467,6.031542940627257,36,193,2.909577889447236,2.927875659705563,0.0182977702583268,106.38241364419588,106.38241364419588,2.228281271028491,2201.3590255502545,2201.3590255502545,171.44140042174533,749.9999999999998,174222.8239216467,3668.931709250424,True,0.0778797999017409,174.2228239216467
thickness_grids_L4000mm.csv,53,4.0,174.66359155282117,5.956439167285445,36,194,2.92464824120603,2.942946011464357,0.0182977702583268,107.4872972038416,107.4872972038416,2.2161084980928667,2202.803135985632,2202.803135985632,171.10441418532233,750.0000000000002,174663.59155282113,3671.338559976053,True,0.0776757629359205,174.66359155282117
thickness_grids_L4000mm.csv,54,4.0,175.10346661741136,5.882924310765317,36,195,2.9397185929648244,2.9580163632231513,0.0182977702583268,108.59788879863147,108.59788879863147,2.204038526703622,2204.237099302663,2204.237099302663,170.7697789566289,750.0000000000002,175103.46661741135,3673.728498837772,True,0.0774734165442792,175.10346661741136
thickness_grids_L4000mm.csv,55,4.0,175.54243103277665,5.8109567578880394,36,196,2.954788944723618,2.973086714981945,0.0182977702583268,109.7141884285655,109.7141884285655,2.1920699518327234,2205.6610350715728,2205.6610350715728,170.4374429722154,750.0,175542.43103277666,3676.101725119288,True,0.0772727269794131,175.54243103277665
thickness_grids_L4000mm.csv,56,4.0,175.98046641975344,5.740496277110276,36,197,2.9698592964824124,2.9881570667407393,0.0182977702583268,110.83619609364372,110.83619609364372,2.180201389487576,2207.075061524537,2207.075061524537,170.10735519710644,750.0,175980.46641975344,3678.4584358742286,True,0.0770736610469445,175.98046641975344
thickness_grids_L4000mm.csv,57,4.0,176.41755414027165,5.671503961010691,36,198,2.9849296482412058,3.0032274184995327,0.0182977702583268,111.96391179386602,111.96391179386602,2.168431476720463,2208.479295525969,2208.479295525969,169.77946533850402,750.0000000000002,176417.55414027165,3680.7988258766154,True,0.0768761861079931,176.41755414027165
thickness_grids_L4000mm.csv,58,4.0,176.8536753342994,5.603942171550021,36,199,3.0,3.018297770258327,0.0182977702583268,113.09733552923257,113.09733552923257,2.156758871623417,2209.8738525449,2209.8738525449,169.45372385872477,750.0000000000001,176853.6753342994,3683.123087574834,True,0.0766802700812904,176.8536753342994
thickness_grids_L4000mm.csv,59,4.0,178.6218205829121,5.5435163759293085,37,192,2.894507537688442,2.9137233150678012,0.0192157773793591,105.28323811969432,105.28323811969432,2.29556513706985,2193.414064542052,2193.414064542052,167.60798066856907,750.0000000000001,178621.8205829121,3655.690107570087,True,0.0764141998440056,178.6218205829121
thickness_grids_L4000mm.csv,60,4.0,179.07328706022204,5.473855314279711,37,193,2.909577889447236,2.928793666826595,0.0192157773793591,106.38241364419588,106.38241364419588,2.282988834833252,2194.894318358519,2194.894318358519,167.27695619669052,749.9999999999998,179073.28706022204,3658.157197264198,True,0.076211849836028,179.07328706022204
thickness_grids_L4000mm.csv,61,4.0,179.5238581791596,5.405676052851814,37,194,2.92464824120603,2.9438640185853893,0.0192157773793591,107.4872972038416,107.4872972038416,2.270519273450265,2196.364168892913,2196.364168892913,166.94827451188982,749.9999999999999,179523.85817915958,3660.6069481548543,True,0.0760111992703108,179.5238581791596
thickness_grids_L4000mm.csv,62,4.0,179.97351570120537,5.338939487723999,37,195,2.9397185929648244,2.9589343703441835,0.0192157773793591,108.59788879863147,108.59788879863147,2.2581549931207507,2197.823738145988,2197.823738145988,166.62188447790217,749.9999999999997,179973.51570120538,3663.0395635766463,True,0.0758122144128168,179.97351570120537
thickness_grids_L4000mm.csv,63,4.0,180.42224104556848,5.273607824821304,37,196,2.954788944723618,2.9740047221029773,0.0192157773793591,109.7141884285655,109.7141884285655,2.2458945555540044,2199.273146810594,2199.273146810594,166.2977356548338,750.0000000000003,180422.2410455685,3665.455244684323,True,0.0756148620720442,180.42224104556848
thickness_grids_L4000mm.csv,64,4.0,180.87001532803092,5.209644525062006,37,197,2.9698592964824124,2.9890750738617715,0.0192157773793591,110.83619609364372,110.83619609364372,2.2337365439888215,2200.7125142394216,2200.7125142394216,165.97577831284426,750.0,180870.01532803092,3667.854190399036,True,0.075419109601513,180.87001532803092
thickness_grids_L4000mm.csv,65,4.0,181.31681939964827,5.147014252117513,37,198,2.9849296482412058,3.004145425620565,0.0192157773793591,111.96391179386602,111.96391179386602,2.2216795632031454,2202.1419584143396,2202.1419584143396,165.65596344547512,750.0000000000002,181316.81939964823,3670.2365973572328,True,0.0752249249020968,181.31681939964827
thickness_grids_L4000mm.csv,66,4.0,181.76263388472483,5.085682822701742,37,199,3.0,3.019215777379359,0.0192157773793591,113.09733552923257,113.09733552923257,2.209722239507699,2203.56159591801,2203.56159591801,165.3382427822409,750.0000000000003,181762.63388472484,3672.6026598633503,True,0.0750322764240046,181.76263388472483
thickness_grids_L4000mm.csv,67,4.0,183.5016437422597,5.041532992916855,38,192,2.894507537688442,2.914666473068862,0.0201589353804196,105.28323811969432,105.28323811969432,2.3506896803287227,2186.9514954536553,2186.9514954536553,163.62080222753724,749.9999999999998,183501.64374225968,3644.9191590894256,True,0.074816840962262,183.5016437422597
thickness_grids_L4000mm.csv,68,4.0,183.9629118681614,4.978161104436949,38,193,2.909577889447236,2.9297368248276556,0.0201589353804196,106.38241364419588,106.38241364419588,2.3378135915546054,2188.4573013283493,2188.4573013283493,163.2977737146909,750.0,183962.9118681614,3647.428835547249,True,0.0746177563599584,183.9629118681614
thickness_grids_L4000mm.csv,69,4.0,184.4232640370293,4.9161375049549925,38,194,2.92464824120603,2.94480717658645,0.0201589353804196,107.4872972038416,107.4872972038416,2.325046758942291,2189.9525724006867,2189.9525724006867,162.97702993872738,749.9999999999999,184423.2640370293,3649.9209540011448,True,0.0744203468114688,184.4232640370293
thickness_grids_L4000mm.csv,70,4.0,184.8826815180294,4.855426603946686,38,195,2.9397185929648244,2.959877528345244,0.0201589353804196,108.59788879863147,108.59788879863147,2.312387688954382,2191.437431739719,2191.437431739719,162.6585210467784,749.9999999999999,184882.68151802945,3652.3957195661983,True,0.0742245791236889,184.8826815180294
thickness_grids_L4000mm.csv,71,4.0,185.34114523003367,4.7959940032030834,38,196,2.954788944723618,2.974947880104038,0.0201589353804196,109.7141884285655,109.7141884285655,2.299834910055121,2192.912001106324,2192.912001106324,162.34219786505594,750.0,185341.14523003367,3654.853335177207,True,0.0740304206384726,185.34114523003367
thickness_grids_L4000mm.csv,72,4.0,185.7986357817296,4.737806446879894,38,197,2.9698592964824124,2.990018231862832,0.0201589353804196,110.83619609364372,110.83619609364372,2.2873869727334237,2194.3764009196884,2194.3764009196884,162.02801191229446,750.0000000000005,185798.6357817296,3657.294001532814,True,0.0738378392350495,185.7986357817296
thickness_grids_L4000mm.csv,73,4.0,186.25513351111465,4.680831773981293,38,198,2.9849296482412058,3.0050885836216255,0.0201589353804196,111.96391179386602,111.96391179386602,2.2750424495085837,2195.8307502261955,2195.8307502261955,161.71591541252968,750.0,186255.13351111463,3659.7179170436593,True,0.0736468033321198,186.25513351111465
thickness_grids_L4000mm.csv,74,4.0,186.71061852487264,4.6250388730742795,38,199,3.0,3.0201589353804197,0.0201589353804196,113.09733552923257,113.09733552923257,2.262799934928196,2197.2751666696136,2197.2751666696136,161.40586130759937,750.0000000000002,186710.61852487264,3662.1252777826894,True,0.073457281889842,186.71061852487264
thickness_grids_L4000mm.csv,75,4.0,188.41987224730252,4.594297458287955,39,192,2.894507537688442,2.915634781949951,0.0211272442615085,105.28323811969432,105.28323811969432,2.4059199680109957,2180.518178078978,2180.518178078978,159.80787584215244,750.0,188419.87224730253,3634.196963464963,True,0.0732889445493832,188.41987224730252
thickness_grids_L4000mm.csv,76,4.0,188.8909176599856,4.536529658931767,39,193,2.909577889447236,2.9307051337087446,0.0211272442615085,106.38241364419588,106.38241364419588,2.392743677687194,2182.049210220457,2182.049210220457,159.49249662980472,749.9999999999999,188890.91765998557,3636.748683700762,True,0.0730929879503912,188.8909176599856
thickness_grids_L4000mm.csv,77,4.0,189.3610264582528,4.4799911687814955,39,194,2.92464824120603,2.945775485467539,0.0211272442615085,107.4872972038416,107.4872972038416,2.37967916023238,2183.569579774856,2183.569579774856,159.1793465903388,750.0,189361.02645825277,3639.282632958093,True,0.0728986829935373,189.3610264582528
thickness_grids_L4000mm.csv,78,4.0,189.83017941703943,4.424649528757732,39,195,2.9397185929648244,2.960845837226333,0.0211272442615085,108.59788879863147,108.59788879863147,2.366724888400119,2185.079410825117,2185.079410825117,158.86837709965303,750.0000000000001,189830.17941703947,3641.799018041862,True,0.0727059970052356,189.83017941703943
thickness_grids_L4000mm.csv,79,4.0,190.29835695306943,4.370473367318592,39,196,2.954788944723618,2.975916188985127,0.0211272442615085,109.7141884285655,109.7141884285655,2.353879357439329,2186.5788261462217,2186.5788261462217,158.55954019622766,750.0,190298.35695306945,3644.298043577037,True,0.0725148978396008,190.29835695306943
thickness_grids_L4000mm.csv,80,4.0,190.76553916591328,4.3174323549251135,39,197,2.9698592964824124,2.990986540743921,0.0211272442615085,110.83619609364372,110.83619609364372,2.3411410851144177,2188.067947171109,2188.067947171109,158.25278859413422,750.0000000000002,190765.53916591327,3646.7799119518486,True,0.0723253538806849,190.76553916591328
thickness_grids_L4000mm.csv,81,4.0,191.23170587880057,4.265497160672733,39,198,2.9849296482412058,3.0060568925027145,0.0211272442615085,111.96391179386602,111.96391179386602,2.3285086117149687,2189.546893958182,2189.546893958182,157.94807569563807,749.9999999999999,191231.70587880057,3649.2448232636366,True,0.0721373340445362,191.23170587880057
thickness_grids_L4000mm.csv,82,4.0,191.6968366788206,4.214639411017476,39,199,3.0,3.0211272442615087,0.0211272442615085,113.09733552923257,113.09733552923257,2.31598050004936,2191.0157851610875,2191.0157851610875,157.64535560320633,749.9999999999999,191696.8366788206,3651.692975268479,True,0.0719508077809745,191.6968366788206
thickness_grids_L4000mm.csv,83,4.0,193.3757919391364,4.194927003057686,40,192,2.894507537688442,2.916628241711068,0.0221207040226256,105.28323811969432,105.28323811969432,2.4612450299674813,2174.115204766817,2174.115204766817,156.1586612258661,749.9999999999998,193375.79193913637,3623.525341278029,True,0.0718263047346724,193.3757919391364
thickness_grids_L4000mm.csv,84,4.0,193.8565885066,4.142164281210558,40,193,2.909577889447236,2.9316985934698616,0.0221207040226256,106.38241364419588,106.38241364419588,2.44776818759075,2175.671135636041,2175.671135636041,155.8506056199712,750.0000000000002,193856.5885066,3626.118559393402,True,0.0716333470933369,193.8565885066
thickness_grids_L4000mm.csv,85,4.0,194.3364277430047,4.090524595305069,40,194,2.92464824120603,2.946768945228656,0.0221207040226256,107.4872972038416,107.4872972038416,2.4344056355891093,2177.216279833505,2177.216279833505,155.54472595904613,750.0,194336.4277430047,3628.693799722508,True,0.0714420185995214,194.3364277430047
thickness_grids_L4000mm.csv,86,4.0,194.815289927358,4.039978283685327,40,195,2.9397185929648244,2.96183929698745,0.0221207040226256,108.59788879863147,108.59788879863147,2.4211558130455133,2178.750762402539,2178.750762402539,155.24097479640503,750.0,194815.289927358,3631.251270670898,True,0.0712522870790501,194.815289927358
thickness_grids_L4000mm.csv,87,4.0,195.2931549725216,3.9904966786334986,40,196,2.954788944723618,2.976909648746244,0.0221207040226256,109.7141884285655,109.7141884285655,2.40801718203009,2180.274707079574,2180.274707079574,154.93930533213987,749.9999999999998,195293.1549725216,3633.791178465957,True,0.0710641208784545,195.2931549725216
thickness_grids_L4000mm.csv,88,4.0,195.7700024673556,3.942052064755916,40,197,2.9698592964824124,2.991980000505038,0.0221207040226256,110.83619609364372,110.83619609364372,2.3949882276206496,2181.788236259103,2181.788236259103,154.6396714257693,750.0000000000001,195770.00246735563,3636.3137270985058,True,0.0708774888670747,195.7700024673556
thickness_grids_L4000mm.csv,89,4.0,196.24581171858836,3.894617639357994,40,198,2.9849296482412058,3.007050352263831,0.0221207040226256,111.96391179386602,111.96391179386602,2.382067457911087,2183.2914709604324,2183.2914709604324,154.34202760850152,749.9999999999999,196245.81171858835,3638.819118267388,True,0.0706923604389872,196.24581171858836
thickness_grids_L4000mm.csv,90,4.0,196.7205617921388,3.8481674747160786,40,199,3.0,3.0221207040226257,0.0221207040226256,113.09733552923257,113.09733552923257,2.369253404005986,2184.784530796436,2184.784530796436,154.04632909498525,750.0,196720.5617921388,3641.307551327394,True,0.0705087055146942,196.7205617921388
thickness_grids_L4000mm.csv,91,4.0,198.3687463756854,3.8375076027908968,41,192,2.894507537688442,2.917646852352213,0.0231393146637711,105.28323811969432,105.28323811969432,2.5166547584506116,2167.743537812199,2167.743537812199,152.66338976723677,750.0,198368.74637568535,3612.9058963536654,True,0.070425023580655,198.3687463756854
thickness_grids_L4000mm.csv,92,4.0,198.859266386156,3.789224909249296,41,193,2.909577889447236,2.932717204111007,0.0231393146637711,106.38241364419588,106.38241364419588,2.5028770732745667,2169.324038753298,2169.324038753298,152.36235150345624,750.0000000000002,198859.266386156,3615.54006458883,True,0.070234943596079,198.859266386156
thickness_grids_L4000mm.csv,93,4.0,199.3488082887207,3.7419701166979658,41,194,2.92464824120603,2.9477875558698012,0.0231393146637711,107.4872972038416,107.4872972038416,2.4892161962196075,2170.893632598553,2170.893632598553,152.06343815368058,750.0000000000001,199348.8082887207,3618.1560543309215,True,0.0700464711261146,199.3488082887207
thickness_grids_L4000mm.csv,94,4.0,199.8373518649752,3.695716068082184,41,195,2.9397185929648244,2.9628579076285955,0.0231393146637711,108.59788879863147,108.59788879863147,2.475670532745171,2172.4524452992396,2172.4524452992396,151.76660340035593,750.0,199837.3518649752,3620.7540754987326,True,0.0698595744771072,199.8373518649752
thickness_grids_L4000mm.csv,95,4.0,200.3248765224579,3.650436516477962,41,196,2.954788944723618,2.9779282593873893,0.0231393146637711,109.7141884285655,109.7141884285655,2.462238511788742,2174.000601501474,2174.000601501474,151.47180155755314,750.0,200324.87652245795,3623.334335835791,True,0.0696742224693677,200.3248765224579
thickness_grids_L4000mm.csv,96,4.0,200.81136133784509,3.606106086993592,41,197,2.9698592964824124,2.9929986111461835,0.0231393146637711,110.83619609364372,110.83619609364372,2.4489185857858717,2175.5382245103356,2175.5382245103356,151.17898758325606,750.0000000000002,200811.3613378451,3625.8970408505593,True,0.0694903844391348,200.81136133784509
thickness_grids_L4000mm.csv,97,4.0,201.29678509993727,3.5627002404848995,41,198,2.9849296482412058,3.008068962904977,0.0231393146637711,111.96391179386602,111.96391179386602,2.4357092306790493,2177.065436255656,2177.065436255656,150.88811709133603,750.0,201296.7850999373,3628.442393759427,True,0.0693080302403997,201.29678509993727
thickness_grids_L4000mm.csv,98,4.0,201.7811263521685,3.520195239005282,41,199,3.0,3.023139314663771,0.0231393146637711,113.09733552923257,113.09733552923257,2.422608945912853,2178.582357259802,2178.582357259802,150.59914636306527,750.0,201781.1263521685,3630.9705954330034,True,0.0691271302465183,201.7811263521685
thickness_grids_L4000mm.csv,99,4.0,203.39813082379345,3.516944585856322,42,192,2.894507537688442,2.918690613873387,0.0241830761849448,105.28323811969432,105.28323811969432,2.572139819436454,2161.404023372361,2161.404023372361,149.31300248431316,749.9999999999998,203398.1308237934,3602.3400389539347,True,0.0690814863254235,203.39813082379345
thickness_grids_L4000mm.csv,100,4.0,203.89834515691777,3.472680590842286,42,193,2.909577889447236,2.933760965632181,0.0241830761849448,106.38241364419588,106.38241364419588,2.55806105620708,2163.008765168311,2163.008765168311,149.01869331665426,750.0,203898.34515691776,3605.014608613852,True,0.0688941698787145,203.89834515691777
thickness_grids_L4000mm.csv,101,4.0,204.39756054375275,3.4293591490889694,42,194,2.92464824120603,2.948831317390975,0.0241830761849448,107.4872972038416,107.4872972038416,2.5441016185621317,2164.602483062212,2164.602483062212,148.72646009992215,750.0000000000001,204397.5605437527,3607.6708051036862,True,0.0687084401240833,204.39756054375275
thickness_grids_L4000mm.csv,102,4.0,204.89575626729672,3.3869553508127868,42,195,2.9397185929648244,2.9639016691497693,0.0241830761849448,108.59788879863147,108.59788879863147,2.5302598783936223,2166.1853038618115,2166.1853038618115,148.4362576002961,750.0000000000001,204895.75626729673,3610.308839769686,True,0.0685242658306601,204.89575626729672
thickness_grids_L4000mm.csv,103,4.0,205.3929112284155,3.3454451211682628,42,196,2.954788944723618,2.978972020908563,0.0241830761849448,109.7141884285655,109.7141884285655,2.516534231559696,2167.757353072301,2167.757353072301,148.14804120093157,750.0000000000002,205392.9112284155,3612.9289217871687,True,0.068341616274979,205.3929112284155
thickness_grids_L4000mm.csv,104,4.0,205.88900399039173,3.304805185288516,42,197,2.9698592964824124,2.9940423726673573,0.0241830761849448,110.83619609364372,110.83619609364372,2.502923097906918,2169.318754859276,2169.318754859276,147.8617669140847,750.0000000000002,205889.0039903917,3615.5312580987934,True,0.0681604612429013,205.88900399039173
thickness_grids_L4000mm.csv,105,4.0,206.3840128229544,3.2650130350025335,42,198,2.9849296482412058,3.00911272442615,0.0241830761849448,111.96391179386602,111.96391179386602,2.489424921278792,2170.8696320136683,2170.8696320136683,147.57739139276154,750.0000000000001,206384.0128229544,3618.1160533561138,True,0.0679807710313174,206.3840128229544
thickness_grids_L4000mm.csv,106,4.0,206.8779157457722,3.2260468971486813,42,199,3.0,3.024183076184945,0.0241830761849448,113.09733552923257,113.09733552923257,2.4760381695092946,2172.410105918814,2172.410105918814,147.29487194187055,750.0000000000001,206877.9157457722,3620.68350986469,True,0.0678025164496151,206.8779157457722
thickness_grids_L4000mm.csv,107,4.0,208.9732652429348,3.188186457715424,43,193,2.909577889447236,2.9348298780333826,0.0252519885861468,106.38241364419588,106.38241364419588,2.6133115495519856,2156.726057092514,2156.726057092514,145.81124119316172,749.9999999999998,208973.2652429348,3594.5434284875237,True,0.0676076781813125,208.9732652429348
thickness_grids_L4000mm.csv,108,4.0,209.48212367611671,3.1484006907173483,43,194,2.92464824120603,2.949900229792177,0.0252519885861468,107.4872972038416,107.4872972038416,2.5990533669486524,2158.3435733189385,2158.3435733189385,145.52541853240675,750.0,209482.12367611675,3597.239288864898,True,0.0674245844504861,209.48212367611671
thickness_grids_L4000mm.csv,109,4.0,209.98994104478965,3.1094578603265735,43,195,2.9397185929648244,2.964970581550971,0.0252519885861468,108.59788879863147,108.59788879863147,2.5849153650087553,2159.950080023393,2159.950080023393,145.24158061471277,749.9999999999998,209989.94104478965,3599.9168000389886,True,0.0672430265671416,209.98994104478965
thickness_grids_L4000mm.csv,110,4.0,210.496695742244,3.071335844684915,43,196,2.954788944723618,2.980040933309765,0.0252519885861468,109.7141884285655,109.7141884285655,2.5708959065741657,2161.545703520344,2161.545703520344,144.95968385016502,749.9999999999997,210496.695742244,3602.576172533906,True,0.067062974247586,210.496695742244
thickness_grids_L4000mm.csv,111,4.0,211.00236581728907,3.0340132571296903,43,197,2.9698592964824124,2.995111285068559,0.0252519885861468,110.83619609364372,110.83619609364372,2.5569933789627997,2163.130568786914,2163.130568786914,144.6796852636141,750.0,211002.36581728907,3605.217614644857,True,0.0668843977110224,211.00236581728907
thickness_grids_L4000mm.csv,112,4.0,211.50692901950384,2.9974694156072057,43,198,2.9849296482412058,3.0101816368273524,0.0252519885861468,111.96391179386602,111.96391179386602,2.5432061939773214,2164.7047994269083,2164.7047994269083,144.40154250609248,749.9999999999999,211506.92901950385,3607.8413323781806,True,0.0667072676811738,211.50692901950384
thickness_grids_L4000mm.csv,113,4.0,212.01036284393103,2.9616843135450477,43,199,3.0,3.025251988586146,0.0252519885861468,113.09733552923257,113.09733552923257,2.529532787900287,2166.2685176367945,2166.2685176367945,144.12521386577436,750.0000000000002,212010.36284393104,3610.4475293946575,True,0.0665315553876959,212.01036284393103
thickness_grids_L4000mm.csv,114,4.0,214.08350893917475,2.9319808824376152,44,193,2.909577889447236,2.935923941314613,0.026346051867377,106.38241364419588,106.38241364419588,2.668620589464875,2150.476564122309,2150.476564122309,142.7322038169531,749.9999999999999,214083.50893917476,3584.127606870515,True,0.0663723595961193,214.08350893917475
thickness_grids_L4000mm.csv,115,4.0,214.6019788634363,2.895379752920578,44,194,2.92464824120603,2.950994293073407,0.026346051867377,107.4872972038416,107.4872972038416,2.6540635252756446,2152.1175532776915,2152.1175532776915,142.45253755174787,749.9999999999999,214601.9788634363,3586.8625887961525,True,0.0661918013422601,214.6019788634363
thickness_grids_L4000mm.csv,116,4.0,215.11938625620704,2.8595542628371553,44,195,2.9397185929648244,2.9660646448322017,0.026346051867377,108.59788879863147,108.59788879863147,2.6396291237777305,2153.747423958534,2153.747423958534,142.17481185218983,750.0,215119.38625620704,3589.5790399308903,True,0.0660127600249782,215.11938625620704
thickness_grids_L4000mm.csv,117,4.0,215.63570900225884,2.82448404989905,44,196,2.954788944723618,2.9811349965909955,0.026346051867377,109.7141884285655,109.7141884285655,2.6253157148647857,2155.366303240098,2155.366303240098,141.89898411540247,750.0000000000001,215635.70900225884,3592.27717206683,True,0.0658352057847846,215.63570900225884
thickness_grids_L4000mm.csv,118,4.0,216.1509246351549,2.790149428636428,44,197,2.9698592964824124,2.9962053483497897,0.026346051867377,110.83619609364372,110.83619609364372,2.6111216533939863,2156.974316863041,2156.974316863041,141.6250123395785,750.0,216150.9246351549,3594.957194771735,True,0.0656591092589124,216.1509246351549
thickness_grids_L4000mm.csv,119,4.0,216.66501038355625,2.75653136224486,44,198,2.9849296482412058,3.011275700108583,0.026346051867377,111.96391179386602,111.96391179386602,2.5970453191939984,2158.5715891966292,2158.5715891966292,141.35285513508538,749.9999999999999,216665.01038355625,3597.6193153277154,True,0.0654844415828217,216.66501038355625
thickness_grids_L4000mm.csv,120,4.0,217.1779432170484,2.7236114357720544,44,199,3.0,3.0263460518673773,0.026346051867377,113.09733552923257,113.09733552923257,2.5830851170598113,2160.158243203868,2160.158243203868,141.08247173518333,750.0,217177.9432170484,3600.2637386731135,True,0.0653111743915274,217.1779432170484
thickness_grids_L4000mm.csv,121,4.0,219.22859625554213,2.7007992973593553,45,193,2.909577889447236,2.937043155475872,0.0274652660286356,106.38241364419588,106.38241364419588,2.723980774272236,2144.2608527665307,2144.2608527665307,139.77434018315728,750.0000000000005,219228.59625554213,3573.7680879442178,True,0.0651853248184893,219.22859625554213
thickness_grids_L4000mm.csv,122,4.0,219.75664512385953,2.667072246749868,45,194,2.92464824120603,2.952113507234666,0.0274652660286356,107.4872972038416,107.4872972038416,2.709124736518295,2145.924990138336,2145.924990138336,139.50059048086874,750.0,219756.64512385952,3576.54165023056,True,0.0650072072052602,219.75664512385953
thickness_grids_L4000mm.csv,123,4.0,220.2836099259961,2.634060094126996,45,195,2.9397185929648244,2.9671838589934603,0.0274652660286356,108.59788879863147,108.59788879863147,2.694393841899017,2147.5779035094592,2147.5779035094592,139.22873886235396,749.9999999999999,220283.6099259961,3579.296505849099,True,0.064830588280329,220.2836099259961
thickness_grids_L4000mm.csv,124,4.0,220.80946803755316,2.6017440656239272,45,196,2.954788944723618,2.982254210752254,0.0274652660286356,109.7141884285655,109.7141884285655,2.679786387435945,2149.2197206684205,2149.2197206684205,138.95874367417576,749.9999999999998,220809.46803755316,3582.032867780701,True,0.0646554385937603,220.80946803755316
thickness_grids_L4000mm.csv,125,4.0,221.33419647620985,2.5701060114915455,45,197,2.9698592964824124,2.9973245625110483,0.0274652660286356,110.83619609364372,110.83619609364372,2.665300695599671,2150.850568072514,2150.850568072514,138.69056385078605,749.9999999999999,221334.19647620985,3584.7509467875234,True,0.0644817291863626,221.33419647620985
thickness_grids_L4000mm.csv,126,4.0,221.85777194911023,2.5391283801396307,45,198,2.9849296482412058,3.0123949142698416,0.0274652660286356,111.96391179386602,111.96391179386602,2.650935114317628,2152.470570810166,2152.470570810166,138.42415892535,750.0000000000003,221857.77194911023,3587.4509513502767,True,0.0643094315910896,221.85777194911023
thickness_grids_L4000mm.csv,127,4.0,222.38017089981844,2.5087941934140825,45,199,3.0,3.027465266028636,0.0274652660286356,113.09733552923257,113.09733552923257,2.636688016968318,2154.0798525652444,2154.0798525652444,138.15948904021724,750.0000000000001,222380.17089981845,3590.133087608741,True,0.0641385178342791,222.38017089981844
thickness_grids_L4000mm.csv,128,4.0,224.40808123108715,2.4918017990752923,46,193,2.909577889447236,2.9381875205171584,0.0286096310699224,106.38241364419588,106.38241364419588,2.7793852105286407,2138.0794148903033,2138.0794148903033,136.9309153809414,749.9999999999999,224408.08123108716,3563.465691483839,True,0.0640438865026754,224.40808123108715
thickness_grids_L4000mm.csv,129,4.0,224.9456756184414,2.4606734843739604,46,194,2.92464824120603,2.9532578722759526,0.0286096310699224,107.4872972038416,107.4872972038416,2.764230149081905,2139.766376790756,2139.766376790756,136.6628557353344,750.0,224945.67561844143,3566.2772946512605,True,0.0638681200049057,224.9456756184414
thickness_grids_L4000mm.csv,130,4.0,225.4821643350448,2.4302051389669206,46,195,2.9397185929648244,2.968328224034747,0.0286096310699224,108.59788879863147,108.59788879863147,2.74920270922802,2141.442012540503,2141.442012540503,136.39665329314306,750.0,225482.1643350448,3569.0700209008387,True,0.0636938345724004,225.4821643350448
thickness_grids_L4000mm.csv,131,4.0,226.01752424689928,2.400379425642408,46,196,2.954788944723618,2.9833985757935406,0.0286096310699224,109.7141884285655,109.7141884285655,2.734301155198855,2143.106450594878,2143.106450594878,136.13226731487077,750.0,226017.52424689927,3571.8440843247968,True,0.0635210011509617,226.01752424689928
thickness_grids_L4000mm.csv,132,4.0,226.5517318553636,2.3711795836374936,46,197,2.9698592964824124,2.998468927552335,0.0286096310699224,110.83619609364372,110.83619609364372,2.719523777159205,2144.7598180819464,2144.7598180819464,135.86965763620103,750.0,226551.7318553636,3574.599696803244,True,0.0633495911713363,226.5517318553636
thickness_grids_L4000mm.csv,133,4.0,227.08476334570855,2.3425894046637556,46,198,2.9849296482412058,3.013539279311128,0.0286096310699224,111.96391179386602,111.96391179386602,2.7048688912144514,2146.402240764002,2146.402240764002,135.60878467859945,750.0000000000001,227084.76334570855,3577.337067940003,True,0.0631795765505398,227.08476334570855
thickness_grids_L4000mm.csv,134,4.0,227.61659463510753,2.314593210074657,46,199,3.0,3.0286096310699224,0.0286096310699224,113.09733552923257,113.09733552923257,2.6903348394043287,2148.0338430010524,2148.0338430010524,135.3496094594989,750.0000000000005,227616.59463510753,3580.0564050017542,True,0.0630109296929883,227.61659463510753
thickness_grids_L4000mm.csv,135,4.0,229.62154865909093,2.302512184284783,47,193,2.909577889447236,2.9393570364384733,0.0297791469912375,106.38241364419588,106.38241364419588,2.8348274650817475,2131.932675212489,2131.932675212489,134.19566010746857,750.0000000000001,229621.54865909097,3553.221125354148,True,0.062945543106371,229.62154865909093
thickness_grids_L4000mm.csv,136,4.0,230.16865436565456,2.273737970276444,47,194,2.92464824120603,2.9544273881972676,0.0297791469912375,107.4872972038416,107.4872972038416,2.8193733691291203,2133.6421392726215,2133.6421392726215,133.93307641735643,750.0,230168.65436565457,3556.070232121036,True,0.0627720431426309,230.16865436565456
thickness_grids_L4000mm.csv,137,4.0,230.71463272470805,2.2455739617260555,47,195,2.9397185929648244,2.969497739956062,0.0297791469912375,108.59788879863147,108.59788879863147,2.8040493708638055,2135.3401783565528,2135.3401783565528,133.6723105643378,749.9999999999998,230714.63272470803,3558.9002972609214,True,0.0626000072115992,230.71463272470805
thickness_grids_L4000mm.csv,138,4.0,231.25946009240872,2.2180041232114283,47,196,2.954788944723618,2.9845680917148556,0.0297791469912375,109.7141884285655,109.7141884285655,2.7888537018170076,2137.0269215410212,2137.0269215410212,133.41332268927783,750.0,231259.46009240873,3561.711535901702,True,0.0624294066417622,231.25946009240872
thickness_grids_L4000mm.csv,139,4.0,231.8031124535476,2.1910129525653037,47,197,2.9698592964824124,2.99963844347365,0.0297791469912375,110.83619609364372,110.83619609364372,2.773784619933969,2138.7024965801147,2138.7024965801147,133.15607349597803,750.0,231803.1124535476,3564.504160966858,True,0.0622602132409256,231.8031124535476
thickness_grids_L4000mm.csv,140,4.0,232.3455654713243,2.1645854586922795,47,198,2.9849296482412058,3.014708795232443,0.0297791469912375,111.96391179386602,111.96391179386602,2.7588404095836583,2140.36702986568,2140.36702986568,132.90052426156478,749.9999999999998,232345.5654713243,3567.278383109466,True,0.0620923992974723,232.3455654713243
thickness_grids_L4000mm.csv,141,4.0,232.8867945364078,2.1387071404540148,47,199,3.0,3.0297791469912374,0.0297791469912375,113.09733552923257,113.09733552923257,2.7440193815504834,2142.0206463901623,2142.0206463901623,132.64663684643597,750.0000000000001,232886.7945364078,3570.0344106502707,True,0.061925937581404,232.8867945364078
thickness_grids_L4000mm.csv,142,4.0,234.8686111716504,2.1307664867644727,48,193,2.909577889447236,2.9405517032398167,0.0309738137925809,106.38241364419588,106.38241364419588,2.890301522397267,2125.8209979746644,2125.8209979746644,131.5627336254758,749.9999999999998,234868.6111716504,3543.0349966244407,True,0.061887964109311,234.8686111716504
thickness_grids_L4000mm.csv,143,4.0,235.425193316771,2.104128575870812,48,194,2.92464824120603,2.955622054998611,0.0309738137925809,107.4872972038416,107.4872972038416,2.8745484181389145,2127.5526434031494,2127.5526434031494,131.305423346741,750.0000000000001,235425.19331677095,3545.9210723385827,True,0.0617166507037447,235.425193316771
thickness_grids_L4000mm.csv,144,4.0,235.98062636289197,2.0780557051832655,48,195,2.9397185929648244,2.970692406757405,0.0309738137925809,108.59788879863147,108.59788879863147,2.8589278849403215,2129.27276830184,2129.27276830184,131.0498929712798,749.9999999999999,235980.62636289196,3548.787947169734,True,0.0615467848564071,235.98062636289197
thickness_grids_L4000mm.csv,145,4.0,236.5348861562645,2.052533020980906,48,196,2.954788944723618,2.985762758516199,0.0309738137925809,109.7141884285655,109.7141884285655,2.843438121725874,2130.9815023246583,2130.9815023246583,130.7961034885511,750.0,236534.8861562645,3551.635837207764,True,0.061378338266131,236.5348861562645
thickness_grids_L4000mm.csv,146,4.0,237.08794816512977,2.0275461635797587,48,197,2.9698592964824124,3.000833110274993,0.0309738137925809,110.83619609364372,110.83619609364372,2.828077354315156,2132.6789738078146,2132.6789738078146,130.54401643916304,749.9999999999999,237087.94816512975,3554.4649563463577,True,0.0612112831056245,237.08794816512977
thickness_grids_L4000mm.csv,147,4.0,237.63978753057145,2.0030812467883643,48,198,2.9849296482412058,3.0159034620337866,0.0309738137925809,111.96391179386602,111.96391179386602,2.812843835430522,2134.3653097295874,2134.3653097295874,130.2935939250127,750.0000000000002,237639.78753057143,3557.275516215979,True,0.0610455920226328,237.63978753057145
thickness_grids_L4000mm.csv,148,4.0,238.19037911677407,1.9791248383423443,48,199,3.0,3.030973813792581,0.0309738137925809,113.09733552923257,113.09733552923257,2.797735844690046,2136.0406356721687,2136.0406356721687,130.04479861902652,750.0000000000001,238190.37911677407,3560.0677261202813,True,0.0608812381409139,238.19037911677407
thickness_grids_L4000mm.csv,149,4.0,240.14890663991815,1.974669429535084,49,193,2.909577889447236,2.9417715209211885,0.0321936314739526,106.38241364419588,106.38241364419588,2.945801746499186,2119.7446928833983,2119.7446928833983,129.02668988730798,750.0000000000002,240148.9066399182,3532.907821472331,True,0.0608689764953714,240.14890663991815
thickness_grids_L4000mm.csv,150,4.0,240.71492974763763,1.949973531264227,49,194,2.92464824120603,2.9568418726799828,0.0321936314739526,107.4872972038416,107.4872972038416,2.929749695054098,2121.4982006942832,2121.4982006942832,128.77446125186157,750.0000000000001,240714.92974763765,3535.830334490472,True,0.0606997739662087,240.71492974763763
thickness_grids_L4000mm.csv,151,4.0,241.2797819275178,1.9258016105098803,49,195,2.9397185929648244,2.971912224438777,0.0321936314739526,108.59788879863147,108.59788879863147,2.9138326849793654,2123.2400956402644,2123.2400956402644,128.52397594240173,750.0000000000001,241279.7819275178,3538.7334927337743,True,0.060532003048692,241.2797819275178
thickness_grids_L4000mm.csv,152,4.0,241.84343851597444,1.9021398881041405,49,196,2.954788944723618,2.986982576197571,0.0321936314739526,109.7141884285655,109.7141884285655,2.898048882692519,2124.970507909241,2124.970507909241,128.2751957668577,750.0000000000002,241843.43851597444,3541.6175131820683,True,0.0603656358003141,241.84343851597444
thickness_grids_L4000mm.csv,153,4.0,242.40587446487933,1.8789750432524313,49,197,2.9698592964824124,3.002052927956365,0.0321936314739526,110.83619609364372,110.83619609364372,2.882396481985178,2126.689566376876,2126.689566376876,128.02808307298835,749.9999999999997,242405.87446487937,3544.4826106281266,True,0.0602006447471798,242.40587446487933
thickness_grids_L4000mm.csv,154,4.0,242.9670643933852,1.8562941944758773,49,198,2.9849296482412058,3.0171232797151584,0.0321936314739526,111.96391179386602,111.96391179386602,2.866873704029567,2128.397398565645,2128.397398565645,127.78260075820884,750.0000000000001,242967.06439338523,3547.3289976094084,True,0.0600370028850454,242.9670643933852
thickness_grids_L4000mm.csv,155,4.0,243.5269826394468,1.8340848814566424,49,199,3.0,3.0321936314739526,0.0321936314739526,113.09733552923257,113.09733552923257,2.8514787973721405,2130.094130605753,2130.094130605753,127.5387122791847,750.0000000000002,243526.9826394468,3550.156884342922,True,0.0598746836802538,243.5269826394468
thickness_grids_L4000mm.csv,156,4.0,245.46209585140724,1.832557486524251,50,193,2.909577889447236,2.9430164894825888,0.0334386000353526,106.38241364419588,106.38241364419588,3.0013228469625814,2113.704020414382,2113.704020414382,126.58244656156602,750.0000000000002,245462.09585140724,3522.84003402397,True,0.05988655239287,245.46209585140724
thickness_grids_L4000mm.csv,157,4.0,246.0375239287306,1.8096299446304107,50,194,2.92464824120603,2.958086841241383,0.0334386000353526,107.4872972038416,107.4872972038416,2.9849719424620713,2115.4790736268974,2115.4790736268974,126.33511785769822,749.9999999999999,246037.5239287306,3525.798456044829,True,0.0597193890654291,246.0375239287306
thickness_grids_L4000mm.csv,158,4.0,246.6117591690893,1.7871889847040054,50,195,2.9397185929648244,2.9731571930001772,0.0334386000353526,108.59788879863147,108.59788879863147,2.9687585462563435,2117.2424248040243,2117.2424248040243,126.08949718808034,749.9999999999999,246611.75916908932,3528.737374673374,True,0.0595536419027459,246.6117591690893
thickness_grids_L4000mm.csv,159,4.0,247.18477639949913,1.765221806341,50,196,2.954788944723618,2.988227544758971,0.0334386000353526,109.7141884285655,109.7141884285655,2.9526807923624303,2118.9942046253805,2118.9942046253805,125.84554715065153,750.0,247184.77639949913,3531.6570077089677,True,0.0593892833099559,247.18477639949913
thickness_grids_L4000mm.csv,160,4.0,247.75655005573407,1.7437160350268537,50,197,2.9698592964824124,3.0032978965177652,0.0334386000353526,110.83619609364372,110.83619609364372,2.9367368426470364,2120.7345424644404,2120.7345424644404,125.60323087215797,750.0000000000002,247756.5500557341,3534.5575707740677,True,0.0592262861556441,247.75655005573407
thickness_grids_L4000mm.csv,161,4.0,248.32705423544368,1.722659704428114,50,198,2.9849296482412058,3.0183682482765586,0.0334386000353526,111.96391179386602,111.96391179386602,2.920924886833995,2122.463566346651,2122.463566346651,125.36251201784157,750.0000000000002,248327.05423544368,3537.4392772444185,True,0.0590646237728477,248.32705423544368
thickness_grids_L4000mm.csv,162,4.0,248.89626275072797,1.7020412395272433,50,199,3.0,3.033438600035353,0.0334386000353526,113.09733552923257,113.09733552923257,2.9052431424968117,2124.181402909616,2124.181402909616,125.12335480077924,750.0000000000001,248896.26275072797,3540.3023381826933,True,0.0589042699598962,248.89626275072797
thickness_grids_L4000mm.csv,163,4.0,251.39265703987,1.6816527852073555,51,194,2.92464824120603,2.959356960682811,0.0347087194767808,107.4872972038416,107.4872972038416,3.040210216324277,2109.4954803683163,2109.4954803683163,123.9826556235522,750.0000000000002,251392.65703987,3515.825800613861,True,0.0587736057163321,251.39265703987
thickness_grids_L4000mm.csv,164,4.0,251.9762388189152,1.6607905645608023,51,195,2.9397185929648244,2.9744273124416054,0.0347087194767808,108.59788879863147,108.59788879863147,3.0237005556953895,2111.2799760865923,2111.2799760865923,123.74172849406892,750.0000000000001,251976.2388189152,3518.7999601443207,True,0.0586098148495838,251.9762388189152
thickness_grids_L4000mm.csv,165,4.0,252.55858008677632,1.640368907006719,51,196,2.954788944723618,2.989497664200399,0.0347087194767808,109.7141884285655,109.7141884285655,3.0073289683189106,2113.052814839454,2113.052814839454,123.5024386873166,750.0000000000001,252558.58008677632,3521.7546913990905,True,0.0584473979164122,252.55858008677632
thickness_grids_L4000mm.csv,166,4.0,253.13965476371283,1.620376301363334,51,197,2.9698592964824124,3.0045680159591934,0.0347087194767808,110.83619609364372,110.83619609364372,2.991093584245494,2114.814126457502,2114.814126457502,123.26475008237908,749.9999999999998,253139.65476371284,3524.6902107625033,True,0.0582863281175723,253.13965476371283
thickness_grids_L4000mm.csv,167,4.0,253.71943642644027,1.600801616222657,51,198,2.9849296482412058,3.0196383677179868,0.0347087194767808,111.96391179386602,111.96391179386602,2.9749925618570883,2116.5640394289503,2116.5640394289503,123.02862708602558,749.9999999999998,253719.43642644025,3527.606732381584,True,0.0581265791132021,253.71943642644027
thickness_grids_L4000mm.csv,168,4.0,254.2978983618419,1.5816340842608754,51,199,3.0,3.034708719476781,0.0347087194767808,113.09733552923257,113.09733552923257,2.959024087858741,2118.3026808590653,2118.3026808590653,122.79403464185872,749.9999999999999,254297.89836184192,3530.5044680984424,True,0.0579681250235968,254.2978983618419
thickness_grids_L4000mm.csv,169,4.0,256.78002930120203,1.564768450079253,52,194,2.92464824120603,2.960652231004268,0.0360039897982374,107.4872972038416,107.4872972038416,3.0954598588392512,2103.5475989967717,2103.5475989967717,121.71264590044682,749.9999999999998,256780.029301202,3505.9126649946197,True,0.0578606569009868,256.78002930120203
thickness_grids_L4000mm.csv,170,4.0,257.37292071396047,1.5453484081431783,52,195,2.9397185929648244,2.975722582763062,0.0360039897982374,108.59788879863147,108.59788879863147,3.0786540848793575,2105.352929845477,2105.352929845477,121.47624992968052,750.0000000000002,257372.92071396048,3508.9215497424616,True,0.0576987583448046,257.37292071396047
thickness_grids_L4000mm.csv,171,4.0,257.9645490287443,1.52633858031489,52,196,2.954788944723618,2.990792934521856,0.0360039897982374,109.7141884285655,109.7141884285655,3.0619888112404396,2107.14652113466,2107.14652113466,121.24145910393224,750.0000000000001,257964.54902874425,3511.9108685577667,True,0.0575382195247846,257.9645490287443
thickness_grids_L4000mm.csv,172,4.0,258.55488765098517,1.5077282443188385,52,197,2.9698592964824124,3.00586328628065,0.0360039897982374,110.83619609364372,110.83619609364372,3.0454621362702423,2108.9285031124255,2108.9285031124255,121.00823802927948,750.0,258554.8876509852,3514.8808385207094,True,0.057379013964054,258.55488765098517
thickness_grids_L4000mm.csv,173,4.0,259.14390963725265,1.489507031692355,52,198,2.9849296482412058,3.0209336380394434,0.0360039897982374,111.96391179386602,111.96391179386602,3.029072187119924,2110.6990046905753,2110.6990046905753,120.77655182907498,750.0,259143.90963725263,3517.8316744842923,True,0.0572211156402097,259.14390963725265
thickness_grids_L4000mm.csv,174,4.0,259.7315877499844,1.4716649131701192,52,199,3.0,3.0360039897982376,0.0360039897982374,113.09733552923257,113.09733552923257,3.012817119735186,2112.458153403291,2112.458153403291,120.546366152844,749.9999999999999,259731.5877499844,3520.763589005485,True,0.0570644989859973,259.7315877499844
thickness_grids_L4000mm.csv,175,4.0,262.1993582948484,1.4578521855788713,53,194,2.92464824120603,2.9619726522057523,0.0373244109997222,107.4872972038416,107.4872972038416,3.1507164740712374,2097.635571290657,2097.635571290657,119.5209452949897,749.9999999999999,262199.3582948484,3496.0592854844276,True,0.0569788894366667,262.1993582948484
thickness_grids_L4000mm.csv,176,4.0,262.80152211325657,1.439751593533286,53,195,2.9397185929648244,2.9770430039645466,0.0373244109997222,108.59788879863147,108.59788879863147,3.1336147658119393,2099.461430271964,2099.461430271964,119.28892625824422,750.0,262801.52211325656,3499.1023837866064,True,0.0568188224552387,262.80152211325657
thickness_grids_L4000mm.csv,177,4.0,263.40240015830597,1.4220334456624435,53,196,2.954788944723618,2.9921133557233404,0.0373244109997222,109.7141884285655,109.7141884285655,3.1166559807936567,2101.2754700615246,2101.2754700615246,119.05848126388364,750.0,263402.40015830594,3502.1257834358744,True,0.0566601014289657,263.40240015830597
thickness_grids_L4000mm.csv,178,4.0,264.00196532155513,1.4046877416949477,53,197,2.9698592964824124,3.0071837074821346,0.0373244109997222,110.83619609364372,110.83619609364372,3.099838185779391,2103.077821286302,2103.077821286302,118.82957562094172,750.0000000000002,264001.96532155515,3505.1297021438368,True,0.0565027001940718,264.00196532155513
thickness_grids_L4000mm.csv,179,4.0,264.6001901403213,1.3877048114111614,53,198,2.9849296482412058,3.022254059240928,0.0373244109997222,111.96391179386602,111.96391179386602,3.0831594768052426,2104.86861324348,2104.86861324348,118.60217514561543,750.0,264600.19014032127,3508.1143554058003,True,0.0563465930364443,264.6001901403213
thickness_grids_L4000mm.csv,180,4.0,265.1970468536127,1.3710753010105463,53,199,3.0,3.037324410999722,0.0373244109997222,113.09733552923257,113.09733552923257,3.066617979170916,2106.647973858392,2106.647973858392,118.37624617000776,750.0000000000002,265197.0468536127,3511.0799564306535,True,0.0561917546922649,265.1970468536127
thickness_grids_L4000mm.csv,181,4.0,267.6503774558191,1.359908757624741,54,194,2.92464824120603,2.9633182242872653,0.0386699830812353,107.4872972038416,107.4872972038416,3.205975906030938,2091.759506132181,2091.759506132181,117.4036740438168,749.9999999999998,267650.3774558191,3486.265843553635,True,0.0561267553462228,267.6503774558191
thickness_grids_L4000mm.csv,182,4.0,268.26177618390943,1.3430171266226043,54,195,2.9397185929648244,2.9783885760460596,0.0386699830812353,108.59788879863147,108.59788879863147,3.1885784691174215,2093.6055887774564,2093.6055887774564,117.17588535407842,749.9999999999999,268261.77618390945,3489.3426479624277,True,0.0559684622462735,268.26177618390943
thickness_grids_L4000mm.csv,183,4.0,268.871866371578,1.3264824918885203,54,196,2.954788944723618,2.9934589278048533,0.0386699830812353,109.7141884285655,109.7141884285655,3.1713263739518527,2095.439775506988,2095.439775506988,116.94964062614068,749.9999999999998,268871.866371578,3492.39962584498,True,0.0558115017158366,268.871866371578
thickness_grids_L4000mm.csv,184,4.0,269.48062039758884,1.310295514913402,54,197,2.9698592964824124,3.0085292795636476,0.0386699830812353,110.83619609364372,110.83619609364372,3.1542176558351223,2097.26219728894,2097.26219728894,116.72490584910902,750.0000000000002,269480.6203975888,3495.436995481567,True,0.0556558478954111,269.48062039758884
thickness_grids_L4000mm.csv,185,4.0,270.08801028116414,1.2944471654598697,54,198,2.9849296482412058,3.023599631322441,0.0386699830812353,111.96391179386602,111.96391179386602,3.1372503798082656,2099.07298376866,2099.07298376866,116.50164750949182,750.0000000000003,270088.01028116414,3498.4549729477667,True,0.0555014753704874,270.08801028116414
thickness_grids_L4000mm.csv,186,4.0,270.6940077390526,1.2789287088291204,54,199,3.0,3.038669983081235,0.0386699830812353,113.09733552923257,113.09733552923257,3.1204226406431395,2100.872263225777,2100.872263225777,116.2798325997549,750.0000000000001,270694.0077390526,3501.4537720429616,True,0.0553483591721152,270.6940077390526
thickness_grids_L4000mm.csv,187,4.0,273.13283471245103,1.2700558667720003,55,194,2.92464824120603,2.9646889472488067,0.0400407060427767,107.4872972038416,107.4872972038416,3.261234218925085,2085.9194825698173,2085.9194825698173,115.35719621863362,750.0,273132.83471245103,3476.532470949696,True,0.0553028039589119,273.13283471245103
thickness_grids_L4000mm.csv,188,4.0,273.7534306372575,1.2542735599061772,55,195,2.9397185929648244,2.979759299007601,0.0400407060427767,108.59788879863147,108.59788879863147,3.2435412843982028,2087.785487040372,2087.785487040372,115.13349844652942,749.9999999999998,273753.4306372575,3479.6424784006203,True,0.0551462298982362,273.7534306372575
thickness_grids_L4000mm.csv,189,4.0,274.37269515969814,1.238824895537252,55,196,2.954788944723618,2.9948296507663947,0.0400407060427767,109.7141884285655,109.7141884285655,3.225996105459381,2089.63952172586,2089.63952172586,114.91131552798362,750.0000000000002,274372.69515969814,3482.7325362097667,True,0.0549909753970756,274.37269515969814
thickness_grids_L4000mm.csv,190,4.0,274.9906001470472,1.2237011425822613,55,197,2.9698592964824124,3.009900002525189,0.0400407060427767,110.83619609364372,110.83619609364372,3.208596686074394,2091.4817178989647,2091.4817178989647,114.69061411041076,750.0,274990.6001470472,3485.8028631649413,True,0.0548370148918276,274.9906001470472
thickness_grids_L4000mm.csv,191,4.0,275.60711710169835,1.2088938582369648,55,198,2.9849296482412058,3.0249703542839823,0.0400407060427767,111.96391179386602,111.96391179386602,3.1913410604133743,2093.31220551694,2093.31220551694,114.4713613291628,749.9999999999999,275607.11710169836,3488.853675861567,True,0.0546843232593173,275.60711710169835
thickness_grids_L4000mm.csv,192,4.0,276.2222172195591,1.1943948760669354,55,199,3.0,3.0400407060427765,0.0400407060427767,113.09733552923257,113.09733552923257,3.1742272928426707,2095.131113177793,2095.131113177793,114.25352481596056,750.0000000000003,276222.2172195591,3491.885188629655,True,0.0545328758173355,276.2222172195591
thickness_grids_L4000mm.csv,193,4.0,278.6464912602862,1.1875098872348218,56,194,2.92464824120603,2.9660848210903765,0.0414365798843463,107.4872972038416,107.4872972038416,3.3164876793388594,2080.1155525770437,2080.1155525770437,113.37810159776885,750.0,278646.4912602862,3466.859254295073,True,0.0545056746762483,278.6464912602862
thickness_grids_L4000mm.csv,194,4.0,279.2762464988006,1.1727469067075735,56,195,2.9397185929648244,2.9811551728491708,0.0414365798843463,108.59788879863147,108.59788879863147,3.298499502514182,2082.0011797510165,2082.0011797510165,113.15836202720791,750.0000000000001,279276.24649880064,3470.0019662516943,True,0.054350767486472,279.2762464988006
thickness_grids_L4000mm.csv,195,4.0,279.90464737485433,1.158296106608785,56,196,2.954788944723618,2.9962255246079645,0.0414365798843463,109.7141884285655,109.7141884285655,3.2806614902072457,2083.874766071919,2083.874766071919,112.94010912768044,749.9999999999999,279904.6473748543,3473.1246101198653,True,0.0541971672033686,279.90464737485433
thickness_grids_L4000mm.csv,196,4.0,280.5316652456708,1.1441493141926145,56,197,2.9698592964824124,3.0112958763667588,0.0414365798843463,110.83619609364372,110.83619609364372,3.262971615179328,2085.7364430812872,2085.7364430812872,112.723310184186,749.9999999999998,280531.6652456708,3476.227405135479,True,0.0540448485512667,280.5316652456708
thickness_grids_L4000mm.csv,197,4.0,281.1572710983992,1.1302986266111754,56,198,2.9849296482412058,3.026366228125552,0.0414365798843463,111.96391179386602,111.96391179386602,3.245427880859012,2087.586341012855,2087.586341012855,112.50793296051825,750.0000000000001,281157.2710983992,3479.310568354759,True,0.0538937866904856,281.1572710983992
thickness_grids_L4000mm.csv,198,4.0,281.7814356095213,1.1167363997678563,56,199,3.0,3.0414365798843463,0.0414365798843463,113.09733552923257,113.09733552923257,3.228028321332091,2089.424588748157,2089.424588748157,112.2939457074854,750.0,281781.4356095213,3482.374314580261,True,0.0537439572177928,281.7814356095213
thickness_grids_L4000mm.csv,199,4.0,284.1911204542338,1.111573578047136,57,194,2.92464824120603,2.9675058458119743,0.0428576046059443,107.4872972038416,107.4872972038416,3.3717327401328716,2074.347743541531,2074.347743541531,111.4631890542618,750.0,284191.1204542338,3457.2462392358852,True,0.0537340903430014,284.1911204542338
thickness_grids_L4000mm.csv,200,4.0,284.8299969968039,1.097748503320279,57,195,2.9397185929648244,2.9825761975707685,0.0428576046059443,108.59788879863147,108.59788879863147,3.353449599567505,2076.2526970883396,2076.2526970883396,111.24728127076418,749.9999999999999,284829.9969968039,3460.4211618138993,True,0.0535808003653761,284.8299969968039
thickness_grids_L4000mm.csv,201,4.0,285.46749611533784,1.0842158585134023,57,196,2.954788944723618,2.9976465493295623,0.0428576046059443,109.7141884285655,109.7141884285655,3.3353190273046387,2078.145541462336,2078.145541462336,111.03283285774695,750.0,285467.4961153378,3463.575902437227,True,0.0534288049813951,285.46749611533784
thickness_grids_L4000mm.csv,202,4.0,286.10358865864487,1.0709679847972018,57,197,2.9698592964824124,3.0127169010883565,0.0428576046059443,110.83619609364372,110.83619609364372,3.3173389650361123,2080.0264084391447,2080.0264084391447,110.81981171804044,749.9999999999999,286103.5886586449,3466.710680731908,True,0.0532780791957347,286.10358865864487
thickness_grids_L4000mm.csv,203,4.0,286.73824510028186,1.0579974763207105,57,198,2.9849296482412058,3.02778725284715,0.0428576046059443,111.96391179386602,111.96391179386602,3.299507385581179,2081.8954284945944,2081.8954284945944,110.60818622440772,750.0000000000002,286738.24510028184,3469.8257141576573,True,0.0531285984447296,286.73824510028186
thickness_grids_L4000mm.csv,204,4.0,287.37143559907827,1.0452971697648463,57,199,3.0,3.042857604605944,0.0428576046059443,113.09733552923257,113.09733552923257,3.2818222928753973,2083.7527307596497,2083.7527307596497,110.3979252275888,749.9999999999999,287371.43559907825,3472.9212179327496,True,0.0529803385967692,287.37143559907827
thickness_grids_L4000mm.csv,205,4.0,289.7665068064044,1.0416254714593765,58,194,2.92464824120603,2.9689520214136005,0.0443037802075705,107.4872972038416,107.4872972038416,3.4269660258723333,2068.6160605137256,2068.6160605137256,109.60945132419008,750.0,289766.5068064044,3447.693434189543,True,0.0529868511689739,289.7665068064044
thickness_grids_L4000mm.csv,206,4.0,290.41446655697627,1.0286645277848598,58,195,2.9397185929648244,2.9840223731723947,0.0443037802075705,108.59788879863147,108.59788879863147,3.4083882224110327,2070.5400469573874,2070.5400469573874,109.39725483323328,750.0000000000001,290414.46655697626,3450.9000782623125,True,0.0528351311021441,290.41446655697627
thickness_grids_L4000mm.csv,207,4.0,291.06102571699546,1.0159778144932277,58,196,2.954788944723618,2.9990927249311885,0.0443037802075705,109.7141884285655,109.7141884285655,3.38996538566582,2072.4518586040913,2072.4518586040913,109.18649125305144,749.9999999999999,291061.0257169955,3454.086431006819,True,0.0526846936394433,291.06102571699546
thickness_grids_L4000mm.csv,208,4.0,291.70615462872246,1.0035581464131251,58,197,2.9698592964824124,3.0141630766899827,0.0443037802075705,110.83619609364372,110.83619609364372,3.37169542639858,2074.3516274296603,2074.3516274296603,108.97712908548652,749.9999999999998,291706.15462872246,3457.252712382767,True,0.0525355140586847,291.70615462872246
thickness_grids_L4000mm.csv,209,4.0,292.34982325398744,0.9913985757567286,58,198,2.9849296482412058,3.029233428448776,0.0443037802075705,111.96391179386602,111.96391179386602,3.3535762869553536,2076.2394841185355,2076.2394841185355,108.76913729371516,750.0000000000005,292349.8232539874,3460.3991401975595,True,0.0523875680651035,292.34982325398744
thickness_grids_L4000mm.csv,210,4.0,292.9920012358526,0.9794923823176174,58,199,3.0,3.0443037802075703,0.0443037802075705,113.09733552923257,113.09733552923257,3.3356059412550505,2078.1155580179584,2078.1155580179584,108.56248531011822,750.0000000000002,292992.0012358526,3463.525930029931,True,0.0522408317916938,292.9920012358526
thickness_grids_L4000mm.csv,211,4.0,295.3724450782444,0.977110690864897,59,194,2.92464824120603,2.970423347895255,0.045775106689225,107.4872972038416,107.4872972038416,3.482184319620793,2062.920488241073,2062.920488241073,107.81406103132151,749.9999999999999,295372.44507824443,3438.200813735122,True,0.0522628291521056,295.3724450782444
thickness_grids_L4000mm.csv,212,4.0,296.02944989153224,0.964946930638148,59,195,2.9397185929648244,2.9854936996540493,0.045775106689225,108.59788879863147,108.59788879863147,3.463312175513026,2064.8632170136416,2064.8632170136416,107.60546090414309,750.0000000000001,296029.44989153225,3441.4386950227363,True,0.0521126339108166,296.02944989153224
thickness_grids_L4000mm.csv,213,4.0,296.6850308394528,0.9530406088240824,59,196,2.954788944723618,3.000564051412843,0.045775106689225,109.7141884285655,109.7141884285655,3.4445973909471657,2066.793708008279,2066.793708008279,107.39826803026932,750.0000000000001,296685.0308394528,3444.6561800137983,True,0.0519637095923649,296.6850308394528
thickness_grids_L4000mm.csv,214,4.0,304.05884002673713,0.951902164725504,62,182,2.7438040201005025,2.794144011514861,0.0503399914143582,94.60542480760752,94.60542480760752,3.898437148947147,2021.0653381173695,2021.0653381173695,105.2488505375299,750.0000000000001,304058.84002673713,3368.4422301956165,True,0.0520759267662121,304.05884002673713
thickness_grids_L4000mm.csv,215,4.0,330.86843735457694,0.9517295796185566,71,151,2.2766231155778898,2.342015908689175,0.065392793111285,65.13165987425134,65.13165987425134,5.321247615389829,1891.0133936962263,1891.0133936962263,98.91164465238228,749.9999999999997,330868.43735457695,3151.6889894937112,True,0.0523061576306695,330.86843735457694
thickness_grids_L4000mm.csv,216,4.0,374.7765582029465,0.9506314537953592,83,125,1.8847939698492464,1.9734261761066645,0.0886322062574177,44.64138203648396,44.64138203648396,7.292071381015099,1738.3047510567565,1738.3047510567565,90.96224231094229,750.0,374776.5582029465,2897.174585094594,True,0.0523281330593178,374.7765582029465
thickness_grids_L5000mm.csv,1,5.0,130.7510893641932,10.979727801291002,21,190,2.864366834170854,2.8719126032170905,0.0075457690462362,128.8775139701546,128.8775139701546,1.634957485019202,2274.2479931652106,2274.2479931652106,262.4101934530935,750.0000000000003,130751.08936419322,3790.413321942018,True,0.1153832802059027,104.60087149135458
thickness_grids_L5000mm.csv,2,5.0,131.10382263984036,10.819402059846222,21,191,2.8794371859296484,2.8869829549758848,0.0075457690462362,130.23721328792118,130.23721328792118,1.6266917153842708,2275.300822410348,2275.300822410348,261.8639782656267,749.9999999999999,131103.82263984036,3792.16803735058,True,0.1150898271061231,104.88305811187227
thickness_grids_L5000mm.csv,3,5.0,131.45606355618415,10.662720919384244,21,192,2.894507537688442,2.9020533067346785,0.0075457690462362,131.60404764961788,131.60404764961788,1.6184921577049771,2276.3462721702354,2276.3462721702354,261.3222661474973,749.9999999999999,131456.06355618415,3793.910453617059,True,0.114798995804077,105.16485084494732
thickness_grids_L5000mm.csv,4,5.0,131.80782055254522,10.509575859045372,21,193,2.909577889447236,2.9171236584934723,0.0075457690462362,132.97801705524483,132.97801705524483,1.6103581460372474,2277.3844036519886,2277.3844036519886,260.78500280747977,750.0000000000001,131807.82055254522,3795.6406727533144,True,0.1145107529450398,105.44625644203616
thickness_grids_L5000mm.csv,5,5.0,132.15910170758323,10.35986232772315,21,194,2.92464824120603,2.9321940102522666,0.0075457690462362,134.35912150480198,134.35912150480198,1.602289019996943,2278.4152778198513,2278.4152778198513,260.2521344571674,750.0000000000006,132159.10170758324,3797.358796366419,True,0.1142250655491544,105.7272813660666
thickness_grids_L5000mm.csv,6,5.0,132.50991473314286,10.213479578128965,21,195,2.9397185929648244,2.947264362011061,0.0075457690462362,135.74736099828937,135.74736099828937,1.5942841246258226,2279.4389554046315,2279.4389554046315,259.7236077844628,750.0,132509.91473314285,3799.064925674386,True,0.1139419009965802,106.00793178651428
thickness_grids_L5000mm.csv,7,5.0,132.86026696820372,10.070330508643467,21,196,2.954788944723618,2.9623347137698546,0.0075457690462362,137.1427355357069,137.1427355357069,1.5863428102645054,2280.45549691242,2280.45549691242,259.1993699278608,749.9999999999998,132860.2669682037,3800.7591615207,True,0.1136612270131116,106.28821357456296
thickness_grids_L5000mm.csv,8,5.0,133.2101653736701,9.93032151239936,21,197,2.9698592964824124,2.977405065528649,0.0075457690462362,138.54524511705466,138.54524511705466,1.5784644324380737,2281.464962631854,2281.464962631854,258.67936845317183,749.9999999999998,133210.16537367005,3802.441604386424,True,0.1133830116570206,106.56813229893604
thickness_grids_L5000mm.csv,9,5.0,133.55961652773328,9.793362333230895,21,198,2.9849296482412058,2.992475417287442,0.0075457690462362,139.9548897423325,139.9548897423325,1.5706483517536842,2282.467412640001,2282.467412640001,258.16355133176523,750.0000000000002,133559.61652773328,3804.1123544000015,True,0.1131072233067117,106.84769322218662
thickness_grids_L5000mm.csv,10,5.0,133.9086266215779,9.659365928264164,21,199,3.0,3.0075457690462364,0.0075457690462362,141.3716694115407,141.3716694115407,1.56289393380477,2283.4629068075396,2283.4629068075396,257.65186692024173,750.0000000000001,133908.6266215779,3805.7715113458994,True,0.1128338306491079,107.12690129726232
thickness_grids_L5000mm.csv,11,5.0,135.7921296243025,9.565281961465208,22,190,2.864366834170854,2.8724533471376983,0.0080865129668442,128.8775139701546,128.8775139701546,1.6923099704592202,2266.9721278826814,2266.9721278826814,253.46595188816616,750.0,135792.1296243025,3778.286879804469,True,0.1118081465451891,108.633703699442
thickness_grids_L5000mm.csv,12,5.0,136.1565113283993,9.425588477219469,22,191,2.8794371859296484,2.8875236988964925,0.0080865129668442,130.23721328792118,130.23721328792118,1.6837552047592348,2268.0541720662823,2268.0541720662823,252.93848842922748,750.0000000000001,136156.5113283993,3780.0902867771374,True,0.1115222429624734,108.92520906271945
thickness_grids_L5000mm.csv,13,5.0,136.5203845015097,9.289070903856034,22,192,2.894507537688442,2.9025940506552863,0.0080865129668442,131.60404764961788,131.60404764961788,1.6752689550506432,2269.1286670716477,2269.1286670716477,252.4153723485969,750.0000000000001,136520.38450150972,3781.88111178608,True,0.111238898001471,109.21630760120776
thickness_grids_L5000mm.csv,14,5.0,136.8837579238955,9.15563466996392,22,193,2.909577889447236,2.91766440241408,0.0080865129668442,132.97801705524483,132.97801705524483,1.66685053232457,2270.1956750789536,2270.1956750789536,251.89655123567505,750.0,136883.7579238955,3783.659458464923,True,0.1109580790770004,109.5070063391164
thickness_grids_L5000mm.csv,15,5.0,137.2466399999455,9.02518866372306,22,194,2.92464824120603,2.9327347541728743,0.0080865129668442,134.35912150480198,134.35912150480198,1.6584992533240726,2271.2552580314705,2271.2552580314705,251.38197316525984,750.0000000000002,137246.6399999455,3785.425430052451,True,0.1106797539714387,109.7973119999564
thickness_grids_L5000mm.csv,16,5.0,137.60903875162168,8.897645088335786,22,195,2.9397185929648244,2.947805105931669,0.0080865129668442,135.74736099828937,135.74736099828937,1.6502144404032189,2272.307477645376,2272.307477645376,250.8715866716848,750.0,137609.03875162167,3787.17912940896,True,0.1104038908201122,110.08723100129734
thickness_grids_L5000mm.csv,17,5.0,137.97096181227505,8.772919324175952,22,196,2.954788944723618,2.9628754576904623,0.0080865129668442,137.1427355357069,137.1427355357069,1.6419954213965198,2273.352395418436,2273.352395418436,250.3653407240882,749.9999999999998,137970.96181227505,3788.920659030727,True,0.110130458097327,110.37676944982005
thickness_grids_L5000mm.csv,18,5.0,138.33241642134837,8.650929797239414,22,197,2.9698592964824124,2.977945809449257,0.0080865129668442,138.54524511705466,138.54524511705466,1.6338415295015525,2274.39007263719,2274.39007263719,249.86318470404663,750.0000000000002,138332.41642134835,3790.650121061983,True,0.1098594246035933,110.6659331370787
thickness_grids_L5000mm.csv,19,5.0,138.69340941939208,8.53159785364544,22,198,2.9849296482412058,2.99301616120805,0.0080865129668442,139.9548897423325,139.9548897423325,1.625752103170922,2275.420570383098,2275.420570383098,249.3650683842987,750.0000000000001,138693.4094193921,3792.367617305163,True,0.1095907594534555,110.95472753551368
thickness_grids_L5000mm.csv,20,5.0,139.05394724405278,8.414847639789302,22,199,3.0,3.008086512966844,0.0080865129668442,141.3716694115407,141.3716694115407,1.6177264860174927,2276.4439495371653,2276.4439495371653,248.87094190977535,750.0000000000001,139053.94724405278,3794.073249228609,True,0.1093244320644813,111.24315779524224
thickness_grids_L5000mm.csv,21,5.0,140.92014666547618,8.359464149944776,23,190,2.864366834170854,2.873019241938335,0.0086524077674806,128.8775139701546,128.8775139701546,1.750288935433954,2259.6683519104,2259.6683519104,245.0180670148865,750.0,140920.14666547618,3766.113919850666,True,0.1084309858160114,112.73611733238094
thickness_grids_L5000mm.csv,22,5.0,141.29625856670705,8.237361081697358,23,191,2.8794371859296484,2.888089593697129,0.0086524077674806,130.23721328792118,130.23721328792118,1.7414421178873452,2260.7794811109698,2260.7794811109698,244.50831915383463,749.9999999999999,141296.25856670705,3767.965801851617,True,0.1081522197086116,113.03700685336564
thickness_grids_L5000mm.csv,23,5.0,141.6718456302687,8.118034312572929,23,192,2.894507537688442,2.903159945455923,0.0086524077674806,131.60404764961788,131.60404764961788,1.7326661435752424,2261.8828944054694,2261.8828944054694,244.00277154650504,750.0,141671.84563026874,3769.804824009116,True,0.1078759524421093,113.337476504215
thickness_grids_L5000mm.csv,24,5.0,142.04691698437065,8.001401165004953,23,193,2.909577889447236,2.9182302972147167,0.0086524077674806,132.97801705524483,132.97801705524483,1.7239603002055497,2262.978654900604,2262.978654900604,243.50137355975943,750.0000000000001,142046.91698437062,3771.6310915010063,True,0.1076021521601381,113.63753358749648
thickness_grids_L5000mm.csv,25,5.0,142.42148136558308,7.8873819860951135,23,194,2.92464824120603,2.933300648973511,0.0086524077674806,134.35912150480198,134.35912150480198,1.715323881428129,2264.066825473222,2264.066825473222,243.00407502914857,750.0000000000001,142421.48136558308,3773.444709122036,True,0.1073307873668248,113.93718509246646
thickness_grids_L5000mm.csv,26,5.0,142.7955471120391,7.775900021175342,23,195,2.9397185929648244,2.948371000732305,0.0086524077674806,135.74736099828937,135.74736099828937,1.706756186691198,2265.14746877996,2265.14746877996,242.5108262337306,749.9999999999998,142795.5471120391,3775.2457812999337,True,0.107061826912466,114.23643768963127
thickness_grids_L5000mm.csv,27,5.0,143.16912215746433,7.666881293242479,23,196,2.954788944723618,2.963441352491099,0.0086524077674806,137.1427355357069,137.1427355357069,1.6982565211086047,2266.2206472657067,2266.2206472657067,242.02157787295988,750.0,143169.12215746433,3777.0344121095113,True,0.1067952399802593,114.53529772597146
thickness_grids_L5000mm.csv,28,5.0,143.54221402516896,7.560254488006309,23,197,2.9698592964824124,2.978511704249893,0.0086524077674806,138.54524511705466,138.54524511705466,1.6898241953350732,2267.2864231712456,2267.2864231712456,241.53628104415375,750.0000000000001,143542.21402516897,3778.8107052854098,True,0.1065309960734108,114.83377122013518
thickness_grids_L5000mm.csv,29,5.0,143.91482982335492,7.455950844120728,23,198,2.9849296482412058,2.9935820560086865,0.0086524077674806,139.9548897423325,139.9548897423325,1.6814585254569785,2268.3448585391056,2268.3448585391056,241.0548872226724,749.9999999999999,143914.82982335493,3780.574764231843,True,0.1062690650035992,115.13186385868394
thickness_grids_L5000mm.csv,30,5.0,144.2869762406571,7.353904048434987,23,199,3.0,3.0086524077674808,0.0086524077674806,141.3716694115407,141.3716694115407,1.6731588328924862,2269.3960152183795,2269.3960152183795,240.57734824305365,750.0000000000003,144286.97624065712,3782.326692030633,True,0.1060094168799813,115.4295809925257
thickness_grids_L5000mm.csv,31,5.0,146.13052357786938,7.328687557233854,24,190,2.864366834170854,2.8736102876189995,0.0092434534481452,128.8775139701546,128.8775139701546,1.808830221811234,2252.345773665188,2252.345773665188,237.03599791330385,749.9999999999999,146130.52357786938,3753.9096227753134,True,0.1052396131556572,116.9044188622955
thickness_grids_L5000mm.csv,32,5.0,146.51843352071688,7.221622641460339,24,191,2.8794371859296484,2.8886806393777937,0.0092434534481452,130.23721328792118,130.23721328792118,1.7996886265179426,2253.485819031703,2253.485819031703,236.5429932399664,750.0,146518.43352071688,3755.809698386172,True,0.1049675978620563,117.2147468165735
thickness_grids_L5000mm.csv,33,5.0,146.90580219996298,7.116992375280734,24,192,2.894507537688442,2.9037509911365875,0.0092434534481452,131.60404764961788,131.60404764961788,1.7906202222069103,2254.6179849533387,2254.6179849533387,236.0540497358494,749.9999999999999,146905.802199963,3757.696641588898,True,0.1046980248144941,117.5246417599704
thickness_grids_L5000mm.csv,34,5.0,147.2926390982325,7.014724250206954,24,193,2.909577889447236,2.9188213428953813,0.0092434534481452,132.97801705524483,132.97801705524483,1.7816242731076208,2255.74233541647,2255.74233541647,235.56911844812004,749.9999999999999,147292.63909823252,3759.5705590274497,True,0.1044308628470315,117.83411127858602
thickness_grids_L5000mm.csv,35,5.0,147.67895329052274,6.914748410497937,24,194,2.92464824120603,2.9338916946541755,0.0092434534481452,134.35912150480198,134.35912150480198,1.7727000495863292,2256.8589341848347,2256.8589341848347,235.0881508769179,750.0000000000002,147678.95329052274,3761.431556974725,True,0.1041660811475709,118.1431626324182
thickness_grids_L5000mm.csv,36,5.0,148.06475343728798,6.816997542274478,24,195,2.9397185929648244,2.9489620464129698,0.0092434534481452,135.74736099828937,135.74736099828937,1.763846827997017,2257.967844809357,2257.967844809357,234.61109895120643,749.9999999999999,148064.753437288,3763.279741348928,True,0.1039036492439576,118.4518027498304
thickness_grids_L5000mm.csv,37,5.0,148.45004777785437,6.721406767822777,24,196,2.954788944723618,2.9640323981717636,0.0092434534481452,137.1427355357069,137.1427355357069,1.7550638905410965,2259.069130637061,2259.069130637061,234.1379150057463,750.0000000000001,148450.04777785437,3765.115217728435,True,0.1036435369907068,118.7600382222835
thickness_grids_L5000mm.csv,38,5.0,148.8348441248967,6.627913544681074,24,197,2.9698592964824124,2.979102749930558,0.0092434534481452,138.54524511705466,138.54524511705466,1.7463505251444276,2260.1628548180142,2260.1628548180142,233.6685517603344,750.0000000000001,148834.8441248967,3766.938091363357,True,0.1033857145569048,119.06787529991738
thickness_grids_L5000mm.csv,39,5.0,149.2191498590274,6.536457569419559,24,198,2.9849296482412058,2.994173101689351,0.0092434534481452,139.9548897423325,139.9548897423325,1.737706025340938,2261.249080311614,2261.249080311614,233.20296229976125,750.0,149219.14985902738,3768.7484671860234,True,0.1031301524145338,119.3753198872219
thickness_grids_L5000mm.csv,40,5.0,149.60297192457057,6.4469806857654515,24,199,3.0,3.009243453448146,0.0092434534481452,141.3716694115407,141.3716694115407,1.7291296901696176,2262.3278698913578,2262.3278698913578,232.7411000561295,750.0000000000002,149602.97192457056,3770.54644981893,True,0.1028768213279829,119.68237753965646
thickness_grids_L5000mm.csv,41,5.0,151.4191736419309,6.445020899199012,25,190,2.864366834170854,2.8742264841796925,0.0098596500088381,128.8775139701546,128.8775139701546,1.8678770013447732,2245.0123565106373,2245.0123565106373,229.49014138809343,749.9999999999999,151419.17364193092,3741.6872608510625,True,0.1022222174958465,121.13533891354471
thickness_grids_L5000mm.csv,42,5.0,151.81893723184947,6.350849026896369,25,191,2.8794371859296484,2.8892968359384867,0.0098596500088381,130.23721328792118,130.23721328792118,1.858438195174664,2246.1811159223844,2246.1811159223844,229.0129692627397,749.9999999999999,151818.93723184947,3743.6351932039743,True,0.1019565909620322,121.45514978547958
thickness_grids_L5000mm.csv,43,5.0,152.21814302604494,6.258818872083372,25,192,2.894507537688442,2.9043671876972805,0.0098596500088381,131.60404764961788,131.60404764961788,1.8490749458304143,2247.341835720953,2247.341835720953,228.5397267515415,750.0000000000003,152218.14302604494,3745.569726201588,True,0.1016933530622525,121.77451442083596
thickness_grids_L5000mm.csv,44,5.0,152.6168008679903,6.168866645581099,25,193,2.909577889447236,2.9194375394560743,0.0098596500088381,132.97801705524483,132.97801705524483,1.83978649389688,2248.494580724462,2248.494580724462,228.0703664912836,750.0000000000002,152616.8008679903,3747.490967874104,True,0.1014324732852145,122.09344069439224
thickness_grids_L5000mm.csv,45,5.0,153.01492017711846,6.080930892090243,25,194,2.92464824120603,2.9345078912148685,0.0098596500088381,134.35912150480198,134.35912150480198,1.8305720862890391,2249.639415536536,2249.639415536536,227.6048415567071,750.0,153014.92017711845,3749.3990258942263,True,0.1011739214670648,122.41193614169477
thickness_grids_L5000mm.csv,46,5.0,153.4125099417084,5.994952392614713,25,195,2.9397185929648244,2.949578242973663,0.0098596500088381,135.74736099828937,135.74736099828937,1.821430976099296,2250.776404556049,2250.776404556049,227.14310543718344,750.0,153412.5099417084,3751.294007593415,True,0.1009176677778377,122.73000795336674
thickness_grids_L5000mm.csv,47,5.0,153.80957871237246,5.910874071429671,25,196,2.954788944723618,2.964648594732457,0.0098596500088381,137.1427355357069,137.1427355357069,1.812362422455491,2251.905611985761,2251.905611985761,226.6851120148308,750.0000000000002,153809.57871237246,3753.176019976269,True,0.1006636827086801,123.04766296989796
thickness_grids_L5000mm.csv,48,5.0,154.2061345958618,5.82864090737027,25,197,2.9698592964824124,2.979718946491251,0.0098596500088381,138.54524511705466,138.54524511705466,1.803365690388272,2253.027101839974,2253.027101839974,226.23081554373164,749.9999999999999,154206.1345958618,3755.04516973329,True,0.1004119370596901,123.36490767668944
thickness_grids_L5000mm.csv,49,5.0,154.60218525010816,5.748199849096425,25,198,2.9849296482412058,2.994789298250044,0.0098596500088381,139.9548897423325,139.9548897423325,1.7944400507169422,2254.140937950076,2254.140937950076,225.78017063135775,749.9999999999999,154602.18525010816,3756.901563250127,True,0.1001624019289064,123.68174820008652
thickness_grids_L5000mm.csv,50,5.0,154.9977378794433,5.669499734288851,25,199,3.0,3.0098596500088384,0.0098596500088381,141.3716694115407,141.3716694115407,1.7855847799409337,2255.247183969552,2255.247183969552,225.33313222086213,750.0000000000001,154997.7378794433,3758.74530661592,True,0.0999150487017765,123.99819030355464
thickness_grids_L5000mm.csv,51,5.0,157.19413325538122,5.6021584316667035,26,191,2.8794371859296484,2.8899381833792077,0.0105009974495593,130.23721328792118,130.23721328792118,1.9176406318155272,2238.872312279193,2238.872312279193,221.88997600411588,749.9999999999997,157194.13325538122,3731.4538537986546,True,0.0991079191015721,125.75530660430498
thickness_grids_L5000mm.csv,52,5.0,157.60522090205706,5.520962805508341,26,192,2.894507537688442,2.9050085351380015,0.0105009974495593,131.60404764961788,131.60404764961788,1.9079803807425233,2240.0613589752165,2240.0613589752165,221.4315900060818,749.9999999999999,157605.22090205704,3733.435598292028,True,0.0988506806382224,126.08417672164563
thickness_grids_L5000mm.csv,53,5.0,158.0157443361927,5.441600705188863,26,193,2.909577889447236,2.9200788868967953,0.0105009974495593,132.97801705524483,132.97801705524483,1.8983972850820896,2241.242275006624,2241.242275006624,220.97696324947935,749.9999999999998,158015.7443361927,3735.4037916777065,True,0.0985957500952574,126.41259546895417
thickness_grids_L5000mm.csv,54,5.0,158.42571332748105,5.364017899445697,26,194,2.92464824120603,2.9351492386555895,0.0105009974495593,134.35912150480198,134.35912150480198,1.888890568153788,2242.4151257694803,2242.4151257694803,220.5260502995363,750.0,158425.71332748106,3737.358542949134,True,0.0983430979238794,126.74057066198483
thickness_grids_L5000mm.csv,55,5.0,158.83513719756286,5.288162130548313,26,195,2.9397185929648244,2.950219590414384,0.0105009974495593,135.74736099828937,135.74736099828937,1.8794594596449128,2243.5799764637677,2243.5799764637677,220.0788061227183,749.9999999999999,158835.13719756287,3739.299960772946,True,0.0980926949034359,127.0681097580503
thickness_grids_L5000mm.csv,56,5.0,159.24402481334198,5.213983032186397,26,196,2.954788944723618,2.9652899421731775,0.0105009974495593,137.1427355357069,137.1427355357069,1.8701031954646916,2244.736892101982,2244.736892101982,219.63518606555007,749.9999999999999,159244.02481334197,3741.228153503303,True,0.0978445121289393,127.39521985067356
thickness_grids_L5000mm.csv,57,5.0,159.6523845807231,5.141432051161429,26,197,2.9698592964824124,2.980360293931972,0.0105009974495593,138.54524511705466,138.54524511705466,1.860821017609083,2245.8859375166194,2245.8859375166194,219.1951458346785,749.9999999999999,159652.3845807231,3743.1432291943656,True,0.0975985209992689,127.72190766457848
thickness_grids_L5000mm.csv,58,5.0,160.0602244393229,5.070462372636722,26,198,2.9849296482412058,2.995430645690765,0.0105009974495593,139.9548897423325,139.9548897423325,1.8516121740402307,2247.0271773660475,2247.0271773660475,218.75864147860608,749.9999999999999,160060.2244393229,3745.0452956100794,True,0.0973546932062627,128.0481795514583
thickness_grids_L5000mm.csv,59,5.0,160.46755185777494,5.001028848793111,26,199,3.0,3.0105009974495593,0.0105009974495593,141.3716694115407,141.3716694115407,1.8424759185774664,2248.160676139117,2248.160676139117,218.32562937084788,750.0,160467.55185777493,3746.934460231862,True,0.09711300072457,128.37404148621994
thickness_grids_L5000mm.csv,60,5.0,162.6407877666407,4.956519605227901,27,191,2.8794371859296484,2.890604681699957,0.0111674957703088,130.23721328792118,130.23721328792118,1.9772512680653795,2231.5654883062057,2231.5654883062057,215.1472096026079,750.0,162640.7877666407,3719.275813843676,True,0.0964108876616066,130.11263021331254
thickness_grids_L5000mm.csv,61,5.0,163.06379251689822,4.8846680756910015,27,192,2.894507537688442,2.905675033458751,0.0111674957703088,131.60404764961788,131.60404764961788,1.967292089016987,2232.782610896834,2232.782610896834,214.70289122869048,750.0000000000002,163063.79251689822,3721.304351494723,True,0.0961593350740274,130.45103401351858
thickness_grids_L5000mm.csv,62,5.0,163.48621671429012,4.814439277012689,27,193,2.909577889447236,2.9207453852175447,0.0111674957703088,132.97801705524483,132.97801705524483,1.9574124372845991,2233.991450533198,2233.991450533198,214.26221558499577,750.0000000000001,163486.21671429012,3723.319084221997,True,0.0959100427774048,130.7889733714321
thickness_grids_L5000mm.csv,63,5.0,163.9080704843591,4.745785208848764,27,194,2.92464824120603,2.935815736976339,0.0111674957703088,134.35912150480198,134.35912150480198,1.9476115124667173,2235.192073356549,2235.192073356549,213.8251386485705,750.0000000000001,163908.07048435908,3725.320122260915,True,0.0956629818069607,131.12645638748725
thickness_grids_L5000mm.csv,64,5.0,164.32936348751096,4.678659617713194,27,195,2.9397185929648244,2.950886088735133,0.0111674957703088,135.74736099828937,135.74736099828937,1.9378885207227352,2236.384545320985,2236.384545320985,213.39161678516368,750.0,164329.36348751097,3727.307575534975,True,0.0954181235206738,131.4634907900088
thickness_grids_L5000mm.csv,65,5.0,164.75010491183687,4.613017924333691,27,196,2.954788944723618,2.965956440493927,0.0111674957703088,137.1427355357069,137.1427355357069,1.9282426746185044,2237.568932202603,2237.568932202603,212.96160672834333,749.9999999999998,164750.10491183688,3729.281553671005,True,0.0951754395868866,131.8000839294695
thickness_grids_L5000mm.csv,66,5.0,165.1703034670781,4.548817154285108,27,197,2.9698592964824124,2.981026792252721,0.0111674957703088,138.54524511705466,138.54524511705466,1.918673192991984,2238.7452996063894,2238.7452996063894,212.53506556064772,749.9999999999999,165170.3034670781,3731.2421660106497,True,0.0949349019730002,132.13624277366247
thickness_grids_L5000mm.csv,67,5.0,165.58996737902402,4.486015871836874,27,198,2.9849296482412058,2.9960971440115145,0.0111674957703088,139.9548897423325,139.9548897423325,1.9091793008274816,2239.9137129722585,2239.9137129722585,212.1119506957167,750.0000000000001,165589.96737902402,3733.189521620431,True,0.0946964829347172,132.4719739032192
thickness_grids_L5000mm.csv,68,5.0,166.00910438462654,4.424574116812848,27,199,3.0,3.0111674957703087,0.0111674957703088,141.3716694115407,141.3716694115407,1.8997602291419649,2241.074237579787,2241.074237579787,211.69221986183896,749.9999999999998,166009.10438462655,3735.1237292996457,True,0.0944601550060441,132.80728350770124
thickness_grids_L5000mm.csv,69,5.0,168.1560179005994,4.39808696552814,28,191,2.8794371859296484,2.891296330900735,0.0118591449710865,130.23721328792118,130.23721328792118,2.037230252130103,2224.2659754083265,2224.2659754083265,208.759432842623,749.9999999999999,168156.0179005994,3707.109959013878,True,0.0938554269816132,134.52481432047952
thickness_grids_L5000mm.csv,70,5.0,168.5909666317208,4.334318202298274,28,192,2.894507537688442,2.9063666826595287,0.0118591449710865,131.60404764961788,131.60404764961788,2.0269704249877183,2225.5109025102106,2225.5109025102106,208.32844554789693,750.0,168590.9666317208,3709.184837517018,True,0.0936092675676933,134.87277330537665
thickness_grids_L5000mm.csv,71,5.0,169.02531839696263,4.271989817580564,28,193,2.909577889447236,2.9214370344183225,0.0118591449710865,132.97801705524483,132.97801705524483,2.016792509258962,2226.7473980343652,2226.7473980343652,207.9009905394695,750.0000000000002,169025.31839696263,3711.245663390609,True,0.0933653232167203,135.2202547175701
thickness_grids_L5000mm.csv,72,5.0,169.45908368320602,4.211059201415387,28,194,2.92464824120603,2.9365073861771167,0.0118591449710865,134.35912150480198,134.35912150480198,2.0066956807155156,2227.9755288199563,2227.9755288199563,207.47702513286947,750.0000000000002,169459.08368320603,3713.2925480332606,True,0.0931235655190339,135.5672669465648
thickness_grids_L5000mm.csv,73,5.0,169.89227249459,4.151485294636588,28,195,2.9397185929648244,2.951577737935911,0.0118591449710865,135.74736099828937,135.74736099828937,1.996679121879577,2229.195361528937,2229.195361528937,207.0565070201639,749.9999999999999,169892.27249459,3715.3256025482287,True,0.0928839663824485,135.913817995672
thickness_grids_L5000mm.csv,74,5.0,170.32489434547966,4.093228524332847,28,196,2.954788944723618,2.9666480896947047,0.0118591449710865,137.1427355357069,137.1427355357069,1.9867420218701637,2230.406962654596,2230.406962654596,206.6393942501084,749.9999999999999,170324.89434547967,3717.34493775766,True,0.0926464980203295,136.25991547638372
thickness_grids_L5000mm.csv,75,5.0,170.75695825389047,4.036250742296437,28,197,2.9698592964824124,2.981718441453499,0.0118591449710865,138.54524511705466,138.54524511705466,1.9768835762609769,2231.610398528907,2231.610398528907,206.2256452094481,749.9999999999999,170756.95825389048,3719.350664214845,True,0.0924111329403167,136.60556660311238
thickness_grids_L5000mm.csv,76,5.0,171.18847273603183,3.980515166277443,28,198,2.9849296482412058,2.9967887932122923,0.0118591449710865,139.9548897423325,139.9548897423325,1.967102986952838,2232.8057353283098,2232.8057353283098,205.81521860592832,750.0000000000001,171188.47273603184,3721.3428922138496,True,0.092177843933953,136.95077818882547
thickness_grids_L5000mm.csv,77,5.0,171.61944580118916,3.925986323925386,28,199,3.0,3.0118591449710865,0.0118591449710865,141.3716694115407,141.3716694115407,1.957399462057072,2233.9930390783456,2233.9930390783456,205.40807345222936,750.0000000000001,171619.44580118917,3723.321731797243,True,0.0919466040668472,137.29555664095133
thickness_grids_L5000mm.csv,78,5.0,173.73724720844203,3.9136471456002857,29,191,2.8794371859296484,2.892013130981541,0.0125759450518926,130.23721328792118,130.23721328792118,2.097541939113299,2216.9784522914692,2216.9784522914692,202.7030058731207,750.0000000000002,173737.24720844202,3694.964087152449,True,0.0914321046574029,138.9897977667536
thickness_grids_L5000mm.csv,79,5.0,174.18415939607587,3.856890870136435,29,192,2.894507537688442,2.907083482740335,0.0125759450518926,131.60404764961788,131.60404764961788,2.0869799286404587,2218.250895299204,2218.250895299204,202.28466214557108,750.0,174184.15939607588,3697.084825498673,True,0.0911910652551709,139.3473275168607
thickness_grids_L5000mm.csv,80,5.0,174.630458138067,3.801416756278555,29,193,2.909577889447236,2.9221538344991287,0.0125759450518926,132.97801705524483,132.97801705524483,2.076502224337663,2219.514761835067,2219.514761835067,201.86974592397124,750.0000000000001,174630.458138067,3699.191269725112,True,0.0909521979286444,139.7043665104536
thickness_grids_L5000mm.csv,81,5.0,175.0761542879096,3.747186871209693,29,194,2.92464824120603,2.937224186257923,0.0125759450518926,134.35912150480198,134.35912150480198,2.066107978057232,2220.7701193896464,2220.7701193896464,201.4582157937824,750.0000000000001,175076.1542879096,3701.2835323160775,True,0.0907154747962616,140.06092343032768
thickness_grids_L5000mm.csv,82,5.0,175.52125819857147,3.6941646627545937,29,195,2.9397185929648244,2.952294538016717,0.0125759450518926,135.74736099828937,135.74736099828937,2.055796348595161,2222.0170352863606,2222.0170352863606,201.0500307055785,749.9999999999997,175521.25819857148,3703.361725477268,True,0.0904808682889635,140.4170065588572
thickness_grids_L5000mm.csv,83,5.0,175.9657797152516,3.642314901925064,29,196,2.954788944723618,2.967364889775511,0.0125759450518926,137.1427355357069,137.1427355357069,2.0455665015321154,2223.2555766901287,2223.2555766901287,200.645149955796,749.9999999999999,175965.7797152516,3705.425961150215,True,0.0902483511385166,140.77262377220129
thickness_grids_L5000mm.csv,84,5.0,176.40972816876294,3.5916036281133836,29,197,2.9698592964824124,2.982435241534305,0.0125759450518926,138.54524511705466,138.54524511705466,2.035417609087945,2224.485810614635,2224.485810614635,200.24353316871048,750.0,176409.72816876293,3707.476351024391,True,0.0900178963665236,141.12778253501034
thickness_grids_L5000mm.csv,85,5.0,176.85311236983688,3.5419980967856763,29,198,2.9849296482412058,2.9975055932930985,0.0125759450518926,139.9548897423325,139.9548897423325,2.025348849990969,2225.707803928013,2225.707803928013,199.84514027985384,750.0,176853.1123698369,3709.5130065466888,True,0.0897894772742224,141.48248989586952
thickness_grids_L5000mm.csv,86,5.0,177.2959406039957,3.4934667295734902,29,199,3.0,3.0125759450518927,0.0125759450518926,141.3716694115407,141.3716694115407,2.015359409357773,2226.92162335746,2226.92162335746,199.44993152054613,750.0000000000002,177295.9406039957,3711.536038929101,True,0.0895630674328994,141.83675248319656
thickness_grids_L5000mm.csv,87,5.0,179.38216724066925,3.4921610109203947,30,191,2.8794371859296484,2.8927550819423753,0.0133178960127269,130.23721328792118,130.23721328792118,2.158154365184632,2209.707027814938,2209.707027814938,196.95586992301807,750.0000000000002,179382.16724066925,3682.8450463582303,True,0.089132119074526,143.5057337925354
thickness_grids_L5000mm.csv,88,5.0,179.84105581001262,3.441506565868947,30,192,2.894507537688442,2.907825433701169,0.0133178960127269,131.60404764961788,131.60404764961788,2.1472888024351913,2211.006683642126,2211.006683642126,196.5495280056391,750.0,179841.05581001262,3685.011139403543,True,0.0888959447566521,143.8728446480101
thickness_grids_L5000mm.csv,89,5.0,180.29931439192467,3.3919966022661883,30,193,2.909577889447236,2.922895785459963,0.0133178960127269,132.97801705524483,132.97801705524483,2.1365099498832194,2212.297621876316,2212.297621876316,196.14651410069865,750.0,180299.31439192468,3687.1627031271937,True,0.0886619016180747,144.23945151353973
thickness_grids_L5000mm.csv,90,5.0,180.75695421161544,3.34359725751339,30,194,2.92464824120603,2.937966137218757,0.0133178960127269,134.35912150480198,134.35912150480198,2.1258169353854908,2213.5799106133927,2213.5799106133927,195.746787999573,750.0000000000001,180756.95421161543,3689.2998510223215,True,0.0884299622801196,144.60556336929235
thickness_grids_L5000mm.csv,91,5.0,181.21398597573543,3.29627590158587,30,195,2.9397185929648244,2.9530364889775513,0.0133178960127269,135.74736099828937,135.74736099828937,2.115208893934637,2214.853617792715,2214.853617792715,195.3503098479429,749.9999999999998,181213.98597573544,3691.422696321192,True,0.0882000996718806,144.97118878058836
thickness_grids_L5000mm.csv,92,5.0,181.67041986496903,3.2500010857259776,30,196,2.954788944723618,2.968106840736345,0.0133178960127269,137.1427355357069,137.1427355357069,2.104684967497433,2216.1188112055984,2216.1188112055984,194.9570401271133,749.9999999999999,181670.41986496907,3693.531352009331,True,0.0879722870187875,145.33633589197527
thickness_grids_L5000mm.csv,93,5.0,182.12626552719655,3.2047424935189857,30,197,2.9698592964824124,2.9831771924951394,0.0133178960127269,138.54524511705466,138.54524511705466,2.094244304864072,2217.3755585027125,2217.3755585027125,194.56693963650267,750.0000000000001,182126.26552719655,3695.6259308378544,True,0.0877464978318262,145.70101242175724
thickness_grids_L5000mm.csv,94,5.0,182.5815320717199,3.1604708941860835,30,198,2.9849296482412058,2.9982475442539327,0.0133178960127269,139.9548897423325,139.9548897423325,2.083886061515036,2218.6239271995823,2218.6239271995823,194.1799694775825,749.9999999999999,182581.53207171988,3697.706545332637,True,0.0875227058975617,146.0652256573759
thickness_grids_L5000mm.csv,95,5.0,183.03622806407952,3.1171580980258504,30,199,3.0,3.013317896012727,0.0133178960127269,141.3716694115407,141.3716694115407,2.073609399497653,2219.863984681122,2219.863984681122,193.79609103893483,750.0000000000002,183036.2280640795,3699.77330780187,True,0.0873008852687761,146.42898245126364
thickness_grids_L5000mm.csv,96,5.0,185.55957646285057,3.079056499494768,31,192,2.894507537688442,2.9085925355420317,0.0140849978535895,131.60404764961788,131.60404764961788,2.2078684597561145,2203.7818659331247,2203.7818659331247,191.10256046969653,750.0000000000002,185559.57646285056,3672.969776555208,True,0.0867157332691726,148.44766117028044
thickness_grids_L5000mm.csv,97,5.0,186.0298019476428,3.034751199744397,31,193,2.909577889447236,2.9236628873008255,0.0140849978535895,132.97801705524483,132.97801705524483,2.1967872480113018,2205.099564479715,2205.099564479715,190.71085463584495,749.9999999999999,186029.8019476428,3675.165940799525,True,0.0864862783104501,148.82384155811422
thickness_grids_L5000mm.csv,98,5.0,186.49939244667848,2.991439914573298,31,194,2.92464824120603,2.9387332390596197,0.0140849978535895,134.35912150480198,134.35912150480198,2.1857942623029554,2206.4084767679387,2206.4084767679387,190.32234319469663,750.0,186499.39244667845,3677.347461279898,True,0.0862588886866001,149.19951395734276
thickness_grids_L5000mm.csv,99,5.0,186.9683590250959,2.9490934370496715,31,195,2.9397185929648244,2.953803590818414,0.0140849978535895,135.74736099828937,135.74736099828937,2.1748886137584766,2207.7086713079934,2207.7086713079934,189.9369874278761,750.0000000000001,186968.3590250959,3679.51445217999,True,0.0860335378015908,149.57468722007673
thickness_grids_L5000mm.csv,100,5.0,187.43671220348656,2.9076836176565757,31,196,2.954788944723618,2.9688739425772077,0.0140849978535895,137.1427355357069,137.1427355357069,2.164069420666745,2209.000216473185,2209.000216473185,189.55474894282435,750.0,187436.71220348656,3681.667027455309,True,0.0858101993513884,149.94936976278925
thickness_grids_L5000mm.csv,101,5.0,187.90446195105517,2.8671833204778103,31,197,2.9698592964824124,2.983944294336002,0.0140849978535895,138.54524511705466,138.54524511705466,2.1533358083264105,2210.283180506953,2210.283180506953,189.17558965591547,750.0000000000001,187904.46195105516,3683.805300844922,True,0.0855888473134587,150.3235695608441
thickness_grids_L5000mm.csv,102,5.0,188.37161767967157,2.827566381392849,31,198,2.9849296482412058,2.9990146460947953,0.0140849978535895,139.9548897423325,139.9548897423325,2.142686908907878,2211.5576315284693,2211.5576315284693,188.79947177685565,749.9999999999999,188371.61767967156,3685.9293858807823,True,0.0853694559369773,150.69729414373725
thickness_grids_L5000mm.csv,103,5.0,188.8381882384136,2.78880756819436,31,199,3.0,3.0140849978535895,0.0140849978535895,141.3716694115407,141.3716694115407,2.132121861325339,2212.8236375372594,2212.8236375372594,188.42635779400652,750.0,188838.18823841357,3688.039395895432,True,0.0851519997335683,151.07055059073085
thickness_grids_L5000mm.csv,104,5.0,191.33784879512217,2.7618965820300816,32,192,2.894507537688442,2.9093847882629227,0.0148772505744804,131.60404764961788,131.60404764961788,2.268693134764617,2196.579606006924,2196.579606006924,185.92473996724615,749.9999999999999,191337.84879512215,3660.96601001154,True,0.0846428417430459,153.07027903609773
thickness_grids_L5000mm.csv,105,5.0,191.8200431009387,2.7221460926529826,32,193,2.909577889447236,2.9244551400217165,0.0148772505744804,132.97801705524483,132.97801705524483,2.2573084874040896,2197.9237434648694,2197.9237434648694,185.5437871682352,750.0,191820.0431009387,3663.206239108116,True,0.0844177545831224,153.45603448075096
thickness_grids_L5000mm.csv,106,5.0,192.3015861465751,2.6832875651054526,32,194,2.92464824120603,2.9395254917805107,0.0148772505744804,134.35912150480198,134.35912150480198,2.246014460884838,2199.258961670847,2199.258961670847,185.1659399057249,750.0,192301.58614657508,3665.431602784745,True,0.0841946960921093,153.84126891726007
thickness_grids_L5000mm.csv,107,5.0,192.78248936022905,2.6452947885147866,32,195,2.9397185929648244,2.954595843539305,0.0148772505744804,135.74736099828937,135.74736099828937,2.234810142416322,2200.5853296619057,2200.5853296619057,184.7911605419285,749.9999999999999,192782.48936022905,3667.642216103177,True,0.0839736401270654,154.22599148818324
thickness_grids_L5000mm.csv,108,5.0,193.2627636068622,2.608142501004739,32,196,2.954788944723618,2.9696661952980987,0.0148772505744804,137.1427355357069,137.1427355357069,2.2236946265596136,2201.9029163494315,2201.9029163494315,184.4194117556607,750.0,193262.7636068622,3669.8381939157193,True,0.08375456083296,154.61021088548975
thickness_grids_L5000mm.csv,109,5.0,193.74241918112497,2.5718063503774315,32,197,2.9698592964824124,2.984736547056893,0.0148772505744804,138.54524511705466,138.54524511705466,2.21266701507031,2203.211790526307,2203.211790526307,184.0506565258936,750.0,193742.41918112495,3672.0196508771783,True,0.0835374326323513,154.99393534489997
thickness_grids_L5000mm.csv,110,5.0,194.2214658012087,2.536262856590795,32,198,2.9849296482412058,2.9998068988156863,0.0148772505744804,139.9548897423325,139.9548897423325,2.201726416757112,2204.512020872446,2204.512020872446,183.68485811651075,749.9999999999999,194221.4658012087,3674.186701454077,True,0.0833222302157448,155.37717264096696
thickness_grids_L5000mm.csv,111,5.0,194.69991260349957,2.501489375954852,32,199,3.0,3.0148772505744805,0.0148772505744804,141.3716694115407,141.3716694115407,2.190871947352252,2205.8036759591364,2205.8036759591364,183.3219800622592,750.0,194699.91260349957,3676.339459931894,True,0.0831089285326113,155.75993008279966
thickness_grids_L5000mm.csv,112,5.0,197.174182235399,2.4835960143607805,33,192,2.894507537688442,2.9102021918638417,0.0156946541753996,131.60404764961788,131.60404764961788,2.3297395448524107,2189.402686258683,2189.402686258683,180.99843106196423,749.9999999999998,197174.182235399,3649.004477097805,True,0.0826702333919484,157.7393457883192
thickness_grids_L5000mm.csv,113,5.0,197.66834271304495,2.447842717727208,33,193,2.909577889447236,2.925272543622635,0.0156946541753996,132.97801705524483,132.97801705524483,2.318050507464356,2190.7729330033135,2190.7729330033135,180.6277126181305,750.0,197668.342713045,3651.288221672189,True,0.082449308140077,158.134674170436
thickness_grids_L5000mm.csv,114,5.0,198.16183560677027,2.4128918169358364,33,194,2.92464824120603,2.9403428953814297,0.0156946541753996,134.35912150480198,134.35912150480198,2.3064544915141,2192.134131271307,2192.134131271307,180.26001511121737,750.0,198161.83560677027,3653.5568854521784,True,0.0822303765722023,158.5294684854162
thickness_grids_L5000mm.csv,115,5.0,198.65467271247164,2.3787197307089984,33,195,2.9397185929648244,2.955413247140224,0.0156946541753996,135.74736099828937,135.74736099828937,2.2949505602540734,2193.486350583128,2193.486350583128,179.8953019324093,749.9999999999999,198654.67271247163,3655.8105843052135,True,0.0820134129781956,158.9237381699773
thickness_grids_L5000mm.csv,116,5.0,199.14686524377504,2.345303731612364,33,196,2.954788944723618,2.9704835988990177,0.0156946541753996,137.1427355357069,137.1427355357069,2.2835377844769584,2194.8296603453455,2194.8296603453455,179.53353678066892,750.0000000000001,199146.86524377504,3658.049433908909,True,0.0817983919318915,159.31749219502004
thickness_grids_L5000mm.csv,117,5.0,199.63842382477492,2.3126219106741006,33,197,2.9698592964824124,2.985553950657812,0.0156946541753996,138.54524511705466,138.54524511705466,2.272215242355168,2196.1641298577088,2196.1641298577088,179.17468364669816,750.0,199638.42382477492,3660.273549762848,True,0.0815852882809387,159.71073905981993
thickness_grids_L5000mm.csv,118,5.0,200.129358483818,2.2806531436233497,33,198,2.9849296482412058,3.0006243024166053,0.0156946541753996,139.9548897423325,139.9548897423325,2.260982019295568,2197.4898283186526,2197.4898283186526,178.8187067981926,750.0000000000001,200129.358483818,3662.4830471977543,True,0.0813740771373721,160.1034867870544
thickness_grids_L5000mm.csv,119,5.0,200.61967864812897,2.2493770586672635,33,199,3.0,3.0156946541753995,0.0156946541753996,141.3716694115407,141.3716694115407,2.2498372078083806,2198.8068248293616,2198.8068248293616,178.4655707662292,750.0000000000001,200619.67864812893,3664.6780413822694,True,0.081164733868824,160.49574291850314
thickness_grids_L5000mm.csv,120,5.0,203.06704665587796,2.238730791613655,34,192,2.894507537688442,2.911044746344789,0.016537208656347,131.60404764961788,131.60404764961788,2.390986598148351,2182.253553651709,2182.253553651709,176.30729757362283,750.0,203067.04665587796,3637.0892560861816,True,0.0807913898357943,162.45363732470236
thickness_grids_L5000mm.csv,121,5.0,203.573166598515,2.206494869286701,34,193,2.909577889447236,2.926115098103583,0.016537208656347,132.97801705524483,132.97801705524483,2.3789923272894864,2183.6495733970846,2183.6495733970846,175.94632848383085,749.9999999999999,203573.166598515,3639.415955661808,True,0.0805744340242801,162.858533278812
thickness_grids_L5000mm.csv,122,5.0,204.07860258514623,2.174982521922559,34,194,2.92464824120603,2.941185449862377,0.016537208656347,134.35912150480198,134.35912150480198,2.3670934833173876,2185.0364192005923,2185.0364192005923,175.58829971177505,750.0000000000002,204078.60258514623,3641.72736533432,True,0.080359438482959,163.262882068117
thickness_grids_L5000mm.csv,123,5.0,204.58336678387175,2.144172482486309,34,195,2.9397185929648244,2.9562558016211713,0.016537208656347,135.74736099828937,135.74736099828937,2.3552891054968974,2186.414161023783,2186.414161023783,175.23317562932803,750.0000000000001,204583.36678387175,3644.0236017063057,True,0.0801463779155526,163.6666934270974
thickness_grids_L5000mm.csv,124,5.0,205.08747076114193,2.114044254041653,34,196,2.954788944723618,2.971326153379965,0.016537208656347,137.1427355357069,137.1427355357069,2.343578240821664,2187.782868726428,2187.782868726428,174.88092090763098,750.0000000000001,205087.4707611419,3646.304781210714,True,0.0799352273059137,164.06997660891355
thickness_grids_L5000mm.csv,125,5.0,205.59092547452,2.0845780778332825,34,197,2.9698592964824124,2.9863965051387593,0.016537208656347,138.54524511705466,138.54524511705466,2.3319599438508676,2189.142612073414,2189.142612073414,174.53150050164658,750.0000000000001,205590.92547452,3648.571020122357,True,0.0797259619081379,164.472740379616
thickness_grids_L5000mm.csv,126,5.0,206.0937412662397,2.055754902838106,34,198,2.9849296482412058,3.0014668568975527,0.016537208656347,139.9548897423325,139.9548897423325,2.3204332765593665,2190.4934607403175,2190.4934607403175,174.18487963574887,750.0,206093.7412662397,3650.822434567196,True,0.0795185572372719,164.87499301299175
thickness_grids_L5000mm.csv,127,5.0,206.59592785775268,2.027556356697126,34,199,3.0,3.016537208656347,0.016537208656347,141.3716694115407,141.3716694115407,2.3089973082043853,2191.835484317264,2191.835484317264,173.84102379048628,750.0000000000001,206595.9278577527,3653.0591405287737,True,0.0793129890606895,165.27674228620214
thickness_grids_L5000mm.csv,128,5.0,209.01505367190487,2.0227140255335234,35,192,2.894507537688442,2.911912451705765,0.0174049140173227,131.60404764961788,131.60404764961788,2.4524151396301335,2175.134359632009,2175.134359632009,171.83621578818747,749.9999999999999,209015.05367190487,3625.223932720015,True,0.079000276478212,167.2120429375239
thickness_grids_L5000mm.csv,129,5.0,209.53312276617345,1.9935814542255763,35,193,2.909577889447236,2.926982803464558,0.0174049140173227,132.97801705524483,132.97801705524483,2.44011489306356,2176.555810794054,2176.555810794054,171.48454223059392,750.0000000000001,209533.12276617344,3627.59301799009,True,0.0787871100663541,167.62649821293874
thickness_grids_L5000mm.csv,130,5.0,210.05049148426608,1.965102909143687,35,194,2.92464824120603,2.942053155223353,0.0174049140173227,134.35912150480198,134.35912150480198,2.42791248282215,2177.967966290313,2177.967966290313,171.13573209620736,750.0,210050.49148426607,3629.9466104838552,True,0.0785758719802014,168.04039318741286
thickness_grids_L5000mm.csv,131,5.0,210.5671723708652,1.9372591653619744,35,195,2.9397185929648244,2.957123506982147,0.0174049140173227,135.74736099828937,135.74736099828937,2.4158069241624913,2179.3708964820044,2179.3708964820044,170.78975069234818,750.0,210567.1723708652,3632.2848274700073,True,0.0783665373195729,168.45373789669216
thickness_grids_L5000mm.csv,132,5.0,211.0831773494457,1.910031694153152,35,196,2.954788944723618,2.972193858740941,0.0174049140173227,137.1427355357069,137.1427355357069,2.4037972402584966,2180.7646716409804,2180.7646716409804,170.44656361754187,749.9999999999999,211083.17734944567,3634.607786068301,True,0.0781590814607631,168.86654187955654
thickness_grids_L5000mm.csv,133,5.0,211.59851771491128,1.8834026341312595,35,197,2.9698592964824124,2.987264210499735,0.0174049140173227,138.54524511705466,138.54524511705466,2.3918824620342365,2182.1493619565845,2182.1493619565845,170.1061367465373,749.9999999999999,211598.5177149113,3636.9156032609744,True,0.0779534800468537,169.27881417192904
thickness_grids_L5000mm.csv,134,5.0,212.11320412703424,1.8573547637193664,35,198,2.9849296482412058,3.0023345622585285,0.0174049140173227,139.9548897423325,139.9548897423325,2.380061628011542,2183.5250375410474,2183.5250375410474,169.76843621625682,750.0000000000001,212113.20412703423,3639.208395901746,True,0.0777497089785788,169.69056330162738
thickness_grids_L5000mm.csv,135,5.0,212.6272466050102,1.831871474868273,35,199,3.0,3.0174049140173227,0.0174049140173227,141.3716694115407,141.3716694115407,2.3683337841737826,2184.8917684332273,2184.8917684332273,169.43342841299943,749.9999999999999,212627.24660501015,3641.4862807220456,True,0.0775477444058929,170.10179728400814
thickness_grids_L5000mm.csv,136,5.0,215.01694038030007,1.831656387794543,36,192,2.894507537688442,2.912805307946769,0.0182977702583268,131.60404764961788,131.60404764961788,2.5140077303459236,2168.0469948179925,2168.0469948179925,167.57118849301995,749.9999999999998,215016.94038030008,3613.411658029988,True,0.0772913082112814,172.01355230424005
thickness_grids_L5000mm.csv,137,5.0,215.5469451064298,1.8052689361817127,36,193,2.909577889447236,2.927875659705563,0.0182977702583268,132.97801705524483,132.97801705524483,2.501400858387649,2169.493531705403,2169.493531705403,167.22838550298357,749.9999999999998,215546.9451064298,3615.822552842338,True,0.0770817626598444,172.43755608514385
thickness_grids_L5000mm.csv,138,5.0,216.0762329877643,1.779473985132649,36,194,2.92464824120603,2.942946011464357,0.0182977702583268,134.35912150480198,134.35912150480198,2.4888942353897168,2170.930654918639,2170.930654918639,166.88837252954917,750.0000000000001,216076.23298776432,3618.217758197732,True,0.0768741148647162,172.86098639021145
thickness_grids_L5000mm.csv,139,5.0,216.60481694989252,1.7542541163503276,36,195,2.9397185929648244,2.9580163632231513,0.0182977702583268,135.74736099828937,135.74736099828937,2.47648685258796,2172.358435178231,2172.358435178231,166.55111577313093,750.0000000000001,216604.81694989253,3620.5973919637186,True,0.0766683403052067,173.28385355991404
thickness_grids_L5000mm.csv,140,5.0,217.1327092774379,1.7295925423546608,36,196,2.954788944723618,2.973086714981945,0.0182977702583268,137.1427355357069,137.1427355357069,2.464177709324162,2173.776943128015,2173.776943128015,166.2165817177023,750.0,217132.70927743788,3622.961571880025,True,0.0764644147336112,173.7061674219503
thickness_grids_L5000mm.csv,141,5.0,217.6599216064456,1.705473080335135,36,197,2.9698592964824124,2.9881570667407393,0.0182977702583268,138.54524511705466,138.54524511705466,2.451965812874226,2175.1862493420326,2175.1862493420326,165.8847371161105,750.0,217659.92160644557,3625.3104155700544,True,0.0762623141656438,174.12793728515646
thickness_grids_L5000mm.csv,142,5.0,218.1864649179271,1.6818801271945785,36,198,2.9849296482412058,3.0032274184995327,0.0182977702583268,139.9548897423325,139.9548897423325,2.4398501782949267,2176.5864243295564,2176.5864243295564,165.55554897657754,750.0,218186.4649179271,3627.644040549261,True,0.0760620148715541,174.54917193434167
thickness_grids_L5000mm.csv,143,5.0,218.71234953206948,1.65879863574352,36,199,3.0,3.018297770258327,0.0182977702583268,141.3716694115407,141.3716694115407,2.427829828281202,2177.9775385391267,2177.9775385391267,165.22898455007544,749.9999999999998,218712.3495320695,3629.962564231878,True,0.0758634933677518,174.9698796256556
thickness_grids_L5000mm.csv,144,5.0,221.6134791791116,1.6382980458124672,37,193,2.909577889447236,2.928793666826595,0.0192157773793591,132.97801705524483,132.97801705524483,2.5628343928931288,2162.4643930607717,2162.4643930607717,163.16493096984806,750.0000000000001,221613.47917911157,3604.107321767953,True,0.075453233585457,177.29078334328926
thickness_grids_L5000mm.csv,145,5.0,222.1546698036772,1.6148828552073258,37,194,2.92464824120603,2.9438640185853893,0.0192157773793591,134.35912150480198,134.35912150480198,2.5500229947869495,2163.926138916949,2163.926138916949,162.83332016827066,750.0000000000002,222154.6698036772,3606.543564861582,True,0.0752490194742826,177.72373584294175
thickness_grids_L5000mm.csv,146,5.0,222.69514037627013,1.5919897845472153,37,195,2.9397185929648244,2.9589343703441835,0.0192157773793591,135.74736099828937,135.74736099828937,2.5373132279525312,2165.3784278144612,2165.3784278144612,162.5043962993737,749.9999999999998,222695.14037627017,3608.964046357435,True,0.0750466496811788,178.15611230101612
thickness_grids_L5000mm.csv,147,5.0,223.23490354670236,1.5696035906755206,37,196,2.954788944723618,2.9740047221029773,0.0192157773793591,137.1427355357069,137.1427355357069,2.524704067894864,2166.821330730068,2166.821330730068,162.17812669322677,750.0000000000003,223234.90354670235,3611.3688845501138,True,0.0748461003190254,178.58792283736187
thickness_grids_L5000mm.csv,148,5.0,223.7739712960194,1.547709579516796,37,197,2.9698592964824124,2.9890750738617715,0.0192157773793591,138.54524511705466,138.54524511705466,2.512194498237688,2168.254918583609,2168.254918583609,161.8544789418096,749.9999999999998,223773.9712960194,3613.758197639349,True,0.0746473477609078,179.0191770368155
thickness_grids_L5000mm.csv,149,5.0,224.31235492996743,1.5262935834148237,37,198,2.9849296482412058,3.004145425620565,0.0192157773793591,139.9548897423325,139.9548897423325,2.499783510565954,2169.679262243055,2169.679262243055,161.53342088588315,749.9999999999999,224312.35492996743,3616.132103738425,True,0.0744503686313925,179.44988394397396
thickness_grids_L5000mm.csv,150,5.0,224.8500650730618,1.50534193950989,37,199,3.0,3.019215777379359,0.0192157773793591,141.3716694115407,141.3716694115407,2.487470104281423,2171.094432528282,2171.094432528282,161.2149206026561,750.0,224850.06507306185,3618.4907208804702,True,0.0742551397982805,179.88005205844945
thickness_grids_L5000mm.csv,151,5.0,227.73166980698,1.4898903218503134,38,193,2.909577889447236,2.9297368248276556,0.0201589353804196,132.97801705524483,132.97801705524483,2.624401015168458,2155.469848428028,2155.469848428028,159.28221294688248,749.9999999999998,227731.66980698003,3592.4497473800466,True,0.073896748341456,182.18533584558404
thickness_grids_L5000mm.csv,152,5.0,228.2847442192388,1.4685905936059702,38,194,2.92464824120603,2.94480717658645,0.0201589353804196,134.35912150480198,134.35912150480198,2.6112843569510047,2156.9558696602035,2156.9558696602035,158.95863384545532,750.0000000000001,228284.7442192388,3594.9264494336726,True,0.0736958210788507,182.62779537539103
thickness_grids_L5000mm.csv,153,5.0,228.83708240035705,1.4477659008114263,38,195,2.9397185929648244,2.959877528345244,0.0201589353804196,135.74736099828937,135.74736099828937,2.5982717228742245,2158.432323536134,2158.432323536134,158.6376754212656,749.9999999999998,228837.08240035703,3597.3872058935567,True,0.0734967104094194,183.0696659202856
thickness_grids_L5000mm.csv,154,5.0,229.38869736922476,1.4274023733213983,38,196,2.954788944723618,2.974947880104038,0.0201589353804196,137.1427355357069,137.1427355357069,2.58536206460793,2159.8992813276072,2159.8992813276072,158.31930581352472,750.0000000000002,229388.69736922477,3599.832135546012,True,0.0732993927921546,183.51095789537985
thickness_grids_L5000mm.csv,155,5.0,229.93960145572845,1.4074866406454236,38,197,2.9698592964824124,2.990018231862832,0.0201589353804196,138.54524511705466,138.54524511705466,2.572554342126222,2161.3568142624745,2161.3568142624745,158.00349341679464,750.0000000000002,229939.60145572844,3602.2613571041243,True,0.0731038449432101,183.9516811645827
thickness_grids_L5000mm.csv,156,5.0,230.48980629376507,1.388005811329088,38,198,2.9849296482412058,3.0050885836216255,0.0201589353804196,139.9548897423325,139.9548897423325,2.5598475235441422,2162.804993529885,2162.804993529885,157.6902068679961,750.0000000000002,230489.80629376508,3604.6749892164753,True,0.0729100438272208,184.39184503501207
thickness_grids_L5000mm.csv,157,5.0,231.03932281559733,1.3689474532711052,38,199,3.0,3.0201589353804197,0.0201589353804196,141.3716694115407,141.3716694115407,2.5472405849723003,2164.243890283734,2164.243890283734,157.37941503461508,749.9999999999999,231039.32281559732,3607.07315047289,True,0.0727179666493051,184.83145825247783
thickness_grids_L5000mm.csv,158,5.0,233.9005502238927,1.357670865815532,39,193,2.909577889447236,2.9307051337087446,0.0211272442615085,132.97801705524483,132.97801705524483,2.686087446617307,2148.5111709316466,2148.5111709316466,155.56915246827836,749.9999999999998,233900.55022389273,3580.8519515527446,True,0.07240788624842,187.12044017911415
thickness_grids_L5000mm.csv,159,5.0,234.46548721514893,1.338256096737139,39,194,2.92464824120603,2.945775485467539,0.0211272442615085,134.35912150480198,134.35912150480198,2.672665114581357,2150.021118872423,2150.021118872423,155.25325729593646,749.9999999999997,234465.48721514893,3583.3685314540385,True,0.0722101080464544,187.57238977211915
thickness_grids_L5000mm.csv,160,5.0,235.0296717477515,1.3192744051477552,39,195,2.9397185929648244,2.960845837226333,0.0211272442615085,135.74736099828937,135.74736099828937,2.659349200726742,2151.521392625918,2151.521392625918,154.939919388746,750.0,235029.67174775153,3585.8689877098636,True,0.0720141198315685,188.02373739820123
thickness_grids_L5000mm.csv,161,5.0,235.59311721374613,1.3007131444874855,39,196,2.954788944723618,2.975916188985127,0.0211272442615085,137.1427355357069,137.1427355357069,2.6461386328990675,2153.0120637218306,2153.0120637218306,154.62910766049683,750.0000000000001,235593.11721374613,3588.3534395363845,True,0.0718198983953649,188.4744937709969
thickness_grids_L5000mm.csv,162,5.0,236.155836295425,1.282560123807954,39,197,2.9698592964824124,2.990986540743921,0.0211272442615085,138.54524511705466,138.54524511705466,2.633032347430735,2154.4932036594223,2154.4932036594223,154.3207912738901,750.0,236155.836295425,3590.8220060990375,True,0.0716274207835862,188.92466903634
thickness_grids_L5000mm.csv,163,5.0,236.71784095848471,1.264803588964541,39,198,2.9849296482412058,3.0060568925027145,0.0211272442615085,139.9548897423325,139.9548897423325,2.6200292889765335,2155.9648839124093,2155.9648839124093,154.01493962801743,750.0000000000001,236717.8409584847,3593.2748065206824,True,0.071436664287652,189.37427276678775
thickness_grids_L5000mm.csv,164,5.0,237.27914244606035,1.2474322046708048,39,199,3.0,3.0211272442615087,0.0211272442615085,141.3716694115407,141.3716694115407,2.607128410363227,2157.4271759325347,2157.4271759325347,153.7115223467251,749.9999999999999,237279.14244606032,3595.711959887558,True,0.0712476064367198,189.82331395684827
thickness_grids_L5000mm.csv,165,5.0,240.1192325637028,1.2396043654074265,40,193,2.909577889447236,2.9316985934698616,0.0221207040226256,132.97801705524483,132.97801705524483,2.7478814833707093,2141.5894733242076,2141.5894733242076,152.0154871449877,750.0000000000001,240119.23256370277,3569.3157888736796,True,0.0709825524632538,192.09538605096225
thickness_grids_L5000mm.csv,166,5.0,240.69600892463689,1.221873016443511,40,194,2.92464824120603,2.946768945228656,0.0221207040226256,134.35912150480198,134.35912150480198,2.734153129691948,2143.122998599949,2143.122998599949,151.7069491581823,750.0,240696.00892463687,3571.871664333248,True,0.0707877939144364,192.5568071397095
thickness_grids_L5000mm.csv,167,5.0,241.27201654892912,1.204537269612305,40,195,2.9397185929648244,2.96183929698745,0.0221207040226256,135.74736099828937,135.74736099828937,2.720533588831553,2144.6467463789068,2144.6467463789068,151.40090769604018,750.0000000000001,241272.01654892915,3574.4112439648447,True,0.0705947997970624,193.01761323914332
thickness_grids_L5000mm.csv,168,5.0,241.84726920563887,1.1875855712819083,40,196,2.954788944723618,2.976909648746244,0.0221207040226256,137.1427355357069,137.1427355357069,2.7070217648262473,2146.1607884128684,2146.1607884128684,151.09733241436683,750.0,241847.26920563888,3576.9346473547807,True,0.0704035472226228,193.4778153645111
thickness_grids_L5000mm.csv,169,5.0,242.4217799331837,1.1710067840886722,40,197,2.9698592964824124,2.991980000505038,0.0221207040226256,138.54524511705466,138.54524511705466,2.6936165703823716,2147.665196436795,2147.665196436795,150.7961932117493,750.0000000000002,242421.7799331837,3579.4419940613257,True,0.0702140135538519,193.93742394654697
thickness_grids_L5000mm.csv,170,5.0,242.99556103243657,1.1547901697506875,40,198,2.9849296482412058,3.007050352263831,0.0221207040226256,139.9548897423325,139.9548897423325,2.680316926708747,2149.1600421735693,2149.1600421735693,150.497460217369,750.0000000000003,242995.56103243656,3581.9334036226155,True,0.0700261763964131,194.39644882594925
thickness_grids_L5000mm.csv,171,5.0,243.56862406067728,1.138925372670072,40,199,3.0,3.0221207040226257,0.0221207040226256,141.3716694115407,141.3716694115407,2.6671217633633475,2150.6453973374487,2150.6453973374487,150.2011037796736,750.0,243568.62406067728,3584.4089955624145,True,0.0698400135910951,194.8548992485418
thickness_grids_L5000mm.csv,172,5.0,246.38689950752237,1.1339419906403707,41,193,2.909577889447236,2.932717204111007,0.0231393146637711,132.97801705524483,132.97801705524483,2.8097718837941112,2134.7057255991467,2134.7057255991467,148.61170591527903,749.9999999999998,246386.8995075224,3557.842875998578,True,0.0696169519447783,197.1095196060179
thickness_grids_L5000mm.csv,173,5.0,246.9754902546405,1.11771741139461,41,194,2.92464824120603,2.9477875558698012,0.0231393146637711,134.35912150480198,134.35912150480198,2.795737221683484,2136.2624787379227,2136.2624787379227,148.31021785854074,750.0,246975.4902546405,3560.4374645632047,True,0.0694250914083182,197.5803922037124
thickness_grids_L5000mm.csv,174,5.0,247.56329593407625,1.1018548881873405,41,195,2.9397185929648244,2.9628579076285955,0.0231393146637711,135.74736099828937,135.74736099828937,2.781813767086941,2137.809354543906,2137.809354543906,148.01116809834664,749.9999999999999,247563.29593407625,3563.01559090651,True,0.0692349707347614,198.050636747261
thickness_grids_L5000mm.csv,175,5.0,248.15033069576504,1.0863438457810046,41,196,2.954788944723618,2.9779282593873893,0.0231393146637711,137.1427355357069,137.1427355357069,2.768000400253985,2139.3464249561775,2139.3464249561775,147.71452700190795,750.0,248150.33069576503,3565.577374926963,True,0.0690465673435445,198.52026455661203
thickness_grids_L5000mm.csv,176,5.0,248.7366079378917,1.0711740899843525,41,197,2.9698592964824124,2.9929986111461835,0.0231393146637711,138.54524511705466,138.54524511705466,2.754296010286235,2140.8737619107706,2140.8737619107706,147.4202651733403,750.0,248736.6079378917,3568.122936517951,True,0.0688598589025468,198.98928635031336
thickness_grids_L5000mm.csv,177,5.0,249.3221402999276,1.056335791918228,41,198,2.9849296482412058,3.008068962904977,0.0231393146637711,139.9548897423325,139.9548897423325,2.740699494967141,2142.3914373453113,2142.3914373453113,147.12835344180675,750.0,249322.1402999276,3570.6523955755188,True,0.0686748233199237,199.45771223994208
thickness_grids_L5000mm.csv,178,5.0,249.90693965654128,1.0418194730025454,41,199,3.0,3.023139314663771,0.0231393146637711,141.3716694115407,141.3716694115407,2.7272097606064727,2143.899523202281,2143.899523202281,146.83876285046875,750.0000000000001,249906.93965654128,3573.165872003802,True,0.0684914387364291,199.92555172523305
thickness_grids_L5000mm.csv,179,5.0,252.70279693336585,1.0391772135290709,42,193,2.909577889447236,2.933760965632181,0.0241830761849448,132.97801705524483,132.97801705524483,2.871748269491442,2127.8607704759806,2127.8607704759806,145.34898863540556,750.0000000000001,252702.7969333658,3546.4346174599677,True,0.0683075653501955,202.16223754669264
thickness_grids_L5000mm.csv,180,5.0,253.30317551243076,1.0243041951387508,42,194,2.92464824120603,2.948831317390975,0.0241830761849448,134.35912150480198,134.35912150480198,2.8574070688436346,2129.4404024400483,2129.4404024400483,145.0542613256511,750.0,253303.17551243075,3549.0673374000808,True,0.0681184883875776,202.64254040994464
thickness_grids_L5000mm.csv,181,5.0,253.9027526369031,1.0097631392318236,42,195,2.9397185929648244,2.9639016691497693,0.0241830761849448,135.74736099828937,135.74736099828937,2.8431794699620703,2131.010060658102,2131.010060658102,144.76191644905927,749.9999999999999,253902.7526369031,3551.6834344301697,True,0.0679311276476816,203.12220210952248
thickness_grids_L5000mm.csv,182,5.0,254.50154284130747,0.9955443483247596,42,196,2.954788944723618,2.978972020908563,0.0241830761849448,137.1427355357069,137.1427355357069,2.829064329335486,2132.5698172228867,2132.5698172228867,144.4719250553848,749.9999999999998,254501.54284130747,3554.2830287048114,True,0.0677454608466332,203.60123427304595
thickness_grids_L5000mm.csv,183,5.0,255.0995598872772,0.9816384743780248,42,197,2.9698592964824124,2.9940423726673573,0.0241830761849448,138.54524511705466,138.54524511705466,2.8150605124882366,2134.119744237863,2134.119744237863,144.18425842573458,749.9999999999997,255099.5598872772,3556.8662403964386,True,0.0675614659463383,204.07964790982177
thickness_grids_L5000mm.csv,184,5.0,255.69681675627737,0.968036504367961,42,198,2.9849296482412058,3.00911272442615,0.0241830761849448,139.9548897423325,139.9548897423325,2.801166893804752,2135.6599138219844,2135.6599138219844,143.8988880609027,749.9999999999999,255696.81675627737,3559.4331897033076,True,0.0673791211463911,204.5574534050219
thickness_grids_L5000mm.csv,185,5.0,256.2933256435219,0.9547297465160446,42,199,3.0,3.024183076184945,0.0241830761849448,141.3716694115407,141.3716694115407,2.787382356372,2137.1903981127516,2137.1903981127516,143.6157856706141,749.9999999999999,256293.32564352188,3561.983996854586,True,0.0671984048765305,205.03466051481752
thickness_grids_L5000mm.csv,186,5.0,259.0662274350032,0.9540089647635652,43,193,2.909577889447236,2.9348298780333826,0.0252519885861468,132.97801705524483,132.97801705524483,2.9338010380136783,2121.0553370410103,2121.0553370410103,142.21915035419883,749.9999999999998,259066.2274350032,3535.092228401684,True,0.0670511268002099,207.25298194800257
thickness_grids_L5000mm.csv,187,5.0,277.9251970753799,0.953604475749236,49,164,2.4725376884422112,2.504731319916164,0.0321936314739526,96.0297321277241,96.0297321277241,3.8484733271981737,2025.9909387244445,2025.9909387244445,134.2257106915918,750.0000000000002,277925.1970753799,3376.6515645407408,True,0.0662518810553514,222.34015766030393
thickness_grids_L5000mm.csv,188,5.0,288.608211518652,0.9529811387144534,52,153,2.3067638190954773,2.342767808893715,0.0360039897982374,83.58457509572196,83.58457509572196,4.3210814915049145,1980.42519006375,1980.42519006375,130.41833827011175,750.0000000000003,288608.21151865204,3300.7086501062504,True,0.0658537060245701,230.8865692149216
thickness_grids_L5000mm.csv,189,5.0,382.8425454550663,0.9520216269122238,74,106,1.598457286432161,1.669320395949597,0.0708631095174364,40.134878108573474,40.134878108573474,7.9653584032614,1692.1152390309687,1692.115239030969,106.85843200788092,750.0000000000001,382842.54545506625,2820.192065051615,True,0.0631508005737694,306.274036364053
thickness_grids_L5000mm.csv,190,5.0,469.1980352170974,0.9517303536680894,91,88,1.3271909547738694,1.4333281735309715,0.106137218757102,27.668569323299774,27.668569323299774,10.86053574553034,1520.6425692842156,1520.6425692842156,93.015695630338,750.0,469198.0352170975,2534.4042821403596,True,0.0611686779715246,375.358428173678
thickness_grids_L5000mm.csv,191,5.0,605.2202284709336,0.9515696101173126,115,73,1.1011356783919597,1.269445872578975,0.1683101941870155,19.04590204162916,19.04590204162916,14.825996255895497,1339.0117180540133,1339.0117180540133,77.58251694145059,750.0,605220.2284709336,2231.686196756689,True,0.0579401329319218,484.1761827767469
thickness_grids_L5000mm.csv,192,5.0,1005.2246122623797,0.9514953366095849,177,56,0.8449396984924622,1.2409156586954873,0.3959759602030251,11.21427773808315,11.21427773808315,23.05282887249002,1080.336276778193,1080.336276778193,50.22274391189225,749.9999999999998,1005224.6122623796,1800.5604612969885,True,0.0464880657915772,804.1796898099036
thickness_grids_L5000mm.csv,193,5.0,1109.3955645068847,0.9507598243134678,192,54,0.8147989949748746,1.2803800156561704,0.4655810206812958,10.428476007633869,10.428476007633869,24.496285683419156,1045.7237840708,1045.7237840708,45.42745235283661,750.0000000000002,1109395.564506885,1742.8729734513336,True,0.0434411582148359,887.5164516055078
thickness_grids_L6000mm.csv,1,6.0,119.30857624520856,10.982430944690096,14,198,2.9849296482412058,2.9893944344839776,0.0044647862427716,167.94586769079902,167.94586769079902,1.3111516522909366,2316.305284784874,2316.305284784874,329.78290517430986,750.0000000000002,119308.57624520858,3860.50880797479,True,0.1423745424839102,79.53905083013905
thickness_grids_L6000mm.csv,2,6.0,119.6247625547008,10.815152693223322,14,199,3.0,3.004464786242772,0.0044647862427716,169.64600329384882,169.64600329384882,1.3051911630331816,2317.0954296717437,2317.0954296717437,329.10930629743143,749.9999999999999,119624.7625547008,3861.825716119573,True,0.1420352835204786,79.74984170313387
thickness_grids_L6000mm.csv,3,6.0,121.81053313911634,10.665390479638408,15,190,2.864366834170854,2.8691963081740357,0.0048294740031817,154.65301676418554,154.65301676418554,1.4147372722496996,2302.667079811183,2302.667079811183,322.43463859430153,750.0000000000003,121810.53313911636,3837.778466351972,True,0.14002659846978,81.20702209274424
thickness_grids_L6000mm.csv,4,6.0,122.14373881833694,10.491995716891036,15,191,2.8794371859296484,2.88426665993283,0.0048294740031817,156.28465594550542,156.28465594550542,1.4081767578805515,2303.525634687241,2303.525634687241,321.745807392047,750.0000000000001,122143.73881833696,3839.209391145402,True,0.139675375236591,81.42915921222463
thickness_grids_L6000mm.csv,5,6.0,122.47630242028508,10.322824256642589,15,192,2.894507537688442,2.8993370116916237,0.0048294740031817,157.92485717954148,157.92485717954148,1.4016629856057714,2304.3787656232403,2304.3787656232403,321.0623550637506,750.0000000000001,122476.30242028506,3840.631276038734,True,0.1393270758494063,81.65086828019004
thickness_grids_L6000mm.csv,6,6.0,122.80823210893588,10.157744808947824,15,193,2.909577889447236,2.9144073634504175,0.0048294740031817,159.57362046629382,159.57362046629382,1.3951955283064883,2305.2265146126542,2305.2265146126542,320.38421724888946,749.9999999999999,122808.23210893587,3842.0441910210902,True,0.1389816641523071,81.8721547392906
thickness_grids_L6000mm.csv,7,6.0,123.1395360567386,9.996630918541218,15,194,2.92464824120603,2.9294777152092117,0.0048294740031817,161.2309458057624,161.2309458057624,1.3887739654232167,2306.06892303865,2306.06892303865,319.7113309668096,749.9999999999999,123139.5360567386,3843.448205064417,True,0.138639104743467,82.09302403782573
thickness_grids_L6000mm.csv,8,6.0,123.47022244002471,9.83936076193188,15,195,2.9397185929648244,2.944548066968006,0.0048294740031817,162.89683319794722,162.89683319794722,1.3823978827356858,2306.9060316974833,2306.9060316974833,319.0436345711605,750.0,123470.2224400247,3844.843386162472,True,0.1382993629508175,82.31348162668314
thickness_grids_L6000mm.csv,9,6.0,123.8002994352465,9.685816953595475,15,196,2.954788944723618,2.9596184187268,0.0048294740031817,164.57128264284825,164.57128264284825,1.3760668721664515,2307.737880818961,2307.737880818961,318.3810677069741,749.9999999999999,123800.2994352465,3846.229801364935,True,0.137962404809158,82.533532956831
thickness_grids_L6000mm.csv,10,6.0,124.1297752142006,9.53588636165418,15,197,2.9698592964824124,2.974688770485594,0.0048294740031817,166.2542941404656,166.2542941404656,1.3697805315773923,2308.5645100880365,2308.5645100880365,317.7235712670594,749.9999999999998,124129.7752142006,3847.6075168133943,True,0.1376281970370163,82.75318347613373
thickness_grids_L6000mm.csv,11,6.0,124.45865793955906,9.389459932052397,15,198,2.9849296482412058,2.9897591222443873,0.0048294740031817,167.94586769079902,167.94586769079902,1.3635384645766722,2309.385958665206,2309.385958665206,317.07108735003777,750.0000000000001,124458.65793955908,3848.976597775344,True,0.137296707014405,82.9724386263727
thickness_grids_L6000mm.csv,12,6.0,124.78695576013745,9.2464325209301,15,199,3.0,3.0048294740031816,0.0048294740031817,169.64600329384882,169.64600329384882,1.3573402803308852,2310.2022652063984,2310.2022652063984,316.42355921924866,749.9999999999998,124786.95576013744,3850.337108677331,True,0.1369679027610938,83.19130384009162
thickness_grids_L6000mm.csv,13,6.0,127.03458495228854,9.13492710961556,16,190,2.864366834170854,2.8695861468144743,0.0052193126436201,154.65301676418554,154.65301676418554,1.4705971297228164,2295.385118981651,2295.385118981651,310.14174226896876,749.9999999999998,127034.58495228854,3825.641864969419,True,0.1351153406477442,84.68972330152569
thickness_grids_L6000mm.csv,14,6.0,127.38039891285918,8.986400467203646,16,191,2.8794371859296484,2.884656498573269,0.0052193126436201,156.28465594550542,156.28465594550542,1.4637781361874789,2296.2713515350524,2296.2713515350524,309.4792931071584,749.9999999999999,127380.39891285918,3827.118919225088,True,0.1347747046098328,84.92026594190612
thickness_grids_L6000mm.csv,15,6.0,127.72554459633052,8.841491637804367,16,192,2.894507537688442,2.8997268503320623,0.0052193126436201,157.92485717954148,157.92485717954148,1.4570077208525862,2297.152011454853,2297.152011454853,308.822016040588,750.0000000000001,127725.54459633052,3828.5866857580886,True,0.134436909051135,85.15036306422034
thickness_grids_L6000mm.csv,16,6.0,128.0700305478768,8.700088148940212,16,193,2.909577889447236,2.914797202090856,0.0052193126436201,159.57362046629382,159.57362046629382,1.450285439905381,2298.0271415946063,2298.0271415946063,308.1698491917346,750.0,128070.0305478768,3830.0452359910105,True,0.1341019188215048,85.3800203652512
thickness_grids_L6000mm.csv,17,6.0,128.4138653209073,8.562081670141938,16,194,2.92464824120603,2.9298675538496504,0.0052193126436201,161.2309458057624,161.2309458057624,1.4436108563443382,2298.896784186505,2298.896784186505,307.5227320094724,750.0,128413.8653209073,3831.494640310842,True,0.1337696995031873,85.60924354727153
thickness_grids_L6000mm.csv,18,6.0,128.75705747237055,8.427367839000127,16,195,2.9397185929648244,2.9449379056084446,0.0052193126436201,162.89683319794722,162.89683319794722,1.4369835397548705,2299.760980864783,2299.760980864783,306.88060522540144,750.0,128757.05747237054,3832.934968107972,True,0.1334402173872889,85.83803831491369
thickness_grids_L6000mm.csv,19,6.0,129.09961555863973,8.29584609519536,16,196,2.954788944723618,2.9600082573672384,0.0052193126436201,164.57128264284825,164.57128264284825,1.430403066102116,2300.619772687084,2300.619772687084,306.2434108121977,750.0000000000002,129099.61555863974,3834.366287811807,True,0.133113439451366,86.06641037242649
thickness_grids_L6000mm.csv,20,6.0,129.4415481306879,8.167419522547247,16,197,2.9698592964824124,2.9750786091260326,0.0052193126436201,166.2542941404656,166.2542941404656,1.423869017520918,2301.473200156413,2301.473200156413,305.61109194212275,750.0000000000002,129441.54813068788,3835.7886669273553,True,0.1327893333371654,86.29436542045859
thickness_grids_L6000mm.csv,21,6.0,129.7828637294717,8.041994698347255,16,198,2.9849296482412058,2.990148960884826,0.0052193126436201,167.94586769079902,167.94586769079902,1.4173809821165742,2302.3213032418635,2302.3213032418635,304.98359294678625,750.0000000000002,129782.8637294717,3837.2021720697726,True,0.1324678673290923,86.52190915298114
thickness_grids_L6000mm.csv,22,6.0,130.12357088052502,7.919481549849696,16,199,3.0,3.00521931264362,0.0052193126436201,169.64600329384882,169.64600329384882,1.4109385537650614,2303.164121399608,2303.164121399608,304.36085927663106,750.0000000000002,130123.57088052505,3838.606868999347,True,0.1321490103326524,86.74904725368336
thickness_grids_L6000mm.csv,23,6.0,132.41700299581976,7.841817529035647,17,190,2.864366834170854,2.870001136334941,0.0056343021640867,154.65301676418554,154.65301676418554,1.5277975260728844,2287.9804067528366,2287.980406752836,298.4836112699023,749.9999999999999,132417.00299581976,3813.300677921394,True,0.1304572409750301,88.27800199721317
thickness_grids_L6000mm.csv,24,6.0,132.77568816157634,7.714303301214134,17,191,2.8794371859296484,2.885071488093735,0.0056343021640867,156.28465594550542,156.28465594550542,1.5207139176332516,2288.8945592975915,2288.8945592975915,297.846186474616,749.9999999999999,132775.68816157634,3814.824265495986,True,0.1301266523024188,88.5171254410509
thickness_grids_L6000mm.csv,25,6.0,133.13367813674762,7.58989526025743,17,192,2.894507537688442,2.900141839852529,0.0056343021640867,157.92485717954148,157.92485717954148,1.513680766421593,2289.802991102438,2289.802991102438,297.21373760773275,750.0000000000002,133133.67813674762,3816.338318504064,True,0.1297988249480963,88.75578542449841
thickness_grids_L6000mm.csv,26,6.0,133.49098186173936,7.468496834443812,17,193,2.909577889447236,2.9152121916113227,0.0056343021640867,159.57362046629382,159.57362046629382,1.5066976115516646,2290.705745855208,2290.705745855208,296.58620514796013,750.0000000000003,133490.98186173936,3817.84290975868,True,0.1294737247176342,88.99398790782624
thickness_grids_L6000mm.csv,27,6.0,133.84760828453514,7.350015008781081,17,194,2.92464824120603,2.930282543370117,0.0056343021640867,161.2309458057624,161.2309458057624,1.4997639992030325,2291.6028666120974,2291.6028666120974,295.96353084887585,750.0,133847.60828453515,3819.3381110201626,True,0.1291513181280087,89.23173885635677
thickness_grids_L6000mm.csv,28,6.0,134.20356635667818,7.234360175398415,17,195,2.9397185929648244,2.945352895128911,0.0056343021640867,162.89683319794722,162.89683319794722,1.4928794824000402,2292.494395820092,2292.494395820092,295.34565769866765,750.0000000000001,134203.56635667817,3820.823993033486,True,0.1288315723855952,89.46904423778545
thickness_grids_L6000mm.csv,29,6.0,134.55886502808508,7.121445991260796,17,196,2.954788944723618,2.960423246887705,0.0056343021640867,164.57128264284825,164.57128264284825,1.4860436207847774,2293.380375340381,2293.380375340381,294.7325298783956,749.9999999999999,134558.86502808507,3822.3006255673017,True,0.1285144553635817,89.70591001872339
thickness_grids_L6000mm.csv,30,6.0,134.91351324262678,7.011189242373162,17,197,2.9698592964824124,2.975493598646499,0.0056343021640867,166.2542941404656,166.2542941404656,1.4792559804072196,2294.2608464697696,2294.2608464697696,294.124092723209,749.9999999999999,134913.51324262677,3823.768077449616,True,0.1281999355809015,89.94234216175117
thickness_grids_L6000mm.csv,31,6.0,135.26751993280877,6.903509714516774,17,198,2.9849296482412058,2.9905639504052925,0.0056343021640867,167.94586769079902,167.94586769079902,1.472516133512337,2295.1358499626804,2295.1358499626804,293.5202926827826,750.0,135267.51993280876,3825.226416604467,True,0.1278879821809046,90.1783466218725
thickness_grids_L6000mm.csv,32,6.0,135.62089401480844,6.798330069865488,17,199,3.0,3.005634302164087,0.0056343021640867,169.64600329384882,169.64600329384882,1.465823658340648,2296.0054260516144,2296.0054260516144,292.9210772836575,750.0,135620.89401480844,3826.675710086024,True,0.1275785649110537,90.41392934320562
thickness_grids_L6000mm.csv,33,6.0,137.94605606458998,6.749310870378225,18,190,2.864366834170854,2.870441276735436,0.0060744425645817,154.65301676418554,154.65301676418554,1.5861897077813412,2280.4751048020817,2280.4751048020817,287.4480920457046,750.0000000000002,137946.05606458997,3800.791841336803,True,0.126047458900303,91.9640373763933
thickness_grids_L6000mm.csv,34,6.0,138.3178396397633,6.639550250187998,18,191,2.8794371859296484,2.88551162849423,0.0060744425645817,156.28465594550542,156.28465594550542,1.5788360441230929,2281.4173256266176,2281.4173256266176,286.834359801422,750.0000000000002,138317.8396397633,3802.362209377696,True,0.1257263879692154,92.21189309317552
thickness_grids_L6000mm.csv,35,6.0,138.68890045945858,6.532463524713602,18,192,2.894507537688442,2.900581980253024,0.0060744425645817,157.92485717954148,157.92485717954148,1.5715347546332248,2282.3536787587245,2282.3536787587245,286.2254177297399,750.0,138688.9004594586,3803.922797931208,True,0.1254080033228705,92.4592669729724
thickness_grids_L6000mm.csv,36,6.0,139.05924787216682,6.427967557803326,18,193,2.909577889447236,2.9156523320118177,0.0060744425645817,159.57362046629382,159.57362046629382,1.5642853610142768,2283.284208691563,2283.284208691563,285.62120854024533,750.0000000000003,139059.24787216683,3805.473681152606,True,0.1250922716729691,92.70616524811122
thickness_grids_L6000mm.csv,37,6.0,139.42889123408276,6.325982275279302,18,194,2.92464824120603,2.930722683770612,0.0060744425645817,161.2309458057624,161.2309458057624,1.5570873923052162,2284.2089592753982,2284.2089592753982,285.02167617021547,750.0000000000001,139428.89123408275,3807.014932125664,True,0.1247791604234976,92.95259415605516
thickness_grids_L6000mm.csv,38,6.0,139.79783990387003,6.22643053636649,18,195,2.9397185929648244,2.945793035529406,0.0060744425645817,162.89683319794722,162.89683319794722,1.549940384637676,2285.127973742379,2285.127973742379,284.4267657439132,750.0,139797.83990387002,3808.546622903965,True,0.1244686376483783,93.19855993591334
thickness_grids_L6000mm.csv,39,6.0,140.16610323829445,6.129238010949527,18,196,2.954788944723618,2.9608633872882,0.0060744425645817,164.57128264284825,164.57128264284825,1.5428438810149805,2286.0412947286227,2286.0412947286227,283.8364235344439,750.0000000000002,140166.10323829445,3810.068824547705,True,0.1241606720705096,93.44406882552964
thickness_grids_L6000mm.csv,40,6.0,140.53369058693087,6.034333062800855,18,197,2.9698592964824124,2.975933739046994,0.0060744425645817,166.2542941404656,166.2542941404656,1.535797431085603,2286.9489642972408,2286.9489642972408,283.2505969251393,749.9999999999999,140533.69058693087,3811.581607162068,True,0.1238552330406637,93.68912705795393
thickness_grids_L6000mm.csv,41,6.0,140.90061128686838,5.9416466382472395,18,198,2.9849296482412058,2.9910040908057876,0.0060744425645817,167.94586769079902,167.94586769079902,1.5288005909248197,2287.851023960531,2287.851023960531,282.6692343719418,749.9999999999998,140900.61128686837,3813.085039934219,True,0.12355229051698,93.93374085791224
thickness_grids_L6000mm.csv,42,6.0,141.26687465727738,5.851112159961563,18,199,3.0,3.006074442564582,0.0060744425645817,169.64600329384882,169.64600329384882,1.5218529228264288,2288.747514701079,2288.747514701079,282.0922853667581,750.0000000000002,141266.8746572774,3814.5791911684655,True,0.1232518150450512,94.17791643818494
thickness_grids_L6000mm.csv,43,6.0,143.61144101954804,5.82555671255784,19,190,2.864366834170854,2.870906568015959,0.0065397338451049,154.65301676418554,154.65301676418554,1.6456430006218756,2272.888533915871,2272.888533915871,277.014884861119,750.0000000000001,143611.44101954805,3788.147556526452,True,0.1218779015017779,95.7409606796987
thickness_grids_L6000mm.csv,44,6.0,143.9965189430712,5.730808215003408,19,191,2.8794371859296484,2.885976919774753,0.0065397338451049,156.28465594550542,156.28465594550542,1.6380144529698903,2273.8588903502223,2273.8588903502223,276.4235566731136,750.0000000000001,143996.51894307122,3789.7648172503705,True,0.1215658358775898,95.99767929538082
thickness_grids_L6000mm.csv,45,6.0,144.3808459486455,5.638368061508118,19,192,2.894507537688442,2.901047271533547,0.0065397338451049,157.92485717954148,157.92485717954148,1.6304402299258078,2274.823233769536,2274.823233769536,275.83684297462617,749.9999999999998,144380.8459486455,3791.37205628256,True,0.1212563854983782,96.253897299097
thickness_grids_L6000mm.csv,46,6.0,144.76443180554648,5.548164477441275,19,193,2.909577889447236,2.9161176232923407,0.0065397338451049,159.57362046629382,159.57362046629382,1.6229198354914152,2275.78160943947,2275.78160943947,275.2546885857466,750.0,144764.43180554648,3792.9693490657833,True,0.1209495179344306,96.50962120369763
thickness_grids_L6000mm.csv,47,6.0,145.1472862903956,5.460128331886922,19,194,2.92464824120603,2.931187975051135,0.0065397338451049,161.2309458057624,161.2309458057624,1.6154527812712065,2276.7340619731203,2276.7340619731203,274.67703950878735,750.0000000000001,145147.28629039563,3794.5567699552007,True,0.1206452014297795,96.7648575269304
thickness_grids_L6000mm.csv,48,6.0,145.52941918183717,5.374193026542063,19,195,2.9397185929648244,2.946258326809929,0.0065397338451049,162.89683319794722,162.89683319794722,1.6080385862260915,2277.6806353555276,2277.6806353555276,274.10384288932,750.0,145529.41918183718,3796.1343922592127,True,0.120343404880612,97.01961278789145
thickness_grids_L6000mm.csv,49,6.0,145.9108402556517,5.290294389830517,19,196,2.954788944723618,2.961328678568723,0.0065397338451049,164.57128264284825,164.57128264284825,1.6006767764373229,2278.621372967132,2278.621372967132,273.5350469789251,750.0000000000001,145910.84025565168,3797.7022882785536,True,0.120044097814609,97.27389350376778
thickness_grids_L6000mm.csv,50,6.0,146.29155927937092,5.208370576051535,19,197,2.9698592964824124,2.976399030327517,0.0065397338451049,166.2542941404656,166.2542941404656,1.5933668848734406,2279.5563176070777,2279.5563176070777,272.97060109824866,749.9999999999999,146291.5592793709,3799.2605293451297,True,0.1197472503705433,97.52770618624729
thickness_grids_L6000mm.csv,51,6.0,146.67158600694594,5.1283619691840645,19,198,2.9849296482412058,2.9914693820863105,0.0065397338451049,167.94586769079902,167.94586769079902,1.586108451168965,2280.4855115152486,2280.4855115152486,272.4104556010806,750.0,146671.58600694593,3800.809185858748,True,0.1194528332785065,97.78105733796396
thickness_grids_L6000mm.csv,52,6.0,147.05093017280785,5.0502110912693965,19,199,3.0,3.0065397338451048,0.0065397338451049,169.64600329384882,169.64600329384882,1.578901021401924,2281.4089963946763,2281.4089963946763,271.85456183858844,750.0000000000002,147050.93017280786,3802.348327324461,True,0.1191608178402915,98.03395344853855
thickness_grids_L6000mm.csv,53,6.0,149.40410697401217,5.043365826357183,20,190,2.864366834170854,2.8713970101765107,0.0070301760056564,154.65301676418554,154.65301676418554,1.7060425858823085,2265.23752616064,2265.23752616064,267.1584719431038,750.0,149404.10697401216,3775.3958769344,True,0.1179383922691373,99.60273798267475
thickness_grids_L6000mm.csv,54,6.0,149.8026478260084,4.96132959267782,20,191,2.8794371859296484,2.886467361935305,0.0070301760056564,156.28465594550542,156.28465594550542,1.6981348634290645,2266.236015992888,2266.236015992888,266.58831382727556,750.0000000000001,149802.6478260084,3777.0600266548136,True,0.1176348411842167,99.8684318840056
thickness_grids_L6000mm.csv,55,6.0,150.20040904685604,4.8812921437105885,20,192,2.894507537688442,2.9015377136940987,0.0070301760056564,157.92485717954148,157.92485717954148,1.6902834456358802,2267.228349514284,2267.228349514284,266.0226041649522,750.0000000000003,150200.40904685605,3778.713915857141,True,0.1173338381296895,100.13360603123736
thickness_grids_L6000mm.csv,56,6.0,150.59740083883972,4.803191326382913,20,193,2.909577889447236,2.9166080654528925,0.0070301760056564,159.57362046629382,159.57362046629382,1.6824878185478802,2268.2145727282004,2268.2145727282004,265.4612897714054,750.0000000000002,150597.4008388397,3780.357621213668,True,0.1170353514888626,100.39826722589314
thickness_grids_L6000mm.csv,57,6.0,150.9936334109066,4.7269672771036335,20,194,2.92464824120603,2.9316784172116868,0.0070301760056564,161.2309458057624,161.2309458057624,1.674747476083781,2269.194730976173,2269.194730976173,264.90431860079127,749.9999999999999,150993.6334109066,3781.991218293622,True,0.1167393503010794,100.66242227393774
thickness_grids_L6000mm.csv,58,6.0,151.3891169735411,4.652562325526423,20,195,2.9397185929648244,2.946748768970481,0.0070301760056564,162.89683319794722,162.89683319794722,1.6670619197820922,2270.1688689627535,2270.1688689627535,264.35163970920803,750.0000000000001,151389.1169735411,3783.6147816045896,True,0.1164458042409818,100.92607798236072
thickness_grids_L6000mm.csv,59,6.0,151.78386173340442,4.579920902843948,20,196,2.954788944723618,2.961819120729275,0.0070301760056564,164.57128264284825,164.57128264284825,1.6594306585567888,2271.1370307794286,2271.1370307794286,263.80320321840003,750.0,151783.86173340442,3785.228384632381,True,0.1161546835982264,101.18924115560294
thickness_grids_L6000mm.csv,60,6.0,152.17787788785267,4.5089894544364535,20,197,2.9698592964824124,2.976889472488069,0.0070301760056564,166.2542941404656,166.2542941404656,1.6518532084566877,2272.099259928319,2272.099259928319,263.25896028036044,750.0000000000002,152177.87788785266,3786.832099880532,True,0.1158659592577244,101.45191859190176
thickness_grids_L6000mm.csv,61,6.0,152.57117561916192,4.439716356608674,20,198,2.9849296482412058,2.9919598242468624,0.0070301760056564,167.94586769079902,167.94586769079902,1.6443290924318643,2273.0555993452276,2273.0555993452276,262.718863042458,750.0000000000002,152571.17561916192,3788.4259989087127,True,0.1155796026802583,101.71411707944128
thickness_grids_L6000mm.csv,62,6.0,152.9637650887683,4.372051837162104,20,199,3.0,3.0070301760056566,0.0070301760056564,169.64600329384882,169.64600329384882,1.6368578401107354,2274.006091421569,2274.006091421569,262.18286461353676,750.0000000000001,152963.7650887683,3790.010152369282,True,0.115295585883693,101.9758433925122
thickness_grids_L6000mm.csv,63,6.0,155.72824486010614,4.308517498475521,21,191,2.8794371859296484,2.8869829549758848,0.0075457690462362,156.28465594550542,156.28465594550542,1.7590967767642367,2258.5633042214004,2258.5633042214004,257.30012278005654,749.9999999999999,155728.24486010615,3764.272173702334,True,0.1139220327803723,103.81882990673743
thickness_grids_L6000mm.csv,64,6.0,156.1395844194029,4.239002909040418,21,192,2.894507537688442,2.9020533067346785,0.0075457690462362,157.92485717954148,157.92485717954148,1.7509643733140696,2259.583568375171,2259.583568375171,256.75425340006893,750.0,156139.58441940288,3765.9726139586182,True,0.1136290142102142,104.09305627960192
thickness_grids_L6000mm.csv,65,6.0,156.550125771301,4.171170464644538,21,193,2.909577889447236,2.9171236584934723,0.0075457690462362,159.57362046629382,159.57362046629382,1.7428897486250543,2260.597581982373,2260.597581982373,256.2126243083916,749.9999999999999,156550.12577130098,3767.662636637288,True,0.1133384492447844,104.36675051420066
thickness_grids_L6000mm.csv,66,6.0,156.95987956860773,4.104968164940307,21,194,2.92464824120603,2.9321940102522666,0.0075457690462362,161.2309458057624,161.2309458057624,1.734872378708236,2261.605391077164,2261.605391077164,255.67518530354872,749.9999999999999,156959.87956860772,3769.34231846194,True,0.1130503076762542,104.63991971240516
thickness_grids_L6000mm.csv,67,6.0,157.3688564650956,4.040345914841743,21,195,2.9397185929648244,2.947264362011061,0.0075457690462362,162.89683319794722,162.89683319794722,1.7269117474632314,2262.6070410480156,2262.6070410480156,255.1418872469571,750.0,157368.8564650956,3771.011735080026,True,0.1127645599161479,104.9125709767304
thickness_grids_L6000mm.csv,68,6.0,157.77706710962553,3.9772554449030433,21,196,2.954788944723618,2.9623347137698546,0.0075457690462362,164.57128264284825,164.57128264284825,1.719007346420136,2263.6025766627713,2263.6025766627713,254.6126820274459,750.0000000000001,157777.06710962552,3772.670961104619,True,0.1124811769753422,105.18471140641702
thickness_grids_L6000mm.csv,69,6.0,158.18452214065118,3.915650235387903,21,197,2.9698592964824124,2.977405065528649,0.0075457690462362,166.2542941404656,166.2542941404656,1.7111586744950094,2264.5920420922484,2264.5920420922484,254.087522527498,750.0,158184.52214065118,3774.320070153747,True,0.1122001304450171,105.45634809376746
thickness_grids_L6000mm.csv,70,6.0,158.59123218014275,3.855485443948491,21,198,2.9849296482412058,2.992475417287442,0.0075457690462362,167.94586769079902,167.94586769079902,1.7033652377465904,2265.575480933951,2265.575480933951,253.56636258946455,749.9999999999998,158591.23218014275,3775.9591348899194,True,0.1119213924777008,105.72748812009516
thickness_grids_L6000mm.csv,71,6.0,158.997207827399,3.796717836638979,21,199,3.0,3.0075457690462364,0.0075457690462362,169.64600329384882,169.64600329384882,1.695626549143691,2266.5529362346797,2266.5529362346797,253.04915698268383,750.0000000000001,158997.207827399,3777.588227057799,True,0.1116449357688785,105.99813855159933
thickness_grids_L6000mm.csv,72,6.0,161.7662837131079,3.753415589244856,22,191,2.8794371859296484,2.8875236988964925,0.0080865129668442,156.28465594550542,156.28465594550542,1.8208116974222688,2250.8534771175646,2250.8534771175646,248.52899725777695,750.0,161766.2837131079,3751.422461862608,True,0.1104154489771774,107.84418914207194
thickness_grids_L6000mm.csv,73,6.0,162.19132479431866,3.6928493983715223,22,192,2.894507537688442,2.9025940506552863,0.0080865129668442,157.92485717954148,157.92485717954148,1.812394932132144,2251.901561698719,2251.901561698719,248.00186814872615,750.0000000000001,162191.32479431867,3753.169269497866,True,0.1101299774230123,108.12754986287912
thickness_grids_L6000mm.csv,74,6.0,162.6155384261075,3.6337489344222944,22,193,2.909577889447236,2.91766440241408,0.0080865129668442,159.57362046629382,159.57362046629382,1.8040379566171123,2252.943258082257,2252.943258082257,247.4788329118101,750.0000000000002,162615.5384261075,3754.905430137096,True,0.1098469000601764,108.41035895073831
thickness_grids_L6000mm.csv,75,6.0,163.03893571640947,3.5760688842289228,22,194,2.92464824120603,2.9327347541728743,0.0080865129668442,161.2309458057624,161.2309458057624,1.7957402287897963,2253.9786129575155,2253.9786129575155,246.95984308855503,749.9999999999999,163038.93571640947,3756.6310215958592,True,0.1095661873936378,108.69262381093964
thickness_grids_L6000mm.csv,76,6.0,163.46152777316527,3.519765595007009,22,195,2.9397185929648244,2.947805105931669,0.0080865129668442,162.89683319794722,162.89683319794722,1.7875012147178866,2255.0076723605966,2255.0076723605966,246.44485124602295,750.0000000000001,163461.52777316526,3758.3461206009943,True,0.1092878105323865,108.97435184877683
thickness_grids_L6000mm.csv,77,6.0,163.88332569852494,3.464797004924083,22,196,2.954788944723618,2.9628754576904623,0.0080865129668442,164.57128264284825,164.57128264284825,1.7793203883621969,2256.0304816992866,2256.0304816992866,245.9338109429763,750.0000000000003,163883.32569852495,3760.0508028321447,True,0.1090117411701521,109.2555504656833
thickness_grids_L6000mm.csv,78,6.0,164.30434058284263,3.41112257696169,22,197,2.9698592964824124,2.977945809449257,0.0080865129668442,166.2542941404656,166.2542941404656,1.771197231319085,2257.0470857777036,2257.0470857777036,245.42667669690695,750.0,164304.34058284262,3761.745142962839,True,0.1087379515666333,109.5362270552284
thickness_grids_L6000mm.csv,79,6.0,164.72458349842796,3.3587032358626807,22,198,2.9849296482412058,2.99301616120805,0.0080865129668442,167.94586769079902,167.94586769079902,1.763131232571815,2258.057528820099,2258.057528820099,244.92340395157385,750.0000000000001,164724.58349842796,3763.429214700165,True,0.1084664145291079,109.81638899895198
thickness_grids_L6000mm.csv,80,6.0,165.14406549333208,3.307501308013725,22,199,3.0,3.008086512966844,0.0080865129668442,169.64600329384882,169.64600329384882,1.7551218882493305,2259.0618544939935,2259.0618544939935,244.42394904558623,749.9999999999999,165144.06549333208,3765.1030908233224,True,0.1081971033946455,110.0960436622214
thickness_grids_L6000mm.csv,81,6.0,167.9105684787928,3.280194256823639,23,191,2.8794371859296484,2.888089593697129,0.0086524077674806,156.28465594550542,156.28465594550542,1.883201568186139,2243.117624475464,2243.117624475464,240.2445856054483,750.0000000000002,167910.56847879282,3738.5293741257738,True,0.1071029815753098,111.94037898586188
thickness_grids_L6000mm.csv,82,6.0,168.34941590575806,3.227257023564986,23,192,2.894507537688442,2.903159945455923,0.0086524077674806,157.92485717954148,157.92485717954148,1.8744974312740452,2244.1933759422495,2244.1933759422495,239.73516128735628,749.9999999999998,168349.41590575807,3740.3222932370822,True,0.1068246452633346,112.23294393717204
thickness_grids_L6000mm.csv,83,6.0,168.7874062082692,3.175601002316125,23,193,2.909577889447236,2.9182302972147167,0.0086524077674806,159.57362046629382,159.57362046629382,1.865855115453627,2245.262604367083,2245.262604367083,239.22969248759216,749.9999999999999,168787.4062082692,3742.104340611806,True,0.1065486469254355,112.52493747217947
thickness_grids_L6000mm.csv,84,6.0,169.22455096005342,3.125186581494977,23,194,2.92464824120603,2.933300648973511,0.0086524077674806,161.2309458057624,161.2309458057624,1.8572740603704627,2246.325357056565,2246.325357056565,238.72813239496335,750.0000000000003,169224.55096005343,3743.875595094275,True,0.1062749577415521,112.81636730670228
thickness_grids_L6000mm.csv,85,6.0,169.66086173383698,3.0759756011029,23,195,2.9397185929648244,2.948371000732305,0.0086524077674806,162.89683319794722,162.89683319794722,1.848753714094327,2247.3816806569935,2247.3816806569935,238.23043518846416,750.0,169660.861733837,3745.6361344283223,True,0.1060035494811102,113.10724115589132
thickness_grids_L6000mm.csv,86,6.0,170.09635009564826,3.0279312919958112,23,196,2.954788944723618,2.963441352491099,0.0086524077674806,164.57128264284825,164.57128264284825,1.8402935328521044,2248.4316211792934,2248.4316211792934,237.73655600512575,749.9999999999999,170096.35009564826,3747.386035298822,True,0.105734394484469,113.39756673043216
thickness_grids_L6000mm.csv,87,6.0,170.53102759823955,2.9810182180765583,23,197,2.9698592964824124,2.978511704249893,0.0086524077674806,166.2542941404656,166.2542941404656,1.831892980759137,2249.475224024436,2249.475224024436,237.24645090770056,749.9999999999998,170531.02759823954,3749.125373374061,True,0.1054674656443886,113.6873517321597
thickness_grids_L6000mm.csv,88,6.0,170.96490577477545,2.9352022211610156,23,198,2.9849296482412058,2.9935820560086865,0.0086524077674806,167.94586769079902,167.94586769079902,1.8235515295633569,2250.512534007547,2250.512534007547,236.7600768535744,750.0,170964.90577477546,3750.854223345912,True,0.105202736388217,113.9766038498503
thickness_grids_L6000mm.csv,89,6.0,171.3979961321805,2.8904503684249785,23,199,3.0,3.0086524077674808,0.0086524077674806,169.64600329384882,169.64600329384882,1.8152686583948872,2251.5435953816145,2251.5435953816145,236.27739166417655,750.0000000000001,171397.9961321805,3752.5726589693577,True,0.1049401806604281,114.265330754787
thickness_grids_L6000mm.csv,90,6.0,174.1556248443134,2.87567125786349,24,191,2.8794371859296484,2.8886806393777937,0.0092434534481452,156.28465594550542,156.28465594550542,1.9461974040913637,2235.365419577658,2235.365419577658,232.41694045826551,750.0,174155.6248443134,3725.60903262943,True,0.103972683133918,116.10374989620892
thickness_grids_L6000mm.csv,91,6.0,174.6083673245398,2.829255917547214,24,192,2.894507537688442,2.9037509911365875,0.0092434534481452,157.92485717954148,157.92485717954148,1.9372032101778691,2236.468647446414,2236.468647446414,231.9242491320013,750.0000000000002,174608.3673245398,3727.447745744023,True,0.1037010956522064,116.40557821635988
thickness_grids_L6000mm.csv,92,6.0,175.060222598435,2.783964043110744,24,193,2.909577889447236,2.9188213428953813,0.0092434534481452,159.57362046629382,159.57362046629382,1.928272886616455,2237.5652204117855,2237.5652204117855,231.43538253692557,750.0000000000001,175060.22259843498,3729.275367352976,True,0.1034317929263907,116.70681506562332
thickness_grids_L6000mm.csv,93,6.0,175.5112027158469,2.7397608975697514,24,194,2.92464824120603,2.9338916946541755,0.0092434534481452,161.2309458057624,161.2309458057624,1.9194058546383923,2238.6551863593313,2238.6551863593313,230.9502954191968,750.0,175511.2027158469,3731.091977265553,True,0.1031647467758469,117.00746847723128
thickness_grids_L6000mm.csv,94,6.0,175.96131972490664,2.6966130169746787,24,195,2.9397185929648244,2.9489620464129698,0.0092434534481452,162.89683319794722,162.89683319794722,1.9106015441744857,2239.7385925072413,2239.7385925072413,230.46894348225456,749.9999999999999,175961.31972490664,3732.897654178736,True,0.1028999295959175,117.3075464832711
thickness_grids_L6000mm.csv,95,6.0,176.41058566547983,2.6544881571849848,24,196,2.954788944723618,2.9640323981717636,0.0092434534481452,164.57128264284825,164.57128264284825,1.9018593935726356,2240.815485432523,2240.815485432523,229.99128335496977,750.0000000000001,176410.58566547983,3734.692475720872,True,0.1026373143394163,117.60705711031989
thickness_grids_L6000mm.csv,96,6.0,176.8590125630812,2.6133552431259943,24,197,2.9698592964824124,2.979102749930558,0.0092434534481452,166.2542941404656,166.2542941404656,1.893178849327773,2241.88591109597,2241.88591109597,229.51727256134137,750.0000000000001,176859.0125630812,3736.476518493285,True,0.1023768744989968,117.90600837538746
thickness_grids_L6000mm.csv,97,6.0,177.30661242165883,2.5731843204652898,24,198,2.9849296482412058,2.994173101689351,0.0092434534481452,167.94586769079902,167.94586769079902,1.8845593658118769,2242.9499148674204,2242.9499148674204,229.04686948966255,750.0000000000005,177306.61242165882,3738.2498581123673,True,0.1021185840893827,118.20440828110588
thickness_grids_L6000mm.csv,98,6.0,177.75339721713468,2.533946509495689,24,199,3.0,3.009243453448146,0.0092434534481452,169.64600329384882,169.64600329384882,1.8760004050198276,2244.007541549341,2244.007541549341,228.5800333634864,750.0000000000001,177753.39721713468,3740.012569248902,True,0.1018624176305872,118.50226481142312
thickness_grids_L6000mm.csv,99,6.0,180.4966055826812,2.5288840886649173,25,191,2.8794371859296484,2.8892968359384867,0.0098596500088381,156.28465594550542,156.28465594550542,2.009738106136713,2227.6053064839844,2227.6053064839844,225.01703390137104,749.9999999999999,180496.6055826812,3712.675510806641,True,0.1010129726511265,120.33107038845412
thickness_grids_L6000mm.csv,100,6.0,180.96331765749912,2.488060196410507,25,192,2.894507537688442,2.9043671876972805,0.0098596500088381,157.92485717954148,157.92485717954148,2.000451457731813,2228.73578885492,2228.73578885492,224.5401654995977,750.0000000000001,180963.3176574991,3714.5596480915337,True,0.1007477721775903,120.64221177166608
thickness_grids_L6000mm.csv,101,6.0,181.42911206004197,2.4482245226353796,25,193,2.909577889447236,2.9194375394560743,0.0098596500088381,159.57362046629382,159.57362046629382,1.9912307447855064,2229.8594875833783,2229.8594875833783,224.0669981280888,750.0,181429.112060042,3716.4324793056303,True,0.100484806049785,120.95274137336132
thickness_grids_L6000mm.csv,102,6.0,181.89400132648953,2.4093465098548643,25,194,2.92464824120603,2.9345078912148685,0.0098596500088381,161.2309458057624,161.2309458057624,1.9820753699894236,2230.9764510951027,2230.9764510951027,223.5974880063629,749.9999999999999,181894.00132648952,3718.294085158505,True,0.1002240466933693,121.26266755099302
thickness_grids_L6000mm.csv,103,6.0,182.35799799017067,2.3713967205456776,25,195,2.9397185929648244,2.949578242973663,0.0098596500088381,162.89683319794722,162.89683319794722,1.972984745007636,2232.086727142432,2232.086727142432,223.1315922796666,750.0,182357.99799017067,3720.1445452373873,True,0.0999654670969369,121.57199866011378
thickness_grids_L6000mm.csv,104,6.0,182.821114575149,2.334346790297221,25,196,2.954788944723618,2.964648594732457,0.0098596500088381,164.57128264284825,164.57128264284825,1.9639582901892985,2233.1903628304344,2233.1903628304344,222.6692689886168,749.9999999999999,182821.114575149,3721.983938050724,True,0.0997090407941743,121.88074305009933
thickness_grids_L6000mm.csv,105,6.0,183.28336358921,2.2981693831960928,25,197,2.9698592964824124,2.979718946491251,0.0098596500088381,166.2542941404656,166.2542941404656,1.9549954342839424,2234.287404643041,2234.287404643041,222.21047703910935,749.9999999999998,183283.36358920997,3723.8123410717353,True,0.0994547418462534,122.18890905947332
thickness_grids_L6000mm.csv,106,6.0,183.74475751716125,2.26283814927851,25,198,2.9849296482412058,2.994789298250044,0.0098596500088381,167.94586769079902,167.94586769079902,1.9460956141695616,2235.3778984679266,2235.3778984679266,221.7551761733764,750.0000000000001,183744.75751716128,3725.629830779878,True,0.0992025448249094,122.49650501144085
thickness_grids_L6000mm.csv,107,6.0,184.20530881342987,2.2283276839850625,25,199,3.0,3.0098596500088384,0.0098596500088381,169.64600329384882,169.64600329384882,1.937258274584267,2236.461889621252,2236.461889621252,221.30332694115455,749.9999999999999,184205.30881342987,3727.436482702087,True,0.0989524247956814,122.80353920895324
thickness_grids_L6000mm.csv,108,6.0,187.40995251142937,2.194703200205173,26,192,2.894507537688442,2.9050085351380015,0.0105009974495593,157.92485717954148,157.92485717954148,2.0641881904456385,2221.002150363522,2221.002150363522,217.55518964313376,749.9999999999999,187409.95251142935,3701.6702506058705,True,0.0979536150415367,124.9399683409529
thickness_grids_L6000mm.csv,109,6.0,187.88974775039296,2.159559065319946,26,193,2.909577889447236,2.9200788868967953,0.0105009974495593,159.57362046629382,159.57362046629382,2.054674960728443,2222.1527295438473,2222.1527295438473,217.09687713637183,750.0,187889.74775039297,3703.587882573079,True,0.0976966498522072,125.25983183359531
thickness_grids_L6000mm.csv,110,6.0,188.3686075191697,2.125259886817326,26,194,2.92464824120603,2.9351492386555895,0.0105009974495593,161.2309458057624,161.2309458057624,2.0452291295936256,2223.2964485004873,2223.2964485004873,216.64210619953369,750.0000000000002,188368.6075191697,3705.4940808341457,True,0.0974418442244393,125.57907167944646
thickness_grids_L6000mm.csv,111,6.0,188.84654484616337,2.0917796896029244,26,195,2.9397185929648244,2.950219590414384,0.0105009974495593,162.89683319794722,162.89683319794722,2.035850090332036,2224.433355481743,2224.433355481743,216.1908353428101,750.0000000000005,188846.54484616336,3707.3889258029058,True,0.0971891717097498,125.89769656410888
thickness_grids_L6000mm.csv,112,6.0,189.32357274913537,2.0590934455530694,26,196,2.954788944723618,2.9652899421731775,0.0105009974495593,164.57128264284825,164.57128264284825,2.026537245186455,2225.563498083367,2225.563498083367,215.74302394293215,750.0000000000003,189323.57274913535,3709.2724968056127,True,0.0969386063928204,126.21571516609023
thickness_grids_L6000mm.csv,113,6.0,189.7997042280724,2.0271770341414346,26,197,2.9698592964824124,2.980360293931972,0.0105009974495593,166.2542941404656,166.2542941404656,2.0172900050578706,2226.6869232751487,2226.6869232751487,215.29863221426191,749.9999999999999,189799.70422807243,3711.144872125248,True,0.0966901228743856,126.53313615204829
thickness_grids_L6000mm.csv,114,6.0,190.2749522578923,1.9960072048955304,26,198,2.9849296482412058,2.995430645690765,0.0105009974495593,167.94586769079902,167.94586769079902,2.008107789223734,2227.8036774263755,2227.8036774263755,214.8576211803629,750.0000000000001,190274.9522578923,3713.0061290439594,True,0.0964436962544979,126.8499681719282
thickness_grids_L6000mm.csv,115,6.0,190.74932978116163,1.9655615415994432,26,199,3.0,3.0105009974495593,0.0105009974495593,169.64600329384882,169.64600329384882,1.9989900250651425,2228.913806330517,2228.913806330517,214.41995264654645,750.0000000000001,190749.3297811616,3714.856343884196,True,0.0961993021163739,127.16621985410777
thickness_grids_L6000mm.csv,116,6.0,193.94443365443604,1.9417272116319235,27,192,2.894507537688442,2.905675033458751,0.0111674957703088,157.92485717954148,157.92485717954148,2.128365370085954,2213.2741588989606,2213.2741588989606,210.94303957347455,749.9999999999999,193944.43365443603,3688.7902648316017,True,0.0953081382734855,129.29628910295736
thickness_grids_L6000mm.csv,117,6.0,194.43828046361108,1.910629129573279,27,193,2.909577889447236,2.9207453852175447,0.0111674957703088,159.57362046629382,159.57362046629382,2.1185577230075294,2214.451350786293,2214.451350786293,210.4987931557121,750.0,194438.28046361107,3690.752251310488,True,0.0950568605090238,129.62552030907403
thickness_grids_L6000mm.csv,118,6.0,194.9311611308136,1.8802788010308056,27,194,2.92464824120603,2.935815736976339,0.0111674957703088,161.2309458057624,161.2309458057624,2.108819547149895,2215.6215607166605,2215.6215607166605,210.05797874479603,749.9999999999999,194931.1611308136,3692.7026011944345,True,0.094807697518908,129.9541074205424
thickness_grids_L6000mm.csv,119,6.0,195.4230891892171,1.8506532372177873,27,195,2.9397185929648244,2.950886088735133,0.0111674957703088,162.89683319794722,162.89683319794722,2.099150217340219,2216.7848373963247,2216.7848373963247,209.62055614406896,749.9999999999999,195423.0891892171,3694.6413956605415,True,0.0945606233892659,130.28205945947806
thickness_grids_L6000mm.csv,120,6.0,195.9140781596698,1.821730287526511,27,196,2.954788944723618,2.965956440493927,0.0111674957703088,164.57128264284825,164.57128264284825,2.089549117622821,2217.9412288745434,2217.9412288745434,209.18648599590196,749.9999999999999,195914.0781596698,3696.5687147909057,True,0.0943156127279576,130.60938543977986
thickness_grids_L6000mm.csv,121,6.0,196.40414154371493,1.793488604662922,27,197,2.9698592964824124,2.981026792252721,0.0111674957703088,166.2542941404656,166.2542941404656,2.0800156409601627,2219.090782570142,2219.090782570142,208.75572975410404,749.9999999999999,196404.14154371497,3698.484637616903,True,0.0940726406480423,130.93609436247664
thickness_grids_L6000mm.csv,122,6.0,196.89329281586944,1.765907611416108,27,198,2.9849296482412058,2.9960971440115145,0.0111674957703088,167.94586769079902,167.94586769079902,2.070549188942051,2220.233545297442,2220.233545297442,208.32824965625807,750.0,196893.29281586944,3700.389242162404,True,0.0938316827513515,131.26219521057962
thickness_grids_L6000mm.csv,123,6.0,197.38154541587105,1.7389674689817427,27,199,3.0,3.0111674957703087,0.0111674957703088,169.64600329384882,169.64600329384882,2.061149171501596,2221.369563291694,2221.369563291694,207.90400869689157,750.0000000000002,197381.54541587105,3702.2826054861566,True,0.0935927151125691,131.587696943914
thickness_grids_L6000mm.csv,124,6.0,200.56333791507953,1.722922898036351,28,192,2.894507537688442,2.9063666826595287,0.0118591449710865,157.92485717954148,157.92485717954148,2.192940142596929,2205.557438112716,2205.557438112716,204.6789694237844,750.0000000000001,200563.33791507952,3675.9290635211937,True,0.0928014686386617,133.70889194338636
thickness_grids_L6000mm.csv,125,6.0,201.07127734145345,1.6953246122446524,28,193,2.909577889447236,2.9214370344183225,0.0118591449710865,159.57362046629382,159.57362046629382,2.182836380414814,2206.760956074946,2206.760956074946,204.24805265615,750.0000000000003,201071.27734145345,3677.934926791577,True,0.0925555856396134,134.0475182276356
thickness_grids_L6000mm.csv,126,6.0,201.5782196309498,1.6683899961865556,28,194,2.92464824120603,2.9365073861771167,0.0118591449710865,161.2309458057624,161.2309458057624,2.172804172809491,2207.95737367968,2207.95737367968,203.8204640434153,749.9999999999999,201578.2196309498,3679.928956132801,True,0.0923117748889044,134.38547975396654
thickness_grids_L6000mm.csv,127,6.0,202.08417883070993,1.6420986444403334,28,195,2.9397185929648244,2.951577737935911,0.0118591449710865,162.89683319794722,162.89683319794722,2.1628428760661347,2209.146740053764,2209.146740053764,203.3961646147363,750.0000000000001,202084.17883070992,3681.91123342294,True,0.0920700109807039,134.7227858871399
thickness_grids_L6000mm.csv,128,6.0,202.5891689742618,1.6164308956376292,28,196,2.954788944723618,2.9666480896947047,0.0118591449710865,164.57128264284825,164.57128264284825,2.1529518559555965,2210.3291036627716,2210.3291036627716,202.97511621269337,749.9999999999999,202589.16897426185,3683.8818394379527,True,0.0918302690202739,135.05944598284125
thickness_grids_L6000mm.csv,129,6.0,203.09320407375836,1.591367801514851,28,197,2.9698592964824124,2.981718441453499,0.0118591449710865,166.2542941404656,166.2542941404656,2.1431304874252373,2211.50451233814,2211.50451233814,202.5572814660297,750.0,203093.20407375836,3685.8408538969,True,0.0915925246075458,135.39546938250558
thickness_grids_L6000mm.csv,130,6.0,203.5962981124096,1.5668910974091996,28,198,2.9849296482412058,2.9967887932122923,0.0118591449710865,167.94586769079902,167.94586769079902,2.133378154300452,2212.67301330338,2212.67301330338,202.1426237632649,750.0000000000001,203596.29811240963,3687.7883555056337,True,0.091356753821243,135.73086540827308
thickness_grids_L6000mm.csv,131,6.0,204.09846503621085,1.5429831741358715,28,199,3.0,3.0118591449710865,0.0118591449710865,169.64600329384882,169.64600329384882,2.123694248992688,2213.8346531998486,2213.8346531998486,201.73110722647408,750.0,204098.46503621084,3689.724421999748,True,0.0911229332032067,136.0656433574739
thickness_grids_L6000mm.csv,132,6.0,207.26360449891044,1.5331124231770534,29,192,2.894507537688442,2.907083482740335,0.0125759450518926,157.92485717954148,157.92485717954148,2.257874181862427,2197.856911796763,2197.856911796763,198.7397995762069,750.0,207263.60449891043,3663.0948529946054,True,0.0904243577047678,138.17573633260696
thickness_grids_L6000mm.csv,133,6.0,207.7856690273312,1.508550425327951,29,193,2.909577889447236,2.9221538344991287,0.0125759450518926,159.57362046629382,159.57362046629382,2.247472788760933,2199.0864533848294,2199.0864533848294,198.32152504601297,749.9999999999998,207785.66902733117,3665.144088974716,True,0.0901835963478183,138.5237793515541
thickness_grids_L6000mm.csv,134,6.0,208.30670511331112,1.4845791455502175,29,194,2.92464824120603,2.937224186257923,0.0125759450518926,161.2309458057624,161.2309458057624,2.2371450429706083,2200.308779587323,2200.308779587323,197.9064801497532,750.0000000000002,208306.70511331112,3667.1812993122057,True,0.0899448668231335,138.87113674220743
thickness_grids_L6000mm.csv,135,6.0,208.82672732728656,1.4611804198609628,29,195,2.9397185929648244,2.952294538016717,0.0125759450518926,162.89683319794722,162.89683319794722,2.2268902821699728,2201.523939914705,2201.523939914705,197.49462707985,750.0000000000001,208826.72732728656,3669.206566524508,True,0.0897081442082804,139.21781821819104
thickness_grids_L6000mm.csv,136,6.0,209.3457502243845,1.4383367466628771,29,196,2.954788944723618,2.967364889775511,0.0125759450518926,164.57128264284825,164.57128264284825,2.216707853790981,2202.731983212543,2202.731983212543,197.08592881755084,749.9999999999999,209345.75022438448,3671.2199720209055,True,0.0894734040816503,139.56383348292297
thickness_grids_L6000mm.csv,137,6.0,209.86378833653416,1.4160312591862054,29,197,2.9698592964824124,2.982435241534305,0.0125759450518926,166.2542941404656,166.2542941404656,2.206597114702519,2203.932957688853,2203.932957688853,196.6803491065863,750.0000000000001,209863.7883365342,3673.221596148089,True,0.089240622506428,139.90919222435613
thickness_grids_L6000mm.csv,138,6.0,210.3808561645199,1.3942476992227666,29,198,2.9849296482412058,2.9975055932930985,0.0125759450518926,167.94586769079902,167.94586769079902,2.196557430902734,2205.126910940761,2205.126910940761,196.2778524275052,750.0000000000002,210380.8561645199,3675.2115182346015,True,0.0890097760150087,140.25390410967995
thickness_grids_L6000mm.csv,139,6.0,210.89696816947028,1.3729703920891303,29,199,3.0,3.0125759450518927,0.0125759450518926,169.64600329384882,169.64600329384882,2.186588177218244,2206.3138899807027,2206.3138899807027,195.8784039722848,750.0000000000001,210896.9681694703,3677.189816634505,True,0.0887808415936673,140.5979787796469
thickness_grids_L6000mm.csv,140,6.0,214.0424895510772,1.367969972821447,30,192,2.894507537688442,2.907825433701169,0.0133178960127269,157.92485717954148,157.92485717954148,2.323133123720772,2190.1768930325557,2190.1768930325557,193.10390069914453,749.9999999999998,214042.4895510772,3650.2948217209264,True,0.0881681755083123,142.6949930340515
thickness_grids_L6000mm.csv,141,6.0,214.5787040889831,1.34604988883399,30,193,2.909577889447236,2.922895785459963,0.0133178960127269,159.57362046629382,159.57362046629382,2.3124327475059783,2191.4321426403126,2191.4321426403126,192.69762674242472,750.0,214578.7040889831,3652.386904400521,True,0.0879322809011352,143.0524693926554
thickness_grids_L6000mm.csv,142,6.0,215.11385857895735,1.324657043283053,30,194,2.92464824120603,2.937966137218757,0.0133178960127269,161.2309458057624,161.2309458057624,2.3018081195040163,2192.680065230389,2192.680065230389,192.294488874991,750.0,215113.85857895736,3654.466775383982,True,0.0876983796789278,143.40923905263824
thickness_grids_L6000mm.csv,143,6.0,215.64796812378864,1.3037752226795154,30,195,2.9397185929648244,2.9530364889775513,0.0133178960127269,162.89683319794722,162.89683319794722,2.291258558734393,2193.9207106604385,2193.9207106604385,191.89445039403236,749.9999999999999,215647.96812378865,3656.5345177673976,True,0.0874664473796166,143.76531208252578
thickness_grids_L6000mm.csv,144,6.0,216.18104780921595,1.2833888048497797,30,196,2.954788944723618,2.968106840736345,0.0133178960127269,164.57128264284825,164.57128264284825,2.2807833942378073,2195.154128120111,2195.154128120111,191.49747536221403,749.9999999999999,216181.04780921596,3658.590213533518,True,0.087236460032175,144.1206985394773
thickness_grids_L6000mm.csv,145,6.0,216.7131126957873,1.2634827343302202,30,197,2.9698592964824124,2.9831771924951394,0.0133178960127269,166.2542941404656,166.2542941404656,2.270381964751738,2196.380366158658,2196.380366158658,191.1035285821529,750.0000000000001,216713.11269578725,3660.6339435977634,True,0.0870083941409392,144.47540846385817
thickness_grids_L6000mm.csv,146,6.0,217.24417781058557,1.2440424989176873,30,198,2.9849296482412058,2.9982475442539327,0.0133178960127269,167.94586769079902,167.94586769079902,2.260053618394074,2197.5994727119755,2197.5994727119755,190.71257557145373,750.0,217244.17781058556,3662.665787853293,True,0.0867822266703142,144.8294518737237
thickness_grids_L6000mm.csv,147,6.0,217.774258138604,1.2250541073135806,30,199,3.0,3.013317896012727,0.0133178960127269,169.64600329384882,169.64600329384882,2.2497977123555875,2198.811495128974,2198.811495128974,190.3245825382192,749.9999999999998,217774.258138604,3664.685825214957,True,0.0865579350298309,145.18283875906934
thickness_grids_L6000mm.csv,148,6.0,220.89752694016823,1.2238738065291803,31,192,2.894507537688442,2.9085925355420317,0.0140849978535895,157.92485717954148,157.92485717954148,2.3886860774700276,2182.521161094145,2182.521161094145,187.75114713383337,749.9999999999999,220897.52694016823,3637.535268490242,True,0.0860248919830448,147.26501796011215
thickness_grids_L6000mm.csv,149,6.0,221.4479096812733,1.2042591462669872,31,193,2.909577889447236,2.9236628873008255,0.0140849978535895,159.57362046629382,159.57362046629382,2.377685513515578,2183.8017922656236,2183.8017922656236,187.35627465597528,750.0000000000001,221447.9096812733,3639.669653776039,True,0.0857936261979157,147.6319397875155
thickness_grids_L6000mm.csv,150,6.0,221.99720047822956,1.1851163268531248,31,194,2.92464824120603,2.9387332390596197,0.0140849978535895,161.2309458057624,161.2309458057624,2.366762805748123,2185.0749881925703,2185.0749881925703,186.9644493690421,750.0,221997.20047822956,3641.7916469876177,True,0.0855643171878936,147.99813365215303
thickness_grids_L6000mm.csv,151,6.0,222.54541497512344,1.166430837037083,31,195,2.9397185929648244,2.953803590818414,0.0140849978535895,162.89683319794722,162.89683319794722,2.3559172544857794,2186.3407990441865,2186.3407990441865,186.57563562038217,749.9999999999995,222545.41497512345,3643.901331740311,True,0.085336940929771,148.36360998341564
thickness_grids_L6000mm.csv,152,6.0,223.09256879706044,1.1481886948572997,31,196,2.954788944723618,2.9688739425772077,0.0140849978535895,164.57128264284825,164.57128264284825,2.3451481703351305,2187.59927431909,2187.59927431909,186.18979850056056,750.0,223092.56879706043,3645.9987905318167,True,0.0851114738820316,148.7283791980403
thickness_grids_L6000mm.csv,153,6.0,223.6386775419897,1.1303764256098132,31,197,2.9698592964824124,2.983944294336002,0.0140849978535895,166.2542941404656,166.2542941404656,2.3344548738604227,2188.8504628730047,2188.8504628730047,185.80690381874,749.9999999999998,223638.6775419897,3648.0841047883414,True,0.084887892969562,149.0924516946598
thickness_grids_L6000mm.csv,154,6.0,224.183756772,1.1129810408584897,31,198,2.9849296482412058,2.9990146460947953,0.0140849978535895,167.94586769079902,167.94586769079902,2.3238366952577416,2190.0944129462555,2190.0944129462555,185.4269180783504,750.0000000000001,224183.756772,3650.157354910426,True,0.0846661755686149,149.455837848
thickness_grids_L6000mm.csv,155,6.0,224.7278220042861,1.0959900184247198,31,199,3.0,3.0140849978535895,0.0140849978535895,169.64600329384882,169.64600329384882,2.3132929740379797,2191.331172190619,2191.331172190619,185.04980845320696,750.0,224727.8220042861,3652.2186203176984,True,0.0844462994921106,149.8185480028574
thickness_grids_L6000mm.csv,156,6.0,228.39105755863832,1.0801874265093114,32,193,2.909577889447236,2.9244551400217165,0.0148772505744804,159.57362046629382,159.57362046629382,2.443203380941469,2176.198705288786,2176.198705288786,182.27882023613213,750.0000000000003,228391.0575586383,3626.9978421479777,True,0.0837601914720114,152.26070503909222
thickness_grids_L6000mm.csv,157,6.0,228.9544966189873,1.0630136363373504,32,194,2.92464824120603,2.9395254917805107,0.0148772505744804,161.2309458057624,161.2309458057624,2.4319815283238935,2177.4968426521696,2177.4968426521696,181.89775230439653,749.9999999999999,228954.4966189873,3629.161404420283,True,0.0835352542154995,152.63633107932486
thickness_grids_L6000mm.csv,158,6.0,229.5168277501755,1.0462501834998663,32,195,2.9397185929648244,2.954595843539305,0.0148772505744804,162.89683319794722,162.89683319794722,2.4208389275277726,2178.7874903929205,2178.7874903929205,181.51961235147445,749.9999999999998,229516.82775017552,3631.312483988201,True,0.083312215235245,153.01121850011702
thickness_grids_L6000mm.csv,159,6.0,230.0780671255257,1.0298845215529333,32,196,2.954788944723618,2.9696661952980987,0.0148772505744804,164.57128264284825,164.57128264284825,2.4097748706945454,2180.070698284008,2180.070698284008,181.14436644598064,750.0,230078.06712552573,3633.45116380668,True,0.0830910513996469,153.38537808368383
thickness_grids_L6000mm.csv,160,6.0,230.63823088892804,1.0139045592795004,32,197,2.9698592964824124,2.984736547056893,0.0148772505744804,166.2542941404656,166.2542941404656,2.3987886601814767,2181.346515453759,2181.346515453759,180.77198135467717,750.0,230638.230888928,3635.577525756265,True,0.0828717400348808,153.7588205926187
thickness_grids_L6000mm.csv,161,6.0,231.19733514589376,0.9982986418478368,32,198,2.9849296482412058,2.9998068988156863,0.0148772505744804,167.94586769079902,167.94586769079902,2.387879608228924,2182.6149904135023,2182.6149904135023,180.4024245188359,750.0000000000001,231197.33514589377,3637.6916506891703,True,0.0826542589101608,154.13155676392918
thickness_grids_L6000mm.csv,162,6.0,231.75539595436985,0.9830555328504884,32,199,3.0,3.0148772505744805,0.0148772505744804,169.64600329384882,169.64600329384882,2.377047036635936,2183.8761710846384,2183.8761710846384,180.0356640311551,750.0000000000001,231755.39595436983,3639.7936184743976,True,0.0824385862233842,154.50359730291322
thickness_grids_L6000mm.csv,163,6.0,235.40613467005585,0.97131867386059,33,193,2.909577889447236,2.925272543622635,0.0156946541753996,159.57362046629382,159.57362046629382,2.5089613177413557,2168.6257764994793,2168.6257764994793,177.44797205984133,750.0,235406.13467005585,3614.376294165799,True,0.0818250774212744,156.93742311337056
thickness_grids_L6000mm.csv,164,6.0,235.9837286712292,0.9558728033083924,33,194,2.92464824120603,2.9403428953814297,0.0156946541753996,161.2309458057624,161.2309458057624,2.4974393753268127,2169.948516279332,2169.948516279332,177.07714262719958,750.0,235983.7286712292,3616.5808604655535,True,0.081604305954144,157.32248578081948
thickness_grids_L6000mm.csv,165,6.0,239.51437667114013,0.9505340931519712,34,188,2.834226130653266,2.850763339309613,0.016537208656347,151.41542455969454,151.41542455969454,2.6353297138954375,2154.2334173111094,2154.2334173111094,174.69585551232203,749.9999999999999,239514.37667114017,3590.389028851849,True,0.0810942092479354,159.67625111409342
thickness_grids_L6000mm.csv,166,6.0,734.0544441946017,0.9502154776087944,121,61,0.920291457286432,1.1064084745334712,0.1861170172470392,15.964374399581812,15.964374399581812,17.18118853785684,1251.8702365241832,1251.8702365241832,77.54649571924189,750.0,734054.4441946017,2086.450394206972,True,0.0619445158585682,489.36962946306784
thickness_grids_L6000mm.csv,167,6.0,1250.6110703493569,0.9501280590440656,189,48,0.7243768844221101,1.1755841771672428,0.4512072927451327,9.890774244732905,9.890774244732905,25.60537881207211,1020.737913358088,1020.737913358088,47.39863459881984,750.0000000000001,1250611.0703493569,1701.2298555968132,True,0.0464356559882103,833.7407135662379
thickness_grids_L7000mm.csv,1,7.0,114.5221976394942,10.88956743178398,10,192,2.894507537688442,2.8977650816898564,0.0032575440014141,184.24566670946507,184.24566670946507,1.2163304798092611,2328.945447999413,2328.945447999413,385.6674995717427,750.0,114522.1976394942,3881.575746665688,True,0.1655974809985501,65.44125579399669
thickness_grids_L7000mm.csv,2,7.0,114.83751414160416,10.699747348648003,10,193,2.909577889447236,2.91283543344865,0.0032575440014141,186.1692238773428,186.1692238773428,1.2111614188058124,2329.638850335998,2329.638850335998,384.84194249673584,750.0000000000002,114837.51414160416,3882.731417226664,True,0.165193820682219,65.62143665234524
thickness_grids_L7000mm.csv,3,7.0,115.15220157436352,10.514698185630976,10,194,2.92464824120603,2.9279057852074444,0.0032575440014141,188.1027701067228,188.1027701067228,1.206026322602698,2330.3281437111705,2330.3281437111705,384.022739439229,750.0000000000001,115152.20157436351,3883.8802395186176,True,0.1647934178178239,65.80125804249343
thickness_grids_L7000mm.csv,4,7.0,115.46626449462588,10.334270298081918,10,195,2.9397185929648244,2.9429761369662386,0.0032575440014141,190.0463053976051,190.0463053976051,1.200924861223555,2331.0133640549952,2331.0133640549952,383.2098063875634,749.9999999999998,115466.2644946259,3885.022273424992,True,0.1643962288233892,65.98072256835765
thickness_grids_L7000mm.csv,5,7.0,115.77970747100252,10.158319561460182,10,196,2.954788944723618,2.9580464887250324,0.0032575440014141,191.99982974998963,191.99982974998963,1.1958567105626792,2331.6945466632505,2331.6945466632505,382.4030610812165,750.0000000000001,115779.70747100252,3886.157577772085,True,0.1640022110222159,66.15983284057288
thickness_grids_L7000mm.csv,6,7.0,116.09253508541396,9.98670713831414,10,197,2.9698592964824124,2.973116840483826,0.0032575440014141,193.96334316387652,193.96334316387652,1.1908215522430037,2332.371726212677,2332.371726212677,381.6024229721452,750.0,116092.53508541395,3887.2862103544617,True,0.1636113226221422,66.33859147737941
thickness_grids_L7000mm.csv,7,7.0,116.40475193500482,9.81929925624006,10,198,2.9849296482412058,2.98818719224262,0.0032575440014141,195.93684563926553,195.93684563926553,1.185819073479656,2333.0449367756064,2333.0449367756064,380.80781318823585,749.9999999999999,116404.75193500482,3888.408227959344,True,0.163223522695852,66.51700110571704
thickness_grids_L7000mm.csv,8,7.0,116.71636263300124,9.65596699651449,10,199,3.0,3.003257544001414,0.0032575440014141,197.92033717615695,197.92033717615695,1.180848966940821,2333.7142118350657,2333.7142118350657,380.0191544948984,750.0000000000002,116716.36263300123,3889.523686391776,True,0.1628387711604492,66.695064361715
thickness_grids_L7000mm.csv,9,7.0,119.07724755310242,9.48645501659052,11,191,2.8794371859296484,2.8829588141713596,0.003521628241711,182.3320986030897,182.3320986030897,1.270008766678834,2321.771377911703,2321.771377911703,371.71062041762855,749.9999999999998,119077.24755310242,3869.618963186171,True,0.1600978562979617,68.04414145891568
thickness_grids_L7000mm.csv,10,7.0,119.4053806178861,9.31977336317759,11,192,2.894507537688442,2.898029165930154,0.003521628241711,184.24566670946507,184.24566670946507,1.2645992184631505,2322.492170331051,2322.492170331051,370.9105541103973,750.0000000000001,119405.3806178861,3870.820283885085,True,0.1597036833314823,68.23164606736349
thickness_grids_L7000mm.csv,11,7.0,119.73285353202564,9.157308268284076,11,193,2.909577889447236,2.913099517688947,0.003521628241711,186.1692238773428,186.1692238773428,1.2592253271300375,2323.208696440709,2323.208696440709,370.116679853968,750.0,119732.85353202563,3872.014494067848,True,0.1593127128100925,68.4187734468718
thickness_grids_L7000mm.csv,12,7.0,120.05967105404898,8.998926708787813,11,194,2.92464824120603,2.9281698694477414,0.003521628241711,188.1027701067228,188.1027701067228,1.253886743452879,2323.920993730148,2323.920993730148,369.3289151549575,750.0000000000001,120059.67105404896,3873.2016562169138,True,0.1589249015570637,68.60552631659941
thickness_grids_L7000mm.csv,13,7.0,120.38583795300065,8.844500596075479,11,195,2.9397185929648244,2.9432402212065356,0.003521628241711,190.0463053976051,190.0463053976051,1.2485831244595271,2324.6290990225,2324.6290990225,368.547179241756,750.0000000000001,120385.83795300064,3874.3818317041673,True,0.1585402072944578,68.79190740171465
thickness_grids_L7000mm.csv,14,7.0,120.711359010285,8.693906566598866,11,196,2.954788944723618,2.9583105729653294,0.003521628241711,191.99982974998963,191.99982974998963,1.2433141332807456,2325.333048490586,2325.333048490586,367.7713930263994,750.0000000000001,120711.359010285,3875.555080817643,True,0.1581585886224453,68.97791943444858
thickness_grids_L7000mm.csv,15,7.0,121.036239021163,8.547025782483585,11,197,2.9698592964824124,2.9733809247241236,0.003521628241711,193.96334316387652,193.96334316387652,1.2380794389999306,2326.0328776729148,2326.0328776729148,367.00147906739255,750.0,121036.239021163,3876.7214627881913,True,0.1577800049991383,69.16356515495029
thickness_grids_L7000mm.csv,16,7.0,121.36048279649712,8.403743741467855,11,198,2.9849296482412058,2.988451276482917,0.003521628241711,195.93684563926553,195.93684563926553,1.2328787165109558,2326.728621488713,2326.728621488713,366.2373615338166,750.0000000000001,121360.4827964971,3877.881035814522,True,0.1574044167211415,69.34884731228406
thickness_grids_L7000mm.csv,17,7.0,121.68409516398258,8.263950095929825,11,199,3.0,3.003521628241711,0.003521628241711,197.92033717615695,197.92033717615695,1.2277116463749824,2327.4203142532297,2327.4203142532297,365.47896616929233,750.0000000000001,121684.09516398258,3879.033857088716,True,0.1570317849041199,69.5337686651329
thickness_grids_L7000mm.csv,18,7.0,123.89252179353085,8.249284645713242,12,190,2.864366834170854,2.8681776975328903,0.0038108633620363,180.4285195582165,180.4285195582165,1.326712808160377,2314.245214312509,2314.245214312509,358.08571019267356,749.9999999999999,123892.52179353085,3857.075357187515,True,0.154731101085608,70.79572673916047
thickness_grids_L7000mm.csv,19,7.0,124.2341485987897,8.103179372105352,12,191,2.8794371859296484,2.8832480492916845,0.0038108633620363,182.3320986030897,182.3320986030897,1.32104874743424,2314.994589477616,2314.994589477616,357.31070679914893,750.0,124234.1485987897,3858.324315796027,True,0.1543462383986724,70.99094205645126
thickness_grids_L7000mm.csv,20,7.0,124.57508221417542,7.960794220651071,12,192,2.894507537688442,2.8983184010504783,0.0038108633620363,184.24566670946507,184.24566670946507,1.3154221406003672,2315.7395350603792,2315.7395350603792,356.5417351102748,750.0000000000001,124575.08221417542,3859.565891767299,True,0.1539645239510835,71.1857612652431
thickness_grids_L7000mm.csv,21,7.0,124.9153276149071,7.822011145730471,12,193,2.909577889447236,2.913388752809272,0.0038108633620363,186.1692238773428,186.1692238773428,1.3098326178485136,2316.4800901722097,2316.4800901722097,355.77871416463717,750.0000000000001,124915.3276149071,3860.800150287016,True,0.1535859149724823,71.38018720851835
thickness_grids_L7000mm.csv,22,7.0,125.25488978541362,7.68671650532671,12,194,2.92464824120603,2.9284591045680664,0.0038108633620363,188.1027701067228,188.1027701067228,1.3042798160359796,2317.2162932245305,2317.2162932245305,355.0215646925653,749.9999999999999,125254.88978541364,3862.0271553742177,True,0.1532103695846768,71.57422273452208
thickness_grids_L7000mm.csv,23,7.0,125.59377372079238,7.554800873246381,12,195,2.9397185929648244,2.9435294563268606,0.0038108633620363,190.0463053976051,190.0463053976051,1.2987633785189074,2317.9481819465323,2317.9481819465323,354.2702090780263,750.0000000000001,125593.77372079238,3863.2469699108874,True,0.1528378467807345,71.76787069759564
thickness_grids_L7000mm.csv,24,7.0,125.93198442919186,7.426158860032793,12,196,2.954788944723618,2.9585998080856544,0.0038108633620363,191.99982974998963,191.99982974998963,1.293282955000745,2318.6757934007996,2318.6757934007996,353.5245713233173,750.0,125931.98442919186,3864.4596556679994,True,0.1524683064055294,71.9611339595382
thickness_grids_L7000mm.csv,25,7.0,126.26952693313795,7.300688942659643,12,197,2.9698592964824124,2.9736701598444486,0.0038108633620363,193.96334316387652,193.96334316387652,1.287838201374068,2319.399163999953,2319.399163999953,352.78457701254257,750.0,126269.52693313795,3865.6652733332553,True,0.1521017091358017,72.15401539036455
thickness_grids_L7000mm.csv,26,7.0,126.60640627130796,7.178293302181612,12,198,2.9849296482412058,2.988740511603242,0.0038108633620363,195.93684563926553,195.93684563926553,1.2824287795713534,2320.1183295222495,2320.1183295222495,352.05015327717746,749.9999999999999,126606.40627130798,3866.863882537082,True,0.1517380164612855,72.34651786931884
thickness_grids_L7000mm.csv,27,7.0,126.94262749999788,7.058877669068802,12,199,3.0,3.003810863362036,0.0038108633620363,197.92033717615695,197.92033717615695,1.277054357418242,2320.833325126976,2320.833325126976,351.32122876187265,750.0000000000001,126942.62749999788,3868.0555418782938,True,0.1513771906660515,72.53864428571308
thickness_grids_L7000mm.csv,28,7.0,129.29688636471735,7.041805672953351,13,190,2.864366834170854,2.868492083533244,0.0041252493623898,180.4285195582165,180.4285195582165,1.3802570853610006,2307.1872436283315,2307.1872436283315,344.1539719055843,750.0,129296.88636471736,3845.312072713886,True,0.1491660344673024,73.88393506555278
thickness_grids_L7000mm.csv,29,7.0,129.65188489293004,6.917078449188938,13,191,2.8794371859296484,2.8835624352920384,0.0041252493623898,182.3320986030897,182.3320986030897,1.3743648250185605,2307.961629458013,2307.961629458013,343.40922706146625,750.0000000000001,129651.88489293004,3846.602715763355,True,0.1487932999744499,74.08679136738859
thickness_grids_L7000mm.csv,30,7.0,130.00616053894413,6.795527164079519,13,192,2.894507537688442,2.898632787050832,0.0041252493623898,184.24566670946507,184.24566670946507,1.3685115234712752,2308.7314582806744,2308.7314582806744,342.67027773056805,749.9999999999999,130006.16053894414,3847.885763801124,True,0.1484236187372595,74.28923459368237
thickness_grids_L7000mm.csv,31,7.0,130.35971851639246,6.677051035579348,13,193,2.909577889447236,2.913703138809626,0.0041252493623898,186.1692238773428,186.1692238773428,1.3626967961193972,2309.496770150697,2309.496770150697,341.93704613087425,749.9999999999998,130359.71851639246,3849.1612835844953,True,0.1480569492671611,74.49126772365284
thickness_grids_L7000mm.csv,32,7.0,130.71256404828074,6.5615530414481755,13,194,2.92464824120603,2.92877349056842,0.0041252493623898,188.1027701067228,188.1027701067228,1.3569202652939645,2310.2576044058555,2310.2576044058555,341.2094561051065,750.0000000000002,130712.56404828074,3850.429340676426,True,0.1476932509406705,74.69289374187471
thickness_grids_L7000mm.csv,33,7.0,131.06470236912378,6.44893975880354,13,195,2.9397185929648244,2.9438438423272144,0.0041252493623898,190.0463053976051,190.0463053976051,1.3511815600873167,2311.0139996847224,2311.0139996847224,340.48743308543203,750.0000000000002,131064.70236912376,3851.6899994745377,True,0.1473324839797087,74.89411563949929
thickness_grids_L7000mm.csv,34,7.0,131.416138726727,6.339121211318569,13,196,2.954788944723618,2.958914194086008,0.0041252493623898,191.99982974998963,191.99982974998963,1.3454803161901203,2311.7659939433784,2311.7659939433784,339.7709040580472,750.0000000000001,131416.13872672702,3852.943323238964,True,0.1469746094320172,75.09493641527258
thickness_grids_L7000mm.csv,35,7.0,131.76687838390137,6.232010723796828,13,197,2.9698592964824124,2.9739845458448024,0.0041252493623898,193.96334316387652,193.96334316387652,1.3398161757275002,2312.513624472384,2312.513624472384,339.05979752879017,750.0000000000002,131766.87838390138,3854.18937412064,True,0.1466195891521067,75.29535907651507
thickness_grids_L7000mm.csv,36,7.0,132.11692662057288,6.127524783456608,13,198,2.9849296482412058,2.989054897603596,0.0041252493623898,195.93684563926553,195.93684563926553,1.334188787109144,2313.25692791206,2313.25692791206,338.35404349069296,749.9999999999998,132116.9266205729,3855.4282131867662,True,0.1462673857832517,75.49538664032737
thickness_grids_L7000mm.csv,37,7.0,132.46628873452025,6.025582908040241,13,199,3.0,3.00412524936239,0.0041252493623898,197.92033717615695,197.92033717615695,1.3285978048678406,2313.9959402694317,2313.9959402694317,337.6535733894559,750.0000000000002,132466.28873452026,3856.659900449053,True,0.1459179627385781,75.69502213401158
thickness_grids_L7000mm.csv,38,7.0,134.93923505478892,6.013318565185552,14,190,2.864366834170854,2.868831620413626,0.0044647862427716,180.4285195582165,180.4285195582165,1.4358280760684712,2299.9117251435982,2299.9117251435982,330.7920796367745,749.9999999999999,134939.23505478894,3833.186208572664,True,0.143828163498806,77.10813431702225
thickness_grids_L7000mm.csv,39,7.0,135.30808021577573,5.906800994630714,14,191,2.8794371859296484,2.88390197217242,0.0044647862427716,182.3320986030897,182.3320986030897,1.429699028030745,2300.7116954803587,2300.7116954803587,330.076359930248,750.0000000000001,135308.08021577573,3834.5194924672646,True,0.1434670674203411,77.31890298044327
thickness_grids_L7000mm.csv,40,7.0,135.67617152363803,5.802995820758977,14,192,2.894507537688442,2.898972323931214,0.0044647862427716,184.24566670946507,184.24566670946507,1.4236104998122578,2301.506980004952,2301.506980004952,329.3662091454404,750.0,135676.17152363804,3835.84496667492,True,0.1431089334105481,77.52924087065031
thickness_grids_L7000mm.csv,41,7.0,136.04351444263122,5.701816967166948,14,193,2.909577889447236,2.9140426756900077,0.0044647862427716,186.1692238773428,186.1692238773428,1.4175620914808402,2302.297619710575,2302.297619710575,328.66155255080946,750.0000000000001,136043.51444263122,3837.1626995176257,True,0.142753721211824,77.73915111007499
thickness_grids_L7000mm.csv,42,7.0,136.41011444693845,5.60318156877899,14,194,2.92464824120603,2.929113027448802,0.0044647862427716,188.1027701067228,188.1027701067228,1.4115534103110703,2303.083654856828,2303.083654856828,327.9623169760248,750.0000000000002,136410.11444693845,3838.4727580947138,True,0.1424013914059985,77.94863682682197
thickness_grids_L7000mm.csv,43,7.0,136.77597702248943,5.507009834840037,14,195,2.9397185929648244,2.944183379207596,0.0044647862427716,190.0463053976051,190.0463053976051,1.4055840706054985,2303.8651249878685,2303.8651249878685,327.2684307772675,750.0,136775.97702248942,3839.7752083131145,True,0.1420519053948485,78.15770115570824
thickness_grids_L7000mm.csv,44,7.0,137.14110766915408,5.413224918371909,14,196,2.954788944723618,2.95925373096639,0.0044647862427716,191.99982974998963,191.99982974998963,1.399653693526778,2304.6420689493043,2304.6420689493043,326.5798238039239,749.9999999999999,137141.1076691541,3841.070114915507,True,0.1417052253814029,78.36634723951663
thickness_grids_L7000mm.csv,45,7.0,137.50551190246125,5.321752791920738,14,197,2.9698592964824124,2.974324082725184,0.0044647862427716,193.96334316387652,193.96334316387652,1.3937619069296738,2305.4145249052635,2305.4145249052635,325.896427365385,749.9999999999999,137505.51190246126,3842.357541508773,True,0.1413613143513863,78.57457822997786
thickness_grids_L7000mm.csv,46,7.0,137.86919525550903,5.232522129165037,14,198,2.9849296482412058,2.9893944344839776,0.0044647862427716,195.93684563926553,195.93684563926553,1.3879083451992016,2306.182530354812,2306.182530354812,325.21817419933353,750.0000000000001,137869.19525550902,3843.637550591354,True,0.1410201360554482,78.7823972888623
thickness_grids_L7000mm.csv,47,7.0,138.2321632803731,5.145464192125763,14,199,3.0,3.004464786242772,0.0044647862427716,197.92033717615695,197.92033717615695,1.382092649091562,2306.946122148166,2306.946122148166,324.54499843985536,749.9999999999999,138232.1632803731,3844.910203580277,True,0.1406816549914255,78.98980758878463
thickness_grids_L7000mm.csv,48,7.0,140.79978465539713,5.14110765006337,15,190,2.864366834170854,2.8691963081740357,0.0048294740031817,180.4285195582165,180.4285195582165,1.4931960066458565,2292.453390012996,2292.453390012996,318.03975510290763,750.0,140799.78465539715,3820.75565002166,True,0.1387333572357188,80.45701980308408
thickness_grids_L7000mm.csv,49,7.0,141.1828911910903,5.05003336693609,15,191,2.8794371859296484,2.88426665993283,0.0048294740031817,182.3320986030897,182.3320986030897,1.4868225692403103,2293.279379900109,2293.279379900109,317.3517407706165,750.0000000000001,141182.89119109034,3822.132299833515,True,0.1383833751579102,80.6759378234802
thickness_grids_L7000mm.csv,50,7.0,141.56521173420344,4.961278348795731,15,192,2.894507537688442,2.8993370116916237,0.0048294740031817,184.24566670946507,184.24566670946507,1.4804912622223725,2294.100554602807,2294.100554602807,316.6690790432008,750.0,141565.21173420345,3823.5009243380114,True,0.1380362680301203,80.89440670525912
thickness_grids_L7000mm.csv,51,7.0,141.9467520112772,4.874768991454049,15,193,2.909577889447236,2.9144073634504175,0.0048294740031817,186.1692238773428,186.1692238773428,1.4742016698498168,2294.9169560421856,2294.9169560421856,315.99169810182707,750.0000000000001,141946.7520112772,3824.861593403643,True,0.1376919967713282,81.11242972072982
thickness_grids_L7000mm.csv,52,7.0,142.32751775922426,4.790434436857629,15,194,2.92464824120603,2.9294777152092117,0.0048294740031817,188.1027701067228,188.1027701067228,1.4679533838720753,2295.728625388848,2295.728625388848,315.3195276279635,750.0,142327.51775922425,3826.21437564808,True,0.1373505231153159,81.33001014812814
thickness_grids_L7000mm.csv,53,7.0,142.70751472692874,4.708206455964111,15,195,2.9397185929648244,2.944548066968006,0.0048294740031817,190.0463053976051,190.0463053976051,1.461746003341185,2296.535603081901,2296.535603081901,314.65249876945774,750.0000000000001,142707.51472692873,3827.559338469835,True,0.1370118095914563,81.5471512725307
thickness_grids_L7000mm.csv,54,7.0,143.08674867801534,4.628019337060473,15,196,2.954788944723618,2.9596184187268,0.0048294740031817,191.99982974998963,191.99982974998963,1.4555791344405686,2297.337928845805,2297.337928845805,313.99054410947605,749.9999999999998,143086.74867801534,3828.896548076342,True,0.1366758195069833,81.76385638743734
thickness_grids_L7000mm.csv,55,7.0,143.46522539231222,4.549809779523651,15,197,2.9698592964824124,2.974688770485594,0.0048294740031817,193.96334316387652,193.96334316387652,1.4494523903089878,2298.1356417080233,2298.1356417080233,313.3335976341137,749.9999999999998,143465.22539231222,3830.226069513372,True,0.1363425169287385,81.98012879560699
thickness_grids_L7000mm.csv,56,7.0,143.84295066782903,4.473516792585016,15,198,2.9849296482412058,2.9897591222443873,0.0048294740031817,195.93684563926553,195.93684563926553,1.4433653908714332,2298.928780015938,2298.928780015938,312.68159470173146,750.0000000000002,143842.95066782902,3831.547966693231,True,0.1360118666658145,82.19597181018801
thickness_grids_L7000mm.csv,57,7.0,144.21993032244785,4.399081598851823,15,199,3.0,3.0048294740031816,0.0048294740031817,197.92033717615695,197.92033717615695,1.437317762675619,2299.71738145319,2299.71738145319,312.03447201287963,750.0000000000001,144219.93032244785,3832.8623024219833,True,0.1356838342525833,82.41138875568448
thickness_grids_L7000mm.csv,58,7.0,147.25880018373547,4.325309394339328,16,191,2.8794371859296484,2.884656498573269,0.0052193126436201,182.3320986030897,182.3320986030897,1.545533461365087,2285.6950514096898,2285.6950514096898,305.2520154559468,749.9999999999999,147258.80018373547,3809.4917523494832,True,0.1335488805769099,84.1478858192774
thickness_grids_L7000mm.csv,59,7.0,147.6557106312455,4.249285509841987,16,192,2.894507537688442,2.8997268503320623,0.0052193126436201,184.24566670946507,184.24566670946507,1.5389526890860403,2286.5424307352578,2286.5424307352578,304.595497208699,750.0,147655.7106312455,3810.9040512254296,True,0.133212265433777,84.37469178928315
thickness_grids_L7000mm.csv,60,7.0,148.05180787466466,4.175185272429315,16,193,2.909577889447236,2.914797202090856,0.0052193126436201,186.1692238773428,186.1692238773428,1.5324152695174913,2287.384908464845,2287.384908464845,303.9440567611502,750.0000000000001,148051.80787466466,3812.3081807747417,True,0.1328784043456591,84.60103307123696
thickness_grids_L7000mm.csv,61,7.0,148.4470979245198,4.102947981502526,16,194,2.92464824120603,2.9298675538496504,0.0052193126436201,188.1027701067228,188.1027701067228,1.525920778470662,2288.2225266638525,2288.2225266638525,303.29762650752497,749.9999999999999,148447.0979245198,3813.704211106421,True,0.1325472601433227,84.8269130997256
thickness_grids_L7000mm.csv,62,7.0,148.84158680386952,4.032515188700038,16,195,2.9397185929648244,2.9449379056084446,0.0052193126436201,190.0463053976051,190.0463053976051,1.519468799345441,2289.055326649828,2289.055326649828,302.65614025184937,749.9999999999999,148841.58680386952,3815.092211083047,True,0.1322187964302309,85.05233531649687
thickness_grids_L7000mm.csv,63,7.0,149.2352805509376,3.963830602264476,16,196,2.954788944723618,2.9600082573672384,0.0052193126436201,191.99982974998963,191.99982974998963,1.5130589229479945,2289.883349010266,2289.8833490102656,302.0195331776518,750.0,149235.2805509376,3816.472248350443,True,0.1318929775650758,85.27730317196435
thickness_grids_L7000mm.csv,64,7.0,149.62818522086616,3.89683999600177,16,197,2.9698592964824124,2.9750786091260326,0.0052193126436201,193.96334316387652,193.96334316387652,1.506690747309841,2290.7066336203943,2290.7066336203943,301.3877418173226,750.0000000000001,149628.18522086614,3817.844389367324,True,0.1315697686442668,85.50182012620922
thickness_grids_L7000mm.csv,65,7.0,150.02030688782176,3.83149112252575,16,198,2.9849296482412058,2.990148960884826,0.0052193126436201,195.93684563926553,195.93684563926553,1.500363877514453,2291.525219660175,2291.525219660175,300.7607040226975,749.9999999999998,150020.30688782176,3819.208699433625,True,0.1312491354850981,85.72588965018386
thickness_grids_L7000mm.csv,66,7.0,150.41165164620787,3.767733630664418,16,199,3.0,3.00521931264362,0.0052193126436201,197.92033717615695,197.92033717615695,1.4940779255213343,2292.339145631784,2292.339145631784,300.1383589351522,750.0,150411.65164620787,3820.56524271964,True,0.1309310446087732,85.9495152264045
thickness_grids_L7000mm.csv,67,7.0,153.52038722880684,3.712984042687348,17,191,2.8794371859296484,2.885071488093735,0.0056343021640867,182.3320986030897,182.3320986030897,1.605653891002604,2277.985273418147,2277.985273418147,293.77705694429545,749.9999999999999,153520.38722880685,3796.642122363578,True,0.1289635452750224,87.7259355593182
thickness_grids_L7000mm.csv,68,7.0,153.9322017971919,3.647717235544787,17,192,2.894507537688442,2.900141839852529,0.0056343021640867,184.24566670946507,184.24566670946507,1.5988177296826194,2278.859067913882,2278.859067913882,293.1453366944936,750.0000000000003,153932.2017971919,3798.0984465231368,True,0.1286368871256463,87.96125816982394
thickness_grids_L7000mm.csv,69,7.0,154.34316924674496,3.584101984598969,17,193,2.909577889447236,2.9152121916113227,0.0056343021640867,186.1692238773428,186.1692238773428,1.5920265973646417,2279.727833177729,2279.727833177729,292.5185016766203,749.9999999999999,154343.16924674498,3799.546388629548,True,0.128312905347511,88.1960967124257
thickness_grids_L7000mm.csv,70,7.0,154.7532958717573,3.5220861722076884,17,194,2.92464824120603,2.930282543370117,0.0056343021640867,188.1027701067228,188.1027701067228,1.5852800535592266,2280.5916121490686,2280.5916121490686,291.89648685819503,750.0000000000001,154753.2958717573,3800.986020248448,True,0.1279915638131863,88.43045478386131
thickness_grids_L7000mm.csv,71,7.0,155.16258798018276,3.4616196145681304,17,195,2.9397185929648244,2.945352895128911,0.0056343021640867,190.0463053976051,190.0463053976051,1.578577665660568,2281.4504470030697,2281.4504470030697,291.2792285638466,749.9999999999999,155162.58798018275,3802.417411671783,True,0.1276728271466396,88.66433598867586
thickness_grids_L7000mm.csv,72,7.0,155.57105189521474,3.4026539796764865,17,196,2.954788944723618,2.960423246887705,0.0056343021640867,191.99982974998963,191.99982974998963,1.571919008748314,2282.304379169991,2282.304379169991,290.6666644442057,750.0000000000003,155571.05189521474,3803.8406319499854,True,0.1273566607053143,88.89774394012271
thickness_grids_L7000mm.csv,73,7.0,155.9786939579132,3.345142709093968,17,197,2.9698592964824124,2.975493598646499,0.0056343021640867,193.96334316387652,193.96334316387652,1.5653036654062262,2283.1534493525164,2283.1534493525164,290.0587334477366,749.9999999999998,155978.6939579132,3805.2557489208607,True,0.1270430305637121,89.13068226166469
thickness_grids_L7000mm.csv,74,7.0,156.38552052881786,3.2890409434966124,17,198,2.9849296482412058,2.9905639504052925,0.0056343021640867,195.93684563926553,195.93684563926553,1.55873122553689,2283.9976975437853,2283.997697543785,289.45537579157985,749.9999999999999,156385.52052881787,3806.6628292396417,True,0.1267319034966018,89.36315458789592
thickness_grids_L7000mm.csv,75,7.0,156.7915379899467,3.2343054516915526,17,199,3.0,3.005634302164087,0.0056343021640867,197.92033717615695,197.92033717615695,1.5522012861862535,2284.8371630443385,2284.8371630443385,288.85653293400486,750.0000000000001,156791.5379899467,3808.061938407231,True,0.1264232469630919,89.59516456568383
thickness_grids_L7000mm.csv,76,7.0,159.95410031563378,3.195653577261806,18,191,2.8794371859296484,2.88551162849423,0.0060744425645817,182.3320986030897,182.3320986030897,1.6670275733844573,2270.173224394134,2270.173224394134,282.9149038016804,749.9999999999998,159954.10031563378,3783.6220406568914,True,0.1246226062230052,91.40234303750502
thickness_grids_L7000mm.csv,77,7.0,160.38109251459622,3.1394754080201515,18,192,2.894507537688442,2.900581980253024,0.0060744425645817,184.24566670946507,184.24566670946507,1.659930770207144,2271.073555022838,2271.073555022838,282.30666169599334,750.0000000000001,160381.0925145962,3785.122591704729,True,0.1243053801897466,91.64633857976926
thickness_grids_L7000mm.csv,78,7.0,160.80720277621523,3.0847188988592453,18,193,2.909577889447236,2.9156523320118177,0.0060744425645817,186.1692238773428,186.1692238773428,1.652880706069465,2271.968729973895,2271.968729973895,281.7031224746885,750.0000000000001,160807.20277621524,3786.6145499564914,True,0.12399075689652,91.88983015783728
thickness_grids_L7000mm.csv,79,7.0,161.23243768915427,3.031339184245887,18,194,2.92464824120603,2.930722683770612,0.0060744425645817,188.1027701067228,188.1027701067228,1.645876923870694,2272.8587930351987,2272.8587930351987,281.104223543391,749.9999999999999,161232.43768915426,3788.097988391998,True,0.1236787012043108,92.13282153665958
thickness_grids_L7000mm.csv,80,7.0,161.65680385568106,2.979293063533674,18,195,2.9397185929648244,2.945793035529406,0.0060744425645817,190.0463053976051,190.0463053976051,1.638918974683916,2273.743787215773,2273.743787215773,280.50990361285375,750.0000000000001,161656.80385568106,3789.572978692955,True,0.1233691787043172,92.3753164889606
thickness_grids_L7000mm.csv,81,7.0,162.0803078943744,2.928538930253537,18,196,2.954788944723618,2.9608633872882,0.0060744425645817,191.99982974998963,191.99982974998963,1.6320064175607387,2274.6237547641617,2274.6237547641617,279.92010267083805,750.0000000000002,162080.3078943744,3791.039591273603,True,0.123062155701377,92.61731879678536
thickness_grids_L7000mm.csv,82,7.0,162.5029564420974,2.8790367048126724,18,197,2.9698592964824124,2.975933739046994,0.0060744425645817,193.96334316387652,193.96334316387652,1.6251388193358165,2275.498737187045,2275.498737187045,279.3347619537592,749.9999999999999,162502.9564420974,3792.497895311742,True,0.1227575991973833,92.8588322526271
thickness_grids_L7000mm.csv,83,7.0,162.92475615601396,2.8307477703748773,18,198,2.9849296482412058,2.9910040908057876,0.0060744425645817,195.93684563926553,195.93684563926553,1.6183157544375957,2276.368775267259,2276.368775267259,278.75382391914695,749.9999999999997,162924.75615601396,3793.947958778765,True,0.1224554768751911,93.0998606605794
thickness_grids_L7000mm.csv,84,7.0,163.34571371535256,2.783634911766405,18,199,3.0,3.006074442564582,0.0060744425645817,197.92033717615695,197.92033717615695,1.6115368047035907,2277.2339090814257,2277.2339090814257,278.1772322187283,750.0000000000002,163345.71371535255,3795.389848469043,True,0.1221557570829153,93.34040783734432
thickness_grids_L7000mm.csv,85,7.0,166.5480358179926,2.758234977090204,19,191,2.8794371859296484,2.885976919774753,0.0065397338451049,182.3320986030897,182.3320986030897,1.7295172238144292,2262.2790989912246,2262.2790989912246,272.64557652660704,749.9999999999999,166548.0358179926,3770.4651649853745,True,0.1205180990480718,95.17030618171006
thickness_grids_L7000mm.csv,86,7.0,166.99044352098895,2.709741877038451,19,192,2.894507537688442,2.901047271533547,0.0065397338451049,184.24566670946507,184.24566670946507,1.722155115971664,2263.2060097129392,2263.2060097129392,272.0595356451289,750.0,166990.44352098895,3772.010016188232,True,0.1202097972864769,95.42311058342226
thickness_grids_L7000mm.csv,87,7.0,167.4319336285753,2.6624760378330916,19,193,2.909577889447236,2.9161176232923407,0.0065397338451049,186.1692238773428,186.1692238773428,1.7148414870119666,2264.127639913402,2264.127639913402,271.4780251894818,749.9999999999998,167431.9336285753,3773.5460665223377,True,0.1199040285555037,95.67539064490016
thickness_grids_L7000mm.csv,88,7.0,167.87251303317075,2.6163987264919575,19,194,2.92464824120603,2.931187975051135,0.0065397338451049,188.1027701067228,188.1027701067228,1.707575862945584,2265.0440342014017,2265.0440342014017,270.9009848710947,749.9999999999999,167872.51303317075,3775.0733903356695,True,0.1196007586521856,95.927150304669
thickness_grids_L7000mm.csv,89,7.0,168.3121886413676,2.5714726474405305,19,195,2.9397185929648244,2.946258326809929,0.0065397338451049,190.0463053976051,190.0463053976051,1.700357778256803,2265.955236391966,2265.955236391966,270.3283556584276,750.0,168312.18864136763,3776.592060653277,True,0.1192999540842059,96.17839350935292
thickness_grids_L7000mm.csv,90,7.0,168.75096737654513,2.5276618814745406,19,196,2.954788944723618,2.961328678568723,0.0065397338451049,191.99982974998963,191.99982974998963,1.6931867756990844,2266.861289525405,2266.861289525405,269.76007974961067,750.0,168750.96737654513,3778.102149209008,True,0.1190015820536104,96.42912421516864
thickness_grids_L7000mm.csv,91,7.0,169.1888561809874,2.4849318276295977,19,197,2.9698592964824124,2.976399030327517,0.0065397338451049,193.96334316387652,193.96334316387652,1.6860624060959142,2267.7622358858393,2267.7622358858393,269.1961005452092,750.0000000000002,169188.85618098738,3779.603726476399,True,0.1187056104407061,96.67934638913565
thickness_grids_L7000mm.csv,92,7.0,169.6258620182042,2.443249147822922,19,198,2.9849296482412058,2.9914693820863105,0.0065397338451049,195.93684563926553,195.93684563926553,1.6789842281440777,2268.658117019648,2268.658117019648,268.6363626221026,749.9999999999999,169625.8620182042,3781.096861699413,True,0.1184120077885565,96.9290640104024
thickness_grids_L7000mm.csv,93,7.0,170.0619918744259,2.4025817141148216,19,199,3.0,3.0065397338451048,0.0065397338451049,197.92033717615695,197.92033717615695,1.6719518082203104,2269.548973753668,2269.548973753668,268.08081170699285,749.9999999999999,170061.9918744259,3782.58162292278,True,0.1181207432874236,97.17828107110051
thickness_grids_L7000mm.csv,94,7.0,173.29173556030747,2.387852614570108,20,191,2.8794371859296484,2.886467361935305,0.0070301760056564,182.3320986030897,182.3320986030897,1.7930022205979752,2254.3204783492074,2254.3204783492074,262.9439596205243,750.0000000000001,173291.73556030748,3757.200797248679,True,0.1166400084397373,99.02384889160427
thickness_grids_L7000mm.csv,95,7.0,173.74976545182912,2.345867127464566,20,192,2.894507537688442,2.9015377136940987,0.0070301760056564,184.24566670946507,184.24566670946507,1.7853706642890197,2255.2739471078717,2255.2739471078717,262.3788970658304,749.9999999999999,173749.76545182912,3758.789911846453,True,0.1163401445763611,99.28558025818808
thickness_grids_L7000mm.csv,96,7.0,174.20684130605144,2.3049442809678715,20,193,2.909577889447236,2.9166080654528925,0.0070301760056564,186.1692238773428,186.1692238773428,1.7777893530408777,2256.222012445838,2256.222012445838,261.81820194959533,750.0,174206.84130605144,3760.370020743064,True,0.116042747790486,99.54676646060082
thickness_grids_L7000mm.csv,97,7.0,174.66297032822558,2.265050535418817,20,194,2.92464824120603,2.9316784172116868,0.0070301760056564,188.1027701067228,188.1027701067228,1.7702577957300307,2257.1647197630637,2257.1647197630637,261.261816162556,750.0000000000001,174662.97032822558,3761.9411996051062,True,0.1157477847651193,99.8074116161289
thickness_grids_L7000mm.csv,98,7.0,175.1181597386009,2.2261535958997087,20,195,2.9397185929648244,2.946748768970481,0.0070301760056564,190.0463053976051,190.0463053976051,1.7627755100148972,2258.102113650885,2258.102113650885,260.709682807276,750.0000000000001,175118.1597386009,3763.503522751475,True,0.1154552228755334,100.06751985062908
thickness_grids_L7000mm.csv,99,7.0,175.57241677462346,2.188222359402995,20,196,2.954788944723618,2.961819120729275,0.0070301760056564,191.99982974998963,191.99982974998963,1.755342022118456,2259.0342379120543,2259.0342379120543,260.16174617115223,750.0000000000003,175572.41677462347,3765.057063186757,True,0.1151650301730754,100.32709529978484
thickness_grids_L7000mm.csv,100,7.0,176.02574869345523,2.151226864480373,20,197,2.9698592964824124,2.976889472488069,0.0070301760056564,193.96334316387652,193.96334316387652,1.747956866623535,2259.9611355794123,2259.9611355794123,259.6179517006125,750.0,176025.7486934552,3766.601892632354,True,0.1148771753696778,100.58614211054584
thickness_grids_L7000mm.csv,101,7.0,176.4781627739911,2.1151382433086345,20,198,2.9849296482412058,2.9919598242468624,0.0070301760056564,195.93684563926553,195.93684563926553,1.7406195862674725,2260.8828489348653,2260.8828489348653,259.0782459754454,750.0000000000003,176478.1627739911,3768.1380815581088,True,0.1145916278225123,100.84466444228062
thickness_grids_L7000mm.csv,102,7.0,176.9296663189649,2.0799286759942244,20,199,3.0,3.0070301760056566,0.0070301760056564,197.92033717615695,197.92033717615695,1.73332973174644,2261.7994195273513,2261.7994195273513,258.54257668396554,750.0,176929.6663189649,3769.665699212253,True,0.1143083575191619,101.10266646797994
thickness_grids_L7000mm.csv,103,7.0,180.17600346598437,2.073628949929772,21,191,2.8794371859296484,2.8869829549758848,0.0075457690462362,182.3320986030897,182.3320986030897,1.8573764934236252,2246.3126643629153,2246.3126643629153,253.78193376987917,749.9999999999999,180176.00346598437,3743.854440604859,True,0.11297711925684,102.95771626627678
thickness_grids_L7000mm.csv,104,7.0,180.64983492582076,2.037164647535607,21,192,2.894507537688442,2.9020533067346785,0.0075457690462362,184.24566670946507,184.24566670946507,1.8494718018544372,2247.2926126352136,2247.2926126352136,253.23668715748,749.9999999999999,180649.83492582076,3745.487687725356,True,0.1126852309902493,103.228477100469
thickness_grids_L7000mm.csv,105,7.0,181.1226751707914,2.0016233137888757,21,193,2.909577889447236,2.9171236584934723,0.0075457690462362,186.1692238773428,186.1692238773428,1.8416191447888648,2248.2670368140434,2248.2670368140434,252.6956539988179,750.0,181122.67517079145,3747.1117280234057,True,0.1123957474183786,103.49867152616652
thickness_grids_L7000mm.csv,106,7.0,181.59453172814173,1.96697581543441,21,194,2.92464824120603,2.9321940102522666,0.0075457690462362,188.1027701067228,188.1027701067228,1.833818013761378,2249.2359830582964,2249.2359830582964,252.15877824408736,750.0000000000001,181594.53172814177,3748.726638430494,True,0.1121086360628225,103.76830384465242
thickness_grids_L7000mm.csv,107,7.0,182.06541214066763,1.9331941005033757,21,195,2.9397185929648244,2.947264362011061,0.0075457690462362,190.0463053976051,190.0463053976051,1.8260679093960597,2250.199496704369,2250.199496704369,251.62600501230884,750.0000000000002,182065.41214066764,3750.332494507282,True,0.1118238651198878,104.0373783660958
thickness_grids_L7000mm.csv,108,7.0,182.5353239689459,1.9002511524107508,21,196,2.954788944723618,2.9623347137698546,0.0075457690462362,191.99982974998963,191.99982974998963,1.8183683411825795,2251.1576222864296,2251.1576222864296,251.09728056514564,749.9999999999998,182535.32396894592,3751.9293704773822,True,0.111541403444737,104.30589941082624
thickness_grids_L7000mm.csv,109,7.0,183.00427479392312,1.8681209462228925,21,197,2.9698592964824124,2.977405065528649,0.0075457690462362,193.96334316387652,193.96334316387652,1.81071882726214,2252.110403555687,2252.110403555687,250.5725522821091,750.0000000000005,183004.27479392313,3753.5173392594784,True,0.1112612205363018,104.57387131081322
thickness_grids_L7000mm.csv,110,7.0,183.47227221910845,1.836778407002162,21,198,2.9849296482412058,2.992475417287442,0.0075457690462362,195.93684563926553,195.93684563926553,1.8031188942181275,2253.0578834993003,2253.0578834993003,250.05176863582847,750.0000000000001,183472.27221910845,3755.096472498834,True,0.1109832865223438,104.84129841091912
thickness_grids_L7000mm.csv,111,7.0,183.93932387246215,1.8061993701270695,21,199,3.0,3.0075457690462364,0.0075457690462362,197.92033717615695,197.92033717615695,1.7955680768694309,2254.0001043591833,2254.0001043591833,249.5348791678468,750.0000000000003,183939.32387246215,3756.666840598639,True,0.1107075721448513,105.10818506997838
thickness_grids_L7000mm.csv,112,7.0,187.68253096727253,1.7746696427542346,22,192,2.894507537688442,2.9025940506552863,0.0080865129668442,184.24566670946507,184.24566670946507,1.9143655345893575,2239.275277837642,2239.275277837642,244.6033925430245,749.9999999999998,187682.53096727253,3732.125463062737,True,0.1092332840735981,107.24716055272717
thickness_grids_L7000mm.csv,113,7.0,188.1712903674968,1.7437045443312975,22,193,2.909577889447236,2.91766440241408,0.0080865129668442,186.1692238773428,186.1692238773428,1.906238268466952,2240.2759365983297,2240.2759365983297,244.0809311354095,750.0000000000002,188171.2903674968,3733.793227663883,True,0.1089512801293691,107.5264516385696
thickness_grids_L7000mm.csv,114,7.0,188.65902853985608,1.7135182522956145,22,194,2.92464824120603,2.9327347541728743,0.0080865129668442,188.1027701067228,188.1027701067228,1.898164320858431,2241.2709999338845,2241.2709999338845,243.56248360303735,750.0000000000001,188659.02853985608,3735.4516665564743,True,0.1086715901870957,107.80515916563203
thickness_grids_L7000mm.csv,115,7.0,189.1457533583738,1.6840863229821776,22,195,2.9397185929648244,2.947805105931669,0.0080865129668442,190.0463053976051,190.0463053976051,1.8901431751733304,2242.26051389303,2242.26051389303,243.04799697019365,749.9999999999999,189145.7533583738,3737.100856488383,True,0.1083941832201343,108.08328763335643
thickness_grids_L7000mm.csv,116,7.0,189.63147271549383,1.6553852149960016,22,196,2.954788944723618,2.9628754576904623,0.0080865129668442,191.99982974998963,191.99982974998963,1.8821743239895816,2243.2445237092834,2243.2445237092834,242.53741936406797,749.9999999999999,189631.47271549384,3738.740872848806,True,0.1081190288444453,108.36084155171076
thickness_grids_L7000mm.csv,117,7.0,190.11619452475003,1.6273922510915386,22,197,2.9698592964824124,2.977945809449257,0.0080865129668442,193.96334316387652,193.96334316387652,1.8742572688344257,2244.2230738202616,2244.2230738202616,242.0306999907544,750.0000000000003,190116.19452475003,3740.371789700436,True,0.1078460973038451,108.6378254427143
thickness_grids_L7000mm.csv,118,7.0,190.59992672283056,1.6000855818871471,22,198,2.9849296482412058,2.99301616120805,0.0080865129668442,195.93684563926553,195.93684563926553,1.8663915199631431,2245.1962078874926,2245.1962078874926,241.5277891112533,750.0000000000001,190599.92672283057,3741.993679812488,True,0.1075753594553355,108.91424384161746
thickness_grids_L7000mm.csv,119,7.0,191.08267727193947,1.5734441512649775,22,199,3.0,3.008086512966844,0.0080865129668442,197.92033717615695,197.92033717615695,1.8585765961509029,2246.1639688148475,2246.1639688148475,241.02863801853303,749.9999999999999,191082.67727193944,3743.6066146914127,True,0.1073067867550684,109.19010129825112
thickness_grids_L7000mm.csv,120,7.0,194.84069110807832,1.5508960360031154,23,192,2.894507537688442,2.903159945455923,0.0086524077674806,184.24566670946507,184.24566670946507,1.9799698424526693,2231.233500431592,2231.233500431592,236.44914016129735,750.0,194840.69110807832,3718.72250071932,True,0.1059723870744861,111.33753777604475
thickness_grids_L7000mm.csv,121,7.0,195.34550348561885,1.5238323360014483,23,193,2.909577889447236,2.9182302972147167,0.0086524077674806,186.1692238773428,186.1692238773428,1.9715650576677044,2232.260228663298,2232.260228663298,235.94422425559887,749.9999999999999,195345.5034856189,3720.4337144388305,True,0.1056974546363193,111.6260019917822
thickness_grids_L7000mm.csv,122,7.0,195.8492564467092,1.4974493723744329,23,194,2.92464824120603,2.933300648973511,0.0086524077674806,188.1027701067228,188.1027701067228,1.9632154018717545,2233.2812465874595,2233.2812465874595,235.44318660064445,750.0000000000003,195849.2564467092,3722.135410979099,True,0.1054247811198928,111.91386082669098
thickness_grids_L7000mm.csv,123,7.0,196.3519582050366,1.4717257778949504,23,195,2.9397185929648244,2.948371000732305,0.0086524077674806,190.0463053976051,190.0463053976051,1.9549203411027365,2234.296600931561,2234.296600931561,234.94597602127772,750.0,196351.9582050366,3723.8276682192686,True,0.1051543362341956,112.20111897430662
thickness_grids_L7000mm.csv,124,7.0,196.85361699362545,1.4466409740970514,23,196,2.954788944723618,2.963441352491099,0.0086524077674806,191.99982974998963,191.99982974998963,1.9466793508761828,2235.306337594965,2235.306337594965,234.4525424079977,750.0,196853.61699362544,3725.5105626582754,True,0.1048860903155906,112.48778113921452
thickness_grids_L7000mm.csv,125,7.0,197.35424106697295,1.4221751379712675,23,197,2.9698592964824124,2.978511704249893,0.0086524077674806,193.96334316387652,193.96334316387652,1.938491915951235,2236.31050166944,2236.31050166944,233.96283669308744,749.9999999999999,197354.241066973,3727.184169449067,True,0.1046200143130529,112.77385203827028
thickness_grids_L7000mm.csv,126,7.0,197.8538387036547,1.3983091702218815,23,198,2.9849296482412058,2.9935820560086865,0.0086524077674806,195.93684563926553,195.93684563926553,1.93035753010844,2237.309137458508,2237.309137458508,233.4768108279368,749.9999999999999,197853.8387036547,3728.8485624308464,True,0.1043560797740972,113.0593364020884
thickness_grids_L7000mm.csv,127,7.0,198.352418208357,1.3750246650293203,23,199,3.0,3.0086524077674808,0.0086524077674806,197.92033717615695,197.92033717615695,1.9222756959305984,2238.3022884966567,2238.3022884966567,232.9944177604569,750.0,198352.418208357,3730.503814161095,True,0.1040942588308509,113.344238976204
thickness_grids_L7000mm.csv,128,7.0,202.1179857697077,1.3596097557965532,24,192,2.894507537688442,2.9037509911365875,0.0092434534481452,184.24566670946507,184.24566670946507,2.04621224322641,2223.177351200233,2223.177351200233,228.74445482123977,749.9999999999999,202117.9857697077,3705.2955853337216,True,0.1028907813844661,115.4959918684044
thickness_grids_L7000mm.csv,129,7.0,202.638966557226,1.3358812450627444,24,193,2.909577889447236,2.9188213428953813,0.0092434534481452,186.1692238773428,186.1692238773428,2.0375273432515755,2224.2299490825835,2224.2299490825835,228.25612128216312,749.9999999999999,202638.966557226,3707.0499151376393,True,0.1026225374657466,115.79369517555772
thickness_grids_L7000mm.csv,130,7.0,203.15884912292813,1.3127496301616053,24,194,2.92464824120603,2.9338916946541755,0.0092434534481452,188.1027701067228,188.1027701067228,2.0288993986316957,2225.2767245302443,2225.2767245302443,227.77153778747737,750.0000000000002,203158.84912292816,3708.794540883741,True,0.102356500329441,116.09077092738752
thickness_grids_L7000mm.csv,131,7.0,203.6776420288417,1.290196174019948,24,195,2.9397185929648244,2.9489620464129698,0.0092434534481452,190.0463053976051,190.0463053976051,2.0203278579012256,2226.317724914824,2226.317724914824,227.29065486483032,749.9999999999999,203677.64202884168,3710.5295415247065,True,0.1020926403815637,116.38722401648094
thickness_grids_L7000mm.csv,132,7.0,204.19535385651477,1.2682028313002391,24,196,2.954788944723618,2.9640323981717636,0.0092434534481452,191.99982974998963,191.99982974998963,2.0118121793759696,2227.352996768361,2227.352996768361,226.81342407149216,749.9999999999999,204195.35385651476,3712.254994613936,True,0.1018309286406658,116.68305934657988
thickness_grids_L7000mm.csv,133,7.0,204.711993210019,1.2467522191686955,24,197,2.9698592964824124,2.979102749930558,0.0092434534481452,193.96334316387652,193.96334316387652,2.0033518309201503,2228.382585803111,2228.382585803111,226.3397979721052,749.9999999999999,204711.993210019,3713.9709763385185,True,0.1015713367238203,116.97828183429657
thickness_grids_L7000mm.csv,134,7.0,205.22756871793337,1.2258275894768482,24,198,2.9849296482412058,2.994173101689351,0.0092434534481452,195.93684563926553,195.93684563926553,1.9949462897086685,2229.406536932188,2229.406536932188,225.8697301160787,749.9999999999999,205227.56871793335,3715.6775615536462,True,0.1013138368325099,117.27289641024764
thickness_grids_L7000mm.csv,135,7.0,205.74208903595888,1.2054128022276385,24,199,3.0,3.009243453448146,0.0092434534481452,197.92033717615695,197.92033717615695,1.9865950420065304,2230.424894288373,2230.424894288373,225.40317501625825,750.0000000000001,205742.08903595887,3717.374823813954,True,0.1010584017392677,117.56690802054791
thickness_grids_L7000mm.csv,136,7.0,209.5088091785892,1.1956264978412394,25,192,2.894507537688442,2.9043671876972805,0.0098596500088381,184.24566670946507,184.24566670946507,2.113028545319844,2215.115610917171,2215.115610917171,221.4607662521194,750.0000000000001,209508.8091785892,3691.859351528619,True,0.0999770689893803,119.7193195306224
thickness_grids_L7000mm.csv,137,7.0,210.04605763917127,1.174757305227193,25,193,2.909577889447236,2.9194375394560743,0.0098596500088381,186.1692238773428,186.1692238773428,2.1040612114530313,2216.193849222911,2216.193849222911,220.98811312651628,749.9999999999998,210046.05763917125,3693.6564153715185,True,0.0997151549734712,120.026318650955
thickness_grids_L7000mm.csv,138,7.0,210.5821684835691,1.1544131273783078,25,194,2.92464824120603,2.9345078912148685,0.0098596500088381,188.1027701067228,188.1027701067228,2.0951526733237267,2217.2661558367345,2217.2661558367345,220.51908878632648,749.9999999999999,210582.16848356908,3695.443593061224,True,0.0994553983543345,120.33266770489662
thickness_grids_L7000mm.csv,139,7.0,211.1171506300263,1.134577482292753,25,195,2.9397185929648244,2.949578242973663,0.0098596500088381,190.0463053976051,190.0463053976051,2.0863023618440355,2218.3325787401536,2218.3325787401536,220.05364536974224,750.0000000000001,211117.1506300263,3697.2209645669222,True,0.0991977701985137,120.63837178858644
thickness_grids_L7000mm.csv,140,7.0,211.6510130171873,1.1152344964944378,25,196,2.954788944723618,2.964648594732457,0.0098596500088381,191.99982974998963,191.99982974998963,2.077509718020343,2219.3931650633067,2219.3931650633067,219.59173601120324,750.0000000000002,211651.0130171873,3698.988608438845,True,0.0989422421713818,120.94343600982133
thickness_grids_L7000mm.csv,141,7.0,212.1837646064872,1.0963688793314637,25,197,2.9698592964824124,2.979718946491251,0.0098596500088381,193.96334316387652,193.96334316387652,2.0687741927055434,2220.4479611059214,2220.4479611059214,219.1333148192134,750.0,212183.7646064872,3700.7466018432024,True,0.0986887865230903,121.24786548942126
thickness_grids_L7000mm.csv,142,7.0,212.7154143849693,1.0779658984861398,25,198,2.9849296482412058,2.994789298250044,0.0098596500088381,195.93684563926553,195.93684563926553,2.060095246361024,2221.497012357379,2221.497012357379,218.67833685518727,749.9999999999999,212715.4143849693,3702.495020595632,True,0.0984373760751238,121.5516653628396
thickness_grids_L7000mm.csv,143,7.0,213.24597136729128,1.0600113566427831,25,199,3.0,3.0098596500088384,0.0098596500088381,197.92033717615695,197.92033717615695,2.0514723488235997,2222.540363516449,2222.540363516449,218.22675811218917,749.9999999999999,213245.9713672913,3704.233939194082,True,0.0981879842069172,121.85484078130928
thickness_grids_L7000mm.csv,144,7.0,217.0081849690608,1.0546363949121358,26,192,2.894507537688442,2.9050085351380015,0.0105009974495593,184.24566670946507,184.24566670946507,2.180361768486493,2207.0559406670027,2207.0559406670027,214.5707325679672,750.0,217008.1849690608,3678.426567778338,True,0.0972203416389713,124.0046771251776
thickness_grids_L7000mm.csv,145,7.0,217.56178612766928,1.0362257519111695,26,193,2.909577889447236,2.9200788868967953,0.0105009974495593,186.1692238773428,186.1692238773428,2.1711099291852447,2208.1595653395866,2208.1595653395866,214.1129164587581,750.0000000000001,217561.78612766927,3680.2659422326446,True,0.0969644222363207,124.32102064438244
thickness_grids_L7000mm.csv,146,7.0,218.11420971054076,1.0182783148920498,26,194,2.92464824120603,2.9351492386555895,0.0105009974495593,188.1027701067228,188.1027701067228,2.1619187383444434,2209.2571520206216,2209.2571520206216,213.65861437235284,749.9999999999999,218114.20971054077,3682.0952533677023,True,0.0967106134190568,124.63669126316616
thickness_grids_L7000mm.csv,147,7.0,218.66546500028463,1.0007795410099902,26,195,2.9397185929648244,2.950219590414384,0.0105009974495593,190.0463053976051,190.0463053976051,2.1527876091571314,2210.3487492665827,2210.3487492665827,213.20777997163276,750.0,218665.46500028463,3683.9145821109714,True,0.0964588868803519,124.95169428587695
thickness_grids_L7000mm.csv,148,7.0,219.2155613004859,0.9837154243985526,26,196,2.954788944723618,2.9652899421731775,0.0105009974495593,191.99982974998963,191.99982974998963,2.143715965220949,2211.4344047718155,2211.4344047718155,212.76036788383033,750.0000000000001,219215.5613004859,3685.724007953026,True,0.0962092148990436,125.26603502884907
thickness_grids_L7000mm.csv,149,7.0,219.7645079382284,0.9670724734865244,26,197,2.9698592964824124,2.980360293931972,0.0105009974495593,193.96334316387652,193.96334316387652,2.1347032402835837,2212.5141653896735,2212.5141653896735,212.31633367915265,749.9999999999999,219764.5079382284,3687.5236089827895,True,0.0959615703259278,125.5797188218448
thickness_grids_L7000mm.csv,150,7.0,220.31231426677536,0.950837689387305,26,198,2.9849296482412058,2.995430645690765,0.0105009974495593,195.93684563926553,195.93684563926553,2.125748877996547,2213.5880771529505,2213.5880771529505,211.8756338500556,749.9999999999998,220312.31426677536,3689.313461921584,True,0.0957159265704771,125.89275100958592
thickness_grids_L7000mm.csv,151,7.0,248.4968929814193,0.9504735575253758,33,158,2.382115577889447,2.3978102320648467,0.0156946541753996,124.78821459547794,124.78821459547794,3.0962712241454913,2103.4605252634324,2103.4605252634324,190.10159483092377,750.0000000000002,248496.8929814193,3505.7675421057206,True,0.0903756417330987,141.99822456081102
thickness_grids_L7000mm.csv,152,7.0,647.1839031987321,0.9501555904229496,98,63,0.9504321608040196,1.0732066866998302,0.1227745258958107,19.865072749839666,19.865072749839666,14.32005987165573,1359.5086229237038,1359.5086229237038,96.62104660652729,750.0,647183.9031987321,2265.8477048728396,True,0.0710705654802968,369.8193732564183
thickness_grids_L8000mm.csv,1,8.0,109.3365301933166,10.980625300389798,5,196,2.954788944723618,2.957103330723972,0.0023143860003535,219.428376857131,219.428376857131,1.0493037431721968,2351.582047173747,2351.582047173747,448.615741562534,749.9999999999999,109336.5301933166,3919.303411956246,True,0.190771885719107,54.668265096658295
thickness_grids_L8000mm.csv,2,8.0,109.63482939034718,10.782355156610256,5,197,2.9698592964824124,2.972173682482766,0.0023143860003535,221.67239218728744,221.67239218728744,1.045194784823398,2352.1449905238355,2352.1449905238355,447.665033195308,750.0000000000002,109634.82939034718,3920.2416508730594,True,0.1903220400948202,54.81741469517359
thickness_grids_L8000mm.csv,3,8.0,109.93256538187224,10.589095760291968,5,198,2.9849296482412058,2.9872440342415594,0.0023143860003535,223.92782358773204,223.92782358773204,1.041111429100296,2352.70471824819,2352.70471824819,446.7216018755848,749.9999999999998,109932.56538187223,3921.1745304136502,True,0.1898757623133476,54.966282690936126
thickness_grids_L8000mm.csv,4,8.0,110.229741402768,10.400690978653214,5,199,3.0,3.0023143860003536,0.0023143860003535,226.1946710584651,226.1946710584651,1.0370534161530318,2353.261260748191,2353.261260748191,445.78535025824414,750.0000000000001,110229.741402768,3922.102101246985,True,0.1894330041860766,55.114870701384
thickness_grids_L8000mm.csv,5,8.0,111.8350265045485,10.336037083636628,6,193,2.909577889447236,2.912030605287745,0.002452715840509,212.76482728839176,212.76482728839176,1.093025443479592,2345.6101980475414,2345.6101980475414,438.58608156819776,750.0,111835.0265045485,3909.350330079236,True,0.1869816570260786,55.91751325227425
thickness_grids_L8000mm.csv,6,8.0,112.14369090257551,10.14520053987718,6,194,2.92464824120603,2.927100957046539,0.002452715840509,214.9745944076832,214.9745944076832,1.088715003784383,2346.1974775094463,2346.1974775094463,437.6408568047853,750.0000000000002,112143.69090257552,3910.3291291824103,True,0.1865319782328609,56.07184545128776
thickness_grids_L8000mm.csv,7,8.0,112.45176443177692,9.95927608459074,6,195,2.9397185929648244,2.9421713088053334,0.002452715840509,217.19577759726295,217.19577759726295,1.0844317497713345,2346.7813716522783,2346.7813716522783,436.7029946718993,749.9999999999998,112451.76443177692,3911.3022860871306,True,0.1860859302647496,56.22588221588846
thickness_grids_L8000mm.csv,8,8.0,112.75925052596764,9.778108058149606,6,196,2.954788944723618,2.957241660564127,0.002452715840509,219.428376857131,219.428376857131,1.0801753991191156,2347.3619132090366,2347.3619132090366,435.7723950528075,750.0000000000002,112759.25052596764,3912.2698553483942,True,0.1856434632429862,56.37962526298382
thickness_grids_L8000mm.csv,9,8.0,113.06615258614023,9.601546580872633,6,197,2.9698592964824124,2.9723120123229214,0.002452715840509,221.67239218728744,221.67239218728744,1.075945674576887,2347.939134332082,2347.939134332082,434.848959727201,749.9999999999999,113066.15258614023,3913.2318905534703,True,0.1852045282472377,56.53307629307012
thickness_grids_L8000mm.csv,10,8.0,113.37247398310004,9.429447308077163,6,198,2.9849296482412058,2.9873823640817148,0.002452715840509,223.92782358773204,223.92782358773204,1.0717423038489335,2348.513066606047,2348.513066606047,433.93259233286307,750.0000000000001,113372.47398310003,3914.188444343411,True,0.1847690772953461,56.68623699155002
thickness_grids_L8000mm.csv,11,8.0,113.67821805862638,9.261671196952518,6,199,3.0,3.002452715840509,0.002452715840509,226.1946710584651,226.1946710584651,1.0675650194767157,2349.0837410611734,2349.0837410611734,433.0231983247086,750.0,113678.2180586264,3915.139568435289,True,0.1843370633220146,56.83910902931319
thickness_grids_L8000mm.csv,12,8.0,115.42319488005944,9.258129072353668,7,192,2.894507537688442,2.897123734249135,0.0026161965606929,210.56647623938863,210.56647623938863,1.133305030826066,2340.137769373336,2340.137769373336,425.5735550473099,749.9999999999998,115423.19488005944,3900.229615622227,True,0.1818583335635294,57.71159744002972
thickness_grids_L8000mm.csv,13,8.0,115.7423828440938,9.085908585467974,7,193,2.909577889447236,2.9121940860079287,0.0026161965606929,212.76482728839176,212.76482728839176,1.1288251985822126,2340.7450240560515,2340.7450240560515,424.6512014008542,749.9999999999999,115742.3828440938,3901.241706760086,True,0.1814171116617464,57.871191422046905
thickness_grids_L8000mm.csv,14,8.0,116.06095589291856,8.918148454984054,7,194,2.92464824120603,2.927264437766723,0.0026161965606929,214.9745944076832,214.9745944076832,1.1243737366427018,2341.348774516502,2341.348774516502,423.73607430791657,750.0000000000001,116060.95589291856,3902.247957527504,True,0.1809794759840595,58.030477946459285
thickness_grids_L8000mm.csv,15,8.0,116.37891762219672,8.754706530712333,7,195,2.9397185929648244,2.942334789525517,0.0026161965606929,217.19577759726295,217.19577759726295,1.1199503481240674,2341.9490548393023,2341.9490548393023,422.82807497230795,750.0000000000002,116378.91762219672,3903.248424732171,True,0.1805453769793131,58.18945881109836
thickness_grids_L8000mm.csv,16,8.0,116.69627159234494,8.595445969678808,7,196,2.954788944723618,2.957405141284311,0.0026161965606929,219.428376857131,219.428376857131,1.1155547415090026,2342.545898500717,2342.545898500717,421.9271064752927,750.0000000000002,116696.27159234494,3904.2431641678622,True,0.1801147660523261,58.34813579617247
thickness_grids_L8000mm.csv,17,8.0,117.0130213304619,8.440235010112733,7,197,2.9698592964824124,2.972475493043105,0.0026161965606929,221.67239218728744,221.67239218728744,1.1111866305205236,2343.1393383826635,2343.1393383826635,421.0330737355211,750.0,117013.0213304619,3905.232230637773,True,0.1796875955427117,58.50651066523095
thickness_grids_L8000mm.csv,18,8.0,117.32917033209132,8.288946756356852,7,198,2.9849296482412058,2.9875458448018986,0.0026161965606929,223.92782358773204,223.92782358773204,1.1068457339946305,2343.729406787012,2343.729406787012,420.1458834694146,750.0000000000003,117329.17033209132,3906.2156779783536,True,0.1792638187039634,58.664585166045654
thickness_grids_L8000mm.csv,19,8.0,117.64472206327316,8.14145897368683,7,199,3.0,3.002616196560693,0.0026161965606929,226.1946710584651,226.1946710584651,1.1025317757659594,2344.3161354482218,2344.3161354482218,419.2654441535846,750.0,117644.72206327316,3907.1935590803696,True,0.1788433896836286,58.822361031636575
thickness_grids_L8000mm.csv,20,8.0,119.78972233367077,8.056040226900896,8,192,2.894507537688442,2.897312365849347,0.002804828160905,210.56647623938863,210.56647623938863,1.1734030639678132,2334.717664035722,2334.717664035722,411.00207064489194,749.9999999999998,119789.72233367075,3891.196106726204,True,0.1760393031568734,59.894861166835376
thickness_grids_L8000mm.csv,21,8.0,120.11997396280265,7.906175948858661,8,193,2.909577889447236,2.912382717608141,0.002804828160905,212.76482728839176,212.76482728839176,1.1687649187844424,2335.343203968067,2335.343203968067,410.11137219970743,750.0,120119.97396280264,3892.238673280112,True,0.1756107502755364,60.05998698140132
thickness_grids_L8000mm.csv,22,8.0,120.44958762943654,7.760193124962005,8,194,2.92464824120603,2.927453069366935,0.002804828160905,214.9745944076832,214.9745944076832,1.1641561444352615,2335.9651458851904,2335.9651458851904,409.2276517999997,750.0,120449.58762943652,3893.275243141984,True,0.1751856839648722,60.22479381471827
thickness_grids_L8000mm.csv,23,8.0,120.7785670732796,7.617968051248908,8,195,2.9397185929648244,2.9425234211257294,0.002804828160905,217.19577759726295,217.19577759726295,1.1595764335997611,2336.5835246948286,2336.5835246948286,408.35081405303265,750.0000000000001,120778.56707327958,3894.305874491381,True,0.1747640560404814,60.389283536639795
thickness_grids_L8000mm.csv,24,8.0,121.10691599744406,7.479381642456739,8,196,2.954788944723618,2.957593772884523,0.002804828160905,219.428376857131,219.428376857131,1.155025484509518,2337.1983746821575,2337.1983746821575,407.4807653784575,750.0,121106.91599744406,3895.3306244702626,True,0.1743458192477444,60.55345799872203
thickness_grids_L8000mm.csv,25,8.0,121.43463807063488,7.344319235232811,8,197,2.9698592964824124,2.9726641246433174,0.002804828160905,221.67239218728744,221.67239218728744,1.1505030008215351,2337.809729523644,2337.809729523644,406.61741397034933,750.0000000000001,121434.63807063489,3896.349549206074,True,0.1739309272415434,60.717319035317445
thickness_grids_L8000mm.csv,26,8.0,121.7617369288216,7.212670400973664,8,198,2.9849296482412058,2.9877344764021108,0.002804828160905,223.92782358773204,223.92782358773204,1.146008691485462,2338.4176223018153,2338.4176223018153,405.7606697581625,750.0000000000002,121761.7369288216,3897.362703836359,True,0.1735193345655482,60.8808684644108
thickness_grids_L8000mm.csv,27,8.0,122.08821617742696,7.084328767269656,8,199,3.0,3.002804828160905,0.002804828160905,226.1946710584651,226.1946710584651,1.1415422706249276,2339.022085518224,2339.022085518224,404.9104443710154,750.0000000000003,122088.21617742698,3898.370142530374,True,0.1731109966331528,61.044108088713486
thickness_grids_L8000mm.csv,28,8.0,124.5860864717065,6.956639089800422,9,192,2.894507537688442,2.897526148329588,0.0030186106411454,210.56647623938863,210.56647623938863,1.2172443187864177,2328.822908259641,2328.822908259641,396.1678434827511,750.0,124586.0864717065,3881.371513766068,True,0.1701150577305221,62.29304323585325
thickness_grids_L8000mm.csv,29,8.0,124.92841806955708,6.827221628049729,9,193,2.909577889447236,2.9125965000883816,0.0030186106411454,212.76482728839176,212.76482728839176,1.2124331046259085,2329.4682184996805,2329.4682184996805,395.3093738560239,750.0,124928.41806955708,3882.447030832801,True,0.1696994063780905,62.46420903477854
thickness_grids_L8000mm.csv,30,8.0,125.2700863985864,6.701156153377249,9,194,2.92464824120603,2.927666851847176,0.0030186106411454,214.9745944076832,214.9745944076832,1.2076523548428744,2330.10983016844,2330.10983016844,394.457629245082,750.0,125270.08639858638,3883.516383614067,True,0.1692871400901163,62.63504319929319
thickness_grids_L8000mm.csv,31,8.0,125.6110953571539,6.578335833156451,9,195,2.9397185929648244,2.94273720360597,0.0030186106411454,217.19577759726295,217.19577759726295,1.2029017507095645,2330.74777905002,2330.74777905002,393.6125177221761,749.9999999999999,125611.0953571539,3884.579631750034,True,0.168878212074327,62.80554767857695
thickness_grids_L8000mm.csv,32,8.0,125.951448806014,6.45865782352816,9,196,2.954788944723618,2.957807555364764,0.0030186106411454,219.428376857131,219.428376857131,1.1981809792617055,2331.382100289747,2331.382100289747,392.773949107078,750.0,125951.448806014,3885.636833816245,True,0.1684725764422157,62.975724403007
thickness_grids_L8000mm.csv,33,8.0,126.29115056989288,6.342023099687415,9,197,2.9698592964824124,2.972877907123558,0.0030186106411454,221.67239218728744,221.67239218728744,1.1934897331559695,2332.0128284098428,2332.0128284098428,391.94183492842245,750.0000000000002,126291.1505698929,3886.688047349738,True,0.1680701881883216,63.145575284946446
thickness_grids_L8000mm.csv,34,8.0,126.63020443966468,6.228336294092853,9,198,2.9849296482412058,2.9879482588823514,0.0030186106411454,223.92782358773204,223.92782358773204,1.1888277105388836,2332.6399973236867,2332.6399973236867,391.11608838743456,750.0,126630.20443966468,3887.7333288728114,True,0.1676710031707313,63.31510221983234
thickness_grids_L8000mm.csv,35,8.0,126.96861417466866,6.117505542219954,9,199,3.0,3.0030186106411456,0.0030186106411454,226.1946710584651,226.1946710584651,1.1841946149255764,2333.263640348839,2333.263640348839,390.2966243236919,750.0000000000001,126968.61417466866,3888.772733914732,True,0.1672749780926341,63.48430708733433
thickness_grids_L8000mm.csv,36,8.0,129.41902451861498,6.088911459853827,10,191,2.8794371859296484,2.8826947299310626,0.0032575440014141,208.3795412606739,208.3795412606739,1.2694662801782897,2321.8436391683704,2321.8436391683704,382.1809142259197,749.9999999999998,129419.02451861498,3869.739398613951,True,0.1646023477975493,64.70951225930749
thickness_grids_L8000mm.csv,37,8.0,129.77503514400738,5.9747806585642005,10,192,2.894507537688442,2.8977650816898564,0.0032575440014141,210.56647623938863,210.56647623938863,1.264436816978474,2322.513816999186,2322.513816999186,381.3480828014063,750.0,129775.03514400736,3870.85636166531,True,0.1641962601084237,64.88751757200369
thickness_grids_L8000mm.csv,38,8.0,130.1303510204578,5.8636243122529645,10,193,2.909577889447236,2.91283543344865,0.0032575440014141,212.76482728839176,212.76482728839176,1.2594393319323505,2323.1801529339323,2323.1801529339323,380.5218137458623,749.9999999999999,130130.3510204578,3871.966921556554,True,0.1637935023098846,65.0651755102289
thickness_grids_L8000mm.csv,39,8.0,130.48497626067723,5.755347076841173,10,194,2.92464824120603,2.9279057852074444,0.0032575440014141,214.9745944076832,214.9745944076832,1.2544734879244956,2323.842684341458,2323.842684341458,379.7020168768085,750.0000000000002,130484.97626067724,3873.071140569097,True,0.1633940281049662,65.24248813033861
thickness_grids_L8000mm.csv,40,8.0,130.83891493587524,5.649857187893794,10,195,2.9397185929648244,2.9429761369662386,0.0032575440014141,217.19577759726295,217.19577759726295,1.2495389539635993,2324.501447920881,2324.501447920881,378.8886037301279,749.9999999999999,130838.91493587523,3874.169079868136,True,0.1629977920938787,65.41945746793762
thickness_grids_L8000mm.csv,41,8.0,131.1921710776843,5.547066307361475,10,196,2.954788944723618,2.9580464887250324,0.0032575440014141,219.428376857131,219.428376857131,1.2446354050373922,2325.1564797171495,2325.1564797171495,378.08148752205784,749.9999999999999,131192.1710776843,3875.2607995285825,True,0.1626047497534663,65.59608553884215
thickness_grids_L8000mm.csv,42,8.0,131.54474868047689,5.446889377655587,10,197,2.9698592964824124,2.973116840483826,0.0032575440014141,221.67239218728744,221.67239218728744,1.239762521972174,2325.8078151361074,2325.8078151361074,377.2805831136586,750.0000000000001,131544.74868047689,3876.346358560179,True,0.1622148574178645,65.77237434023844
thickness_grids_L8000mm.csv,43,8.0,131.89665170373917,5.349244482663433,10,198,2.9849296482412058,2.98818719224262,0.0032575440014141,223.92782358773204,223.92782358773204,1.2349199912971471,2326.455488959038,2326.455488959038,376.48580697629336,749.9999999999999,131896.65170373916,3877.42581493173,True,0.1618280722597234,65.94832585186958
thickness_grids_L8000mm.csv,44,8.0,132.24788407380842,5.254052715373315,10,199,3.0,3.003257544001414,0.0032575440014141,226.1946710584651,226.1946710584651,1.2301075051114183,2327.0995353569633,2327.0995353569633,375.69707715670546,750.0,132247.8840738084,3878.499225594939,True,0.1614443522713676,66.12394203690421
thickness_grids_L8000mm.csv,45,8.0,134.95217572407165,5.211129335121009,11,191,2.8794371859296484,2.8829588141713596,0.003521628241711,208.3795412606739,208.3795412606739,1.3198455766633397,2315.1538415573273,2315.1538415573273,367.5568561329734,750.0,134952.17572407165,3858.589735928879,True,0.1587613097390237,67.47608786203583
thickness_grids_L8000mm.csv,46,8.0,135.32200054274782,5.113447013460449,11,192,2.894507537688442,2.898029165930154,0.003521628241711,210.56647623938863,210.56647623938863,1.3146168194541714,2315.846200019912,2315.846200019912,366.7559865604589,750.0000000000001,135322.00054274782,3859.7436666998537,True,0.158368023989376,67.66100027137391
thickness_grids_L8000mm.csv,47,8.0,135.6911011806205,5.018310565189289,11,193,2.909577889447236,2.913099517688947,0.003521628241711,212.76482728839176,212.76482728839176,1.3094213042647382,2316.534605515247,2316.534605515247,365.9614268843303,749.9999999999999,135691.10118062052,3860.891009192079,True,0.1579779667495761,67.84555059031025
thickness_grids_L8000mm.csv,48,8.0,136.05948193753594,4.925638381124929,11,194,2.92464824120603,2.9281698694477414,0.003521628241711,214.9745944076832,214.9745944076832,1.3042586807093983,2317.219096371706,2317.219096371706,365.17309039940915,750.0000000000001,136059.48193753592,3862.0318272861778,True,0.1575910931215766,68.02974096876797
thickness_grids_L8000mm.csv,49,8.0,136.42714706994815,4.835351916241349,11,195,2.9397185929648244,2.9432402212065356,0.003521628241711,217.19577759726295,217.19577759726295,1.299128604762261,2317.8997102315743,2317.8997102315743,364.3908920521111,750.0,136427.14706994814,3863.1661837192905,True,0.1572073590775443,68.21357353497407
thickness_grids_L8000mm.csv,50,8.0,136.79410079337296,4.747375558354097,11,196,2.954788944723618,2.9583105729653294,0.003521628241711,219.428376857131,219.428376857131,1.294030738614609,2318.576484065915,2318.576484065915,363.61474840465144,749.9999999999999,136794.10079337296,3864.2941401098583,True,0.1568267214403069,68.39705039668648
thickness_grids_L8000mm.csv,51,8.0,137.16034728456023,4.6616365032769345,11,197,2.9698592964824124,2.9733809247241236,0.003521628241711,221.67239218728744,221.67239218728744,1.2889647505244144,2319.249454190602,2319.249454190602,362.8445776006168,749.9999999999998,137160.34728456024,3865.415756984337,True,0.1564491378644072,68.58017364228012
thickness_grids_L8000mm.csv,52,8.0,137.52589068374627,4.578064635833495,11,198,2.9849296482412058,2.988451276482917,0.003521628241711,223.92782358773204,223.92782358773204,1.283930314676474,2319.918656281076,2319.918656281076,362.0802993311597,750.0000000000001,137525.89068374626,3866.5310938017938,True,0.1560745668176095,68.76294534187313
thickness_grids_L8000mm.csv,53,8.0,137.89073509676828,4.496592416552159,11,199,3.0,3.003521628241711,0.003521628241711,226.1946710584651,226.1946710584651,1.2789271110436409,2320.5841253870663,2320.5841253870663,361.32183480212194,750.0,137890.73509676827,3867.640208978444,True,0.1557029675628995,68.94536754838414
thickness_grids_L8000mm.csv,54,8.0,140.8110941939062,4.451230952999378,12,191,2.8794371859296484,2.8832480492916845,0.0038108633620363,208.3795412606739,208.3795412606739,1.3728909816228547,2308.1554171031194,2308.1554171031194,353.3174083397009,750.0,140811.0941939062,3846.9256951718658,True,0.1530734913782957,70.4055470969531
thickness_grids_L8000mm.csv,55,8.0,141.19544077785102,4.367788483046612,12,192,2.894507537688442,2.8983184010504783,0.0038108633620363,210.56647623938863,210.56647623938863,1.3674524218356008,2308.870811812502,2308.870811812502,352.54766380023835,750.0,141195.440777851,3848.1180196875034,True,0.1526926764358386,70.59772038892551
thickness_grids_L8000mm.csv,56,8.0,141.57903202668226,4.286520845618986,12,193,2.909577889447236,2.913388752809272,0.0038108633620363,212.76482728839176,212.76482728839176,1.362048434163389,2309.5821394262393,2309.5821394262393,351.78398326983444,750.0,141579.03202668225,3849.303565710399,True,0.1523149912118851,70.78951601334113
thickness_grids_L8000mm.csv,57,8.0,141.96187243938206,4.207358322670205,12,194,2.92464824120603,2.9284591045680664,0.0038108633620363,214.9745944076832,214.9745944076832,1.356678654258606,2310.2894392495814,2310.2894392495814,351.02628343027834,749.9999999999998,141961.87243938207,3850.4823987493023,True,0.1519403921719424,70.98093621969103
thickness_grids_L8000mm.csv,58,8.0,142.34396646945703,4.13023381394285,12,195,2.9397185929648244,2.9435294563268606,0.0038108633620363,217.19577759726295,217.19577759726295,1.3513427243858198,2310.9927498844536,2310.9927498844536,350.274482549519,749.9999999999999,142343.96646945702,3851.654583140756,True,0.1515688366253127,71.17198323472851
thickness_grids_L8000mm.csv,59,8.0,142.72531852822823,4.055082724750574,12,196,2.954788944723618,2.9585998080856544,0.0038108633620363,219.428376857131,219.428376857131,1.3460402932758415,2311.6921092443717,2311.6921092443717,349.52850044915755,750.0000000000002,142725.31852822824,3852.820182073953,True,0.1512002827069426,71.36265926411411
thickness_grids_L8000mm.csv,60,8.0,143.10593298633125,3.981842859377001,12,197,2.9698592964824124,2.9736701598444486,0.0038108633620363,221.67239218728744,221.67239218728744,1.3407710159643995,2312.3875545715196,2312.3875545715196,348.7882584693972,750.0,143105.93298633126,3853.9792576191994,True,0.1508346893581283,71.55296649316563
thickness_grids_L8000mm.csv,61,8.0,143.48581417656624,3.9104543193685695,12,198,2.9849296482412058,2.988740511603242,0.0038108633620363,223.92782358773204,223.92782358773204,1.3355345536506984,2313.0791224513328,2313.0791224513328,348.0536794378521,750.0000000000001,143485.81417656623,3855.1318707522214,True,0.1504720163091503,71.74290708828312
thickness_grids_L8000mm.csv,62,8.0,143.86496639597652,3.840859406739551,12,199,3.0,3.003810863362036,0.0038108633620363,226.1946710584651,226.1946710584651,1.3303305735525726,2313.766848827666,2313.766848827666,347.3246876376087,750.0000000000001,143864.96639597652,3856.2780813794434,True,0.150112224061638,71.93248319798826
thickness_grids_L8000mm.csv,63,8.0,146.96744468489004,3.799652435876983,13,191,2.8794371859296484,2.8835624352920384,0.0041252493623898,208.3795412606739,208.3795412606739,1.4283022363326243,2300.8940914959503,2300.8940914959503,339.57082194753065,750.0,146967.44468489004,3834.823485826584,True,0.1475821174049585,73.48372234244502
thickness_grids_L8000mm.csv,64,8.0,147.36693529927945,3.728420330033434,13,192,2.894507537688442,2.898632787050832,0.0041252493623898,210.56647623938863,210.56647623938863,1.4226445602213595,2301.633206460935,2301.633206460935,338.8311290997751,750.0000000000002,147366.93529927946,3836.0553441015586,True,0.1472133475258522,73.68346764963972
thickness_grids_L8000mm.csv,65,8.0,147.76563785267845,3.6590448904105215,13,193,2.909577889447236,2.913703138809626,0.0041252493623898,212.76482728839176,212.76482728839176,1.4170228448961593,2302.368138137696,2302.368138137696,338.09726282705645,750.0,147765.63785267845,3837.2802302294936,True,0.1468476119116777,73.88281892633923
thickness_grids_L8000mm.csv,66,8.0,148.1635570540043,3.5914665958071734,13,194,2.92464824120603,2.92877349056842,0.0041252493623898,214.9745944076832,214.9745944076832,1.411436711437378,2303.098926816211,2303.098926816211,337.3691430812355,750.0,148163.55705400428,3838.498211360352,True,0.1464848683454568,74.08177852700214
thickness_grids_L8000mm.csv,67,8.0,148.56069756543903,3.5256281599739103,13,195,2.9397185929648244,2.9438438423272144,0.0041252493623898,217.19577759726295,217.19577759726295,1.4058857878069295,2303.8256120649703,2303.8256120649703,336.6466913390901,749.9999999999999,148560.69756543904,3839.709353441617,True,0.1461250754293621,74.28034878271951
thickness_grids_L8000mm.csv,68,8.0,148.95706400467515,3.4614744359161143,13,196,2.954788944723618,2.958914194086008,0.0041252493623898,219.428376857131,219.428376857131,1.4003697086852112,2304.54823274772,2304.54823274772,335.9298305688225,749.9999999999999,148957.06400467514,3840.913721246201,True,0.1457681925660077,74.47853200233757
thickness_grids_L8000mm.csv,69,8.0,149.35266094737767,3.398952324779944,13,197,2.9698592964824124,2.9739845458448024,0.0041252493623898,221.67239218728744,221.67239218728744,1.394888115312868,2305.2668270397207,2305.2668270397207,335.2184851980893,750.0000000000001,149352.66094737768,3842.1113783995343,True,0.1454141799405303,74.67633047368884
thickness_grids_L8000mm.csv,70,8.0,149.74749292987323,3.3380106890670103,13,198,2.9849296482412058,2.989054897603596,0.0041252493623898,223.92782358773204,223.92782358773204,1.389440655338478,2305.9814324433596,2305.9814324433596,334.5125810835474,750.0,149747.49292987323,3843.3023874055993,True,0.1450629985034642,74.87374646493662
thickness_grids_L8000mm.csv,71,8.0,150.14156445108858,3.2786002699855845,13,199,3.0,3.00412524936239,0.0041252493623898,226.1946710584651,226.1946710584651,1.3840269826683074,2306.692085803636,2306.692085803636,333.81204547983293,750.0000000000002,150141.56445108858,3844.486809672727,True,0.1447146099534715,75.07078222554429
thickness_grids_L8000mm.csv,72,8.0,153.39593119629532,3.244663968784473,14,191,2.8794371859296484,2.88390197217242,0.0044647862427716,208.3795412606739,208.3795412606739,1.4858112856468209,2293.410500898505,2293.410500898505,326.3864936788474,750.0000000000001,153395.93119629534,3822.3508348308414,True,0.1423149033070951,76.69796559814766
thickness_grids_L8000mm.csv,73,8.0,153.81111206877725,3.18383247071233,14,192,2.894507537688442,2.898972323931214,0.0044647862427716,210.56647623938863,210.56647623938863,1.4799262467293162,2294.1738687500215,2294.1738687500215,325.67562748159645,750.0000000000002,153811.11206877723,3823.6231145833694,True,0.1419576920118266,76.90555603438862
thickness_grids_L8000mm.csv,74,8.0,154.22547071666986,3.1245866232475463,14,193,2.909577889447236,2.9140426756900077,0.0044647862427716,212.76482728839176,212.76482728839176,1.474078608999276,2294.932935921493,2294.932935921493,324.97036007674626,749.9999999999999,154225.47071666986,3824.888226535822,True,0.1416034233463383,77.11273535833493
thickness_grids_L8000mm.csv,75,8.0,154.63901206966474,3.066875591068957,14,194,2.92464824120603,2.929113027448802,0.0044647862427716,214.9745944076832,214.9745944076832,1.4682679784341532,2295.687743686517,2295.687743686517,324.2706145543197,750.0000000000001,154639.01206966475,3826.146239477529,True,0.1412520563591943,77.31950603483237
thickness_grids_L8000mm.csv,76,8.0,155.05174100857838,3.010650447763819,14,195,2.9397185929648244,2.944183379207596,0.0044647862427716,217.19577759726295,217.19577759726295,1.46249396816466,2296.4383325800063,2296.4383325800063,323.576315468949,749.9999999999998,155051.74100857836,3827.397220966677,True,0.140903550893708,77.52587050428919
thickness_grids_L8000mm.csv,77,8.0,155.4636623680678,2.9558640940624272,14,196,2.954788944723618,2.95925373096639,0.0044647862427716,219.428376857131,219.428376857131,1.4567561983083306,2297.184742414922,2297.184742414922,322.8873888083592,749.9999999999999,155463.66236806777,3828.6412373582034,True,0.1405578675700775,77.7318311840339
thickness_grids_L8000mm.csv,78,8.0,155.8747809390014,2.9024711800353127,14,197,2.9698592964824124,2.974324082725184,0.0044647862427716,221.67239218728744,221.67239218728744,1.4510542958023736,2297.9270122992484,2297.9270122992484,322.20376196232553,750.0000000000001,155874.7809390014,3829.878353832081,True,0.1402149677678128,77.9373904695007
thickness_grids_L8000mm.csv,79,8.0,156.28510147126022,2.8504280309563974,14,198,2.9849296482412058,2.9893944344839776,0.0044647862427716,223.92782358773204,223.92782358773204,1.4453878942464498,2298.665180651835,2298.665180651835,321.5253636934223,750.0,156285.10147126022,3831.1086344197247,True,0.1398748136091081,78.14255073563011
thickness_grids_L8000mm.csv,80,8.0,156.69462867600052,2.799692576692714,14,199,3.0,3.004464786242772,0.0044647862427716,226.1946710584651,226.1946710584651,1.439756633748581,2299.39928521796,2299.39928521796,320.85212410759203,750.0000000000002,156694.62867600052,3832.3321420299335,True,0.1395373679422443,78.34731433800026
thickness_grids_L8000mm.csv,81,8.0,160.0741199223383,2.774007112031735,15,191,2.8794371859296484,2.88426665993283,0.0048294740031817,208.3795412606739,208.3795412606739,1.5451804038287076,2285.740495755522,2285.740495755522,313.80361761109145,750.0000000000001,160074.1199223383,3809.56749292587,True,0.1372875084436773,80.03705996116915
thickness_grids_L8000mm.csv,82,8.0,160.5054699703501,2.7219961107055095,15,192,2.894507537688442,2.8993370116916237,0.0048294740031817,210.56647623938863,210.56647623938863,1.5390607027316077,2286.5285167092024,2286.5285167092024,313.1202672633797,749.9999999999998,160505.4699703501,3810.880861182004,True,0.136941334855524,80.25273498517505
thickness_grids_L8000mm.csv,83,8.0,160.93596231098223,2.6713409126609826,15,193,2.909577889447236,2.9144073634504175,0.0048294740031817,212.76482728839176,212.76482728839176,1.532979888876265,2287.312119136466,2287.312119136466,312.4422982551591,750.0000000000001,160935.96231098223,3812.186865227444,True,0.1365980163534114,80.46798115549112
thickness_grids_L8000mm.csv,84,8.0,161.36560210453734,2.6219980492063253,15,194,2.92464824120603,2.9294777152092117,0.0048294740031817,214.9745944076832,214.9745944076832,1.5269375526693396,2288.091345286796,2288.091345286796,311.76963667262527,749.9999999999997,161365.60210453733,3813.4855754779937,True,0.136257513195369,80.68280105226867
thickness_grids_L8000mm.csv,85,8.0,161.7943944601841,2.573925684048615,15,195,2.9397185929648244,2.944548066968006,0.0048294740031817,217.19577759726295,217.19577759726295,1.5209332919475995,2288.8662366543354,2288.8662366543354,311.1022100089569,749.9999999999999,161794.39446018406,3814.777061090559,True,0.1359197864108035,80.89719723009203
thickness_grids_L8000mm.csv,86,8.0,162.2223444392662,2.527083543318465,15,196,2.954788944723618,2.9596184187268,0.0048294740031817,219.428376857131,219.428376857131,1.5149667118123662,2289.636833994035,2289.636833994035,310.439947134751,750.0000000000001,162222.34443926622,3816.061389990059,True,0.1355847977835072,81.1111722196331
thickness_grids_L8000mm.csv,87,8.0,162.64945705758166,2.48143284905024,15,197,2.9698592964824124,2.974688770485594,0.0048294740031817,221.67239218728744,221.67239218728744,1.5090374244537472,2290.4031773392917,2290.4031773392917,309.7827782680617,750.0000000000002,162649.45705758166,3817.338628898819,True,0.1352525098345039,81.32472852879083
thickness_grids_L8000mm.csv,88,8.0,163.07573728811823,2.4369362557970797,15,198,2.9849296482412058,2.9897591222443873,0.0048294740031817,223.92782358773204,223.92782358773204,1.503145048985046,2291.1653060184167,2291.1653060184167,309.13063494579114,749.9999999999999,163075.73728811822,3818.608843364028,True,0.1349228858056505,81.53786864405912
thickness_grids_L8000mm.csv,89,8.0,163.50119006371028,2.393557790229413,15,199,3.0,3.0048294740031816,0.0048294740031817,226.1946710584651,226.1946710584651,1.4972892112853164,2291.9232586702155,2291.9232586702155,308.48344999603177,750.0,163501.1900637103,3819.872097783693,True,0.1345958896437986,81.75059503185514
thickness_grids_L8000mm.csv,90,8.0,166.98220523928262,2.3758890570424978,16,191,2.8794371859296484,2.884656498573269,0.0052193126436201,208.3795412606739,208.3795412606739,1.6061997166797202,2277.915537867261,2277.915537867261,301.8386547593846,750.0,166982.20523928263,3796.5258964454342,True,0.1325065173584032,83.49110261964131
thickness_grids_L8000mm.csv,91,8.0,167.43014408315375,2.3313393713320405,16,192,2.894507537688442,2.8997268503320623,0.0052193126436201,210.56647623938863,210.56647623938863,1.5998388907928205,2278.7284970623596,2278.7284970623596,301.18147333751165,749.9999999999999,167430.14408315375,3797.8808284372662,True,0.1321708460335586,83.71507204157687
thickness_grids_L8000mm.csv,92,8.0,167.87718852162553,2.2879510543592003,16,193,2.909577889447236,2.914797202090856,0.0052193126436201,212.76482728839176,212.76482728839176,1.59351847847895,2279.5369200659698,2279.5369200659698,300.5294664182349,750.0,167877.18852162553,3799.2282001099497,True,0.131837946458677,83.93859426081276
thickness_grids_L8000mm.csv,93,8.0,168.32334395479995,2.245686869259005,16,194,2.92464824120603,2.9298675538496504,0.0052193126436201,214.9745944076832,214.9745944076832,1.5872380541590254,2280.34085009054,2280.34085009054,299.8825629378508,750.0000000000005,168323.34395479996,3800.5680834842337,True,0.131507780043472,84.16167197739998
thickness_grids_L8000mm.csv,94,8.0,168.76861572958393,2.204510977604507,16,195,2.9397185929648244,2.9449379056084446,0.0052193126436201,217.19577759726295,217.19577759726295,1.5809971999742995,2281.140329575969,2281.140329575969,299.24069318520924,750.0,168768.61572958392,3801.900549293282,True,0.1311803089469878,84.38430786479196
thickness_grids_L8000mm.csv,95,8.0,169.21300914310368,2.1643888794712725,16,196,2.954788944723618,2.9600082573672384,0.0052193126436201,219.428376857131,219.428376857131,1.574795505611924,2281.935400206413,2281.935400206413,298.6037887732602,750.0000000000002,169213.00914310367,3803.225667010688,True,0.1308554960610409,84.60650457155184
thickness_grids_L8000mm.csv,96,8.0,169.6565294451415,2.1252873564414863,16,197,2.9698592964824124,2.9750786091260326,0.0052193126436201,221.67239218728744,221.67239218728744,1.5686325681235358,2282.7261029281567,2282.7261029281567,297.97178261039596,750.0000000000002,169656.5294451415,3804.5435048802615,True,0.13053330499361,84.82826472257075
thickness_grids_L8000mm.csv,97,8.0,170.0991818410494,2.087174417296955,16,198,2.9849296482412058,2.990148960884826,0.0052193126436201,223.92782358773204,223.92782358773204,1.5625079917539568,2283.5124779663574,2283.5124779663574,297.3446088730474,750.0000000000001,170099.18184104937,3805.85412994393,True,0.1302137000529357,85.0495909205247
thickness_grids_L8000mm.csv,98,8.0,170.54097149407232,2.050019246292255,16,199,3.0,3.00521931264362,0.0052193126436201,226.1946710584651,226.1946710584651,1.5564213877738549,2284.2945648414434,2284.2945648414434,296.7222029783788,750.0,170540.97149407232,3807.157608069073,True,0.1298966462317765,85.27048574703616
thickness_grids_L8000mm.csv,99,8.0,174.10275198968995,2.0395175099449374,17,191,2.8794371859296484,2.885071488093735,0.0056343021640867,208.3795412606739,208.3795412606739,1.6686844723750387,2269.9631355650554,2269.9631355650554,290.4914802913624,750.0,174102.75198968995,3783.271892608426,True,0.1279718933492949,87.05137599484497
thickness_grids_L8000mm.csv,100,8.0,174.56764717952234,2.001272150238216,17,192,2.894507537688442,2.900141839852529,0.0056343021640867,210.56647623938863,210.56647623938863,1.662076796306898,2270.8012186403,2270.8012186403,289.8591209677245,750.0000000000001,174567.64717952235,3784.668697733833,True,0.1276461887497511,87.28382358976117
thickness_grids_L8000mm.csv,101,8.0,175.0316101418023,1.964023870054952,17,193,2.909577889447236,2.9152121916113227,0.0056343021640867,212.76482728839176,212.76482728839176,1.65551109567636,2271.634648578986,2271.634648578986,289.2317399264707,750.0,175031.61014180232,3786.057747631643,True,0.1273231767737821,87.51580507090115
thickness_grids_L8000mm.csv,102,8.0,175.49464652492296,1.9277406983223848,17,194,2.92464824120603,2.930282543370117,0.0056343021640867,214.9745944076832,214.9745944076832,1.648986928555312,2272.4634695387217,2272.4634695387217,288.6092688075311,750.0,175494.64652492295,3787.4391158978697,True,0.1270028199248082,87.74732326246148
thickness_grids_L8000mm.csv,103,8.0,175.9567619226058,1.8923918646867168,17,195,2.9397185929648244,2.945352895128911,0.0056343021640867,217.19577759726295,217.19577759726295,1.642503861037338,2273.2877248870673,2273.2877248870673,287.9916405527099,750.0000000000002,175956.7619226058,3788.812874811779,True,0.1266850814350905,87.9783809613029
thickness_grids_L8000mm.csv,104,8.0,176.41796187628802,1.8579477481022588,17,196,2.954788944723618,2.960423246887705,0.0056343021640867,219.428376857131,219.428376857131,1.6360614670450506,2274.1074572201555,2274.107457220156,287.37878937666204,750.0000000000001,176417.96187628803,3790.179095366927,True,0.1263699252488054,88.20898093814401
thickness_grids_L8000mm.csv,105,8.0,176.87825187853122,1.8243798278533292,17,197,2.9698592964824124,2.975493598646499,0.0056343021640867,221.67239218728744,221.67239218728744,1.6296593281495808,2274.92270837995,2274.92270837995,286.77065074052496,750.0,176878.2518785312,3791.537847299917,True,0.1260573160064607,88.43912593926561
thickness_grids_L8000mm.csv,106,8.0,177.3376373753761,1.7916606369371408,17,198,2.9849296482412058,2.9905639504052925,0.0056343021640867,223.92782358773204,223.92782358773204,1.6232970333895016,2275.7335194717452,2275.7335194717452,286.1671613246311,750.0,177337.6373753761,3792.889199119576,True,0.1257472190289914,88.66881868768805
thickness_grids_L8000mm.csv,107,8.0,177.79612376958744,1.759763717626906,17,199,3.0,3.005634302164087,0.0056343021640867,226.1946710584651,226.1946710584651,1.6169741791017116,2276.5399308803258,2276.5399308803253,285.56825900346314,749.9999999999998,177796.12376958743,3794.233218133876,True,0.1254396003030069,88.89806188479372
thickness_grids_L8000mm.csv,108,8.0,181.4204359020192,1.755331500699412,18,191,2.8794371859296484,2.88551162849423,0.0060744425645817,208.3795412606739,208.3795412606739,1.7324722923806486,2261.907280839276,2261.907280839276,279.7502669511831,749.9999999999999,181420.43590201924,3769.845468065461,True,0.1236789276558596,90.7102179510096
thickness_grids_L8000mm.csv,109,8.0,181.90260935388972,1.7224126045929011,18,192,2.894507537688442,2.900581980253024,0.0060744425645817,210.56647623938863,210.56647623938863,1.725612689304848,2262.770587745672,2262.770587745672,279.14140855412194,750.0000000000002,181902.6093538897,3771.2843129094535,True,0.1233626643663518,90.95130467694486
thickness_grids_L8000mm.csv,110,8.0,182.3838117109461,1.6903519774646103,18,193,2.909577889447236,2.9156523320118177,0.0060744425645817,212.76482728839176,212.76482728839176,1.7187966548818518,2263.6291257437656,2263.6291257437656,278.53734263397274,749.9999999999999,182383.81171094612,3772.715209572943,True,0.1230490187046224,91.19190585547304
thickness_grids_L8000mm.csv,111,8.0,182.86404887882884,1.659122097502948,18,194,2.92464824120603,2.930722683770612,0.0060744425645817,214.9745944076832,214.9745944076832,1.7120237305226789,2264.48293991378,2264.48293991378,277.93800339197753,750.0000000000001,182864.04887882885,3774.138233189633,True,0.1227379542115517,91.43202443941442
thickness_grids_L8000mm.csv,112,8.0,183.34332670585437,1.628696476592993,18,195,2.9397185929648244,2.945793035529406,0.0060744425645817,217.19577759726295,217.19577759726295,1.7052934659572927,2265.3320745300066,2265.3320745300066,277.34332628155994,750.0,183343.32670585436,3775.553457550011,True,0.1224294351366128,91.67166335292718
thickness_grids_L8000mm.csv,113,8.0,183.82165098642943,1.599049616028242,18,196,2.954788944723618,2.9608633872882,0.0060744425645817,219.428376857131,219.428376857131,1.698605419041554,2266.1765730789375,2266.1765730789375,276.7532479818112,749.9999999999998,183821.65098642945,3776.9609551315625,True,0.1221234264220642,91.91082549321472
thickness_grids_L8000mm.csv,114,8.0,184.2990274639681,1.5701569643552862,18,197,2.9698592964824124,2.975933739046994,0.0060744425645817,221.67239218728744,221.67239218728744,1.6919591555670748,2267.0164782772213,2267.0164782772213,276.16770637115695,749.9999999999999,184299.0274639681,3778.3607971287024,True,0.1218198936873302,92.14951373198404
thickness_grids_L8000mm.csv,115,8.0,184.77546183363873,1.5419948772476957,18,198,2.9849296482412058,2.9910040908057876,0.0060744425645817,223.92782358773204,223.92782358773204,1.685354249071184,2267.851832089801,2267.851832089801,275.5866405015523,750.0,184775.46183363872,3779.753053483002,True,0.1215188032137012,92.38773091681936
thickness_grids_L8000mm.csv,116,8.0,185.25095974545377,1.5145405792441369,18,199,3.0,3.006074442564582,0.0060744425645817,226.1946710584651,226.1946710584651,1.6787902806626973,2268.6826757462304,2268.6826757462304,275.0099905740108,749.9999999999999,185250.95974545373,3781.137792910384,True,0.1212201219298122,92.62547987272688
thickness_grids_L8000mm.csv,117,8.0,189.4215291479988,1.486629949409224,19,192,2.894507537688442,2.901047271533547,0.0065397338451049,210.56647623938863,210.56647623938863,1.7903045070574275,2254.657423561209,2254.657423561209,269.0086231423934,750.0,189421.5291479988,3757.7623726020142,True,0.1193124154167496,94.7107645739994
thickness_grids_L8000mm.csv,118,8.0,189.92025188608287,1.4589557914096412,19,193,2.909577889447236,2.9161176232923407,0.0065397338451049,212.76482728839176,212.76482728839176,1.783233660001251,2255.5410975705036,2255.5410975705036,268.4266042259297,749.9999999999998,189920.25188608287,3759.235162617506,True,0.1190076317009068,94.96012594304143
thickness_grids_L8000mm.csv,119,8.0,190.41796985713833,1.4319987665091798,19,194,2.92464824120603,2.931187975051135,0.0065397338451049,214.9745944076832,214.9745944076832,1.7762075269555757,2256.4199344288327,2256.4199344288327,267.84913868159344,750.0000000000001,190417.96985713832,3760.6998907147217,True,0.1187053591375907,95.20898492856917
thickness_grids_L8000mm.csv,120,8.0,190.9146891723948,1.4057360076969725,19,195,2.9397185929648244,2.946258326809929,0.0065397338451049,217.19577759726295,217.19577759726295,1.769225641017668,2257.2939792921784,2257.2939792921784,267.27616433901755,749.9999999999998,190914.6891723948,3762.15663215363,True,0.1184055629399355,95.4573445861974
thickness_grids_L8000mm.csv,121,8.0,191.41041588702217,1.3801455021670934,19,196,2.954788944723618,2.961328678568723,0.0065397338451049,219.428376857131,219.428376857131,1.7622875437087273,2258.1632765132235,2258.1632765132235,266.707620208139,750.0,191410.41588702216,3763.6054608553727,True,0.1181082089953902,95.70520794351108
thickness_grids_L8000mm.csv,122,8.0,191.90515600317391,1.3552060549236284,19,197,2.9698592964824124,2.976399030327517,0.0065397338451049,221.67239218728744,221.67239218728744,1.7553927847760855,2259.0278696597343,2259.0278696597343,266.1434464538723,749.9999999999999,191905.1560031739,3765.046449432891,True,0.1178132638505075,95.95257800158696
thickness_grids_L8000mm.csv,123,8.0,192.39891547309907,1.3308972541204516,19,198,2.9849296482412058,2.9914693820863105,0.0065397338451049,223.92782358773204,223.92782358773204,1.748540922001186,2259.887801532424,2259.887801532424,265.58358437156545,749.9999999999999,192398.91547309907,3766.479669220707,True,0.117520694696203,96.19945773654952
thickness_grids_L8000mm.csv,124,8.0,192.89170020200837,1.3071994380479637,19,199,3.0,3.0065397338451048,0.0065397338451049,226.1946710584651,226.1946710584651,1.7417315210119575,2260.743114182451,2260.743114182451,265.02797636299016,749.9999999999999,192891.70020200836,3767.905190304085,True,0.117230469353362,96.44585010100418
thickness_grids_L8000mm.csv,125,8.0,197.11254353105707,1.286983360488516,20,192,2.894507537688442,2.9015377136940987,0.0070301760056564,210.56647623938863,210.56647623938863,1.8560274349060368,2246.479841599892,2246.479841599892,259.43598412124055,750.0,197112.54353105708,3744.133069333154,True,0.115485560705711,98.55627176552854
thickness_grids_L8000mm.csv,126,8.0,197.62903272409233,1.2630235618213477,20,193,2.909577889447236,2.9166080654528925,0.0070301760056564,212.76482728839176,212.76482728839176,1.8486977948212764,2247.388616928691,2247.388616928691,258.87479774226017,750.0000000000002,197629.0327240923,3745.647694881152,True,0.115189155890645,98.81451636204616
thickness_grids_L8000mm.csv,127,8.0,198.1444766643968,1.23968468729444,20,194,2.92464824120603,2.9316784172116868,0.0070301760056564,214.9745944076832,214.9745944076832,1.8414144968749755,2248.292443620646,2248.292443620646,258.3180009477684,750.0,198144.4766643968,3747.154072701077,True,0.1148951959878375,99.0722383321984
thickness_grids_L8000mm.csv,128,8.0,198.6588817338823,1.2169469363612249,20,195,2.9397185929648244,2.946748768970481,0.0070301760056564,217.19577759726295,217.19577759726295,1.8341770572960232,2249.1913676860668,2249.1913676860668,257.7655338134818,750.0000000000003,198658.88173388233,3748.652279476778,True,0.1146036471225954,99.32944086694116
thickness_grids_L8000mm.csv,129,8.0,199.17225425612693,1.1947912481854135,20,196,2.954788944723618,2.961819120729275,0.0070301760056564,219.428376857131,219.428376857131,1.8269850010379072,2250.085434317107,2250.085434317107,257.2173375524715,749.9999999999998,199172.25425612697,3750.142390528511,True,0.1143144760770099,99.58612712806348
thickness_grids_L8000mm.csv,130,8.0,199.68460049975096,1.1731992701170058,20,197,2.9698592964824124,2.976889472488069,0.0070301760056564,221.67239218728744,221.67239218728744,1.8198378615758155,2250.974687906228,2250.974687906228,256.67335449099045,749.9999999999999,199684.60049975096,3751.6244798437137,True,0.1140276502752406,99.84230024987548
thickness_grids_L8000mm.csv,131,8.0,200.19592668140217,1.1521533276791112,20,198,2.9849296482412058,2.9919598242468624,0.0070301760056564,223.92782358773204,223.92782358773204,1.812735180706586,2251.859172064534,2251.859172064534,256.1335280445716,750.0000000000002,200195.92668140217,3753.098620107557,True,0.1137431377690217,100.09796334070109
thickness_grids_L8000mm.csv,132,8.0,200.70623896931437,1.131636395966274,20,199,3.0,3.0070301760056566,0.0070301760056564,226.1946710584651,226.1946710584651,1.8056765083590376,2252.738929638997,2252.738929638997,255.59780269550484,749.9999999999999,200706.2389693144,3754.564882731662,True,0.1134609072239296,100.3531194846572
thickness_grids_L8000mm.csv,133,8.0,204.9652200743825,1.1176091366500382,21,192,2.894507537688442,2.9020533067346785,0.0075457690462362,210.56647623938863,210.56647623938863,1.9226717204804096,2238.253599815154,2238.253599815154,250.3957470167471,749.9999999999999,204965.2200743825,3730.42266635859,True,0.1118710350951411,102.48261003719124
thickness_grids_L8000mm.csv,134,8.0,205.49969122660264,1.096800633415107,21,193,2.909577889447236,2.9171236584934723,0.0075457690462362,212.76482728839176,212.76482728839176,1.915079745861554,2239.1873882768323,2239.1873882768323,249.8542388054044,750.0,205499.69122660268,3731.978980461387,True,0.1115825500418166,102.74984561330132
thickness_grids_L8000mm.csv,135,8.0,206.0330757848095,1.0765314268964377,21,194,2.92464824120603,2.9321940102522666,0.0075457690462362,214.9745944076832,214.9745944076832,1.9075357628603984,2240.1161187076955,2240.1161187076955,249.31696543883217,750.0000000000001,206033.0757848095,3733.526864512826,True,0.1112964472496457,103.01653789240476
thickness_grids_L8000mm.csv,136,8.0,206.5653804088956,1.0567843183509325,21,195,2.9397185929648244,2.947264362011061,0.0075457690462362,217.19577759726295,217.19577759726295,1.900039270627855,2241.039837943649,2241.039837943649,248.783869114967,750.0,206565.3804088956,3735.066396572749,True,0.1110126937070641,103.2826902044478
thickness_grids_L8000mm.csv,137,8.0,207.09661169828988,1.0375427515890123,21,196,2.954788944723618,2.9623347137698546,0.0075457690462362,219.428376857131,219.428376857131,1.8925897773468705,2241.9585919876704,2241.9585919876704,248.2548931286547,749.9999999999998,207096.61169828987,3736.597653312784,True,0.1107312570427794,103.54830584914494
thickness_grids_L8000mm.csv,138,8.0,207.62677619538223,1.0187907855912235,21,197,2.9698592964824124,2.977405065528649,0.0075457690462362,221.67239218728744,221.67239218728744,1.885186800021569,2242.8724260287013,2242.8724260287013,247.72998184834037,750.0,207626.77619538223,3738.120710047835,True,0.1104521055114038,103.81338809769112
thickness_grids_L8000mm.csv,139,8.0,208.15588038885545,1.0005130684361747,21,198,2.9849296482412058,2.992475417287442,0.0075457690462362,223.92782358773204,223.92782358773204,1.8778298642698288,2243.7813844603324,2243.7813844603324,247.20908069322715,750.0000000000001,208155.8803888554,3739.635640767221,True,0.1101752079794017,104.07794019442773
thickness_grids_L8000mm.csv,140,8.0,208.68393071678943,0.98269481246026,21,199,3.0,3.0075457690462364,0.0075457690462362,226.1946710584651,226.1946710584651,1.8705185041239636,2244.6855108987065,2244.6855108987065,246.69213611097717,750.0000000000001,208683.93071678944,3741.142518164511,True,0.1099005339114114,104.34196535839472
thickness_grids_L8000mm.csv,141,8.0,212.9703721062204,0.9735882997705844,22,192,2.894507537688442,2.9025940506552863,0.0080865129668442,210.56647623938863,210.56647623938863,1.9901407295747473,2229.992406191339,2229.992406191339,241.85872899233604,750.0,212970.3721062204,3716.654010318898,True,0.1084571984733404,106.4851860531102
thickness_grids_L8000mm.csv,142,8.0,213.5230139349772,0.9554595071265356,22,193,2.909577889447236,2.91766440241408,0.0080865129668442,212.76482728839176,212.76482728839176,1.98228326594042,2230.951074027119,2230.951074027119,241.3358078086112,750.0,213523.0139349772,3718.2517900451985,True,0.108176199208606,106.7615069674886
thickness_grids_L8000mm.csv,143,8.0,217.66901034970513,0.9553046750003276,23,186,2.8040854271356785,2.8127378349031593,0.0086524077674806,197.6161074214247,197.6161074214247,2.1082133355627266,2215.694452249926,2215.694452249926,236.91367334812472,750.0000000000001,217669.01034970515,3692.8240870832105,True,0.106925245539858,108.83450517485257
thickness_grids_L8000mm.csv,144,8.0,230.9099992240037,0.9518696946110186,26,168,2.532819095477387,2.543320092926946,0.0105009974495593,161.2308721498093,161.2308721498093,2.5000619551112333,2169.6472841702803,2169.6472841702803,224.37744201534213,750.0000000000002,230909.99922400372,3616.0788069504674,True,0.1034165523826832,115.45499961200186
thickness_grids_L8000mm.csv,145,8.0,259.8419830192365,0.9512976271471254,32,141,2.1259195979899497,2.14079684856443,0.0148772505744804,113.58828194253924,113.58828194253924,3.347944654338627,2076.827017968791,2076.827017968791,202.9572538554482,750.0,259841.98301923653,3461.378363281319,True,0.0977246790895215,129.92099150961826
thickness_grids_L8000mm.csv,146,8.0,343.68033727689027,0.9503322630328532,47,102,1.5381758793969849,1.5679550263882225,0.0297791469912375,59.46368965976957,59.46368965976957,5.742793977116718,1855.9155746865656,1855.9155746865656,164.62367202827474,750.0000000000002,343680.3372768903,3093.19262447761,True,0.0887021340160244,171.84016863844514
thickness_grids_L8000mm.csv,147,8.0,942.0389282681672,0.9501812195218678,124,49,0.7394472361809048,0.9348072018383378,0.1953599656574329,13.742135920462594,13.742135920462594,19.467275361123633,1178.3683815051752,1178.3683815051752,81.02224863789846,749.9999999999998,942038.9282681672,1963.9473025086256,True,0.0687579961492225,471.0194641340836
thickness_grids_L8000mm.csv,148,8.0,1564.8003333180295,0.9501777766570778,189,40,0.6038140703517585,1.0550213630968912,0.4512072927451327,9.163182103473718,9.163182103473718,27.288447841136698,985.227586092515,985.227586092515,49.17308663638709,750.0000000000001,1564800.3333180298,1642.0459768208584,True,0.0499103834794264,782.4001666590149
thickness_grids_L9000mm.csv,1,9.0,109.86634079197628,10.78635253212338,0,186,2.8040854271356785,2.8060854271356783,0.002,222.31812084910277,222.31812084910277,1.0425677275219156,2352.5050621086,2352.5050621086,488.81892512872366,750.0000000000001,109866.34079197628,3920.841770181,True,0.2077865561277836,48.8294847964339
thickness_grids_L9000mm.csv,2,9.0,110.17990618292058,10.566445465743096,0,187,2.8191557788944723,2.821155778894472,0.002,224.7142073047851,224.7142073047851,1.0386302743531306,2353.044965879606,2353.044965879606,487.70634217322777,749.9999999999997,110179.90618292056,3921.741609799344,True,0.207266052814641,48.96884719240914
thickness_grids_L9000mm.csv,3,9.0,110.49287521997086,10.352574323623058,0,188,2.834226130653266,2.836226130653266,0.002,227.1231368395418,227.1231368395418,1.034718176601956,2353.5816613391394,2353.5816613391394,486.60293079133953,750.0000000000003,110492.87521997084,3922.6361022318993,True,0.2067499669905111,49.10794454220927
thickness_grids_L9000mm.csv,4,9.0,110.8052517307234,10.14453760811075,0,189,2.8492964824120603,2.85129648241206,0.002,229.5449094533729,229.5449094533729,1.030831140741567,2354.115183786515,2354.115183786515,485.5085621621015,750.0000000000001,110805.2517307234,3923.5253063108594,True,0.2062382357099355,49.24677854698818
thickness_grids_L9000mm.csv,5,9.0,111.11703948358824,9.942141659400145,0,190,2.864366834170854,2.866366834170854,0.002,231.97952514627832,231.97952514627832,1.0269688788481663,2354.6455678568655,2354.6455678568655,484.4231098978074,750.0000000000001,111117.03948358825,3924.4092797614426,True,0.2057307972421158,49.385350881594775
thickness_grids_L9000mm.csv,6,9.0,111.42824218857008,9.745200309693656,0,191,2.8794371859296484,2.881437185929648,0.002,234.42698391825817,234.42698391825817,1.0231311084498511,2355.1728475390114,2355.1728475390114,483.3464499844585,750.0,111428.24218857008,3925.288079231686,True,0.2052275910405137,49.52366319492003
thickness_grids_L9000mm.csv,7,9.0,111.73886349925104,9.553534553602864,0,192,2.894507537688442,2.896507537688442,0.002,236.8872857693122,236.8872857693122,1.0193175524007037,2355.69705618996,2355.69705618996,482.2784607289584,750.0000000000002,111738.86349925103,3926.161760316601,True,0.2047285577157286,49.66171711077824
thickness_grids_L9000mm.csv,8,9.0,112.04890701316856,9.366972235509555,0,193,2.909577889447236,2.9115778894472357,0.002,239.3604306994407,239.3604306994407,1.0155279387377645,2356.218226551858,2356.218226551858,481.2190227017091,750.0000000000001,112048.90701316854,3927.0303775864304,True,0.2042336390063222,49.799514228074905
thickness_grids_L9000mm.csv,9,9.0,112.35837627406886,9.185347751372849,0,194,2.92464824120603,2.92664824120603,0.002,241.84641870864357,241.84641870864357,1.0117620005635235,2356.7363907655104,2356.7363907655104,480.1680186875725,749.9999999999999,112358.37627406884,3927.893984609184,True,0.2037427777536058,49.93705612180838
thickness_grids_L9000mm.csv,10,9.0,112.66727477226908,9.00850176568151,0,195,2.9397185929648244,2.941718592964824,0.002,244.34524979692085,244.34524979692085,1.0080194759137748,2357.2515803860124,2357.2515803860124,479.12533363225424,750.0,112667.27477226908,3928.7526339766873,True,0.2032559178744065,50.074344343230706
thickness_grids_L9000mm.csv,11,9.0,112.97560594668242,8.836280941644741,0,196,2.954788944723618,2.956788944723618,0.002,246.8569239642724,246.8569239642724,1.004300107640825,2357.763826396345,2357.763826396345,478.0908545951468,750.0000000000001,112975.60594668242,3929.6063773272417,True,0.2027730043368553,50.211380420747744
thickness_grids_L9000mm.csv,12,9.0,113.2833731856673,8.668537684442734,0,197,2.9698592964824124,2.971859296482412,0.002,249.38144121069837,249.38144121069837,1.000603643297446,2358.273159220952,2358.273159220952,477.064470700592,750.0,113283.3731856673,3930.4552653682535,True,0.2022939831356045,50.348165860296575
thickness_grids_L9000mm.csv,13,9.0,113.59057982816186,8.50512989694058,0,198,2.9849296482412058,2.9869296482412055,0.002,251.91880153619857,251.91880153619857,0.9969298350185164,2358.7796087397096,2358.7796087397096,476.0460730903902,750.0000000000001,113590.57982816186,3931.299347899516,True,0.2018188012676354,50.48470214584972
thickness_grids_L9000mm.csv,14,9.0,113.8972291654741,8.345920746488016,0,199,3.0,3.002,0.002,254.46900494077323,254.46900494077323,0.99327843942139,2359.283204299391,2359.283204299391,475.03555488159446,750.0000000000005,113897.2291654741,3932.1386738323185,True,0.2013474067106158,50.62099074021071
thickness_grids_L9000mm.csv,15,9.0,114.2755782981634,8.242032905308859,1,199,3.0,3.002012575440014,0.0020125754400141,254.46900494077323,254.46900494077323,0.9963937314654796,2358.853532696553,2358.853532696553,473.5482125252888,750.0000000000001,114275.5782981634,3931.422554494255,True,0.2007535465688478,50.78914591029485
thickness_grids_L9000mm.csv,16,9.0,115.09393496704102,8.093254128258792,2,198,2.9849296482412058,2.9869799500012624,0.0020503017600565,251.91880153619857,251.91880153619857,1.0093784691222814,2357.064475201596,2357.064475201596,470.1665844097383,750.0000000000002,115093.93496704102,3928.44079200266,True,0.1994712445740482,51.15285998535156
thickness_grids_L9000mm.csv,17,9.0,115.4043572414528,7.941753678929591,2,199,3.0,3.0020503017600566,0.0020503017600565,254.46900494077323,254.46900494077323,1.0056815191769035,2357.573544560336,2357.573544560336,469.1685680362445,750.0,115404.3572414528,3929.289240933894,True,0.1990048493370499,51.29082544064568
thickness_grids_L9000mm.csv,18,9.0,116.31838865745252,7.915845875167367,3,196,2.954788944723618,2.9569021236837454,0.0021131789601272,246.8569239642724,246.8569239642724,1.0323014935037866,2353.9133366442884,2353.9133366442884,465.1036056977772,750.0,116318.38865745252,3923.188894407147,True,0.1975873956178962,51.69706162553445
thickness_grids_L9000mm.csv,19,9.0,116.63461140155796,7.765572796886639,3,197,2.9698592964824124,2.9719724754425396,0.0021131789601272,249.38144121069837,249.38144121069837,1.028502061272084,2354.434992720825,2354.434992720825,464.10515160656615,750.0,116634.61140155797,3924.0583212013753,True,0.1971195437722569,51.83760506735909
thickness_grids_L9000mm.csv,20,9.0,116.95025708910244,7.619183717436584,3,198,2.9849296482412058,2.987042827201333,0.0021131789601272,251.91880153619857,251.91880153619857,1.0247259151841157,2354.953702196285,2354.953702196285,463.1144661630475,750.0000000000001,116950.25708910244,3924.9228369938087,True,0.1966554441096384,51.97789203960108
thickness_grids_L9000mm.csv,21,9.0,117.2653291109245,7.4765560512735565,3,199,3.0,3.002113178960127,0.0021131789601272,254.46900494077323,254.46900494077323,1.0209728051027027,2355.4694950177636,2355.4694950177636,462.1314454000479,749.9999999999999,117265.3291109245,3925.7824916962727,True,0.1961950457764526,52.11792404929978
thickness_grids_L9000mm.csv,22,9.0,118.54049322481448,7.438114258581943,4,195,2.9397185929648244,2.9419198000050506,0.0022012070402262,244.34524979692085,244.34524979692085,1.05746585670336,2350.4646791621876,2350.4646791621876,456.6885404120502,750.0,118540.49322481448,3917.44113193698,True,0.1942971296104882,52.6846636554731
thickness_grids_L9000mm.csv,23,9.0,118.86372553475066,7.295910614083565,4,196,2.954788944723618,2.9569901517638444,0.0022012070402262,246.8569239642724,246.8569239642724,1.0535642170410426,2350.9986566413927,2350.9986566413927,455.7025897634313,749.9999999999998,118863.72553475066,3918.3310944023215,True,0.1938336240542316,52.82832245988918
thickness_grids_L9000mm.csv,24,9.0,119.1863647406566,7.157404224030173,4,197,2.9698592964824124,2.9720605035226386,0.0022012070402262,249.38144121069837,249.38144121069837,1.049686601845231,2351.529609044166,2351.529609044166,454.7243539477653,750.0000000000001,119186.36474065662,3919.2160150736104,True,0.1933738585297246,52.97171766251405
thickness_grids_L9000mm.csv,25,9.0,119.50841435955827,7.022477751463061,4,198,2.9849296482412058,2.987130855281432,0.0022012070402262,251.91880153619857,251.91880153619857,1.0458327511552448,2352.0575673180892,2352.0575673180892,453.7537292280195,750.0000000000002,119508.41435955829,3920.095945530149,True,0.1929177820870293,53.11485082647035
thickness_grids_L9000mm.csv,26,9.0,119.82987785805872,6.891018206909409,4,199,3.0,3.002201207040226,0.0022012070402262,254.46900494077323,254.46900494077323,1.0420024097034817,2352.5825618599515,2352.5825618599515,452.79061374764245,749.9999999999999,119829.87785805872,3920.970936433253,True,0.1924653447187274,53.25772349247054
thickness_grids_L9000mm.csv,27,9.0,121.40780420662612,6.861152522623089,5,194,2.92464824120603,2.926962627206384,0.0023143860003535,241.84641870864357,241.84641870864357,1.0883109444392354,2346.2525453978133,2346.2525453978133,446.3432774097994,749.9999999999999,121407.80420662613,3910.420908996355,True,0.1902366726400804,53.95902409183383
thickness_grids_L9000mm.csv,28,9.0,121.73972352031188,6.729047344945443,5,195,2.9397185929648244,2.942032978965178,0.0023143860003535,244.34524979692085,244.34524979692085,1.0842855477805275,2346.8013075490353,2346.8013075490353,445.37417412794065,750.0000000000001,121739.72352031188,3911.3355125817257,True,0.1897792423650398,54.106543786805275
thickness_grids_L9000mm.csv,29,9.0,122.07103017985672,6.600397347407997,5,196,2.954788944723618,2.957103330723972,0.0023143860003535,246.8569239642724,246.8569239642724,1.0802850546446012,2347.346952889597,2347.346952889597,444.41269690358934,749.9999999999999,122071.03017985672,3912.244921482662,True,0.189325526146237,54.25379119104743
thickness_grids_L9000mm.csv,30,9.0,122.40172785229775,6.475092266135495,5,197,2.9698592964824124,2.972173682482766,0.0023143860003535,249.38144121069837,249.38144121069837,1.0763091935784386,2347.889513508376,2347.889513508376,443.45874270702194,750.0,122401.72785229776,3913.1491891806263,True,0.1888754731241061,54.40076793435456
thickness_grids_L9000mm.csv,31,9.0,122.73182015165968,6.353025944460116,5,198,2.9849296482412058,2.9872440342415594,0.0023143860003535,251.91880153619857,251.91880153619857,1.0723576980609455,2348.429020919627,2348.429020919627,442.51221038339406,750.0000000000002,122731.82015165967,3914.0483681993783,True,0.1884290333842449,54.54747562295986
thickness_grids_L9000mm.csv,32,9.0,123.06131064054718,6.234096158975624,5,199,3.0,3.0023143860003536,0.0023143860003535,254.46900494077323,254.46900494077323,1.068430306384008,2348.965506076658,2348.965506076658,441.5730006126135,750.0000000000001,123061.31064054718,3914.942510127764,True,0.1879861579364558,54.69391584024319
thickness_grids_L9000mm.csv,33,9.0,124.87390689853108,6.230576423965281,6,193,2.909577889447236,2.912030605287745,0.002452715840509,239.3604306994407,239.3604306994407,1.1245004340223494,2341.3315858798733,2341.3315858798733,434.51348614755625,749.9999999999998,124873.90689853107,3902.219309799789,True,0.1855839167625912,55.49951417712492
thickness_grids_L9000mm.csv,34,9.0,125.2160778654697,6.109756981047352,6,194,2.92464824120603,2.927100957046539,0.002452715840509,241.84641870864357,241.84641870864357,1.120330813597699,2341.897410165552,2341.897410165552,433.5646751289956,750.0,125216.0778654697,3903.16235027592,True,0.1851339316773685,55.65159016243098
thickness_grids_L9000mm.csv,35,9.0,125.55761327019133,5.992116472779165,6,195,2.9397185929648244,2.9421713088053334,0.002452715840509,244.34524979692085,244.34524979692085,1.116187111797295,2342.4600135990713,2342.4600135990713,432.6233729536928,749.9999999999999,125557.61327019132,3904.100022665119,True,0.1846876234565852,55.80338367564058
thickness_grids_L9000mm.csv,36,9.0,125.89851695352812,5.877552884228302,6,196,2.954788944723618,2.957241660564127,0.002452715840509,246.8569239642724,246.8569239642724,1.1120690440298722,2343.0194295433776,2343.0194295433776,431.6894776940357,750.0000000000001,125898.51695352812,3905.032382572296,True,0.1842449414848284,55.954896423790274
thickness_grids_L9000mm.csv,37,9.0,126.23879269988387,5.76596802101308,6,197,2.9698592964824124,2.9723120123229214,0.002452715840509,249.38144121069837,249.38144121069837,1.1079763308967576,2343.575690761855,2343.575690761855,430.7628892845683,749.9999999999999,126238.79269988388,3905.959484603092,True,0.1838058360916582,56.10613008883728
thickness_grids_L9000mm.csv,38,9.0,126.5784442395682,5.657267346352033,6,198,2.9849296482412058,2.9873823640817148,0.002452715840509,251.91880153619857,251.91880153619857,1.1039086980800863,2344.1288294307355,2344.1288294307355,429.8435094821845,750.0000000000001,126578.4442395682,3906.8813823845594,True,0.1833702585307867,56.257086328696985
thickness_grids_L9000mm.csv,39,9.0,126.91747524918544,5.551359826380892,6,199,3.0,3.002452715840509,0.002452715840509,254.46900494077323,254.46900494077323,1.099865876209446,2344.6788771545343,2344.6788771545343,428.9312418232285,750.0000000000001,126917.47524918545,3907.798128590891,True,0.1829381609577908,56.407766777415745
thickness_grids_L9000mm.csv,40,9.0,129.2438804590148,5.476977888350045,7,193,2.909577889447236,2.9121940860079287,0.0026161965606929,239.3604306994407,239.3604306994407,1.1613321186014725,2336.346419729965,2336.346419729965,420.7077704229361,750.0,129243.8804590148,3893.910699549942,True,0.1800708006612998,57.44172464845102
thickness_grids_L9000mm.csv,41,9.0,129.5970841209778,5.3707688045076925,7,194,2.92464824120603,2.927264437766723,0.0026161965606929,241.84641870864357,241.84641870864357,1.157026086201067,2336.9280424440467,2336.9280424440467,419.7891708233226,750.0,129597.0841209778,3894.880070740078,True,0.1796329040513765,57.59870405376791
thickness_grids_L9000mm.csv,42,9.0,129.94963015452623,5.2673542999438165,7,195,2.9397185929648244,2.942334789525517,0.0026161965606929,244.34524979692085,244.34524979692085,1.1527468186323115,2337.5063637962953,2337.5063637962953,418.87784054472377,750.0,129949.63015452622,3895.843939660492,True,0.1791985883043471,57.755391179789434
thickness_grids_L9000mm.csv,43,9.0,130.30152253748187,5.166644692103783,7,196,2.954788944723618,2.957405141284311,0.0026161965606929,246.8569239642724,246.8569239642724,1.148494022033403,2338.0814179207896,2338.0814179207896,417.97368091502096,749.9999999999999,130301.52253748188,3896.802363201316,True,0.1787678041112515,57.91178779443639
thickness_grids_L9000mm.csv,44,9.0,130.65276518998246,5.068553657093093,7,197,2.9698592964824124,2.972475493043105,0.0026161965606929,249.38144121069837,249.38144121069837,1.1442674079098205,2338.6532383376334,2338.6532383376334,417.0765950661025,750.0000000000001,130652.76518998246,3897.755397229389,True,0.1783405030848309,58.0678956399922
thickness_grids_L9000mm.csv,45,9.0,131.00336197590505,4.972998086571626,7,198,2.9849296482412058,2.9875458448018986,0.0026161965606929,251.91880153619857,251.91880153619857,1.140066693010649,2339.2218579667488,2339.2218579667488,416.18648789311027,749.9999999999999,131003.36197590506,3898.703096611248,True,0.1779166377381833,58.22371643373558
thickness_grids_L9000mm.csv,46,9.0,131.35331670417182,4.879897951679545,7,199,3.0,3.002616196560693,0.0026161965606929,254.46900494077323,254.46900494077323,1.1358915991956162,2339.787309143024,2339.787309143024,415.3032660148895,750.0,131353.31670417183,3899.6455152383737,True,0.1774961614639236,58.37925186852081
thickness_grids_L9000mm.csv,47,9.0,133.77406260332825,4.860750743355289,8,192,2.894507537688442,2.897312365849347,0.002804828160905,236.8872857693122,236.8872857693122,1.2069094410855994,2330.209569340714,2330.209569340714,407.1968951823928,750.0,133774.06260332826,3883.682615567857,True,0.1747468985365127,59.45513893481256
thickness_grids_L9000mm.csv,48,9.0,134.14024954634314,4.765816519343778,8,193,2.909577889447236,2.912382717608141,0.002804828160905,239.3604306994407,239.3604306994407,1.2024232209860373,2330.812061003069,2330.812061003069,406.3027045347966,749.9999999999999,134140.24954634314,3884.686768338449,True,0.1743180891040796,59.617888687263616
thickness_grids_L9000mm.csv,49,9.0,134.50574995031363,4.673395251295393,8,194,2.92464824120603,2.927453069366935,0.002804828160905,241.84641870864357,241.84641870864357,1.197965019360938,2331.4111274495694,2331.4111274495694,405.41563030772227,749.9999999999999,134505.74995031362,3885.685212415949,True,0.1738928091808602,59.7803333112505
thickness_grids_L9000mm.csv,50,9.0,134.87056800860813,4.583405841389727,8,195,2.9397185929648244,2.9425234211257294,0.002804828160905,244.34524979692085,244.34524979692085,1.193534526321494,2332.0068042987673,2332.0068042987673,404.53557544622,749.9999999999997,134870.56800860813,3886.678007164612,True,0.1734710099046488,59.9424746704925
thickness_grids_L9000mm.csv,51,9.0,135.23470785310033,4.495770245369666,8,196,2.954788944723618,2.957593772884523,0.002804828160905,246.8569239642724,246.8569239642724,1.189131437673143,2332.5991265249377,2332.5991265249377,403.6624446763319,750.0,135234.70785310032,3887.665210874896,True,0.1730526433308327,60.10431460137792
thickness_grids_L9000mm.csv,52,9.0,135.59817355606117,4.410413341826361,8,197,2.9698592964824124,2.9726641246433174,0.002804828160905,249.38144121069837,249.38144121069837,1.184755454778697,2333.1881284732926,2333.1881284732926,402.796144466351,750.0,135598.17355606117,3888.646880788822,True,0.1726376624116968,60.265854913804965
thickness_grids_L9000mm.csv,53,9.0,135.96096913143353,4.3272628077309525,8,198,2.9849296482412058,2.9877344764021108,0.002804828160905,251.91880153619857,251.91880153619857,1.1804062844255143,2333.7738438747474,2333.7738438747474,401.93658298668805,750.0000000000001,135960.96913143352,3889.623073124579,True,0.1722260209752611,60.427097391748234
thickness_grids_L9000mm.csv,54,9.0,136.3230985362431,4.246248999934654,8,199,3.0,3.002804828160905,0.002804828160905,254.46900494077323,254.46900494077323,1.1760836386930702,2334.3563058607333,2334.3563058607333,401.08367007209944,749.9999999999999,136323.09853624308,3890.5938431012223,True,0.1718176737052188,60.58804379388582
thickness_grids_L9000mm.csv,55,9.0,139.1394700050866,4.197388553264902,9,192,2.894507537688442,2.897526148329588,0.0030186106411454,236.8872857693122,236.8872857693122,1.2520040361873244,2324.1723067494177,2324.1723067494177,392.4997255750996,750.0000000000002,139139.4700050866,3873.6205112490297,True,0.1688772060639724,61.83976444670515
thickness_grids_L9000mm.csv,56,9.0,139.51911485295827,4.115407318625351,9,193,2.909577889447236,2.9125965000883816,0.0030186106411454,239.3604306994407,239.3604306994407,1.2473504207133472,2324.7937493387226,2324.7937493387226,391.6378895551297,750.0000000000001,139519.11485295827,3874.656248897871,True,0.1684613483095132,62.00849549020368
thickness_grids_L9000mm.csv,57,9.0,139.89804584482732,4.035596233581266,9,194,2.92464824120603,2.927666851847176,0.0030186106411454,241.84641870864357,241.84641870864357,1.2427258666849523,2325.4116712095424,2325.4116712095424,390.78291192789385,750.0000000000001,139898.0458448273,3875.686118682571,True,0.1680489165708158,62.176909264367694
thickness_grids_L9000mm.csv,58,9.0,140.2762673456588,3.957885261293304,9,195,2.9397185929648244,2.94273720360597,0.0030186106411454,244.34524979692085,244.34524979692085,1.2381300527106696,2326.026108892337,2326.026108892337,389.9346991628008,749.9999999999999,140276.2673456588,3876.710181487229,True,0.1676398634013997,62.34500770918169
thickness_grids_L9000mm.csv,59,9.0,140.6537836572375,3.8822070020324904,9,196,2.954788944723618,2.957807555364764,0.0030186106411454,246.8569239642724,246.8569239642724,1.233562663308247,2326.6370982565504,2326.6370982565504,389.0931594471484,749.9999999999999,140653.7836572375,3877.728497094251,True,0.1672341422470709,62.51279273655
thickness_grids_L9000mm.csv,60,9.0,141.0305990191152,3.808496580369808,9,197,2.9698592964824124,2.972877907123558,0.0030186106411454,249.38144121069837,249.38144121069837,1.2290233887563564,2327.2446745270395,2327.2446745270395,388.25820264595495,750.0000000000002,141030.5990191152,3878.7411242117328,True,0.1668317074245147,62.68026623071787
thickness_grids_L9000mm.csv,61,9.0,141.40671761037368,3.736691537647827,9,198,2.9849296482412058,2.9879482588823514,0.0030186106411454,251.91880153619857,251.91880153619857,1.2245119249591527,2327.848872298897,2327.848872298897,387.4297402645783,750.0,141406.7176103737,3879.748120498162,True,0.1664325141012986,62.84743004905497
thickness_grids_L9000mm.csv,62,9.0,141.78214355118806,3.666731729617034,9,199,3.0,3.0030186106411456,0.0030186106411454,254.46900494077323,254.46900494077323,1.2200279733106407,2328.4497255524125,2328.4497255524125,386.6076854126461,750.0,141782.14355118806,3880.7495425873544,True,0.1660365182765221,63.01428602275025
thickness_grids_L9000mm.csv,63,9.0,144.94471005851244,3.604951327695005,10,192,2.894507537688442,2.8977650816898564,0.0032575440014141,236.8872857693122,236.8872857693122,1.3005458602734217,2317.7116373871513,2317.7116373871513,377.81687766364263,749.9999999999999,144944.71005851243,3862.8527289785857,True,0.1630128923585898,64.41987113711663
thickness_grids_L9000mm.csv,64,9.0,145.33882544935122,3.534538404744709,10,193,2.909577889447236,2.91283543344865,0.0032575440014141,239.3604306994407,239.3604306994407,1.2957120808766496,2318.3532275307034,2318.3532275307034,376.9873678921543,750.0,145338.82544935122,3863.9220458845057,True,0.1626099782446381,64.59503353304498
thickness_grids_L9000mm.csv,65,9.0,145.7321974359267,3.4659894662502166,10,194,2.92464824120603,2.9279057852074444,0.0032575440014141,241.84641870864357,241.84641870864357,1.2909084851424246,2318.991196338523,2318.991196338523,376.1644586904266,749.9999999999998,145732.1974359267,3864.985327230872,True,0.1622103866907111,64.76986552707854
thickness_grids_L9000mm.csv,66,9.0,146.1248305699556,3.399244354173635,10,195,2.9397185929648244,2.9429761369662386,0.0032575440014141,244.34524979692085,244.34524979692085,1.28613473931279,2319.6255812948993,2319.6255812948993,375.3480600513985,750.0,146124.8305699556,3866.042635491499,True,0.1618140716666288,64.94436914220249
thickness_grids_L9000mm.csv,67,9.0,146.51672933684137,3.334245175753931,10,196,2.954788944723618,2.9580464887250324,0.0032575440014141,246.8569239642724,246.8569239642724,1.281390515760133,2320.256419206916,2320.256419206916,374.538083619574,749.9999999999999,146516.72933684135,3867.0940320115274,True,0.1614209880076937,65.11854637192948
thickness_grids_L9000mm.csv,68,9.0,146.90789815758947,3.2709362065139573,10,197,2.9698592964824124,2.973116840483826,0.0032575440014141,249.38144121069837,249.38144121069837,1.2766754928413655,2320.8837462202214,2320.8837462202214,373.7344426544617,750.0000000000001,146907.89815758946,3868.1395770337026,True,0.1610310913948721,65.29239918115087
thickness_grids_L9000mm.csv,69,9.0,147.29834139064306,3.2092637979038843,10,198,2.9849296482412058,2.98818719224262,0.0032575440014141,251.91880153619857,251.91880153619857,1.2719893547564376,2321.5075978343234,2321.5075978343234,372.93705199470304,750.0,147298.3413906431,3869.179329723872,True,0.1606443383354018,65.46592950695248
thickness_grids_L9000mm.csv,70,9.0,147.6880633329182,3.1491762894024458,10,199,3.0,3.003257544001414,0.0032575440014141,254.46900494077323,254.46900494077323,1.2673317914044249,2322.128008918341,2322.128008918341,372.1458280217355,750.0,147688.06333291822,3870.213348197235,True,0.16026068614326,65.63913925907477
thickness_grids_L9000mm.csv,71,9.0,150.7409833552354,3.1471515554578495,11,191,2.8794371859296484,2.8829588141713596,0.003521628241711,234.42698391825817,234.42698391825817,1.357217865813284,2310.2183936662504,2310.2183936662504,364.16369021290063,750.0,150740.98335523542,3850.363989443751,True,0.1576317162097317,66.99599260232685
thickness_grids_L9000mm.csv,72,9.0,151.15124709826534,3.0852381940689555,11,192,2.894507537688442,2.898029165930154,0.003521628241711,236.8872857693122,236.8872857693122,1.352160819647901,2310.8848891553644,2310.8848891553644,363.3595787364292,750.0000000000001,151151.24709826533,3851.474815258941,True,0.1572382858365733,67.17833204367348
thickness_grids_L9000mm.csv,73,9.0,151.5607310331013,3.024973742018644,11,193,2.909577889447236,2.913099517688947,0.003521628241711,239.3604306994407,239.3604306994407,1.34713550327668,2311.547619579204,2311.547619579204,362.56190208089504,749.9999999999999,151560.7310331013,3852.57936596534,True,0.1568481215831046,67.36032490360057
thickness_grids_L9000mm.csv,74,9.0,151.96943998128407,2.966304681785832,11,194,2.92464824120603,2.9281698694477414,0.003521628241711,241.84641870864357,241.84641870864357,1.342141563265416,2312.2066241190173,2312.2066241190173,361.7705720826548,750.0000000000001,151969.43998128406,3853.677706865029,True,0.156461177953979,67.54197332501514
thickness_grids_L9000mm.csv,75,9.0,152.37737869421832,2.909179522003104,11,195,2.9397185929648244,2.9432402212065356,0.003521628241711,244.34524979692085,244.34524979692085,1.3371786527138865,2312.861941243868,2312.861941243868,360.9855022042331,750.0000000000001,152377.37869421832,3854.769902073114,True,0.1560774103144666,67.72327941965258
thickness_grids_L9000mm.csv,76,9.0,152.78455185442624,2.853548710288146,11,196,2.954788944723618,2.9583105729653294,0.003521628241711,246.8569239642724,246.8569239642724,1.3322464310946387,2313.513608727942,2313.513608727942,360.20660749589547,749.9999999999999,152784.55185442624,3855.8560145465703,True,0.1556967748696109,67.90424526863389
thickness_grids_L9000mm.csv,77,9.0,153.19096407748657,2.7993645502330256,11,197,2.9698592964824124,2.9733809247241236,0.003521628241711,249.38144121069837,249.38144121069837,1.3273445640998156,2314.161663666925,2314.161663666925,359.4338045606841,750.0000000000001,153190.96407748657,3856.936106111542,True,0.1553192286450464,68.08487292332737
thickness_grids_L9000mm.csv,78,9.0,153.59661991364302,2.7465811223623056,11,198,2.9849296482412058,2.988451276482917,0.003521628241711,251.91880153619857,251.91880153619857,1.32247272349233,2314.8061424939247,2314.8061424939247,358.66701151924457,750.0,153596.61991364302,3858.0102374898743,True,0.1549447294678526,68.26516440606356
thickness_grids_L9000mm.csv,79,9.0,154.00152384929766,2.695154208880989,11,199,3.0,3.003521628241711,0.003521628241711,254.46900494077323,254.46900494077323,1.31763058695755,2315.447080995451,2315.447080995451,357.9061479757263,750.0000000000003,154001.52384929766,3859.078468325752,True,0.1545732359479605,68.44512171079896
thickness_grids_L9000mm.csv,80,9.0,157.2974584018818,2.6882099799960915,12,191,2.8794371859296484,2.8832480492916845,0.0038108633620363,234.42698391825817,234.42698391825817,1.4117675165601025,2303.055636122675,2303.055636122675,350.055356199286,750.0,157297.4584018818,3838.4260602044583,True,0.1519960485143225,69.90998151194746
thickness_grids_L9000mm.csv,81,9.0,157.72391785335645,2.635322682352757,12,192,2.894507537688442,2.8983184010504783,0.0038108633620363,236.8872857693122,236.8872857693122,1.4065075650041667,2303.7441887193813,2303.7441887193813,349.28249507134615,750.0,157723.91785335646,3839.573647865636,True,0.1516151388603208,70.0995190459362
thickness_grids_L9000mm.csv,82,9.0,158.14956384422197,2.5838439651118104,12,193,2.909577889447236,2.913388752809272,0.0038108633620363,239.3604306994407,239.3604306994407,1.4012806124903678,2304.4288678098123,2304.4288678098123,348.5158180328552,750.0,158149.56384422196,3840.714779683021,True,0.1512373946105324,70.28869504187642
thickness_grids_L9000mm.csv,83,9.0,158.5744014109717,2.5337281091185733,12,194,2.92464824120603,2.9284591045680664,0.0038108633620363,241.84641870864357,241.84641870864357,1.3960862915010046,2305.1097135976183,2305.1097135976183,347.7552403633976,749.9999999999999,158574.40141097168,3841.8495226626974,True,0.1508627716555195,70.47751173820964
thickness_grids_L9000mm.csv,84,9.0,158.99843551675912,2.484931126203728,12,195,2.9397185929648244,2.9435294563268606,0.0038108633620363,244.34524979692085,244.34524979692085,1.390924241311126,2305.7867655561577,2305.7867655561577,347.00067890427295,749.9999999999999,158998.4355167591,3842.977942593596,True,0.1504912267204275,70.66597134078182
thickness_grids_L9000mm.csv,85,9.0,159.42167105349782,2.437410684683126,12,196,2.954788944723618,2.9585998080856544,0.0038108633620363,246.8569239642724,246.8569239642724,1.3857941078247729,2306.460062445734,2306.460062445734,346.2520520233683,749.9999999999998,159421.67105349782,3844.100104076223,True,0.150122717345562,70.85407602377681
thickness_grids_L9000mm.csv,86,9.0,159.84411284322942,2.3911260384799258,12,197,2.9698592964824124,2.9736701598444486,0.0038108633620363,249.38144121069837,249.38144121069837,1.3806955434098538,2307.1296423311505,2307.1296423311505,345.5092795800663,750.0,159844.11284322944,3845.2160705519177,True,0.1497572018670609,71.04182793032419
thickness_grids_L9000mm.csv,87,9.0,160.2657656398537,2.3460379595719862,12,198,2.9849296482412058,2.988740511603242,0.0038108633620363,251.91880153619857,251.91880153619857,1.375628206746602,2307.795542597612,2307.795542597612,344.77228289164583,750.0000000000001,160265.7656398537,3846.3259043293538,True,0.1493946393984176,71.22922917326831
thickness_grids_L9000mm.csv,88,9.0,160.6866341312199,2.302108673688755,12,199,3.0,3.003810863362036,0.0038108633620363,254.46900494077323,254.46900494077323,1.3705917626751516,2308.4577999668745,2308.4577999668745,344.0409847015923,750.0000000000002,160686.6341312199,3847.429666611458,True,0.1490349898129085,71.41628183609774
thickness_grids_L9000mm.csv,89,9.0,164.1876815072524,2.294689614497393,13,191,2.8794371859296484,2.8835624352920384,0.0041252493623898,234.42698391825817,234.42698391825817,1.468750389268044,2295.625057278781,2295.625057278781,336.4353316701914,749.9999999999999,164187.6815072524,3826.0417621313018,True,0.1465550006101604,72.97230289211217
thickness_grids_L9000mm.csv,90,9.0,164.63103785734356,2.2495419320875665,13,192,2.894507537688442,2.898632787050832,0.0041252493623898,236.8872857693122,236.8872857693122,1.4632785256879552,2296.3363129950753,2296.3363129950753,335.6926432006848,750.0000000000002,164631.03785734356,3827.2271883251256,True,0.1461861841843393,73.16935015881936
thickness_grids_L9000mm.csv,91,9.0,165.07354538866522,2.2055967498486666,13,193,2.909577889447236,2.913703138809626,0.0041252493623898,239.3604306994407,239.3604306994407,1.45784098624993,2297.0435848184807,2297.0435848184807,334.95589670982093,750.0,165073.54538866522,3828.405974697468,True,0.1458204358522392,73.3660201727401
thickness_grids_L9000mm.csv,92,9.0,165.51520936390267,2.1628150358089706,13,194,2.92464824120603,2.92877349056842,0.0041252493623898,241.84641870864357,241.84641870864357,1.452437388739223,2297.746913985301,2297.746913985301,334.2250108019258,750.0000000000002,165515.20936390266,3829.578189975502,True,0.14545771284368,73.56231527284562
thickness_grids_L9000mm.csv,93,9.0,165.9560349696742,2.1211592358461036,13,195,2.9397185929648244,2.9438438423272144,0.0041252493623898,244.34524979692085,244.34524979692085,1.4470673580071105,2298.4463409828495,2298.4463409828495,333.4999055819603,750.0,165956.0349696742,3830.743901638082,True,0.1450979731984305,73.75823776429964
thickness_grids_L9000mm.csv,94,9.0,166.39602731815057,2.080593210109928,13,196,2.954788944723618,2.958914194086008,0.0041252493623898,246.8569239642724,246.8569239642724,1.441730525795322,2299.1419055677934,2299.1419055677934,332.7805026209545,750.0000000000002,166396.02731815056,3831.9031759463223,True,0.1447411757469452,73.95378991917802
thickness_grids_L9000mm.csv,95,9.0,166.83519144885125,2.0410821724803263,13,197,2.9698592964824124,2.9739845458448024,0.0041252493623898,249.38144121069837,249.38144121069837,1.4364265305687502,2299.833646783569,2299.833646783569,332.0667249227991,750.0,166835.19144885126,3833.0560779726143,True,0.1443872800918496,74.14897397726722
thickness_grids_L9000mm.csv,96,9.0,167.2735323308215,2.002592632897174,13,198,2.9849296482412058,2.989054897603596,0.0041252493623898,251.91880153619857,251.91880153619857,1.4311550173568193,2300.5216029768126,2300.5216029768126,331.3584968927884,749.9999999999998,167273.5323308215,3834.202671628021,True,0.1440362465903469,74.34379214703178
thickness_grids_L9000mm.csv,97,9.0,167.71105486367162,1.965092342469116,13,199,3.0,3.00412524936239,0.0041252493623898,254.46900494077323,254.46900494077323,1.4259156375930628,2301.2058118141526,2301.2058118141526,330.6557443051197,750.0000000000002,167711.05486367163,3835.3430196902546,True,0.1436880363362404,74.53824660607629
thickness_grids_L9000mm.csv,98,9.0,171.3834498379219,1.9595059311256375,14,191,2.8794371859296484,2.88390197217242,0.0044647862427716,234.42698391825817,234.42698391825817,1.5278908731540974,2287.968365474009,2287.968365474009,323.3723743849263,750.0,171383.4498379219,3813.280609123348,True,0.1413360338651062,76.1704221501875
thickness_grids_L9000mm.csv,99,9.0,171.84432031854695,1.920950702897948,14,192,2.894507537688442,2.898972323931214,0.0044647862427716,236.8872857693122,236.8872857693122,1.5221991232437433,2288.7028246182526,2288.7028246182526,322.6586285731206,750.0000000000002,171844.32031854696,3814.504707697088,True,0.1409788221967781,76.37525347490975
thickness_grids_L9000mm.csv,100,9.0,172.30430506028836,1.883422435634507,14,193,2.909577889447236,2.9140426756900077,0.0044647862427716,239.3604306994407,239.3604306994407,1.5165430718890918,2289.4331883596556,2289.4331883596556,321.95059247191057,749.9999999999998,172304.30506028834,3815.721980599426,True,0.1406245852068665,76.57969113790593
thickness_grids_L9000mm.csv,101,9.0,172.76340956277053,1.846887793617361,14,194,2.92464824120603,2.929113027448802,0.0044647862427716,241.84641870864357,241.84641870864357,1.5109223216428402,2290.1594989685295,2290.1594989685295,321.24818787559883,750.0,172763.40956277054,3816.9324982808826,True,0.1402732814113106,76.78373758345357
thickness_grids_L9000mm.csv,102,9.0,173.2216392463337,1.8113147033838828,14,195,2.9397185929648244,2.944183379207596,0.0044647862427716,244.34524979692085,244.34524979692085,1.5053364823999982,2290.8817979483606,2290.8817979483606,320.55133802005884,750.0000000000001,173221.63924633368,3818.1363299139343,True,0.1399248701120827,76.98739522059275
thickness_grids_L9000mm.csv,103,9.0,173.67899945394035,1.776672299394403,14,196,2.954788944723618,2.95925373096639,0.0044647862427716,246.8569239642724,246.8569239642724,1.499785171221024,2291.600126053873,2291.600126053873,319.8599675497673,750.0,173678.99945394034,3819.3335434231217,True,0.1395793113786239,77.19066642397348
thickness_grids_L9000mm.csv,104,9.0,174.135495453062,1.7429308723151065,14,197,2.9698592964824124,2.974324082725184,0.0044647862427716,249.38144121069837,249.38144121069837,1.4942680121592056,2292.3145233086857,2292.3145233086857,319.17400248593657,750.0000000000001,174135.495453062,3820.524205514476,True,0.139236566029886,77.39355353469422
thickness_grids_L9000mm.csv,105,9.0,174.59113243749968,1.710061819792264,14,198,2.9849296482412058,2.9893944344839776,0.0044647862427716,251.91880153619857,251.91880153619857,1.488784636088907,2293.025029023021,2293.025029023021,318.4933701956227,749.9999999999999,174591.13243749968,3821.708381705035,True,0.138896595616892,77.59605886111096
thickness_grids_L9000mm.csv,106,9.0,175.0459155292506,1.6780375995256736,14,199,3.0,3.004464786242772,0.0044647862427716,254.46900494077323,254.46900494077323,1.4833346805477308,2293.7316818097415,2293.7316818097415,317.8179993616948,750.0000000000002,175045.9155292506,3822.88613634957,True,0.138559362405867,77.79818467966693
thickness_grids_L9000mm.csv,107,9.0,178.85975069803365,1.6752551695466729,15,191,2.8794371859296484,2.88426665993283,0.0048294740031817,234.42698391825817,234.42698391825817,1.5889445456594915,2280.122348110019,2280.122348110019,310.90531782593484,750.0000000000001,178859.75069803366,3800.203913516699,True,0.1363546645133506,79.4932225324594
thickness_grids_L9000mm.csv,108,9.0,179.3386782160696,1.6422908050938545,15,192,2.894507537688442,2.8993370116916237,0.0048294740031817,236.8872857693122,236.8872857693122,1.5830258512307431,2280.880383618905,2280.880383618905,310.21919856679784,750.0000000000001,179338.67821606962,3801.467306031509,True,0.1360085345968892,79.70607920714205
thickness_grids_L9000mm.csv,109,9.0,179.81668164006774,1.6102045283193929,15,193,2.909577889447236,2.9144073634504175,0.0048294740031817,239.3604306994407,239.3604306994407,1.577144273279741,2281.6342117992895,2281.6342117992895,309.5385672841307,750.0000000000002,179816.68164006775,3802.723686332149,True,0.1356652901167841,79.91852517336345
thickness_grids_L9000mm.csv,110,9.0,180.29376671665605,1.5789678345712888,15,194,2.92464824120603,2.9294777152092117,0.0048294740031817,241.84641870864357,241.84641870864357,1.5712993986524022,2282.3838759503133,2282.3838759503133,308.86334881821796,750.0,180293.76671665604,3803.973126583855,True,0.1353248908182095,80.13056298518046
thickness_grids_L9000mm.csv,111,9.0,180.76993910956128,1.54855329859616,15,195,2.9397185929648244,2.944548066968006,0.0048294740031817,244.34524979692085,244.34524979692085,1.565490821821798,2283.1294185865736,2283.1294185865736,308.19346939398554,749.9999999999999,180769.93910956127,3805.21569764429,True,0.1349872972092752,80.342195159805
thickness_grids_L9000mm.csv,112,9.0,181.2452044023097,1.5189345280409037,15,196,2.954788944723618,2.9596184187268,0.0048294740031817,246.8569239642724,246.8569239642724,1.5597181447130484,2283.8708814554834,2283.8708814554834,307.52885659032376,749.9999999999997,181245.2044023097,3806.451469092473,True,0.134652470543492,80.5534241788043
thickness_grids_L9000mm.csv,113,9.0,181.7195680997848,1.490086119257405,15,197,2.9698592964824124,2.974688770485594,0.0048294740031817,249.38144121069837,249.38144121069837,1.553980976516141,2284.608305556338,2284.608305556338,306.8694393091044,750.0000000000001,181719.5680997848,3807.680509260564,True,0.1343203728021013,80.76425248879325
thickness_grids_L9000mm.csv,114,9.0,182.19303563016783,1.461983615185344,15,198,2.9849296482412058,2.9897591222443873,0.0048294740031817,251.91880153619857,251.91880153619857,1.5482789335127989,2285.341731157743,2285.341731157743,306.21514774529606,750.0000000000003,182193.03563016787,3808.902885262906,True,0.1339909666770793,80.97468250229683
thickness_grids_L9000mm.csv,115,9.0,182.6656123470839,1.4346034652305513,15,199,3.0,3.0048294740031816,0.0048294740031817,254.46900494077323,254.46900494077323,1.542611638910464,2286.0711978142795,2286.0711978142795,305.56591335858036,750.0000000000002,182665.61234708392,3810.1186630237994,True,0.1336642155549367,81.18471659870397
thickness_grids_L9000mm.csv,116,9.0,187.0919627034532,1.4065797810613132,16,192,2.894507537688442,2.8997268503320623,0.0052193126436201,236.8872857693122,236.8872857693122,1.6455437366034156,2272.9011545490553,2272.9011545490553,298.3906268414502,750.0,187091.9627034532,3788.168590915093,True,0.1312818316996504,83.15198342375697
thickness_grids_L9000mm.csv,117,9.0,187.5884609128556,1.3790968873079492,16,193,2.909577889447236,2.914797202090856,0.0052193126436201,239.3604306994407,239.3604306994407,1.6394304216357214,2273.6787096795697,2273.6787096795697,297.73605883112083,750.0000000000001,187588.4609128556,3789.464516132616,True,0.1309490463905873,83.3726492946025
thickness_grids_L9000mm.csv,118,9.0,188.08400135237233,1.3523417279501857,16,194,2.92464824120603,2.9298675538496504,0.0052193126436201,241.84641870864357,241.84641870864357,1.6333552501585784,2274.4519900615505,2274.4519900615505,297.08669562686305,750.0,188084.00135237232,3790.753316769251,True,0.1306190224832239,83.59288948994325
thickness_grids_L9000mm.csv,119,9.0,188.5785899385322,1.3262908098420862,16,195,2.9397185929648244,2.9449379056084446,0.0052193126436201,244.34524979692085,244.34524979692085,1.6273178008210205,2275.2210392089596,2275.2210392089596,296.44246629739513,750.0000000000001,188578.58993853215,3792.035065348266,True,0.1302917216344224,83.81270663934764
thickness_grids_L9000mm.csv,120,9.0,189.0722325042759,1.3009215247132095,16,196,2.954788944723618,2.9600082573672384,0.0052193126436201,246.8569239642724,246.8569239642724,1.6213176600075283,2275.985899851713,2275.985899851713,295.80330121284067,750.0,189072.2325042759,3793.309833086189,True,0.1299671062250926,84.03210333523373
thickness_grids_L9000mm.csv,121,9.0,189.56493480089196,1.2762121112740248,16,197,2.9698592964824124,2.9750786091260326,0.0052193126436201,249.38144121069837,249.38144121069837,1.615354421653136,2276.7466139539674,2276.7466139539674,295.1691320153362,750.0,189564.93480089196,3794.577689923279,True,0.1296451393432506,84.25108213372977
thickness_grids_L9000mm.csv,122,9.0,190.05670250002436,1.2521416191398125,16,198,2.9849296482412058,2.990148960884826,0.0052193126436201,251.91880153619857,251.91880153619857,1.6094276870618374,2277.50322273216,2277.50322273216,294.53989159031005,750.0,190056.70250002432,3795.8387045536,True,0.1293257847674838,84.46964555556637
thickness_grids_L9000mm.csv,123,9.0,190.54754119525805,1.2286898744817594,16,199,3.0,3.00521931264362,0.0052193126436201,254.46900494077323,254.46900494077323,1.6035370647265053,2278.255766673009,2278.255766673009,293.9155140383111,750.0,190547.5411952581,3797.092944455015,True,0.1290090069507529,84.68779608678136
thickness_grids_L9000mm.csv,124,9.0,195.08467500800433,1.2074275967476082,17,192,2.894507537688442,2.900141839852529,0.0056343021640867,236.8872857693122,236.8872857693122,1.7095635436737846,2264.79325256937,2264.79325256937,287.1727904132843,750.0000000000002,195084.67500800433,3774.65542094895,True,0.126798678019502,86.70430000355748
thickness_grids_L9000mm.csv,125,9.0,195.6000867002675,1.1838342330192062,17,193,2.909577889447236,2.9152121916113227,0.0056343021640867,239.3604306994407,239.3604306994407,1.703212989854753,2265.5947021088405,2265.5947021088405,286.5429442273429,750.0000000000001,195600.0867002675,3775.991170181401,True,0.126475818450946,86.93337186678556
thickness_grids_L9000mm.csv,126,9.0,196.11449998279596,1.1608656473679315,17,194,2.92464824120603,2.930282543370117,0.0056343021640867,241.84641870864357,241.84641870864357,1.696902053166545,2266.3917668642616,2266.3917668642616,285.9181055145374,750.0,196114.49998279597,3777.319611440436,True,0.1261556407390803,87.16199999235377
thickness_grids_L9000mm.csv,127,9.0,196.62792103383563,1.1385016691908711,17,195,2.9397185929648244,2.945352895128911,0.0056343021640867,244.34524979692085,244.34524979692085,1.69063029607474,2267.184491333347,2267.184491333347,285.29820604217383,749.9999999999998,196627.9210338356,3778.640818888912,True,0.1258381076320736,87.39018712614916
thickness_grids_L9000mm.csv,128,9.0,197.1403559441548,1.116722887666251,17,196,2.954788944723618,2.960423246887705,0.0056343021640867,246.8569239642724,246.8569239642724,1.6843972890736396,2267.97291921275,2267.97291921275,284.6831788285327,750.0000000000001,197140.3559441548,3779.954865354584,True,0.1255231825816292,87.6179359751799
thickness_grids_L9000mm.csv,129,9.0,197.6518107199142,1.0955106192027022,17,197,2.9698592964824124,2.975493598646499,0.0056343021640867,249.38144121069837,249.38144121069837,1.6782026104986183,2268.757093416197,2268.757093416197,284.0729581156666,750.0,197651.8107199142,3781.261822360329,True,0.1252108297270034,87.84524920885076
thickness_grids_L9000mm.csv,130,9.0,198.1622912842532,1.0748468764734598,17,198,2.9849296482412058,2.9905639504052925,0.0056343021640867,251.91880153619857,251.91880153619857,1.6720458463332204,2269.537056093463,2269.537056093463,283.46747934124386,750.0000000000002,198162.2912842532,3782.561760155772,True,0.1249010138786516,88.07212945966809
thickness_grids_L9000mm.csv,131,9.0,198.67180347972635,1.0547143389025977,17,199,3.0,3.005634302164087,0.0056343021640867,254.46900494077323,254.46900494077323,1.6659265900297038,2270.3128486478204,2270.3128486478204,282.8666791124183,750.0,198671.8034797263,3783.854747746368,True,0.1245937005029467,88.29857932432282
thickness_grids_L9000mm.csv,132,9.0,203.29967624162887,1.039173294341237,18,192,2.894507537688442,2.900581980253024,0.0060744425645817,236.8872857693122,236.8872857693122,1.7749189576871856,2256.5811914742085,2256.5811914742085,276.55399736065283,750.0,203299.67624162888,3760.9686524570143,True,0.1225544192274252,90.35541166294615
thickness_grids_L9000mm.csv,133,9.0,203.8343697997832,1.0188661306290474,18,193,2.909577889447236,2.9156523320118177,0.0060744425645817,239.3604306994407,239.3604306994407,1.7683262865622835,2257.406621090279,2257.406621090279,275.9475571057246,750.0000000000002,203834.3697997832,3762.344368483798,True,0.1222409620524847,90.59305324434808
thickness_grids_L9000mm.csv,134,9.0,204.3680231763075,0.9990967562621362,18,194,2.92464824120603,2.930722683770612,0.0060744425645817,241.84641870864357,241.84641870864357,1.761774735734914,2258.227556995761,2258.227556995761,275.3459374671336,750.0,204368.0231763075,3763.7125949929346,True,0.1219301113451298,90.83023252280331
thickness_grids_L9000mm.csv,135,9.0,204.9006428184819,0.9798478079806529,18,195,2.9397185929648244,2.945793035529406,0.0060744425645817,244.34524979692085,244.34524979692085,1.7552638511681735,2259.044044653033,2259.044044653033,274.7490727667871,750.0000000000001,204900.64281848195,3765.073407755055,True,0.1216218308877576,91.06695236376976
thickness_grids_L9000mm.csv,136,9.0,205.43223508330993,0.9611025765854042,18,196,2.954788944723618,2.9608633872882,0.0060744425645817,246.8569239642724,246.8569239642724,1.7487931871612774,2259.856128705683,2259.856128705683,274.1568985313238,749.9999999999998,205432.23508330993,3766.426881176139,True,0.1213160851475732,91.3032155925822
thickness_grids_L9000mm.csv,137,9.0,210.05244399010496,0.9524406393728,19,189,2.8492964824120603,2.855836216257165,0.0065397338451049,229.5449094533729,229.5449094533729,1.862241988082745,2245.70995145129,2245.70995145129,268.29615369781027,749.9999999999999,210052.44399010495,3742.849919085485,True,0.1194705280280847,93.35664177337998
thickness_grids_L9000mm.csv,138,9.0,228.9047351277618,0.951014757039276,23,164,2.4725376884422112,2.481190096209692,0.0086524077674806,172.85351782990338,172.85351782990338,2.3596992229642795,2185.8992140245637,2185.8992140245637,247.7277524808041,750.0000000000002,228904.7351277618,3643.1653567076064,True,0.1133299060136906,101.7354378345608
thickness_grids_L9000mm.csv,139,9.0,886.9851761531153,0.950451391170398,109,49,0.7394472361809048,0.8908560389889147,0.1514088028080099,15.45990291052042,15.45990291052042,17.646037702063023,1236.1164715798386,1236.1164715798386,94.25732208280816,750.0,886985.1761531152,2060.194119299731,True,0.0762527838192634,394.215633845829
