row_i,col_j,solenoid_length_m,ri,rf,th,v,v_bore,b0,scan,je_tape,je_max,je_coil,stress,length_tape,j_crit,converged,f_tape_min,length_tape_km,pancake_length_m
0,0,2.5,0.01,0.012,0.002,0.0007853981633974482,0.0007853981633974482,2.965310573166585,2.4544880017057693e+17,2117.617837631467,2117.617837631467,1179.9053979016353,17.493250567681805,320.91565897911556,3529.363062719112,True,0.5571852375503915,0.32091565897911556,0.5134650543665848
0,1,2.5,0.08842105263157896,0.09042105263157896,0.002,0.061404647544957294,0.061404647544957294,4.497514634907623,22697609081.147186,1963.983977530462,1963.983977530462,1794.077470299711,355.8205247717524,4277.0236551781345,3273.3066292174367,True,0.913488852671602,4.277023655178135,6.843237848285015
0,2,2.5,0.1668421052631579,0.1688421052631579,0.002,0.21862569540622212,0.21862569540622212,4.753491577486901,263928527.36633167,1940.654647040769,1940.654647040769,1908.3282394952075,750.0,8641.802985287983,3234.424411734615,True,0.9833425243410233,8.641802985287983,13.826884776460773
0,3,2.5,0.24526315789473685,0.24726315789473685,0.002,0.4724485417471919,0.4724485417471919,3.9205717071781816,43714811.86682056,2018.891612099464,2018.891612099464,1589.9310842299499,750.0,10154.612679428114,3364.819353499107,True,0.7875267174826517,10.154612679428114,16.247380287084983
0,4,2.5,0.3236842105263158,0.3256842105263158,0.002,0.8228731865678667,0.8228731865678667,3.412752566712271,11976934.779635185,2070.087707120567,2070.087707120567,1402.9511562300406,750.0,11521.621302270563,3450.146178534278,True,0.677725466126025,11.521621302270564,18.434594083632902
0,5,2.5,0.40210526315789474,0.40410526315789475,0.002,1.2698996298682466,1.2698996298682466,3.0619329799230144,4351716.067009039,2107.152535574007,2107.152535574007,1280.0873737368731,750.0000000000002,12822.146354546834,3511.920892623345,True,0.6074963022969603,12.822146354546835,20.515434167274936
0,6,2.5,0.4805263157894737,0.4825263157894737,0.002,1.813527871648331,1.813527871648331,2.800960414652814,1894811.1415883186,2135.682821308286,2135.682821308286,1194.2983481315573,750.0000000000001,14099.208281081497,3559.4713688471434,True,0.5592114785096922,14.099208281081497,22.558733249730395
0,7,2.5,0.5589473684210526,0.5609473684210526,0.002,2.4537579119081205,2.4537579119081205,2.597048746971759,935797.3551721371,2158.5711999240275,2158.5711999240275,1132.273693071,749.9999999999999,15379.098166070562,3597.618666540046,True,0.5245477624786485,15.379098166070563,24.6065570657129
0,8,2.5,0.6373684210526316,0.6393684210526316,0.002,3.1905897506476153,3.1905897506476153,2.4320376185118775,507096.04523387295,2177.4903499571287,2177.4903499571287,1086.563500704257,750.0000000000001,16678.957065787516,3629.1505832618814,True,0.49899807855665107,16.678957065787515,26.686331305260026
0,9,2.5,0.7157894736842104,0.7177894736842104,0.002,4.024023387866814,4.024023387866814,2.294948296576497,295062.93123866006,2193.4866168447393,2193.4866168447393,1052.6082025631265,750.0,18010.343761793967,3655.8110280745655,True,0.4798790174873599,18.010343761793965,28.81655001887035
0,10,2.5,0.7942105263157895,0.7962105263157895,0.002,4.95405882356572,4.95405882356572,2.178701537868331,181640.67450610496,2207.2538958105924,2207.2538958105924,1027.4276802249317,750.0,19381.157575524638,3678.756493017654,True,0.4654777967206255,19.381157575524636,31.00985212083942
0,11,2.5,0.8726315789473684,0.8746315789473684,0.002,5.980696057744329,5.980696057744329,2.078500324954313,117049.19626498698,2219.2736206055297,2219.2736206055297,1008.9742236289987,750.0,20796.783310233517,3698.789367675883,True,0.45464165133170903,20.79678331023352,33.27485329637363
0,12,2.5,0.9510526315789474,0.9530526315789474,0.002,7.103935090402644,7.103935090402644,1.990963432675661,78335.42060417664,2229.8920825456116,2229.8920825456116,995.7848814949741,749.9999999999998,22260.825378960806,3716.486804242686,True,0.4465619162870882,22.260825378960806,35.61732060633729
0,13,2.5,1.029473684210526,1.031473684210526,0.002,8.32377592154066,8.32377592154066,1.9136298405807515,54122.135318801564,2239.3658189183407,2239.3658189183407,986.781697877568,749.9999999999998,23775.604549307038,3732.276364863901,True,0.4406522996560712,23.775604549307037,38.04096727889126
0,14,2.5,1.1078947368421053,1.1098947368421053,0.002,9.640218551158389,9.640218551158389,1.8446599117754778,38422.571204103915,2247.8896030376336,2247.8896030376336,981.1504561678744,750.0000000000001,25342.50704982629,3746.4826717293895,True,0.4364762641555081,25.342507049826292,40.54801127972206
0,15,2.5,1.1863157894736842,1.1883157894736842,0.002,11.053262979255818,11.053262979255818,1.7826472107978533,27924.02192003287,2255.6144226696133,2255.6144226696133,978.2636315454577,750.0000000000001,26962.236326302154,3759.3573711160225,True,0.43370162103664955,26.962236326302154,43.13957812208345
0,16,2.5,1.2647368421052632,1.2667368421052632,0.002,12.562909205832952,12.562909205832952,1.7264955942932243,20713.109185110803,2262.659430403144,2262.659430403144,977.629501619834,749.9999999999999,28634.997687293657,3771.099050671907,True,0.43207099065971544,28.634997687293655,45.81599629966985
0,17,2.5,1.3431578947368419,1.3451578947368419,0.002,14.169157230889788,14.169157230889788,1.6753364012288456,15642.98989171683,2269.1201229156877,2269.1201229156877,978.8574055072884,749.9999999999999,30360.635165563443,3781.8668715261465,True,0.43138192448336027,30.360635165563444,48.57701626490151
0,18,2.5,1.421578947368421,1.423578947368421,0.002,15.872007054426335,15.872007054426335,1.6284711453013625,12003.691684643329,2275.0740824534178,2275.0740824534178,981.6333458801596,749.9999999999999,32138.733580448188,3791.790137422363,True,0.4314731346337416,32.13873358044819,51.4219737287171
0,19,2.5,1.5,1.502,0.002,17.671458676442587,17.671458676442587,1.5853309190424054,9343.011387804834,2280.585097019463,2280.585097019463,985.7024326600242,750.0000000000002,33968.69486987622,3800.975161699105,True,0.432214712771848,33.968694869876224,54.34991179180195
1,0,2.5,0.01,0.013102493074792245,0.003102493074792244,0.0007853981633974482,0.0007853981633974482,4.105291896833905,6.681369494980029e+16,2000.9488394081827,2000.9488394081825,1053.0330728371578,21.61411229886687,493.7582068591923,3334.914732346971,True,0.5262668650481896,0.4937582068591923,0.7900131309747076
1,1,2.5,0.08842105263157896,0.0915235457063712,0.003102493074792244,0.061404647544957294,0.061404647544957294,6.537037380035621,5085651301.294644,1793.515748212156,1793.515748212156,1681.0571843169193,484.5816194876022,6849.6054918346745,2989.1929136869267,True,0.9372971416574738,6.849605491834675,10.95936878693548
1,2,2.5,0.1668421052631579,0.16994459833795014,0.003102493074792244,0.21862569540622212,0.21862569540622212,5.920428509622006,109679303.61896634,1841.5491799259348,1841.5491799259348,1532.2796226502167,750.0,11380.441048588336,3069.2486332098915,True,0.8320601151210327,11.380441048588336,18.20870567774134
1,3,2.5,0.24526315789473685,0.2483656509695291,0.003102493074792244,0.4724485417471919,0.4724485417471919,4.88303474000614,18166320.144438602,1929.0779675834208,1929.0779675834208,1276.6572122701746,750.0000000000002,13267.053232865317,3215.129945972368,True,0.6617965855830381,13.267053232865317,21.22728517258451
1,4,2.5,0.3236842105263158,0.32678670360110806,0.003102493074792244,0.8228731865678667,0.8228731865678667,4.2505508346627074,4977187.874415866,1987.0824359841754,1987.0824359841754,1126.5457304306105,750.0,14976.498071400869,3311.804059973626,True,0.5669345720287883,14.976498071400869,23.962396914241392
1,5,2.5,0.40210526315789474,0.405207756232687,0.003102493074792244,1.2698996298682466,1.2698996298682466,3.8136083788902253,1808418.3340837918,2029.4436499182996,2029.4436499182993,1027.9103041435078,750.0000000000002,16606.175775595155,3382.4060831971656,True,0.506498568799823,16.606175775595155,26.56988124095225
1,6,2.5,0.4805263157894737,0.48362880886426596,0.003102493074792244,1.813527871648331,1.813527871648331,3.4885695331347133,787416.0803027039,2062.264090030691,2062.264090030691,959.0400102250929,750.0000000000001,18209.113882786412,3437.1068167178187,True,0.46504228767850014,18.20911388278641,29.13458221245826
1,7,2.5,0.5589473684210526,0.5620498614958449,0.003102493074792244,2.4537579119081205,2.4537579119081205,3.2345994921439716,388884.0788373296,2088.7299340884947,2088.7299340884947,909.2483264607398,749.9999999999999,19817.74385212243,3481.216556814158,True,0.4353115793581656,19.81774385212243,31.708390163395887
1,8,2.5,0.6373684210526316,0.6404709141274239,0.003102493074792244,3.1905897506476153,3.1905897506476153,3.029079702445453,210731.07050676874,2110.698192112105,2110.698192112105,872.554004079842,750.0,21453.19014791047,3517.830320186842,True,0.41339591199758713,21.453190147910473,34.325104236656756
1,9,2.5,0.7157894736842104,0.7188919667590027,0.003102493074792244,4.024023387866814,4.024023387866814,2.8583362569758237,122617.65389653343,2129.3379779102547,2129.3379779102547,845.2963903347799,750.0000000000001,23129.665190966793,3548.8966298504247,True,0.3969761489739449,23.129665190966794,37.00746430554687
1,10,2.5,0.7942105263157895,0.7973130193905817,0.003102493074792244,4.95405882356572,4.95405882356572,2.7135520255980885,75483.40032624292,2145.428760262037,2145.428760262037,825.0829365797791,750.0000000000001,24856.846323853213,3575.7146004367287,True,0.3845771772347294,24.856846323853212,39.77095411816514
1,11,2.5,0.8726315789473684,0.8757340720221607,0.003102493074792244,5.980696057744329,5.980696057744329,2.588752368763839,48641.48056903431,2159.513821035693,2159.513821035693,810.2696985753431,750.0000000000001,26641.29475065056,3599.1897017261554,True,0.37520931363465015,26.64129475065056,42.62607160104089
1,12,2.5,0.9510526315789474,0.9541551246537396,0.003102493074792244,7.103935090402644,7.103935090402644,2.4797260027248704,32553.41310126517,2171.985491574887,2171.985491574887,799.682213814632,750.0000000000002,28487.366924849222,3619.9758192914783,True,0.36818027418534444,28.487366924849223,45.57978707975876
1,13,2.5,1.029473684210526,1.0325761772853184,0.003102493074792244,8.32377592154066,8.32377592154066,2.3834077499359925,22491.233408422966,2183.1354326552264,2183.1354326552264,792.4551144557956,750.0000000000002,30397.831869811434,3638.5590544253773,True,0.3629894428913082,30.397831869811434,48.636530991698294
1,14,2.5,1.1078947368421053,1.1109972299168975,0.003102493074792244,9.640218551158389,9.640218551158389,2.297506360157739,15967.053258577687,2193.1857736495926,2193.1857736495926,787.9347729485811,749.9999999999999,32374.305197485388,3655.309622749321,True,0.3592649480109523,32.37430519748539,51.79888831597662
1,15,2.5,1.1863157894736842,1.1894182825484765,0.003102493074792244,11.053262979255818,11.053262979255818,2.2202701314105546,11604.229785205853,2202.3091896378123,2202.3091896378123,785.6174422357883,750.0,34417.56205096995,3670.5153160630207,True,0.3567244081495158,34.41756205096995,55.06809928155192
1,16,2.5,1.2647368421052632,1.2678393351800554,0.003102493074792244,12.562909205832952,12.562909205832952,2.150333827580787,8607.631065410667,2210.6422922470474,2210.6422922470474,785.108398206275,750.0000000000002,36527.76648073393,3684.403820411746,True,0.355149451794952,36.52776648073393,58.44442636917429
1,17,2.5,1.3431578947368419,1.3462603878116342,0.003102493074792244,14.169157230889788,14.169157230889788,2.0866155396212367,6500.669916066329,2218.2948230636625,2218.2948230636625,786.0940476374645,749.9999999999999,38704.641280679236,3697.158038439438,True,0.3543686075739016,38.70464128067923,61.927426049086776
1,18,2.5,1.421578947368421,1.4246814404432133,0.003102493074792244,15.872007054426335,15.872007054426335,2.028245309490211,4988.307091946368,2225.3561251062165,2225.3561251062165,788.3223404331097,750.0,40947.59445645503,3708.926875177028,True,0.35424547628100783,40.94759445645503,65.51615113032805
1,19,2.5,1.5,1.5031024930747923,0.003102493074792244,17.671458676442587,17.671458676442587,1.9745145683514818,3882.623045504141,2231.899798809782,2231.899798809782,791.5886749320375,750.0,43255.81363617008,3719.832998016304,True,0.35467034647082835,43.25581363617008,69.20930181787213
2,0,2.5,0.01,0.016409972299168976,0.006409972299168975,0.0007853981633974482,0.0007853981633974482,6.8904652426246376,8418747274948914.0,1767.199955320648,1767.199955320648,855.4748318405678,29.47142126738963,1072.7148050520984,2945.3332588677467,True,0.4840849102926482,1.0727148050520985,1.7163436880833576
2,1,2.5,0.08842105263157896,0.09483102493074794,0.006409972299168975,0.061404647544957294,0.061404647544957294,11.68963087237824,497355886.8575319,1478.296332082642,1478.296332082642,1455.120160752459,750.0000000000001,15134.952046981547,2463.8272201377367,True,0.9843223778431945,15.134952046981548,24.215923275170475
2,2,2.5,0.1668421052631579,0.17325207756232688,0.006409972299168975,0.21862569540622212,0.21862569540622212,8.509926463751833,25694136.11402815,1656.675903317766,1656.675903317766,1066.2083542966443,750.0000000000001,18365.320551128083,2761.12650552961,True,0.6435829435083753,18.365320551128082,29.384512881804934
2,3,2.5,0.24526315789473685,0.2516731301939058,0.006409972299168975,0.4724485417471919,0.4724485417471919,7.018793739315126,4255751.879167701,1757.852874040834,1757.852874040834,888.4059895296037,750.0000000000005,21072.906966949795,2929.7547900680565,True,0.5053926882330009,21.072906966949795,33.71665114711967
2,4,2.5,0.3236842105263158,0.33009418282548475,0.006409972299168975,0.8228731865678667,0.8228731865678667,6.109671787207814,1165986.0930063443,1826.5095291291047,1826.5095291291047,784.0012641320253,750.0000000000002,23546.164177637263,3044.182548548508,True,0.42923469690620436,23.546164177637262,37.67386268421962
2,5,2.5,0.40210526315789474,0.4085152354570637,0.006409972299168975,1.2698996298682466,1.2698996298682466,5.481617895251885,423651.0015461035,1877.4907311538932,1877.490731153893,715.4035469621075,750.0,25917.055150371183,3129.151218589822,True,0.381042385504841,25.917055150371183,41.467288240593895
2,6,2.5,0.4805263157894737,0.48693628808864264,0.006409972299168975,1.813527871648331,1.813527871648331,5.014412409914682,184464.84685898502,1917.4908044272192,1917.4908044272192,667.5094154644554,749.9999999999999,28258.758413468975,3195.818007378699,True,0.3481160973097076,28.258758413468975,45.21401346155036
2,7,2.5,0.5589473684210526,0.5653573407202216,0.006409972299168975,2.4537579119081205,2.4537579119081205,4.649360054445024,91102.33311599164,1950.0714194886486,1950.0714194886486,632.8848667054727,750.0000000000001,30616.32132441231,3250.1190324810814,True,0.3245444553366302,30.61632132441231,48.9861141190597
2,8,2.5,0.6373684210526316,0.6437783933518005,0.006409972299168975,3.1905897506476153,3.1905897506476153,4.3539492924811425,49367.13336425317,1977.3395229017142,1977.339522901714,607.3692249489603,750.0000000000001,33019.09914754235,3295.5658715028567,True,0.3071648636535903,33.01909914754235,52.830558636067764
2,9,2.5,0.7157894736842104,0.7221994459833794,0.006409972299168975,4.024023387866814,4.024023387866814,4.1085254751421285,28725.152195948118,2000.63785486349,2000.63785486349,588.4161759081807,750.0,35486.767778764355,3334.3964247724834,True,0.29411428683994895,35.48676777876435,56.77882844602297
2,10,2.5,0.7942105263157895,0.8006204986149584,0.006409972299168975,4.95405882356572,4.95405882356572,3.9004150047373414,17683.197270016495,2020.870894065812,2020.870894065812,574.3615727007444,749.9999999999999,38032.62193772718,3368.1181567763538,True,0.2842148770549019,38.03262193772718,60.85219510036348
2,11,2.5,0.8726315789473684,0.8790415512465374,0.006409972299168975,5.980696057744329,5.980696057744329,3.7210300327484256,11395.047026105804,2038.67465206469,2038.6746520646902,564.0620313437234,749.9999999999998,40665.56360590465,3397.791086774484,True,0.2766807498059896,40.66556360590465,65.06490176944745
2,12,2.5,0.9510526315789474,0.9574626038781163,0.006409972299168975,7.103935090402644,7.103935090402644,3.5643173292517423,7626.159171341394,2054.511987277073,2054.511987277073,556.7007507947189,750.0000000000001,43391.38798627648,3424.1866454617884,True,0.2709649562729185,43.39138798627648,69.42622077804236
2,13,2.5,1.029473684210526,1.0358836565096952,0.006409972299168975,8.32377592154066,8.32377592154066,3.4258710585100056,5268.932182283293,2068.72935082878,2068.72935082878,551.6759350195307,750.0000000000002,46213.658399311746,3447.8822513812997,True,0.2666738086345209,46.21365839931175,73.94185343889879
2,14,2.5,1.1078947368421053,1.1143047091412743,0.006409972299168975,9.640218551158389,9.640218551158389,3.3023978151528803,3740.5383352095246,2081.592217903635,2081.592217903635,548.5330661132392,750.0000000000001,49134.32288681876,3469.3203631727256,True,0.263516101470472,49.13432288681876,78.61491661891002
2,15,2.5,1.1863157894736842,1.1927257617728533,0.006409972299168975,11.053262979255818,11.053262979255818,3.19137973159561,2718.4769574701886,2093.3080993313647,2093.3080993313647,546.9218708373437,749.9999999999998,52154.15914548579,3488.8468322189415,True,0.26127155912311195,52.15415914548579,83.44665463277727
2,16,2.5,1.2647368421052632,1.2711468144044322,0.006409972299168975,12.562909205832952,12.562909205832952,3.0908544399261513,2016.475642317555,2104.0419908275053,2104.0419908275053,546.567898462257,750.0000000000002,55273.10044783015,3506.736651379176,True,0.2597704327408863,55.273100447830146,88.43696071652823
2,17,2.5,1.3431578947368419,1.349567867036011,0.006409972299168975,14.169157230889788,14.169157230889788,2.999266821892984,1522.886197710061,2113.9270431165833,2113.9270431165833,547.2531187499224,750.0,58490.476529988424,3523.2117385276388,True,0.25887985137987624,58.49047652998842,93.58476244798148
2,18,2.5,1.421578947368421,1.4279889196675901,0.006409972299168975,15.872007054426335,15.872007054426335,2.9153664141302666,1168.5909480635787,2123.072114038103,2123.072114038103,548.802297222015,750.0000000000001,61805.1924575024,3538.453523396838,True,0.25849442117073823,61.8051924575024,98.88830793200384
2,19,2.5,1.5,1.506409972299169,0.006409972299168975,17.671458676442587,17.671458676442587,2.8381347314589283,909.5667251610271,2131.567229376037,2131.567229376037,551.0731918712545,749.9999999999999,65215.86163559471,3552.612048960062,True,0.25852958531013226,65.2158616355947,104.34537861695154
3,0,2.5,0.01,0.021922437673130193,0.011922437673130193,0.0007853981633974482,0.0007853981633974482,10.544177835172174,1535291232857493.2,1537.5127507800453,1537.5127507800453,703.8414585385367,37.10398225263102,2280.6353830238822,2562.5212513000756,True,0.45777926601353264,2.280635383023882,3.6490166128382118
3,1,2.5,0.08842105263157896,0.10034349030470915,0.011922437673130193,0.061404647544957294,0.061404647544957294,15.9424568989423,143763767.9019839,1296.093989267348,1296.093989267348,1067.1277275693437,750.0,24255.153112810945,2160.156648778913,True,0.8233413135204541,24.255153112810945,38.80824498049751
3,2,2.5,0.1668421052631579,0.1787645429362881,0.011922437673130193,0.21862569540622212,0.21862569540622212,11.605938403248347,7427047.549549247,1482.4532897403833,1482.4532897403833,782.0195541418412,750.0000000000001,28452.627245345615,2470.755482900639,True,0.527517163308932,28.452627245345614,45.524203592552986
3,3,2.5,0.24526315789473685,0.257185595567867,0.011922437673130193,0.4724485417471919,0.4724485417471919,9.572313950135218,1230151.1685541845,1592.0134275827058,1592.0134275827058,651.6915170689894,749.9999999999999,32098.94852740054,2653.355712637843,True,0.4093505153775681,32.09894852740054,51.35831764384086
3,4,2.5,0.3236842105263158,0.33560664819944597,0.011922437673130193,0.8228731865678667,0.8228731865678667,8.332442674849656,337035.42771158786,1668.046149259191,1668.046149259191,575.1729396478761,749.9999999999999,35478.98030885066,2780.076915431985,True,0.3448183612325838,35.47898030885066,56.76636849416106
3,5,2.5,0.40210526315789474,0.4140277008310249,0.011922437673130193,1.2698996298682466,1.2698996298682466,7.475895345679518,122458.91898965949,1725.42122765443,1725.4212276544301,524.9030814327778,750.0000000000001,38747.93805599078,2875.702046090717,True,0.3042173545913428,38.74793805599078,61.99670088958525
3,6,2.5,0.4805263157894737,0.49244875346260386,0.011922437673130193,1.813527871648331,1.813527871648331,6.838714976662237,53320.69475937757,1771.00022228864,1771.00022228864,489.8087581939421,750.0000000000002,41996.52293271657,2951.6670371477335,True,0.2765718219735561,41.99652293271657,67.19443669234651
3,7,2.5,0.5589473684210526,0.5708698060941828,0.011922437673130193,2.4537579119081205,2.4537579119081205,6.340852254864558,26333.68784708543,1808.4981805591642,1808.4981805591642,464.4399028927931,750.0000000000001,45281.76154425065,3014.1636342652737,True,0.2568097153126216,45.28176154425065,72.45081847080104
3,8,2.5,0.6373684210526316,0.6492908587257618,0.011922437673130193,3.1905897506476153,3.1905897506476153,5.937967562310127,14269.872520877088,1840.143895138365,1840.143895138365,445.7463809537232,750.0,48641.08893087836,3066.906491897275,True,0.24223452423007735,48.64108893087836,77.82574228940537
3,9,2.5,0.7157894736842104,0.7277119113573406,0.011922437673130193,4.024023387866814,4.024023387866814,5.603255656295501,8303.181328243472,1867.3744802604297,1867.3744802604297,431.86165703217574,749.9999999999998,52099.56821943953,3112.2908004340497,True,0.23126676603824373,52.099568219439526,83.35930915110325
3,10,2.5,0.7942105263157895,0.8061329639889196,0.011922437673130193,4.95405882356572,4.95405882356572,5.3194321343324065,5111.436569403373,1891.1677004633923,1891.1677004633923,421.56596022218224,750.0000000000001,55673.99595213556,3151.9461674389872,True,0.22291305002665077,55.67399595213556,89.0783935234169
3,11,2.5,0.8726315789473684,0.8845540166204986,0.011922437673130193,5.980696057744329,5.980696057744329,5.074784786997526,3293.808194860113,1912.2170913523782,1912.2170913523782,414.0213064003383,750.0000000000001,59375.437412458115,3187.0284855872974,True,0.21651375687031946,59.37543741245811,95.00069985993298
3,12,2.5,0.9510526315789474,0.9629750692520775,0.011922437673130193,7.103935090402644,7.103935090402644,4.861058147697382,2204.3880570501015,1931.031248251374,1931.031248251374,408.62912722202543,750.0000000000002,63210.893462488086,3218.3854137522903,True,0.21161186676396637,63.21089346248809,101.13742953998094
3,13,2.5,1.029473684210526,1.0413961218836563,0.011922437673130193,8.32377592154066,8.32377592154066,4.672243485522264,1523.0171459940393,1947.9934598634982,1947.9934598634982,404.94846234397266,749.9999999999998,67184.44710811932,3246.655766439164,True,0.20787978537276436,67.18444710811931,107.49511537299091
3,14,2.5,1.1078947368421053,1.1198171745152354,0.011922437673130193,9.640218551158389,9.640218551158389,4.503849215259643,1081.2255353993455,1963.3992356430558,1963.3992356430558,402.6463034589742,750.0000000000002,71298.07715728169,3272.3320594050933,True,0.20507612315897578,71.29807715728168,114.0769234516507
3,15,2.5,1.1863157894736842,1.1982382271468144,0.011922437673130193,11.053262979255818,11.053262979255818,4.3524414393052195,785.7924288982987,1977.480851381318,1977.480851381318,401.4660440023276,749.9999999999998,75552.24754179643,3295.8014189688633,True,0.2030189287152358,75.55224754179643,120.88359606687429
3,16,2.5,1.2647368421052632,1.2766592797783933,0.011922437673130193,12.562909205832952,12.562909205832952,4.215343857081231,582.8746454652805,1990.423934362775,1990.423934362775,401.20664229319567,749.9999999999997,79946.33954675583,3317.3732239379588,True,0.20156843744025824,79.94633954675582,127.91414327480933
3,17,2.5,1.3431578947368419,1.355080332409972,0.011922437673130193,14.169157230889788,14.169157230889788,4.090435579915635,440.1995907840635,2002.378985421838,2002.378985421838,401.7083985277861,750.0000000000001,84478.97102741012,3337.298309036397,True,0.20061556850745654,84.47897102741013,135.16635364385618
3,18,2.5,1.421578947368421,1.4335013850415512,0.011922437673130193,15.872007054426335,15.872007054426335,3.976011211074236,337.7883770337295,2013.469578177208,2013.469578177208,402.8429678035881,749.9999999999997,89148.23284620838,3355.7826302953467,True,0.20007402752431028,89.14823284620839,142.63717255393342
3,19,2.5,1.5,1.5119224376731302,0.011922437673130193,17.671458676442587,17.671458676442587,3.870681728418803,262.915837577848,2023.7983174684719,2023.7983174684719,404.5061750130292,749.9999999999999,93951.86397633515,3372.9971957807866,True,0.19987474617481535,93.95186397633515,150.32298236213626
4,0,2.5,0.01,0.0296398891966759,0.0196398891966759,0.0007853981633974482,0.0007853981633974482,14.698368245172999,406597929598082.4,1344.1180375541737,1344.1180375541737,595.6337191798091,43.76826734850681,4515.97950576718,2240.196729256956,True,0.4431409314792433,4.51597950576718,7.225567209227488
4,1,2.5,0.08842105263157896,0.10806094182825485,0.0196398891966759,0.061404647544957294,0.061404647544957294,20.46172472773684,52978724.923834376,1149.262299454787,1149.262299454787,831.6390124743148,750.0000000000003,36552.41837464699,1915.4371657579782,True,0.7236285510007998,36.55241837464699,58.48386939943519
4,2,2.5,0.1668421052631579,0.1864819944598338,0.0196398891966759,0.21862569540622212,0.21862569540622212,14.895917129943294,2736958.796127785,1336.23225186804,1336.23225186804,609.5608100438197,750.0000000000001,41436.78127715322,2227.0537531134,True,0.45617878867364525,41.436781277153216,66.29885004344516
4,3,2.5,0.24526315789473685,0.26490304709141277,0.0196398891966759,0.4724485417471919,0.4724485417471919,12.285813554128984,453325.9062742312,1449.4084371404876,1449.4084371404876,508.06382547562174,750.0,45974.481431080865,2415.6807285674795,True,0.35053185317312757,45.97448143108087,73.55917028972938
4,4,2.5,0.3236842105263158,0.3433240997229917,0.0196398891966759,0.8228731865678667,0.8228731865678667,10.694471335452237,124201.71977192975,1529.4471946158562,1529.4471946158562,448.4828122264349,750.0,50282.88940014478,2549.0786576930936,True,0.2932319689134989,50.282889400144775,80.45262304023164
4,5,2.5,0.40210526315789474,0.42174515235457066,0.0196398891966759,1.2698996298682466,1.2698996298682466,9.595115334250163,45127.624841096884,1590.6861177383792,1590.6861177383794,409.3463688715302,749.9999999999998,54504.5151562676,2651.143529563966,True,0.25733949916752563,54.504515156267594,87.20722425002815
4,6,2.5,0.4805263157894737,0.5001662049861496,0.0196398891966759,1.813527871648331,1.813527871648331,8.777311065096743,19649.334888959904,1639.863555532632,1639.863555532632,382.02824516375,749.9999999999999,58735.177671358484,2733.1059258877203,True,0.23296343398500993,58.735177671358485,93.97628427417358
4,7,2.5,0.5589473684210526,0.5785872576177286,0.0196398891966759,2.4537579119081205,2.4537579119081205,8.138317337203913,9704.289370267661,1680.680325749226,1680.680325749226,362.28297021749563,750.0000000000003,63038.387136617,2801.1338762487103,True,0.21555733393618115,63.038387136617,100.8614194185872
4,8,2.5,0.6373684210526316,0.6570083102493075,0.0196398891966759,3.1905897506476153,3.1905897506476153,7.621225415405172,5258.6243530925985,1715.3827985918256,1715.3827985918256,347.7347474981117,750.0000000000003,67456.74798083151,2858.971330986376,True,0.2027155383530548,67.45674798083151,107.93079676933041
4,9,2.5,0.7157894736842104,0.7354293628808863,0.0196398891966759,4.024023387866814,4.024023387866814,7.191631474685672,3059.824919736646,1745.4337980402647,1745.4337980402647,336.9298491528751,750.0,72018.93210069012,2909.056330067108,True,0.19303502059555203,72.01893210069012,115.23029136110418
4,10,2.5,0.7942105263157895,0.8138504155124654,0.0196398891966759,4.95405882356572,4.95405882356572,6.827351438397732,1883.627536533912,1771.8371020221143,1771.837102022114,328.9183866043782,750.0000000000002,76744.01697997439,2953.0618367035236,True,0.18563692239484045,76.74401697997439,122.79042716795902
4,11,2.5,0.8726315789473684,0.8922714681440443,0.0196398891966759,5.980696057744329,5.980696057744329,6.513352993348179,1213.8090205477724,1795.3100440766004,1795.3100440766002,323.04787498418733,749.9999999999998,81644.3141580369,2992.1834067943337,True,0.17993988060727625,81.64431415803689,130.63090265285905
4,12,2.5,0.9510526315789474,0.9706925207756233,0.0196398891966759,7.103935090402644,7.103935090402644,6.23904046498036,812.3442380799669,1816.3821809899362,1816.3821809899362,318.85231608165606,750.0,86727.29512450538,3027.303634983227,True,0.1755425259170293,86.72729512450539,138.76367219920863
4,13,2.5,1.029473684210526,1.049113573407202,0.0196398891966759,8.32377592154066,8.32377592154066,5.996701804980943,561.2506378304822,1835.454988833153,1835.4549888331528,315.9884645867501,750.0,91996.94692873798,3059.0916480552546,True,0.1721581114814656,91.99694692873797,147.19511508598077
4,14,2.5,1.1078947368421053,1.127534626038781,0.0196398891966759,9.640218551158389,9.640218551158389,5.780572181693675,398.44497022088217,1852.8396780903254,1852.8396780903256,314.1971435502854,750.0000000000001,97454.74858712083,3088.066130150543,True,0.16957600124049607,97.45474858712083,155.92759773939332
4,15,2.5,1.1863157894736842,1.20595567867036,0.0196398891966759,11.053262979255818,11.053262979255818,5.586244277729025,289.57421988423215,1868.7820760818242,1868.7820760818245,313.2786661693984,750.0000000000001,103100.38472739795,3114.6367934697078,True,0.16763788040295904,103.10038472739795,164.9606155638367
4,16,2.5,1.2647368421052632,1.284376731301939,0.0196398891966759,12.562909205832952,12.562909205832952,5.410283131584001,214.79650928623568,1883.4795321618667,1883.4795321618667,313.07660467760087,749.9999999999998,108932.27152704357,3139.1325536031113,True,0.16622246184870937,108.93227152704357,174.29163444326971
4,17,2.5,1.3431578947368419,1.3627977839335177,0.0196398891966759,14.169157230889788,14.169157230889788,5.249966638349645,162.2189886372034,1897.0927215701108,1897.0927215701108,313.4667122658513,749.9999999999998,114947.94573551705,3161.8212026168517,True,0.16523531438485176,114.94794573551704,183.91671317682727
4,18,2.5,1.421578947368421,1.4412188365650969,0.0196398891966759,15.872007054426335,15.872007054426335,5.103105966107024,124.47919090114156,1909.7540845538044,1909.7540845538047,314.3491453420399,750.0000000000003,121144.35248426927,3182.9234742563413,True,0.164601897115714,121.14435248426928,193.83096397483084
4,19,2.5,1.5,1.5196398891966758,0.0196398891966759,17.671458676442587,17.671458676442587,4.96791834142206,96.88773493091075,1921.5739858531974,1921.5739858531974,315.64286865057056,750.0,127518.05768405636,3202.623309755329,True,0.16426266746654675,127.51805768405636,204.02889229449016
5,0,2.5,0.01,0.0395623268698061,0.029562326869806095,0.0007853981633974482,0.0007853981633974482,19.18456193386825,140098701672111.38,1186.9418178455187,1186.9418178455187,516.5339138016857,49.53649783826141,8346.38364364188,1978.2363630758646,True,0.43518048318431807,8.34638364364188,13.354213829827009
5,1,2.5,0.08842105263157896,0.11798337950138504,0.029562326869806095,0.061404647544957294,0.061404647544957294,25.10394810601694,23383113.561260153,1031.8698356815667,1031.8698356815667,678.0762735913553,750.0000000000001,52486.77582829711,1719.7830594692778,True,0.6571335357850392,52.48677582829711,83.97884132527538
5,2,2.5,0.1668421052631579,0.196404432132964,0.029562326869806095,0.21862569540622212,0.21862569540622212,18.275406183855228,1208006.0143832143,1215.4678934104782,1215.4678934104782,497.12371319347056,750.0,57490.98071519647,2025.779822350797,True,0.408997815482063,57.49098071519647,91.98556914431435
5,3,2.5,0.24526315789473685,0.27482548476454294,0.029562326869806095,0.4724485417471919,0.4724485417471919,15.073139239576033,200083.54602552307,1329.2438344863663,1329.2438344863663,414.4421395578905,750.0000000000001,62750.01994712033,2215.4063908106104,True,0.31178789685192354,62.75001994712033,100.40003191539253
5,4,2.5,0.3236842105263158,0.3532465373961219,0.029562326869806095,0.8228731865678667,0.8228731865678667,13.120763620798298,54818.663946822926,1410.9701151678498,1410.9701151678498,365.91672738119064,750.0000000000002,67933.8041315089,2351.616858613083,True,0.2593369791802153,67.93380413150891,108.69408661041425
5,5,2.5,0.40210526315789474,0.43166759002770083,0.029562326869806095,1.2698996298682466,1.2698996298682466,11.771992861175846,19917.889264537283,1474.2303661249941,1474.2303661249941,334.04851100464805,750.0000000000001,73108.72066201067,2457.0506102083236,True,0.2265917991383481,73.10872066201067,116.97395305921708
5,6,2.5,0.4805263157894737,0.5100886426592798,0.029562326869806095,1.813527871648331,1.813527871648331,10.768650464243049,8672.587529660903,1525.50046999909,1525.50046999909,311.80760949559726,750.0,78353.15545996836,2542.500783331817,True,0.20439692784610106,78.35315545996836,125.36504873594937
5,7,2.5,0.5589473684210526,0.5885096952908587,0.029562326869806095,2.4537579119081205,2.4537579119081205,9.9846859842915,4283.16273565528,1568.3778007786677,1568.3778007786677,295.73448111283267,750.0,83726.89135807812,2613.9630012977796,True,0.18856074152924537,83.72689135807812,133.963026172925
5,8,2.5,0.6373684210526316,0.6669307479224377,0.029562326869806095,3.1905897506476153,3.1905897506476153,9.350279601466903,2320.9884836064343,1605.0667166509631,1605.0667166509631,283.8933360311076,750.0,89272.2688191242,2675.111194418272,True,0.17687323092928034,89.2722688191242,142.83563011059871
5,9,2.5,0.7157894736842104,0.7453518005540165,0.029562326869806095,4.024023387866814,4.024023387866814,8.823222174100447,1350.50878779431,1637.0143626745396,1637.0143626745396,275.0998346430445,750.0000000000003,95018.30831065658,2728.3572711242327,True,0.16804973793485162,95.01830831065658,152.02929329705051
5,10,2.5,0.7942105263157895,0.8237728531855956,0.029562326869806095,4.95405882356572,4.95405882356572,8.37629664613485,831.3729078457687,1665.2208041253127,1665.2208041253127,268.5802306813878,749.9999999999999,100984.22019881145,2775.368006875521,True,0.16128805862623388,100.98422019881146,161.57475231809832
5,11,2.5,0.8726315789473684,0.9021939058171745,0.029562326869806095,5.980696057744329,5.980696057744329,7.991060270668972,535.7364528866113,1690.4052101857303,1690.4052101857303,263.80312583981527,750.0000000000003,107182.03942661827,2817.342016976217,True,0.15605910597662578,107.18203942661827,171.49126308258923
5,12,2.5,0.9510526315789474,0.9806149584487535,0.029562326869806095,7.103935090402644,7.103935090402644,7.654513495233109,358.54274705870887,1713.1014791321159,1713.1014791321159,260.3890719493812,750.0,113618.56569431274,2855.1691318868598,True,0.1519986265386324,113.61856569431274,181.78970511090037
5,13,2.5,1.029473684210526,1.0590360110803323,0.029562326869806095,8.32377592154066,8.32377592154066,7.3571946120179685,247.71806833001816,1733.716436886178,1733.716436886178,258.058628130751,750.0,120296.79557134498,2889.5273948102968,True,0.14884707939565614,120.29679557134497,192.47487291415197
5,14,2.5,1.1078947368421053,1.1374570637119115,0.029562326869806095,9.640218551158389,9.640218551158389,7.092030901755472,175.8608573532526,1752.566902265396,1752.566902265396,256.6008339030189,750.0000000000001,127216.98511193467,2920.9448371089934,True,0.14641428727846711,127.21698511193468,203.5471761790955
5,15,2.5,1.1863157894736842,1.2158781163434904,0.029562326869806095,11.053262979255818,11.053262979255818,6.853615143475491,127.80879263706026,1769.9041963548639,1769.904196354864,255.8531797494457,750.0000000000001,134377.4409776818,2949.8403272581068,True,0.14455764344554806,134.3774409776818,215.0039055642909
5,16,2.5,1.2647368421052632,1.2942991689750694,0.029562326869806095,12.562909205832952,12.562909205832952,6.637733073890611,94.8043044905867,1785.9308699873488,1785.930869987349,255.68838118406853,750.0000000000001,141775.1098414253,2976.551449978915,True,0.1431681290025967,141.7751098414253,226.84017574628047
5,17,2.5,1.3431578947368419,1.372720221606648,0.029562326869806095,14.169157230889788,14.169157230889788,6.4410450145874565,71.59826965540901,1800.8124327275268,1800.8124327275268,256.00535291619326,750.0000000000001,149406.01670706386,3001.354054545878,True,0.14216103146758335,149.40601670706386,239.04962673130217
5,18,2.5,1.421578947368421,1.4511412742382273,0.029562326869806095,15.872007054426335,15.872007054426335,6.260865545659505,54.9411308226038,1814.6857713673958,1814.685771367396,256.722872953542,750.0000000000003,157265.58955817344,3024.4762856123266,True,0.1414696015167943,157.26558955817345,251.6249432930775
5,19,2.5,1.5,1.5295623268698062,0.029562326869806095,17.671458676442587,17.671458676442587,6.095007429600173,42.76314524065657,1827.6653168913392,1827.6653168913392,257.7750257287263,749.9999999999998,165348.898342337,3046.1088614855653,True,0.14104060702271995,165.34889834233698,264.5582373477392
6,0,2.5,0.01,0.051689750692520776,0.041689750692520774,0.0007853981633974482,0.0007853981633974482,23.913957204839235,58027768137157.84,1059.3901241945614,1059.3901241945614,456.63010853451834,54.580025938476126,14510.7402469207,1765.6502069909357,True,0.4310311169661766,14.510740246920701,23.217184395073122
6,1,2.5,0.08842105263157896,0.13011080332409974,0.041689750692520774,0.061404647544957294,0.061404647544957294,29.811743105735633,11757662.022908337,936.7874070962549,936.787407096255,571.2426696660774,750.0000000000001,72721.40805789082,1561.3123451604251,True,0.6097890143898809,72.72140805789081,116.35425289262531
6,2,2.5,0.1668421052631579,0.2085318559556787,0.041689750692520774,0.21862569540622212,0.21862569540622212,21.702630678059805,607418.1011672313,1115.0818425381317,1115.0818425381317,418.92163714402216,750.0000000000003,76958.77044348697,1858.4697375635528,True,0.3756868968384234,76.95877044348697,123.13403270957915
6,3,2.5,0.24526315789473685,0.28695290858725764,0.041689750692520774,0.4724485417471919,0.4724485417471919,17.899836030155026,100607.41929640385,1227.6975816045885,1227.6975816045885,349.3424822290972,750.0000000000002,82644.87198348166,2046.1626360076477,True,0.28455092480715816,82.64487198348166,132.23179517357065
6,4,2.5,0.3236842105263158,0.3653739612188366,0.041689750692520774,0.8228731865678667,0.8228731865678667,15.581327397684056,27564.307103309475,1309.6421665703422,1309.6421665703422,308.51746249354534,750.0000000000001,88583.10878855508,2182.7369442839035,True,0.2355738616002897,88.58310878855508,141.73297406168814
6,5,2.5,0.40210526315789474,0.44379501385041553,0.041689750692520774,1.2698996298682466,1.2698996298682466,13.979618884561573,10015.253510556146,1373.6938148464653,1373.6938148464653,281.7126039711255,750.0000000000001,94668.0499728403,2289.489691410776,True,0.20507670699719344,94.6680499728403,151.46887995654447
6,6,2.5,0.4805263157894737,0.5222160664819945,0.041689750692520774,1.813527871648331,1.813527871648331,12.788117625152726,4360.8116075174685,1426.0129472352842,1426.0129472352842,263.00925107030065,750.0000000000005,100926.41717733761,2376.6882453921403,True,0.184436790409383,100.92641717733761,161.48226748374017
6,7,2.5,0.5589473684210526,0.6006371191135734,0.041689750692520774,2.4537579119081205,2.4537579119081205,11.857134674517342,2153.690085069933,1470.0528963760978,1470.0528963760976,249.49499397242747,750.0000000000003,107398.74337405401,2450.0881606268294,True,0.16971837856139074,107.39874337405402,171.83798939848643
6,8,2.5,0.6373684210526316,0.6790581717451524,0.041689750692520774,3.1905897506476153,3.1905897506476153,11.103756758440749,1167.0557933960758,1507.9460305041346,1507.9460305041343,239.54039332025036,750.0,114118.88920546666,2513.2433841735574,True,0.15885209979309906,114.11888920546666,182.59022272874665
6,9,2.5,0.7157894736842104,0.7574792243767312,0.041689750692520774,4.024023387866814,4.024023387866814,10.477859168138897,679.0723504059066,1541.1015475331876,1541.1015475331874,232.14869517841012,749.9999999999999,121111.36003701895,2568.502579221979,True,0.1506381559021897,121.11136003701895,193.77817605923033
6,10,2.5,0.7942105263157895,0.8359002770083103,0.041689750692520774,4.95405882356572,4.95405882356572,9.947120777076332,418.0367870961271,1570.4989948539433,1570.4989948539435,226.66882828669463,750.0,128392.36288460546,2617.4983247565724,True,0.1443291775603937,128.39236288460546,205.42778061536873
6,11,2.5,0.8726315789473684,0.9143213296398892,0.041689750692520774,5.980696057744329,5.980696057744329,9.489640232108949,269.3827804364081,1596.8464706277114,1596.8464706277111,222.6537406860761,750.0000000000001,135971.49413771776,2661.4107843795186,True,0.13943340501516854,135.97149413771777,217.5543906203484
6,12,2.5,0.9510526315789474,0.9927423822714682,0.041689750692520774,7.103935090402644,7.103935090402644,9.089980147966534,180.28499197239594,1620.672134065019,1620.672134065019,219.78428434971843,750.0000000000002,143853.31119936943,2701.1202234416983,True,0.1356130458036869,143.85331119936944,230.1652979189911
6,13,2.5,1.029473684210526,1.0711634349030468,0.041689750692520774,8.32377592154066,8.32377592154066,8.736904443321881,124.55934564751524,1642.3801653565786,1642.3801653565786,217.82547965204336,750.0000000000001,152038.63150838437,2737.3002755942975,True,0.13262792881132432,152.03863150838436,243.261810413415
6,14,2.5,1.1078947368421053,1.149584487534626,0.041689750692520774,9.640218551158389,9.640218551158389,8.422014037321775,88.42759619677595,1662.286560960103,1662.2865609601033,216.5999709645448,750.0,160525.55920571077,2770.4776016001724,True,0.13030242561754277,160.52555920571078,256.84089472913723
6,15,2.5,1.1863157894736842,1.228005540166205,0.041689750692520774,11.053262979255818,11.053262979255818,8.138887681730784,64.26571822634409,1680.6428986088924,1680.6428986088927,215.97116390798473,750.0000000000001,169310.2785639831,2801.071497681488,True,0.12850508819377937,169.3102785639831,270.89644570237294
6,16,2.5,1.2647368421052632,1.3064265927977838,0.041689750692520774,12.562909205832952,12.562909205832952,7.882520803803068,47.67016879924665,1697.6526174014227,1697.6526174014227,215.83209173665722,750.0000000000001,178387.65832804702,2829.421029002371,True,0.12713560449547617,178.38765832804702,285.42025332487526
6,17,2.5,1.3431578947368419,1.3848476454293626,0.041689750692520774,14.169157230889788,14.169157230889788,7.648947428366321,36.00154674987591,1713.482472856245,1713.482472856245,216.09781854946357,750.0,187751.70664430462,2855.804121427075,True,0.12611615349017544,187.75170664430462,300.4027306308874
6,18,2.5,1.421578947368421,1.4632686980609417,0.041689750692520774,15.872007054426335,15.872007054426335,7.434978533197975,27.625886761239485,1728.2707856048723,1728.2707856048721,216.7001075597141,750.0000000000002,197395.90969046723,2880.4513093414535,True,0.12538550634811077,197.39590969046722,315.8334555047476
6,19,2.5,1.5,1.5416897506925207,0.041689750692520774,17.671458676442587,17.671458676442587,7.238016703645079,21.502466190353275,1742.1335024774946,1742.1335024774946,217.5835872661541,749.9999999999999,207313.48073321625,2903.555837462491,True,0.12489489867264918,207.31348073321624,331.70156917314597
7,0,2.5,0.01,0.06602216066481995,0.056022160664819944,0.0007853981633974482,0.0007853981633974482,28.833080104505907,27458543931325.45,954.941303911603,954.941303911603,409.7870496131342,59.04489609558487,23923.253685188974,1591.5688398526718,True,0.4291227617179991,23.923253685188975,38.27720589630236
7,1,2.5,0.08842105263157896,0.1444432132963989,0.056022160664819944,0.061404647544957294,0.061404647544957294,34.55832212813622,6511182.358318145,858.4845757110688,858.4845757110688,493.0533328759519,750.0,98075.99821496484,1430.8076261851147,True,0.5743298677993881,98.07599821496484,156.92159714394376
7,2,2.5,0.1668421052631579,0.22286426592797784,0.056022160664819944,0.21862569540622212,0.21862569540622212,25.15808952667596,336377.25057391025,1030.655024899103,1030.655024899103,361.70486237438087,749.9999999999998,100294.4760002695,1717.7583748318384,True,0.3509465860410377,100.2944760002695,160.4711616004312
7,3,2.5,0.24526315789473685,0.3012853185595568,0.056022160664819944,0.4724485417471919,0.4724485417471919,20.749819873897387,55714.58444394229,1141.1226554583995,1141.1226554583995,301.72590308590605,750.0000000000002,105975.98009630479,1901.871092430666,True,0.2644114562467432,105.9759800963048,169.56156815408767
7,4,2.5,0.3236842105263158,0.37970637119113576,0.056022160664819944,0.8228731865678667,0.8228731865678667,18.062161930059105,15264.61891663878,1222.3787129041402,1222.3787129041402,266.5443417266377,750.0,112475.70497780561,2037.2978548402339,True,0.2180538150025362,112.4757049778056,179.96112796448898
7,5,2.5,0.40210526315789474,0.4581274238227147,0.056022160664819944,1.2698996298682466,1.2698996298682466,16.20543189734876,5546.2677737258655,1286.4202348441504,1286.4202348441504,243.4510527671731,749.9999999999998,119383.20135501097,2144.033724740251,True,0.1892469087262664,119.38320135501097,191.01312216801756
7,6,2.5,0.4805263157894737,0.5365484764542936,0.056022160664819944,1.813527871648331,1.813527871648331,14.824221674495034,2414.939258459251,1339.0824258250218,1339.0824258250218,227.34122389370845,750.0000000000001,126625.81675464624,2231.804043041703,True,0.1697738836006613,126.62581675464624,202.60130680743399
7,7,2.5,0.5589473684210526,0.6149695290858725,0.056022160664819944,2.4537579119081205,2.4537579119081205,13.745009077306435,1192.674943357775,1383.6602673948312,1383.6602673948312,215.70320156889542,750.0000000000002,134203.22757107852,2306.100445658052,True,0.15589318176709915,134.20322757107851,214.72516411372564
7,8,2.5,0.6373684210526316,0.6933905817174515,0.056022160664819944,3.1905897506476153,3.1905897506476153,12.871679509972621,646.2945676043406,1422.2010793543327,1422.2010793543325,207.13197006023293,749.9999999999995,142129.43529751687,2370.3351322572207,True,0.14564183157157293,142.12943529751686,227.407096476027
7,9,2.5,0.7157894736842104,0.7718116343490303,0.056022160664819944,4.024023387866814,4.024023387866814,12.146127486122193,376.05808870587634,1456.0652543457875,1456.0652543457875,200.76821868477285,750.0000000000001,150417.75622129612,2426.7754239096457,True,0.13788408045968953,150.41775622129612,240.66840995407378
7,10,2.5,0.7942105263157895,0.8502326869806094,0.056022160664819944,4.95405882356572,4.95405882356572,11.530885760099801,231.50127533560618,1486.203009030371,1486.203009030371,196.05077691790112,749.9999999999999,159077.14863495744,2477.0050150506186,True,0.13191386084314863,159.07714863495744,254.5234378159319
7,11,2.5,0.8726315789473684,0.9286537396121883,0.056022160664819944,5.980696057744329,5.980696057744329,11.000565879633086,149.1793525102849,1513.3042398638406,1513.3042398638406,192.59441759954566,749.9999999999998,168111.89395442276,2522.173733106401,True,0.12726748034279897,168.11189395442275,268.97903032707643
7,12,2.5,0.9510526315789474,1.0070747922437673,0.056022160664819944,7.103935090402644,7.103935090402644,10.537272543159437,99.8385951997138,1537.8855708894605,1537.8855708894605,190.12420119104223,750.0000000000001,177522.25896569144,2563.142618149101,True,0.12362701412243622,177.52225896569144,284.0356143451063
7,13,2.5,1.029473684210526,1.085495844875346,0.056022160664819944,8.32377592154066,8.32377592154066,10.127980678089642,68.97873168692563,1560.343789974121,1560.343789974121,188.43775106521872,750.0000000000001,187305.3645580381,2600.5729832902016,True,0.12076681579791083,187.3053645580381,299.688583292861
7,14,2.5,1.1078947368421053,1.1639168975069252,0.056022160664819944,9.640218551158389,9.640218551158389,9.762953915078336,48.96961685266276,1580.9901513390193,1580.9901513390193,187.38235840202913,750.0000000000001,197456.0028113172,2634.983585565032,True,0.11852215413443637,197.45600281131718,315.9296044981075
7,15,2.5,1.1863157894736842,1.2423379501385041,0.056022160664819944,11.053262979255818,11.053262979255818,9.434748624808131,35.58920216831588,1600.0732246755342,1600.0732246755342,186.84043903887923,750.0,207967.3258602704,2666.788707792557,True,0.11676993037413465,207.9673258602704,332.7477213764326
7,16,2.5,1.2647368421052632,1.320759002770083,0.056022160664819944,12.562909205832952,12.562909205832952,9.137563414302743,26.398884531546052,1617.794596006782,1617.794596006782,186.71993268284623,749.9999999999999,218831.3963526022,2696.32432667797,True,0.11541634095189145,218.8313963526022,350.13023416416354
7,17,2.5,1.3431578947368419,1.3991800554016618,0.056022160664819944,14.169157230889788,14.169157230889788,8.866800852037601,19.93701091366914,1634.3199470584805,1634.3199470584805,186.9477532085257,750.0000000000001,230039.61289608147,2723.866578430801,True,0.11438871167484821,230.03961289608148,368.06338063373033
7,18,2.5,1.421578947368421,1.477601108033241,0.056022160664819944,15.872007054426335,15.872007054426335,8.618764164669042,15.298720626788567,1649.7870550736134,1649.7870550736134,187.46519283352458,750.0000000000003,241583.03072346447,2749.645091789356,True,0.11362993318259483,241.58303072346447,386.5328491575432
7,19,2.5,1.5,1.55602216066482,0.056022160664819944,17.671458676442587,17.671458676442587,8.390442381253216,11.907680136252827,1664.3116860745486,1664.3116860745486,188.22461827978518,750.0000000000001,253452.59801279174,2773.8528101242478,True,0.11309457228154927,253.45259801279175,405.52415682046677
8,0,2.5,0.01,0.0825595567867036,0.0725595567867036,0.0007853981633974482,0.0007853981633974482,33.90607306643953,14359247581153.885,868.384607203467,868.384607203467,372.16119161102716,63.04062441689084,37676.75452268083,1447.307678672445,True,0.4285672368255462,37.67675452268083,60.28280723628933
8,1,2.5,0.08842105263157896,0.16098060941828257,0.0725595567867036,0.061404647544957294,0.061404647544957294,39.329645490883266,3881417.196228761,792.9621558644216,792.9621558644216,433.5353605657533,750.0000000000003,129510.40463125084,1321.6035931073693,True,0.5467289420554364,129.51040463125085,207.21664741000134
8,2,2.5,0.1668421052631579,0.23940166204986152,0.0725595567867036,0.21862569540622212,0.21862569540622212,28.63156199086659,200519.71714933982,958.7760747202535,958.7760747202535,318.16678243588615,750.0000000000003,128043.52191155919,1597.960124533756,True,0.3318468105586793,128.0435219115592,204.8696350584947
8,3,2.5,0.24526315789473685,0.31782271468144047,0.0725595567867036,0.4724485417471919,0.4724485417471919,23.614660937940634,33212.331377141156,1066.568300027231,1066.568300027231,265.5048855378137,750.0000000000001,133134.84249867866,1777.6138333787185,True,0.24893378654797352,133.13484249867867,213.01574799788585
8,4,2.5,0.3236842105263158,0.3962437673130194,0.0725595567867036,0.8228731865678667,0.8228731865678667,20.555929274407287,9099.477037565965,1146.5866901642542,1146.5866901642542,234.62574669877318,750.0000000000005,139923.633865583,1910.9778169404237,True,0.20462974907301767,139.92363386558299,223.8778141849328
8,5,2.5,0.40210526315789474,0.47466481994459836,0.0725595567867036,1.2698996298682466,1.2698996298682466,18.44284827215226,3306.2165866584005,1210.1013088975476,1210.1013088975476,214.36263798761607,750.0000000000001,147518.44880055918,2016.835514829246,True,0.17714437329458746,147.51844880055918,236.0295180808947
8,6,2.5,0.4805263157894737,0.5530858725761773,0.0725595567867036,1.813527871648331,1.813527871648331,16.87094011608488,1439.5828975143108,1262.632738804379,1262.632738804379,200.23074954977392,749.9999999999997,155684.2222087831,2104.387898007298,True,0.15858194025554717,155.6842222087831,249.09475553405295
8,7,2.5,0.5589473684210526,0.6315069252077562,0.0725595567867036,2.4537579119081205,2.4537579119081205,15.642725137957644,710.9721061254058,1307.3168321291316,1307.3168321291316,190.02377434936952,750.0000000000002,164351.27027773726,2178.861386881886,True,0.14535403329879235,164.35127027773726,262.96203244437964
8,8,2.5,0.6373684210526316,0.7099279778393351,0.0725595567867036,3.1905897506476153,3.1905897506476153,14.648818600696094,385.2662558780923,1346.1120412934476,1346.1120412934476,182.50771952447838,750.0000000000003,173498.7821324129,2243.5200688224127,True,0.13558137356019115,173.49878213241288,277.59805141186064
8,9,2.5,0.7157894736842104,0.788349030470914,0.0725595567867036,4.024023387866814,4.024023387866814,13.823092635835154,224.174082671667,1380.3256046781887,1380.3256046781887,176.9280340549448,750.0000000000001,183120.17251982912,2300.542674463648,True,0.1281784772051621,183.1201725198291,292.9922760317266
8,10,2.5,0.7942105263157895,0.866770083102493,0.0725595567867036,4.95405882356572,4.95405882356572,13.122907051421056,138.00151517620998,1410.874314841918,1410.874314841918,172.7920848387551,750.0,193211.66019018533,2351.4571914031967,True,0.12247163551071923,193.21166019018534,309.13865630429655
8,11,2.5,0.8726315789473684,0.945191135734072,0.0725595567867036,5.980696057744329,5.980696057744329,12.51936811749399,88.92813505921477,1438.4262449692512,1438.4262449692512,169.76178860948016,750.0000000000001,203768.53448657255,2397.377074948752,True,0.11801911234809895,203.76853448657255,326.02965517851607
8,12,2.5,0.9510526315789474,1.023612188365651,0.0725595567867036,7.103935090402644,7.103935090402644,11.992109802861815,59.515341289809484,1463.483354504818,1463.483354504818,167.59592418077563,750.0000000000001,214784.18822049943,2439.1389241746965,True,0.1145185038592278,214.78418822049943,343.6547011527991
8,13,2.5,1.029473684210526,1.1020332409972298,0.0725595567867036,8.32377592154066,8.32377592154066,11.526308717502074,41.11929609860275,1486.4323575303351,1486.4323575303351,166.1169869908177,750.0000000000003,226250.1599218259,2477.3872625505587,True,0.11175549707947446,226.25015992182588,362.00025587492144
8,14,2.5,1.1078947368421053,1.180454293628809,0.0725595567867036,9.640218551158389,9.640218551158389,11.110884232172943,29.19155116302941,1507.577472004791,1507.577472004791,165.191074426139,750.0000000000002,238156.50976825957,2512.629120007985,True,0.10957385440793722,238.15650976825955,381.0504156292153
8,15,2.5,1.1863157894736842,1.2588753462603879,0.0725595567867036,11.053262979255818,11.053262979255818,10.737365006711176,21.215277609248837,1527.162293540123,1527.162293540123,164.71511021503628,749.9999999999999,250492.26146876547,2545.2704892335387,True,0.10785697820839284,250.49226146876546,400.78761835002473
8,16,2.5,1.2647368421052632,1.3372963988919668,0.0725595567867036,12.562909205832952,12.562909205832952,10.399148674015029,15.736786153915537,1545.384864383423,1545.384864383423,164.60841184502274,750.0000000000002,263245.8073684059,2575.6414406390386,True,0.106516127884233,263.2458073684059,421.19329178944946
8,17,2.5,1.3431578947368419,1.4157174515235456,0.0725595567867036,14.169157230889788,14.169157230889788,10.091003054369297,11.884762665701809,1562.4083324293595,1562.4083324293595,164.80693901717197,750.0000000000001,276405.24342131475,2604.0138873822657,True,0.10548262934627131,276.40524342131476,442.2483894741036
8,18,2.5,1.421578947368421,1.4941385041551247,0.0725595567867036,15.872007054426335,15.872007054426335,9.808720976357293,9.119805598019667,1578.3686649715805,1578.3686649715805,165.2592588893741,750.0000000000001,289958.62988215795,2630.614441619301,True,0.10470257206503127,289.95862988215794,463.9338078114527
8,19,2.5,1.5,1.5725595567867037,0.0725595567867036,17.671458676442587,17.671458676442587,9.548875756838385,7.0983535561706725,1593.3803434393326,1593.3803434393326,165.9236463976962,749.9999999999998,303894.1851305444,2655.633905732221,True,0.1041331073782094,303.89418513054443,486.23069620887105
9,0,2.5,0.01,0.10130193905817174,0.09130193905817174,0.0007853981633974482,0.0007853981633974482,39.106682928984625,8114051076488.81,795.7791396945656,795.7791396945656,341.2611335449576,66.64722933151417,57044.74473994962,1326.2985661576095,True,0.42883900384212104,57.04474473994962,91.2715915839194
9,1,2.5,0.08842105263157896,0.1797229916897507,0.09130193905817174,0.061404647544957294,0.061404647544957294,44.1176856303903,2451430.3914495865,737.3438688938929,737.3438688938929,386.81102797428184,750.0,168118.52128189043,1228.9064481564883,True,0.5246005890773138,168.11852128189042,268.98963405102467
9,2,2.5,0.1668421052631579,0.25814404432132965,0.09130193905817174,0.21862569540622212,0.21862569540622212,32.11720409005182,126644.49706214856,896.8751706146885,896.8751706146885,284.00104939202885,750.0000000000001,160835.2921800688,1494.7919510244808,True,0.31665616208037506,160.8352921800688,257.3364674881101
9,3,2.5,0.24526315789473685,0.3365650969529086,0.09130193905817174,0.4724485417471919,0.4724485417471919,26.489539240058008,20976.286338898342,1001.7388977771038,1001.7388977771038,237.09153301624676,749.9999999999998,164579.19991997967,1669.5648296285065,True,0.2366799707412398,164.57919991997966,263.3267198719675
9,4,2.5,0.3236842105263158,0.41498614958448754,0.09130193905817174,0.8228731865678667,0.8228731865678667,23.058433765416346,5747.05923853288,1080.1969942067642,1080.1969942067642,209.59567288425288,749.9999999999997,171296.56448853243,1800.3283236779405,True,0.19403467516419828,171.29656448853243,274.0745031816519
9,5,2.5,0.40210526315789474,0.4934072022160665,0.09130193905817174,1.2698996298682466,1.2698996298682466,20.688103644066874,2088.1444615446158,1142.8556606583727,1142.8556606583727,191.5585620567766,749.9999999999998,179390.91797340458,1904.7594344306212,True,0.16761395918223315,179.39091797340458,287.0254687574473
9,6,2.5,0.4805263157894737,0.5718282548476454,0.09130193905817174,1.813527871648331,1.813527871648331,18.92482942677697,909.2135906973582,1194.9402049710977,1194.9402049710977,178.982575644159,749.9999999999999,188384.55933080503,1991.567008285163,True,0.1497837087576178,188.38455933080502,301.41529492928805
9,7,2.5,0.5589473684210526,0.6502493074792244,0.09130193905817174,2.4537579119081205,2.4537579119081205,17.547090023961484,449.03666375316743,1239.4332257356675,1239.4332257356675,169.90138059547564,750.0000000000001,198102.22365999743,2065.7220428927794,True,0.1370798983500143,198.10222365999743,316.9635578559959
9,8,2.5,0.6373684210526316,0.7286703601108033,0.09130193905817174,3.1905897506476153,3.1905897506476153,16.43218406410331,243.32695010914827,1278.2053881960762,1278.2053881960762,163.21541817355956,750.0000000000003,208469.34368496927,2130.3423136601273,True,0.1276910735010314,208.46934368496926,333.55094989595085
9,9,2.5,0.7157894736842104,0.8070914127423822,0.09130193905817174,4.024023387866814,4.024023387866814,15.50593318947923,141.58415121430465,1312.5100590757017,1312.5100590757017,158.2525027519788,750.0,219448.4484176835,2187.5167651261695,True,0.12057241135616413,219.44844841768352,351.1175174682936
9,10,2.5,0.7942105263157895,0.8855124653739612,0.09130193905817174,4.95405882356572,4.95405882356572,14.720506137936828,87.1591718349034,1343.2292482207229,1343.2292482207229,154.57390024415233,750.0,231016.14070365424,2238.715413701205,True,0.11507633596342919,231.01614070365423,369.6258251258468
9,11,2.5,0.8726315789473684,0.9639335180055402,0.09130193905817174,5.980696057744329,5.980696057744329,14.043491620761294,56.16534423326228,1371.0076792186107,1371.0076792186107,151.87861106805596,749.9999999999998,243154.15105526763,2285.0127986976845,True,0.11077881865301975,243.15415105526765,389.0466416884282
9,12,2.5,0.9510526315789474,1.0423545706371191,0.09130193905817174,7.103935090402644,7.103935090402644,13.452044220699065,37.588774671552876,1396.3311494781942,1396.3311494781942,149.95194331084204,750.0000000000001,255845.82073877822,2327.218582463657,True,0.10738995786699934,255.84582073877823,409.35331318204516
9,13,2.5,1.029473684210526,1.1207756232686978,0.09130193905817174,8.32377592154066,8.32377592154066,12.929535929721482,25.970177137636473,1419.574908401381,1419.574908401381,148.63596579069502,750.0000000000002,269074.81078878493,2365.9581806689685,True,0.10470455973195365,269.07481078878493,430.5196972620559
9,14,2.5,1.1078947368421053,1.199196675900277,0.09130193905817174,9.640218551158389,9.640218551158389,12.463537148950225,18.436836876008996,1441.0348782859119,1441.0348782859119,147.81157859102302,750.0000000000001,282824.74063626904,2401.7247971431866,True,0.10257321374958152,282.82474063626904,452.51958501803045
9,15,2.5,1.1863157894736842,1.277617728531856,0.09130193905817174,11.053262979255818,11.053262979255818,12.044545226695323,13.399171917124505,1460.9485543382893,1460.9485543382893,147.38712682344573,750.0,297079.2010997373,2434.9142572304822,True,0.10088454270739335,297.0792010997373,475.3267217595797
9,16,2.5,1.2647368421052632,1.356038781163435,0.09130193905817174,12.562909205832952,12.562909205832952,11.665154015441946,9.939059341246331,1479.509433429726,1479.509433429726,147.2908864729203,750.0000000000002,311821.8975658625,2465.84905571621,True,0.0995538677516086,311.8218975658625,498.91503610538
9,17,2.5,1.3431578947368419,1.4344598337950136,0.09130193905817174,14.169157230889788,14.169157230889788,11.319494363384733,7.506193465153526,1496.8772407596284,1496.8772407596284,147.4659404779818,750.0000000000001,327036.8170311901,2494.7954012660475,True,0.09851572090383742,327.0368170311901,523.2589072499042
9,18,2.5,1.421578947368421,1.5128808864265928,0.09130193905817174,15.872007054426335,15.872007054426335,11.002846912806678,5.759898376505227,1513.1853448313402,1513.1853448313402,147.86658526047694,750.0000000000001,342708.3757195506,2521.9755747189006,True,0.09771875320201318,342.7083757195506,548.3334011512809
9,19,2.5,1.5,1.5913019390581717,0.09130193905817174,17.671458676442587,17.671458676442587,10.711367811883884,4.483187134265856,1528.546241538669,1528.546241538669,148.4557489928151,750.0,358821.53300992993,2547.577069231115,True,0.09712218378383909,358.8215330099299,574.114452815888
10,0,2.5,0.01,0.12224930747922437,0.11224930747922438,0.0007853981633974482,0.0007853981633974482,44.414210065071416,4877012724408.958,734.179031602511,734.179031602511,315.412871725362,69.92304853986334,83482.0573966089,1223.6317193375185,True,0.4296130210051115,83.4820573966089,133.57129183457423
10,1,2.5,0.08842105263157896,0.20067036011080333,0.11224930747922438,0.061404647544957294,0.061404647544957294,48.917534086891685,1621855.7600373265,689.5357909754649,689.5357909754649,349.21560203424275,750.0,215126.7012466752,1149.2263182924416,True,0.5064502910577249,215.1267012466752,344.2027219946803
10,2,2.5,0.1668421052631579,0.27909141274238225,0.11224930747922438,0.21862569540622212,0.21862569540622212,35.61144251793037,83787.45231914122,843.0132066443053,843.0132066443052,256.5226144886909,750.0000000000001,199380.966687468,1405.0220110738421,True,0.30429252171481835,199.380966687468,319.00954669994877
10,3,2.5,0.24526315789473685,0.3575124653739612,0.11224930747922438,0.4724485417471919,0.4724485417471919,29.37150759850792,13877.820451927037,944.8588728004237,944.8588728004237,214.24870401451517,749.9999999999999,200830.30134707675,1574.7647880007062,True,0.22675206867615405,200.83030134707676,321.3284821553228
10,4,2.5,0.3236842105263158,0.43593351800554014,0.11224930747922438,0.8228731865678667,0.8228731865678667,25.567109960389587,3802.22957249813,1021.5781799328323,1021.5781799328323,189.47999119453928,750.0000000000001,207018.49217173588,1702.630299888054,True,0.18547771958774353,207.0184921717359,331.2295874747774
10,5,2.5,0.40210526315789474,0.5143545706371191,0.11224930747922438,1.2698996298682466,1.2698996298682466,22.938896289352712,1381.5073577282205,1083.1761096640953,1083.1761096640953,173.23750368024739,750.0,215366.71372296853,1805.2935161068256,True,0.1599347531159732,215.36671372296854,344.5867419567497
10,6,2.5,0.4805263157894737,0.592775623268698,0.11224930747922438,1.813527871648331,1.813527871648331,20.983784061765693,601.5317850019632,1134.605024876032,1134.605024876032,161.9160305794946,750.0,225055.36018983013,1891.0083747933868,True,0.1427069570727361,225.05536018983014,360.0885763037282
10,7,2.5,0.5589473684210526,0.671196675900277,0.11224930747922438,2.4537579119081205,2.4537579119081205,19.45615147548933,297.0807174930125,1178.7031463770672,1178.7031463770672,153.742567601887,749.9999999999999,235758.82404894385,1964.505243961779,True,0.13043366183796098,235.75882404894384,377.2141184783101
10,8,2.5,0.6373684210526316,0.7496177285318559,0.11224930747922438,3.1905897506476153,3.1905897506476153,18.219947682934258,160.9840593407499,1217.2569173953254,1217.2569173953254,147.72588296296138,749.9999999999999,247325.42769201988,2028.7615289922092,True,0.12135965781082912,247.32542769201987,395.7206843072318
10,9,2.5,0.7157894736842104,0.8280387811634348,0.11224930747922438,4.024023387866814,4.024023387866814,17.1929239829144,93.67146298660796,1251.4670888225028,1251.4670888225028,143.2601769624582,750.0000000000002,259673.3236308561,2085.778481370838,True,0.11447378699926561,259.6733236308561,415.47731780936977
10,10,2.5,0.7942105263157895,0.9064598337950138,0.11224930747922438,4.95405882356572,4.95405882356572,16.322045240804542,57.664131673317556,1282.1810864713648,1282.1810864713648,139.9501686015917,749.9999999999997,272751.09559155063,2136.968477452275,True,0.1091500803421945,272.7510955915506,436.401752946481
10,11,2.5,0.8726315789473684,0.9848808864265928,0.11224930747922438,5.980696057744329,5.980696057744329,15.57137393409299,37.15874918452441,1310.0199935595276,1310.0199935595276,137.52476235636223,750.0000000000002,286521.36892036087,2183.366655932546,True,0.10497913240444988,286.5213689203609,458.4341902725774
10,12,2.5,0.9510526315789474,1.0633019390581717,0.11224930747922438,7.103935090402644,7.103935090402644,14.915579144775716,24.86857098877447,1335.4529373098715,1335.4529373098715,135.79066436670524,750.0000000000001,300953.6016480453,2225.7548955164525,True,0.10168135512153739,300.9536016480453,481.52576263687246
10,13,2.5,1.029473684210526,1.1417229916897504,0.11224930747922438,8.32377592154066,8.32377592154066,14.336223796249163,17.181757037351172,1358.8431117798325,1358.8431117798325,134.60573436326385,750.0,316020.8313558362,2264.7385196330542,True,0.0990590695837986,316.0208313558362,505.6333301693379
10,14,2.5,1.1078947368421053,1.2201440443213296,0.11224930747922438,9.640218551158389,9.640218551158389,13.81952599315486,12.197731654351447,1380.47753812507,1380.47753812507,133.8628168088211,750.0000000000001,331698.20915025444,2300.795896875117,True,0.09696848598538606,331.69820915025446,530.7171346404072
10,15,2.5,1.1863157894736842,1.2985650969529086,0.11224930747922438,11.053262979255818,11.053262979255818,13.354949228844315,8.864834273621142,1400.5870243822774,1400.5870243822774,133.47947426402337,749.9999999999997,347962.3583810957,2334.3117073037956,True,0.0953025209718003,347.96235838109567,556.7397734097531
10,16,2.5,1.2647368421052632,1.3769861495844875,0.11224930747922438,12.562909205832952,12.562909205832952,12.934281593097579,6.575638736542383,1419.3599697003501,1419.3599697003501,133.39121348066666,750.0000000000002,364791.1117603622,2365.5999495005835,True,0.09397983339549001,364.79111176036224,583.6657788165795
10,17,2.5,1.3431578947368419,1.4554072022160662,0.11224930747922438,14.169157230889788,14.169157230889788,12.551015391111585,4.96606517969088,1436.9521649291135,1436.9521649291135,133.5468674523862,750.0000000000005,382163.4149692448,2394.9202748818557,True,0.09293758742412572,382.1634149692448,611.4614639507917
10,18,2.5,1.421578947368421,1.5338282548476454,0.11224930747922438,15.872007054426335,15.872007054426335,12.199917815709545,3.810723890732493,1453.4939101191264,1453.4939101191264,133.90535777140565,750.0000000000003,400059.29596569855,2422.489850198544,True,0.09212653512970752,400.05929596569854,640.0948735451177
10,19,2.5,1.5,1.6122493074792243,0.11224930747922438,17.671458676442587,17.671458676442587,11.876726817558326,2.9660572465754433,1469.0952866929595,1469.0952866929595,134.43336932322077,749.9999999999997,418459.8532661519,2448.4921444882657,True,0.09150759010726942,418.4598532661519,669.5357652258431
11,0,2.5,0.01,0.14540166204986152,0.1354016620498615,0.0007853981633974482,0.0007853981633974482,49.81126252275692,3082701400375.4634,681.3739594833371,681.3739594833371,293.4539553793271,72.91069601688132,118624.04290990414,1135.623265805562,True,0.4306797336397231,118.62404290990413,189.79846865584662
11,1,2.5,0.08842105263157896,0.22382271468144047,0.1354016620498615,0.061404647544957294,0.061404647544957294,53.72602611136752,1114632.1807940572,647.9874624664004,647.9874624664004,318.35473964630694,750.0000000000001,271894.93754533614,1079.9791041106673,True,0.491297684116557,271.8949375453361,435.03190007253784
11,2,2.5,0.1668421052631579,0.3022437673130194,0.1354016620498615,0.21862569540622212,0.21862569540622212,39.11197337100609,57583.536713223606,795.7120433293497,795.7120433293497,233.97714437164618,749.9999999999999,244473.89103039837,1326.1867388822495,True,0.29404750918769457,244.47389103039836,391.15822564863737
11,3,2.5,0.24526315789473685,0.38066481994459833,0.1354016620498615,0.4724485417471919,0.4724485417471919,32.25866580610249,9537.63315835423,894.5473225560016,894.5473225560016,195.5146609444971,750.0,242472.78428203988,1490.9122042600027,True,0.2185626808270473,242.47278428203987,387.9564548512638
11,4,2.5,0.3236842105263158,0.4590858725761773,0.1354016620498615,0.8228731865678667,0.8228731865678667,28.080303779911524,2613.109960022406,969.4415479331187,969.4415479331187,172.98876935839013,750.0,247567.2119235096,1615.7359132218646,True,0.17844167059603322,247.5672119235096,396.10753907761534
11,5,2.5,0.40210526315789474,0.5375069252077562,0.1354016620498615,1.2698996298682466,1.2698996298682466,25.193742162444014,949.4509911856792,1029.856776995147,1029.856776995147,158.22240768071063,750.0000000000002,255860.0177511451,1716.4279616585782,True,0.15363535125958222,255.86001775114508,409.3760284018321
11,6,2.5,0.4805263157894737,0.6159279778393352,0.1354016620498615,1.813527871648331,1.813527871648331,23.046446462636002,413.40709935774424,1080.4949288920047,1080.4949288920047,147.9328639908847,750.0,266069.4986183516,1800.8248814866747,True,0.13691213168633998,266.0694986183516,425.71119778936253
11,7,2.5,0.5589473684210526,0.6943490304709141,0.1354016620498615,2.4537579119081205,2.4537579119081205,21.368650765226707,204.17088632066685,1124.0597976500305,1124.0597976500305,140.50605187474238,750.0000000000002,277665.57119792997,1873.4329960833843,True,0.12499873420300735,277.66557119793,444.26491391668793
11,8,2.5,0.6373684210526316,0.7727700831024931,0.1354016620498615,3.1905897506476153,3.1905897506476153,20.010930706815525,110.6374670038045,1162.2583170737632,1162.2583170737632,135.0398066103104,750.0,290391.26075062726,1937.0971951229387,True,0.11618742978781371,290.3912607506273,464.6260172010036
11,9,2.5,0.7157894736842104,0.8511911357340719,0.1354016620498615,4.024023387866814,4.024023387866814,18.882952709677554,64.37639501587358,1196.2408981998287,1196.2408981998287,130.98292538472697,749.9999999999998,304104.10880969936,1993.734830333048,True,0.10949544158023482,304.10410880969937,486.566574095519
11,10,2.5,0.7942105263157895,0.929612188365651,0.1354016620498615,4.95405882356572,4.95405882356572,17.926468395580322,39.63009437975317,1226.8214423178372,1226.8214423178372,127.97587296472497,750.0000000000002,318714.6070481993,2044.702403863062,True,0.10431499527994864,318.7146070481993,509.94337127711884
11,11,2.5,0.8726315789473684,1.00803324099723,0.1354016620498615,5.980696057744329,5.980696057744329,17.10200765817273,25.537620952292748,1254.5978163704635,1254.5978163704635,125.77215984407192,749.9999999999997,334159.6586523416,2090.996360617439,True,0.10024898672941204,334.1596586523416,534.6554538437465
11,12,2.5,0.9510526315789474,1.0864542936288089,0.1354016620498615,7.103935090402644,7.103935090402644,16.381749602810125,17.091106495075493,1280.022561338444,1280.022561338444,124.19610314517301,749.9999999999998,350390.2917777393,2133.370935564073,True,0.09702649538872854,350.3902917777393,560.6244668443829
11,13,2.5,1.029473684210526,1.1648753462603876,0.1354016620498615,8.32377592154066,8.32377592154066,15.745444826543027,11.808287634638738,1303.4467171086314,1303.4467171086314,123.11856138947734,750.0000000000001,367365.6815166,2172.4111951810523,True,0.09445615211842712,367.36568151660003,587.78509042656
11,14,2.5,1.1078947368421053,1.2432963988919667,0.1354016620498615,9.640218551158389,9.640218551158389,15.17795670231704,8.382979898482203,1325.1482089388571,1325.1482089388571,122.44221309999416,749.9999999999999,385050.1339785262,2208.5803482314286,True,0.09239888208281441,385.0501339785262,616.080214365642
11,15,2.5,1.1863157894736842,1.3217174515235457,0.1354016620498615,11.053262979255818,11.053262979255818,14.667713006758985,6.092421904742519,1345.350916064018,1345.350916064018,122.09221081784419,750.0,403411.51788952283,2242.2515267733634,True,0.09075120056783346,403.4115178895228,645.4584286232365
11,16,2.5,1.2647368421052632,1.4001385041551246,0.1354016620498615,12.562909205832952,12.562909205832952,14.205694615926136,4.519155602873985,1364.2378794675442,1364.2378794675442,122.0100160320275,749.9999999999998,422420.4214637641,2273.729799112574,True,0.08943456113361069,422.4204214637641,675.8726743420226
11,17,2.5,1.3431578947368419,1.4785595567867034,0.1354016620498615,14.169157230889788,14.169157230889788,13.784754142129401,3.4129644556535013,1381.9606924683644,1381.9606924683644,122.14919746882839,750.0,442049.67743305356,2303.2678207806075,True,0.08838832980889912,442.04967743305355,707.2794838928857
11,18,2.5,1.421578947368421,1.5569806094182825,0.1354016620498615,15.872007054426335,15.872007054426335,13.399144404112326,2.61894774208122,1398.646329817857,1398.646329817857,122.47248623323232,750.0000000000001,462274.07562002103,2331.077216363095,True,0.08756501455888543,462.27407562002105,739.6385209920337
11,19,2.5,1.5,1.6354016620498615,0.1354016620498615,17.671458676442587,17.671458676442587,13.044184401942388,2.038444440357825,1414.4022128816966,1414.4022128816966,122.94966154198788,750.0000000000001,483070.1707589743,2357.3370214694946,True,0.08692694370966147,483.07017075897426,772.9122732143588
12,0,2.5,0.01,0.1707590027700831,0.1607590027700831,0.0007853981633974482,0.0007853981633974482,55.28241489574703,2031859312911.3997,635.6893481157342,635.6893481157342,274.5533576938164,75.641276431167,164284.16179410173,1059.482246859557,True,0.43189862864247797,164.28416179410172,262.8546588705628
12,1,2.5,0.08842105263157896,0.24918005540166205,0.1607590027700831,0.061404647544957294,0.061404647544957294,58.541031824809416,790731.3566550834,611.5304128402036,611.5304128402036,292.6019419085811,750.0000000000005,339920.17486788204,1019.2173547336727,True,0.4784748816491645,339.92017486788205,543.8722797886113
12,2,2.5,0.1668421052631579,0.327601108033241,0.1607590027700831,0.21862569540622212,0.21862569540622212,42.61724612010181,40850.34407835556,753.8304166317387,753.8304166317387,215.17283891738063,750.0000000000003,296991.5872774723,1256.3840277195645,True,0.2854393165492245,296.9915872774723,475.1865396439557
12,3,2.5,0.24526315789473685,0.40602216066481994,0.1607590027700831,0.4724485417471919,0.4724485417471919,35.14973502165223,6766.093547748893,849.720010543679,849.720010543679,179.89632477723225,750.0000000000001,290156.0750487754,1416.2000175727983,True,0.21171247298522325,290.1560750487754,464.24972007804064
12,4,2.5,0.3236842105263158,0.4844432132963989,0.1607590027700831,0.8228731865678667,0.8228731865678667,30.59690202701044,1853.766667947295,922.7619775097013,922.7619775097013,159.24560675345364,750.0000000000002,293475.29518576816,1537.9366291828355,True,0.17257495500975975,293.4752951857682,469.56047229722907
12,5,2.5,0.40210526315789474,0.5628642659279779,0.1607590027700831,1.2698996298682466,1.2698996298682466,27.451642499306697,673.5501479985332,981.9280762723249,981.9280762723249,145.7135287412138,750.0000000000001,301333.7192199643,1636.5467937872083,True,0.14839531760246974,301.3337192199643,482.13395075194285
12,6,2.5,0.4805263157894737,0.6412853185595568,0.1607590027700831,1.813527871648331,1.813527871648331,25.11190299132287,293.2751827541121,1031.6911486974868,1031.6911486974868,136.28684560231164,750.0,311844.5148347735,1719.4852478291448,True,0.13210043119433001,311.8445148347735,498.9512237356376
12,7,2.5,0.5589473684210526,0.7197063711911358,0.1607590027700831,2.4537579119081205,2.4537579119081205,23.283740768530368,144.84089434310025,1074.6305903584173,1074.6305903584173,129.48428748380064,750.0000000000003,324208.7710304121,1791.0509839306956,True,0.12049190544688874,324.2087710304121,518.7340336486594
12,8,2.5,0.6373684210526316,0.7981274238227147,0.1607590027700831,3.1905897506476153,3.1905897506476153,21.80433983565895,78.48733949030331,1112.3789487142692,1112.3789487142692,124.4781472759922,750.0000000000001,338030.76514878246,1853.964914523782,True,0.11190264560460163,338.03076514878245,540.849224238052
12,9,2.5,0.7157894736842104,0.8765484764542935,0.1607590027700831,4.024023387866814,4.024023387866814,20.575270786493455,45.66926654782323,1146.0390438328006,1146.0390438328006,120.76287585521189,750.0000000000001,353088.2076666662,1910.065073054668,True,0.10537413756108503,353.08820766666616,564.9411322666659
12,10,2.5,0.7942105263157895,0.9549695290858726,0.1607590027700831,4.95405882356572,4.95405882356572,19.533064937219788,28.113990276996237,1176.3927604038843,1176.3927604038843,118.00883620473417,750.0,369241.60959142755,1960.6546006731405,True,0.10031414692166149,369.24160959142756,590.786575346284
12,11,2.5,0.8726315789473684,1.0333905817174516,0.1607590027700831,5.980696057744329,5.980696057744329,18.634714812331787,18.116646916621434,1204.015572076266,1204.015572076266,115.99012452371869,750.0000000000003,386394.37100834574,2006.6926201271099,True,0.09633606675343857,386.39437100834573,618.2309936133532
12,12,2.5,0.9510526315789474,1.1118116343490305,0.1607590027700831,7.103935090402644,7.103935090402644,17.84990616756704,12.124604024943814,1229.3438636437577,1229.3438636437577,114.54579459876831,750.0000000000003,404473.7660997449,2048.906439406263,True,0.09317636666705784,404.47376609974486,647.1580257595919
12,13,2.5,1.029473684210526,1.1902326869806092,0.1607590027700831,8.32377592154066,8.32377592154066,17.15657481861307,8.376918827571957,1252.716719511364,1252.716719511364,113.55758411650203,750.0000000000002,423421.331769091,2087.861199185607,True,0.09064905285274424,423.421331769091,677.4741308305456
12,14,2.5,1.1078947368421053,1.2686537396121884,0.1607590027700831,9.640218551158389,9.640218551158389,16.538227571570246,5.9469708323124895,1274.4030294366262,1274.4030294366262,112.93640327551877,749.9999999999999,443187.7719187866,2124.005049061044,True,0.08861906372385542,443.18777191878655,709.1004350700586
12,15,2.5,1.1863157894736842,1.3470747922437674,0.1607590027700831,11.053262979255818,11.053262979255818,15.982255083336048,4.322025795648805,1294.6197213003072,1294.6197213003072,112.61375859105266,750.0,463730.13756487484,2157.699535500512,True,0.08698597490693573,463.73013756487484,741.9682201037997
12,16,2.5,1.2647368421052632,1.4254958448753463,0.1607590027700831,12.562909205832952,12.562909205832952,15.478829922775544,3.205934749031082,1313.54440613368,1313.54440613368,112.53609700642404,749.9999999999999,485010.1967078805,2189.2406768894666,True,0.08567361444419351,485.0101967078805,776.0163147326087
12,17,2.5,1.3431578947368419,1.503916897506925,0.1607590027700831,14.169157230889788,14.169157230889788,15.02016414277156,2.421191547073315,1331.3243796180468,1331.3243796180468,112.6609523653813,750.0000000000003,506993.4443816732,2218.873966030078,True,0.08462321736923605,506.99344438167316,811.189511010677
12,18,2.5,1.421578947368421,1.5823379501385042,0.1607590027700831,15.872007054426335,15.872007054426335,14.599995491205533,1.8579080496575697,1348.0831759109017,1348.0831759109017,112.95424551624666,749.9999999999999,529648.4658039592,2246.805293184836,True,0.0837887806439861,529.6484658039592,847.4375452863346
12,19,2.5,1.5,1.6607590027700831,0.1607590027700831,17.671458676442587,17.671458676442587,14.213223450025884,1.446093128804046,1363.9254341346016,1363.9254341346016,113.38834664535545,749.9999999999998,552946.4991233016,2273.2090568910025,True,0.08313383107874907,552.9464991233016,884.7143985972825
13,0,2.5,0.01,0.19832132963988916,0.18832132963988915,0.0007853981633974482,0.0007853981633974482,60.813360713075184,1387540410867.1394,595.8414064982815,595.8414064982815,258.1017140576208,78.13734262980556,222449.83617531398,993.0690108304691,True,0.43317183271042986,222.44983617531398,355.91973788050234
13,1,2.5,0.08842105263157896,0.2767423822714681,0.18832132963988915,0.061404647544957294,0.061404647544957294,63.361066257791286,576209.6728118866,579.2690958471507,579.2690958471507,270.81551239679357,749.9999999999999,420841.54302476556,965.4484930785844,True,0.4675124468719328,420.84154302476554,673.3464688396249
13,2,2.5,0.1668421052631579,0.355163434903047,0.18832132963988915,0.21862569540622212,0.21862569540622212,46.12617972333051,29767.83859339178,716.475448243949,716.475448243949,199.2730662618992,750.0,357899.0500919212,1194.1257470732485,True,0.27812965084890073,357.8990500919212,572.6384801470739
13,3,2.5,0.24526315789473685,0.433584487534626,0.18832132963988915,0.4724485417471919,0.4724485417471919,38.04382362640335,4930.484312466196,809.516417257889,809.516417257889,166.69651313571202,750.0000000000002,344596.8582585337,1349.1940287631483,True,0.20592110250261575,344.5968582585337,551.3549732136539
13,4,2.5,0.3236842105263158,0.5120055401662049,0.18832132963988915,0.8228731865678667,0.8228731865678667,33.11612857146405,1350.848522974942,880.716723120861,880.716723120861,147.63519418691618,750.0,345332.04097504757,1467.861205201435,True,0.16763073791055533,345.33204097504756,552.5312655600761
13,5,2.5,0.40210526315789474,0.5904265927977839,0.18832132963988915,1.2698996298682466,1.2698996298682466,29.711900953317937,490.8191728254995,938.6046311783234,938.6046311783234,135.1493450423294,749.9999999999998,352300.97903731576,1564.3410519638724,True,0.14398964223377317,352.30097903731576,563.6815664597052
13,6,2.5,0.4805263157894737,0.6688476454293628,0.18832132963988915,1.813527871648331,1.813527871648331,27.179516651739778,213.7110102898141,987.4435970951799,987.4435970951799,126.45400345951023,749.9999999999999,362843.8632190666,1645.7393284919667,True,0.12806200154774136,362.8438632190666,580.5501811505065
13,7,2.5,0.5589473684210526,0.7472686980609418,0.18832132963988915,2.4537579119081205,2.4537579119081205,25.200830863026756,105.54624353366023,1029.698225951822,1029.698225951822,120.18044608256879,749.9999999999998,375817.51043916284,1716.1637099197035,True,0.1167142402051607,375.81751043916285,601.3080167026606
13,8,2.5,0.6373684210526316,0.8256897506925207,0.18832132963988915,3.1905897506476153,3.1905897506476153,23.59962197402015,57.19409484264363,1066.9318125408959,1066.9318125408959,115.56407717444154,750.0000000000001,390648.29038108437,1778.2196875681598,True,0.10831439817997922,390.6482903810844,625.037264609735
13,9,2.5,0.7157894736842104,0.9041108033240995,0.18832132963988915,4.024023387866814,4.024023387866814,22.269356294853004,33.27941014808986,1100.2024952809468,1100.2024952809468,112.1380548829096,749.9999999999995,407011.62679762824,1833.6708254682446,True,0.10192492324267463,407.01162679762825,651.2186028762052
13,10,2.5,0.7942105263157895,0.9825318559556786,0.18832132963988915,4.95405882356572,4.95405882356572,21.141339384120986,20.486797447202758,1130.2618545755497,1130.2618545755497,109.59809769149759,750.0000000000003,424704.19453481346,1883.7697576259163,True,0.09696699684928786,424.70419453481344,679.5267112557016
13,11,2.5,0.8726315789473684,1.0609529085872575,0.18832132963988915,5.980696057744329,5.980696057744329,20.169022702787714,13.201686140832267,1157.6640005651211,1157.6640005651211,107.7357636265338,750.0000000000001,443586.8487365678,1929.4400009418687,True,0.09306306801795848,443.5868487365678,709.7389579785084
13,12,2.5,0.9510526315789474,1.1393739612188365,0.18832132963988915,7.103935090402644,7.103935090402644,19.319596052956225,8.835256195909253,1182.8297852218393,1182.8297852218393,106.40260918853788,750.0000000000002,463556.94283885596,1971.3829753697323,True,0.0899559771980058,463.55694283885595,741.6911085421696
13,13,2.5,1.029473684210526,1.2177950138504152,0.18832132963988915,8.32377592154066,8.32377592154066,18.56917857362066,6.104300298935086,1206.086710768268,1206.086710768268,105.48960342138894,750.0,484534.0175266444,2010.1445179471134,True,0.08746436096140457,484.5340175266444,775.254428042631
13,14,2.5,1.1078947368421053,1.2962160664819944,0.18832132963988915,9.640218551158389,9.640218551158389,17.899919087258162,4.333585722468488,1227.694847092052,1227.694847092052,104.91464219103275,750.0000000000003,506452.00366413256,2046.1580784867533,True,0.08545661199078594,506.4520036641326,810.3232058626121
13,15,2.5,1.1863157894736842,1.3746371191135733,0.18832132963988915,11.053262979255818,11.053262979255818,17.298170047884597,3.1494806025273614,1247.864285191909,1247.864285191909,104.61462465222777,750.0,529254.7708696565,2079.7738086531817,True,0.083834937736149,529.2547708696565,846.8076333914504
13,16,2.5,1.2647368421052632,1.4530581717451523,0.18832132963988915,12.562909205832952,12.562909205832952,16.753294872988974,2.3361797875447654,1266.7672550025043,1266.7672550025043,104.54022916366543,749.9999999999999,552893.4684663112,2111.278758337507,True,0.08252520638722917,552.8934684663112,884.629549546098
13,17,2.5,1.3431578947368419,1.531479224376731,0.18832132963988915,14.169157230889788,14.169157230889788,16.256864387035392,1.7643337113322148,1284.5467606744069,1284.5467606744069,104.65235509165707,750.0000000000002,577324.8612118898,2140.9112677906783,True,0.08147025728881443,577.3248612118898,923.7197779390236
13,18,2.5,1.421578947368421,1.6099002770083102,0.18832132963988915,15.872007054426335,15.872007054426335,15.802100729110949,1.3538663673795965,1301.3228741158127,1301.3228741158127,104.91963073076644,750.0,602510.2349599004,2168.871456859688,True,0.08062536424871065,602.5102349599003,964.0163759358406
13,19,2.5,1.5,1.6883213296398891,0.18832132963988915,17.671458676442587,17.671458676442587,15.383483424906562,1.0537748902844641,1317.1974127532437,1317.1974127532437,105.31662548076987,749.9999999999998,628414.6391583339,2195.329021255406,True,0.07995508073511476,628.4146391583339,1005.4634226533342
14,0,2.5,0.01,0.22808864265927978,0.21808864265927977,0.0007853981633974482,0.0007853981633974482,66.39035640301329,976836002378.5529,560.8337090030893,560.8337090030893,243.642188847752,80.41500456326312,295276.40389159304,934.7228483384822,True,0.43442857470325474,295.276403891593,472.4422462265489
14,1,2.5,0.08842105263157896,0.3065096952908587,0.21808864265927977,0.061404647544957294,0.061404647544957294,68.18506297094666,429648.66737803153,550.5063702274264,550.5063702274264,252.17142196845282,750.0,516447.46117078385,917.5106170457107,True,0.45807176012200407,516.4474611707839,826.3159378732541
14,2,2.5,0.1668421052631579,0.38493074792243764,0.21808864265927977,0.21862569540622212,0.21862569540622212,49.63799782421986,22196.281641649097,682.9396279567289,682.9396279567289,185.67391582466357,750.0000000000003,428253.1768161524,1138.232713261215,True,0.2718745672735041,428.2531768161524,685.2050829058438
14,3,2.5,0.24526315789473685,0.4633518005540166,0.21808864265927977,0.4724485417471919,0.4724485417471919,40.94029129920021,3676.397871007227,773.2461333803859,773.2461333803859,155.41192731775809,750.0000000000001,406582.40985214815,1288.7435556339765,True,0.2009863620505241,406.58240985214815,650.5318557634371
14,4,2.5,0.3236842105263158,0.5417728531855955,0.21808864265927977,0.8228731865678667,0.8228731865678667,35.637426030872405,1007.2553362276586,842.6392270483963,842.6392270483963,137.71330159211055,750.0000000000001,403786.1561127151,1404.398711747327,True,0.1634309170182996,403.7861561127151,646.0578497803441
14,5,2.5,0.40210526315789474,0.6201939058171745,0.21808864265927977,1.2698996298682466,1.2698996298682466,31.974017439130385,365.9775485874367,899.245022459217,899.2450224592171,126.12443196570678,750.0000000000002,409327.44910886424,1498.7417040986952,True,0.14025591336695648,409.32744910886424,654.9239185741828
14,6,2.5,0.4805263157894737,0.6986149584487534,0.21808864265927977,1.813527871648331,1.813527871648331,29.248829981469644,159.35284516649855,947.135450271391,947.135450271391,118.05600421620848,750.0000000000001,419578.7740951195,1578.5590837856519,True,0.12464532309753674,419.5787740951195,671.3260385521912
14,7,2.5,0.5589473684210526,0.7770360110803324,0.21808864265927977,2.4537579119081205,2.4537579119081205,27.1194968898485,78.70017637798112,988.6692853766349,988.6692853766349,112.23577850616904,749.9999999999999,432965.2258219547,1647.7821422943916,True,0.11352206462387741,432.96522582195473,692.7443613151275
14,8,2.5,0.6373684210526316,0.8554570637119113,0.21808864265927977,3.1905897506476153,3.1905897506476153,25.396379913212556,42.646570841335,1025.3455046774488,1025.3455046774488,107.95327831418207,750.0000000000002,448689.9321454146,1708.9091744624147,True,0.10528478237015512,448.68993214541456,717.9038914326634
14,9,2.5,0.7157894736842104,0.9338781163434902,0.21808864265927977,4.024023387866814,4.024023387866814,23.964834415965704,24.814672324880767,1058.180459067709,1058.180459067709,104.77486299592204,750.0000000000001,466300.0767789559,1763.634098446182,True,0.09901417295896019,466.3000767789559,746.0801228463293
14,10,2.5,0.7942105263157895,1.0122991689750693,0.21808864265927977,4.95405882356572,4.95405882356572,22.750935903310896,15.275906735616223,1087.8971979538214,1087.8971979538214,102.41800499009344,750.0000000000002,485512.51705087203,1813.1619965897025,True,0.09414309107765606,485.512517050872,776.8200272813953
14,11,2.5,0.8726315789473684,1.0907202216066483,0.21808864265927977,5.980696057744329,5.980696057744329,21.70459186177169,9.843789726527815,1115.0295880171357,1115.0295880171357,100.68924685394293,750.0000000000003,506135.158110779,1858.3826466952262,True,0.09030186098738355,506.135158110779,809.8162529772464
14,12,2.5,0.9510526315789474,1.1691412742382272,0.21808864265927977,7.103935090402644,7.103935090402644,20.79049408803294,6.587976963300975,1139.983670082178,1139.983670082178,99.45087574672011,750.0000000000003,528028.3540986148,1899.9727834702967,True,0.08723885995625798,528.0283540986147,844.8453665577837
14,13,2.5,1.029473684210526,1.247562326869806,0.21808864265927977,8.32377592154066,8.32377592154066,19.98294355100733,4.551649533951859,1163.0758341673368,1163.0758341673368,98.60178460053206,750.0,551084.6605363952,1938.4597236122281,True,0.08477674602458105,551.0846605363952,881.7354568582323
14,14,2.5,1.1078947368421053,1.3259833795013851,0.21808864265927977,9.640218551158389,9.640218551158389,19.262729973226524,3.2313225870383886,1184.5576367474025,1184.5576367474025,98.06586602805366,750.0000000000001,575217.6154657822,1974.2627279123376,True,0.08278690963263396,575.2176154657823,920.3481847452516
14,15,2.5,1.1863157894736842,1.404404432132964,0.21808864265927977,11.053262979255818,11.053262979255818,18.615166752376407,2.3483988687753325,1204.6325297971568,1204.6325297971568,97.7846486546666,750.0000000000001,600355.2163805702,2007.7208829952615,True,0.08117384035041139,600.3552163805703,960.5683462089123
14,16,2.5,1.2647368421052632,1.482825484764543,0.21808864265927977,12.562909205832952,12.562909205832952,18.0288074894119,1.7419640450947225,1223.4674866445127,1223.4674866445127,97.7124435224427,749.9999999999999,626435.9524514205,2039.1124777408547,True,0.07986517385143538,626.4359524514205,1002.2975239222727
14,17,2.5,1.3431578947368419,1.5612465373961217,0.21808864265927977,14.169157230889788,14.169157230889788,17.494581253260446,1.3155690778059859,1241.2012941917767,1241.2012941917767,97.81303933623872,749.9999999999999,653406.2819025483,2068.6688236529612,True,0.0788051380496915,653.4062819025482,1045.4500510440773
14,18,2.5,1.421578947368421,1.639667590027701,0.21808864265927977,15.872007054426335,15.872007054426335,17.005194150361703,1.009505581039561,1257.950601716173,1257.950601716173,98.05738875193323,750.0000000000005,681218.955561668,2096.5843361936218,True,0.07795011077395039,681.218955561668,1089.9503288986689
14,19,2.5,1.5,1.7180886426592799,0.21808864265927977,17.671458676442587,17.671458676442587,16.554705404926576,0.7857434518891875,1273.814420515998,1273.814420515998,98.42194917845558,749.9999999999998,709831.852565777,2123.0240341933304,True,0.07726553224180545,709.831852565777,1135.7309641052432
15,0,2.5,0.01,0.2600609418282549,0.2500609418282549,0.0007853981633974482,0.0007853981633974482,71.99985185686467,706179728378.5295,529.883435967035,529.883435967035,230.82558515754272,82.48547571735232,385079.033287426,883.1390599450583,True,0.4356157779046009,385.079033287426,616.1264532598816
15,1,2.5,0.08842105263157896,0.33848199445983385,0.2500609418282549,0.061404647544957294,0.061404647544957294,73.01223659220813,326804.36080800113,524.6917764943775,524.6917764943775,236.06051091806668,749.9999999999999,628684.6162791895,874.4862941572958,True,0.4499032031629264,628.6846162791895,1005.8953860467032
15,2,2.5,0.1668421052631579,0.4169030470914128,0.2500609418282549,0.21862569540622212,0.21862569540622212,53.15212868029026,16883.19360672223,652.6555894207697,652.6555894207697,173.92888797494047,749.9999999999998,509208.25919496,1087.759315701283,True,0.26649413686827067,509.20825919496,814.7332147119361
15,3,2.5,0.24526315789473685,0.49532409972299174,0.2500609418282549,0.4724485417471919,0.4724485417471919,43.838666479853295,2796.38445905685,740.3494248592941,740.3494248592941,145.6704111696008,750.0000000000001,476974.6869954979,1233.9157080988236,True,0.19675899822207055,476.9746869954979,763.1594991927966
15,4,2.5,0.3236842105263158,0.5737451523545707,0.2500609418282549,0.8228731865678667,0.8228731865678667,38.1603839247323,766.1502555917373,807.9844395799561,807.9844395799561,129.1514188087292,750.0000000000001,469549.03578679514,1346.64073263326,True,0.1598439431282497,469.5490357867951,751.2784572588722
15,5,2.5,0.40210526315789474,0.6521662049861496,0.2500609418282549,1.2698996298682466,1.2698996298682466,34.23762367226812,278.3740947367172,863.3210177043392,863.3210177043392,118.33895378509675,750.0,473034.0009681873,1438.8683628405654,True,0.1370741026319183,473.0340009681873,756.8544015490996
15,6,2.5,0.4805263157894737,0.7305872576177286,0.2500609418282549,1.813527871648331,1.813527871648331,31.319506085405667,121.20881236611194,910.2556309244102,910.2556309244102,110.81303206720774,750.0000000000003,482610.56949908764,1517.0927182073503,True,0.12173836480931358,482.61056949908766,772.1769111985402
15,7,2.5,0.5589473684210526,0.8090083102493075,0.2500609418282549,2.4537579119081205,2.4537579119081205,29.039426480062996,59.861842452902074,951.0494547859121,951.0494547859121,105.38494267542738,750.0000000000001,496171.6919304878,1585.0824246431869,True,0.11080910897441214,496.1716919304878,793.8747070887805
15,8,2.5,0.6373684210526316,0.8874293628808865,0.2500609418282549,3.1905897506476153,3.1905897506476153,27.194321131582193,32.43833015823812,987.1417825197932,987.1417825197932,101.39107519991204,750.0000000000003,512645.25228184054,1645.2363041996555,True,0.10271176541742527,512.6452522818405,820.2324036509449
15,9,2.5,0.7157894736842104,0.9658504155124653,0.2500609418282549,4.024023387866814,4.024023387866814,25.661429117065275,18.874824347255277,1019.5099610618884,1019.5099610618884,98.42654808662442,750.0000000000001,531420.4647485467,1699.1832684364806,True,0.09654299795571054,531.4204647485467,850.2727435976748
15,10,2.5,0.7942105263157895,1.0442714681440444,0.2500609418282549,4.95405882356572,4.95405882356572,24.361592444000273,11.619337648505322,1048.8502602390656,1048.8502602390656,96.22768136665614,750.0000000000001,552116.092396499,1748.0837670651094,True,0.09174587166019567,552.116092396499,883.3857478343984
15,11,2.5,0.8726315789473684,1.1226925207756233,0.2500609418282549,5.980696057744329,5.980696057744329,23.24117229053851,7.487497701641387,1075.6774434758163,1075.6774434758163,94.61400242453658,750.0,574475.2126040361,1792.7957391263606,True,0.0879575963950793,574.4752126040361,919.1603401664578
15,12,2.5,0.9510526315789474,1.2011135734072023,0.2500609418282549,7.103935090402644,7.103935090402644,22.262360802851504,5.011023573395826,1100.3835015753734,1100.3835015753734,93.45709821948921,749.9999999999999,598313.115645306,1833.9725026256224,True,0.08493138808941661,598.313115645306,957.3009850324895
15,13,2.5,1.029473684210526,1.279534626038781,0.2500609418282549,8.32377592154066,8.32377592154066,21.397639582390056,3.462128547128437,1123.2742296199615,1123.2742296199615,92.66272953376298,750.0000000000001,623489.6996371803,1872.1237160332691,True,0.08249341709291565,623.4896996371804,997.5835194194885
15,14,2.5,1.1078947368421053,1.3579556786703602,0.2500609418282549,9.640218551158389,9.640218551158389,20.626438356686716,2.457846125919427,1144.5930263828643,1144.5930263828643,92.15998675974467,750.0,649894.0028513726,1907.6550439714406,True,0.08051769024924788,649.8940028513725,1039.8304045621962
15,15,2.5,1.1863157894736842,1.436376731301939,0.2500609418282549,11.053262979255818,11.053262979255818,19.93303078281285,1.7862664300017286,1164.5369509032548,1164.5369509032548,91.8944112650579,749.9999999999999,677435.1042320802,1940.8949181720914,True,0.07891068737130362,677.4351042320802,1083.8961667713284
15,16,2.5,1.2647368421052632,1.514797783933518,0.2500609418282549,12.562909205832952,12.562909205832952,19.305160111873693,1.3249929291804639,1183.2678901385975,1183.2678901385975,91.8234628300612,750.0000000000002,706036.5263061777,1972.1131502309959,True,0.07760158421885835,706.0365263061777,1129.6584420898844
15,17,2.5,1.3431578947368419,1.5932188365650968,0.2500609418282549,14.169157230889788,14.169157230889788,18.73311323462325,1.0006634355341184,1200.9205306515355,1200.9205306515355,91.91343454076188,750.0000000000001,735632.6435944627,2001.5342177525592,True,0.07653581747902675,735.6326435944627,1177.0122297511402
15,18,2.5,1.421578947368421,1.671639889196676,0.2500609418282549,15.872007054426335,15.872007054426335,18.209079885013473,0.7678618629427005,1217.608178020187,1217.608178020187,92.1372936786001,750.0000000000001,766166.28161174,2029.3469633669786,True,0.07567072506724945,766.16628161174,1225.866050578784
15,19,2.5,1.5,1.750060941828255,0.2500609418282549,17.671458676442587,17.671458676442587,17.72669870898008,0.5976613127203849,1233.4270890272585,1233.4270890272585,92.47313401832614,750.0,797587.0469932003,2055.7118150454307,True,0.07497251750101826,797.5870469932004,1276.1392751891206
16,0,2.5,0.01,0.2942382271468144,0.2842382271468144,0.0007853981633974482,0.0007853981633974482,77.62825054246463,522591645461.2004,502.3684011785015,502.3684011785015,219.38038317185215,84.35624749463773,494322.4952788876,837.2806686308359,True,0.4366922415048592,494.32249527888763,790.9159924462202
16,1,2.5,0.08842105263157896,0.37265927977839336,0.2842382271468144,0.061404647544957294,0.061404647544957294,77.8419961001647,252938.3008310879,501.3850281502545,501.3850281502545,222.0229921378139,749.9999999999999,759668.8246048287,835.6417135837576,True,0.4428193497458769,759.6688246048287,1215.470119367726
16,2,2.5,0.1668421052631579,0.4510803324099723,0.2842382271468144,0.21862569540622212,0.21862569540622212,56.66814203426496,13067.164382165294,625.1632879051389,625.1632879051389,163.70091256912085,750.0000000000001,602022.4903351272,1041.9388131752314,True,0.26185304821347816,602.0224903351273,963.2359845362035
16,3,2.5,0.24526315789473685,0.5295013850415513,0.2842382271468144,0.4724485417471919,0.4724485417471919,46.73859430194942,2164.330769012748,710.368022069092,710.368022069092,137.19097916944457,750.0000000000001,556715.1070489615,1183.9467034484867,True,0.19312662578735992,556.7151070489615,890.7441712783383
16,4,2.5,0.3236842105263158,0.6079224376731303,0.2842382271468144,0.8228731865678667,0.8228731865678667,40.68469335134447,592.9808994945741,776.3026987950067,776.3026987950067,121.70148776099916,750.0,543398.5649907116,1293.8378313250112,True,0.15677066168893494,543.3985649907116,869.4377039851386
16,5,2.5,0.40210526315789474,0.6863434903047092,0.2842382271468144,1.2698996298682466,1.2698996298682466,36.50244250509681,215.45450110888996,830.394060464774,830.394060464774,111.56648705678198,750.0000000000002,544099.8765095832,1383.9901007746234,True,0.13435366697389176,544.0998765095832,870.5598024153331
16,6,2.5,0.4805263157894737,0.7647645429362881,0.2842382271468144,1.813527871648331,1.813527871648331,33.39129143756998,93.81255185774712,876.3775121290829,876.3775121290829,104.51377058531634,750.0000000000005,552553.3394631912,1460.6291868818048,True,0.11925656368270932,552.5533394631913,884.0853431411059
16,7,2.5,0.5589473684210526,0.8431855955678671,0.2842382271468144,2.4537579119081205,2.4537579119081205,30.960384564541926,46.331550402875244,916.4241264059698,916.4241264059698,99.42754592582328,750.0000000000001,566005.3319563846,1527.3735440099497,True,0.10849512039339036,566.0053319563846,905.6085311302153
16,8,2.5,0.6373684210526316,0.921606648199446,0.2842382271468144,3.1905897506476153,3.1905897506476153,28.993225495809,25.106446228981014,951.9178057328081,951.9178057328081,95.68512712663674,750.0,583049.2950364774,1586.529676221347,True,0.10051826591580157,583.0492950364774,932.8788720583639
16,9,2.5,0.7157894736842104,1.0000277008310248,0.2842382271468144,4.024023387866814,4.024023387866814,27.358932673327054,14.608636148783958,983.7995179293317,983.7995179293318,92.90675187594525,750.0000000000002,602882.6681053201,1639.6658632155531,True,0.09443667147905527,602.88266810532,964.6122689685121
16,10,2.5,0.7942105263157895,1.078448753462604,0.2842382271468144,4.95405882356572,4.95405882356572,25.973111803317234,8.99307314727751,1012.7404366014514,1012.7404366014514,90.84520562747315,750.0000000000001,625005.3648430341,1687.9007276690857,True,0.08970235841705992,625.005364843034,1000.0085837488546
16,11,2.5,0.8726315789473684,1.1568698060941829,0.2842382271468144,5.980696057744329,5.980696057744329,24.77857585582341,5.795133643404804,1039.237340895853,1039.237340895853,89.33136103188511,749.9999999999998,649082.1657445938,1732.062234826422,True,0.0859585751170939,649.0821657445938,1038.5314651913502
16,12,2.5,0.9510526315789474,1.2352908587257618,0.2842382271468144,7.103935090402644,7.103935090402644,23.73501598745664,3.8784053705572012,1063.668936092285,1063.668936092285,88.24493131007243,750.0000000000001,674874.1659634573,1772.7815601538086,True,0.08296277940979203,674.8741659634574,1079.7986655415316
16,13,2.5,1.029473684210526,1.3137119113573406,0.2842382271468144,8.32377592154066,8.32377592154066,22.813093457582056,2.679599837053432,1086.3309557639595,1086.3309557639595,87.49767871099078,750.0,702202.1936084338,1810.5515929399326,True,0.08054421927934315,702.2021936084338,1123.5235097734942
16,14,2.5,1.1078947368421053,1.3921329639889197,0.2842382271468144,9.640218551158389,9.640218551158389,21.99087727019234,1.9023106706938144,1107.459019173744,1107.459019173744,87.0232357512044,749.9999999999998,730926.151365422,1845.7650319562401,True,0.07857919276880414,730.9261513654219,1169.481842184675
16,15,2.5,1.1863157894736842,1.4705540166204987,0.2842382271468144,11.053262979255818,11.053262979255818,21.251600784761756,1.3825249899333307,1127.2440637034701,1127.2440637034701,86.77065031910807,750.0,760932.7661842986,1878.7401061724504,True,0.07697592128720558,760.9327661842985,1217.4924258948777
16,16,2.5,1.2647368421052632,1.5489750692520776,0.2842382271468144,12.562909205832952,12.562909205832952,20.582196468446508,1.0255109793868689,1145.8430860479675,1145.8430860479675,86.70013362754341,749.9999999999999,792127.9983750002,1909.7384767466126,True,0.0756649271468519,792.1279983750002,1267.4047974000002
16,17,2.5,1.3431578947368419,1.6273961218836563,0.2842382271468144,14.169157230889788,14.169157230889788,19.972308689816366,0.7744881630771743,1163.3868147623164,1163.3868147623164,86.78016705683369,750.0000000000001,824432.1418234651,1938.9780246038606,True,0.07459270292191093,824.4321418234651,1319.0914269175441
16,18,2.5,1.421578947368421,1.7058171745152355,0.2842382271468144,15.872007054426335,15.872007054426335,19.41361053371805,0.5943056402476423,1179.985315023906,1179.985315023906,86.98547816278067,749.9999999999999,857776.5368124878,1966.64219170651,True,0.07371742432321574,857.7765368124877,1372.4424588999805
16,19,2.5,1.5,1.7842382271468145,0.2842382271468144,17.671458676442587,17.671458676442587,18.899319842510938,0.4625747237222011,1195.7321637179264,1195.7321637179264,87.29559042339099,750.0000000000001,892101.2825894905,1992.8869395298773,True,0.07300597330422237,892.1012825894906,1427.3620521431849
17,0,2.5,0.01,0.3306204986149584,0.3206204986149584,0.0007853981633974482,0.0007853981633974482,83.2617669167733,394874570280.0827,477.78862037354395,477.78862037354395,209.09224274570002,86.0320162091706,625608.7518952895,796.31436728924,True,0.4376249953006998,625.6087518952895,1000.9740030324632
17,1,2.5,0.08842105263157896,0.40904155124653735,0.3206204986149584,0.061404647544957294,0.061404647544957294,82.67388829815862,198791.12790106583,480.22981196319404,480.22981196319404,209.7054180547669,750.0,911697.7631656831,800.3830199386567,True,0.43667721751276706,911.6977631656831,1458.716421065093
17,2,2.5,0.1668421052631579,0.4874626038781163,0.3206204986149584,0.21862569540622212,0.21862569540622212,60.18570796381589,10269.841844687544,600.0858799725535,600.0858799725535,154.73082603004892,749.9999999999999,708065.4413787818,1000.1431332875892,True,0.2578478034462766,708.0654413787818,1132.9047062060508
17,3,2.5,0.24526315789473685,0.5658836565096952,0.3206204986149584,0.4724485417471919,0.4724485417471919,49.6398026530584,1701.0067408112561,682.9232782055632,682.9232782055632,129.75755715566407,749.9999999999999,646829.9601263369,1138.2054636759387,True,0.1900031252362823,646.8299601263369,1034.927936202139
17,4,2.5,0.3236842105263158,0.6443047091412741,0.3206204986149584,0.8228731865678667,0.8228731865678667,43.21011744413337,466.03990556983644,747.219923726881,747.2199237268811,115.17273459735286,749.9999999999998,626183.3814682788,1245.366539544802,True,0.15413498883020957,626.1833814682789,1001.8934103492461
17,5,2.5,0.40210526315789474,0.7227257617728531,0.3206204986149584,1.2698996298682466,1.2698996298682466,38.768261420135204,169.33158460410402,800.0972267904169,800.0972267904169,105.63288416248399,750.0000000000002,623266.1996604938,1333.4953779840282,True,0.13202505973708895,623.2661996604937,997.22591945679
17,6,2.5,0.4805263157894737,0.801146814404432,0.3206204986149584,1.813527871648331,1.813527871648331,35.46399163362511,73.72985006146882,845.1423993268397,845.1423993268397,98.9956846125071,750.0000000000001,630076.9164828754,1408.570665544733,True,0.11713491678012804,630.0769164828754,1008.1230663726005
17,7,2.5,0.5589473684210526,0.879567867036011,0.3206204986149584,2.4537579119081205,2.4537579119081205,32.882190891705,36.41323252243758,884.4432069477463,884.4432069477463,94.20945224063763,749.9999999999998,643085.7853423572,1474.072011579577,True,0.10651837393353807,643.0857853423572,1028.9372565477715
17,8,2.5,0.6373684210526316,0.9579889196675899,0.3206204986149584,3.1905897506476153,3.1905897506476153,30.79292420712687,19.731842694632263,919.3321059274507,919.3321059274507,90.68749094324616,750.0,660484.8346687234,1532.2201765457512,True,0.09864497319144294,660.4848346687234,1056.7757354699575
17,9,2.5,0.7157894736842104,1.0364099722991689,0.3206204986149584,4.024023387866814,4.024023387866814,29.057185800849442,11.481326661763168,950.71613057871,950.71613057871,88.07213381317693,750.0000000000002,681241.5224757298,1584.52688429785,True,0.0926376769894149,681.2415224757298,1089.9864359611677
17,10,2.5,0.7942105263157895,1.1148310249307478,0.3206204986149584,4.95405882356572,4.95405882356572,27.585342765619167,7.067902126210368,979.2429496261478,979.242949626148,86.13065206221273,750.0000000000002,704713.4801615606,1632.0715827102467,True,0.08795636679855127,704.7134801615606,1127.541568258497
17,11,2.5,0.8726315789473684,1.1932520775623268,0.3206204986149584,5.980696057744329,5.980696057744329,26.316658296580606,4.554554013862744,1005.3924321803196,1005.3924321803195,84.70390061735813,750.0000000000001,730472.0012898123,1675.654053633866,True,0.08424959041482648,730.4720012898123,1168.7552020636997
17,12,2.5,0.9510526315789474,1.2716731301939057,0.3206204986149584,7.103935090402644,7.103935090402644,25.208321456415568,3.0481448461436704,1029.5307442217154,1029.5307442217154,83.67874307114559,750.0,758213.6996145301,1715.8845737028591,True,0.08127852766009763,758.2136996145301,1213.141919383248
17,13,2.5,1.029473684210526,1.3500941828254844,0.3206204986149584,8.32377592154066,8.32377592154066,24.229172358590137,2.1059707928025015,1051.9440880289976,1051.9440880289976,82.97222246646884,750.0000000000002,787713.1176810003,1753.2401467149962,True,0.07887512597930171,787.7131176810003,1260.3409882896003
17,14,2.5,1.1078947368421053,1.4285152354570636,0.3206204986149584,9.640218551158389,9.640218551158389,23.355918682698707,1.4950779798983187,1072.8606869099951,1072.8606869099951,82.52196792484123,750.0000000000001,818795.8121173745,1788.101144849992,True,0.07691769204678128,818.7958121173745,1310.0732993877991
17,15,2.5,1.1863157894736842,1.5069362880886426,0.3206204986149584,11.053262979255818,11.053262979255818,22.570753031251407,1.0865641984516639,1092.465638018021,1092.465638018021,82.28011258405326,749.9999999999999,851322.3030191578,1820.7760633633686,True,0.0753159730802407,851.3223030191579,1362.1156848306525
17,16,2.5,1.2647368421052632,1.5853573407202215,0.3206204986149584,12.562909205832952,12.562909205832952,21.85979672943537,0.8059771240551725,1110.9112565702255,1110.9112565702255,82.20928840448023,750.0000000000001,885178.0774052378,1851.518760950376,True,0.07400167017686837,885.1780774052378,1416.2849238483805
17,17,2.5,1.3431578947368419,1.6637783933518002,0.3206204986149584,14.169157230889788,14.169157230889788,21.212051339915817,0.6086914278235449,1128.3244692873695,1128.3244692873695,82.27990194524175,750.0,920267.1111563018,1880.540782145616,True,0.0729221994070627,920.2671111563018,1472.4273778500828
17,18,2.5,1.421578947368421,1.7421994459833794,0.3206204986149584,15.872007054426335,15.872007054426335,20.618673070296122,0.4670810555562694,1144.8122184255822,1144.8122184255822,82.46822929373143,750.0000000000002,956507.5133274997,1908.020364042637,True,0.07203646848488997,956.5075133274997,1530.4120213239996
17,19,2.5,1.5,1.8206204986149583,0.3206204986149584,17.671458676442587,17.671458676442587,20.07245877354391,0.363550125722827,1160.465489617076,1160.465489617076,82.7550515801024,750.0000000000001,993828.4949380448,1934.1091493617932,True,0.07131194535341974,993.8284949380449,1590.1255919008718
18,0,2.5,0.01,0.369207756232687,0.35920775623268697,0.0007853981633974482,0.0007853981633974482,88.8863619717405,304019284518.9781,455.73810926207904,455.73810926207904,199.7896668379986,87.51544336656625,781662.4054631166,759.5635154367984,True,0.4383870095074857,781.6624054631166,1250.6598487409865
18,1,2.5,0.08842105263157896,0.4476288088642659,0.35920775623268697,0.061404647544957294,0.061404647544957294,87.5075599055969,158375.55757890118,460.9346877157807,460.9346877157807,198.83163483575564,750.0,1087265.5206213624,768.2244795263011,True,0.4313661786251987,1087.2655206213624,1739.6248329941798
18,2,2.5,0.1668421052631579,0.5260498614958449,0.35920775623268697,0.21862569540622212,0.21862569540622212,63.70456928444339,8181.914080234972,577.1117728093551,577.1117728093551,146.81609665508023,749.9999999999999,828826.4508611582,961.8529546822585,True,0.25439802750927404,828.8264508611582,1326.122321377853
18,3,2.5,0.24526315789473685,0.6044709141274238,0.35920775623268697,0.4724485417471919,0.4724485417471919,52.54207941325614,1355.1806555246544,657.6996686945992,657.6996686945992,123.2012615218129,750.0000000000001,748436.3997428188,1096.1661144909986,True,0.18732145899714756,748.4363997428188,1197.4982395885102
18,4,2.5,0.3236842105263158,0.6828919667590028,0.35920775623268697,0.8228731865678667,0.8228731865678667,45.73647155839165,371.29086533164866,720.4224686160478,720.4224686160478,109.41603607378315,750.0000000000002,718827.5476670861,1200.7041143600798,True,0.1518776007694131,718.8275476670862,1150.1240762673378
18,5,2.5,0.40210526315789474,0.7613130193905817,0.35920775623268697,1.2698996298682466,1.2698996298682466,41.03491475353632,134.90533712722126,772.1212849744398,772.1212849744398,100.40201110193254,750.0000000000002,711339.799434634,1286.868808290733,True,0.13003398955030263,711.3397994346341,1138.1436790954144
18,6,2.5,0.4805263157894737,0.8397340720221607,0.35920775623268697,1.813527871648331,1.813527871648331,37.53745512947113,58.7400767679396,816.2466525300675,816.2466525300675,94.1317154761136,750.0,715910.1009789055,1360.4110875501126,True,0.11532263585319406,715.9101009789055,1145.4561615662487
18,7,2.5,0.5589473684210526,0.9181551246537396,0.35920775623268697,2.4537579119081205,2.4537579119081205,34.80470494995744,29.010177993764977,854.8091771387966,854.8091771387966,89.61016950608435,750.0000000000002,728086.6877868335,1424.6819618979944,True,0.10483061237833928,728.0866877868335,1164.9387004589337
18,8,2.5,0.6373684210526316,0.9965761772853186,0.35920775623268697,3.1905897506476153,3.1905897506476153,32.593285681758324,15.7202266611054,889.0934766498101,889.0934766498101,86.28251816518531,750.0000000000002,745584.8098172713,1481.8224610830168,True,0.09704549682481774,745.5848098172713,1192.935695707634
18,9,2.5,0.7157894736842104,1.0749972299168973,0.35920775623268697,4.024023387866814,4.024023387866814,30.75606433298148,9.147095904135163,919.9749137503073,919.9749137503073,83.81064680307024,750.0,767098.9796652432,1533.291522917179,True,0.09110101324547366,767.0989796652432,1227.3583674643892
18,10,2.5,0.7942105263157895,1.1534182825484764,0.35920775623268697,4.95405882356572,4.95405882356572,29.1981674537087,5.63095019365634,948.0791410737953,948.0791410737953,81.97464684118687,750.0,791818.2171237833,1580.131901789659,True,0.08646392826272109,791.8182171237833,1266.9091473980534
18,11,2.5,0.8726315789473684,1.2318393351800554,0.35920775623268697,5.980696057744329,5.980696057744329,27.85530715693269,3.62858261877625,973.8701347974581,973.8701347974581,80.62420837412789,750.0000000000002,819203.2754445708,1623.116891329097,True,0.08278743283455942,819.2032754445709,1310.7252407113133
18,12,2.5,0.9510526315789474,1.3102603878116343,0.35920775623268697,7.103935090402644,7.103935090402644,26.682169489976214,2.4284365438557836,997.7022370889299,997.7022370889299,79.65252379679029,750.0,848874.7484903858,1662.8370618148833,True,0.0798359679228528,848.8747484903859,1358.1995975846173
18,13,2.5,1.029473684210526,1.388681440443213,0.35920775623268697,8.32377592154066,8.32377592154066,25.645772749744765,1.6778127981695936,1019.8526341718938,1019.8526341718938,78.98131008017498,749.9999999999999,880552.805828805,1699.7543902864898,True,0.07744384574179848,880.5528058288049,1408.884489326088
18,14,2.5,1.1078947368421053,1.4671024930747922,0.35920775623268697,9.640218551158389,9.640218551158389,24.72146279010841,1.1911185936234323,1040.5425315446737,1040.5425315446737,78.55173348398452,750.0000000000002,914022.8224977859,1734.2375525744562,True,0.07549113188806934,914.0228224977859,1462.4365159964575
18,15,2.5,1.1863157894736842,1.5455235457063712,0.35920775623268697,11.053262979255818,11.053262979255818,23.890391073340354,0.8656584053424006,1059.9514679892545,1059.9514679892545,78.3186575213978,750.0000000000002,949114.7976229663,1766.585779982091,True,0.07388890896105799,949.1147976229663,1518.5836761967462
18,16,2.5,1.2647368421052632,1.6239445983379501,0.35920775623268697,12.562909205832952,12.562909205832952,23.137867483944657,0.6421165660954672,1078.2272899998572,1078.2272899998572,78.24685630394417,749.9999999999999,985690.4893238752,1797.0454833330955,True,0.07256990898825658,985.6904893238751,1577.1047829182003
18,17,2.5,1.3431578947368419,1.7023656509695289,0.35920775623268697,14.169157230889788,14.169157230889788,22.452250541960098,0.48494037582516536,1095.493284705307,1095.493284705307,78.30843988300441,749.9999999999998,1023635.0549754461,1825.8221411755117,True,0.07148235500509688,1023.6350549754461,1637.8160879607137
18,18,2.5,1.421578947368421,1.780786703601108,0.35920775623268697,15.872007054426335,15.872007054426335,21.824179387399667,0.37212034253903564,1111.8533961709888,1111.8533961709888,78.48105446774456,750.0000000000003,1062851.422316084,1853.0889936183148,True,0.07058579371886468,1062.851422316084,1700.5622757057342
18,19,2.5,1.5,1.859207756232687,0.35920775623268697,17.671458676442587,17.671458676442587,21.246029728804228,0.2896379455017099,1127.3961152654022,1127.3961152654022,78.74659387225978,749.9999999999999,1103256.3728397265,1878.993525442337,True,0.06984820402163787,1103.2563728397265,1765.2101965435625
19,0,2.5,0.01,0.41000000000000003,0.4,0.0007853981633974482,0.0007853981633974482,94.48774447958293,238089218620.6244,435.8839450286717,435.8839450286717,191.33377271900258,88.80780030708807,965314.155589441,726.4732417144528,True,0.4389557699961098,965.3141555894409,1544.5026489431054
19,1,2.5,0.08842105263157896,0.488421052631579,0.4,0.061404647544957294,0.061404647544957294,92.34273149384158,127720.19869897213,443.25895658294456,443.25895658294456,189.1827064464102,749.9999999999998,1289078.870554199,738.7649276382409,True,0.4267995121966802,1289.078870554199,2062.5261928867185
19,2,2.5,0.1668421052631579,0.5668421052631579,0.4,0.21862569540622212,0.21862569540622212,67.2245225750825,6598.213184158303,555.9811001288281,555.9811001288281,139.79612202076274,749.9999999999999,965923.852629849,926.6351668813802,True,0.2514404212452009,965.923852629849,1545.4781642077585
19,3,2.5,0.24526315789473685,0.6452631578947369,0.4,0.4724485417471919,0.4724485417471919,55.445256805476205,1092.8702966705162,634.4321945363571,634.4321945363571,117.3881539800803,750.0000000000001,862748.9507474728,1057.3869908939284,True,0.18502868390193777,862.7489507474728,1380.3983211959564
19,4,2.5,0.3236842105263158,0.7236842105263158,0.4,0.8228731865678667,0.8228731865678667,48.26360964868082,299.42336949088025,695.6454370259629,695.6454370259629,104.31311739568935,749.9999999999999,822335.5803182817,1159.4090617099382,True,0.14995155842845867,822.3355803182817,1315.7369285092507
19,5,2.5,0.40210526315789474,0.8021052631578948,0.4,1.2698996298682466,1.2698996298682466,43.30227147284591,108.79290167522619,746.2038423580393,746.2038423580392,95.76589338205333,750.0000000000002,809197.2999082874,1243.673070596732,True,0.1283374433980782,809.1972999082874,1294.7156798532599
19,6,2.5,0.4805263157894737,0.8805263157894737,0.4,1.813527871648331,1.813527871648331,39.61156206072176,47.370278539708046,789.4315807945819,789.4315807945819,89.82108861291161,749.9999999999999,810844.0983569694,1315.7193013243032,True,0.11377944688063343,810.8440983569694,1297.3505573711511
19,7,2.5,0.5589473684210526,0.9589473684210527,0.4,2.4537579119081205,2.4537579119081205,36.72781560111513,23.394933879303462,827.2676552297472,827.2676552297472,85.53413534493144,750.0000000000001,821738.6276529647,1378.779425382912,True,0.103393544766569,821.7386276529646,1314.7818042447434
19,8,2.5,0.6373684210526316,1.0373684210526317,0.4,3.1905897506476153,3.1905897506476153,34.394205843010596,12.677401130846837,860.9521365023348,860.9521365023348,82.37849304959255,750.0,839034.9113050441,1434.9202275038915,True,0.0956830113509674,839.034911305044,1342.4558580880705
19,9,2.5,0.7157894736842104,1.1157894736842104,0.4,4.024023387866814,4.024023387866814,32.455470059635125,7.3765732809665145,891.3307983629512,891.3307983629512,80.03343679251336,749.9999999999999,861106.40385201,1485.5513306049188,True,0.0897909473559149,861.10640385201,1377.7702461632161
19,10,2.5,0.7942105263157895,1.1942105263157896,0.4,4.95405882356572,4.95405882356572,30.81149263216512,4.541016862652632,919.0086610864131,919.0086610864131,78.29046141742357,749.9999999999999,886944.0471555962,1531.6811018106885,True,0.08519012358912037,886.9440471555962,1419.1104754489538
19,11,2.5,0.8726315789473684,1.2726315789473683,0.4,5.980696057744329,5.980696057744329,29.394433489472735,2.926229906624677,944.434762364536,944.434762364536,77.00711609355939,750.0000000000003,915878.9805963449,1574.0579372742268,True,0.08153778234587677,915.878980596345,1465.406368954152
19,12,2.5,0.9510526315789474,1.3510526315789475,0.4,7.103935090402644,7.103935090402644,28.156474886788118,1.9583855151044167,967.9522986746507,967.9522986746507,76.08222274437016,750.0,947442.880341374,1613.253831124418,True,0.07860121087427988,947.442880341374,1515.9086085461984
19,13,2.5,1.029473684210526,1.4294736842105262,0.4,8.32377592154066,8.32377592154066,27.06281273911162,1.3530533829700397,989.8299336238329,989.8299336238329,75.44165563028963,750.0000000000001,981292.507791426,1649.7165560397216,True,0.0762167853967527,981.292507791426,1570.0680124662817
19,14,2.5,1.1078947368421053,1.5078947368421054,0.4,9.640218551158389,9.640218551158389,26.08743065198837,0.960564280102599,1010.282221041463,1010.282221041463,75.02972693489237,750.0000000000002,1017166.5403134865,1683.8037017357717,True,0.07426610641286646,1017.1665403134865,1627.4664645015785
19,15,2.5,1.1863157894736842,1.5863157894736841,0.4,11.053262979255818,11.053262979255818,25.210438624368923,0.6981005480008233,1029.483417452114,1029.483417452114,74.80372835747615,749.9999999999998,1054859.6410892145,1715.8056957535234,True,0.07266142133946087,1054.8596410892144,1687.7754257427432
19,16,2.5,1.2647368421052632,1.6647368421052633,0.4,12.562909205832952,12.562909205832952,24.416334848268743,0.5178277296277702,1047.5771116743254,1047.5771116743254,74.73033891102865,750.0000000000002,1094206.2073275915,1745.9618527905423,True,0.0713363609019563,1094.2062073275915,1750.7299317241464
19,17,2.5,1.3431578947368419,1.743157894736842,0.4,14.169157230889788,14.169157230889788,23.692834601551663,0.3910747472929211,1064.6831143828938,1064.6831143828938,74.78318334900314,750.0,1135069.7894059757,1774.471857304823,True,0.07023985103055624,1135.0697894059758,1816.1116630495612
19,18,2.5,1.421578947368421,1.8215789473684212,0.4,15.872007054426335,15.872007054426335,23.030059796184336,0.30009229211608335,1080.9024987431746,1080.9024987431746,74.94112606783497,750.0000000000001,1177335.9598623684,1801.5041645719577,True,0.06933199447218706,1177.3359598623683,1883.7375357797894
19,19,2.5,1.5,1.9,0.4,17.671458676442587,17.671458676442587,22.419964865591712,0.2335752846951216,1096.3213609512627,1096.3213609512627,75.18705011354156,750.0,1220907.353085539,1827.2022682521047,True,0.06858121422381372,1220.9073530855392,1953.4517649368624
