row_i,col_j,solenoid_length_m,ri,rf,th,v,v_bore,b0,scan,je_tape,je_max,je_coil,stress,length_tape,j_crit,converged,f_tape_min,length_tape_km,pancake_length_m
0,0,1.5,0.01,0.012,0.002,0.00047123889803846896,0.00047123889803846896,2.9651059296280993,1.3476485137704714e+18,2117.6401236543447,2117.6401236543447,1179.905397901635,17.49083614458569,192.5473689996129,3529.4002060905746,True,0.557179373738683,0.1925473689996129,0.5134596506656344
0,1,1.5,0.08842105263157896,0.09042105263157896,0.002,0.03684278852697438,0.03684278852697438,4.477296387063363,126853631992.77657,1965.8528688959002,1965.8528688959002,1794.077470299711,352.62858525025257,2563.774551960157,3276.4214481598337,True,0.9126204197099119,2.563774551960157,6.836732138560419
0,2,1.5,0.1668421052631579,0.1688421052631579,0.002,0.13117541724373327,0.13117541724373327,4.753491577486901,1448712363.9710295,1940.654647040769,1940.654647040769,1938.1372339952857,750.0,5266.075234227644,3234.424411734615,True,0.9987028021449761,5.266075234227643,14.042867291273717
0,3,1.5,0.24526315789473685,0.24726315789473685,0.002,0.2834691250483152,0.2834691250483152,3.9205717071781816,239952039.56193957,2018.8916120994643,2018.891612099464,1641.8864062470575,750.0,6291.86535860406,3364.819353499107,True,0.8132612946663563,6.29186535860406,16.77830762294416
0,4,1.5,0.3236842105263158,0.3256842105263158,0.002,0.49372391194071996,0.49372391194071996,3.4127525667122716,65741788.77468911,2070.087707120567,2070.087707120567,1479.673537089295,750.0000000000001,7291.018537443081,3450.146178534278,True,0.7147878478769766,7.291018537443081,19.442716099848216
0,5,1.5,0.40210526315789474,0.40410526315789475,0.002,0.761939777920948,0.761939777920948,3.061932979923014,23886712.564485013,2107.152535574007,2107.152535574007,1383.1260227624546,749.9999999999999,8312.547090690025,3511.920892623345,True,0.6563957755368094,8.312547090690025,22.166792241840067
0,6,1.5,0.4805263157894737,0.4825263157894737,0.002,1.0881167229889988,1.0881167229889988,2.800960414652814,10400680.65245164,2135.682821308286,2135.682821308286,1324.3922126690813,750.0000000000001,9381.013554013654,3559.4713688471434,True,0.6201258910992127,9.381013554013654,25.016036144036413
0,7,1.5,0.5589473684210526,0.5609473684210526,0.002,1.4722547471448724,1.4722547471448724,2.597048746971759,5136622.44902976,2158.5711999240275,2158.5711999240275,1289.5589565483453,749.9999999999999,10509.25438172249,3597.618666540046,True,0.5974132132374101,10.50925438172249,28.024678351259976
0,8,1.5,0.6373684210526316,0.6393684210526316,0.002,1.9143538503885693,1.9143538503885693,2.4320376185118775,2783466.864237272,2177.4903499571287,2177.4903499571287,1270.7443895086358,750.0000000000001,11703.701311778395,3629.1505832618814,True,0.5835820992426692,11.703701311778396,31.209870164742387
0,9,1.5,0.7157894736842104,0.7177894736842104,0.002,2.4144140327200887,2.4144140327200887,2.2949482965764973,1619610.130441359,2193.4866168447393,2193.4866168447393,1263.0944621134786,750.0000000000005,12967.084283148204,3655.8110280745655,True,0.5758386909742809,12.967084283148203,34.57889142172854
0,10,1.5,0.7942105263157895,0.7962105263157895,0.002,2.972435294139432,2.972435294139432,2.178701537868331,997031.6342188644,2207.2538958105924,2207.2538958105924,1263.4412522666967,750.0,14299.957730691956,3678.756493017654,True,0.5724041328751218,14.299957730691956,38.13322061517855
0,11,1.5,0.8726315789473684,0.8746315789473684,0.002,3.5884176346465972,3.5884176346465972,2.078500324954313,642486.8865599928,2219.2736206055297,2219.2736206055297,1269.6289768943552,750.0,15701.609475352212,3698.789367675883,True,0.5720921319057253,15.701609475352212,41.87095860093923
0,12,1.5,0.9510526315789474,0.9530526315789474,0.002,4.262361054241587,4.262361054241587,1.9909634326756613,429985.6991534083,2229.8920825456116,2229.8920825456116,1280.1440936811432,750.0000000000001,17170.614653173645,3716.486804242686,True,0.574083429284053,17.170614653173644,45.788305741796385
0,13,1.5,1.029473684210526,1.031473684210526,0.002,4.9942655529243964,4.9942655529243964,1.9136298405807513,297078.1801545532,2239.3658189183407,2239.3658189183407,1293.8980330700463,749.9999999999997,18705.175437019392,3732.276364863901,True,0.5777966342698869,18.705175437019392,49.880467832051714
0,14,1.5,1.1078947368421053,1.1098947368421053,0.002,5.784131130695034,5.784131130695034,1.8446599117754776,210902.7565697067,2247.8896030376336,2247.8896030376336,1310.092691367032,750.0,20303.32843949525,3746.4826717293895,True,0.5828100675392015,20.30332843949525,54.14220917198733
0,15,1.5,1.1863157894736842,1.1883157894736842,0.002,6.631957787553491,6.631957787553491,1.782647210797853,153275.87438549186,2255.6144226696133,2255.6144226696133,1328.1336624461017,749.9999999999998,21963.069580671632,3759.3573711160225,True,0.588812364869613,21.963069580671633,58.568185548457684
0,16,1.5,1.2647368421052632,1.2667368421052632,0.002,7.537745523499772,7.537745523499772,1.7264955942932245,113694.9373081669,2262.659430403144,2262.659430403144,1347.5724068521408,750.0000000000001,23682.4273549862,3771.099050671907,True,0.5955701457961087,23.6824273549862,63.15313961329654
0,17,1.5,1.3431578947368419,1.3451578947368419,0.002,8.501494338533874,8.501494338533874,1.6753364012288459,85864.88581489702,2269.1201229156877,2269.1201229156877,1368.0666765302594,750.0000000000001,25459.503916267302,3781.8668715261465,True,0.6029062378471057,25.459503916267302,67.89201044337948
0,18,1.5,1.421578947368421,1.423578947368421,0.002,9.523204232655802,9.523204232655802,1.6284711453013627,65888.65830597354,2275.0740824534178,2275.0740824534178,1389.3528359227714,750.0000000000001,27292.496223990336,3791.790137422363,True,0.6106846571011467,27.292496223990337,72.7799899306409
0,19,1.5,1.5,1.502,0.002,10.602875205865551,10.602875205865551,1.5853309190424052,51284.09668064423,2280.585097019463,2280.585097019463,1411.226144762704,750.0000000000001,29179.70497920241,3800.975161699105,True,0.6188000380284255,29.179704979202413,77.81254661120643
1,0,1.5,0.01,0.013102493074792245,0.003102493074792244,0.00047123889803846896,0.00047123889803846896,4.104978465375836,3.6685459008650246e+17,2000.9789888384971,2000.9789888384971,1053.0330728371578,21.610812029706462,296.2504603419127,3334.964981397495,True,0.5262589356065198,0.29625046034191266,0.7900012275784338
1,1,1.5,0.08842105263157896,0.0915235457063712,0.003102493074792244,0.03684278852697438,0.03684278852697438,6.507289922904881,28429266766.137634,1795.7700067855508,1795.7700067855508,1681.0571843169193,480.18137776076463,4104.604244048834,2992.9500113092513,True,0.9361205376884711,4.104604244048834,10.945611317463555
1,2,1.5,0.1668421052631579,0.16994459833795014,0.003102493074792244,0.13117541724373327,0.13117541724373327,5.920428509622007,602033303.5238178,1841.5491799259348,1841.5491799259348,1556.3683425840168,750.0000000000002,6935.610672168994,3069.2486332098915,True,0.8451407975140867,6.935610672168994,18.49496179245065
1,3,1.5,0.24526315789473685,0.2483656509695291,0.003102493074792244,0.2834691250483152,0.2834691250483152,4.88303474000614,99715528.53237131,1929.0779675834208,1929.0779675834208,1318.552740759625,750.0000000000002,8221.459558854405,3215.129945972368,True,0.6835144887437556,8.221459558854406,21.92389215694508
1,4,1.5,0.3236842105263158,0.32678670360110806,0.003102493074792244,0.49372391194071996,0.49372391194071996,4.250550834662708,27319947.87916498,1987.0824359841756,1987.0824359841754,1188.343564587404,750.0000000000005,9478.829641333112,3311.804059973626,True,0.5980343558312583,9.478829641333112,25.276879043554963
1,5,1.5,0.40210526315789474,0.405207756232687,0.003102493074792244,0.761939777920948,0.761939777920948,3.8136083788902253,9926467.691697085,2029.4436499182993,2029.4436499182993,1110.847768050158,750.0000000000002,10767.632091132195,3382.4060831971656,True,0.5473656625523345,10.767632091132194,28.713685576352518
1,6,1.5,0.4805263157894737,0.48362880886426596,0.003102493074792244,1.0881167229889988,1.0881167229889988,3.488569533134713,4322152.752895827,2062.264090030691,2062.264090030691,1063.7054307462975,750.0,12117.826025830753,3437.1068167178187,True,0.5157949633552835,12.117826025830754,32.314202735548676
1,7,1.5,0.5589473684210526,0.5620498614958449,0.003102493074792244,1.4722547471448724,1.4722547471448724,3.234599492143972,2134597.494196423,2088.7299340884947,2088.7299340884947,1035.7473333704934,750.0000000000001,13544.930301815575,3481.216556814158,True,0.49587422311850254,13.544930301815576,36.11981413817487
1,8,1.5,0.6373684210526316,0.6404709141274239,0.003102493074792244,1.9143538503885693,1.9143538503885693,3.0290797024454537,1156709.7742801677,2110.698192112105,2110.698192112105,1020.6464363393345,750.0000000000001,15056.573211648249,3517.830320186842,True,0.48355868221880066,15.05657321164825,40.15086189772866
1,9,1.5,0.7157894736842104,0.7188919667590027,0.003102493074792244,2.4144140327200887,2.4144140327200887,2.8583362569758233,673052.3335754006,2129.337977910255,2129.337977910255,1014.5064648968536,750.0,16655.834664933653,3548.8966298504256,True,0.47644219725630227,16.655834664933653,44.41555910648974
1,10,1.5,0.7942105263157895,0.7973130193905817,0.003102493074792244,2.972435294139432,2.972435294139432,2.7135520255980885,414330.86608110584,2145.428760262037,2145.428760262037,1014.7847125302633,750.0000000000001,18343.136089365475,3575.7146004367287,True,0.4729985592280026,18.343136089365476,48.91502957164126
1,11,1.5,0.8726315789473684,0.8757340720221607,0.003102493074792244,3.5884176346465972,3.5884176346465972,2.588752368763839,266994.6860439531,2159.513821035693,2159.513821035693,1019.7509344456506,750.0000000000001,20117.36482155397,3599.1897017261554,True,0.47221320119015614,20.11736482155397,53.646306190810584
1,12,1.5,0.9510526315789474,0.9541551246537396,0.003102493074792244,4.262361054241587,4.262361054241587,2.47972600272487,178686.75478115623,2171.985491574887,2171.985491574887,1028.1903916808271,749.9999999999999,21976.557525291475,3619.9758192914783,True,0.4733873203431463,21.976557525291476,58.604153400777264
1,13,1.5,1.029473684210526,1.0325761772853184,0.003102493074792244,4.9942655529243964,4.9942655529243964,2.383407749935992,123455.11962985017,2183.135432655227,2183.135432655227,1039.2294379493562,749.9999999999998,23918.317506704905,3638.5590544253782,True,0.476026096413725,23.918317506704906,63.782180017879746
1,14,1.5,1.1078947368421053,1.1109972299168975,0.003102493074792244,5.784131130695034,5.784131130695034,2.2975063601577395,87643.68028992462,2193.1857736495926,2193.1857736495926,1052.2275504793377,750.0,25940.06790354731,3655.309622749321,True,0.47977128208722963,25.940067903547313,69.1735144094595
1,15,1.5,1.1863157894736842,1.1894182825484765,0.003102493074792244,6.631957787553491,6.631957787553491,2.2202701314105546,63695.99880673281,2202.3091896378123,2202.3091896378123,1066.7076852066912,750.0,28039.202776377984,3670.5153160630207,True,0.48435873138327135,28.039202776377984,74.77120740367462
1,16,1.5,1.2647368421052632,1.2678393351800554,0.003102493074792244,7.537745523499772,7.537745523499772,2.1503338275807864,47247.56991370354,2210.642292247048,2210.642292247048,1082.3098612780655,749.9999999999999,30213.174610958882,3684.4038204117464,True,0.4895906791767436,30.21317461095888,80.56846562922368
1,17,1.5,1.3431578947368419,1.3462603878116342,0.003102493074792244,8.501494338533874,8.501494338533874,2.0866155396212367,35682.390893759715,2218.2948230636625,2218.2948230636625,1098.7593991673843,749.9999999999999,32459.542361140862,3697.158038439438,True,0.4953171182403518,32.45954236114086,86.55877962970897
1,18,1.5,1.421578947368421,1.4246814404432133,0.003102493074792244,9.523204232655802,9.523204232655802,2.028245309490211,27380.981629759764,2225.3561251062165,2225.3561251062165,1115.8447072802123,750.0,34775.995203933104,3708.926875177028,True,0.5014229833559575,34.77599520393311,92.73598721048828
1,19,1.5,1.5,1.5031024930747923,0.003102493074792244,10.602875205865551,10.602875205865551,1.974514568351482,21311.845546932862,2231.899798809782,2231.899798809782,1133.40145857593,750.0000000000002,37160.36155115506,3719.832998016304,True,0.5078191499369037,37.16036155115506,99.09429746974682
2,0,1.5,0.01,0.016409972299168976,0.006409972299168975,0.00047123889803846896,0.00047123889803846896,6.889768501904178,4.6229476019863816e+16,1767.2510015365617,1767.2510015365617,855.4748318405682,29.46546146630152,643.6102921129898,2945.4183358942696,True,0.48407092772716687,0.6436102921129898,1.716294112301306
2,1,1.5,0.08842105263157896,0.09483102493074794,0.006409972299168975,0.03684278852697438,0.03684278852697438,11.689630872378238,2730002814.6794333,1478.2963320826425,1478.2963320826425,1462.018970490671,750.0,9124.024643591441,2463.8272201377376,True,0.9889891077731082,9.124024643591442,24.33073238291051
2,2,1.5,0.1668421052631579,0.17325207756232688,0.006409972299168975,0.13117541724373327,0.13117541724373327,8.509926463751832,141035957.88370854,1656.675903317766,1656.6759033177661,1083.2935057484776,749.9999999999998,11195.766233036382,2761.1265055296103,True,0.6538958546925226,11.195766233036382,29.855376621430352
2,3,1.5,0.24526315789473685,0.2516731301939058,0.006409972299168975,0.2834691250483152,0.2834691250483152,7.018793739315124,23359961.98238058,1757.8528740408337,1757.852874040834,917.9321662676788,750.0000000000002,13063.959070315284,2929.7547900680565,True,0.5221894163176456,13.063959070315285,34.837224187507424
2,4,1.5,0.3236842105263158,0.33009418282548475,0.006409972299168975,0.49372391194071996,0.49372391194071996,6.109671787207812,6400135.998985799,1826.5095291291047,1826.5095291291047,827.4084215513344,749.9999999999998,14909.89524669436,3044.182548548508,True,0.4529997836615995,14.90989524669436,39.759720657851624
2,5,1.5,0.40210526315789474,0.4085152354570637,0.006409972299168975,0.761939777920948,0.761939777920948,5.481617895251885,2325434.275987414,1877.490731153893,1877.490731153893,773.539002207007,750.0,16813.883352656034,3129.151218589822,True,0.41200682878023864,16.813883352656035,44.837022273749426
2,6,1.5,0.4805263157894737,0.48693628808864264,0.006409972299168975,1.0881167229889988,1.0881167229889988,5.014412409914683,1012533.6091149818,1917.490804427219,1917.490804427219,740.7721943715335,750.0000000000002,18816.18625462682,3195.8180073786984,True,0.3863237271653109,18.81618625462682,50.176496679004856
2,7,1.5,0.5589473684210526,0.5653573407202216,0.006409972299168975,1.4722547471448724,1.4722547471448724,4.649360054445025,500063.70167236694,1950.0714194886484,1950.0714194886484,721.3407883523938,750.0000000000002,20937.26918347641,3250.119032481081,True,0.36990480509762313,20.93726918347641,55.832717822603755
2,8,1.5,0.6373684210526316,0.6437783933518005,0.006409972299168975,1.9143538503885693,1.9143538503885693,4.353949292481142,270977.81809441396,1977.339522901714,1977.339522901714,710.8456643280465,749.9999999999997,23186.703413582516,3295.5658715028567,True,0.35949600768859963,23.186703413582517,61.83120910288671
2,9,1.5,0.7157894736842104,0.7221994459833794,0.006409972299168975,2.4144140327200887,2.4144140327200887,4.1085254751421285,157673.30480899048,2000.63785486349,2000.63785486349,706.5782727805667,750.0,25567.8005911215,3334.3964247724834,True,0.353176498716595,25.5678005911215,68.180801576324
2,10,1.5,0.7942105263157895,0.8006204986149584,0.006409972299168975,2.972435294139432,2.972435294139432,3.9004150047373414,97063.65119089304,2020.870894065812,2020.870894065812,706.7713021978074,749.9999999999999,28080.255028060128,3368.1181567763538,True,0.3497359995995818,28.08025502806013,74.88068007482701
2,11,1.5,0.8726315789473684,0.8790415512465374,0.006409972299168975,3.5884176346465972,3.5884176346465972,3.721030032748426,62547.787764668385,2038.6746520646902,2038.6746520646902,710.22230204312,749.9999999999999,30721.717038032893,3397.791086774484,True,0.34837451935934677,30.721717038032892,81.92457876808771
2,12,1.5,0.9510526315789474,0.9574626038781163,0.006409972299168975,4.262361054241587,4.262361054241587,3.5643173292517427,41860.23841901183,2054.511987277073,2054.511987277073,716.0871589250878,750.0000000000003,33488.744932230125,3424.1866454617884,True,0.34854367526672203,33.48874493223013,89.30331981928033
2,13,1.5,1.029473684210526,1.0358836565096952,0.006409972299168975,4.9942655529243964,4.9942655529243964,3.4258710585100056,28921.341976814292,2068.72935082878,2068.72935082878,723.7588193191692,750.0000000000002,36377.381048880976,3447.8822513812997,True,0.34985669779819917,36.37738104888098,97.0063494636826
2,14,1.5,1.1078947368421053,1.1143047091412743,0.006409972299168975,5.784131130695034,5.784131130695034,3.3023978151528803,20531.937900764144,2081.592217903635,2081.592217903635,732.7922283363381,750.0000000000001,39383.49628891411,3469.3203631727256,True,0.3520344772783263,39.38349628891411,105.02265677043762
2,15,1.5,1.1863157894736842,1.1927257617728533,0.006409972299168975,6.631957787553491,6.631957787553491,3.1913797315956103,14921.80939573492,2093.3080993313647,2093.3080993313647,742.8559210720812,750.0,42502.991372910794,3488.8468322189415,True,0.35487175600637144,42.50299137291079,113.34131032776212
2,16,1.5,1.2647368421052632,1.2711468144044322,0.006409972299168975,7.537745523499772,7.537745523499772,3.090854439926151,11068.501096954647,2104.0419908275053,2104.0419908275053,753.699765601958,750.0,45731.90957847646,3506.736651379176,True,0.3582151729327099,45.731909578476454,121.95175887593722
2,17,1.5,1.3431578947368419,1.349567867036011,0.006409972299168975,8.501494338533874,8.501494338533874,2.9992668218929843,8359.172407616108,2113.9270431165833,2113.9270431165833,765.1328928006266,750.0000000000001,49066.49516505864,3523.2117385276388,True,0.36194858062489405,49.06649516505864,130.84398710682302
2,18,1.5,1.421578947368421,1.4279889196675901,0.006409972299168975,9.523204232655802,9.523204232655802,2.9153664141302666,6414.434134035549,2123.072114038103,2123.072114038103,777.0082627873438,750.0000000000001,52503.21888125831,3538.453523396838,True,0.3659829817600811,52.50321888125831,140.0085836833555
2,19,1.5,1.5,1.506409972299169,0.006409972299168975,10.602875205865551,10.602875205865551,2.8381347314589287,4992.641658506495,2131.567229376037,2131.567229376037,789.211671973781,750.0000000000001,56038.78391456542,3552.612048960062,True,0.37024948643294864,56.03878391456542,149.43675710550778
3,0,1.5,0.01,0.021922437673130193,0.011922437673130193,0.00047123889803846896,0.00047123889803846896,10.542579377743412,8432376155941021.0,1537.599034632452,1537.599034632452,703.8414585385368,37.09273345894124,1368.3044417822032,2562.6650577207533,True,0.4577535772886221,1.3683044417822032,3.648811844752542
3,1,1.5,0.08842105263157896,0.10034349030470915,0.011922437673130193,0.03684278852697438,0.03684278852697438,15.9424568989423,789124048.578441,1296.093989267348,1296.093989267348,1072.4980653925845,750.0,14626.330541636264,2160.156648778913,True,0.8274847922092772,14.626330541636264,39.003548111030035
3,2,1.5,0.1668421052631579,0.1787645429362881,0.011922437673130193,0.13117541724373327,0.13117541724373327,11.605938403248349,40767308.18074233,1482.4532897403833,1482.4532897403833,794.9521410395641,750.0000000000002,17353.89619895794,2470.755482900639,True,0.5362409369261012,17.35389619895794,46.27705653055451
3,3,1.5,0.24526315789473685,0.257185595567867,0.011922437673130193,0.2834691250483152,0.2834691250483152,9.57231395013522,6752340.208242287,1592.0134275827054,1592.0134275827054,673.8088858551702,750.0000000000001,19913.001330732903,2653.3557126378423,True,0.4232432177901123,19.913001330732904,53.10133688195441
3,4,1.5,0.3236842105263158,0.33560664819944597,0.011922437673130193,0.49372391194071996,0.49372391194071996,8.332442674849657,1849998.543523597,1668.046149259191,1668.046149259191,607.509573964184,750.0000000000005,22484.180384399413,2780.076915431985,True,0.3642042962864006,22.484180384399412,59.95781435839844
3,5,1.5,0.40210526315789474,0.4140277008310249,0.011922437673130193,0.761939777920948,0.761939777920948,7.475895345679519,672181.0324527943,1725.4212276544301,1725.4212276544301,568.0640906859013,750.0000000000003,25160.43015519877,2875.702046090717,True,0.32923212116622574,25.16043015519877,67.09448041386338
3,6,1.5,0.4805263157894737,0.49244875346260386,0.011922437673130193,1.0881167229889988,1.0881167229889988,6.838714976662235,292679.04657467373,1771.00022228864,1771.00022228864,544.0744025827428,749.9999999999998,27989.576841485916,2951.6670371477335,True,0.3072130628417667,27.989576841485917,74.63887157729577
3,7,1.5,0.5589473684210526,0.5708698060941828,0.011922437673130193,1.4722547471448724,1.4722547471448724,6.340852254864559,144546.47837319365,1808.498180559164,1808.4981805591642,529.8492620665661,750.0000000000002,30995.409037668705,3014.1636342652737,True,0.2929774924643516,30.995409037668704,82.65442410044989
3,8,1.5,0.6373684210526316,0.6492908587257618,0.011922437673130193,1.9143538503885693,1.9143538503885693,5.937967562310126,78327.79942196675,1840.1438951383652,1840.143895138365,522.1662564436334,749.9999999999999,34188.143394952844,3066.906491897275,True,0.2837638175053535,34.188143394952846,91.16838238654091
3,9,1.5,0.7157894736842104,0.7277119113573406,0.011922437673130193,2.4144140327200887,2.4144140327200887,5.603255656295502,45576.43529690753,1867.3744802604297,1867.3744802604297,519.0419240007332,750.0000000000001,37570.17047643653,3112.2908004340497,True,0.27795277781045075,37.57017047643653,100.18712127049741
3,10,1.5,0.7942105263157895,0.8061329639889196,0.011922437673130193,2.972435294139432,2.972435294139432,5.319432134332407,28056.84337968597,1891.167700463392,1891.1677004633923,519.1824120582743,750.0000000000003,41139.41195648472,3151.9461674389872,True,0.2745300757468834,41.13941195648472,109.70509855062592
3,11,1.5,0.8726315789473684,0.8845540166204986,0.011922437673130193,3.5884176346465972,3.5884176346465972,5.074784786997526,18079.821473105618,1912.2170913523782,1912.2170913523782,521.7075935144303,750.0000000000001,44891.3368768041,3187.0284855872974,True,0.2728286426649721,44.8913368768041,119.71023167147759
3,12,1.5,0.9510526315789474,0.9629750692520775,0.011922437673130193,4.262361054241587,4.262361054241587,4.861058147697381,12099.958519474343,1931.0312482513739,1931.031248251374,525.9997212500949,750.0,48820.179658665365,3218.3854137522903,True,0.2723931690522402,48.82017965866537,130.18714575644097
3,13,1.5,1.029473684210526,1.0413961218836563,0.011922437673130193,4.9942655529243964,4.9942655529243964,4.672243485522264,8359.891187052108,1947.993459863498,1947.9934598634982,531.6145795309354,749.9999999999998,52919.669916014675,3246.655766439164,True,0.27290367780197133,52.919669916014676,141.11911977603913
3,14,1.5,1.1078947368421053,1.1198171745152354,0.011922437673130193,5.784131130695034,5.784131130695034,4.503849215259641,5934.8825115827485,1963.3992356430558,1963.3992356430558,538.2265111096124,749.9999999999998,57183.46099918585,3272.3320594050933,True,0.27412993819024867,57.183460999185854,152.48922933116228
3,15,1.5,1.1863157894736842,1.1982382271468144,0.011922437673130193,6.631957787553491,6.631957787553491,4.3524414393052195,4313.240476955775,1977.480851381318,1977.480851381318,545.5929749071763,749.9999999999998,61605.372777698416,3295.8014189688633,True,0.2759030382145377,61.60537277769841,164.28099407386244
3,16,1.5,1.2647368421052632,1.2766592797783933,0.011922437673130193,7.537745523499772,7.537745523499772,4.215343857081232,3199.418092303199,1990.4239343627748,1990.4239343627748,553.5309356053718,749.9999999999999,66179.52066985161,3317.3732239379583,True,0.27809700539125715,66.17952066985161,176.47872178627097
3,17,1.5,1.3431578947368419,1.355080332409972,0.011922437673130193,8.501494338533874,8.501494338533874,4.090435579915634,2416.2700263875013,2002.378985421838,2002.378985421838,561.900713184513,749.9999999999999,70900.37585974767,3337.298309036397,True,0.2806165652333483,70.90037585974767,189.0676689593271
3,18,1.5,1.421578947368421,1.4335013850415512,0.011922437673130193,9.523204232655802,9.523204232655802,3.976011211074238,1854.1315071077704,2013.469578177208,2013.469578177208,570.5946910579992,750.0000000000003,75762.78467502011,3355.7826302953467,True,0.28338878185314226,75.76278467502011,202.0340924667203
3,19,1.5,1.5,1.5119224376731302,0.011922437673130193,10.602875205865551,10.602875205865551,3.8706817284188033,1443.153676427538,2023.7983174684719,2023.7983174684719,579.5292742346705,750.0000000000001,80761.96444928866,3372.9971957807866,True,0.2863572270183483,80.76196444928866,215.36523853143643
4,0,1.5,0.01,0.0296398891966759,0.0196398891966759,0.00047123889803846896,0.00047123889803846896,14.694817754460262,2233987160523829.5,1344.260702467474,1344.260702467474,595.6337191798091,43.74712485767782,2709.3001378905606,2240.4345041124566,True,0.44309390141844246,2.7093001378905606,7.224800367708162
4,1,1.5,0.08842105263157896,0.10806094182825485,0.0196398891966759,0.03684278852697438,0.03684278852697438,20.461724727736836,290801962.90433246,1149.2622994547871,1149.2622994547871,836.1787001642105,750.0,22051.16875897982,1915.4371657579786,True,0.7275786394114692,22.05116875897982,58.80311669061285
4,2,1.5,0.1668421052631579,0.1864819944598338,0.0196398891966759,0.13117541724373327,0.13117541724373327,14.895917129943296,15023256.81575941,1336.23225186804,1336.23225186804,620.0889334978012,750.0000000000002,25291.477817825416,2227.0537531134,True,0.46405775091188134,25.291477817825417,67.44394084753445
4,3,1.5,0.24526315789473685,0.26490304709141277,0.0196398891966759,0.2834691250483152,0.2834691250483152,12.285813554128982,2488320.8036708394,1449.4084371404876,1449.4084371404876,525.81334749579,749.9999999999998,28548.376918623508,2415.6807285674795,True,0.3627778989152001,28.548376918623507,76.12900511632935
4,4,1.5,0.3236842105263158,0.3433240997229917,0.0196398891966759,0.49372391194071996,0.49372391194071996,10.694471335452237,681747.3232452595,1529.4471946158562,1529.4471946158562,474.23732023420166,750.0,31902.25632644905,2549.0786576930936,True,0.31007106482895835,31.90225632644905,85.07268353719746
4,5,1.5,0.40210526315789474,0.42174515235457066,0.0196398891966759,0.761939777920948,0.761939777920948,9.595115334250165,247707.01642721723,1590.6861177383794,1590.6861177383794,443.56020960746406,750.0000000000002,35436.05514407974,2651.143529563966,True,0.27884835648035533,35.436055144079745,94.49614705087932
4,6,1.5,0.4805263157894737,0.5001662049861496,0.0196398891966759,1.0881167229889988,1.0881167229889988,8.777311065096745,107855.84522256847,1639.863555532632,1639.863555532632,424.906732874912,750.0000000000003,39196.53496583798,2733.1059258877203,True,0.25911102874464526,39.19653496583798,104.52409324223461
4,7,1.5,0.5589473684210526,0.5785872576177286,0.0196398891966759,1.4722547471448724,1.4722547471448724,8.138317337203912,53267.163404227096,1680.680325749226,1680.680325749226,413.84684832309364,750.0,43206.39939138954,2801.1338762487103,True,0.24623769433286247,43.20639939138954,115.21706504370543
4,8,1.5,0.6373684210526316,0.6570083102493075,0.0196398891966759,1.9143538503885693,1.9143538503885693,7.621225415405172,28864.76196349298,1715.3827985918256,1715.3827985918256,407.87325694242026,750.0000000000003,47473.77769919617,2858.971330986376,True,0.23777389937525745,47.47377769919617,126.5967405311898
4,9,1.5,0.7157894736842104,0.7354293628808863,0.0196398891966759,2.4144140327200887,2.4144140327200887,7.191631474685671,16795.479583214685,1745.4337980402647,1745.4337980402647,405.4432898137021,749.9999999999999,51998.22960154185,2909.056330067108,True,0.23228797922265804,51.998229601541844,138.6619456041116
4,10,1.5,0.7942105263157895,0.8138504155124654,0.0196398891966759,2.972435294139432,2.972435294139432,6.82735143839773,10339.293476621284,1771.837102022114,1771.837102022114,405.55099735986965,750.0,56774.471531869865,2953.0618367035236,True,0.22888729268454389,56.774471531869864,151.39859075165296
4,11,1.5,0.8726315789473684,0.8922714681440443,0.0196398891966759,3.5884176346465972,3.5884176346465972,6.51335299334818,6662.637620549402,1795.3100440766,1795.3100440766,407.51229552782524,750.0000000000001,61794.67092479425,2992.183406794333,True,0.22698714178777135,61.79467092479425,164.78578913278466
4,12,1.5,0.9510526315789474,0.9706925207756233,0.0196398891966759,4.262361054241587,4.262361054241587,6.23904046498036,4458.984230505736,1816.3821809899362,1816.3821809899362,410.8471389037812,750.0,67049.83957082221,3027.303634983227,True,0.22618980917323672,67.04983957082221,178.79957218885923
4,13,1.5,1.029473684210526,1.049113573407202,0.0196398891966759,4.9942655529243964,4.9942655529243964,5.996701804980942,3080.7232034568224,1835.4549888331528,1835.4549888331528,415.2103776474146,749.9999999999999,72530.66113026488,3059.0916480552546,True,0.22621659488984516,72.53066113026487,193.415096347373
4,14,1.5,1.1078947368421053,1.127534626038781,0.0196398891966759,5.784131130695034,5.784131130695034,5.780572181693674,2187.077541337036,1852.8396780903256,1852.8396780903256,420.34899551576996,750.0,78227.96581907551,3088.066130150543,True,0.2268674405488838,78.22796581907552,208.60790885086803
4,15,1.5,1.1863157894736842,1.20595567867036,0.0196398891966759,6.631957787553491,6.631957787553491,5.586244277729025,1589.4824133628988,1868.7820760818245,1868.7820760818245,426.074551787793,750.0000000000001,84132.98757111364,3114.6367934697078,True,0.22799584672875328,84.13298757111365,224.35463352296972
4,16,1.5,1.2647368421052632,1.284376731301939,0.0196398891966759,7.537745523499772,7.537745523499772,5.410283131584003,1179.0251014013086,1883.4795321618667,1883.4795321618667,432.2448299424617,750.0000000000002,90237.4891217576,3139.1325536031113,True,0.2294927141822078,90.23748912175759,240.63330432468692
4,17,1.5,1.3431578947368419,1.3627977839335177,0.0196398891966759,8.501494338533874,8.501494338533874,5.249966638349645,890.4253619518801,1897.0927215701108,1897.0927215701108,438.7512885661789,749.9999999999998,96533.80854051371,3161.8212026168517,True,0.2312756164090127,96.5338085405137,257.4234894413699
4,18,1.5,1.421578947368421,1.4412188365650969,0.0196398891966759,9.523204232655802,9.523204232655802,5.103105966107024,683.2703713960042,1909.7540845538047,1909.7540845538047,445.5102896229213,750.0000000000003,103014.86044008055,3182.9234742563413,True,0.23328149588799565,103.01486044008055,274.7062945068815
4,19,1.5,1.5,1.5196398891966758,0.0196398891966759,10.602875205865551,10.602875205865551,4.96791834142206,531.8199624428465,1921.5739858531974,1921.5739858531974,452.45685255431346,750.0,109674.11227168854,3202.623309755329,True,0.23546158299672143,109.67411227168854,292.46429939116945
5,0,1.5,0.01,0.0395623268698061,0.029562326869806095,0.00047123889803846896,0.00047123889803846896,19.177076114362276,770207817027950.6,1187.1706944684647,1187.1706944684647,516.5339138016857,49.49784707982471,5006.864718231244,1978.6178241141079,True,0.4350965840114128,5.0068647182312445,13.351639248616651
5,1,1.5,0.08842105263157896,0.11798337950138504,0.029562326869806095,0.03684278852697438,0.03684278852697438,25.103948106016936,128350679.11138429,1031.8698356815667,1031.8698356815667,682.1702092457,749.9999999999999,31682.20117166305,1719.7830594692778,True,0.6611010281108911,31.682201171663053,84.48586979110146
5,2,1.5,0.1668421052631579,0.196404432132964,0.029562326869806095,0.13117541724373327,0.13117541724373327,18.275406183855228,6630784.728924972,1215.4678934104782,1215.4678934104782,506.1923586916417,750.0,35123.84667161746,2025.779822350797,True,0.4164588480172174,35.12384667161746,93.66359112431323
5,3,1.5,0.24526315789473685,0.27482548476454294,0.029562326869806095,0.2834691250483152,0.2834691250483152,15.073139239576033,1098265.1623407602,1329.2438344863663,1329.2438344863663,429.460938693955,750.0000000000001,39014.39534836263,2215.4063908106104,True,0.32308665088516525,39.01439534836263,104.03838759563368
5,4,1.5,0.3236842105263158,0.3532465373961219,0.029562326869806095,0.49372391194071996,0.49372391194071996,13.120763620798298,300901.44869374274,1410.9701151678498,1410.9701151678498,387.50210715575486,750.0000000000002,43164.726198443575,2351.616858613083,True,0.27463523358158254,43.164726198443574,115.10593652918287
5,5,1.5,0.40210526315789474,0.43166759002770083,0.029562326869806095,0.761939777920948,0.761939777920948,11.771992861175848,109329.9490194554,1474.2303661249941,1474.2303661249941,362.55361201546924,750.0000000000002,47608.35005573151,2457.0506102083236,True,0.24592738037844064,47.60835005573151,126.95560014861736
5,6,1.5,0.4805263157894737,0.5100886426592798,0.029562326869806095,1.0881167229889988,1.0881167229889988,10.768650464243049,47604.11808156617,1525.50046999909,1525.50046999909,347.38665890617887,750.0,52376.22186455172,2542.500783331817,True,0.22771979801906328,52.376221864551724,139.66992497213792
5,7,1.5,0.5589473684210526,0.5885096952908587,0.029562326869806095,1.4722547471448724,1.4722547471448724,9.9846859842915,23510.421074835813,1568.3778007786677,1568.3778007786677,338.39464798437706,750.0,57482.77675567997,2613.9630012977796,True,0.2157609268738508,57.48277675567997,153.28740468181326
5,8,1.5,0.6373684210526316,0.6669307479224377,0.029562326869806095,1.9143538503885693,1.9143538503885693,9.350279601466903,12739.982094349176,1605.0667166509631,1605.0667166509631,333.53736774621115,750.0,62929.91157369087,2675.111194418272,True,0.20780280613017157,62.92991157369087,167.81309752984234
5,9,1.5,0.7157894736842104,0.7453518005540165,0.029562326869806095,2.4144140327200887,2.4144140327200887,8.823222174100446,7412.987137284837,1637.0143626745396,1637.0143626745396,331.56017137203185,750.0,68711.6805311938,2728.3572711242327,True,0.20253956161406658,68.71168053119379,183.23114808318346
5,10,1.5,0.7942105263157895,0.8237728531855956,0.029562326869806095,2.972435294139432,2.972435294139432,8.37629664613485,4563.433224461497,1665.2208041253127,1665.2208041253127,331.6452930052294,749.9999999999999,74817.73594081654,2775.368006875521,True,0.19915995055048094,74.81773594081653,199.5139625088441
5,11,1.5,0.8726315789473684,0.9021939058171745,0.029562326869806095,3.5884176346465972,3.5884176346465972,7.991060270668972,2940.675003462416,1690.4052101857303,1690.4052101857303,333.23682251242985,750.0000000000003,81235.58536743668,2817.342016976217,True,0.19713428502495922,81.23558536743668,216.6282276464978
5,12,1.5,0.9510526315789474,0.9806149584487535,0.029562326869806095,4.262361054241587,4.262361054241587,7.65451349523311,1968.0529265225239,1713.1014791321156,1713.1014791321156,335.9447608271347,750.0000000000001,87951.99028579362,2855.1691318868593,True,0.1961032460244735,87.95199028579363,234.53864076211633
5,13,1.5,1.029473684210526,1.0590360110803323,0.029562326869806095,4.9942655529243964,4.9942655529243964,7.357194612017969,1359.732621364588,1733.7164368861777,1733.7164368861777,339.4887464821115,750.0000000000001,94953.79084237841,2889.5273948102963,True,0.19581561278374132,94.95379084237841,253.2101089130091
5,14,1.5,1.1078947368421053,1.1374570637119115,0.029562326869806095,5.784131130695034,5.784131130695034,7.092030901755472,965.306027842077,1752.566902265396,1752.566902265396,343.66327176914785,750.0000000000001,102228.36300999272,2920.9448371089934,True,0.19609138534165127,102.22836300999272,272.6089680266473
5,15,1.5,1.1863157894736842,1.2158781163434904,0.029562326869806095,6.631957787553491,6.631957787553491,6.853615143475489,701.5466647927761,1769.904196354864,1769.904196354864,348.3152778732488,749.9999999999998,109763.8475469572,2949.8403272581068,True,0.1967989445929377,109.7638475469572,292.7035934585525
5,16,1.5,1.2647368421052632,1.2942991689750694,0.029562326869806095,7.537745523499772,7.537745523499772,6.637733073890611,520.3839442583412,1785.930869987349,1785.930869987349,353.3292420757574,750.0000000000001,117549.24147941518,2976.551449978915,True,0.19784038005808158,117.54924147941519,313.4646439451072
5,17,1.5,1.3431578947368419,1.372720221606648,0.029562326869806095,8.501494338533874,8.501494338533874,6.441045014587456,393.0052560962939,1800.8124327275268,1800.8124327275268,358.6169839752811,749.9999999999999,125574.4096494443,3001.354054545878,True,0.19914177482222095,125.57440964944429,334.86509239851813
5,18,1.5,1.421578947368421,1.4511412742382273,0.029562326869806095,9.523204232655802,9.523204232655802,6.260865545659505,301.5736734012841,1814.685771367396,1814.685771367396,364.11054229268535,750.0000000000003,133830.05208507745,3024.4762856123266,True,0.20064660672261841,133.83005208507745,356.8801388935399
5,19,1.5,1.5,1.5295623268698062,0.029562326869806095,10.602875205865551,10.602875205865551,6.095007429600175,234.7283101626965,1827.6653168913388,1827.6653168913388,369.75710396048123,750.0000000000001,142307.64897711796,3046.108861485565,True,0.20231116744579808,142.30764897711796,379.48706393898124
6,0,1.5,0.01,0.051689750692520776,0.041689750692520774,0.00047123889803846896,0.00047123889803846896,23.899081807592452,319310078492995.6,1059.7443790988643,1059.7443790988643,456.63010853451834,54.51214532429675,8703.533728810404,1766.2406318314406,True,0.4308870304391763,8.703533728810404,23.209423276827742
6,1,1.5,0.08842105263157896,0.13011080332409974,0.041689750692520774,0.03684278852697438,0.03684278852697438,29.81174310573563,64538193.40391938,936.7874070962552,936.787407096255,575.1223492396589,749.9999999999999,43929.18379159414,1561.3123451604251,True,0.6139304871981108,43.92918379159414,117.14449011091772
6,2,1.5,0.1668421052631579,0.2085318559556787,0.041689750692520774,0.13117541724373327,0.13117541724373327,21.7026306780598,3334137.9275737554,1115.0818425381317,1115.0818425381317,427.0772949772888,750.0000000000001,47074.21234652005,1858.4697375635528,True,0.3830008513143593,47.07421234652005,125.53123292405347
6,3,1.5,0.24526315789473685,0.28695290858725764,0.041689750692520774,0.2834691250483152,0.2834691250483152,17.899836030155026,552237.4322182145,1227.6975816045885,1227.6975816045885,362.5692751273279,750.0000000000002,51464.38154932073,2046.1626360076477,True,0.29532458201428846,51.46438154932073,137.2383507981886
6,4,1.5,0.3236842105263158,0.3653739612188366,0.041689750692520774,0.49372391194071996,0.49372391194071996,15.581327397684058,151301.38793004525,1309.6421665703422,1309.6421665703422,327.3131698688556,750.0000000000003,56387.896944458225,2182.7369442839035,True,0.24992565009266238,56.38789694445823,150.36772518522193
6,5,1.5,0.40210526315789474,0.44379501385041553,0.041689750692520774,0.761939777920948,0.761939777920948,13.979618884561573,54974.05579393171,1373.6938148464653,1373.6938148464653,306.357882719342,750.0000000000001,61769.9803459717,2289.489691410776,True,0.22301758907867175,61.7699803459717,164.71994758925786
6,6,1.5,0.4805263157894737,0.5222160664819945,0.041689750692520774,1.0881167229889988,1.0881167229889988,12.788117625152722,23936.638285372588,1426.0129472352844,1426.0129472352844,293.6211820071107,750.0,67604.0111595123,2376.6882453921407,True,0.20590358774538167,67.6040111595123,180.2773630920328
6,7,1.5,0.5589473684210526,0.6006371191135734,0.041689750692520774,1.4722547471448724,1.4722547471448724,11.857134674517342,11821.67568446277,1470.0528963760976,1470.0528963760976,286.07014364814614,750.0000000000003,73885.8286223764,2450.0881606268294,True,0.1945985374766801,73.8858286223764,197.02887632633707
6,8,1.5,0.6373684210526316,0.6790581717451524,0.041689750692520774,1.9143538503885693,1.9143538503885693,11.10375675844075,6406.007619593884,1507.9460305041343,1507.9460305041343,281.99011838152944,750.0000000000001,80605.3591978411,2513.2433841735574,True,0.18700279232623127,80.6053591978411,214.94762452757627
6,9,1.5,0.7157894736842104,0.7574792243767312,0.041689750692520774,2.4144140327200887,2.4144140327200887,10.477859168138897,3727.450457443053,1541.1015475331874,1541.1015475331874,280.3272984593911,749.9999999999999,87747.60593634631,2568.502579221979,True,0.18190060149385082,87.74760593634632,233.99361583025683
6,10,1.5,0.7942105263157895,0.8359002770083103,0.041689750692520774,2.972435294139432,2.972435294139432,9.947120777076334,2294.6176682912837,1570.4989948539435,1570.4989948539435,280.39518642697664,750.0000000000002,95294.7984924371,2617.4983247565724,True,0.17853891492178472,95.2947984924371,254.11946264649893
6,11,1.5,0.8726315789473684,0.9143213296398892,0.041689750692520774,3.5884176346465972,3.5884176346465972,9.489640232108947,1478.650938393793,1596.8464706277114,1596.8464706277114,281.7273047937376,749.9999999999998,103228.13114433055,2661.410784379519,True,0.17642729590841139,103.22813114433055,275.27501638488144
6,12,1.5,0.9510526315789474,0.9927423822714682,0.041689750692520774,4.262361054241587,4.262361054241587,9.089980147966534,989.5902482201542,1620.672134065019,1620.672134065019,283.99649542002334,750.0000000000002,111528.91032967775,2701.1202234416983,True,0.17523377458690223,111.52891032967774,297.41042754580735
6,13,1.5,1.029473684210526,1.0711634349030468,0.041689750692520774,4.9942655529243964,4.9942655529243964,8.736904443321881,683.7103434341212,1642.3801653565786,1642.3801653565786,286.9676155317698,750.0000000000001,120179.22868078538,2737.3002755942975,True,0.17472666900447256,120.17922868078539,320.477943148761
6,14,1.5,1.1078947368421053,1.149584487534626,0.041689750692520774,5.784131130695034,5.784131130695034,8.422014037321775,485.38198278466547,1662.2865609601033,1662.2865609601033,290.4683167081453,750.0,129162.31363322477,2770.4776016001724,True,0.17474021840155926,129.16231363322476,344.43283635526603
6,15,1.5,1.1863157894736842,1.228005540166205,0.041689750692520774,6.631957787553491,6.631957787553491,8.138887681730784,352.7566402276671,1680.6428986088927,1680.6428986088927,294.37023459323115,750.0000000000001,138462.66932513122,2801.071497681488,True,0.17515335044517086,138.46266932513123,369.2337848670166
6,16,1.5,1.2647368421052632,1.3064265927977838,0.041689750692520774,7.537745523499772,7.537745523499772,7.882520803803069,261.66312380548055,1697.6526174014225,1697.6526174014227,298.5764754514166,750.0000000000002,148066.09487695666,2829.421029002371,True,0.17587607287316778,148.06609487695667,394.84291967188443
6,17,1.5,1.3431578947368419,1.3848476454293626,0.041689750692520774,8.501494338533874,8.501494338533874,7.64894742836632,197.61367374370312,1713.482472856245,1713.482472856245,303.01306636231504,749.9999999999999,157959.63344820114,2855.804121427075,True,0.17684048197891122,157.95963344820115,421.2256891952031
6,18,1.5,1.421578947368421,1.4632686980609417,0.041689750692520774,9.523204232655802,9.523204232655802,7.434978533197972,151.63940069699615,1728.2707856048721,1728.2707856048721,307.62298293548804,749.9999999999998,168131.48615954255,2880.4513093414535,True,0.17799466698028113,168.13148615954253,448.35062975878014
6,19,1.5,1.5,1.5416897506925207,0.041689750692520774,10.602875205865551,10.602875205865551,7.238016703645079,118.02774386186965,1742.1335024774946,1742.1335024774946,312.3618988420194,749.9999999999999,178570.91146722436,2903.555837462491,True,0.17929848567736534,178.57091146722436,476.18909724593163
7,0,1.5,0.01,0.06602216066481995,0.056022160664819944,0.00047123889803846896,0.00047123889803846896,28.80520794554279,151305052634238.94,955.469682821414,955.469682821414,409.7870496131341,58.93079706121822,14346.014412816743,1592.4494713690235,True,0.4288854549555886,14.346014412816743,38.25603843417798
7,1,1.5,0.08842105263157896,0.1444432132963989,0.056022160664819944,0.03684278852697438,0.03684278852697438,34.55832212813622,35740094.03490064,858.4845757110689,858.4845757110688,496.87343335207765,750.0,59301.52546977577,1430.8076261851147,True,0.5787796862168728,59.30152546977577,158.13740125273537
7,2,1.5,0.1668421052631579,0.22286426592797784,0.056022160664819944,0.13117541724373327,0.13117541724373327,25.158089526675965,1846385.7875757972,1030.655024899103,1030.655024899103,369.2905107452759,750.0000000000002,61438.70672449001,1717.7583748318384,True,0.35830661261407815,61.43870672449001,163.8365512653067
7,3,1.5,0.24526315789473685,0.3012853185595568,0.056022160664819944,0.2834691250483152,0.2834691250483152,20.749819873897383,305819.1857578776,1141.1226554583998,1141.1226554583998,313.7413836990299,750.0,66117.72531470523,1901.8710924306663,True,0.2749409821970426,66.11772531470523,176.31393417254728
7,4,1.5,0.3236842105263158,0.37970637119113576,0.056022160664819944,0.49372391194071996,0.49372391194071996,18.06216193005911,83787.99509287778,1222.37871290414,1222.37871290414,283.3993411765269,750.0000000000002,71752.88092613066,2037.2978548402334,True,0.23184250362412137,71.75288092613066,191.3410158030151
7,5,1.5,0.40210526315789474,0.4581274238227147,0.056022160664819944,0.761939777920948,0.761939777920948,16.20543189734876,30443.64615628786,1286.4202348441504,1286.4202348441504,265.3718427068967,749.9999999999998,78079.6133885512,2144.033724740251,True,0.2062870557528555,78.0796133885512,208.21230236946985
7,6,1.5,0.4805263157894737,0.5365484764542936,0.056022160664819944,1.0881167229889988,1.0881167229889988,14.824221674495034,13255.680986364045,1339.0824258250218,1339.0824258250218,254.41663701520696,750.0000000000001,85023.86124150491,2231.804043041703,True,0.1899932611380949,85.02386124150492,226.7302966440131
7,7,1.5,0.5589473684210526,0.6149695290858725,0.056022160664819944,1.4722547471448724,1.4722547471448724,13.745009077306433,6546.631976022122,1383.6602673948312,1383.6602673948312,247.92129124612367,750.0000000000001,92548.93917239938,2306.100445658052,True,0.1791778640235961,92.54893917239937,246.79717112639833
7,8,1.5,0.6373684210526316,0.6933905817174515,0.056022160664819944,1.9143538503885693,1.9143538503885693,12.871679509972624,3547.5321300002743,1422.201079354332,1422.201079354332,244.40990495295213,750.0,100625.24417253779,2370.3351322572203,True,0.17185326920431834,100.62524417253779,268.33398446010074
7,9,1.5,0.7157894736842104,0.7718116343490303,0.056022160664819944,2.4144140327200887,2.4144140327200887,12.146127486122191,2064.19521268096,1456.0652543457875,1456.0652543457875,242.9760192941166,749.9999999999999,109224.18262380686,2426.7754239096457,True,0.16687165535262094,109.22418262380685,291.2644869968183
7,10,1.5,0.7942105263157895,0.8502326869806094,0.056022160664819944,2.972435294139432,2.972435294139432,11.530885760099801,1270.718111453902,1486.2030090303713,1486.203009030371,243.02947818100165,749.9999999999999,118317.62270281106,2477.0050150506186,True,0.16352374251991253,118.31762270281106,315.5136605408295
7,11,1.5,0.8726315789473684,0.9286537396121883,0.056022160664819944,3.5884176346465972,3.5884176346465972,11.000565879633088,818.8503705432022,1513.3042398638402,1513.3042398638402,244.16945813750846,750.0000000000001,127878.44185184276,2522.1737331064005,True,0.1613485588063096,127.87844185184275,341.0091782715807
7,12,1.5,0.9510526315789474,1.0070747922437673,0.056022160664819944,4.262361054241587,4.262361054241587,10.537272543159437,548.0173314746232,1537.8855708894605,1537.8855708894605,246.1149413457686,750.0000000000001,137881.0695720141,2563.142618149101,True,0.16003462546529007,137.8810695720141,367.68285219203756
7,13,1.5,1.029473684210526,1.085495844875346,0.056022160664819944,4.9942655529243964,4.9942655529243964,10.12798067808964,378.62652606395443,1560.343789974121,1560.343789974121,248.6639892094322,749.9999999999999,148301.80965769003,2600.5729832902016,True,0.159364872541042,148.30180965769003,395.47149242050676
7,14,1.5,1.1078947368421053,1.1639168975069252,0.056022160664819944,5.784131130695034,5.784131130695034,9.762953915078336,268.79583689302456,1580.9901513390193,1580.9901513390193,251.66860250484726,750.0000000000001,159118.95882033877,2634.983585565032,True,0.15918416840971247,159.11895882033878,424.3172235209034
7,15,1.5,1.1863157894736842,1.2423379501385041,0.056022160664819944,6.631957787553491,6.631957787553491,9.434748624808133,195.3503007787436,1600.0732246755342,1600.0732246755342,255.01854929021928,750.0000000000003,170312.7845774856,2666.788707792557,True,0.15937929924546573,170.31278457748562,454.16742553996164
7,16,1.5,1.2647368421052632,1.320759002770083,0.056022160664819944,7.537745523499772,7.537745523499772,9.137563414302742,144.9043451176891,1617.794596006782,1617.794596006782,258.6306130257856,749.9999999999997,181865.4196413867,2696.32432667797,True,0.15986616203575288,181.8654196413867,484.9744523770312
7,17,1.5,1.3431578947368419,1.3991800554016618,0.056022160664819944,8.501494338533874,8.501494338533874,8.866800852037601,109.43490838020836,1634.3199470584805,1634.3199470584805,262.4412500747786,750.0000000000001,193760.7140145482,2723.866578430801,True,0.1605813173529037,193.7607140145482,516.6952373721285
7,18,1.5,1.421578947368421,1.477601108033241,0.056022160664819944,9.523204232655802,9.523204232655802,8.61876416466904,83.97518050106228,1649.7870550736134,1649.7870550736134,266.4014628039666,750.0,205984.071391318,2749.645091789356,True,0.16147627173137188,205.984071391318,549.2908570435146
7,19,1.5,1.5,1.55602216066482,0.056022160664819944,10.602875205865551,10.602875205865551,8.390442381253216,65.36164776025774,1664.3116860745486,1664.3116860745486,270.47315185298316,750.0000000000001,218522.28573399922,2773.8528101242478,True,0.1625135208242887,218.5222857339992,582.7260952906646
8,0,1.5,0.01,0.0825595567867036,0.0725595567867036,0.00047123889803846896,0.00047123889803846896,33.85662334568787,79279868633090.34,869.1454344864461,869.1454344864461,372.16119161102705,62.85687750811003,22586.263963667992,1448.575724144077,True,0.4281920802252465,22.586263963667992,60.23003723644798
8,1,1.5,0.08842105263157896,0.16098060941828257,0.0725595567867036,0.03684278852697438,0.03684278852697438,39.329645490883266,21305226.600615226,792.9621558644217,792.9621558644216,437.40980394846923,750.0000000000003,78400.69233353874,1321.6035931073693,True,0.5516149802529243,78.40069233353874,209.06851288943665
8,2,1.5,0.1668421052631579,0.23940166204986152,0.0725595567867036,0.13117541724373327,0.13117541724373327,28.631561990866587,1100659.3199795184,958.7760747202534,958.7760747202535,325.4140722856213,750.0000000000002,78576.07933052536,1597.960124533756,True,0.33940570782449786,78.57607933052536,209.53621154806763
8,3,1.5,0.24526315789473685,0.31782271468144047,0.0725595567867036,0.2834691250483152,0.2834691250483152,23.61466093794063,182303.5788608929,1066.5683000272313,1066.5683000272313,276.69284208966025,749.9999999999998,83246.96069716325,1777.613833378719,True,0.25942346315992687,83.24696069716325,221.99189519243532
8,4,1.5,0.3236842105263158,0.3962437673130194,0.0725595567867036,0.49372391194071996,0.49372391194071996,20.555929274407283,49947.32862543131,1146.5866901642542,1146.5866901642542,250.0967536462802,750.0000000000002,89490.0421131557,1910.9778169404237,True,0.21812284739713195,89.4900421131557,238.64011230174853
8,5,1.5,0.40210526315789474,0.47466481994459836,0.0725595567867036,0.761939777920948,0.761939777920948,18.442848272152265,18147.931543640803,1210.1013088975471,1210.1013088975471,234.30090068448615,750.0000000000002,96743.64640972388,2016.8355148292453,True,0.19362089683048445,96.74364640972388,257.983057092597
8,6,1.5,0.4805263157894737,0.5530858725761773,0.0725595567867036,1.0881167229889988,1.0881167229889988,16.870940116084885,7901.917854054085,1262.632738804379,1262.632738804379,224.70302061474808,750.0,104827.20083013554,2104.387898007298,True,0.17796387952646106,104.82720083013554,279.53920221369475
8,7,1.5,0.5589473684210526,0.6315069252077562,0.0725595567867036,1.4722547471448724,1.4722547471448724,15.64272513795764,3902.549265365211,1307.3168321291316,1307.3168321291316,219.01123008614763,749.9999999999999,113653.48570617184,2178.861386881886,True,0.16752727778273918,113.65348570617184,303.0759618831249
8,8,1.5,0.6373684210526316,0.7099279778393351,0.0725595567867036,1.9143538503885693,1.9143538503885693,14.64881860069609,2114.739145028924,1346.1120412934476,1346.1120412934476,215.9317237238755,750.0,123163.74733339531,2243.5200688224127,True,0.1604114049201965,123.1637473333953,328.43665955572084
8,9,1.5,0.7157894736842104,0.788349030470914,0.0725595567867036,2.4144140327200887,2.4144140327200887,13.823092635835156,1230.4989100232306,1380.3256046781887,1380.3256046781887,214.67047385275487,750.0000000000001,133310.11475984225,2300.542674463648,True,0.15552161977231704,133.31011475984226,355.49363935957933
8,10,1.5,0.7942105263157895,0.866770083102493,0.0725595567867036,2.972435294139432,2.972435294139432,13.122907051421057,757.4948539193596,1410.874314841918,1410.874314841918,214.71085903931845,750.0000000000002,144050.49250222286,2351.4571914031967,True,0.15218283923708387,144.05049250222285,384.1346466725943
8,11,1.5,0.8726315789473684,0.945191135734072,0.0725595567867036,3.5884176346465972,3.5884176346465972,12.51936811749399,488.1294570569585,1438.4262449692512,1438.4262449692512,215.7021788266489,750.0000000000001,155347.0326570734,2397.377074948752,True,0.1499570656340881,155.3470326570734,414.25875375219573
8,12,1.5,0.9510526315789474,1.023612188365651,0.0725595567867036,4.262361054241587,4.262361054241587,11.992109802861815,326.6816650434634,1463.483354504818,1463.483354504818,217.39864554626865,750.0000000000001,167165.6103767498,2439.1389241746965,True,0.14854876543493542,167.1656103767498,445.7749610046661
8,13,1.5,1.029473684210526,1.1020332409972298,0.0725595567867036,4.9942655529243964,4.9942655529243964,11.526308717502072,225.7051681766428,1486.4323575303351,1486.4323575303351,219.62367483705506,750.0,179475.5339160448,2477.3872625505587,True,0.14775221605236952,179.4755339160448,478.6014237761195
8,14,1.5,1.1078947368421053,1.180454293628809,0.0725595567867036,5.784131130695034,5.784131130695034,11.11088423217294,160.23338407323843,1507.5774720047912,1507.5774720047912,222.24785992355444,750.0,192249.27789857672,2512.6291200079854,True,0.14742052335659214,192.24927789857674,512.6647410628713
8,15,1.5,1.1863157894736842,1.2588753462603879,0.0725595567867036,6.631957787553491,6.631957787553491,10.737365006711176,116.45135629820237,1527.162293540123,1527.162293540123,225.1748133015723,749.9999999999999,205462.20004739647,2545.2704892335387,True,0.1474465511976421,205.46220004739646,547.8992001263906
8,16,1.5,1.2647368421052632,1.3372963988919668,0.0725595567867036,7.537745523499772,7.537745523499772,10.399148674015027,86.37973658187364,1545.384864383423,1545.384864383423,228.33175987692758,750.0,219092.24857806647,2575.6414406390386,True,0.14775074166914873,219.09224857806646,584.2459962081773
8,17,1.5,1.3431578947368419,1.4157174515235456,0.0725595567867036,8.501494338533874,8.501494338533874,10.091003054369297,65.23585301093861,1562.4083324293592,1562.4083324293595,231.66311650233916,750.0000000000001,233119.67502253377,2604.0138873822657,True,0.14827309333542182,233.11967502253378,621.6524667267568
8,18,1.5,1.421578947368421,1.4941385041551247,0.0725595567867036,9.523204232655802,9.523204232655802,9.808720976357293,50.05891276210983,1578.3686649715805,1578.3686649715805,235.12601082617672,750.0000000000001,247526.7639719494,2630.614441619301,True,0.1489677386812607,247.5267639719494,660.071370591865
8,19,1.5,1.5,1.5725595567867037,0.0725595567867036,10.602875205865551,10.602875205865551,9.548875756838388,38.96309604451644,1593.3803434393324,1593.3803434393324,238.68709402359394,750.0000000000002,262297.5863209508,2655.6339057322207,True,0.14979919578296336,262.2975863209508,699.4602301892022
9,0,1.5,0.01,0.10130193905817174,0.09130193905817174,0.00047123889803846896,0.00047123889803846896,39.02315822767735,44920836044472.98,796.8400997086082,796.8400997086082,341.2611335449576,66.36284084381307,34181.27519675787,1328.0668328476804,True,0.42826802224154054,34.18127519675787,91.15006719135432
9,1,1.5,0.08842105263157896,0.1797229916897507,0.09130193905817174,0.03684278852697438,0.03684278852697438,44.11768563039031,13455982.015077893,737.3438688938927,737.3438688938927,390.83096262967445,750.0000000000003,101919.41608166452,1228.9064481564878,True,0.530052502119492,101.91941608166452,271.7851095511054
9,2,1.5,0.1668421052631579,0.25814404432132965,0.09130193905817174,0.13117541724373327,0.13117541724373327,32.117204090051814,695155.8081031913,896.8751706146886,896.8751706146885,291.07664416361257,749.9999999999998,98905.40308439266,1494.7919510244808,True,0.3245453254817148,98.90540308439266,263.7477415583804
9,3,1.5,0.24526315789473685,0.3365650969529086,0.09130193905817174,0.2834691250483152,0.2834691250483152,26.489539240058015,115139.52535786081,1001.7388977771037,1001.7388977771037,247.72001237229554,750.0000000000001,103174.23213322287,1669.5648296285062,True,0.24729000034040363,103.17423213322287,275.13128568859435
9,4,1.5,0.3236842105263158,0.41498614958448754,0.09130193905817174,0.49372391194071996,0.49372391194071996,23.058433765416353,31545.79710809468,1080.1969942067642,1080.1969942067642,224.0672801545984,750.0000000000001,109874.27777471804,1800.3283236779405,True,0.2074318678503089,109.87427777471804,292.99807406591475
9,5,1.5,0.40210526315789474,0.4934072022160665,0.09130193905817174,0.761939777920948,0.761939777920948,20.688103644066885,11461.893601969188,1142.8556606583727,1142.8556606583727,210.02442030713377,750.0000000000005,118010.30395465753,1904.7594344306212,True,0.18377160610653454,118.01030395465753,314.69414387908677
9,6,1.5,0.4805263157894737,0.5718282548476454,0.09130193905817174,1.0881167229889988,1.0881167229889988,18.924829426776974,4990.703291825308,1194.9402049710975,1194.9402049710975,201.4919597500059,750.0000000000002,127245.81901761417,1991.5670082851625,True,0.16862095602087424,127.24581901761417,339.32218404697113
9,7,1.5,0.5589473684210526,0.6502493074792244,0.09130193905817174,1.4722547471448724,1.4722547471448724,17.54709002396148,2464.7770104540105,1239.4332257356675,1239.4332257356675,196.42998570629155,749.9999999999999,137420.48531518795,2065.7220428927794,True,0.15848371790235027,137.42048531518796,366.45462750716786
9,8,1.5,0.6373684210526316,0.7286703601108033,0.09130193905817174,1.9143538503885693,1.9143538503885693,16.432184064103307,1335.629629082126,1278.2053881960767,1278.2053881960767,193.68789877898246,750.0000000000001,148434.46626557616,2130.3423136601277,True,0.15153112368923197,148.43446626557616,395.8252433748698
9,9,1.5,0.7157894736842104,0.8070914127423822,0.09130193905817174,2.4144140327200887,2.4144140327200887,15.50593318947923,777.160060919859,1312.5100590757017,1312.5100590757017,192.56012403181762,750.0,160213.6574565005,2187.5167651261695,True,0.14671135104855704,160.21365745650053,427.23641988400135
9,10,1.5,0.7942105263157895,0.8855124653739612,0.09130193905817174,2.972435294139432,2.972435294139432,14.72050613793683,478.41955975997956,1343.2292482207226,1343.2292482207226,192.58790702485703,750.0000000000001,172697.64801225477,2238.7154137012044,True,0.14337679683491417,172.69764801225477,460.52706136601273
9,11,1.5,0.8726315789473684,0.9639335180055402,0.09130193905817174,3.5884176346465972,3.5884176346465972,14.043491620761294,308.2934210612196,1371.0076792186107,1371.0076792186107,193.45999744533663,749.9999999999998,185834.99458352212,2285.0127986976845,True,0.1411078875616487,185.8349945835221,495.55998555605896
9,12,1.5,0.9510526315789474,1.0423545706371191,0.09130193905817174,4.262361054241587,4.262361054241587,13.452044220699065,206.3260199895558,1396.3311494781942,1396.3311494781942,194.95833847966193,750.0000000000001,199581.0458346672,2327.218582463657,True,0.13962185012668193,199.5810458346672,532.2161222257791
9,13,1.5,1.029473684210526,1.1207756232686978,0.09130193905817174,4.9942655529243964,4.9942655529243964,12.929535929721478,142.55115613777812,1419.5749084013817,1419.5749084013817,196.92630331159884,749.9999999999999,213896.71411367305,2365.9581806689694,True,0.13872202315365126,213.89671411367306,570.3912376364615
9,14,1.5,1.1078947368421053,1.199196675900277,0.09130193905817174,5.784131130695034,5.784131130695034,12.463537148950225,101.20040376582082,1441.0348782859119,1441.0348782859119,199.24911957973976,750.0000000000001,228747.63034524798,2401.7247971431866,True,0.13826807566014185,228.74763034524798,609.9936809206613
9,15,1.5,1.1863157894736842,1.277617728531856,0.09130193905817174,6.631957787553491,6.631957787553491,12.044545226695323,73.54849518168432,1460.9485543382891,1460.9485543382893,201.84129592953485,750.0,244103.48000953055,2434.9142572304822,True,0.13815770263105212,244.10348000953056,650.9426133587482
9,16,1.5,1.2647368421052632,1.356038781163435,0.09130193905817174,7.537745523499772,7.537745523499772,11.665154015441944,54.55582349353165,1479.5094334297262,1479.509433429726,204.6382739323505,750.0,259937.44658704338,2465.84905571621,True,0.1383149504210785,259.9374465870434,693.1665242321156
9,17,1.5,1.3431578947368419,1.4344598337950136,0.09130193905817174,8.501494338533874,8.501494338533874,11.319494363384736,41.201742713598136,1496.877240759628,1496.877240759628,207.5907335633505,750.0000000000005,276225.7340088561,2494.7954012660466,True,0.13868253715849363,276.22573400885614,736.6019573569497
9,18,1.5,1.421578947368421,1.5128808864265928,0.09130193905817174,9.523204232655802,9.523204232655802,11.002846912806676,31.616271558541094,1513.18534483134,1513.1853448313402,210.66062053196282,749.9999999999999,292947.15488318726,2521.9755747189006,True,0.13921666717928932,292.94715488318724,781.1924130218327
9,19,1.5,1.5,1.5913019390581717,0.09130193905817174,10.602875205865551,10.602875205865551,10.711367811883886,24.608361575071307,1528.546241538669,1528.546241538669,213.81832163087728,750.0000000000003,310082.7760745655,2547.577069231115,True,0.1398834499214384,310.08277607456546,826.887402865508
10,0,1.5,0.01,0.12224930747922437,0.11224930747922438,0.00047123889803846896,0.00047123889803846896,44.27915979789339,27098172558951.637,735.6167230133967,735.6167230133967,315.412871725362,69.4984650780179,49991.33989604369,1226.0278716889945,True,0.4287733840977645,49.99133989604369,133.31023972278317
10,1,1.5,0.08842105263157896,0.20067036011080333,0.11224930747922438,0.03684278852697438,0.03684278852697438,48.91753408689169,8902419.589082412,689.5357909754649,689.5357909754649,353.45887080777794,750.0000000000001,130644.40499275741,1149.2263182924416,True,0.5126040960219782,130.64440499275742,348.38507998068644
10,2,1.5,0.1668421052631579,0.27909141274238225,0.11224930747922438,0.13117541724373327,0.13117541724373327,35.61144251793037,459912.08048492885,843.0132066443052,843.0132066443052,263.55303255844234,750.0000000000001,122907.19516403315,1405.0220110738421,True,0.3126321515264754,122.90719516403315,327.75252043742177
10,3,1.5,0.24526315789473685,0.3575124653739612,0.11224930747922438,0.2834691250483152,0.2834691250483152,29.37150759850793,76175.81272588656,944.8588728004236,944.8588728004236,224.51371127700477,750.0000000000002,126271.44654071756,1574.764788000706,True,0.23761613267342133,126.27144654071756,336.7238574419135
10,4,1.5,0.3236842105263158,0.43593351800554014,0.11224930747922438,0.49372391194071996,0.49372391194071996,25.56710996038958,20870.563130482606,1021.5781799328324,1021.5781799328323,203.22945752900335,749.9999999999995,133224.37561020936,1702.630299888054,True,0.19893676423508327,133.22437561020936,355.265001627225
10,5,1.5,0.40210526315789474,0.5143545706371191,0.11224930747922438,0.761939777920948,0.761939777920948,22.938896289352716,7583.139306801331,1083.1761096640953,1083.1761096640953,190.59643540921127,750.0000000000001,142168.27327583174,1805.2935161068256,True,0.17596070824375667,142.16827327583175,379.115395402218
10,6,1.5,0.4805263157894737,0.592775623268698,0.11224930747922438,1.0881167229889988,1.0881167229889988,20.983784061765693,3301.8277446164157,1134.605024876032,1134.605024876032,182.91988556961215,750.0,152549.81456282714,1891.0083747933868,True,0.16121899829378786,152.54981456282715,406.7995055008724
10,7,1.5,0.5589473684210526,0.671196675900277,0.11224930747922438,1.4722547471448724,1.4722547471448724,19.456151475489335,1630.6858255308637,1178.7031463770672,1178.7031463770672,178.3628256754099,750.0000000000002,164107.87470716843,1964.505243961779,True,0.15132124337127342,164.10787470716843,437.62099921911584
10,8,1.5,0.6373684210526316,0.7496177285318559,0.11224930747922438,1.9143538503885693,1.9143538503885693,18.219947682934258,883.6467944425066,1217.2569173953254,1217.2569173953254,175.89004002658456,749.9999999999999,176687.03075106448,2028.7615289922092,True,0.1444970552337894,176.68703075106447,471.1654153361719
10,9,1.5,0.7157894736842104,0.8280387811634348,0.11224930747922438,2.4144140327200887,2.4144140327200887,17.192923982914397,514.1657399982324,1251.467088822503,1251.4670888225028,174.86724303396355,750.0,190178.56527439604,2085.778481370838,True,0.13972979760777807,190.17856527439605,507.14284073172274
10,10,1.5,0.7942105263157895,0.9064598337950138,0.11224930747922438,2.972435294139432,2.972435294139432,16.322045240804545,316.52031459576625,1282.1810864713646,1282.1810864713646,174.8823274458163,750.0000000000001,204498.55925320063,2136.9684774522743,True,0.1363944058222715,204.49855925320063,545.3294913418683
10,11,1.5,0.8726315789473684,0.9848808864265928,0.11224930747922438,3.5884176346465972,3.5884176346465972,15.57137393409299,203.9655959531798,1310.0199935595276,1310.0199935595276,175.6558472704725,750.0000000000002,219578.58187772366,2183.366655932546,True,0.1340863865697105,219.57858187772365,585.5428850072631
10,12,1.5,0.9510526315789474,1.0633019390581717,0.11224930747922438,4.262361054241587,4.262361054241587,14.915579144775718,136.504403768839,1335.4529373098715,1335.4529373098715,176.99210274707067,750.0000000000002,235361.14665944132,2225.7548955164525,True,0.13253338833759468,235.36114665944132,627.6297244251768
10,13,1.5,1.029473684210526,1.1417229916897504,0.11224930747922438,4.9942655529243964,4.9942655529243964,14.336223796249165,94.31122926779223,1358.8431117798325,1358.8431117798325,178.75055679228103,750.0000000000001,251797.1459241131,2264.7385196330542,True,0.1315461330617859,251.7971459241131,671.459055797635
10,14,1.5,1.1078947368421053,1.2201440443213296,0.11224930747922438,5.784131130695034,5.784131130695034,13.819525993154862,66.95375007921166,1380.4775381250697,1380.4775381250697,180.82823447217058,750.0000000000003,268844.1927404689,2300.7958968751163,True,0.1309896245887253,268.8441927404689,716.917847307917
10,15,1.5,1.1863157894736842,1.2985650969529086,0.11224930747922438,6.631957787553491,6.631957787553491,13.354949228844317,48.65936677971767,1400.5870243822774,1400.5870243822774,183.14842730075506,750.0,286465.43170212116,2334.3117073037956,True,0.13076547484190199,286.4654317021212,763.9078178723231
10,16,1.5,1.2647368421052632,1.3769861495844875,0.11224930747922438,7.537745523499772,7.537745523499772,12.934281593097577,36.09389721412516,1419.3599697003501,1419.3599697003501,185.65319888387518,750.0,304628.62607902853,2365.5999495005835,True,0.13080064454901427,304.62862607902855,812.3430028774094
10,17,1.5,1.3431578947368419,1.4554072022160662,0.11224930747922438,8.501494338533874,8.501494338533874,12.551015391111582,27.258895042135403,1436.9521649291137,1436.9521649291137,188.29827580666014,750.0000000000001,323305.42896822473,2394.920274881856,True,0.13104004461829047,323.30542896822476,862.1478105819326
10,18,1.5,1.421578947368421,1.5338282548476454,0.11224930747922438,9.523204232655802,9.523204232655802,12.199917815709544,20.91718872254126,1453.4939101191262,1453.4939101191264,191.0494850456348,750.0,342470.7887153137,2422.489850198544,True,0.13144154489782256,342.4707887153137,913.25543657417
10,19,1.5,1.5,1.6122493074792243,0.11224930747922438,10.602875205865551,10.602875205865551,11.87672681755833,16.280785742404966,1469.095286692959,1469.095286692959,193.8802217818206,750.0000000000001,362102.4581908586,2448.4921444882652,True,0.13197252999038556,362.1024581908586,965.6065551756229
11,0,1.5,0.01,0.14540166204986152,0.1354016620498615,0.00047123889803846896,0.00047123889803846896,49.60119578630302,17209525795735.908,683.2732016458438,683.2732016458438,293.45395537932706,72.29702692980977,70976.587648468,1138.7886694097397,True,0.4294826061851479,70.976587648468,189.27090039591468
11,1,1.5,0.08842105263157896,0.22382271468144047,0.1354016620498615,0.03684278852697438,0.03684278852697438,53.72602611136752,6118252.686474594,647.9874624664004,647.9874624664004,322.89103767919926,750.0000000000001,165461.5325431102,1079.9791041106673,True,0.4982982794916991,165.4615325431102,441.23075344829385
11,2,1.5,0.1668421052631579,0.3022437673130194,0.1354016620498615,0.13117541724373327,0.13117541724373327,39.11197337100608,316077.9262100663,795.7120433293497,795.7120433293497,241.06281408616996,749.9999999999998,151126.4639988277,1326.1867388822495,True,0.3029523256648671,151.12646399882772,403.0039039968739
11,3,1.5,0.24526315789473685,0.38066481994459833,0.1354016620498615,0.2834691250483152,0.2834691250483152,32.2586658061025,52352.38197782798,894.5473225560016,894.5473225560016,205.5650888741824,750.0000000000003,152962.25626166543,1490.9122042600027,True,0.229797891839661,152.96225626166543,407.8993500311078
11,4,1.5,0.3236842105263158,0.4590858725761773,0.1354016620498615,0.49372391194071996,0.49372391194071996,28.080303779911524,14343.44648256172,969.4415479331187,969.4415479331187,186.22309484634584,750.0,159904.2500546274,1615.7359132218646,True,0.19209316460943893,159.9042500546274,426.4113334790064
11,5,1.5,0.40210526315789474,0.5375069252077562,0.1354016620498615,0.761939777920948,0.761939777920948,25.19374216244401,5211.567706002773,1029.8567769951471,1029.8567769951471,174.74521533733466,750.0,169547.33992556558,1716.4279616585786,True,0.16967914300393838,169.54733992556558,452.12623980150823
11,6,1.5,0.4805263157894737,0.6159279778393352,0.1354016620498615,1.0881167229889988,1.0881167229889988,23.046446462636002,2269.20516008367,1080.4949288920047,1080.4949288920047,167.76886514969607,750.0,181047.71298242416,1800.8248814866747,True,0.1552703864346082,181.04771298242414,482.7939012864644
11,7,1.5,0.5589473684210526,0.6943490304709141,0.1354016620498615,1.4722547471448724,1.4722547471448724,21.368650765226707,1120.700707601515,1124.0597976500305,1124.0597976500305,163.62370403573854,750.0000000000002,194010.15957564503,1873.4329960833843,True,0.1455649462580298,194.01015957564502,517.3604255350534
11,8,1.5,0.6373684210526316,0.7727700831024931,0.1354016620498615,1.9143538503885693,1.9143538503885693,20.010930706815525,607.2926938450192,1162.2583170737632,1162.2583170737632,161.36930044400907,750.0,208206.3168423024,1937.0971951229387,True,0.1388411664373297,208.20631684230239,555.2168449128063
11,9,1.5,0.7157894736842104,0.8511911357340719,0.1354016620498615,2.4144140327200887,2.4144140327200887,18.882952709677557,353.3641487641482,1196.2408981998285,1196.2408981998285,160.42994308952643,750.0000000000001,223482.89165018147,1993.7348303330475,True,0.13411173563029868,223.48289165018147,595.9543777338173
11,10,1.5,0.7942105263157895,0.929612188365651,0.1354016620498615,2.972435294139432,2.972435294139432,17.92646839558032,217.53089098094685,1226.8214423178372,1226.8214423178372,160.43185585327825,750.0,239726.32361906936,2044.702403863062,True,0.13077033895835233,239.72632361906935,639.2701963175183
11,11,1.5,0.8726315789473684,1.00803324099723,0.1354016620498615,3.5884176346465972,3.5884176346465972,17.10200765817273,140.176841015147,1254.5978163704635,1254.5978163704635,161.12172781456476,749.9999999999997,256847.21468442585,2090.996360617439,True,0.12842500258823022,256.84721468442586,684.9259058251356
11,12,1.5,0.9510526315789474,1.0864542936288089,0.1354016620498615,4.262361054241587,4.262361054241587,16.381749602810128,93.81364546089596,1280.0225613384434,1280.0225613384434,162.32223059534866,750.0000000000001,274772.5522780781,2133.3709355640726,True,0.1268120074583826,274.7725522780781,732.726806074875
11,13,1.5,1.029473684210526,1.1648753462603876,0.1354016620498615,4.9942655529243964,4.9942655529243964,15.745444826543025,64.81607905114096,1303.4467171086314,1303.4467171086314,163.90604767544775,750.0,293441.3279172519,2172.4111951810523,True,0.12574817637274202,293.4413279172519,782.5102077793384
11,14,1.5,1.1078947368421053,1.2432963988919667,0.1354016620498615,5.784131130695034,5.784131130695034,15.177956702317042,46.01445227250944,1325.1482089388571,1325.1482089388571,165.77989690110192,750.0,312801.7857399472,2208.5803482314286,True,0.12510290983516023,312.8017857399472,834.1380953065259
11,15,1.5,1.1863157894736842,1.3217174515235457,0.1354016620498615,6.631957787553491,6.631957787553491,14.667713006758985,33.4415041375112,1345.350916064018,1345.350916064018,167.8742849005614,750.0,332809.53616636037,2242.2515267733634,True,0.12478103883237937,332.8095361663604,887.4920964436277
11,16,1.5,1.2647368421052632,1.4001385041551246,0.1354016620498615,7.537745523499772,7.537745523499772,14.20569461592614,24.805793681807426,1364.2378794675442,1364.2378794675442,170.13671439699854,750.0000000000002,353426.1773222352,2273.729799112574,True,0.12471191201889374,353.4261773222352,942.4698061926272
11,17,1.5,1.3431578947368419,1.4785595567867034,0.1354016620498615,8.501494338533874,8.501494338533874,13.784754142129401,18.733874106136575,1381.9606924683644,1381.9606924683644,172.52705625652283,750.0,374618.24300302565,2303.2678207806075,True,0.12484223118413498,374.61824300302567,998.9819813414017
11,18,1.5,1.421578947368421,1.5569806094182825,0.1354016620498615,9.523204232655802,9.523204232655802,13.399144404112324,14.37549026021306,1398.646329817857,1398.646329817857,175.01432396612842,749.9999999999999,396356.37678310723,2331.077216363095,True,0.1251312216927064,396.35637678310724,1056.950338088286
11,19,1.5,1.5,1.6354016620498615,0.1354016620498615,10.602875205865551,10.602875205865551,13.044184401942388,11.18908855167244,1414.4022128816966,1414.4022128816966,177.57438184478033,750.0000000000001,418614.6714891904,2357.3370214694946,True,0.12554730205278108,418.6146714891904,1116.305790637841
12,0,1.5,0.01,0.1707590027700831,0.1607590027700831,0.00047123889803846896,0.00047123889803846896,54.96672087115744,11411380145685.754,638.1422169778007,638.1422169778007,274.55335769381634,74.77983373668282,98191.61522761184,1063.5703616296678,True,0.43023851171308314,98.19161522761183,261.84430727363156
12,1,1.5,0.08842105263157896,0.24918005540166205,0.1607590027700831,0.03684278852697438,0.03684278852697438,58.541031824809394,4340350.413791376,611.5304128402038,611.5304128402038,297.49563218737103,750.0,207363.1500651293,1019.217354733673,True,0.48647724780469465,207.3631500651293,552.9684001736781
12,2,1.5,0.1668421052631579,0.327601108033241,0.1607590027700831,0.13117541724373327,0.13117541724373327,42.6172461201018,224228.8816950901,753.8304166317391,753.830416631739,222.396384209609,749.9999999999999,184177.11682433114,1256.384027719565,True,0.2950217705506224,184.17711682433114,491.13897819821636
12,3,1.5,0.24526315789473685,0.40602216066481994,0.1607590027700831,0.2834691250483152,0.2834691250483152,35.14973502165223,37139.309934477555,849.720010543679,849.720010543679,189.8488707470032,750.0000000000001,183725.16478012365,1416.2000175727983,True,0.2234252087643924,183.72516478012366,489.9337727469964
12,4,1.5,0.3236842105263158,0.4844432132963989,0.1607590027700831,0.49372391194071996,0.49372391194071996,30.596902027010437,10175.386187204624,922.7619775097013,922.7619775097013,172.12383463999936,750.0,190325.22482464515,1537.9366291828355,True,0.18653113027534748,190.32522482464515,507.5339328657204
12,5,1.5,0.40210526315789474,0.5628642659279779,0.1607590027700831,0.761939777920948,0.761939777920948,27.451642499306693,3697.138906873879,981.9280762723249,981.9280762723249,161.60646728215636,749.9999999999999,200520.06806842773,1636.5467937872083,True,0.16458075819123122,200.52006806842772,534.7201815158073
12,6,1.5,0.4805263157894737,0.6412853185595568,0.1607590027700831,1.0881167229889988,1.0881167229889988,25.11190299132287,1609.797120233334,1031.6911486974868,1031.6911486974868,155.21114374579497,750.0,213087.66933939545,1719.4852478291448,True,0.15044341898420813,213.08766933939546,568.2337849050546
12,7,1.5,0.5589473684210526,0.7197063711911358,0.1607590027700831,1.4722547471448724,1.4722547471448724,23.28374076853036,795.0364310267387,1074.6305903584173,1074.6305903584173,151.406528671023,750.0,227459.2178261986,1791.0509839306956,True,0.1408916980676355,227.45921782619862,606.5579142031963
12,8,1.5,0.6373684210526316,0.7981274238227147,0.1607590027700831,1.9143538503885693,1.9143538503885693,21.804339835658947,430.8195869140409,1112.3789487142692,1112.3789487142692,149.33127579165296,749.9999999999998,243312.9020047617,1853.964914523782,True,0.13424496747646641,243.3129020047617,648.8344053460312
12,9,1.5,0.7157894736842104,0.8765484764542935,0.1607590027700831,2.4144140327200887,2.4144140327200887,20.575270786493455,250.68010556315488,1146.0390438328006,1146.0390438328006,148.45855211387828,750.0000000000001,260439.13101999223,1910.065073054668,True,0.12954057098907826,260.4391310199922,694.5043493866459
12,10,1.5,0.7942105263157895,0.9549695290858726,0.1607590027700831,2.972435294139432,2.972435294139432,19.533064937219788,154.3186169425102,1176.3927604038843,1176.3927604038843,148.4465679688703,750.0,278687.5192975592,1960.6546006731405,True,0.12618793056657795,278.6875192975592,743.1667181268245
12,11,1.5,0.8726315789473684,1.0333905817174516,0.1607590027700831,3.5884176346465972,3.5884176346465972,18.634714812331787,99.44287055176135,1204.015572076266,1204.015572076266,149.06382059827436,750.0000000000003,297943.0607735562,2006.6926201271099,True,0.12380555871152156,297.94306077355617,794.5148287294832
12,12,1.5,0.9510526315789474,1.1118116343490305,0.1607590027700831,4.262361054241587,4.262361054241587,17.84990616756704,66.55235011715419,1229.3438636437577,1229.3438636437577,150.14831032061767,750.0000000000003,318114.09276938974,2048.906439406263,True,0.12213695025538275,318.11409276938974,848.3042473850393
12,13,1.5,1.029473684210526,1.1902326869806092,0.1607590027700831,4.9942655529243964,4.9942655529243964,17.156574818613066,45.98118285501152,1252.7167195113643,1252.7167195113643,151.5837505590343,750.0,339125.5319613632,2087.8611991856073,True,0.12100401327617084,339.1255319613632,904.3347518969686
12,14,1.5,1.1078947368421053,1.2686537396121884,0.1607590027700831,5.784131130695034,5.784131130695034,16.538227571570246,32.643118418904294,1274.4030294366262,1274.4030294366262,153.28494498102685,749.9999999999999,360914.69852694235,2124.005049061044,True,0.12027980273147133,360.91469852694235,962.4391960718463
12,15,1.5,1.1863157894736842,1.3470747922437674,0.1607590027700831,6.631957787553491,6.631957787553491,15.98225508333605,23.723741688852716,1294.6197213003068,1294.6197213003068,155.18841835109814,750.0,383428.5303544494,2157.6995355005115,True,0.11987181702687798,383.42853035444944,1022.4760809451984
12,16,1.5,1.2647368421052632,1.4254958448753463,0.1607590027700831,7.537745523499772,7.537745523499772,15.478829922775544,17.59748123990847,1313.54440613368,1313.54440613368,157.246209441615,749.9999999999999,406621.6103184705,2189.2406768894666,True,0.11971137687263843,406.6216103184705,1084.3242941825881
12,17,1.5,1.3431578947368419,1.503916897506925,0.1607590027700831,8.501494338533874,8.501494338533874,15.020164142771554,13.290000004125023,1331.324379618047,1331.324379618047,159.42164463541272,749.9999999999998,430454.70693643065,2218.8739660300785,True,0.11974665759606258,430.4547069364306,1147.8792184971485
12,18,1.5,1.421578947368421,1.5823379501385042,0.1607590027700831,9.523204232655802,9.523204232655802,14.599995491205537,10.198118367569744,1348.0831759109017,1348.0831759109017,161.68639369985405,750.0000000000002,454893.660560205,2246.805293184836,True,0.1199379953618977,454.893660560205,1213.04976149388
12,19,1.5,1.5,1.6607590027700831,0.1607590027700831,10.602875205865551,10.602875205865551,14.213223450025886,7.937652727642274,1363.9254341346016,1363.9254341346016,164.01837862137603,749.9999999999999,479908.5140604349,2273.2090568910025,True,0.12025465213605627,479.90851406043487,1279.756037494493
13,0,1.5,0.01,0.19832132963988916,0.18832132963988915,0.00047123889803846896,0.00047123889803846896,60.353309441390955,7851147425321.515,598.9459842185836,598.9459842185836,258.1017140576209,76.95960097130508,132778.07357029335,998.2433070309727,True,0.4309265290330879,132.77807357029334,354.07486285411557
13,1,1.5,0.08842105263157896,0.2767423822714681,0.18832132963988915,0.03684278852697438,0.03684278852697438,63.3610662577913,3162833.8382824184,579.2690958471505,579.2690958471505,276.1270858221488,750.0000000000002,257457.36905512848,965.4484930785843,True,0.4766818872295051,257.4573690551285,686.5529841470093
13,2,1.5,0.1668421052631579,0.355163434903047,0.18832132963988915,0.13117541724373327,0.13117541724373327,46.126179723330495,163396.64472527202,716.4754482439492,716.4754482439492,206.7043316733864,749.9999999999998,222747.46510467626,1194.1257470732487,True,0.28850162581287314,222.74746510467625,593.9932402791367
13,3,1.5,0.24526315789473685,0.433584487534626,0.18832132963988915,0.2834691250483152,0.2834691250483152,38.043823626403345,27063.590492136285,809.516417257889,809.516417257889,176.6449570012551,749.9999999999999,219097.43424671164,1349.1940287631483,True,0.21821046891131923,219.09743424671163,584.2598246578978
13,4,1.5,0.3236842105263158,0.5120055401662049,0.18832132963988915,0.49372391194071996,0.49372391194071996,33.11612857146405,7414.851954860899,880.716723120861,880.716723120861,160.28239705453137,750.0,224948.99381702955,1467.861205201435,True,0.18199086363043407,224.94899381702956,599.8639835120788
13,5,1.5,0.40210526315789474,0.5904265927977839,0.18832132963988915,0.761939777920948,0.761939777920948,29.711900953317944,2694.122576448098,938.6046311783231,938.6046311783231,150.57308180800942,750.0000000000001,235504.11193341555,1564.341051963872,True,0.1604222659960458,235.50411193341554,628.0109651557748
13,6,1.5,0.4805263157894737,0.6688476454293628,0.18832132963988915,1.0881167229889988,1.0881167229889988,27.179516651739785,1173.0667617216752,987.4435970951797,987.4435970951797,144.66527780948775,750.0000000000002,249059.2951018493,1645.7393284919663,True,0.14650485175564257,249.0592951018493,664.1581202715981
13,7,1.5,0.5589473684210526,0.7472686980609418,0.18832132963988915,1.4722547471448724,1.4722547471448724,25.200830863026763,579.3468008317177,1029.6982259518218,1029.6982259518218,141.14508186708852,750.0000000000002,264825.7433238871,1716.163709919703,True,0.13707422068889968,264.82574332388714,706.2019821970323
13,8,1.5,0.6373684210526316,0.8256897506925207,0.18832132963988915,1.9143538503885693,1.9143538503885693,23.59962197402015,313.94026697865553,1066.9318125408959,1066.9318125408959,139.21797050404626,750.0000000000001,282364.1922167725,1778.2196875681598,True,0.13048441228169863,282.36419221677255,752.9711792447267
13,9,1.5,0.7157894736842104,0.9041108033240995,0.18832132963988915,2.4144140327200887,2.4144140327200887,22.26935629485301,182.6717764399989,1100.2024952809468,1100.2024952809468,138.39841090419162,750.0,301395.0746362014,1833.6708254682446,True,0.12579358027073945,301.3950746362014,803.7201990298703
13,10,1.5,0.7942105263157895,0.9825318559556786,0.18832132963988915,2.972435294139432,2.972435294139432,21.141339384120986,112.45270473827105,1130.2618545755497,1130.2618545755497,138.37163880981166,750.0000000000003,321722.82171869604,1883.7697576259163,True,0.1224244083348055,321.722821718696,857.9275245831894
13,11,1.5,0.8726315789473684,1.0609529085872575,0.18832132963988915,3.5884176346465972,3.5884176346465972,20.169022702787714,72.46448926281722,1157.6640005651211,1157.6640005651211,138.92457530430195,750.0000000000001,343201.4356064243,1929.4400009418687,True,0.12000422854687114,343.2014356064243,915.2038282837981
13,12,1.5,0.9510526315789474,1.1393739612188365,0.18832132963988915,4.262361054241587,4.262361054241587,19.31959605295622,48.497011738709865,1182.8297852218393,1182.8297852218393,139.9081691362445,750.0,365716.98940987384,1971.3829753697323,True,0.11828258882574959,365.71698940987386,975.2453050929969
13,13,1.5,1.029473684210526,1.2177950138504152,0.18832132963988915,4.9942655529243964,4.9942655529243964,18.569178573620658,33.50670503376375,1206.086710768268,1206.086710768268,141.2154498581457,749.9999999999998,389177.8167936097,2010.1445179471134,True,0.1170856527953886,389.1778167936097,1037.807511449626
13,14,1.5,1.1078947368421053,1.2962160664819944,0.18832132963988915,5.784131130695034,5.784131130695034,17.89991908725816,23.787194507225166,1227.694847092052,1227.694847092052,142.76804979200068,750.0000000000001,413508.52483330166,2046.1580784867533,True,0.11628952433103762,413.5085248333017,1102.689399555471
13,15,1.5,1.1863157894736842,1.3746371191135733,0.18832132963988915,6.631957787553491,6.631957787553491,17.298170047884597,17.28760257368966,1247.864285191909,1247.864285191909,144.5075754907016,750.0,438646.0727236317,2079.7738086531817,True,0.11580391970948813,438.6460727236317,1169.7228605963512
13,16,1.5,1.2647368421052632,1.4530581717451523,0.18832132963988915,7.537745523499772,7.537745523499772,16.753294872988974,12.823367661115732,1266.7672550025043,1266.7672550025043,146.38989543748986,749.9999999999999,464537.0553577416,2111.278758337507,True,0.11556179310713273,464.5370553577416,1238.7654809539777
13,17,1.5,1.3431578947368419,1.531479224376731,0.18832132963988915,8.501494338533874,8.501494338533874,16.256864387035392,9.684485748030328,1284.5467606744069,1284.5467606744069,148.3812529053982,750.0000000000002,491135.73888535175,2140.9112677906783,True,0.11551253519762547,491.13573888535177,1309.6953036942714
13,18,1.5,1.421578947368421,1.6099002770083102,0.18832132963988915,9.523204232655802,9.523204232655802,15.80210072911095,7.431417002016618,1301.3228741158127,1301.3228741158127,150.4555593753712,750.0000000000001,518402.5932929392,2168.871456859688,True,0.11561739393661133,518.4025932929392,1382.4069154478377
13,19,1.5,1.5,1.6883213296398891,0.18832132963988915,10.602875205865551,10.602875205865551,15.383483424906562,5.784205018044079,1317.1974127532437,1317.1974127532437,152.5924728588477,749.9999999999998,546303.1691271561,2195.329021255406,True,0.11584631990727537,546.3031691271561,1456.8084510057497
14,0,1.5,0.01,0.22808864265927978,0.21808864265927977,0.00047123889803846896,0.00047123889803846896,65.73826448561368,5577820736658.27,564.6925457838556,564.6925457838556,243.642188847752,78.84307598379642,175955.17632953054,941.1542429730928,True,0.4314598991377684,175.95517632953053,469.2138035454148
14,1,1.5,0.08842105263157896,0.3065096952908587,0.21808864265927977,0.03684278852697438,0.03684278852697438,68.18506297094666,2358355.660925922,550.5063702274264,550.5063702274264,257.9581329032798,750.0,316979.19245485525,917.5106170457107,True,0.46858337496932434,316.97919245485525,845.2778465462807
14,2,1.5,0.1668421052631579,0.38493074792243764,0.21808864265927977,0.13117541724373327,0.13117541724373327,49.637997824219845,121836.1196848109,682.939627956729,682.939627956729,193.3730638739894,750.0,267606.66477108403,1138.2327132612152,True,0.2831481084975808,267.606664771084,713.6177727228908
14,3,1.5,0.24526315789473685,0.4633518005540166,0.21808864265927977,0.2834691250483152,0.2834691250483152,40.940291299200204,20179.86878399249,773.2461333803859,773.2461333803859,165.43308563405793,749.9999999999999,259679.61579491862,1288.7435556339765,True,0.21394621775971534,259.6796157949186,692.4789754531163
14,4,1.5,0.3236842105263158,0.5417728531855955,0.21808864265927977,0.49372391194071996,0.49372391194071996,35.637426030872405,5528.857656388962,842.6392270483963,842.6392270483963,150.22966622488195,750.0000000000001,264291.06887021195,1404.398711747327,True,0.17828468151323512,264.291068870212,704.7761836538986
14,5,1.5,0.40210526315789474,0.6201939058171745,0.21808864265927977,0.761939777920948,0.761939777920948,31.974017439130375,2008.8627965499093,899.2450224592172,899.2450224592174,141.20642106108528,749.9999999999998,274964.952768748,1498.7417040986957,True,0.15702774831593722,274.964952768748,733.2398740499947
14,6,1.5,0.4805263157894737,0.6986149584487534,0.21808864265927977,1.0881167229889988,1.0881167229889988,29.248829981469644,874.6930062101235,947.1354502713909,947.135450271391,135.7111945401527,750.0000000000001,289395.8863719889,1578.5590837856519,True,0.1432859413099427,289.3958863719889,771.7223636586372
14,7,1.5,0.5589473684210526,0.7770360110803324,0.21808864265927977,1.4722547471448724,1.4722547471448724,27.119496889848502,431.9878555880061,988.6692853766348,988.6692853766349,132.43031550090058,750.0000000000001,306521.08740904875,1647.7821422943916,True,0.1339480425453402,306.52108740904873,817.38956642413
14,8,1.5,0.6373684210526316,0.8554570637119113,0.21808864265927977,1.9143538503885693,1.9143538503885693,25.396379913212556,234.08842945216912,1025.3455046774488,1025.3455046774488,130.62629968066753,750.0000000000002,325755.9554766693,1708.9091744624147,True,0.1273973495614629,325.7559554766693,868.6825479377848
14,9,1.5,0.7157894736842104,0.9338781163434902,0.21808864265927977,2.4144140327200887,2.4144140327200887,23.964834415965704,136.208552230684,1058.180459067709,1058.180459067709,129.8488651540107,750.0000000000001,346735.08927422075,1763.634098446182,True,0.12270956625716913,346.73508927422074,924.6269047312553
14,10,1.5,0.7942105263157895,1.0122991689750693,0.21808864265927977,2.972435294139432,2.972435294139432,22.75093590331089,83.84995430235814,1087.8971979538217,1087.8971979538217,129.80631151602307,749.9999999999998,369208.064769451,1813.1619965897028,True,0.1193185456862745,369.20806476945097,984.5548393852026
14,11,1.5,0.8726315789473684,1.0907202216066483,0.21808864265927977,3.5884176346465972,3.5884176346465972,21.70459186177169,54.03288544613405,1115.0295880171357,1115.0295880171357,130.30128066702292,750.0000000000003,392991.6730121499,1858.3826466952262,True,0.11685903411651931,392.99167301214993,1047.9777946990664
14,12,1.5,0.9510526315789474,1.1691412742382272,0.21808864265927977,4.262361054241587,4.262361054241587,20.790494088032933,36.1616221464507,1139.9836700821782,1139.9836700821782,131.1957685439735,749.9999999999999,417945.5547806686,1899.972783470297,True,0.11508565603796408,417.9455547806686,1114.5214794151161
14,13,1.5,1.029473684210526,1.247562326869806,0.21808864265927977,4.9942655529243964,4.9942655529243964,19.982943551007327,24.98415393780662,1163.075834167337,1163.075834167337,132.3907519372855,749.9999999999998,443958.57266739605,1938.4597236122283,True,0.11382813402882365,443.958572667396,1183.8895271130561
14,14,1.5,1.1078947368421053,1.3259833795013851,0.21808864265927977,5.784131130695034,5.784131130695034,19.26272997322652,17.736835917414137,1184.5576367474025,1184.5576367474025,133.81368775784216,750.0,470940.5637639259,1974.2627279123376,True,0.11296511339479623,470.9405637639259,1255.8415033704691
14,15,1.5,1.1863157894736842,1.404404432132964,0.21808864265927977,6.631957787553491,6.631957787553491,18.615166752376407,12.890438599720703,1204.6325297971568,1204.6325297971568,135.41051661154424,750.0000000000001,498817.0093301172,2007.7208829952615,True,0.11240815208132016,498.81700933011723,1330.1786915469793
14,16,1.5,1.2647368421052632,1.482825484764543,0.21808864265927977,7.537745523499772,7.537745523499772,18.0288074894119,9.561697914598524,1223.4674866445127,1223.4674866445127,137.14037273265726,749.9999999999999,527525.4015682853,2039.1124777408547,True,0.1120915547243344,527.5254015682854,1406.734404182094
14,17,1.5,1.3431578947368419,1.5612465373961217,0.21808864265927977,8.501494338533874,8.501494338533874,17.494581253260446,7.221201920435607,1241.2012941917767,1241.2012941917767,138.97198631725328,749.9999999999999,557012.6609971881,2068.6688236529612,True,0.11196571174037212,557.012660997188,1485.3670959925016
14,18,1.5,1.421578947368421,1.639667590027701,0.21808864265927977,9.523204232655802,9.523204232655802,17.005194150361703,5.541209324143462,1257.950601716173,1257.950601716173,140.88117969941234,750.0000000000005,587233.2395221196,2096.5843361936218,True,0.11199261680642597,587.2332395221197,1565.9553053923191
14,19,1.5,1.5,1.7180886426592799,0.21808864265927977,10.602875205865551,10.602875205865551,16.554705404926576,4.312971640542531,1273.814420515998,1273.814420515998,142.849090278231,749.9999999999998,618147.691054235,2123.0240341933304,True,0.11214277996661831,618.147691054235,1648.3938428112933
15,0,1.5,0.01,0.2600609418282549,0.2500609418282549,0.00047123889803846896,0.00047123889803846896,71.09850357077946,4076576996904.4873,534.6017433439587,534.6017433439587,230.82558515754272,80.43317235048833,229008.2333075258,891.0029055732645,True,0.4317711044369552,229.0082333075258,610.6886221534022
15,1,1.5,0.08842105263157896,0.33848199445983385,0.2500609418282549,0.03684278852697438,0.03684278852697438,73.01223659220814,1793839.8809199575,524.6917764943773,524.6917764943773,242.37649691313092,750.0000000000001,387303.34276828106,874.4862941572956,True,0.46194071981177365,387.3033427682811,1032.8089140487496
15,2,1.5,0.1668421052631579,0.4169030470914128,0.2500609418282549,0.13117541724373327,0.13117541724373327,53.15212868029026,92672.40478111076,652.6555894207697,652.6555894207697,181.94831835747834,749.9999999999998,319611.9547465081,1087.759315701283,True,0.278781521688885,319.6119547465081,852.2985459906882
15,3,1.5,0.24526315789473685,0.49532409972299174,0.2500609418282549,0.2834691250483152,0.2834691250483152,43.838666479853295,15349.446233332368,740.3494248592941,740.3494248592941,155.82805938123718,750.0000000000001,306140.57824802323,1233.9157080988236,True,0.2104790712991407,306.14057824802325,816.374875328062
15,4,1.5,0.3236842105263158,0.5737451523545707,0.2500609418282549,0.49372391194071996,0.49372391194071996,38.1603839247323,4205.423941894448,807.9844395799561,807.9844395799561,141.61832900042398,750.0000000000001,308924.59616119263,1346.64073263326,True,0.1752735845680971,308.92459616119265,823.7989230965137
15,5,1.5,0.40210526315789474,0.6521662049861496,0.2500609418282549,0.761939777920948,0.761939777920948,34.237623672268114,1528.004558198322,863.3210177043394,863.3210177043394,133.18177114367353,749.9999999999995,319418.9438645619,1438.8683628405656,True,0.1542668004282089,319.4189438645619,851.7838503054984
15,6,1.5,0.4805263157894737,0.7305872576177286,0.2500609418282549,1.0881167229889988,1.0881167229889988,31.31950608540566,665.3191560960123,910.2556309244102,910.2556309244103,128.03796237286542,750.0,334576.9326163428,1517.0927182073506,True,0.14066154388172963,334.5769326163428,892.2051536435807
15,7,1.5,0.5589473684210526,0.8090083102493075,0.2500609418282549,1.4722547471448724,1.4722547471448724,29.039426480062996,328.58362131970125,951.049454785912,951.0494547859121,124.95949503931045,750.0000000000001,352999.3707016986,1585.0824246431869,True,0.13139116416132085,352.9993707016986,941.3316552045295
15,8,1.5,0.6373684210526316,0.8874293628808865,0.2500609418282549,1.9143538503885693,1.9143538503885693,27.194321131582186,178.05506072326446,987.1417825197937,987.1417825197937,123.25797398418703,749.9999999999999,373924.1252405235,1645.2363041996562,True,0.12486349597071739,373.9241252405235,997.131000641396
15,9,1.5,0.7157894736842104,0.9658504155124653,0.2500609418282549,2.4144140327200887,2.4144140327200887,25.661429117065275,103.60453139533686,1019.5099610618884,1019.5099610618884,122.51345064063099,750.0000000000001,396881.67151870154,1699.1832684364806,True,0.12016895893103877,396.8816715187015,1058.3511240498708
15,10,1.5,0.7942105263157895,1.0442714681440444,0.2500609418282549,2.972435294139432,2.972435294139432,24.361592444000276,63.77892636508935,1048.8502602390656,1048.8502602390656,122.45406741568657,750.0000000000002,421555.5871620542,1748.0837670651094,True,0.11675076229449137,421.5555871620542,1124.1482324321446
15,11,1.5,0.8726315789473684,1.1226925207756233,0.2500609418282549,3.5884176346465972,3.5884176346465972,23.24117229053851,41.09912105301386,1075.6774434758163,1075.6774434758163,122.89598913391757,750.0,447718.2933395162,1792.7957391263606,True,0.11424985238772514,447.7182933395162,1193.9154489053765
15,12,1.5,0.9510526315789474,1.2011135734072023,0.2500609418282549,4.262361054241587,4.262361054241587,22.262360802851507,27.50567314329238,1100.3835015753732,1100.3835015753732,123.71071303454067,750.0,475198.2047242486,1833.9725026256222,True,0.11242508894165462,475.1982047242486,1267.1952125979963
15,13,1.5,1.029473684210526,1.279534626038781,0.2500609418282549,4.9942655529243964,4.9942655529243964,21.397639582390056,19.00373742062507,1123.2742296199615,1123.2742296199615,124.80605022563003,750.0000000000001,503861.39385022846,1872.1237160332691,True,0.11110915476789296,503.86139385022847,1343.6303836006093
15,14,1.5,1.1078947368421053,1.3579556786703602,0.2500609418282549,5.784131130695034,5.784131130695034,20.62643835668672,13.491198192514872,1144.5930263828643,1144.5930263828643,126.11446601525873,750.0000000000002,533600.5658276874,1907.6550439714406,True,0.11018280131742972,533.6005658276874,1422.9348422071664
15,15,1.5,1.1863157894736842,1.436376731301939,0.2500609418282549,6.631957787553491,6.631957787553491,19.93303078281285,9.804875161895849,1164.5369509032548,1164.5369509032548,127.58562734857473,749.9999999999999,564328.0036612742,1940.8949181720914,True,0.10955910608900382,564.3280036612742,1504.8746764300645
15,16,1.5,1.2647368421052632,1.514797783933518,0.2500609418282549,7.537745523499772,7.537745523499772,19.30516011187369,7.272929750460913,1183.2678901385977,1183.2678901385977,129.18147595284745,749.9999999999999,595970.8187894267,1972.1131502309963,True,0.10917348220927067,595.9708187894267,1589.2555167718047
15,17,1.5,1.3431578947368419,1.5932188365650968,0.2500609418282549,8.501494338533874,8.501494338533874,18.733113234623243,5.492674496758227,1200.9205306515357,1200.9205306515357,130.87287964598224,749.9999999999997,628467.6200589457,2001.5342177525597,True,0.10897713571020369,628.4676200589457,1675.913653490522
15,18,1.5,1.421578947368421,1.671639889196676,0.2500609418282549,9.523204232655802,9.523204232655802,18.209079885013473,4.214819010916909,1217.608178020187,1217.608178020187,132.6373028911406,750.0000000000001,661766.0999264938,2029.3469633669786,True,0.10893266428844695,661.7660999264938,1764.7095998039836
15,19,1.5,1.5,1.750060941828255,0.2500609418282549,10.602875205865551,10.602875205865551,17.726698708980084,3.280582595012156,1233.427089027258,1233.427089027258,134.45715408654598,750.0000000000003,695821.2389800379,2055.7118150454303,True,0.1090110273097582,695.8212389800378,1855.5233039467676
16,0,1.5,0.01,0.2942382271468144,0.2842382271468144,0.00047123889803846896,0.00047123889803846896,76.41066213573737,3055776858846.787,508.05202111916856,508.05202111916856,219.38038317185223,81.73076816582541,293275.4812069611,846.7533685319477,True,0.43180692931520576,293.2754812069611,782.0679498852296
16,1,1.5,0.08842105263157896,0.37265927977839336,0.2842382271468144,0.03684278852697438,0.03684278852697438,77.84199610016472,1388386.649190106,501.38502815025436,501.38502815025436,228.91907365201976,750.0000000000003,469958.5802435581,835.6417135837573,True,0.4565734132440381,469.9585802435581,1253.2228806494882
16,2,1.5,0.1668421052631579,0.4510803324099723,0.2842382271468144,0.13117541724373327,0.13117541724373327,56.66814203426495,71726.0949067821,625.1632879051389,625.1632879051389,172.08644773844915,749.9999999999999,379716.5581835703,1041.9388131752314,True,0.2752664001033938,379.71655818357027,1012.5774884895208
16,3,1.5,0.24526315789473685,0.5295013850415513,0.2842382271468144,0.2834691250483152,0.2834691250483152,46.738594301949426,11880.08274846183,710.3680220690918,710.3680220690918,147.53849657056315,750.0000000000002,359222.9332105428,1183.9467034484865,True,0.20769304358722002,359.22293321054275,957.9278218947808
16,4,1.5,0.3236842105263158,0.6079224376731303,0.2842382271468144,0.49372391194071996,0.49372391194071996,40.684693351344464,3254.8916529363396,776.3026987950068,776.3026987950068,134.18570960000727,749.9999999999998,359484.45683145354,1293.8378313250114,True,0.17285230337121477,359.48445683145354,958.6252182172094
16,5,1.5,0.40210526315789474,0.6863434903047092,0.2842382271468144,0.761939777920948,0.761939777920948,36.50244250509681,1182.6368401488533,830.394060464774,830.394060464774,126.2536042367312,750.0000000000002,369436.5877405444,1383.9901007746234,True,0.1520405916271447,369.4365877405444,985.1642339747851
16,6,1.5,0.4805263157894737,0.7647645429362881,0.2842382271468144,1.0881167229889988,1.0881167229889988,33.391291437569976,514.9401814505364,876.377512129083,876.3775121290829,121.41052770441598,750.0000000000001,385130.83292292134,1460.6291868818048,True,0.138536790394655,385.13083292292134,1027.0155544611237
16,7,1.5,0.5589473684210526,0.8431855955678671,0.2842382271468144,1.4722547471448724,1.4722547471448724,30.960384564541926,254.31540341764025,916.4241264059697,916.4241264059698,118.5038093528038,750.0000000000001,404759.79162275273,1527.3735440099497,True,0.12931109727277892,404.75979162275274,1079.3594443273407
16,8,1.5,0.6373684210526316,0.921606648199446,0.2842382271468144,1.9143538503885693,1.9143538503885693,28.993225495809003,137.8101087830282,951.917805732808,951.917805732808,116.88757988030973,750.0000000000001,427346.7973191164,1586.5296762213468,True,0.12279167295366117,427.34679731911643,1139.591459517644
16,9,1.5,0.7157894736842104,1.0000277008310248,0.2842382271468144,2.4144140327200887,2.4144140327200887,27.358932673327057,80.1872841131807,983.7995179293318,983.7995179293318,116.16816353153072,750.0000000000005,452297.19669223006,1639.6658632155531,True,0.11808113483938025,452.29719669223005,1206.125857845947
16,10,1.5,0.7942105263157895,1.078448753462604,0.2842382271468144,2.972435294139432,2.972435294139432,25.973111803317238,49.36327417336535,1012.7404366014514,1012.7404366014514,116.0908857473625,750.0000000000003,479215.77743364376,1687.9007276690857,True,0.11463044384495956,479.2157774336438,1277.90873982305
16,11,1.5,0.8726315789473684,1.1568698060941829,0.2842382271468144,3.5884176346465972,3.5884176346465972,24.778575855823412,31.809679096993268,1039.2373408958529,1039.2373408958529,116.48361952790836,750.0000000000001,507822.3761303093,1732.0622348264214,True,0.11208567566240074,507.8223761303093,1354.1930030141582
16,12,1.5,0.9510526315789474,1.2352908587257618,0.2842382271468144,4.262361054241587,4.262361054241587,23.73501598745664,21.28869459048335,1063.668936092285,1063.668936092285,117.22608721285182,750.0000000000001,537908.6820904089,1772.7815601538086,True,0.11020918561701905,537.9086820904089,1434.4231522410903
16,13,1.5,1.029473684210526,1.3137119113573406,0.2842382271468144,4.9942655529243964,4.9942655529243964,22.81309345758206,14.7084116035926,1086.3309557639593,1086.3309557639593,118.2320156364208,750.0000000000001,569314.1712401521,1810.5515929399323,True,0.10883609180894091,569.3141712401521,1518.1711233070723
16,14,1.5,1.1078947368421053,1.3921329639889197,0.2842382271468144,5.784131130695034,5.784131130695034,21.99087727019234,10.441845814275966,1107.459019173744,1107.459019173744,119.438204970351,749.9999999999998,601911.708279118,1845.7650319562401,True,0.10784887106654453,601.911708279118,1605.0978887443146
16,15,1.5,1.1863157894736842,1.4705540166204987,0.2842382271468144,6.631957787553491,6.631957787553491,21.251600784761752,7.588725123432188,1127.2440637034706,1127.2440637034706,120.79754711512098,749.9999999999998,635598.4057043215,1878.740106172451,True,0.10716183921896227,635.5984057043214,1694.9290818781906
16,16,1.5,1.2647368421052632,1.5489750692520776,0.2842382271468144,7.537745523499772,7.537745523499772,20.582196468446508,5.629063481886111,1145.8430860479675,1145.8430860479675,122.27441329892007,749.9999999999999,670289.5292529119,1909.7384767466126,True,0.10671130697366829,670.289529252912,1787.4387446744317
16,17,1.5,1.3431578947368419,1.6273961218836563,0.2842382271468144,8.501494338533874,8.501494338533874,19.972308689816366,4.251190990209887,1163.3868147623164,1163.3868147623164,123.84152090910045,750.0000000000001,705914.2690718648,1938.9780246038606,True,0.10644913569387639,705.9142690718647,1882.438050858306
16,18,1.5,1.421578947368421,1.7058171745152355,0.2842382271468144,9.523204232655802,9.523204232655802,19.413610533718053,3.2621631984838224,1179.985315023906,1179.985315023906,125.4777549866358,750.0000000000001,742412.70882957,1966.64219170651,True,0.10633840386741904,742.41270882957,1979.76722354552
16,19,1.5,1.5,1.7842382271468145,0.2842382271468144,10.602875205865551,10.602875205865551,18.89931984251094,2.5390878667188845,1195.7321637179261,1195.7321637179261,127.16662316358367,750.0000000000002,779733.5953162387,1992.886939529877,True,0.1063504244697915,779.7335953162387,2079.28958750997
17,0,1.5,0.01,0.3306204986149584,0.3206204986149584,0.00047123889803846896,0.00047123889803846896,81.65136831662534,2343600714624.272,484.5418408800478,484.5418408800478,209.0922427457,82.73624171963273,370133.661009055,807.5697348000797,True,0.43152567044764756,370.133661009055,987.0230960241466
17,1,1.5,0.08842105263157896,0.40904155124653735,0.3206204986149584,0.03684278852697438,0.03684278852697438,82.67388829815862,1091171.036764396,480.22981196319404,480.22981196319404,217.2287140818987,750.0,566643.2500244775,800.3830199386567,True,0.45234325039893114,566.6432500244775,1511.0486667319399
17,2,1.5,0.1668421052631579,0.4874626038781163,0.3206204986149584,0.13117541724373327,0.13117541724373327,60.18570796381588,56371.4995301559,600.0858799725535,600.0858799725535,163.52244025868185,749.9999999999998,448978.10659117217,1000.1431332875892,True,0.272498396839734,448.97810659117215,1197.2749509097926
17,3,1.5,0.24526315789473685,0.5658836565096952,0.3206204986149584,0.2834691250483152,0.2834691250483152,49.63980265305841,9336.881924821011,682.9232782055632,682.9232782055632,140.3397540866223,750.0000000000001,419748.76622140856,1138.2054636759387,True,0.20549856560077506,419.7487662214086,1119.3300432570895
17,4,1.5,0.3236842105263158,0.6443047091412741,0.3206204986149584,0.49372391194071996,0.49372391194071996,43.210117444133374,2558.1083638063747,747.2199237268811,747.2199237268811,127.72937183403447,750.0,416671.585931206,1245.366539544802,True,0.17093946210235322,416.671585931206,1111.1242291498827
17,5,1.5,0.40210526315789474,0.7227257617728531,0.3206204986149584,0.761939777920948,0.761939777920948,38.768261420135204,929.4666350571451,800.0972267904169,800.0972267904169,120.23277206968389,750.0000000000002,425645.9918707726,1333.4953779840282,True,0.15027270192148598,425.6459918707726,1135.0559783220604
17,6,1.5,0.4805263157894737,0.801146814404432,0.3206204986149584,1.0881167229889988,1.0881167229889988,35.46399163362511,404.7055710257633,845.1423993268397,845.1423993268397,115.64787418758272,750.0000000000001,441637.7718955981,1408.570665544733,True,0.1368383295876492,441.6377718955981,1177.7007250549282
17,7,1.5,0.5589473684210526,0.879567867036011,0.3206204986149584,1.4722547471448724,1.4722547471448724,32.88219089170501,199.8734304844103,884.4432069477463,884.4432069477463,112.88710128898225,750.0000000000001,462349.0857500141,1474.072011579577,True,0.12763634838528612,462.3490857500141,1232.930895333371
17,8,1.5,0.6373684210526316,0.9579889196675899,0.3206204986149584,1.9143538503885693,1.9143538503885693,30.792924207126873,108.308733280538,919.3321059274507,919.3321059274507,111.34161750630842,750.0000000000002,486546.37413945864,1532.2201765457512,True,0.12111142076777962,486.54637413945863,1297.456997705223
17,9,1.5,0.7157894736842104,1.0364099722991689,0.3206204986149584,2.4144140327200887,2.4144140327200887,29.057185800849442,63.02137952143306,950.71613057871,950.71613057871,110.64062180246304,750.0000000000002,513485.8147362911,1584.52688429785,True,0.11637608560939745,513.4858147362911,1369.295505963443
17,10,1.5,0.7942105263157895,1.1148310249307478,0.3206204986149584,2.972435294139432,2.972435294139432,27.585342765619163,38.79594714430365,979.2429496261482,979.2429496261482,110.54439714613723,750.0,542678.7673843231,1632.071582710247,True,0.11288761097370215,542.678767384323,1447.1433796915283
17,11,1.5,0.8726315789473684,1.1932520775623268,0.3206204986149584,3.5884176346465972,3.5884176346465972,26.316658296580606,25.00009672352892,1005.3924321803195,1005.3924321803195,110.89100662816931,750.0000000000001,573783.0839879009,1675.654053633866,True,0.11029624162545988,573.7830839879009,1530.0882239677358
17,12,1.5,0.9510526315789474,1.2716731301939057,0.3206204986149584,4.262361054241587,4.262361054241587,25.208321456415568,16.731367275253564,1029.5307442217154,1029.5307442217154,111.56733039903514,750.0,606547.4353460144,1715.8845737028591,True,0.10836716729948229,606.5474353460145,1617.4598275893718
17,13,1.5,1.029473684210526,1.3500941828254844,0.3206204986149584,4.9942655529243964,4.9942655529243964,24.229172358590134,11.559742920325387,1051.9440880289978,1051.9440880289978,112.4922430061033,749.9999999999999,640780.3442103276,1753.2401467149964,True,0.10693747347055041,640.7803442103276,1708.7475845608735
17,14,1.5,1.1078947368421053,1.4285152354570636,0.3206204986149584,5.784131130695034,5.784131130695034,23.355918682698704,8.206532185788367,1072.8606869099954,1072.8606869099954,113.60631650430929,749.9999999999998,676331.734612993,1788.1011448499924,True,0.1058910237744968,676.3317346129929,1803.5512923013146
17,15,1.5,1.1863157894736842,1.5069362880886426,0.3206204986149584,6.631957787553491,6.631957787553491,22.57075303125141,5.9641866085977355,1092.465638018021,1092.465638018021,114.8652487648985,750.0,713081.2905646466,1820.7760633633686,True,0.1051431228292818,713.0812905646466,1901.550108172391
17,16,1.5,1.2647368421052632,1.5853573407202215,0.3206204986149584,7.537745523499772,7.537745523499772,21.85979672943537,4.424034932290122,1110.9112565702255,1110.9112565702255,116.2355247197605,750.0000000000001,750930.754622754,1851.518760950376,True,0.10463079209280904,750.930754622754,2002.482012327344
17,17,1.5,1.3431578947368419,1.6637783933518002,0.3206204986149584,8.501494338533874,8.501494338533874,21.212051339915813,3.341127259453801,1128.3244692873695,1128.3244692873695,117.69147072450782,749.9999999999997,789798.6303638957,1880.540782145616,True,0.10430640647086183,789.7986303638957,2106.1296809703886
17,18,1.5,1.421578947368421,1.7421994459833794,0.3206204986149584,9.523204232655802,9.523204232655802,20.61867307029612,2.563823270312109,1144.8122184255822,1144.8122184255822,119.21320738492766,750.0,829616.4197638731,1908.020364042637,True,0.10413341635091664,829.6164197638731,2212.3104527036617
17,19,1.5,1.5,1.8206204986149583,0.3206204986149584,10.602875205865551,10.602875205865551,20.072458773543907,1.9955385926389586,1160.465489617076,1160.465489617076,120.78519816174749,749.9999999999999,870325.8791424303,1934.1091493617932,True,0.10408340380859023,870.3258791424303,2320.869011046481
18,0,1.5,0.01,0.369207756232687,0.35920775623268697,0.00047123889803846896,0.00047123889803846896,86.7976451572438,1835294312437.0884,463.6614207549471,463.6614207549471,199.78966683799857,83.45076462477515,460982.9467808382,772.7690345915785,True,0.4308956016066534,460.9829467808382,1229.287858082235
18,1,1.5,0.08842105263157896,0.4476288088642659,0.35920775623268697,0.03684278852697438,0.03684278852697438,87.50755990559692,869328.6425112241,460.93468771578057,460.93468771578057,207.025096134452,750.0000000000002,679241.7588365616,768.224479526301,True,0.44914193193051005,679.2417588365615,1811.3113568974975
18,2,1.5,0.1668421052631579,0.5260498614958449,0.35920775623268697,0.13117541724373327,0.13117541724373327,63.7045692844434,44910.79538564924,577.1117728093549,577.111772809355,156.04836882417612,750.0000000000001,528567.4472019394,961.8529546822583,True,0.27039540029575115,528.5674472019394,1409.513192538505
18,3,1.5,0.24526315789473685,0.6044709141274238,0.35920775623268697,0.2834691250483152,0.2834691250483152,52.54207941325614,7438.631172855088,657.6996686945992,657.6996686945992,134.0556782912339,750.0000000000001,488625.5935339205,1096.1661144909986,True,0.20382506586525628,488.6255935339205,1303.0015827571212
18,4,1.5,0.3236842105263158,0.6828919667590028,0.35920775623268697,0.49372391194071996,0.49372391194071996,45.73647155839164,2038.0277668463946,720.4224686160481,720.4224686160481,122.09067252777805,749.9999999999999,481257.4566327012,1200.7041143600802,True,0.169470939409091,481.25745663270123,1283.3532176872031
18,5,1.5,0.40210526315789474,0.7613130193905817,0.35920775623268697,0.761939777920948,0.761939777920948,41.03491475353632,740.4998308144875,772.1212849744398,772.1212849744398,114.9711287938234,750.0000000000002,488736.4633400115,1286.868808290733,True,0.14890293925471745,488.7364633400115,1303.2972355733639
18,6,1.5,0.4805263157894737,0.8397340720221607,0.35920775623268697,1.0881167229889988,1.0881167229889988,37.537455129471134,322.4262125943153,816.2466525300673,816.2466525300673,110.60829407785546,750.0000000000002,504732.72211304214,1360.4110875501121,True,0.13550841983242448,504.73272211304214,1345.9539256347791
18,7,1.5,0.5589473684210526,0.9181551246537396,0.35920775623268697,1.4722547471448724,1.4722547471448724,34.80470494995743,159.23782078408593,854.8091771387966,854.8091771387966,107.97152210628931,750.0,526364.1058083263,1424.6819618979944,True,0.1263106725967658,526.3641058083263,1403.63761548887
18,8,1.5,0.6373684210526316,0.9965761772853186,0.35920775623268697,1.9143538503885693,1.9143538503885693,32.59328568175832,86.28884098140742,889.0934766498103,889.0934766498103,106.48436069913984,749.9999999999999,552091.8270029124,1481.8224610830173,True,0.11976733998812268,552.0918270029124,1472.2448720077664
18,9,1.5,0.7157894736842104,1.0749972299168973,0.35920775623268697,2.4144140327200887,2.4144140327200887,30.75606433298149,50.20871014960923,919.9749137503072,919.9749137503072,105.79600734083232,750.0000000000005,580995.4633174557,1533.2915229171788,True,0.11499879590145726,580.9954633174557,1549.3212355132152
18,10,1.5,0.7942105263157895,1.1534182825484764,0.35920775623268697,2.972435294139432,2.972435294139432,29.1981674537087,30.908470743415535,948.0791410737953,948.0791410737953,105.67981944129876,750.0,612476.2431346949,1580.131901789659,True,0.11146729725706833,612.4762431346949,1633.2699816925197
18,11,1.5,0.8726315789473684,1.2318393351800554,0.35920775623268697,3.5884176346465972,3.5884176346465972,27.855307156932682,19.917409292460302,973.8701347974585,973.8701347974585,105.98276614764723,749.9999999999999,646119.3052534033,1623.1168913290976,True,0.10882638491598172,646.1193052534032,1722.9848140090753
18,12,1.5,0.9510526315789474,1.3102603878116343,0.35920775623268697,4.262361054241587,4.262361054241587,26.682169489976214,13.329768029659917,997.7022370889299,997.7022370889299,106.59798300539588,750.0,681623.1177619073,1662.8370618148833,True,0.10684348400022109,681.6231177619073,1817.661647365086
18,13,1.5,1.029473684210526,1.388681440443213,0.35920775623268697,4.9942655529243964,4.9942655529243964,25.645772749744772,9.209569611106728,1019.8526341718937,1019.8526341718937,107.44884311545356,750.0000000000002,718760.2752524165,1699.7543902864895,True,0.10535722467658334,718.7602752524165,1916.6940673397773
18,14,1.5,1.1078947368421053,1.4671024930747922,0.35920775623268697,5.784131130695034,5.784131130695034,24.721462790108408,6.538089121161737,1040.5425315446737,1040.5425315446737,108.4792146956155,750.0000000000001,757354.2194480948,1734.2375525744562,True,0.10425255230517039,757.3542194480948,2019.6112518615862
18,15,1.5,1.1863157894736842,1.5455235457063712,0.35920775623268697,6.631957787553491,6.631957787553491,23.890391073340354,4.7516274474350775,1059.9514679892545,1059.9514679892545,109.64724763388806,750.0000000000002,797264.6253762976,1766.585779982091,True,0.10344553589976219,797.2646253762977,2126.0390010034603
18,16,1.5,1.2647368421052632,1.6239445983379501,0.35920775623268697,7.537745523499772,7.537745523499772,23.13786748394466,3.52459894235666,1078.2272899998572,1078.2272899998572,110.92127384387662,750.0000000000001,838377.7945038321,1797.0454833330955,True,0.10287373995504352,838.3777945038321,2235.6741186768854
18,17,1.5,1.3431578947368419,1.7023656509695289,0.35920775623268697,8.501494338533874,8.501494338533874,22.452250541960105,2.661853666434293,1095.4932847053067,1095.4932847053067,112.27702548045897,750.0000000000003,880600.0935930769,1825.8221411755112,True,0.10248992581516561,880.600093593077,2348.2669162482052
18,18,1.5,1.421578947368421,1.780786703601108,0.35920775623268697,9.523204232655802,9.523204232655802,21.82417938739966,2.0425807945087127,1111.8533961709888,1111.8533961709888,113.69570251635645,749.9999999999999,923853.3295732003,1853.0889936183148,True,0.10225781825904635,923.8533295732003,2463.6088788618677
18,19,1.5,1.5,1.859207756232687,0.35920775623268697,10.602875205865551,10.602875205865551,21.246029728804224,1.5898322053723626,1127.3961152654022,1127.3961152654022,115.16260319447453,749.9999999999997,968071.4019952619,1878.993525442337,True,0.10214919284812678,968.0714019952619,2581.5237386540316
19,0,1.5,0.01,0.41000000000000003,0.4,0.00047123889803846896,0.00047123889803846896,91.82739281042659,1465036599890.7568,445.0718483606774,445.0718483606774,191.3337727190026,83.8773414489812,567231.9341878938,741.7864139344623,True,0.4298941247884758,567.2319341878938,1512.6184911677167
19,1,1.5,0.08842105263157896,0.488421052631579,0.4,0.03684278852697438,0.03684278852697438,92.34273149384158,701060.3697538801,443.25895658294456,443.25895658294456,198.08464569007793,749.9999999999998,809841.6693683143,738.7649276382409,True,0.4468824436557357,809.8416693683143,2159.5777849821716
19,2,1.5,0.1668421052631579,0.5668421052631579,0.4,0.13117541724373327,0.13117541724373327,67.2245225750825,36217.80909927583,555.9811001288281,555.9811001288281,149.49853296284292,749.9999999999999,619777.7027056554,926.6351668813802,True,0.2688913938409096,619.7777027056553,1652.7405405484144
19,3,1.5,0.24526315789473685,0.6452631578947369,0.4,0.2834691250483152,0.2834691250483152,55.4452568054762,5998.800989048501,634.4321945363571,634.4321945363571,128.5460187709654,749.9999999999999,566852.4756061905,1057.3869908939284,True,0.20261585064248952,566.8524756061905,1511.606601616508
19,4,1.5,0.3236842105263158,0.7236842105263158,0.4,0.49372391194071996,0.49372391194071996,48.263609648680834,1643.54471936723,695.6454370259628,695.6454370259628,117.14341386005967,750.0000000000002,554088.6877246618,1159.409061709938,True,0.16839528821014557,554.0886877246618,1477.5698339324315
19,5,1.5,0.40210526315789474,0.8021052631578948,0.4,0.761939777920948,0.761939777920948,43.30227147284591,597.1678141121258,746.2038423580392,746.2038423580392,110.35091742561382,750.0000000000002,559462.213130316,1243.673070596732,True,0.14788307317863672,559.462213130316,1491.899235014176
19,6,1.5,0.4805263157894737,0.8805263157894737,0.4,1.0881167229889988,1.0881167229889988,39.61156206072177,260.01701631129106,789.4315807945819,789.4315807945819,106.17921934795454,750.0000000000005,575108.5499362104,1315.7193013243032,True,0.13450085090475175,575.1085499362104,1533.6227998298943
19,7,1.5,0.5589473684210526,0.9589473684210527,0.4,1.4722547471448724,1.4722547471448724,36.727815601115125,128.41556122574426,827.2676552297474,827.2676552297474,103.6476248961693,749.9999999999999,597454.5018654785,1378.7794253829125,True,0.12528910593921921,597.4545018654785,1593.2120049746093
19,8,1.5,0.6373684210526316,1.0373684210526317,0.4,1.9143538503885693,1.9143538503885693,34.3942058430106,69.58667160593183,860.9521365023347,860.9521365023347,102.2080907799436,750.0000000000002,624601.0569572955,1434.9202275038913,True,0.1187151833958733,624.6010569572956,1665.602818552788
19,9,1.5,0.7157894736842104,1.1157894736842104,0.4,2.4144140327200887,2.4144140327200887,32.455470059635125,40.49025326103408,891.3307983629512,891.3307983629512,101.52735522493899,749.9999999999999,655419.9788546199,1485.5513306049188,True,0.11390535972885445,655.4199788546199,1747.7866102789865
19,10,1.5,0.7942105263157895,1.1942105263157896,0.4,2.972435294139432,2.972435294139432,30.811492632165127,24.925790855471625,919.0086610864131,919.0086610864131,101.39024169533728,750.0000000000002,689183.354012011,1531.6811018106885,True,0.11032566502200103,689.183354012011,1837.8222773653627
19,11,1.5,0.8726315789473684,1.2726315789473683,0.4,3.5884176346465972,3.5884176346465972,29.39443348947273,16.06217216399986,944.4347623645361,944.4347623645361,101.65152918845108,750.0000000000001,725391.394863297,1574.057937274227,True,0.10763213430851593,725.391394863297,1934.377052968792
19,12,1.5,0.9510526315789474,1.3510526315789475,0.4,4.262361054241587,4.262361054241587,28.15647488678811,10.749642478835234,967.9522986746507,967.9522986746507,102.2098385598017,749.9999999999995,763684.1854872678,1613.253831124418,True,0.10559387967749079,763.6841854872678,2036.4911612993808
19,13,1.5,1.029473684210526,1.4294736842105262,0.4,4.9942655529243964,4.9942655529243964,27.062812739111624,7.426954503863829,989.8299336238327,989.8299336238327,102.99248769489328,750.0000000000002,803792.7245055458,1649.7165560397214,True,0.10405069011989866,803.7927245055458,2143.447265348122
19,14,1.5,1.1078947368421053,1.5078947368421054,0.4,5.784131130695034,5.784131130695034,26.087430651988367,5.272568914242672,1010.282221041463,1010.282221041463,103.94623527755779,750.0,845509.9345434142,1683.8037017357717,True,0.10288831488136396,845.5099345434141,2254.693158782438
19,15,1.5,1.1863157894736842,1.5863157894736841,0.4,6.631957787553491,6.631957787553491,25.210438624368926,3.8318968596373013,1029.483417452114,1029.483417452114,105.03138143119509,750.0000000000001,888672.5388083557,1715.8056957535234,True,0.10202338342771856,888.6725388083557,2369.793436822282
19,16,1.5,1.2647368421052632,1.6647368421052633,0.4,7.537745523499772,7.537745523499772,24.41633484826874,2.842373432704177,1047.5771116743254,1047.5771116743254,106.21787768952059,750.0000000000001,933149.2092019728,1745.9618527905423,True,0.10139385111207164,933.1492092019728,2488.3978912052607
19,17,1.5,1.3431578947368419,1.743157894736842,0.4,8.501494338533874,8.501494338533874,23.692834601551667,2.1466221453724272,1064.6831143828938,1064.6831143828938,107.48268884978755,750.0000000000003,978832.519831286,1774.471857304823,True,0.10095275053938102,978.832519831286,2610.2200528834296
19,18,1.5,1.421578947368421,1.8215789473684212,0.4,9.523204232655802,9.523204232655802,23.03005979618434,1.6472164576493402,1080.9024987431744,1080.9024987431744,108.80796114864079,750.0000000000002,1025633.3105828646,1801.5041645719575,True,0.10066399261280075,1025.6333105828646,2735.0221615543055
19,19,1.5,1.5,1.9,0.4,10.602875205865551,10.602875205865551,22.419964865591716,1.2821024170161082,1096.3213609512625,1096.3213609512625,110.17972447813239,750.0000000000002,1073476.6338603543,1827.2022682521042,True,0.1004994779838377,1073.4766338603542,2862.6043569609446
