row_i,col_j,solenoid_length_m,ri,rf,th,v,v_bore,b0,scan,je_tape,je_max,je_coil,stress,length_tape,j_crit,converged,f_tape_min,length_tape_km,pancake_length_m
0,0,5.0,0.01,0.012,0.002,0.0015707963267948964,0.0015707963267948964,2.965396920008285,2.4348769054804436e+16,2117.608434470341,2117.608434470341,1179.9053979016353,17.494269354006025,641.8341679862156,3529.3473907839016,True,0.5571877117106189,0.6418341679862155,0.5134673343889724
0,1,5.0,0.08842105263157896,0.09042105263157896,0.002,0.12280929508991459,0.12280929508991459,4.5061267581751165,2234722061.9869504,1963.1890900309074,1963.1890900309074,1794.077470299711,357.18452439982866,8557.510810287135,3271.9818167181793,True,0.9138587206958582,8.557510810287134,6.846008648229708
0,2,5.0,0.1668421052631579,0.1688421052631579,0.002,0.43725139081244424,0.43725139081244424,4.753491577486902,26185026.37410825,1940.654647040769,1940.654647040769,1895.6119639932615,750.0000000000002,17168.435482270947,3234.424411734615,True,0.9767899542990859,17.168435482270947,13.734748385816758
0,3,5.0,0.24526315789473685,0.24726315789473685,0.002,0.9448970834943838,0.9448970834943838,3.9205717071781816,4337058.646498931,2018.891612099464,2018.891612099464,1567.4959881191419,750.0,20022.647262873732,3364.819353499107,True,0.7764141367099388,20.022647262873733,16.018117810298985
0,4,5.0,0.3236842105263158,0.3256842105263158,0.002,1.6457463731357334,1.6457463731357334,3.4127525667122716,1188262.4292842122,2070.087707120567,2070.087707120567,1369.2951408657646,750.0000000000001,22490.448073030006,3450.146178534278,True,0.6614672103774846,22.490448073030006,17.992358458424004
0,5,5.0,0.40210526315789474,0.40410526315789475,0.002,2.539799259736493,2.539799259736493,3.0619329799230144,431744.9164148165,2107.152535574007,2107.152535574007,1234.0401888295305,750.0000000000002,24721.81857770177,3511.920892623345,True,0.5856435013582759,24.72181857770177,19.777454862161417
0,6,5.0,0.4805263157894737,0.4825263157894737,0.002,3.627055743296662,3.627055743296662,2.8009604146528146,187989.07496489753,2135.682821308286,2135.682821308286,1134.9512051456848,750.0000000000002,26797.17920609697,3559.4713688471434,True,0.531423109191107,26.79717920609697,21.437743364877576
0,7,5.0,0.5589473684210526,0.5609473684210526,0.002,4.907515823816241,4.907515823816241,2.5970487469717596,92842.8566268318,2158.5711999240275,2158.5711999240275,1058.935104242453,750.0000000000002,28765.95476747803,3597.618666540046,True,0.4905722379135435,28.76595476747803,23.012763813982424
0,8,5.0,0.6373684210526316,0.6393684210526316,0.002,6.381179501295231,6.381179501295231,2.4320376185118775,50310.299728322716,2177.4903499571287,2177.4903499571287,998.7262869094366,750.0000000000001,30661.27814718452,3629.1505832618814,True,0.45865934006508907,30.661278147184518,24.529022517747617
0,9,5.0,0.7157894736842104,0.7177894736842104,0.002,8.048046775733628,8.048046775733628,2.294948296576497,29273.950465316848,2193.4866168447393,2193.4866168447393,949.9221437979697,750.0,32506.72817308907,3655.8110280745655,True,0.43306493712024674,32.50672817308907,26.005382538471256
0,10,5.0,0.7942105263157895,0.7962105263157895,0.002,9.90811764713144,9.90811764713144,2.178701537868331,18021.037361950268,2207.2538958105924,2207.2538958105924,909.6756404649227,750.0,34319.82079090405,3678.756493017654,True,0.41213004185495083,34.31982079090405,27.45585663272324
0,11,5.0,0.8726315789473684,0.8746315789473684,0.002,11.961392115488659,11.961392115488659,2.078500324954313,11612.751080192034,2219.2736206055297,2219.2736206055297,876.0509045987673,750.0,36113.98667083053,3698.789367675883,True,0.3947466848904086,36.11398667083053,28.89118933666442
0,12,5.0,0.9510526315789474,0.9530526315789474,0.002,14.207870180805289,14.207870180805289,1.9909634326756611,7771.858067090081,2229.8920825456116,2229.8920825456116,847.6778846352926,749.9999999999999,37899.77076001303,3716.486804242686,True,0.3801430083861261,37.899770760013034,30.319816608010424
0,13,5.0,1.029473684210526,1.031473684210526,0.002,16.64755184308132,16.64755184308132,1.913629840580752,5369.595908739422,2239.3658189183407,2239.3658189183407,823.5547589366734,750.0000000000001,39685.60080774345,3732.276364863901,True,0.3677624941754568,39.685600807743455,31.74848064619476
0,14,5.0,1.1078947368421053,1.1098947368421053,0.002,19.280437102316778,19.280437102316778,1.8446599117754776,3812.00187179485,2247.8896030376336,2247.8896030376336,802.9287576788123,750.0,41478.30248473531,3746.4826717293895,True,0.3571922556133509,41.47830248473531,33.182641987788244
0,15,5.0,1.1863157894736842,1.1883157894736842,0.002,22.106525958511636,22.106525958511636,1.7826472107978535,2770.4138606902006,2255.6144226696133,2255.6144226696133,785.2210844058965,750.0000000000002,43283.45808522117,3759.3573711160225,True,0.3481184889199967,43.28345808522117,34.62676646817694
0,16,5.0,1.2647368421052632,1.2667368421052632,0.002,25.125818411665904,25.125818411665904,1.7264955942932243,2055.0007068735663,2262.659430403144,2262.659430403144,769.9778593446553,749.9999999999999,45105.664640990646,3771.099050671907,True,0.3402977262059568,45.105664640990646,36.08453171279252
0,17,5.0,1.3431578947368419,1.3451578947368419,0.002,28.338314461779575,28.338314461779575,1.6753364012288459,1551.9811631274497,2269.1201229156877,2269.1201229156877,756.8370509919306,750.0000000000001,46948.725025048305,3781.8668715261465,True,0.33353767539615264,46.948725025048304,37.558980020038646
0,18,5.0,1.421578947368421,1.423578947368421,0.002,31.74401410885267,31.74401410885267,1.6284711453013627,1190.9170504815459,2275.0740824534178,2275.0740824534178,745.5055766422689,750.0000000000001,48815.793006627,3791.790137422363,True,0.3276840883521133,48.815793006627,39.052634405301596
0,19,5.0,1.5,1.502,0.002,35.34291735288517,35.34291735288517,1.5853309190424052,926.9441315970171,2280.585097019463,2280.585097019463,735.7430668778475,750.0000000000001,50709.4857703786,3800.975161699105,True,0.32261153852114666,50.7094857703786,40.56758861630288
1,0,5.0,0.01,0.013102493074792245,0.003102493074792244,0.0015707963267948964,0.0015707963267948964,4.105424147777505,6627903996777575.0,2000.9361182950447,2000.936118295045,1053.0330728371578,21.615504907656284,987.5226919338207,3334.893530491742,True,0.5262702108323303,0.9875226919338207,0.7900181535470566
1,1,5.0,0.08842105263157896,0.0915235457063712,0.003102493074792244,0.12280929508991459,0.12280929508991459,6.549710078430576,500666839.7146116,1792.5572961864289,1792.5572961864289,1681.0571843169193,486.46226014557135,13706.535735043319,2987.595493644048,True,0.9377982996098813,13.70653573504332,10.965228588034655
1,2,5.0,0.1668421052631579,0.16994459833795014,0.003102493074792244,0.43725139081244424,0.43725139081244424,5.920428509622005,10881565.121492926,1841.5491799259348,1841.5491799259348,1522.0028132230354,749.9999999999998,22608.2276832893,3069.2486332098915,True,0.8264795911039686,22.6082276832893,18.08658214663144
1,3,5.0,0.24526315789473685,0.2483656509695291,0.003102493074792244,0.9448970834943838,0.9448970834943838,4.883034740006139,1802327.2317295596,1929.077967583421,1929.077967583421,1258.564256914493,750.0,26158.06158925695,3215.1299459723687,True,0.6524175165875288,26.158061589256953,20.926449271405563
1,4,5.0,0.3236842105263158,0.32678670360110806,0.003102493074792244,1.6457463731357334,1.6457463731357334,4.2505508346627074,493799.57923069433,1987.0824359841754,1987.0824359841754,1099.4333592479566,750.0,29232.122832895508,3311.804059973626,True,0.5532902608056227,29.232122832895506,23.385698266316407
1,5,5.0,0.40210526315789474,0.405207756232687,0.003102493074792244,2.539799259736493,2.539799259736493,3.813608378890225,179417.82287019948,2029.4436499182993,2029.4436499182993,990.8409907664656,750.0,32014.62149373612,3382.4060831971656,True,0.488232817307519,32.014621493736115,25.611697194988896
1,6,5.0,0.4805263157894737,0.48362880886426596,0.003102493074792244,3.627055743296662,3.627055743296662,3.488569533134713,78121.56963807429,2062.264090030691,2062.264090030691,911.2857645749275,750.0,34604.82584665532,3437.1068167178187,True,0.4418860654075422,34.604825846655324,27.683860677324258
1,7,5.0,0.5589473684210526,0.5620498614958449,0.003102493074792244,4.907515823816241,4.907515823816241,3.2345994921439725,38582.18724000375,2088.7299340884947,2088.7299340884947,850.2553619011991,750.0000000000002,37063.89658508585,3481.216556814158,True,0.40706811734004467,37.06389658508585,29.65111726806868
1,8,5.0,0.6373684210526316,0.6404709141274239,0.003102493074792244,6.381179501295231,6.381179501295231,3.029079702445453,20907.17018780184,2110.698192112105,2110.698192112105,801.9163072725179,750.0,39432.88998087807,3517.830320186842,True,0.37992940453038765,39.43288998087807,31.546311984702456
1,9,5.0,0.7157894736842104,0.7188919667590027,0.003102493074792244,8.048046775733628,8.048046775733628,2.8583362569758237,12165.212049076863,2129.3379779102547,2129.3379779102547,762.7337955048231,750.0000000000001,41741.04496737495,3548.8966298504247,True,0.35820231612708786,41.741044967374954,33.39283597389996
1,10,5.0,0.7942105263157895,0.7973130193905817,0.003102493074792244,9.90811764713144,9.90811764713144,2.7135520255980885,7488.9018177509215,2145.428760262037,2145.428760262037,730.4219783918729,750.0000000000001,44010.08932196254,3575.7146004367287,True,0.34045501389785654,44.010089321962546,35.208071457570036
1,11,5.0,0.8726315789473684,0.8757340720221607,0.003102493074792244,11.961392115488659,11.961392115488659,2.588752368763839,4825.846089035985,2159.513821035693,2159.513821035693,703.4265710596609,750.0000000000001,46256.68378810121,3599.1897017261554,True,0.32573376665044945,46.25668378810121,37.00534703048097
1,12,5.0,0.9510526315789474,0.9541551246537396,0.003102493074792244,14.207870180805289,14.207870180805289,2.4797260027248704,3229.70763763148,2171.985491574887,2171.985491574887,680.6475804252674,750.0000000000002,48493.90679227993,3619.9758192914783,True,0.3133757490855687,48.49390679227993,38.79512543382394
1,13,5.0,1.029473684210526,1.0325761772853184,0.003102493074792244,16.64755184308132,16.64755184308132,2.383407749935993,2231.412973287056,2183.1354326552264,2183.1354326552264,661.2806613619099,750.0000000000003,50732.206773985905,3638.5590544253773,True,0.30290409448287453,50.73220677398591,40.585765419188725
1,14,5.0,1.1078947368421053,1.1109972299168975,0.003102493074792244,19.280437102316778,19.280437102316778,2.2975063601577395,1584.132321218654,2193.1857736495926,2193.1857736495926,644.721429738027,750.0,52980.04111581481,3655.309622749321,True,0.2939657175803999,52.980041115814814,42.38403289265185
1,15,5.0,1.1863157894736842,1.1894182825484765,0.003102493074792244,22.106525958511636,22.106525958511636,2.220270131410555,1151.285410519779,2202.3091896378123,2202.3091896378123,630.5051826751164,750.0000000000002,55244.321425506176,3670.5153160630207,True,0.2862927629061967,55.24432142550618,44.19545714040494
1,16,5.0,1.2647368421052632,1.2678393351800554,0.003102493074792244,25.125818411665904,25.125818411665904,2.150333827580787,853.9851630116901,2210.6422922470474,2210.6422922470474,618.2675114237469,750.0000000000002,57530.73418016744,3684.403820411746,True,0.27967777219863904,57.53073418016744,46.024587344133955
1,17,5.0,1.3431578947368419,1.3462603878116342,0.003102493074792244,28.338314461779575,28.338314461779575,2.0866155396212376,644.9481414538565,2218.294823063662,2218.294823063662,607.7177510650221,750.0000000000005,59843.978276046146,3697.158038439437,True,0.27395716058414177,59.843978276046144,47.87518262083692
1,18,5.0,1.421578947368421,1.4246814404432133,0.003102493074792244,31.74401410885267,31.74401410885267,2.0282453094902113,494.90274533100546,2225.3561251062165,2225.3561251062165,598.6205947498786,750.0000000000003,62187.94543773258,3708.926875177028,True,0.2689999088219223,62.18794543773258,49.75035635018607
1,19,5.0,1.5,1.5031024930747923,0.003102493074792244,35.34291735288517,35.34291735288517,1.974514568351482,385.2049941768279,2231.899798809782,2231.899798809782,590.7830583653057,750.0000000000002,64565.86022848365,3719.832998016304,True,0.26469963332599244,64.56586022848366,51.652688182786925
2,0,5.0,0.01,0.016409972299168976,0.006409972299168975,0.0015707963267948964,0.0015707963267948964,6.890759248329703,835102978097377.0,1767.17841617077,1767.17841617077,855.4748318405682,29.47393632277126,2145.4557595464394,2945.297360284617,True,0.4840908105330209,2.145455759546439,1.7163646076371515
2,1,5.0,0.08842105263157896,0.09483102493074794,0.006409972299168975,0.12280929508991459,0.12280929508991459,11.689630872378238,49343953.62501395,1478.2963320826425,1478.2963320826425,1452.1998482707818,750.0,30209.154761276317,2463.8272201377376,True,0.9823469197308393,30.209154761276316,24.167323809021052
2,2,5.0,0.1668421052631579,0.17325207756232688,0.006409972299168975,0.43725139081244424,0.43725139081244424,8.509926463751833,2549181.168551399,1656.675903317766,1656.675903317766,1058.9177681448161,750.0000000000001,36479.48202787006,2761.12650552961,True,0.6391822118159377,36.479482027870056,29.183585622296047
2,3,5.0,0.24526315789473685,0.2516731301939058,0.006409972299168975,0.9448970834943838,0.9448970834943838,7.018793739315124,422224.0631191536,1757.852874040834,1757.852874040834,875.6508953414863,750.0000000000002,41540.714651930095,2929.7547900680565,True,0.49813662353243415,41.540714651930095,33.232571721544076
2,4,5.0,0.3236842105263158,0.33009418282548475,0.006409972299168975,1.6457463731357334,1.6457463731357334,6.109671787207814,115680.47191366006,1826.5095291291047,1826.5095291291047,764.9502160414905,750.0000000000002,45947.99574608563,3044.182548548508,True,0.41880439375874773,45.94799574608563,36.75839659686851
2,5,5.0,0.40210526315789474,0.4085152354570637,0.006409972299168975,2.539799259736493,2.539799259736493,5.481617895251885,42031.502845104114,1877.490731153893,1877.490731153893,689.4085668260528,750.0,49950.660500472884,3129.151218589822,True,0.367196788450906,49.950660500472885,39.96052840037831
2,6,5.0,0.4805263157894737,0.48693628808864264,0.006409972299168975,3.627055743296662,3.627055743296662,5.014412409914682,18301.230747194102,1917.490804427219,1917.4908044272192,634.067501843201,749.9999999999999,53686.015319952996,3195.818007378699,True,0.3306756415098458,53.68601531995299,42.948812255962395
2,7,5.0,0.5589473684210526,0.5653573407202216,0.006409972299168975,4.907515823816241,4.907515823816241,4.649360054445025,9038.496214067649,1950.0714194886486,1950.0714194886484,591.6136635854773,750.0000000000002,57239.58646233533,3250.119032481081,True,0.3033805109253954,57.23958646233533,45.791669169868264
2,8,5.0,0.6373684210526316,0.6437783933518005,0.006409972299168975,6.381179501295231,6.381179501295231,4.3539492924811425,4897.839964691868,1977.339522901714,1977.339522901714,557.9887541322317,750.0000000000001,60669.145683020266,3295.5658715028567,True,0.2821916760726009,60.66914568302027,48.53531654641621
2,9,5.0,0.7157894736842104,0.7221994459833794,0.006409972299168975,8.048046775733628,8.048046775733628,4.1085254751421285,2849.896050862167,2000.6378548634902,2000.63785486349,530.7336507318203,750.0,64015.98931853596,3334.3964247724834,True,0.265282219588929,64.01598931853596,51.21279145482877
2,10,5.0,0.7942105263157895,0.8006204986149584,0.006409972299168975,9.90811764713144,9.90811764713144,3.900415004737341,1754.395371786587,2020.8708940658119,2020.870894065812,508.2581227670439,749.9999999999997,67310.87157897133,3368.1181567763538,True,0.2515044995004475,67.31087157897133,53.848697263177066
2,11,5.0,0.8726315789473684,0.8790415512465374,0.006409972299168975,11.961392115488659,11.961392115488659,3.721030032748425,1130.5318522792159,2038.6746520646902,2038.6746520646902,489.4808829994157,749.9999999999997,70577.4006240727,3397.791086774484,True,0.24009759600615457,70.57740062407271,56.46192049925816
2,12,5.0,0.9510526315789474,0.9574626038781163,0.006409972299168975,14.207870180805289,14.207870180805289,3.5643173292517427,756.6108181915157,2054.511987277073,2054.511987277073,473.63669119919786,750.0000000000003,73834.11429936794,3424.1866454617884,True,0.23053488815459652,73.83411429936794,59.06729143949435
2,13,5.0,1.029473684210526,1.0358836565096952,0.006409972299168975,16.64755184308132,16.64755184308132,3.4258710585100047,522.7442805566004,2068.72935082878,2068.72935082878,460.165986635696,750.0,77095.8179011794,3447.8822513812997,True,0.22243895096830482,77.0958179011794,61.67665432094352
2,14,5.0,1.1078947368421053,1.1143047091412743,0.006409972299168975,19.280437102316778,19.280437102316778,3.3023978151528803,371.10840551493584,2081.592217903635,2081.592217903635,448.6483193496893,750.0000000000001,80374.48513999132,3469.3203631727256,True,0.21553132044350243,80.37448513999132,64.29958811199306
2,15,5.0,1.1863157894736842,1.1927257617728533,0.006409972299168975,22.106525958511636,22.106525958511636,3.1913797315956107,269.70707387746774,2093.3080993313647,2093.3080993313647,438.76041401026856,750.0000000000002,83679.88803957087,3488.8468322189415,True,0.20960145052246035,83.67988803957087,66.94391043165669
2,16,5.0,1.2647368421052632,1.2711468144044322,0.006409972299168975,25.125818411665904,25.125818411665904,3.090854439926151,200.05972224269618,2104.0419908275053,2104.0419908275053,430.24876861270343,750.0,87020.0517520053,3506.736651379176,True,0.20448677853786063,87.0200517520053,69.61604140160424
2,17,5.0,1.3431578947368419,1.349567867036011,0.006409972299168975,28.338314461779575,28.338314461779575,2.999266821892984,151.08944701705008,2113.9270431165833,2113.9270431165833,422.91118365249577,750.0,90401.59229498933,3523.2117385276388,True,0.2000594982828706,90.40159229498933,72.32127383599146
2,18,5.0,1.421578947368421,1.4279889196675901,0.006409972299168975,31.74401410885267,31.74401410885267,2.915366414130267,115.93890626728992,2123.072114038103,2123.072114038103,416.583971295582,750.0000000000002,93829.97356593888,3538.453523396838,True,0.19621753238670514,93.82997356593889,75.0639788527511
2,19,5.0,1.5,1.506409972299169,0.006409972299168975,35.34291735288517,35.34291735288517,2.8381347314589283,90.24044852224276,2131.567229376037,2131.567229376037,411.13288679354866,749.9999999999999,97309.70714770241,3552.612048960062,True,0.19287821708250671,97.30970714770241,77.84776571816194
3,0,5.0,0.01,0.021922437673130193,0.011922437673130193,0.0015707963267948964,0.0015707963267948964,10.544852439883348,152281207516345.56,1537.4763391785268,1537.4763391785268,703.8414585385369,37.10873014712495,4561.378789286446,2562.4605652975447,True,0.4577901074657183,4.5613787892864455,3.6491030314291564
3,1,5.0,0.08842105263157896,0.10034349030470915,0.011922437673130193,0.12280929508991459,0.12280929508991459,15.942456898942304,14263172.27515757,1296.093989267348,1296.093989267348,1064.8538653418454,750.0000000000002,48406.939262023196,2160.156648778913,True,0.821586917430103,48.406939262023194,38.725551409618554
3,2,5.0,0.1668421052631579,0.1787645429362881,0.011922437673130193,0.43725139081244424,0.43725139081244424,11.605938403248347,736856.4433232695,1482.4532897403833,1482.4532897403833,776.4987245895965,750.0000000000001,56503.520021257194,2470.755482900639,True,0.5237930462723597,56.503520021257195,45.20281601700576
3,3,5.0,0.24526315789473685,0.257185595567867,0.011922437673130193,0.9448970834943838,0.9448970834943838,9.572313950135218,122046.45369017641,1592.0134275827058,1592.0134275827058,642.1318341797883,749.9999999999999,63256.1761302175,2653.355712637843,True,0.4033457400888845,63.2561761302175,50.604940904174
3,4,5.0,0.3236842105263158,0.33560664819944597,0.011922437673130193,1.6457463731357334,1.6457463731357334,8.332442674849656,33438.1495312454,1668.046149259191,1668.046149259191,560.9714970395727,749.9999999999999,69205.95641887467,2780.076915431985,True,0.336304542466472,69.20595641887468,55.36476513509974
3,5,5.0,0.40210526315789474,0.4140277008310249,0.011922437673130193,2.539799259736493,2.539799259736493,7.475895345679519,12149.46355169212,1725.4212276544301,1725.4212276544301,505.5898729382861,750.0000000000003,74644.50399062037,2875.702046090717,True,0.2930240249945194,74.64450399062038,59.7156031924963
3,6,5.0,0.4805263157894737,0.49244875346260386,0.011922437673130193,3.627055743296662,3.627055743296662,6.838714976662235,5290.082934544455,1771.00022228864,1771.00022228864,465.01914098534866,749.9999999999998,79742.08991506307,2951.6670371477335,True,0.262574298485638,79.74208991506308,63.79367193205046
3,7,5.0,0.5589473684210526,0.5708698060941828,0.011922437673130193,4.907515823816241,4.907515823816241,6.340852254864557,2612.6327369166024,1808.4981805591642,1808.4981805591642,433.8970418863867,749.9999999999999,84607.81368301324,3014.1636342652737,True,0.23992119348012358,84.60781368301325,67.6862509464106
3,8,5.0,0.6373684210526316,0.6492908587257618,0.011922437673130193,6.381179501295231,6.381179501295231,5.937967562310128,1415.7506656932733,1840.143895138365,1840.143895138365,409.2479928770874,750.0000000000001,89316.5659527117,3066.906491897275,True,0.22239999489078818,89.3165659527117,71.45325276216936
3,9,5.0,0.7157894736842104,0.7277119113573406,0.011922437673130193,8.048046775733628,8.048046775733628,5.603255656295501,823.7799234460249,1867.3744802604297,1867.3744802604297,389.2689543636549,749.9999999999998,93922.41294562585,3112.2908004340497,True,0.2084578955525655,93.92241294562585,75.13793035650068
3,10,5.0,0.7942105263157895,0.8061329639889196,0.011922437673130193,9.90811764713144,9.90811764713144,5.3194321343324065,507.1187367087273,1891.1677004633923,1891.1677004633923,372.7939712709788,750.0000000000001,98465.87251296252,3151.9461674389872,True,0.1971236983265065,98.46587251296252,78.77269801037002
3,11,5.0,0.8726315789473684,0.8845540166204986,0.011922437673130193,11.961392115488659,11.961392115488659,5.074784786997525,326.7871620939015,1912.2170913523785,1912.2170913523782,359.03025208915614,749.9999999999998,102978.17012096327,3187.0284855872974,True,0.18775601039902795,102.97817012096327,82.38253609677062
3,12,5.0,0.9510526315789474,0.9629750692520775,0.011922437673130193,14.207870180805289,14.207870180805289,4.861058147697382,218.70299504421658,1931.031248251374,1931.031248251374,347.41673420838345,750.0000000000002,107483.88066423658,3218.3854137522903,True,0.17991253871369672,107.48388066423658,85.98710453138926
3,13,5.0,1.029473684210526,1.0413961218836563,0.011922437673130193,16.64755184308132,16.64755184308132,4.672243485522265,151.10243873228382,1947.993459863498,1947.993459863498,337.543160938403,750.0000000000001,112002.65096209019,3246.6557664391635,True,0.1732773584168274,112.00265096209019,89.60212076967215
3,14,5.0,1.1078947368421053,1.1198171745152354,0.011922437673130193,19.280437102316778,19.280437102316778,4.503849215259642,107.2711595192376,1963.3992356430558,1963.3992356430558,329.10127250398017,750.0,116550.37047640077,3272.3320594050933,True,0.16761811175718033,116.55037047640077,93.24029638112061
3,15,5.0,1.1863157894736842,1.1982382271468144,0.011922437673130193,22.106525958511636,22.106525958511636,4.3524414393052195,77.96048301636287,1977.480851381318,1977.480851381318,321.85405799757166,749.9999999999998,121139.99589974417,3295.8014189688633,True,0.16275963318317285,121.13999589974418,96.91199671979534
3,16,5.0,1.2647368421052632,1.2766592797783933,0.011922437673130193,25.125818411665904,25.125818411665904,4.215343857081231,57.8284890860736,1990.4239343627753,1990.423934362775,315.6156644540728,749.9999999999997,125782.15022811547,3317.3732239379588,True,0.1585670564974972,125.78215022811547,100.62572018249237
3,17,5.0,1.3431578947368419,1.355080332409972,0.011922437673130193,28.338314461779575,28.338314461779575,4.090435579915634,43.67333084291211,2002.378985421838,2002.378985421838,310.2378538458602,749.9999999999999,130485.56994427627,3337.298309036397,True,0.15493463330594376,130.48556994427628,104.38845595542102
3,18,5.0,1.421578947368421,1.4335013850415512,0.011922437673130193,31.74401410885267,31.74401410885267,3.976011211074238,33.51285156537324,2013.469578177208,2013.469578177208,305.60062470526265,750.0000000000003,135257.44682952776,3355.7826302953467,True,0.1517781187346881,135.25744682952777,108.20595746362221
3,19,5.0,1.5,1.5119224376731302,0.011922437673130193,35.34291735288517,35.34291735288517,3.8706817284188033,26.08455482188599,2023.7983174684719,2023.7983174684719,301.6055629304574,750.0000000000001,140103.69469408275,3372.9971957807866,True,0.14902945630853653,140.10369469408275,112.0829557552662
4,0,5.0,0.01,0.0296398891966759,0.0196398891966759,0.0015707963267948964,0.0015707963267948964,14.699867099967138,40323173608792.08,1344.057820938625,1344.057820938625,595.6337191798091,43.77719427442443,9032.36366228299,2240.0963682310417,True,0.443160785124443,9.032363662282991,7.2258909298263925
4,1,5.0,0.08842105263157896,0.10806094182825485,0.0196398891966759,0.12280929508991459,0.12280929508991459,20.461724727736836,5256155.229751788,1149.2622994547871,1149.2622994547871,829.7160899108217,750.0,72935.80314459637,1915.4371657579786,True,0.7219553711145323,72.93580314459638,58.3486425156771
4,2,5.0,0.1668421052631579,0.1864819944598338,0.0196398891966759,0.43725139081244424,0.43725139081244424,14.895917129943294,271540.7045104289,1336.23225186804,1336.23225186804,605.0636668291072,750.0000000000001,82262.1481172573,2227.0537531134,True,0.4528132485825229,82.2621481172573,65.80971849380583
4,3,5.0,0.24526315789473685,0.26490304709141277,0.0196398891966759,0.9448970834943838,0.9448970834943838,12.285813554128984,44975.62628150952,1449.4084371404876,1449.4084371404876,500.3859191130996,750.0,90559.42184076387,2415.6807285674795,True,0.34523458418684394,90.55942184076387,72.44753747261109
4,4,5.0,0.3236842105263158,0.3433240997229917,0.0196398891966759,1.6457463731357334,1.6457463731357334,10.694471335452237,12322.371288888806,1529.4471946158562,1529.4471946158562,437.1614258283442,750.0,98027.12177891824,2549.0786576930936,True,0.2858296954398245,98.02712177891824,78.42169742313459
4,5,5.0,0.40210526315789474,0.42174515235457066,0.0196398891966759,2.539799259736493,2.539799259736493,9.595115334250165,4477.227446598961,1590.6861177383794,1590.6861177383794,394.02072435725626,750.0000000000002,104927.80772340813,2651.143529563966,True,0.24770488656647782,104.92780772340812,83.9422461787265
4,6,5.0,0.4805263157894737,0.5001662049861496,0.0196398891966759,3.627055743296662,3.627055743296662,8.777311065096743,1949.4609295756495,1639.863555532632,1639.863555532632,362.4186942546049,749.9999999999999,111440.58936972982,2733.1059258877203,True,0.22100539586471285,111.44058936972982,89.15247149578386
4,7,5.0,0.5589473684210526,0.5785872576177286,0.0196398891966759,4.907515823816241,4.907515823816241,8.13831733720391,962.7874471854204,1680.680325749226,1680.680325749226,338.1775935027601,749.9999999999998,117687.95009800307,2801.1338762487103,True,0.20121470354691323,117.68795009800307,94.15036007840246
4,8,5.0,0.6373684210526316,0.6570083102493075,0.0196398891966759,6.381179501295231,6.381179501295231,7.621225415405172,521.721614375299,1715.3827985918256,1715.3827985918256,318.97916411089096,750.0000000000003,123756.95692983062,2858.971330986376,True,0.18595217602318506,123.75695692983062,99.00556554386449
4,9,5.0,0.7157894736842104,0.7354293628808863,0.0196398891966759,8.048046775733628,8.048046775733628,7.191631474685671,303.5730810267789,1745.4337980402645,1745.4337980402647,303.41868307211286,749.9999999999999,129711.80552386414,2909.056330067108,True,0.17383568681481062,129.71180552386414,103.76944441909131
4,10,5.0,0.7942105263157895,0.8138504155124654,0.0196398891966759,9.90811764713144,9.90811764713144,6.827351438397731,186.8795208131376,1771.837102022114,1771.837102022114,290.58778091462773,750.0,135601.25855480786,2953.0618367035236,True,0.1640036663545388,135.60125855480786,108.48100684384629
4,11,5.0,0.8726315789473684,0.8922714681440443,0.0196398891966759,11.961392115488659,11.961392115488659,6.513352993348181,120.42510725662635,1795.3100440766,1795.3100440766,279.8688191365094,750.0000000000002,141463.22921169773,2992.183406794333,True,0.15588885054138776,141.46322921169772,113.17058336935818
4,12,5.0,0.9510526315789474,0.9706925207756233,0.0196398891966759,14.207870180805289,14.207870180805289,6.23904046498036,80.59475613052781,1816.382180989936,1816.3821809899362,270.82469801221333,750.0,147327.72714434462,3027.303634983227,True,0.1491011643070693,147.32772714434464,117.8621817154757
4,13,5.0,1.029473684210526,1.049113573407202,0.0196398891966759,16.64755184308132,16.64755184308132,5.996701804980944,55.6831158068706,1835.4549888331528,1835.4549888331528,263.1358094840081,750.0000000000003,153218.8279835445,3059.0916480552546,True,0.14336271446857463,153.2188279835445,122.5750623868356
4,14,5.0,1.1078947368421053,1.127534626038781,0.0196398891966759,19.280437102316778,19.280437102316778,5.780572181693674,39.53074780500419,1852.8396780903256,1852.8396780903256,256.56201017280864,750.0,159156.03761302683,3088.066130150543,True,0.13846962217326894,159.15603761302683,127.32483009042146
4,15,5.0,1.1863157894736842,1.20595567867036,0.0196398891966759,22.106525958511636,22.106525958511636,5.586244277729024,28.72940132919382,1868.7820760818245,1868.7820760818245,250.91866569128464,749.9999999999999,165155.267572981,3114.6367934697078,True,0.13426855324799156,165.15526757298102,132.1242140583848
4,16,5.0,1.2647368421052632,1.284376731301939,0.0196398891966759,25.125818411665904,25.125818411665904,5.410283131584003,21.310512800004204,1883.479532161867,1883.4795321618667,246.06099789722057,750.0000000000002,171229.55235034222,3139.1325536031113,True,0.13064171587508072,171.2295523503422,136.98364188027378
4,17,5.0,1.3431578947368419,1.3627977839335177,0.0196398891966759,28.338314461779575,28.338314461779575,5.249966638349646,16.09416207574462,1897.0927215701108,1897.0927215701108,241.87353360205842,750.0,177389.59020163867,3161.8212026168517,True,0.12749694880589393,177.38959020163867,141.91167216131095
4,18,5.0,1.421578947368421,1.4412188365650969,0.0196398891966759,31.74401410885267,31.74401410885267,5.103105966107023,12.34989991153891,1909.7540845538047,1909.7540845538047,238.26279791536913,750.0000000000001,183644.16001920972,3182.9234742563413,True,0.1247609835436152,183.64416001920972,146.91532801536778
4,19,5.0,1.5,1.5196398891966758,0.0196398891966759,35.34291735288517,35.34291735288517,4.96791834142206,9.61248077200899,1921.5739858531974,1921.5739858531974,235.1521338776667,750.0,190000.44892848266,3202.623309755329,True,0.1223747488303225,190.00044892848265,152.00035914278612
5,0,5.0,0.01,0.0395623268698061,0.029562326869806095,0.0015707963267948964,0.0015707963267948964,19.1877236652752,13890392505406.492,1186.8451780213948,1186.8451780213948,516.5339138016857,49.5528270103943,16694.126509299116,1978.0752967023247,True,0.4352159181055158,16.694126509299117,13.355301207439293
5,1,5.0,0.08842105263157896,0.11798337950138504,0.029562326869806095,0.12280929508991459,0.12280929508991459,25.10394810601694,2319898.6915897643,1031.8698356815667,1031.8698356815667,676.341117982157,750.0000000000001,104704.93077415322,1719.7830594692778,True,0.6554519713578242,104.70493077415323,83.76394461932259
5,2,5.0,0.1668421052631579,0.196404432132964,0.029562326869806095,0.43725139081244424,0.43725139081244424,18.275406183855228,119849.37612598913,1215.4678934104782,1215.4678934104782,493.2466100864379,750.0,114085.208955942,2025.779822350797,True,0.40580801250326615,114.085208955942,91.26816716475359
5,3,5.0,0.24526315789473685,0.27482548476454294,0.029562326869806095,0.9448970834943838,0.9448970834943838,15.073139239576033,19850.801965152692,1329.2438344863663,1329.2438344863663,407.9383182692578,750.0000000000001,123530.57358451856,2215.4063908106104,True,0.30689502383653294,123.53057358451855,98.82445886761485
5,4,5.0,0.3236842105263158,0.3532465373961219,0.029562326869806095,1.6457463731357334,1.6457463731357334,13.120763620798298,5438.7003010423705,1410.9701151678498,1410.9701151678498,356.41594638056506,750.0000000000002,132339.89746273783,2351.616858613083,True,0.25260346944922046,132.33989746273784,105.87191797019027
5,5,5.0,0.40210526315789474,0.43166759002770083,0.029562326869806095,2.539799259736493,2.539799259736493,11.771992861175846,1976.1048982195375,1474.2303661249941,1474.2303661249941,321.26216169951357,750.0000000000001,140620.6875062924,2457.0506102083236,True,0.21791856217420705,140.6206875062924,112.49655000503391
5,6,5.0,0.4805263157894737,0.5100886426592798,0.029562326869806095,3.627055743296662,3.627055743296662,10.768650464243049,860.4296604918757,1525.50046999909,1525.50046999909,295.51228879312947,750.0,148516.71093976995,2542.500783331817,True,0.19371497721879152,148.51671093976995,118.81336875181596
5,7,5.0,0.5589473684210526,0.5885096952908587,0.029562326869806095,4.907515823816241,4.907515823816241,9.9846859842915,424.94356452063647,1568.3778007786675,1568.3778007786677,275.76131207730026,750.0,156144.37200678067,2613.9630012977796,True,0.17582581948073378,156.14437200678069,124.91549760542453
5,8,5.0,0.6373684210526316,0.6669307479224377,0.029562326869806095,6.381179501295231,6.381179501295231,9.350279601466902,230.27122253018325,1605.0667166509636,1605.0667166509636,260.1197877605148,749.9999999999999,163593.01660808065,2675.1111944182726,True,0.16206166700862454,163.59301660808066,130.87441328646452
5,9,5.0,0.7157894736842104,0.7453518005540165,0.029562326869806095,8.048046775733628,8.048046775733628,8.823222174100446,133.98744190231173,1637.0143626745394,1637.0143626745396,247.44284278063176,750.0,170931.40281311216,2728.3572711242327,True,0.1511549613873649,170.93140281311216,136.74512225048971
5,10,5.0,0.7942105263157895,0.8237728531855956,0.029562326869806095,9.90811764713144,9.90811764713144,8.37629664613485,82.48263928076463,1665.2208041253127,1665.2208041253127,236.99015104701826,749.9999999999999,178213.15841129143,2775.368006875521,True,0.14231755360004741,178.21315841129143,142.57052672903313
5,11,5.0,0.8726315789473684,0.9021939058171745,0.029562326869806095,11.961392115488659,11.961392115488659,7.991060270668971,53.15178805561995,1690.40521018573,1690.4052101857303,228.25834182573973,750.0000000000002,185480.70281681602,2817.342016976217,True,0.1350317311200551,185.480702816816,148.38456225345283
5,12,5.0,0.9510526315789474,0.9806149584487535,0.029562326869806095,14.207870180805289,14.207870180805289,7.654513495233109,35.57194586603515,1713.1014791321159,1713.1014791321159,220.89118867414567,750.0,192767.99785627786,2855.1691318868598,True,0.12894226720652452,192.76799785627784,154.2143982850223
5,13,5.0,1.029473684210526,1.0590360110803323,0.029562326869806095,16.64755184308132,16.64755184308132,7.35719461201797,24.576745141162547,1733.7164368861777,1733.7164368861777,214.62822376711568,750.0000000000003,200102.49411441345,2889.5273948102963,True,0.12379661356420912,200.10249411441345,160.08199529153077
5,14,5.0,1.1078947368421053,1.1374570637119115,0.029562326869806095,19.280437102316778,19.280437102316778,7.0920309017554715,17.44760687266143,1752.566902265396,1752.566902265396,209.2737446464706,750.0,207506.5341920983,2920.9448371089934,True,0.11940984642352882,207.50653419209831,166.00522735367863
5,15,5.0,1.1863157894736842,1.2158781163434904,0.029562326869806095,22.106525958511636,22.106525958511636,6.85361514347549,12.68023824267844,1769.904196354864,1769.904196354864,204.6772895991337,750.0,214998.38641453552,2949.8403272581068,True,0.11564314612094184,214.99838641453553,171.9987091316284
5,16,5.0,1.2647368421052632,1.2942991689750694,0.029562326869806095,25.125818411665904,25.125818411665904,6.637733073890611,9.405778292466929,1785.930869987349,1785.930869987349,200.7208802054807,750.0000000000001,222593.0228570958,2976.551449978915,True,0.11239006144000555,222.5930228570958,178.07441828567664
5,17,5.0,1.3431578947368419,1.372720221606648,0.029562326869806095,28.338314461779575,28.338314461779575,6.4410450145874565,7.103448035631193,1800.8124327275268,1800.8124327275268,197.31042172652093,750.0000000000001,230302.71694827304,3001.354054545878,True,0.10956744752571082,230.30271694827303,184.24217355861842
5,18,5.0,1.421578947368421,1.4511412742382273,0.029562326869806095,31.74401410885267,31.74401410885267,6.260865545659504,5.450850554007738,1814.6857713673962,1814.6857713673962,194.36974795954941,750.0000000000001,238137.51111038562,3024.476285612327,True,0.10710931392440937,238.13751111038562,190.5100088883085
5,19,5.0,1.5,1.5295623268698062,0.029562326869806095,35.34291735288517,35.34291735288517,6.095007429600174,4.2426413587804435,1827.6653168913392,1827.6653168913392,191.83639907613758,750.0,246105.58885236038,3046.1088614855653,True,0.10496254281524066,246.10558885236037,196.8844710818883
6,0,5.0,0.01,0.051689750692520776,0.041689750692520774,0.0015707963267948964,0.0015707963267948964,23.920245040896944,5751032765335.138,1059.2404588244706,1059.2404588244706,456.63010853451834,54.60873180013615,29025.58108363903,1765.4007647074511,True,0.43109201950355985,29.02558108363903,23.220464866911225
6,1,5.0,0.08842105263157896,0.13011080332409974,0.041689750692520774,0.12280929508991459,0.12280929508991459,29.81174310573563,1166507.8164907035,936.787407096255,936.787407096255,569.59689205375,749.9999999999999,145023.78836567127,1561.3123451604251,True,0.6080321829040384,145.02378836567127,116.01903069253702
6,2,5.0,0.1668421052631579,0.2085318559556787,0.041689750692520774,0.43725139081244424,0.43725139081244424,21.7026306780598,60263.50829858684,1115.0818425381317,1115.0818425381317,415.4307043687524,750.0000000000001,152634.92442477736,1858.4697375635528,True,0.37255624521977293,152.63492442477735,122.10793953982188
6,3,5.0,0.24526315789473685,0.28695290858725764,0.041689750692520774,0.9448970834943838,0.9448970834943838,17.899836030155026,9981.520201682324,1227.6975816045885,1227.6975816045885,343.60634751253167,750.0000000000002,162575.7189431205,2046.1626360076477,True,0.27987865469559825,162.5757189431205,130.0605751544964
6,4,5.0,0.3236842105263158,0.3653739612188366,0.041689750692520774,1.6457463731357334,1.6457463731357334,15.581327397684056,2734.7256307854973,1309.6421665703422,1309.6421665703422,300.2308738719144,750.0000000000001,172407.64232225702,2182.7369442839035,True,0.22924649307692302,172.407642322257,137.9261138578056
6,5,5.0,0.40210526315789474,0.44379501385041553,0.041689750692520774,2.539799259736493,2.539799259736493,13.979618884561571,993.6389973990649,1373.6938148464653,1373.6938148464653,270.6378500233628,749.9999999999999,181892.87344189826,2289.489691410776,True,0.19701468194614485,181.89287344189827,145.5142987535186
6,6,5.0,0.4805263157894737,0.5222160664819945,0.041689750692520774,3.627055743296662,3.627055743296662,12.788117625152722,432.6473083255231,1426.0129472352844,1426.0129472352844,248.96269236771968,750.0,191072.46189436418,2376.6882453921407,True,0.17458655817284258,191.07246189436418,152.85796951549133
6,7,5.0,0.5589473684210526,0.6006371191135734,0.041689750692520774,4.907515823816241,4.907515823816241,11.857134674517342,213.6731191658433,1470.0528963760976,1470.0528963760976,232.3382602353472,750.0000000000003,200026.75636648532,2450.0881606268294,True,0.15804755108343116,200.02675636648533,160.02140509318826
6,8,5.0,0.6373684210526316,0.6790581717451524,0.041689750692520774,6.381179501295231,6.381179501295231,11.103756758440753,115.78659963390687,1507.9460305041341,1507.9460305041341,219.17360052715946,750.0000000000003,208831.98435666648,2513.243384173557,True,0.14534578565380465,208.83198435666648,167.0655874853332
6,9,5.0,0.7157894736842104,0.7574792243767312,0.041689750692520774,8.048046775733628,8.048046775733628,10.477859168138897,67.3725102123034,1541.1015475331874,1541.1015475331874,208.50472027481888,749.9999999999999,217552.7217778649,2568.502579221979,True,0.13529589961710733,217.55272177786492,174.04217742229193
6,10,5.0,0.7942105263157895,0.8359002770083103,0.041689750692520774,9.90811764713144,9.90811764713144,9.947120777076332,41.47450222486239,1570.4989948539435,1570.4989948539435,199.70826937770937,750.0,226242.10648469228,2617.4983247565724,True,0.12716230321196878,226.24210648469227,180.9936851877538
6,11,5.0,0.8726315789473684,0.9143213296398892,0.041689750692520774,11.961392115488659,11.961392115488659,9.489640232108949,26.726156815429547,1596.8464706277111,1596.8464706277111,192.36042105372465,750.0000000000001,234943.58354852567,2661.4107843795186,True,0.12046268980267645,234.94358354852568,187.95486683882052
6,12,5.0,0.9510526315789474,0.9927423822714682,0.041689750692520774,14.207870180805289,14.207870180805289,9.089980147966532,17.886536619441245,1620.672134065019,1620.672134065019,186.16124748251656,750.0,243692.69119127162,2701.1202234416983,True,0.11486669238618996,243.69269119127162,194.95415295301729
6,13,5.0,1.029473684210526,1.0711634349030468,0.041689750692520774,16.64755184308132,16.64755184308132,8.736904443321883,12.357852269583512,1642.3801653565786,1642.3801653565786,180.89145136124114,750.0000000000003,252518.5644990782,2737.3002755942975,True,0.11013981730713829,252.5185644990782,202.01485159926256
6,14,5.0,1.1078947368421053,1.149584487534626,0.041689750692520774,19.280437102316778,19.280437102316778,8.422014037321775,8.773128701611329,1662.2865609601033,1662.2865609601033,176.3862686834427,750.0,261445.1358467927,2770.4776016001724,True,0.10611062666690003,261.4451358467927,209.15610867743416
6,15,5.0,1.1863157894736842,1.228005540166205,0.041689750692520774,22.106525958511636,22.106525958511636,8.138887681730784,6.3759667948744045,1680.6428986088927,1680.6428986088927,172.51902849358757,750.0000000000001,270492.0809176335,2801.071497681488,True,0.10265061580683535,270.4920809176335,216.39366473410678
6,16,5.0,1.2647368421052632,1.3064265927977838,0.041689750692520774,25.125818411665904,25.125818411665904,7.882520803803068,4.72947975621411,1697.6526174014227,1697.6526174014227,169.1904107973061,750.0000000000001,279675.565860864,2829.421029002371,True,0.09966138482222818,279.675565860864,223.7404526886912
6,17,5.0,1.3431578947368419,1.3848476454293626,0.041689750692520774,28.338314461779575,28.338314461779575,7.648947428366318,3.571805823952213,1713.4824728562455,1713.4824728562455,166.32120547769856,749.9999999999995,289008.8422843404,2855.804121427076,True,0.09706618428401763,289.0088422843404,231.20707382747233
6,18,5.0,1.421578947368421,1.4632686980609417,0.041689750692520774,31.74401410885267,31.74401410885267,7.434978533197973,2.740835106646622,1728.2707856048723,1728.2707856048721,163.84729791446375,749.9999999999999,298502.72606106725,2880.4513093414535,True,0.09480418189046651,298.5027260610673,238.8021808488538
6,19,5.0,1.5,1.5416897506925207,0.041689750692520774,35.34291735288517,35.34291735288517,7.23801670364508,2.1333148406548386,1742.1335024774946,1742.1335024774946,161.71611381154017,750.0000000000001,308165.9868389753,2903.555837462491,True,0.09282647603158029,308.1659868389753,246.53278947118022
7,0,5.0,0.01,0.06602216066481995,0.056022160664819944,0.0015707963267948964,0.0015707963267948964,28.844876040093837,2719779094896.6797,954.7178792276809,954.7178792276809,409.7870496131341,59.09321783294326,47857.70449051006,1591.1964653794682,True,0.4292231857484762,47.857704490510066,38.28616359240805
7,1,5.0,0.08842105263157896,0.1444432132963989,0.056022160664819944,0.12280929508991459,0.12280929508991459,34.55832212813622,645991.1078219375,858.4845757110689,858.4845757110688,491.43086178172643,750.0,195506.52681627584,1430.8076261851147,True,0.5724399432274974,195.50652681627585,156.4052214530207
7,2,5.0,0.1668421052631579,0.22286426592797784,0.056022160664819944,0.43725139081244424,0.43725139081244424,25.158089526675962,33372.85008869971,1030.655024899103,1030.655024899103,358.45277933489484,750.0,198785.45971562178,1717.7583748318384,True,0.34779123050410193,198.78545971562178,159.02836777249743
7,3,5.0,0.24526315789473685,0.3012853185595568,0.056022160664819944,0.9448970834943838,0.9448970834943838,20.749819873897383,5527.586872267822,1141.1226554583998,1141.1226554583998,296.50532844244816,750.0,208284.6879508302,1901.8710924306663,True,0.2598365101456505,208.2846879508302,166.62775036066418
7,4,5.0,0.3236842105263158,0.37970637119113576,0.056022160664819944,1.6457463731357334,1.6457463731357334,18.06216193005911,1514.4420078853782,1222.37871290414,1222.37871290414,259.09787400491797,750.0000000000002,218666.926847327,2037.2978548402334,True,0.21196203048182224,218.666926847327,174.9335414778616
7,5,5.0,0.40210526315789474,0.4581274238227147,0.056022160664819944,2.539799259736493,2.539799259736493,16.205431897348767,550.2594561568593,1286.4202348441502,1286.4202348441502,233.5786934191569,750.0000000000003,229084.01398755133,2144.0337247402504,True,0.1815726207443052,229.08401398755132,183.26721119004105
7,6,5.0,0.4805263157894737,0.5365484764542936,0.056022160664819944,3.627055743296662,3.627055743296662,14.824221674495032,239.592319957345,1339.0824258250218,1339.0824258250218,214.8889048953757,749.9999999999999,239380.10562141155,2231.804043041703,True,0.1604747405769145,239.38010562141156,191.50408449712924
7,7,5.0,0.5589473684210526,0.6149695290858725,0.056022160664819944,4.907515823816241,4.907515823816241,13.745009077306431,118.32834123389041,1383.6602673948312,1383.6602673948312,200.5553113046782,749.9999999999998,249557.44641568098,2306.100445658052,True,0.14494548700331308,249.55744641568097,199.6459571325448
7,8,5.0,0.6373684210526316,0.6933905817174515,0.056022160664819944,6.381179501295231,6.381179501295231,12.871679509972624,64.12054228102888,1422.2010793543323,1422.201079354332,189.20558010743466,750.0,259657.4758400533,2370.3351322572203,True,0.1330371512538385,259.6574758400533,207.72598067204262
7,9,5.0,0.7157894736842104,0.7718116343490303,0.056022160664819944,8.048046775733628,8.048046775733628,12.146127486122193,37.30968785080366,1456.0652543457875,1456.0652543457875,180.00820098770654,750.0000000000001,269728.24554981734,2426.7754239096457,True,0.12362646553817022,269.72824554981736,215.78259643985388
7,10,5.0,0.7942105263157895,0.8502326869806094,0.056022160664819944,9.90811764713144,9.90811764713144,11.530885760099803,22.96783549998256,1486.203009030371,1486.203009030371,172.42550273461592,750.0,279814.8291802791,2477.0050150506186,True,0.11601746308339787,279.8148291802791,223.8518633442233
7,11,5.0,0.8726315789473684,0.9286537396121883,0.056022160664819944,11.961392115488659,11.961392115488659,11.000565879633086,14.800466319172573,1513.3042398638406,1513.3042398638406,166.0919217559643,749.9999999999998,289956.76909994526,2522.173733106401,True,0.10975448120789538,289.95676909994523,231.9654152799562
7,12,5.0,0.9510526315789474,1.0070747922437673,0.056022160664819944,14.207870180805289,14.207870180805289,10.537272543159435,9.905243190440814,1537.8855708894605,1537.8855708894605,160.7487681051404,750.0,300187.8168187788,2563.142618149101,True,0.10452583153645743,300.1878168187788,240.15025345502306
7,13,5.0,1.029473684210526,1.085495844875346,0.056022160664819944,16.64755184308132,16.64755184308132,10.127980678089642,6.843556952703618,1560.343789974121,1560.343789974121,156.20690215754956,750.0000000000001,310536.4035572173,2600.5729832902016,True,0.10011056740267497,310.5364035572173,248.4291228457738
7,14,5.0,1.1078947368421053,1.1639168975069252,0.056022160664819944,19.280437102316778,19.280437102316778,9.762953915078336,4.858401331649783,1580.9901513390193,1580.9901513390193,152.3242232986617,750.0000000000001,321026.2963961772,2634.983585565032,True,0.09634735748964074,321.0262963961772,256.82103711694174
7,15,5.0,1.1863157894736842,1.2423379501385041,0.056022160664819944,22.106525958511636,22.106525958511636,9.434748624808133,3.530896060043344,1600.0732246755342,1600.0732246755342,148.9914887215665,750.0000000000003,331677.24979405705,2666.788707792557,True,0.09311541898451507,331.67724979405705,265.34179983524564
7,16,5.0,1.2647368421052632,1.320759002770083,0.056022160664819944,25.125818411665904,25.125818411665904,9.137563414302743,2.6191010672602033,1617.794596006782,1617.794596006782,146.1230474224931,749.9999999999999,342505.59163466655,2696.32432667797,True,0.09032237329953384,342.50559163466653,274.00447330773324
7,17,5.0,1.3431578947368419,1.3991800554016618,0.056022160664819944,28.338314461779575,28.338314461779575,8.866800852037601,1.978002006091241,1634.3199470584807,1634.3199470584805,143.6505941288922,750.0000000000001,353524.73082511965,2723.866578430801,True,0.08789624968320355,353.52473082511966,282.8197846600957
7,18,5.0,1.421578947368421,1.477601108033241,0.056022160664819944,31.74401410885267,31.74401410885267,8.618764164669042,1.5178253260457353,1649.7870550736134,1649.7870550736134,141.5188439517268,750.0000000000003,364745.59047022427,2749.645091789356,True,0.08578006689803507,364.7455904702243,291.7964723761794
7,19,5.0,1.5,1.55602216066482,0.056022160664819944,35.34291735288517,35.34291735288517,8.390442381253214,1.1813914984242866,1664.3116860745488,1664.3116860745488,139.6824657294768,749.9999999999999,376176.9757805461,2773.852810124248,True,0.08392806882161138,376.17697578054606,300.9415806244369
8,0,5.0,0.01,0.0825595567867036,0.0725595567867036,0.0015707963267948964,0.0015707963267948964,33.92703805381165,1421099725028.39,868.0624847332766,868.0624847332766,372.16119161102705,63.118607761991086,75381.47138551352,1446.7708078887945,True,0.4287262704658621,75.38147138551352,60.30517710841082
8,1,5.0,0.08842105263157896,0.16098060941828257,0.0725595567867036,0.12280929508991459,0.12280929508991459,39.32964549088326,385085.3587763124,792.9621558644216,792.9621558644216,431.88710701266155,750.0000000000002,258036.04075680365,1321.6035931073693,True,0.5446503390087438,258.03604075680363,206.42883260544292
8,2,5.0,0.1668421052631579,0.23940166204986152,0.0725595567867036,0.43725139081244424,0.43725139081244424,28.631561990866583,19894.075621451757,958.7760747202535,958.7760747202535,315.05339004581094,749.9999999999999,253581.12712329315,1597.960124533756,True,0.32859955348566194,253.58112712329316,202.86490169863453
8,3,5.0,0.24526315789473685,0.31782271468144047,0.0725595567867036,0.9448970834943838,0.9448970834943838,23.614660937940634,3295.0806103993928,1066.568300027231,1066.568300027231,260.63239506564344,750.0000000000001,261383.1590844749,1777.6138333787185,True,0.2443654054400352,261.3831590844749,209.1065272675799
8,4,5.0,0.3236842105263158,0.3962437673130194,0.0725595567867036,1.6457463731357334,1.6457463731357334,20.55592927440728,902.7824638620447,1146.5866901642544,1146.5866901642544,227.7731279910657,750.0,271673.8824606336,1910.977816940424,True,0.1986532112617111,271.6738824606336,217.33910596850686
8,5,5.0,0.40210526315789474,0.47466481994459836,0.0725595567867036,2.539799259736493,2.539799259736493,18.44284827215226,328.01823048101585,1210.1013088975476,1210.1013088975476,205.35885778299692,750.0000000000001,282644.59172547096,2016.835514829246,True,0.16970385559708825,282.64459172547095,226.11567338037676
8,6,5.0,0.4805263157894737,0.5530858725761773,0.0725595567867036,3.627055743296662,3.627055743296662,16.87094011608489,142.8247128693525,1262.632738804379,1262.632738804379,188.94457253826755,750.0000000000002,293817.89642533346,2104.387898007298,True,0.14964333390973553,293.81789642533346,235.05431714026676
8,7,5.0,0.5589473684210526,0.6315069252077562,0.0725595567867036,4.907515823816241,4.907515823816241,15.642725137957642,70.53736682396975,1307.3168321291314,1307.3168321291316,176.3572294900808,750.0,305062.1932818521,2178.861386881886,True,0.13490014444536805,305.0621932818521,244.04975462548168
8,8,5.0,0.6373684210526316,0.7099279778393351,0.0725595567867036,6.381179501295231,6.381179501295231,14.648818600696092,38.22325374179583,1346.1120412934476,1346.1120412934476,166.39107142639747,750.0000000000001,316355.3665061861,2243.5200688224127,True,0.1236086345877392,316.3553665061861,253.08429320494886
8,9,5.0,0.7157894736842104,0.788349030470914,0.0725595567867036,8.048046775733628,8.048046775733628,13.823092635835154,22.240885916063146,1380.3256046781887,1380.3256046781887,158.315533853209,750.0000000000001,327712.54173055955,2300.542674463648,True,0.11469433973886105,327.71254173055956,262.17003338444766
8,10,5.0,0.7942105263157895,0.866770083102493,0.0725595567867036,9.90811764713144,9.90811764713144,13.122907051421056,13.69148439774507,1410.874314841918,1410.874314841918,151.6582306236366,750.0,339160.65712897433,2351.4571914031967,True,0.10749237478366683,339.1606571289743,271.3285257031795
8,11,5.0,0.8726315789473684,0.945191135734072,0.0725595567867036,11.961392115488659,11.961392115488659,12.519368117493988,8.822788446410481,1438.4262449692515,1438.4262449692515,146.0979943942395,749.9999999999999,350728.80007909134,2397.3770749487526,True,0.10156794267707661,350.72880007909134,280.5830400632731
8,12,5.0,0.9510526315789474,1.023612188365651,0.0725595567867036,14.207870180805289,14.207870180805289,11.992109802861814,5.904669710730626,1463.483354504818,1463.483354504818,141.40755925199633,749.9999999999999,362444.46839198354,2439.1389241746965,True,0.09662396146613009,362.44446839198355,289.9555747135868
8,13,5.0,1.029473684210526,1.1020332409972298,0.0725595567867036,16.64755184308132,16.64755184308132,11.526308717502072,4.0795508676946195,1486.4323575303351,1486.4323575303351,137.42076710956468,750.0,374332.22331244923,2477.3872625505587,True,0.0924500643526661,374.33222331244923,299.46577864995936
8,14,5.0,1.1078947368421053,1.180454293628809,0.0725595567867036,19.280437102316778,19.280437102316778,11.110884232172943,2.896168689048525,1507.577472004791,1507.577472004791,134.01278859502366,750.0000000000002,386413.34717358346,2512.629120007985,True,0.08889280390798901,386.4133471735835,309.1306777388668
8,15,5.0,1.1863157894736842,1.2588753462603879,0.0725595567867036,22.106525958511636,22.106525958511636,10.737365006711178,2.1048221246699352,1527.162293540123,1527.162293540123,131.087663084919,750.0000000000001,398705.9248411254,2545.2704892335387,True,0.08583741468697736,398.70592484112535,318.9647398729003
8,16,5.0,1.2647368421052632,1.3372963988919668,0.0725595567867036,25.125818411665904,25.125818411665904,10.399148674015025,1.5612869309577588,1545.384864383423,1545.384864383423,128.57015737989096,749.9999999999998,411225.09480035165,2575.6414406390386,True,0.08319620590511466,411.22509480035166,328.9800758402813
8,17,5.0,1.3431578947368419,1.4157174515235456,0.0725595567867036,28.338314461779575,28.338314461779575,10.091003054369295,1.1791177973704658,1562.4083324293597,1562.4083324293597,126.40027776866204,749.9999999999998,423983.3559620751,2604.013887382266,True,0.08090092400629008,423.9833559620751,339.1866847696601
8,18,5.0,1.421578947368421,1.4941385041551247,0.0725595567867036,31.74401410885267,31.74401410885267,9.808720976357293,0.9047993125026187,1578.3686649715805,1578.3686649715805,124.52946968116571,750.0000000000001,436990.87907532963,2630.614441619301,True,0.07889758105620269,436.99087907532964,349.5927032602637
8,19,5.0,1.5,1.5725595567867037,0.0725595567867036,35.34291735288517,35.34291735288517,9.548875756838388,0.7042458688942197,1593.3803434393324,1593.3803434393324,122.91792325273116,750.0000000000002,450255.8006143987,2655.6339057322207,True,0.07714286407438115,450.25580061439865,360.20464049151894
9,0,5.0,0.01,0.10130193905817174,0.09130193905817174,0.0015707963267948964,0.0015707963267948964,39.14218221635817,802099418771.4003,795.329156143902,795.329156143902,341.2611335449576,66.76828296283378,114154.03934981534,1325.54859357317,True,0.4290816335711097,114.15403934981535,91.32323147985227
9,1,5.0,0.08842105263157896,0.1797229916897507,0.09130193905817174,0.12280929508991459,0.12280929508991459,44.117685630390305,243212.69888836794,737.3438688938927,737.3438688938927,385.09718370777193,750.0000000000002,334747.27653874276,1228.9064481564878,True,0.5222762403727117,334.74727653874277,267.7978212309942
9,2,5.0,0.1668421052631579,0.25814404432132965,0.09130193905817174,0.43725139081244424,0.43725139081244424,32.11720409005182,12564.725491402385,896.8751706146885,896.8751706146885,280.953506687177,750.0000000000001,318218.81949930085,1494.7919510244808,True,0.3132582057039452,318.2188194993009,254.57505559944067
9,3,5.0,0.24526315789473685,0.3365650969529086,0.09130193905817174,0.9448970834943838,0.9448970834943838,26.489539240058015,2081.111187547085,1001.7388977771037,1001.7388977771037,232.44919596057647,750.0000000000001,322713.36058730306,1669.5648296285062,True,0.23204569222218482,322.71336058730304,258.17068846984245
9,4,5.0,0.3236842105263158,0.41498614958448754,0.09130193905817174,1.6457463731357334,1.6457463731357334,23.058433765416353,570.1804925606654,1080.1969942067642,1080.1969942067642,203.1656964654114,750.0000000000001,332083.05636790296,1800.3283236779405,True,0.18808207906059288,332.08305636790294,265.66644509432234
9,5,5.0,0.40210526315789474,0.4934072022160665,0.09130193905817174,2.539799259736493,2.539799259736493,20.688103644066878,207.17016968234307,1142.8556606583727,1142.8556606583727,183.192723294772,750.0,343112.94097265834,1904.7594344306212,True,0.16029384077184244,343.11294097265835,274.4903527781267
9,6,5.0,0.4805263157894737,0.5718282548476454,0.09130193905817174,3.627055743296662,3.627055743296662,18.924829426776974,90.20541314604802,1194.9402049710975,1194.9402049710975,168.5677546165796,750.0000000000002,354845.29213572026,1991.5670082851625,True,0.14106794123699004,354.8452921357203,283.8762337085762
9,7,5.0,0.5589473684210526,0.6502493074792244,0.09130193905817174,4.907515823816241,4.907515823816241,17.54709002396148,44.55007952587932,1239.4332257356673,1239.4332257356675,157.35366880237595,749.9999999999999,366943.5949438016,2065.7220428927794,True,0.1269561486129908,366.9435949438016,293.55487595504127
9,8,5.0,0.6373684210526316,0.7286703601108033,0.09130193905817174,6.381179501295231,6.381179501295231,16.43218406410331,24.14109103596723,1278.2053881960762,1278.2053881960762,148.47563993171693,750.0000000000003,379285.4811897309,2130.3423136601273,True,0.11615945395227893,379.28548118973094,303.4283849517847
9,9,5.0,0.7157894736842104,0.8070914127423822,0.09130193905817174,8.048046775733628,8.048046775733628,15.505933189479231,14.046926911225734,1312.5100590757017,1312.5100590757017,141.28245087906382,750.0000000000001,391832.2186998772,2187.5167651261695,True,0.10764294711657905,391.8322186998772,313.46577495990175
9,10,5.0,0.7942105263157895,0.8855124653739612,0.09130193905817174,9.90811764713144,9.90811764713144,14.720506137936832,8.64728506621266,1343.2292482207226,1343.2292482207226,135.35303360383833,750.0000000000003,404579.75643108203,2238.7154137012044,True,0.1007668897793363,404.57975643108205,323.66380514486565
9,11,5.0,0.8726315789473684,0.9639335180055402,0.09130193905817174,11.961392115488659,11.961392115488659,14.043491620761296,5.572307907502285,1371.0076792186107,1371.0076792186107,130.40112010384783,750.0000000000001,417538.3674176362,2285.0127986976845,True,0.09511334041408752,417.5383674176362,334.03069393410897
9,12,5.0,0.9510526315789474,1.0423545706371191,0.09130193905817174,14.207870180805289,14.207870180805289,13.452044220699065,3.7292787784886667,1396.3311494781942,1396.3311494781942,126.22414742067623,750.0000000000001,430723.602253716,2327.218582463657,True,0.09039700035900933,430.72360225371597,344.5788818029728
9,13,5.0,1.029473684210526,1.1207756232686978,0.09130193905817174,16.64755184308132,16.64755184308132,12.929535929721478,2.576567906755293,1419.5749084013817,1419.5749084013817,122.67402438717289,749.9999999999999,444152.1232776049,2365.9581806689694,True,0.08641602754540029,444.15212327760486,355.3216986220839
9,14,5.0,1.1078947368421053,1.199196675900277,0.09130193905817174,19.280437102316778,19.280437102316778,12.463537148950223,1.8291658907464243,1441.0348782859119,1441.0348782859119,119.6395000406646,749.9999999999999,457839.7834783542,2401.7247971431866,True,0.08302332014543179,457.8397834783542,366.2718267826834
9,15,5.0,1.1863157894736842,1.277617728531856,0.09130193905817174,22.106525958511636,22.106525958511636,12.044545226695323,1.3293662247966367,1460.9485543382893,1460.9485543382893,117.03505656414842,750.0,471800.7855107862,2434.9142572304822,True,0.08010895128142097,471.8007855107862,377.440628408629
9,16,5.0,1.2647368421052632,1.356038781163435,0.09130193905817174,25.125818411665904,25.125818411665904,11.665154015441944,0.9860795783667996,1479.5094334297257,1479.509433429726,114.79365197640864,750.0,486047.3752988102,2465.84905571621,True,0.077588996313663,486.0473752988102,388.83790023904817
9,17,5.0,1.3431578947368419,1.4344598337950136,0.09130193905817174,28.338314461779575,28.338314461779575,11.319494363384734,0.7447087126788452,1496.877240759628,1496.877240759628,112.86182810420817,750.0000000000003,500589.80274204555,2494.7954012660466,True,0.07539818565678345,500.58980274204555,400.47184219363646
9,18,5.0,1.421578947368421,1.5128808864265928,0.09130193905817174,31.74401410885267,31.74401410885267,11.002846912806678,0.5714542963808947,1513.18534483134,1513.1853448313402,111.19632289702453,750.0000000000001,515436.41369544447,2521.9755747189006,True,0.0734849324815649,515.4364136954445,412.34913095635557
9,19,5.0,1.5,1.5913019390581717,0.09130193905817174,35.34291735288517,35.34291735288517,10.711367811883884,0.44478849831899475,1528.546241538669,1528.546241538669,109.76166856528242,750.0,530593.8024970472,2547.577069231115,True,0.07180788227564111,530.5938024970472,424.4750419976378
10,0,5.0,0.01,0.12224930747922437,0.11224930747922438,0.0015707963267948964,0.0015707963267948964,44.47180052024715,481359433180.3776,733.5678253750281,733.5678253750281,315.412871725362,70.10449997001339,167103.22872815028,1222.6130422917136,True,0.4299709731190988,167.10322872815027,133.68258298252022
10,1,5.0,0.08842105263157896,0.20067036011080333,0.11224930747922438,0.12280929508991459,0.12280929508991459,48.917534086891685,160908.47122649598,689.5357909754649,689.5357909754649,347.4015194104826,750.0,428018.34994492406,1149.2263182924416,True,0.5038194158406548,428.01834994492407,342.4146799559393
10,2,5.0,0.1668421052631579,0.27909141274238225,0.11224930747922438,0.43725139081244424,0.43725139081244424,35.61144251793037,8312.768122071258,843.0132066443052,843.0132066443052,253.48471428237187,750.0000000000001,394039.5467655273,1405.0220110738421,True,0.30068890058246184,394.0395467655273,315.23163741242183
10,3,5.0,0.24526315789473685,0.3575124653739612,0.11224930747922438,0.9448970834943838,0.9448970834943838,29.37150759850792,1376.854174025923,944.8588728004237,944.8588728004237,209.7492012583547,749.9999999999999,393225.20516315615,1574.7647880007062,True,0.22198997892318956,393.22520516315615,314.5801641305249
10,4,5.0,0.3236842105263158,0.43593351800554014,0.11224930747922438,1.6457463731357334,1.6457463731357334,25.567109960389587,377.2289514505079,1021.5781799328323,1021.5781799328323,183.34805352360343,750.0000000000001,400637.94961980125,1702.630299888054,True,0.1794753031389711,400.63794961980125,320.510359695841
10,5,5.0,0.40210526315789474,0.5143545706371191,0.11224930747922438,2.539799259736493,2.539799259736493,22.938896289352712,137.06288955997405,1083.1761096640953,1083.1761096640953,165.34315900233273,750.0,411105.1248652559,1805.2935161068256,True,0.15264660799582022,411.1051248652559,328.88409989220474
10,6,5.0,0.4805263157894737,0.592775623268698,0.11224930747922438,3.627055743296662,3.627055743296662,20.983784061765693,59.679511769026554,1134.605024876032,1134.605024876032,152.16080411711252,750.0,422992.14543229743,1891.0083747933868,True,0.13410905185594232,422.99214543229743,338.39371634583796
10,7,5.0,0.5589473684210526,0.671196675900277,0.11224930747922438,4.907515823816241,4.907515823816241,19.456151475489335,29.4741402167422,1178.7031463770672,1178.7031463770672,142.05398628823565,750.0000000000002,435669.59081237786,1964.505243961779,True,0.12051718596396498,435.66959081237786,348.53567264990227
10,8,5.0,0.6373684210526316,0.7496177285318559,0.11224930747922438,6.381179501295231,6.381179501295231,18.219947682934258,15.971641571726083,1217.2569173953254,1217.2569173953254,134.05339466550964,749.9999999999999,448869.3857057812,2028.7615289922092,True,0.11012744536490768,448.8693857057812,359.095508564625
10,9,5.0,0.7157894736842104,0.8280387811634348,0.11224930747922438,8.048046775733628,8.048046775733628,17.192923982914397,9.293386180271368,1251.4670888225028,1251.4670888225028,127.57175863203794,750.0,462473.0091474853,2085.778481370838,True,0.10193776550054495,462.4730091474853,369.97840731798823
10,10,5.0,0.7942105263157895,0.9064598337950138,0.11224930747922438,9.90811764713144,9.90811764713144,16.32204524080455,5.7210064549410555,1282.1810864713643,1282.1810864713643,122.22936910745811,750.0000000000003,476429.49873722513,2136.968477452274,True,0.09532925605995353,476.4294987372251,381.1435989897801
10,11,5.0,0.8726315789473684,0.9848808864265928,0.11224930747922438,11.961392115488659,11.961392115488659,15.571373934092989,3.686614846583533,1310.0199935595278,1310.0199935595278,117.76808568899845,750.0,490719.962697411,2183.3666559325466,True,0.08989793000716292,490.719962697411,392.5759701579288
10,12,5.0,0.9510526315789474,1.0633019390581717,0.11224930747922438,14.207870180805289,14.207870180805289,14.915579144775714,2.4672747342829022,1335.4529373098715,1335.4529373098715,114.00525594918395,750.0,505340.96058413206,2225.7548955164525,True,0.08536823182914664,505.34096058413206,404.27276846730564
10,13,5.0,1.029473684210526,1.1417229916897504,0.11224930747922438,16.64755184308132,16.64755184308132,14.336223796249163,1.7046461997345785,1358.8431117798325,1358.8431117798325,110.80735131706545,750.0,520296.2778547728,2264.7385196330542,True,0.08154536042937906,520.2962778547728,416.23702228381825
10,14,5.0,1.1078947368421053,1.2201440443213296,0.11224930747922438,19.280437102316778,19.280437102316778,13.819525993154858,1.2101682537339566,1380.47753812507,1380.47753812507,108.07406610372122,749.9999999999999,535592.7065749343,2300.795896875117,True,0.07828744989976781,535.5927065749343,428.4741652599474
10,15,5.0,1.1863157894736842,1.2985650969529086,0.11224930747922438,22.106525958511636,22.106525958511636,13.354949228844319,0.8795029532168704,1400.5870243822771,1400.5870243822771,105.72830071249044,750.0000000000001,551237.8448655562,2334.311707303795,True,0.07548856220420966,551.2378448655562,440.99027589244497
10,16,5.0,1.2647368421052632,1.3769861495844875,0.11224930747922438,25.125818411665904,25.125818411665904,12.934281593097579,0.6523859904843888,1419.3599697003501,1419.3599697003501,103.70961673544288,750.0000000000002,567238.9567795121,2365.5999495005835,True,0.07306787492205917,567.2389567795121,453.7911654236097
10,17,5.0,1.3431578947368419,1.4554072022160662,0.11224930747922438,28.338314461779575,28.338314461779575,12.551015391111582,0.4926960681489974,1436.9521649291137,1436.9521649291137,101.96982515698843,750.0000000000001,583602.4063942236,2394.920274881856,True,0.07096257456977959,583.6024063942235,466.88192511537886
10,18,5.0,1.421578947368421,1.5338282548476454,0.11224930747922438,31.74401410885267,31.74401410885267,12.199917815709545,0.3780716945568193,1453.4939101191264,1453.4939101191264,100.4699312270399,750.0000000000003,600333.4089294343,2422.489850198544,True,0.06912304931419046,600.3334089294342,480.2667271435474
10,19,5.0,1.5,1.6122493074792243,0.11224930747922438,35.34291735288517,35.34291735288517,11.87672681755833,0.2942701495882348,1469.0952866929592,1469.095286692959,99.1779683823992,750.0000000000001,617435.9581325343,2448.4921444882652,True,0.06750955454064253,617.4359581325343,493.9487665060274
11,0,5.0,0.01,0.14540166204986152,0.1354016620498615,0.0015707963267948964,0.0015707963267948964,49.90123618784518,303642893617.7281,680.5640434484994,680.5640434484994,293.45395537932706,73.17432985738667,237530.42666750617,1134.273405747499,True,0.4311922708880721,237.53042666750616,190.02434133400493
11,1,5.0,0.08842105263157896,0.22382271468144047,0.1354016620498615,0.12280929508991459,0.12280929508991459,53.72602611136751,110585.51852188101,647.9874624664004,647.9874624664004,316.40861426497344,749.9999999999999,540465.6485401209,1079.9791041106673,True,0.4882943460983706,540.4656485401209,432.3725188320967
11,2,5.0,0.1668421052631579,0.3022437673130194,0.1354016620498615,0.43725139081244424,0.43725139081244424,39.11197337100608,5713.010422163791,795.7120433293497,795.7120433293497,230.90322141332354,749.9999999999998,482524.1297988036,1326.1867388822495,True,0.29018439943072644,482.5241297988036,386.0193038390429
11,3,5.0,0.24526315789473685,0.38066481994459833,0.1354016620498615,0.9448970834943838,0.9448970834943838,32.25866580610249,946.253056803643,894.5473225560016,894.5473225560016,191.09045404592192,750.0,473971.96934901254,1490.9122042600027,True,0.21361693141053364,473.9719693490125,379.17757547921
11,4,5.0,0.3236842105263158,0.4590858725761773,0.1354016620498615,1.6457463731357334,1.6457463731357334,28.080303779911524,259.2533437155092,969.4415479331188,969.4415479331187,167.0605658793317,750.0,478166.5153236031,1615.7359132218646,True,0.1723266000260772,478.1665153236031,382.5332122588825
11,5,5.0,0.40210526315789474,0.5375069252077562,0.1354016620498615,2.539799259736493,2.539799259736493,25.19374216244401,94.19746888752483,1029.8567769951471,1029.8567769951471,150.67495022419976,750.0,487310.18575843086,1716.4279616585786,True,0.14630670360186382,487.31018575843086,389.8481486067447
11,6,5.0,0.4805263157894737,0.6159279778393352,0.1354016620498615,3.627055743296662,3.627055743296662,23.046446462636005,41.01517902572528,1080.4949288920045,1080.4949288920045,138.67965519841204,750.0000000000001,498853.6736432139,1800.8248814866743,True,0.12834827030666524,498.8536736432139,399.0829389145711
11,7,5.0,0.5589473684210526,0.6943490304709141,0.1354016620498615,4.907515823816241,4.907515823816241,21.368650765226704,20.256317482919155,1124.0597976500308,1124.0597976500308,129.48403974510634,749.9999999999999,511768.13207863586,1873.4329960833848,True,0.11519319525153983,511.76813207863586,409.4145056629087
11,8,5.0,0.6373684210526316,0.7727700831024931,0.1354016620498615,6.381179501295231,6.381179501295231,20.010930706815532,10.976626969308501,1162.2583170737628,1162.2583170737628,122.20557564274392,750.0000000000006,525584.7453049163,1937.097195122938,True,0.10514493537927347,525.5847453049163,420.46779624393304
11,9,5.0,0.7157894736842104,0.8511911357340719,0.1354016620498615,8.048046775733628,8.048046775733628,18.88295270967755,6.386947323132388,1196.2408981998287,1196.2408981998287,116.30958799432604,749.9999999999995,540073.807317211,1993.734830333048,True,0.09722923549040609,540.0738073172109,432.05904585376874
11,10,5.0,0.7942105263157895,0.929612188365651,0.1354016620498615,9.90811764713144,9.90811764713144,17.926468395580322,3.931803344251202,1226.8214423178372,1226.8214423178372,111.45038660330812,750.0000000000002,555118.1695230029,2044.702403863062,True,0.09084483100714688,555.118169523003,444.09453561840235
11,11,5.0,0.8726315789473684,1.00803324099723,0.1354016620498615,11.961392115488659,11.961392115488659,17.102007658172734,2.533652897777162,1254.5978163704635,1254.5978163704635,107.39296779666789,750.0,570657.2504612657,2090.996360617439,True,0.08559951754686969,570.6572504612657,456.52580036901253
11,12,5.0,0.9510526315789474,1.0864542936288089,0.1354016620498615,14.207870180805289,14.207870180805289,16.381749602810125,1.6956525268489606,1280.022561338444,1280.022561338444,103.97105761338935,749.9999999999998,586660.1010985349,2133.370935564073,True,0.08122595706803243,586.6601010985349,469.3280808788279
11,13,5.0,1.029473684210526,1.1648753462603876,0.1354016620498615,16.64755184308132,16.64755184308132,15.745444826543027,1.171530513323038,1303.4467171086314,1303.4467171086314,101.06310736797039,750.0000000000001,603111.6168904965,2172.4111951810523,True,0.07753528091440014,603.1116168904964,482.4892935123972
11,14,5.0,1.1078947368421053,1.2432963988919667,0.1354016620498615,19.280437102316778,19.280437102316778,15.177956702317042,0.8316969443424318,1325.1482089388571,1325.1482089388571,98.57781601126507,750.0,620005.1485748575,2208.5803482314286,True,0.07439003074999703,620.0051485748575,496.004118859886
11,15,5.0,1.1863157894736842,1.3217174515235457,0.1354016620498615,22.106525958511636,22.106525958511636,14.667713006758987,0.6044448087888978,1345.350916064018,1345.350916064018,96.44501003698625,750.0,637338.4121930322,2242.2515267733634,True,0.07168762356749823,637.3384121930322,509.8707297544258
11,16,5.0,1.2647368421052632,1.4001385041551246,0.1354016620498615,25.125818411665904,25.125818411665904,14.205694615926138,0.4483570223756341,1364.237879467544,1364.2378794675442,94.60968450501082,750.0000000000001,655111.1802603098,2273.729799112574,True,0.06934984428224245,655.1111802603099,524.0889442082479
11,17,5.0,1.3431578947368419,1.4785595567867034,0.1354016620498615,28.338314461779575,28.338314461779575,13.784754142129401,0.3386089604521525,1381.9606924683642,1381.9606924683644,93.02798622030402,750.0,673323.9702442783,2303.2678207806075,True,0.06731594228931631,673.3239702442784,538.6591761954227
11,18,5.0,1.421578947368421,1.5569806094182825,0.1354016620498615,31.74401410885267,31.74401410885267,13.399144404112324,0.2598325250518419,1398.646329817857,1398.646329817857,91.66443212749833,749.9999999999999,691977.3074301393,2331.077216363095,True,0.06553796351035764,691.9773074301393,553.5818459441115
11,19,5.0,1.5,1.6354016620498615,0.1354016620498615,35.34291735288517,35.34291735288517,13.044184401942388,0.20223930306267116,1414.4022128816966,1414.4022128816966,90.48993716031777,750.0000000000001,711071.3254151638,2357.3370214694946,True,0.06397751384731927,711.0713254151638,568.857060332131
12,0,5.0,0.01,0.1707590027700831,0.1607590027700831,0.0015707963267948964,0.0015707963267948964,55.41839000450106,199614791939.465,634.6392316494904,634.6392316494904,274.5533576938164,76.01383540635105,329111.9946845984,1057.7320527491506,True,0.432613276964024,329.1119946845984,263.28959574767873
12,1,5.0,0.08842105263157896,0.24918005540166205,0.1607590027700831,0.12280929508991459,0.12280929508991459,58.54103182480941,78450.48671115757,611.5304128402037,611.5304128402037,290.4934668887022,750.0000000000003,674941.4540361194,1019.2173547336728,True,0.47502701548321813,674.9414540361194,539.9531632288955
12,2,5.0,0.1668421052631579,0.327601108033241,0.1607590027700831,0.43725139081244424,0.43725139081244424,42.617246120101804,4052.8674477027853,753.8304166317387,753.8304166317387,212.02413338174745,750.0000000000001,585291.1941023733,1256.3840277195645,True,0.28126237506986335,585.2911941023733,468.2329552818987
12,3,5.0,0.24526315789473685,0.40602216066481994,0.1607590027700831,0.9448970834943838,0.9448970834943838,35.149735021652226,671.2815009632404,849.720010543679,849.720010543679,175.49314960250254,749.9999999999999,566108.3243325292,1416.2000175727983,True,0.206530559978476,566.1083243325293,452.8866594660234
12,4,5.0,0.3236842105263158,0.4844432132963989,0.1607590027700831,1.6457463731357334,1.6457463731357334,30.59690202701044,183.91694742519508,922.7619775097013,922.7619775097013,153.44731280784174,750.0000000000002,565579.124471107,1537.9366291828355,True,0.16629132598414686,565.579124471107,452.4632995768856
12,5,5.0,0.40210526315789474,0.5628642659279779,0.1607590027700831,2.539799259736493,2.539799259736493,27.451642499306697,66.824638342888,981.9280762723249,981.9280762723249,138.41671461585256,750.0000000000001,572488.0013231887,1636.5467937872083,True,0.1409642090501387,572.4880013231887,457.9904010585509
12,6,5.0,0.4805263157894737,0.6412853185595568,0.1607590027700831,3.627055743296662,3.627055743296662,25.111902991322875,29.0965833512527,1031.6911486974868,1031.6911486974868,127.41485761516113,750.0000000000002,583088.1811100881,1719.4852478291448,True,0.12350097001028143,583.0881811100882,466.4705448880705
12,7,5.0,0.5589473684210526,0.7197063711911358,0.1607590027700831,4.907515823816241,4.907515823816241,23.28374076853036,14.370036753015784,1074.6305903584173,1074.6305903584173,118.98188887236155,750.0,595824.755509604,1791.0509839306956,True,0.11071887394595568,595.824755509604,476.6598044076832
12,8,5.0,0.6373684210526316,0.7981274238227147,0.1607590027700831,6.381179501295231,6.381179501295231,21.80433983565895,7.786930329568289,1112.3789487142692,1112.3789487142692,112.30787189760909,750.0000000000001,609962.7396543388,1853.964914523782,True,0.10096188176468,609.9627396543387,487.97019172347103
12,9,5.0,0.7157894736842104,0.8765484764542935,0.1607590027700831,8.048046775733628,8.048046775733628,20.575270786493455,4.530965110039419,1146.0390438328006,1146.0390438328006,106.90212869856047,750.0000000000001,625123.9174393503,1910.065073054668,True,0.09327965680910673,625.1239174393503,500.0991339514802
12,10,5.0,0.7942105263157895,0.9549695290858726,0.1607590027700831,9.90811764713144,9.90811764713144,19.533064937219795,2.7892611087954666,1176.3927604038843,1176.3927604038843,102.44742751173997,750.0000000000006,641102.0437030363,1960.6546006731405,True,0.08708607444725117,641.1020437030363,512.881634962429
12,11,5.0,0.8726315789473684,1.0333905817174516,0.1607590027700831,11.961392115488659,11.961392115488659,18.63471481233178,1.7973990233488337,1204.0155720762664,1204.0155720762664,98.7281206042821,749.9999999999998,657779.965637106,2006.6926201271108,True,0.0819990396254014,657.779965637106,526.2239725096848
12,12,5.0,0.9510526315789474,1.1118116343490305,0.1607590027700831,14.207870180805289,14.207870180805289,17.849906167567035,1.202913073993356,1229.3438636437577,1229.3438636437577,95.59163681416456,750.0,675089.1114824028,2048.906439406263,True,0.07775825758859065,675.0891114824028,540.0712891859222
12,13,5.0,1.029473684210526,1.1902326869806092,0.1607590027700831,16.64755184308132,16.64755184308132,17.156574818613066,0.8310956099462468,1252.7167195113643,1252.7167195113643,92.92645085298963,750.0,692988.3527000817,2087.8611991856073,True,0.07417993981052363,692.9883527000817,554.3906821600654
12,14,5.0,1.1078947368421053,1.2686537396121884,0.1607590027700831,19.280437102316778,19.280437102316778,16.53822757157025,0.5900142347023144,1274.403029436626,1274.403029436626,90.64879622038838,750.0000000000001,711452.4078834848,2124.0050490610433,True,0.07113039919597601,711.4524078834849,569.1619263067879
12,15,5.0,1.1863157894736842,1.3470747922437674,0.1607590027700831,22.106525958511636,22.106525958511636,15.982255083336048,0.4287992684154129,1294.6197213003072,1294.6197213003072,88.69429516392391,750.0,730465.2328841444,2157.699535500512,True,0.06850992125690776,730.4652328841444,584.3721863073155
12,16,5.0,1.2647368421052632,1.4254958448753463,0.1607590027700831,25.125818411665904,25.125818411665904,15.478829922775548,0.3180690120720839,1313.5444061336796,1313.5444061336796,87.01248981418138,750.0000000000002,750016.1445693199,2189.240676889466,True,0.06624251864487489,750.0161445693199,600.0129156554559
12,17,5.0,1.3431578947368419,1.503916897506925,0.1607590027700831,28.338314461779575,28.338314461779575,15.020164142771554,0.24021262555254347,1331.324379618047,1331.324379618047,85.56315575357331,749.9999999999998,770097.5029392631,2218.8739660300785,True,0.06426920220459054,770.0975029392631,616.0780023514105
12,18,5.0,1.421578947368421,1.5823379501385042,0.1607590027700831,31.74401410885267,31.74401410885267,14.599995491205531,0.1843278245304134,1348.083175910902,1348.083175910902,84.31374920963955,749.9999999999997,790703.3101937228,2246.8052931848365,True,0.06254343256874237,790.7033101937228,632.5626481549783
12,19,5.0,1.5,1.6607590027700831,0.1607590027700831,35.34291735288517,35.34291735288517,14.213223450025886,0.14347060961922037,1363.9254341346016,1363.9254341346016,83.23759712622451,749.9999999999999,811828.3631092511,2273.2090568910025,True,0.06102796754357618,811.8283631092511,649.4626904874009
13,0,5.0,0.01,0.19832132963988916,0.18832132963988915,0.0015707963267948964,0.0015707963267948964,61.01290796589799,135869332133.07426,594.5057716678318,594.5057716678318,258.1017140576209,78.65096901371527,445899.19754746533,990.8429527797198,True,0.43414500978441306,445.89919754746535,356.71935803797226
13,1,5.0,0.08842105263157896,0.2767423822714681,0.18832132963988915,0.12280929508991459,0.12280929508991459,63.361066257791286,57167.24004849006,579.2690958471507,579.2690958471507,268.5150909805794,749.9999999999999,834533.4741987274,965.4484930785844,True,0.46354119856487447,834.5334741987274,667.6267793589819
13,2,5.0,0.1668421052631579,0.355163434903047,0.18832132963988915,0.43725139081244424,0.43725139081244424,46.1261797233305,2953.3436436231077,716.4754482439491,716.475448243949,196.0154771561478,749.9999999999999,704096.68896547,1194.1257470732485,True,0.27358296454759673,704.09668896547,563.2773511723759
13,3,5.0,0.24526315789473685,0.433584487534626,0.18832132963988915,0.9448970834943838,0.9448970834943838,38.04382362640335,489.1659990200962,809.516417257889,809.516417257889,162.2693139393068,750.0000000000002,670889.8071518618,1349.1940287631483,True,0.20045215943732048,670.8898071518619,536.7118457214895
13,4,5.0,0.3236842105263158,0.5120055401662049,0.18832132963988915,1.6457463731357334,1.6457463731357334,33.116128571464046,134.02114790125717,880.7167231208612,880.7167231208612,141.9073016257684,749.9999999999995,663867.9668432509,1467.8612052014353,True,0.1611270660592355,663.8679668432509,531.0943734746007
13,5,5.0,0.40210526315789474,0.5904265927977839,0.18832132963988915,2.539799259736493,2.539799259736493,29.711900953317947,48.69542945433488,938.6046311783231,938.6046311783231,128.02681483956007,750.0000000000001,667468.6021878893,1564.341051963872,True,0.1364012179215815,667.4686021878892,533.9748817503114
13,6,5.0,0.4805263157894737,0.6688476454293628,0.18832132963988915,3.627055743296662,3.627055743296662,27.179516651739785,21.202817659452332,987.4435970951797,987.4435970951797,117.86825674708363,750.0000000000002,676416.2851151266,1645.7393284919663,True,0.11936707787039538,676.4162851151266,541.1330280921013
13,7,5.0,0.5589473684210526,0.7472686980609418,0.18832132963988915,4.907515823816241,4.907515823816241,25.20083086302676,10.471513626038995,1029.6982259518218,1029.6982259518218,110.08273552990302,750.0,688481.7115882126,1716.163709919703,True,0.10690776458136157,688.4817115882126,550.7853692705701
13,8,5.0,0.6373684210526316,0.8256897506925207,0.18832132963988915,6.381179501295231,6.381179501295231,23.599621974020142,5.674372894973849,1066.9318125408959,1066.9318125408959,103.9219043266448,749.9999999999997,702587.0884958521,1778.2196875681598,True,0.09740257353387469,702.5870884958521,562.0696707966816
13,9,5.0,0.7157894736842104,0.9041108033240995,0.18832132963988915,8.048046775733628,8.048046775733628,22.269356294853008,3.3017356673724363,1100.2024952809468,1100.2024952809468,98.93241550057222,749.9999999999999,718161.9730777696,1833.6708254682446,True,0.08992200610789282,718.1619730777696,574.5295784622157
13,10,5.0,0.7942105263157895,0.9825318559556786,0.18832132963988915,9.90811764713144,9.90811764713144,21.141339384120986,2.032547738696817,1130.2618545755497,1130.2618545755497,94.8211848128263,750.0000000000003,734884.1954196113,1883.7697576259163,True,0.08389311240485485,734.8841954196113,587.9073563356891
13,11,5.0,0.8726315789473684,1.0609529085872575,0.18832132963988915,11.961392115488659,11.961392115488659,20.169022702787714,1.309773154231946,1157.6640005651211,1157.6640005651211,91.38898932244149,750.0000000000001,752562.6109318725,1929.4400009418687,True,0.07894258548061386,752.5626109318725,602.050088745498
13,12,5.0,0.9510526315789474,1.1393739612188365,0.18832132963988915,14.207870180805289,14.207870180805289,19.31959605295622,0.8765684362371821,1182.8297852218393,1182.8297852218393,88.49488630476756,750.0,771079.1918574361,1971.3829753697323,True,0.07481624779018427,771.0791918574361,616.8633534859489
13,13,5.0,1.029473684210526,1.2177950138504152,0.18832132963988915,16.64755184308132,16.64755184308132,18.569178573620665,0.6056232947537089,1206.086710768268,1206.086710768268,86.03585707069317,750.0000000000002,790358.4453017036,2010.1445179471134,True,0.07133471938836719,790.3584453017037,632.2867562413629
13,14,5.0,1.1078947368421053,1.2962160664819944,0.18832132963988915,19.280437102316778,19.280437102316778,17.89991908725816,0.4299461584150531,1227.694847092052,1227.694847092052,83.93452995898438,750.0000000000001,810350.395075133,2046.1580784867533,True,0.06836758349014314,810.350395075133,648.2803160601063
13,15,5.0,1.1863157894736842,1.3746371191135733,0.18832132963988915,22.106525958511636,22.106525958511636,17.2981700478846,0.31246805135033545,1247.864285191909,1247.864285191909,82.13144665817345,750.0000000000002,831020.7129599322,2079.7738086531817,True,0.06581761144445485,831.0207129599322,664.8165703679457
13,16,5.0,1.2647368421052632,1.4530581717451523,0.18832132963988915,25.125818411665904,25.125818411665904,16.753294872988974,0.23177839077096277,1266.7672550025043,1266.7672550025043,80.58000916927554,749.9999999999999,852344.807641434,2111.278758337507,True,0.06361074526600093,852.344807641434,681.8758461131472
13,17,5.0,1.3431578947368419,1.531479224376731,0.18832132963988915,28.338314461779575,28.338314461779575,16.256864387035392,0.17504407433698216,1284.5467606744069,1284.5467606744069,79.24307369287885,750.0000000000002,874304.1947154799,2140.9112677906783,True,0.06168952047434616,874.3041947154799,699.4433557723839
13,18,5.0,1.421578947368421,1.6099002770083102,0.18832132963988915,31.74401410885267,31.74401410885267,15.80210072911095,0.13432055598767095,1301.3228741158127,1301.3228741158127,78.09059194923425,750.0000000000001,896884.2260649296,2168.871456859688,True,0.060008621613059025,896.8842260649296,717.5073808519437
13,19,5.0,1.5,1.6883213296398891,0.18832132963988915,35.34291735288517,35.34291735288517,15.383483424906563,0.10454771058595196,1317.1974127532437,1317.1974127532437,77.0979388908923,750.0,920072.6519065674,2195.329021255406,True,0.05853180255626222,920.0726519065674,736.0581215252539
14,0,5.0,0.01,0.22808864265927978,0.21808864265927977,0.0015707963267948964,0.0015707963267948964,66.67564452984261,95266333044.72089,559.1636464478313,559.1636464478313,243.64218884775198,81.1075972371898,592316.6208233336,931.9394107463855,True,0.43572608912529376,592.3166208233337,473.8532966586669
14,1,5.0,0.08842105263157896,0.3065096952908587,0.21808864265927977,0.12280929508991459,0.12280929508991459,68.18506297094666,42626.54666078889,550.5063702274264,550.5063702274264,249.6497209041041,750.0,1022566.0270024482,917.5106170457107,True,0.4534910664175753,1022.5660270024482,818.0528216019586
14,2,5.0,0.1668421052631579,0.38493074792243764,0.21808864265927977,0.43725139081244424,0.43725139081244424,49.63799782421985,2202.150051733514,682.939627956729,682.939627956729,182.27658186704696,750.0000000000001,840834.5878531132,1138.2327132612152,True,0.26689999292089106,840.8345878531131,672.6676702824906
14,3,5.0,0.24526315789473685,0.4633518005540166,0.21808864265927977,0.9448970834943838,0.9448970834943838,40.94029129920021,364.7448654931575,773.2461333803859,773.2461333803859,150.92223622963826,750.0000000000001,789673.3225765736,1288.7435556339765,True,0.19518007231391418,789.6733225765736,631.7386580612589
14,4,5.0,0.3236842105263158,0.5417728531855955,0.21808864265927977,1.6457463731357334,1.6457463731357334,35.637426030872405,99.93238627052297,842.6392270483963,842.6392270483963,132.00661677955978,750.0000000000001,774107.4210643471,1404.398711747327,True,0.1566585230573156,774.1074210643471,619.2859368514777
14,5,5.0,0.40210526315789474,0.6201939058171745,0.21808864265927977,2.539799259736493,2.539799259736493,31.974017439130378,36.30957160152752,899.2450224592174,899.2450224592174,119.11418573343701,749.9999999999999,773152.4342913064,1498.7417040986957,True,0.13246021135339572,773.1524342913065,618.5219474330452
14,6,5.0,0.4805263157894737,0.6986149584487534,0.21808864265927977,3.627055743296662,3.627055743296662,29.24882998146964,15.809804628214088,947.1354502713912,947.1354502713912,109.68017845305364,749.9999999999999,779621.0810859875,1578.559083785652,True,0.11580199898718394,779.6210810859875,623.69686486879
14,7,5.0,0.5589473684210526,0.7770360110803324,0.21808864265927977,4.907515823816241,4.907515823816241,27.119496889848495,7.808046423280636,988.6692853766351,988.6692853766351,102.45098592550082,749.9999999999998,790438.0376259114,1647.7821422943919,True,0.1036251327322988,790.4380376259114,632.3504301007291
14,8,5.0,0.6373684210526316,0.8554570637119113,0.21808864265927977,6.381179501295231,6.381179501295231,25.396379913212552,4.231075713523221,1025.3455046774488,1025.3455046774488,96.73115101359429,750.0,804094.0351680939,1708.9091744624147,True,0.09434005471553102,804.0940351680939,643.2752281344751
14,9,5.0,0.7157894736842104,0.9338781163434902,0.21808864265927977,8.048046775733628,8.048046775733628,23.964834415965704,2.4619273095476175,1058.180459067709,1058.180459067709,92.09938491457892,750.0000000000001,819775.8322744697,1763.634098446182,True,0.08703561299527439,819.7758322744696,655.8206658195758
14,10,5.0,0.7942105263157895,1.0122991689750693,0.21808864265927977,9.90811764713144,9.90811764713144,22.750935903310896,1.5155619013678303,1087.8971979538214,1087.8971979538214,88.28334212860622,750.0000000000002,837014.3053395519,1813.1619965897025,True,0.08115044536804997,837.0143053395519,669.6114442716415
14,11,5.0,0.8726315789473684,1.0907202216066483,0.21808864265927977,11.961392115488659,11.961392115488659,21.70459186177169,0.9766276354527504,1115.0295880171357,1115.0295880171357,85.09790676532359,750.0000000000003,855524.1764404307,1858.3826466952262,True,0.07631896738870736,855.5241764404307,684.4193411523446
14,12,5.0,0.9510526315789474,1.1691412742382272,0.21808864265927977,14.207870180805289,14.207870180805289,20.790494088032936,0.6536100976178902,1139.983670082178,1139.983670082178,82.41212429224086,750.0000000000001,875124.2866604431,1899.9727834702967,True,0.07229237264977666,875.1242866604431,700.0994293283544
14,13,5.0,1.029473684210526,1.247562326869806,0.21808864265927977,16.64755184308132,16.64755184308132,19.98294355100733,0.45158082864910915,1163.0758341673368,1163.0758341673368,80.1302832568033,750.0,895695.1464146697,1938.4597236122281,True,0.06889514931257235,895.6951464146697,716.5561171317357
14,14,5.0,1.1078947368421053,1.3259833795013851,0.21808864265927977,19.280437102316778,19.280437102316778,19.262729973226524,0.32058780461958386,1184.5576367474025,1184.5576367474025,78.18050564448323,750.0000000000001,917155.0888025401,1974.2627279123376,True,0.06599974810778633,917.1550888025401,733.724071042032
14,15,5.0,1.1863157894736842,1.404404432132964,0.21808864265927977,22.106525958511636,22.106525958511636,18.615166752376407,0.2329906771709307,1204.6325297971568,1204.6325297971568,76.50755966128345,750.0000000000001,939446.2866540597,2007.7208829952615,True,0.0635111187593168,939.4462866540597,751.5570293232478
14,16,5.0,1.2647368421052632,1.482825484764543,0.21808864265927977,25.125818411665904,25.125818411665904,18.0288074894119,0.17282472235463395,1223.4674866445127,1223.4674866445127,75.0681637846565,749.9999999999999,962526.2655194922,2039.1124777408547,True,0.06135689309614494,962.5262655194922,770.0210124155938
14,17,5.0,1.3431578947368419,1.5612465373961217,0.21808864265927977,28.338314461779575,28.338314461779575,17.49458125326045,0.13052098362787834,1241.2012941917767,1241.2012941917767,73.82782137591764,750.0000000000002,986362.6075533174,2068.6688236529612,True,0.05948094134399974,986.3626075533174,789.090086042654
14,18,5.0,1.421578947368421,1.639667590027701,0.21808864265927977,31.74401410885267,31.74401410885267,17.005194150361696,0.10015563883187314,1257.9506017161732,1257.9506017161732,72.75862871161426,749.9999999999997,1010929.5727711874,2096.584336193622,True,0.05783901896652578,1010.9295727711874,808.7436582169499
14,19,5.0,1.5,1.7180886426592799,0.21808864265927977,35.34291735288517,35.34291735288517,16.55470540492658,0.07795562388162616,1273.8144205159979,1273.8144205159979,71.83772090214005,750.0000000000002,1036205.9060547757,2123.02403419333,True,0.05639575101767176,1036.2059060547756,828.9647248438206
15,0,5.0,0.01,0.2600609418282549,0.2500609418282549,0.0015707963267948964,0.0015707963267948964,72.39829258879837,68532258233.84684,527.8267457273798,527.8267457273798,230.82558515754272,83.4009362367408,773159.006923817,879.7112428789665,True,0.4373131657802788,773.159006923817,618.5272055390536
15,1,5.0,0.08842105263157896,0.33848199445983385,0.2500609418282549,0.12280929508991459,0.12280929508991459,73.01223659220814,32423.099133400967,524.6917764943773,524.6917764943773,233.28823402168513,750.0000000000001,1242602.7828032465,874.4862941572956,True,0.4446195737626261,1242.6027828032466,994.0822262425972
15,2,5.0,0.1668421052631579,0.4169030470914128,0.2500609418282549,0.43725139081244424,0.43725139081244424,53.15212868029027,1675.0249557433526,652.6555894207696,652.6555894207696,170.36328347020864,750.0,997538.6149666109,1087.7593157012827,True,0.2610309116043972,997.5386149666109,798.0308919732887
15,3,5.0,0.24526315789473685,0.49532409972299174,0.2500609418282549,0.9448970834943838,0.9448970834943838,43.83866647985329,277.43647700089815,740.3494248592943,740.3494248592943,141.0846203089984,749.9999999999999,923918.4824351805,1233.9157080988239,True,0.19056490836852066,923.9184824351804,739.1347859481443
15,4,5.0,0.3236842105263158,0.5737451523545707,0.2500609418282549,1.6457463731357334,1.6457463731357334,38.160383924732294,76.01173260575186,807.984439579956,807.9844395799561,123.424392036986,749.9999999999999,897455.1701885159,1346.64073263326,True,0.152755902206669,897.4551701885159,717.9641361508127
15,5,5.0,0.40210526315789474,0.6521662049861496,0.2500609418282549,2.539799259736493,2.539799259736493,34.237623672268114,27.618208176610032,863.3210177043394,863.3210177043394,111.3896434936283,749.9999999999995,890511.3158917709,1438.8683628405656,True,0.1290245936440016,890.5113158917709,712.4090527134167
15,6,5.0,0.4805263157894737,0.7305872576177286,0.2500609418282549,3.627055743296662,3.627055743296662,31.319506085405667,12.025437266111386,910.2556309244102,910.2556309244102,102.58464821474102,750.0000000000003,893548.9729538854,1517.0927182073503,True,0.11269872410518479,893.5489729538855,714.8391783631083
15,7,5.0,0.5589473684210526,0.8090083102493075,0.2500609418282549,4.907515823816241,4.907515823816241,29.039426480062993,5.939046980155713,951.0494547859121,951.0494547859121,95.83846931221989,749.9999999999999,902450.279204072,1585.0824246431869,True,0.10077127832831133,902.450279204072,721.9602233632576
15,8,5.0,0.6373684210526316,0.8874293628808865,0.2500609418282549,6.381179501295231,6.381179501295231,27.19432113158219,3.218289963579936,987.1417825197934,987.1417825197934,90.50154175577734,750.0,915172.9698853464,1645.2363041996557,True,0.0916803881249578,915.1729698853463,732.1383759082771
15,9,5.0,0.7157894736842104,0.9658504155124653,0.2500609418282549,8.048046775733628,8.048046775733628,25.661429117065275,1.872619751534251,1019.5099610618885,1019.5099610618884,86.18039555983282,750.0000000000001,930603.1096470733,1699.1832684364806,True,0.08453119523233507,930.6031096470733,744.4824877176586
15,10,5.0,0.7942105263157895,1.0442714681440444,0.2500609418282549,9.90811764713144,9.90811764713144,24.36159244400027,1.152784300400691,1048.8502602390656,1048.8502602390656,82.62068221828335,749.9999999999999,948089.1063701342,1748.0837670651094,True,0.07877261926735998,948.0891063701341,758.4712850961073
15,11,5.0,0.8726315789473684,1.1226925207756233,0.2500609418282549,11.961392115488659,11.961392115488659,23.241172290538515,0.7428538580121875,1075.6774434758163,1075.6774434758163,79.64952870748851,750.0000000000002,967228.5024521803,1792.7957391263606,True,0.07404592258634567,967.2285024521802,773.7828019617442
15,12,5.0,0.9510526315789474,1.2011135734072023,0.2500609418282549,14.207870180805289,14.207870180805289,22.262360802851507,0.497156505740373,1100.3835015753732,1100.3835015753732,77.14464942782493,750.0,987761.367170321,1833.9725026256222,True,0.07010705750984103,987.761367170321,790.2090937362568
15,13,5.0,1.029473684210526,1.279534626038781,0.2500609418282549,16.64755184308132,16.64755184308132,21.39763958239005,0.34348665611005136,1123.2742296199615,1123.2742296199615,75.0166755097674,749.9999999999997,1009513.2037810865,1872.1237160332691,True,0.06678393711137472,1009.5132037810865,807.6105630248692
15,14,5.0,1.1078947368421053,1.3579556786703602,0.2500609418282549,19.280437102316778,19.280437102316778,20.626438356686716,0.24384922036627868,1144.5930263828643,1144.5930263828643,73.19849774880916,750.0,1032362.6636079297,1907.6550439714406,True,0.06395154964392068,1032.3626636079298,825.8901308863437
15,15,5.0,1.1863157894736842,1.436376731301939,0.2500609418282549,22.106525958511636,22.106525958511636,19.933030782812857,0.17722007563001363,1164.5369509032544,1164.5369509032544,71.63855353820833,750.0000000000005,1056222.4691382283,1940.8949181720907,True,0.06151677152248629,1056.2224691382282,844.9779753105827
15,16,5.0,1.2647368421052632,1.514797783933518,0.2500609418282549,25.125818411665904,25.125818411665904,19.305160111873693,0.13145594810196837,1183.2678901385975,1183.2678901385975,70.29644076292664,750.0000000000002,1081027.7312193941,1972.1131502309959,True,0.05940872844499544,1081.0277312193941,864.8221849755153
15,17,5.0,1.3431578947368419,1.5932188365650968,0.2500609418282549,28.338314461779575,28.338314461779575,18.73311323462325,0.09927838688956075,1200.9205306515355,1200.9205306515355,69.13996129260828,750.0000000000001,1106728.5812531374,2001.5342177525592,True,0.0575724700576963,1106.7285812531375,885.3828650025099
15,18,5.0,1.421578947368421,1.671639889196676,0.2500609418282549,31.74401410885267,31.74401410885267,18.209079885013473,0.07618154556259403,1217.608178020187,1217.608178020187,68.14307367436052,750.0000000000001,1133285.4111560637,2029.3469633669786,True,0.05596469776111405,1133.2854111560637,906.628328924851
15,19,5.0,1.5,1.750060941828255,0.2500609418282549,35.34291735288517,35.34291735288517,17.72669870898008,0.05929551228331463,1233.4270890272585,1233.4270890272585,67.28444162605959,750.0,1160665.736590694,2055.7118150454307,True,0.05455080581951822,1160.665736590694,928.5325892725551
16,0,5.0,0.01,0.2942382271468144,0.2842382271468144,0.0015707963267948964,0.0015707963267948964,78.17311933447121,50417182427.377495,499.8699625377476,499.8699625377476,219.38038317185223,85.54458788996585,993586.4133907404,833.1166042295794,True,0.438874906701932,993.5864133907404,794.8691307125923
16,1,5.0,0.08842105263157896,0.37265927977839336,0.2842382271468144,0.12280929508991459,0.12280929508991459,77.84199610016469,25094.657801394893,501.3850281502545,501.3850281502545,218.97080369346418,749.9999999999998,1498451.0519643384,835.6417135837576,True,0.43673183561405277,1498.4510519643384,1198.7608415714708
16,2,5.0,0.1668421052631579,0.4510803324099723,0.2842382271468144,0.43725139081244424,0.43725139081244424,56.66814203426495,1296.426905405662,625.1632879051389,625.1632879051389,159.9402764642898,749.9999999999999,1176384.933117146,1041.9388131752314,True,0.2558376020451138,1176.384933117146,941.1079464937167
16,3,5.0,0.24526315789473685,0.5295013850415513,0.2842382271468144,0.9448970834943838,0.9448970834943838,46.73859430194942,214.72880872112364,710.368022069092,710.368022069092,132.47918418029613,750.0000000000001,1075189.690301723,1183.9467034484867,True,0.18649373291666962,1075.189690301723,860.1517522413785
16,4,5.0,0.3236842105263158,0.6079224376731303,0.2842382271468144,1.6457463731357334,1.6457463731357334,40.68469335134447,58.831156478421,776.3026987950067,776.3026987950067,115.91839217649948,750.0,1035153.9512555784,1293.8378313250112,True,0.1493211248092148,1035.1539512555785,828.1231610044628
16,5,5.0,0.40210526315789474,0.6863434903047092,0.2842382271468144,2.539799259736493,2.539799259736493,36.5024425050968,21.375793856970976,830.394060464774,830.394060464774,104.63486731003992,750.0,1020589.9618048166,1383.9901007746234,True,0.1260062809836037,1020.5899618048167,816.4719694438533
16,6,5.0,0.4805263157894737,0.7647645429362881,0.2842382271468144,3.627055743296662,3.627055743296662,33.391291437569976,9.307383969175573,876.3775121290829,876.3775121290829,96.38086363162265,750.0000000000001,1019111.0274129114,1460.6291868818048,True,0.10997642260065953,1019.1110274129114,815.2888219303292
16,7,5.0,0.5589473684210526,0.8431855955678671,0.2842382271468144,4.907515823816241,4.907515823816241,30.960384564541926,4.596671990552614,916.4241264059697,916.4241264059698,90.05782136820218,750.0000000000001,1025333.7061503262,1527.3735440099497,True,0.09827089747341197,1025.3337061503262,820.266964920261
16,8,5.0,0.6373684210526316,0.921606648199446,0.2842382271468144,6.381179501295231,6.381179501295231,28.993225495809003,2.4908749471917155,951.917805732808,951.917805732808,85.0563549846731,750.0000000000001,1036567.5272929776,1586.5296762213468,True,0.0893526252712489,1036.5675272929775,829.254021834382
16,9,5.0,0.7157894736842104,1.0000277008310248,0.2842382271468144,8.048046775733628,8.048046775733628,27.358932673327047,1.4493602744000225,983.7995179293321,983.7995179293321,81.00735194336525,749.9999999999999,1051332.1688605384,1639.6658632155536,True,0.08234132103852498,1051.3321688605383,841.0657350884308
16,10,5.0,0.7942105263157895,1.078448753462604,0.2842382271468144,9.90811764713144,9.90811764713144,25.97311180331723,0.8922258609009558,1012.7404366014514,1012.7404366014514,77.6722225084129,749.9999999999999,1068753.2805222452,1687.9007276690857,True,0.07669509353163077,1068.7532805222452,855.0026244177961
16,11,5.0,0.8726315789473684,1.1568698060941829,0.2842382271468144,11.961392115488659,11.961392115488659,24.778575855823412,0.5749500776148178,1039.2373408958529,1039.2373408958529,74.88881470746723,750.0000000000001,1088285.0877648308,1732.0622348264214,True,0.0720613201243432,1088.285087764831,870.6280702118646
16,12,5.0,0.9510526315789474,1.2352908587257618,0.2842382271468144,14.207870180805289,14.207870180805289,23.735015987456638,0.3847865478238512,1063.668936092285,1063.668936092285,72.54243490802342,749.9999999999999,1109571.1567497738,1772.7815601538086,True,0.06820020068888198,1109.5711567497738,887.656925399819
16,13,5.0,1.029473684210526,1.3137119113573406,0.2842382271468144,16.64755184308132,16.64755184308132,22.81309345758206,0.26584997501202684,1086.3309557639593,1086.3309557639593,70.54926933563367,750.0000000000001,1132369.5077348694,1810.5515929399323,True,0.06494270365886802,1132.3695077348693,905.8956061878955
16,14,5.0,1.1078947368421053,1.3921329639889197,0.2842382271468144,19.280437102316778,19.280437102316778,21.990877270192346,0.18873312248935553,1107.4590191737439,1107.4590191737439,68.84638587548294,750.0000000000002,1156510.0614565243,1845.76503195624,True,0.062166079903207654,1156.5100614565242,925.2080491652194
16,15,5.0,1.1863157894736842,1.4705540166204987,0.2842382271468144,22.106525958511636,22.106525958511636,21.251600784761752,0.13716385146203094,1127.2440637034706,1127.2440637034706,67.38543612415579,749.9999999999998,1181869.3560994917,1878.740106172451,True,0.0597789230335499,1181.8693560994916,945.4954848795934
16,16,5.0,1.2647368421052632,1.5489750692520776,0.2842382271468144,25.125818411665904,25.125818411665904,20.58219646844651,0.10174357546772832,1145.8430860479675,1145.8430860479675,66.12854055822909,750.0,1208354.9650080104,1909.7384767466126,True,0.05771168964007765,1208.3549650080104,966.6839720064083
16,17,5.0,1.3431578947368419,1.6273961218836563,0.2842382271468144,28.338314461779575,28.338314461779575,19.972308689816362,0.07683895780035159,1163.3868147623166,1163.3868147623166,65.04551491207688,749.9999999999998,1235895.5967405185,1938.978024603861,True,0.0559104797189625,1235.8955967405184,988.7164773924147
16,18,5.0,1.421578947368421,1.7058171745152355,0.2842382271468144,31.74401410885267,31.74401410885267,19.41361053371805,0.058962587407483835,1179.985315023906,1179.985315023906,64.11194953259486,749.9999999999999,1264434.6435724238,1966.64219170651,True,0.0543328367872917,1264.4346435724237,1011.5477148579391
16,19,5.0,1.5,1.7842382271468145,0.2842382271468144,35.34291735288517,35.34291735288517,18.89931984251094,0.045893225190657555,1195.7321637179261,1195.7321637179261,63.30784768765472,750.0000000000002,1293925.8866620553,1992.886939529877,True,0.05294483966276337,1293.9258866620553,1035.1407093296443
17,0,5.0,0.01,0.3306204986149584,0.3206204986149584,0.0015707963267948964,0.0015707963267948964,83.99277247565016,37830377185.879234,474.7908327711551,474.7908327711551,209.09224274570002,87.54930220108483,1259117.5811759469,791.3180546185919,True,0.4403881210707381,1259.117581175947,1007.2940649407575
17,1,5.0,0.08842105263157896,0.40904155124653735,0.3206204986149584,0.12280929508991459,0.12280929508991459,82.67388829815863,19722.57784700603,480.2298119631939,480.2298119631939,206.34397266669697,750.0000000000002,1794167.6478174545,800.3830199386566,True,0.4296775575492838,1794.1676478174545,1435.3341182539637
17,2,5.0,0.1668421052631579,0.4874626038781163,0.3206204986149584,0.43725139081244424,0.43725139081244424,60.185707963815894,1018.8973592377522,600.0858799725534,600.0858799725534,150.7498136406037,750.0000000000001,1379695.773258187,1000.143133287589,True,0.2512137323536069,1379.695773258187,1103.7566186065496
17,3,5.0,0.24526315789473685,0.5658836565096952,0.3206204986149584,0.9448970834943838,0.9448970834943838,49.63980265305842,168.7612431105489,682.9232782055632,682.9232782055632,124.89277778228858,750.0000000000002,1245158.929372752,1138.2054636759387,True,0.1828796612563194,1245.158929372752,996.1271434982017
17,4,5.0,0.3236842105263158,0.6443047091412741,0.3206204986149584,1.6457463731357334,1.6457463731357334,43.21011744413339,46.2370147725448,747.2199237268807,747.2199237268808,109.30240359116087,750.0000000000005,1188533.8821311062,1245.3665395448013,True,0.14627875959998146,1188.533882131106,950.827105704885
17,5,5.0,0.40210526315789474,0.7227257617728531,0.3206204986149584,2.539799259736493,2.539799259736493,38.7682614201352,16.799820970749817,800.0972267904169,800.0972267904169,98.68202342941363,750.0,1164508.007242356,1333.4953779840282,True,0.12333753964536999,1164.508007242356,931.6064057938847
17,6,5.0,0.4805263157894737,0.801146814404432,0.3206204986149584,3.627055743296662,3.627055743296662,35.46399163362511,7.314927596814575,845.1423993268397,845.1423993268397,90.91445476080897,750.0000000000001,1157284.7754653587,1408.570665544733,True,0.10757294253988771,1157.2847754653587,925.827820372287
17,7,5.0,0.5589473684210526,0.879567867036011,0.3206204986149584,4.907515823816241,4.907515823816241,32.88219089170501,3.612650225730001,884.4432069477463,884.4432069477463,84.96499982533686,750.0000000000001,1159963.9386443838,1474.072011579577,True,0.09606608899010592,1159.9639386443837,927.971150915507
17,8,5.0,0.6373684210526316,0.9579889196675899,0.3206204986149584,6.381179501295231,6.381179501295231,30.79292420712687,1.9576467406706433,919.3321059274508,919.3321059274507,80.25972766567078,750.0,1169077.0668910034,1532.2201765457512,True,0.08730221336575891,1169.0770668910034,935.2616535128027
17,9,5.0,0.7157894736842104,1.0364099722991689,0.3206204986149584,8.048046775733628,8.048046775733628,29.057185800849442,1.1390918763045867,950.71613057871,950.71613057871,76.45102030920023,750.0000000000002,1182703.477600319,1584.52688429785,True,0.0804141402993381,1182.703477600319,946.1627820802553
17,10,5.0,0.7942105263157895,1.1148310249307478,0.3206204986149584,9.90811764713144,9.90811764713144,27.585342765619163,0.7012247043971636,979.2429496261481,979.2429496261482,73.31419558033046,750.0,1199700.7029586085,1632.071582710247,True,0.07486823939689338,1199.7007029586084,959.7605623668868
17,11,5.0,0.8726315789473684,1.1932520775623268,0.3206204986149584,11.961392115488659,11.961392115488659,26.316658296580606,0.45186898955323135,1005.3924321803195,1005.3924321803195,70.69656388744825,750.0000000000001,1219350.233715083,1675.654053633866,True,0.07031738217298283,1219.350233715083,975.4801869720663
17,12,5.0,0.9510526315789474,1.2716731301939057,0.3206204986149584,14.207870180805289,14.207870180805289,25.208321456415568,0.3024142709574943,1029.5307442217154,1029.5307442217154,68.49013282309609,750.0,1241179.1833617298,1715.8845737028591,True,0.06652558285170194,1241.1791833617299,992.9433466893838
17,13,5.0,1.029473684210526,1.3500941828254844,0.3206204986149584,16.64755184308132,16.64755184308132,24.229172358590137,0.2089387657443121,1051.9440880289976,1051.9440880289976,66.61599238425093,750.0000000000002,1264864.0590438144,1753.2401467149962,True,0.06332655237320428,1264.8640590438144,1011.8912472350515
17,14,5.0,1.1078947368421053,1.4285152354570636,0.3206204986149584,19.280437102316778,19.280437102316778,23.35591868269871,0.1483305223790675,1072.8606869099951,1072.8606869099951,65.01489813249394,750.0000000000003,1290175.8805511708,1788.101144849992,True,0.06059957171116682,1290.1758805511708,1032.1407044409366
17,15,5.0,1.1863157894736842,1.5069362880886426,0.3206204986149584,22.106525958511636,22.106525958511636,22.570753031251414,0.10780082197832203,1092.465638018021,1092.465638018021,63.641339540561845,750.0000000000003,1316947.4382901078,1820.7760633633686,True,0.05825477463622707,1316.9474382901078,1053.5579506320862
17,16,5.0,1.2647368421052632,1.5853573407202215,0.3206204986149584,25.125818411665904,25.125818411665904,21.85979672943537,0.07996305841171784,1110.9112565702255,1110.9112565702255,62.459664536640304,750.0000000000001,1345053.018775584,1851.518760950376,True,0.05622381100851862,1345.053018775584,1076.0424150204672
17,17,5.0,1.3431578947368419,1.6637783933518002,0.3206204986149584,28.338314461779575,28.338314461779575,21.212051339915817,0.06038983830319501,1128.3244692873695,1128.3244692873695,61.44146726706259,750.0,1374395.4538179666,1880.540782145616,True,0.05445372225763036,1374.3954538179667,1099.5163630543734
17,18,5.0,1.421578947368421,1.7421994459833794,0.3206204986149584,31.74401410885267,31.74401410885267,20.618673070296122,0.04634030993402745,1144.8122184255822,1144.8122184255822,60.56377922682917,750.0000000000002,1404897.6281432884,1908.020364042637,True,0.05290280646211157,1404.8976281432883,1123.9181025146308
17,19,5.0,1.5,1.8206204986149583,0.3206204986149584,35.34291735288517,35.34291735288517,20.072458773543914,0.03606874075097415,1160.465489617076,1160.465489617076,59.807786830957525,750.0000000000005,1436496.7850754708,1934.1091493617932,True,0.05153775563863822,1436.4967850754708,1149.1974280603768
18,0,5.0,0.01,0.369207756232687,0.35920775623268697,0.0015707963267948964,0.0015707963267948964,89.85013526756521,28889059142.09702,452.18140359222116,452.18140359222116,199.78966683799857,89.42354966922262,1575621.3940556557,753.6356726537019,True,0.44183521314859203,1575.6213940556556,1260.4971152445246
18,1,5.0,0.08842105263157896,0.4476288088642659,0.35920775623268697,0.12280929508991459,0.12280929508991459,87.50755990559692,15712.845419174853,460.93468771578057,460.93468771578057,195.13168509770648,750.0000000000002,2134066.3759339484,768.224479526301,True,0.4233391200491027,2134.0663759339486,1707.2531007471587
18,2,5.0,0.1668421052631579,0.5260498614958449,0.35920775623268697,0.43725139081244424,0.43725139081244424,63.7045692844434,811.7486886298999,577.111772809355,577.111772809355,142.59058391300297,750.0000000000001,1609944.008639396,961.8529546822583,True,0.24707620019407717,1609.9440086393959,1287.9552069115168
18,3,5.0,0.24526315789473685,0.6044709141274238,0.35920775623268697,0.9448970834943838,0.9448970834943838,52.54207941325613,134.45094988667447,657.6996686945994,657.6996686945994,118.15891707210666,749.9999999999999,1435609.2364411443,1096.166114490999,True,0.17965482224831916,1435.6092364411443,1148.4873891529155
18,4,5.0,0.3236842105263158,0.6828919667590028,0.35920775623268697,1.6457463731357334,1.6457463731357334,45.73647155839165,36.836719388352634,720.4224686160478,720.4224686160478,103.43097699628242,750.0000000000002,1359015.3365986003,1200.7041143600798,True,0.14356989336406498,1359.0153365986002,1087.2122692788803
18,5,5.0,0.40210526315789474,0.7613130193905817,0.35920775623268697,2.539799259736493,2.539799259736493,41.03491475353631,13.384304629492236,772.1212849744401,772.1212849744401,93.40001508809839,750.0,1323462.4938440272,1286.8688082907336,True,0.12096547123576609,1323.4624938440272,1058.7699950752217
18,6,5.0,0.4805263157894737,0.8397340720221607,0.35920775623268697,3.627055743296662,3.627055743296662,37.537455129471134,5.8277537283825005,816.2466525300673,816.2466525300673,86.06483827881333,750.0000000000002,1309116.4173790812,1360.4110875501121,True,0.10543974423912635,1309.1164173790812,1047.293133903265
18,7,5.0,0.5589473684210526,0.9181551246537396,0.35920775623268697,4.907515823816241,4.907515823816241,34.80470494995744,2.878174191567952,854.8091771387966,854.8091771387966,80.44748575738234,750.0000000000002,1307278.9342708252,1424.6819618979944,True,0.09411163088662064,1307.2789342708252,1045.8231474166603
18,8,5.0,0.6373684210526316,0.9965761772853186,0.35920775623268697,6.381179501295231,6.381179501295231,32.593285681758324,1.5596440211885783,889.0934766498101,889.0934766498101,76.00552756874944,750.0000000000002,1313558.482586638,1481.8224610830168,True,0.08548654282690904,1313.558482586638,1050.8467860693104
18,9,5.0,0.7157894736842104,1.0749972299168973,0.35920775623268697,8.048046775733628,8.048046775733628,30.75606433298148,0.9075068537923856,919.9749137503073,919.9749137503073,72.41044480496,750.0,1325511.267261963,1533.291522917179,True,0.07870915143737614,1325.5112672619632,1060.4090138095705
18,10,5.0,0.7942105263157895,1.1534182825484764,0.35920775623268697,9.90811764713144,9.90811764713144,29.198167453708702,0.5586610163119127,948.0791410737952,948.0791410737953,69.44991386988964,750.0000000000001,1341675.9717524422,1580.131901789659,True,0.07325328747474669,1341.6759717524421,1073.3407774019538
18,11,5.0,0.8726315789473684,1.2318393351800554,0.35920775623268697,11.961392115488659,11.961392115488659,27.855307156932685,0.3600009916374341,973.8701347974583,973.8701347974583,66.97965437442284,750.0,1361128.4590120725,1623.1168913290971,True,0.0687767824283399,1361.1284590120724,1088.9027672096581
18,12,5.0,0.9510526315789474,1.3102603878116343,0.35920775623268697,14.207870180805289,14.207870180805289,26.682169489976218,0.24093142027216793,997.70223708893,997.7022370889299,64.89762981424576,750.0000000000003,1383257.0911810822,1662.8370618148833,True,0.06504709261112053,1383.2570911810822,1106.6056729448658
18,13,5.0,1.029473684210526,1.388681440443213,0.35920775623268697,16.64755184308132,16.64755184308132,25.64577274974477,0.16646011255125745,1019.8526341718937,1019.8526341718937,63.12928896048883,750.0000000000001,1407641.1866986519,1699.7543902864895,True,0.061900402906493394,1407.6411866986518,1126.1129493589215
18,14,5.0,1.1078947368421053,1.4671024930747922,0.35920775623268697,19.280437102316778,19.280437102316778,24.721462790108404,0.11817393178354496,1040.542531544674,1040.542531544674,61.61866552384801,749.9999999999999,1433981.507031605,1734.2375525744567,True,0.059217824986332636,1433.9815070316051,1147.1852056252842
18,15,5.0,1.1863157894736842,1.5455235457063712,0.35920775623268697,22.106525958511636,22.106525958511636,23.890391073340346,0.0858841914553526,1059.9514679892545,1059.9514679892545,60.32277194306904,749.9999999999998,1462058.653626945,1766.585779982091,True,0.05691088107788778,1462.0586536269452,1169.646922901556
18,16,5.0,1.2647368421052632,1.6239445983379501,0.35920775623268697,25.125818411665904,25.125818411665904,23.13786748394466,0.06370603203163447,1078.2272899998572,1078.2272899998572,59.20793661459767,750.0000000000001,1491707.2140713718,1797.0454833330955,True,0.05491229647378477,1491.707214071372,1193.3657712570975
18,17,5.0,1.3431578947368419,1.7023656509695289,0.35920775623268697,28.338314461779575,28.338314461779575,22.452250541960098,0.048112178920420086,1095.493284705307,1095.493284705307,58.24733505131352,749.9999999999998,1522799.1799224943,1825.8221411755117,True,0.05316996084278357,1522.7991799224944,1218.2393439379955
18,18,5.0,1.421578947368421,1.780786703601108,0.35920775623268697,31.74401410885267,31.74401410885267,21.82417938739966,0.036919013950327026,1111.8533961709888,1111.8533961709888,57.41928033405031,749.9999999999999,1555233.0224231046,1853.0889936183148,True,0.05164285195493522,1555.2330224231046,1244.1864179384836
18,19,5.0,1.5,1.859207756232687,0.35920775623268697,35.34291735288517,35.34291735288517,21.246029728804228,0.02873572371120765,1127.3961152654022,1127.3961152654022,56.706011117357924,749.9999999999999,1588926.3285477574,1878.993525442337,True,0.05029821404343643,1588.9263285477573,1271.141062838206
19,0,5.0,0.01,0.41000000000000003,0.4,0.0015707963267948964,0.0015707963267948964,95.73821690036384,22411297497.90562,431.7073612875891,431.7073612875891,191.33377271900258,91.17396001343906,1949306.312847637,719.5122688126485,True,0.4432024789856256,1949.3063128476372,1559.4450502781096
19,1,5.0,0.08842105263157896,0.488421052631579,0.4,0.12280929508991459,0.12280929508991459,92.3427314938416,12671.448610770987,443.25895658294445,443.25895658294445,185.1152679035125,750.0000000000001,2522727.2085674927,738.7649276382408,True,0.4176232993249691,2522.7272085674927,2018.181766853994
19,2,5.0,0.1668421052631579,0.5668421052631579,0.4,0.43725139081244424,0.43725139081244424,67.22452257508253,654.6256593527071,555.981100128828,555.981100128828,135.3031156600488,750.0000000000005,1869758.686607426,926.63516688138,True,0.24335919985175275,1869.758686607426,1495.8069492859408
19,3,5.0,0.24526315789473685,0.6452631578947369,0.4,0.9448970834943838,0.9448970834943838,55.445256805476205,108.42646616247346,634.4321945363571,634.4321945363571,112.14571410502855,750.0000000000001,1648438.8568093104,1057.3869908939284,True,0.1767654842720972,1648.4388568093104,1318.7510854474483
19,4,5.0,0.3236842105263158,0.7236842105263158,0.4,1.6457463731357334,1.6457463731357334,48.263609648680834,29.70656073210535,695.6454370259628,695.6454370259628,98.18888384154147,750.0000000000002,1548112.3523200364,1159.409061709938,True,0.14114788743719867,1548.1123523200363,1238.4898818560291
19,5,5.0,0.40210526315789474,0.8021052631578948,0.4,2.539799259736493,2.539799259736493,43.302271472845895,10.793622910370447,746.2038423580393,746.2038423580393,88.68498054202557,749.9999999999998,1498730.7957485144,1243.6730705967323,True,0.11884819603953908,1498.7307957485143,1198.9846365988114
19,6,5.0,0.4805263157894737,0.8805263157894737,0.4,3.627055743296662,3.627055743296662,39.61156206072177,4.699726874122441,789.4315807945819,789.4315807945819,81.73647863084625,750.0000000000005,1475723.403975205,1315.7193013243032,True,0.10353839473786508,1475.723403975205,1180.578723180164
19,7,5.0,0.5589473684210526,0.9589473684210527,0.4,4.907515823816241,4.907515823816241,36.727815601115125,2.3210714156708,827.2676552297474,827.2676552297474,76.41613017162322,749.9999999999999,1468281.3051082296,1378.7794253829125,True,0.0923717126960573,1468.2813051082296,1174.6250440865838
19,8,5.0,0.6373684210526316,1.0373684210526317,0.4,6.381179501295231,6.381179501295231,34.394205843010596,1.2577574932080693,860.952136502335,860.9521365023348,72.20966357321025,750.0,1470928.307344539,1434.9202275038915,True,0.08387186756579286,1470.928307344539,1176.7426458756313
19,9,5.0,0.7157894736842104,1.1157894736842104,0.4,8.048046775733628,8.048046775733628,32.455470059635125,0.7318487616329225,891.3307983629512,891.3307983629512,68.80563367205266,749.9999999999999,1480605.4606827137,1485.5513306049188,True,0.07719427377402807,1480.6054606827136,1184.484368546171
19,10,5.0,0.7942105263157895,1.1942105263157896,0.4,9.90811764713144,9.90811764713144,30.811492632165127,0.45052593404875707,919.008661086413,919.0086610864131,66.00276583876767,750.0000000000002,1495476.184368776,1531.6811018106885,True,0.0718195253576196,1495.4761843687759,1196.3809474950208
19,11,5.0,0.8726315789473684,1.2726315789473683,0.4,11.961392115488659,11.961392115488659,29.394433489472725,0.2903187770048016,944.4347623645363,944.4347623645361,63.66429845539599,749.9999999999999,1514374.1443029128,1574.057937274227,True,0.06740994824883693,1514.3741443029128,1211.4993154423303
19,12,5.0,0.9510526315789474,1.3510526315789475,0.4,14.207870180805289,14.207870180805289,28.156474886788118,0.19429645167725224,967.9522986746508,967.9522986746507,61.69352076573858,750.0,1536524.1683088685,1613.253831124418,True,0.06373611680060184,1536.5241683088686,1229.219334647095
19,13,5.0,1.029473684210526,1.4294736842105262,0.4,16.64755184308132,16.64755184308132,27.06281273911162,0.13423989771848585,989.8299336238329,989.8299336238329,60.0197795210676,750.0000000000001,1561390.970843697,1649.7165560397216,True,0.06063645630652047,1561.390970843697,1249.1127766749576
19,14,5.0,1.1078947368421053,1.5078947368421054,0.4,19.280437102316778,19.280437102316778,26.08743065198837,0.09530004679487133,1010.282221041463,1010.282221041463,58.59004031597788,750.0000000000002,1588592.4430125053,1683.8037017357717,True,0.05799373590438873,1588.5924430125053,1270.8739544100042
19,15,5.0,1.1863157894736842,1.5863157894736841,0.4,22.106525958511636,22.106525958511636,25.210438624368926,0.06926034651725516,1029.483417452114,1029.483417452114,57.363572279837385,750.0000000000001,1617847.6285976956,1715.8056957535234,True,0.05572073460086172,1617.8476285976956,1294.2781028781565
19,16,5.0,1.2647368421052632,1.6647368421052633,0.4,25.125818411665904,25.125818411665904,24.416334848268736,0.05137501767183923,1047.5771116743254,1047.5771116743254,56.30847542699723,749.9999999999998,1648944.3038851444,1745.9618527905423,True,0.05375115091718672,1648.9443038851443,1319.1554431081156
19,17,5.0,1.3431578947368419,1.743157894736842,0.4,28.338314461779575,28.338314461779575,23.692834601551663,0.03879952907818628,1064.6831143828938,1064.6831143828938,55.39934000365083,750.0,1681718.1183023874,1774.471857304823,True,0.05203364198723215,1681.7181183023874,1345.37449464191
19,18,5.0,1.421578947368421,1.8215789473684212,0.4,31.74401410885267,31.74401410885267,23.03005979618434,0.02977292626203867,1080.9024987431744,1080.9024987431744,54.61562573127914,750.0000000000002,1716038.8031964104,1801.5041645719575,True,0.05052780042120707,1716.0388031964105,1372.8310425571283
19,19,5.0,1.5,1.9,0.4,35.34291735288517,35.34291735288517,22.419964865591716,0.023173603289925477,1096.3213609512625,1096.3213609512625,53.94051278359867,750.0000000000002,1751800.837704074,1827.2022682521042,True,0.04920136987643409,1751.8008377040742,1401.4406701632593
