row_i,col_j,solenoid_length_m,ri,rf,th,v,v_bore,b0,scan,je_tape,je_max,je_coil,stress,length_tape,j_crit,converged,f_tape_min,length_tape_km,pancake_length_m
0,0,3.0,0.01,0.012,0.002,0.0009424777960769379,0.0009424777960769379,2.965345750588577,1.336604191366315e+17,2117.6140068032246,2117.6140068032246,1179.905397901635,17.4936656143301,385.09948743038143,3529.3566780053743,True,0.5571862455154584,0.3850994874303814,0.5134659832405086
0,1,3.0,0.08842105263157896,0.09042105263157896,0.002,0.07368557705394876,0.07368557705394876,4.501017312147957,12322256151.114407,1963.6606000251409,1963.6606000251409,1794.077470299711,356.3749686704365,5133.273599428179,3272.7676667085684,True,0.9136392868893644,5.133273599428179,6.844364799237573
0,2,3.0,0.1668421052631579,0.1688421052631579,0.002,0.26235083448746654,0.26235083448746654,4.753491577486901,143730470.66043434,1940.654647040769,1940.654647040769,1903.157792635056,750.0,10342.066539801273,3234.424411734615,True,0.9806782446001453,10.342066539801273,13.789422053068364
0,3,3.0,0.24526315789473685,0.24726315789473685,0.002,0.5669382500966303,0.5669382500966303,3.9205717071781816,23806257.501408618,2018.891612099464,2018.891612099464,1580.8292976908679,750.0,12115.777386503203,3364.819353499107,True,0.7830184088223284,12.115777386503202,16.15436984867094
0,4,3.0,0.3236842105263158,0.3256842105263158,0.002,0.9874478238814399,0.9874478238814399,3.412752566712271,6522411.541200795,2070.087707120567,2070.087707120567,1389.337870753418,750.0,13691.78797420578,3450.146178534278,True,0.6711492783491514,13.691787974205779,18.25571729894104
0,5,3.0,0.40210526315789474,0.40410526315789475,0.002,1.523879555841896,1.523879555841896,3.0619329799230144,2369862.0408078427,2107.152535574007,2107.152535574007,1261.5303216033112,750.0000000000002,15163.520940364619,3511.920892623345,True,0.5986896061417116,15.163520940364618,20.218027920486158
0,6,3.0,0.4805263157894737,0.4825263157894737,0.002,2.1762334459779975,2.1762334459779975,2.8009604146528146,1031878.2130554385,2135.682821308286,2135.682821308286,1170.4831806582301,750.0000000000002,16581.671920844285,3559.4713688471434,True,0.5480603996904421,16.581671920844286,22.108895894459046
0,7,3.0,0.5589473684210526,0.5609473684210526,0.002,2.9445094942897447,2.9445094942897447,2.597048746971759,509617.4924470819,2158.5711999240275,2158.5711999240275,1102.9838135761288,749.9999999999999,17977.522341157655,3597.618666540046,True,0.5109786573706483,17.977522341157655,23.97002978821021
0,8,3.0,0.6373684210526316,0.6393684210526316,0.002,3.8287077007771386,3.8287077007771386,2.4320376185118775,276154.8892755544,2177.4903499571287,2177.4903499571287,1051.6639439319492,750.0000000000001,19371.890652070044,3629.1505832618814,True,0.4829706565416718,19.371890652070043,25.829187536093393
0,9,3.0,0.7157894736842104,0.7177894736842104,0.002,4.828828065440177,4.828828065440177,2.294948296576497,160685.67655256053,2193.4866168447393,2193.4866168447393,1012.0316509090475,750.0,20779.284698300322,3655.8110280745655,True,0.46138036272353594,20.779284698300323,27.705712931067097
0,10,3.0,0.7942105263157895,0.7962105263157895,0.002,5.944870588278864,5.944870588278864,2.178701537868331,98918.06656278737,2207.2538958105924,2207.2538958105924,981.1620104272429,750.0,22210.095247244048,3678.756493017654,True,0.4445170590884474,22.21009524724405,29.61346032965873
0,11,3.0,0.8726315789473684,0.8746315789473684,0.002,7.1768352692931945,7.1768352692931945,2.078500324954313,63742.77247506914,2219.2736206055297,2219.2736206055297,957.0514355074248,750.0,23671.872904036947,3698.789367675883,True,0.4312453528133646,23.67187290403695,31.562497205382595
0,12,3.0,0.9510526315789474,0.9530526315789474,0.002,8.524722108483173,8.524722108483173,1.9909634326756613,42659.98444796265,2229.8920825456116,2229.8920825456116,938.2713928066973,750.0000000000001,25170.129840075882,3716.486804242686,True,0.42076986601772254,25.170129840075884,33.560173120101176
0,13,3.0,1.029473684210526,1.031473684210526,0.002,9.988531105848793,9.988531105848793,1.913629840580752,29473.888480883463,2239.3658189183407,2239.3658189183407,923.7699945924796,750.0000000000001,26708.874069942045,3732.276364863901,True,0.4125141085875283,26.708874069942045,35.61183209325606
0,14,3.0,1.1078947368421053,1.1098947368421053,0.002,11.568262261390068,11.568262261390068,1.8446599117754774,20924.203602609105,2247.889603037634,2247.889603037634,912.7520508718891,749.9999999999999,28290.98245458876,3746.4826717293904,True,0.406048433000652,28.29098245458876,37.72130993945168
0,15,3.0,1.1863157894736842,1.1883157894736842,0.002,13.263915575106981,13.263915575106981,1.7826472107978533,15206.892765054703,2255.6144226696133,2255.6144226696133,904.6032416790326,750.0000000000001,29918.470560118018,3759.3573711160225,True,0.40104515762423487,29.918470560118017,39.89129408015736
0,16,3.0,1.2647368421052632,1.2667368421052632,0.002,15.075491046999543,15.075491046999543,1.726495594293224,11279.96644290268,2262.659430403144,2262.659430403144,898.8403286360584,749.9999999999999,31592.69316946026,3771.099050671907,True,0.3972495005471988,31.59269316946026,42.123590892613684
0,17,3.0,1.3431578947368419,1.3451578947368419,0.002,17.002988677067748,17.002988677067748,1.6753364012288459,8518.875629356051,2269.1201229156877,2269.1201229156877,895.0773793355331,750.0000000000001,33314.49619451533,3781.8668715261465,True,0.3944601126649085,33.314496194515336,44.419328259353776
0,18,3.0,1.421578947368421,1.423578947368421,0.002,19.046408465311604,19.046408465311604,1.6284711453013625,6536.982844229731,2275.0740824534178,2275.0740824534178,893.0021949676207,749.9999999999999,35084.33337307216,3791.790137422363,True,0.392515655580154,35.084333373072155,46.77911116409621
0,19,3.0,1.5,1.502,0.002,21.205750411731103,21.205750411731103,1.5853309190424052,5088.026813755842,2280.585097019463,2280.585097019463,892.3594450909478,750.0000000000001,36902.35677647117,3800.975161699105,True,0.391285309308207,36.90235677647117,49.20314236862823
1,0,3.0,0.01,0.013102493074792245,0.003102493074792244,0.0009424777960769379,0.0009424777960769379,4.105345775267891,3.638356111374471e+16,2000.943656863059,2000.943656863059,1053.0330728371578,21.614679635949674,592.5113828614608,3334.9060947717653,True,0.5262682281059479,0.5925113828614608,0.7900151771486144
1,1,3.0,0.08842105263157896,0.0915235457063712,0.003102493074792244,0.07368557705394876,0.07368557705394876,6.542191442217302,2760831945.5681067,1793.125804498927,1793.125804498927,1681.0571843169193,485.3460478496771,8221.314056932346,2988.543007498212,True,0.9375009718220388,8.221314056932346,10.961752075909795
1,2,3.0,0.1668421052631579,0.16994459833795014,0.003102493074792244,0.26235083448746654,0.26235083448746654,5.920428509622006,59729268.708349936,1841.5491799259348,1841.5491799259348,1528.1011201034398,750.0,13619.288116779062,3069.2486332098915,True,0.8297911002110182,13.619288116779062,18.159050822372084
1,3,3.0,0.24526315789473685,0.2483656509695291,0.003102493074792244,0.5669382500966303,0.5669382500966303,4.88303474000614,9893033.430615697,1929.0779675834208,1929.0779675834208,1269.3171450792506,750.0000000000002,15828.930088329365,3215.129945972368,True,0.6579916241899437,15.828930088329365,21.10524011777249
1,4,3.0,0.3236842105263158,0.32678670360110806,0.003102493074792244,0.9874478238814399,0.9874478238814399,4.2505508346627074,2710482.125193932,1987.0824359841752,1987.0824359841754,1115.579499789008,750.0,17796.853275399477,3311.804059973626,True,0.5614158122415673,17.796853275399478,23.729137700532636
1,5,3.0,0.40210526315789474,0.405207756232687,0.003102493074792244,1.523879555841896,1.523879555841896,3.8136083788902253,984830.3285080185,2029.4436499182993,2029.4436499182993,1012.9717651056754,750.0000000000002,19637.80744594375,3382.4060831971656,True,0.4991376652150235,19.63780744594375,26.183743261258332
1,6,3.0,0.4805263157894737,0.48362880886426596,0.003102493074792244,2.1762334459779975,2.1762334459779975,3.488569533134713,428811.86416963045,2062.264090030691,2062.264090030691,939.8775247806205,750.0,21414.335212877988,3437.1068167178187,True,0.4557503228243833,21.414335212877987,28.552446950503985
1,7,3.0,0.5589473684210526,0.5620498614958449,0.003102493074792244,2.9445094942897447,2.9445094942897447,3.234599492143972,211778.89423850516,2088.7299340884947,2088.7299340884947,885.6886175351115,750.0000000000001,23165.090958208086,3481.216556814158,True,0.42403213698453507,23.165090958208086,30.886787944277447
1,8,3.0,0.6373684210526316,0.6404709141274239,0.003102493074792244,3.8287077007771386,3.8287077007771386,3.0290797024454537,114760.14453213978,2110.698192112105,2110.698192112105,844.4892342832916,750.0000000000001,24915.80537534499,3517.830320186842,True,0.40009947297971554,24.915805375344988,33.22107383379332
1,9,3.0,0.7157894736842104,0.7188919667590027,0.003102493074792244,4.828828065440177,4.828828065440177,2.8583362569758233,66775.24889670267,2129.337977910255,2129.337977910255,812.6729476675857,750.0,26684.396248557743,3548.8966298504256,True,0.3816552168318285,26.684396248557743,35.57919499807699
1,10,3.0,0.7942105263157895,0.7973130193905817,0.003102493074792244,5.944870588278864,5.944870588278864,2.7135520255980885,41106.828292502665,2145.428760262037,2145.428760262037,787.8914459556198,750.0000000000001,28483.67705653601,3575.7146004367287,True,0.36724195207460014,28.48367705653601,37.978236075381346
1,11,3.0,0.8726315789473684,0.8757340720221607,0.003102493074792244,7.1768352692931945,7.1768352692931945,2.5887523687638385,26489.22784350565,2159.513821035693,2159.513821035693,768.5361420543702,749.9999999999999,30322.937544866563,3599.1897017261554,True,0.3558838728273495,30.322937544866562,40.430583393155416
1,12,3.0,0.9510526315789474,0.9541551246537396,0.003102493074792244,8.524722108483173,8.524722108483173,2.47972600272487,17727.971407024437,2171.985491574887,2171.985491574887,753.4601473361008,749.9999999999999,32208.937965035024,3619.9758192914783,True,0.34689925428082563,32.20893796503503,42.9452506200467
1,13,3.0,1.029473684210526,1.0325761772853184,0.003102493074792244,9.988531105848793,9.988531105848793,2.3834077499359925,12248.299173205245,2183.1354326552264,2183.1354326552264,741.8189724959993,750.0000000000002,34146.572582986366,3638.5590544253773,True,0.33979521444245264,34.146572582986366,45.52876344398182
1,14,3.0,1.1078947368421053,1.1109972299168975,0.003102493074792244,11.568262261390068,11.568262261390068,2.2975063601577395,8695.354393161933,2193.1857736495926,2193.1857736495926,732.9742229562003,750.0,36139.33337208703,3655.309622749321,True,0.334205260567821,36.13933337208703,48.18577782944937
1,15,3.0,1.1863157894736842,1.1894182825484765,0.003102493074792244,13.263915575106981,13.263915575106981,2.220270131410555,6319.4434694982965,2202.3091896378123,2202.3091896378123,726.4327177846402,750.0000000000002,38189.64569175699,3670.5153160630207,True,0.3298504684095279,38.189645691756986,50.91952758900932
1,16,3.0,1.2647368421052632,1.2678393351800554,0.003102493074792244,15.075491046999543,15.075491046999543,2.1503338275807864,4687.552636497128,2210.642292247048,2210.642292247048,721.8065152597786,749.9999999999999,40299.11776858245,3684.4038204117464,True,0.3265143880541999,40.29911776858245,53.732157024776605
1,17,3.0,1.3431578947368419,1.3462603878116342,0.003102493074792244,17.002988677067748,17.002988677067748,2.0866155396212367,3540.141552593417,2218.2948230636625,2218.2948230636625,718.785794996403,749.9999999999999,42468.72969451203,3697.158038439438,True,0.324026268971631,42.468729694512035,56.62497292601604
1,18,3.0,1.421578947368421,1.4246814404432133,0.003102493074792244,19.046408465311604,19.046408465311604,2.028245309490211,2716.5374401876634,2225.3561251062165,2225.3561251062165,717.1199321869693,750.0,44698.97855798365,3708.926875177028,True,0.32224951507603805,44.69897855798365,59.59863807731154
1,19,3.0,1.5,1.5031024930747923,0.003102493074792244,21.205750411731103,21.205750411731103,1.9745145683514818,2114.402877536564,2231.899798809782,2231.899798809782,716.6039569745546,750.0,46989.99093158276,3719.832998016304,True,0.32107353446454096,46.98999093158276,62.653321242110344
2,0,3.0,0.01,0.016409972299168976,0.006409972299168975,0.0009424777960769379,0.0009424777960769379,6.890585017839055,4584371342167702.0,1767.1911804000158,1767.1911804000158,855.4748318405682,29.472445864817313,1287.2641578920252,2945.3186340000266,True,0.48408731399786953,1.2872641578920252,1.7163522105227003
2,1,3.0,0.08842105263157896,0.09483102493074794,0.006409972299168975,0.07368557705394876,0.07368557705394876,11.689630872378238,270850583.7436423,1478.2963320826425,1478.2963320826425,1453.9311153138083,750.0,18147.101499996883,2463.8272201377376,True,0.9835180428713449,18.147101499996882,24.196135333329178
2,2,3.0,0.1668421052631579,0.17325207756232688,0.006409972299168975,0.26235083448746654,0.26235083448746654,8.509926463751832,13992539.244371353,1656.6759033177661,1656.6759033177661,1063.2441584586145,749.9999999999998,21977.115128220863,2761.1265055296103,True,0.6417937004632548,21.977115128220863,29.30282017096115
2,3,3.0,0.24526315789473685,0.2516731301939058,0.006409972299168975,0.5669382500966303,0.5669382500966303,7.018793739315124,2317601.764048004,1757.852874040834,1757.852874040834,883.2317195599428,750.0000000000002,25140.20852074712,2929.7547900680565,True,0.50244917114686,25.14020852074712,33.520278027662826
2,4,3.0,0.3236842105263158,0.33009418282548475,0.006409972299168975,0.9874478238814399,0.9874478238814399,6.109671787207813,634973.9135955997,1826.5095291291047,1826.5095291291047,776.2961851472805,750.0,27977.70605054518,3044.182548548508,True,0.4250162250822886,27.97770605054518,37.303608067393576
2,5,3.0,0.40210526315789474,0.4085152354570637,0.006409972299168975,1.523879555841896,1.523879555841896,5.481617895251886,230712.30099908295,1877.490731153893,1877.4907311538927,704.9287491348132,750.0000000000003,30645.099280241855,3129.1512185898214,True,0.3754632379471556,30.645099280241855,40.86013237365581
2,6,3.0,0.4805263157894737,0.48693628808864264,0.006409972299168975,2.1762334459779975,2.1762334459779975,5.014412409914683,100456.05726639247,1917.490804427219,1917.490804427219,654.0913896928822,750.0000000000002,33228.85364629696,3195.8180073786984,True,0.34111839711704295,33.228853646296955,44.30513819506261
2,7,3.0,0.5589473684210526,0.5653573407202216,0.006409972299168975,2.9445094942897447,2.9445094942897447,4.649360054445024,49612.60288036423,1950.0714194886486,1950.0714194886486,616.4043645149874,750.0000000000001,35782.87631619459,3250.1190324810814,True,0.31609322528126793,35.78287631619459,47.71050175492612
2,8,3.0,0.6373684210526316,0.6437783933518005,0.006409972299168975,3.8287077007771386,3.8287077007771386,4.3539492924811425,26884.40459394498,1977.3395229017137,1977.339522901714,587.7523135520123,750.0000000000001,38343.17140517381,3295.5658715028567,True,0.29724400222855774,38.343171405173806,51.12422854023175
2,9,3.0,0.7157894736842104,0.7221994459833794,0.006409972299168975,4.828828065440177,4.828828065440177,4.108525475142129,15643.173120068368,2000.6378548634898,2000.6378548634898,565.626463450913,750.0000000000003,40934.81269856552,3334.396424772483,True,0.2827230635848923,40.934812698565516,54.579750264754026
2,10,3.0,0.7942105263157895,0.8006204986149584,0.006409972299168975,5.944870588278864,5.944870588278864,3.9004150047373423,9629.933875518613,2020.870894065812,2020.870894065812,548.3932803753971,750.0000000000002,43575.68882814044,3368.1181567763538,True,0.2713648269098867,43.575688828140436,58.10091843752058
2,11,3.0,0.8726315789473684,0.8790415512465374,0.006409972299168975,7.1768352692931945,7.1768352692931945,3.721030032748426,6205.52650599489,2038.67465206469,2038.6746520646902,534.9338350006778,749.9999999999999,46278.70982278118,3397.791086774484,True,0.26239293967721516,46.27870982278118,61.70494643037491
2,12,3.0,0.9510526315789474,0.9574626038781163,0.006409972299168975,8.524722108483173,8.524722108483173,3.5643173292517427,4153.0616563736885,2054.511987277073,2054.511987277073,524.4503847077326,750.0000000000003,49053.20516974822,3424.1866454617884,True,0.2552676197342648,49.05320516974822,65.40427355966429
2,13,3.0,1.029473684210526,1.0358836565096952,0.006409972299168975,9.988531105848793,9.988531105848793,3.425871058510006,2869.3605423954396,2068.72935082878,2068.72935082878,516.3555518272344,750.0000000000003,51905.86190906543,3447.8822513812997,True,0.24960034120479352,51.90586190906543,69.2078158787539
2,14,3.0,1.1078947368421053,1.1143047091412743,0.006409972299168975,11.568262261390068,11.568262261390068,3.3023978151528803,2037.0262389136706,2081.592217903635,2081.592217903635,510.2053260305623,750.0000000000001,54841.38282942116,3469.3203631727256,True,0.245103398082641,54.841382829421164,73.12184377256155
2,15,3.0,1.1863157894736842,1.1927257617728533,0.006409972299168975,13.263915575106981,13.263915575106981,3.1913797315956107,1480.4309957536598,2093.3080993313647,2093.3080993313647,505.65671032713686,750.0000000000002,57862.964235842264,3488.8468322189415,True,0.24155866520014493,57.86296423584226,77.15061898112302
2,16,3.0,1.2647368421052632,1.2711468144044322,0.006409972299168975,15.075491046999543,15.075491046999543,3.0908544399261513,1098.1343928135607,2104.0419908275053,2104.0419908275053,502.4399116050781,750.0000000000002,60972.65159102087,3506.736651379176,True,0.23879747352735672,60.97265159102087,81.29686878802782
2,17,3.0,1.3431578947368419,1.349567867036011,0.006409972299168975,17.002988677067748,17.002988677067748,2.9992668218929848,829.3349420895846,2113.9270431165833,2113.9270431165833,500.339475426323,750.0000000000003,64171.609096645414,3523.2117385276388,True,0.23668720122368445,64.17160909664541,85.56214546219388
2,18,3.0,1.421578947368421,1.4279889196675901,0.006409972299168975,19.046408465311604,19.046408465311604,2.9153664141302666,636.3924682592974,2123.072114038103,2123.072114038103,499.1811200853932,750.0000000000001,67460.32665139886,3538.453523396838,True,0.23512207465056195,67.46032665139886,89.94710220186515
2,19,3.0,1.5,1.506409972299169,0.006409972299168975,21.205750411731103,21.205750411731103,2.8381347314589287,495.3327888008415,2131.567229376037,2131.567229376037,498.82231712704686,750.0000000000001,70838.7800989696,3552.612048960062,True,0.23401669450184998,70.8387800989696,94.45170679862613
3,0,3.0,0.01,0.021922437673130193,0.011922437673130193,0.0009424777960769379,0.0009424777960769379,10.544452655820333,836003328090690.9,1537.497917183539,1537.497917183539,703.8414585385368,37.105916414496754,2736.7888635864183,2562.4965286392317,True,0.45778368261328556,2.736788863586418,3.6490518181152245
3,1,3.0,0.08842105263157896,0.10034349030470915,0.011922437673130193,0.07368557705394876,0.07368557705394876,15.9424568989423,78291021.55292638,1296.093989267348,1296.093989267348,1066.2019338919667,750.0,29080.932474274185,2160.156648778913,True,0.8226270183497002,29.080932474274185,38.77457663236558
3,2,3.0,0.1668421052631579,0.1787645429362881,0.011922437673130193,0.26235083448746654,0.26235083448746654,11.605938403248345,4044629.24325139,1482.4532897403835,1482.4532897403835,779.7750675889123,749.9999999999998,34045.15789787629,2470.7554829006394,True,0.526003128048285,34.045157897876294,45.393543863835056
3,3,3.0,0.24526315789473685,0.257185595567867,0.011922437673130193,0.5669382500966303,0.5669382500966303,9.57231395013522,669916.9968631855,1592.0134275827054,1592.0134275827054,647.8138971606902,750.0000000000001,38289.54846701392,2653.3557126378423,True,0.40691484502384084,38.28954846701392,51.05273128935189
3,4,3.0,0.3236842105263158,0.33560664819944597,0.011922437673130193,0.9874478238814399,0.9874478238814399,8.332442674849657,183543.10213306214,1668.0461492591912,1668.046149259191,569.4299737792954,750.0000000000005,42149.67729049262,2780.076915431985,True,0.3413754313885077,42.14967729049262,56.199569720656825
3,5,3.0,0.40210526315789474,0.4140277008310249,0.011922437673130193,1.523879555841896,1.523879555841896,7.475895345679519,66688.80487678977,1725.4212276544301,1725.4212276544301,517.121880027488,750.0000000000003,45808.24296936891,2875.702046090717,True,0.299707614430172,45.80824296936891,61.077657292491885
3,6,3.0,0.4805263157894737,0.49244875346260386,0.011922437673130193,2.1762334459779975,2.1762334459779975,6.838714976662236,29037.43915135541,1771.00022228864,1771.00022228864,479.86397464960237,750.0000000000001,49372.62083331803,2951.6670371477335,True,0.27095647341561624,49.37262083331803,65.83016111109072
3,7,3.0,0.5589473684210526,0.5708698060941828,0.011922437673130193,2.9445094942897447,2.9445094942897447,6.340852254864558,14340.826989244144,1808.4981805591642,1808.4981805591642,452.24567060740355,750.0000000000001,52911.42424665755,3014.1636342652737,True,0.25006697571991754,52.91142424665755,70.54856566221007
3,8,3.0,0.6373684210526316,0.6492908587257618,0.011922437673130193,3.8287077007771386,3.8287077007771386,5.937967562310128,7771.101950048999,1840.143895138365,1840.143895138365,431.24980590630594,750.0000000000001,56471.01865136285,3066.906491897275,True,0.2343565669215663,56.47101865136285,75.29469153515046
3,9,3.0,0.7157894736842104,0.7277119113573406,0.011922437673130193,4.828828065440177,4.828828065440177,5.603255656295503,4521.755083454472,1867.3744802604297,1867.3744802604297,415.03714898807414,750.0000000000003,60083.84186520588,3112.2908004340497,True,0.2222570530846024,60.08384186520588,80.11178915360784
3,10,3.0,0.7942105263157895,0.8061329639889196,0.011922437673130193,5.944870588278864,5.944870588278864,5.3194321343324065,2783.591418488784,1891.1677004633923,1891.1677004633923,402.4101783330157,750.0000000000001,63773.031279288596,3151.9461674389872,True,0.21278397375040473,63.773031279288595,85.0307083723848
3,11,3.0,0.8726315789473684,0.8845540166204986,0.011922437673130193,7.1768352692931945,7.1768352692931945,5.074784786997527,1793.7454766128171,1912.2170913523782,1912.2170913523782,392.54866705306415,750.0000000000002,67555.2154972883,3187.0284855872974,True,0.20528457193918384,67.5552154972883,90.07362066305107
3,12,3.0,0.9510526315789474,0.9629750692520775,0.011922437673130193,8.524722108483173,8.524722108483173,4.861058147697381,1200.4679301615713,1931.031248251374,1931.031248251374,384.8678699697681,750.0,71442.31374160085,3218.3854137522903,True,0.19930690936165912,71.44231374160086,95.25641832213446
3,13,3.0,1.029473684210526,1.0413961218836563,0.011922437673130193,9.988531105848793,9.988531105848793,4.672243485522264,829.4062540416368,1947.9934598634982,1947.9934598634982,378.93726945092214,749.9999999999998,75442.75868397918,3246.655766439164,True,0.19452697211697798,75.44275868397918,100.59034491197224
3,14,3.0,1.1078947368421053,1.1198171745152354,0.011922437673130193,11.568262261390068,11.568262261390068,4.503849215259642,588.8149213871322,1963.3992356430558,1963.3992356430558,374.43145285920247,750.0,79562.36246074541,3272.3320594050933,True,0.19070571387717183,79.5623624607454,106.08314994766054
3,15,3.0,1.1863157894736842,1.1982382271468144,0.011922437673130193,13.263915575106981,13.263915575106981,4.35244143930522,427.9276544069631,1977.480851381318,1977.480851381318,371.0990586933434,750.0000000000001,83804.94947592002,3295.8014189688633,True,0.1876625295431416,83.80494947592001,111.73993263456002
3,16,3.0,1.2647368421052632,1.2766592797783933,0.011922437673130193,15.075491046999543,15.075491046999543,4.215343857081232,317.4224778380119,1990.4239343627748,1990.4239343627748,368.7423869126536,749.9999999999999,88172.82954510105,3317.3732239379583,True,0.18525821587384841,88.17282954510105,117.5637727268014
3,17,3.0,1.3431578947368419,1.355080332409972,0.011922437673130193,17.002988677067748,17.002988677067748,4.090435579915635,239.72434885792165,2002.378985421838,2002.378985421838,367.20356735307803,750.0000000000001,92667.15749415413,3337.298309036397,True,0.18338365016137034,92.66715749415414,123.55620999220551
3,18,3.0,1.421578947368421,1.4335013850415512,0.011922437673130193,19.046408465311604,19.046408465311604,3.976011211074237,183.95314405439123,2013.469578177208,2013.469578177208,366.35490699851306,750.0,97288.20954187268,3355.7826302953467,True,0.18195204485293182,97.28820954187269,129.7176127224969
3,19,3.0,1.5,1.5119224376731302,0.011922437673130193,21.205750411731103,21.205750411731103,3.8706817284188033,143.178979007053,2023.7983174684716,2023.7983174684719,366.0919842784679,750.0000000000001,102035.59728199268,3372.9971957807866,True,0.180893511531527,102.03559728199268,136.04746304265691
4,0,3.0,0.01,0.0296398891966759,0.0196398891966759,0.0009424777960769379,0.0009424777960769379,14.698978818643786,221388732983608.0,1344.093506998873,1344.093506998873,595.633719179809,43.77190371106279,5419.274310294011,2240.1558449981217,True,0.4431490190810872,5.4192743102940115,7.225699080392015
4,1,3.0,0.08842105263157896,0.10806094182825485,0.0196398891966759,0.07368557705394876,0.07368557705394876,20.461724727736833,28851208.864297174,1149.2622994547871,1149.2622994547871,830.8561579699017,749.9999999999999,43821.61217508629,1915.4371657579786,True,0.722947370990993,43.82161217508629,58.42881623344838
4,2,3.0,0.1668421052631579,0.1864819944598338,0.0196398891966759,0.26235083448746654,0.26235083448746654,14.895917129943296,1490495.854582807,1336.23225186804,1336.23225186804,607.732706010753,750.0000000000002,49575.01230198128,2227.0537531134,True,0.4548106851643106,49.57501230198128,66.10001640264171
4,3,3.0,0.24526315789473685,0.26490304709141277,0.0196398891966759,0.5669382500966303,0.5669382500966303,12.285813554128985,246872.69133634015,1449.4084371404874,1449.4084371404874,504.94996147319006,750.0000000000003,54831.25102790004,2415.680728567479,True,0.34838348427817695,54.831251027900045,73.10833470386672
4,4,3.0,0.3236842105263158,0.3433240997229917,0.0196398891966759,0.9874478238814399,0.9874478238814399,10.694471335452237,67637.90113100182,1529.4471946158562,1529.4471946158562,443.9053621120514,750.0,59723.611122760914,2549.0786576930936,True,0.29023909009395055,59.723611122760914,79.63148149701455
4,5,3.0,0.40210526315789474,0.42174515235457066,0.0196398891966759,1.523879555841896,1.523879555841896,9.595115334250165,24575.648653529282,1590.6861177383794,1590.6861177383794,403.17305685279615,750.0000000000002,64419.045558149934,2651.143529563966,True,0.25345858768543433,64.41904555814993,85.89206074419991
4,6,3.0,0.4805263157894737,0.5001662049861496,0.0196398891966759,2.1762334459779975,2.1762334459779975,8.777311065096743,10700.655135451538,1639.863555532632,1639.863555532632,374.1634130795936,749.9999999999999,69031.1928195737,2733.1059258877203,True,0.22816740564617546,69.0311928195737,92.04159042609827
4,7,3.0,0.5589473684210526,0.5785872576177286,0.0196398891966759,2.9445094942897447,2.9445094942897447,8.138317337203912,5284.771951452003,1680.680325749226,1680.680325749226,352.6613971771899,750.0,73637.04345268948,2801.1338762487103,True,0.2098325254209053,73.63704345268948,98.18272460358598
4,8,3.0,0.6373684210526316,0.6570083102493075,0.0196398891966759,3.8287077007771386,3.8287077007771386,7.621225415405171,2863.7470941037786,1715.3827985918258,1715.3827985918258,336.31663081431816,750.0,78290.1094693518,2858.9713309863764,True,0.19605923009744747,78.29010946935179,104.38681262580239
4,9,3.0,0.7157894736842104,0.7354293628808863,0.0196398891966759,4.828828065440177,4.828828065440177,7.191631474685671,1666.3226224190878,1745.4337980402647,1745.4337980402647,323.6964204737956,749.9999999999999,83028.33572965363,2909.056330067108,True,0.1854532786274879,83.02833572965363,110.70444763953817
4,10,3.0,0.7942105263157895,0.8138504155124654,0.0196398891966759,5.944870588278864,5.944870588278864,6.827351438397731,1025.7878338372852,1771.837102022114,1771.837102022114,313.8680007390161,750.0,87878.91036504936,2953.0618367035236,True,0.17714269578214237,87.87891036504936,117.17188048673249
4,11,3.0,0.8726315789473684,0.8922714681440443,0.0196398891966759,7.1768352692931945,7.1768352692931945,6.51335299334818,661.0173729839388,1795.3100440766,1795.3100440766,306.1925350781556,750.0000000000001,92861.33033250379,2992.183406794333,True,0.17055134074941505,92.86133033250378,123.81510711000504
4,12,3.0,0.9510526315789474,0.9706925207756233,0.0196398891966759,8.524722108483173,8.524722108483173,6.239040464980361,442.3872661384007,1816.3821809899362,1816.3821809899362,300.21463293128926,750.0000000000003,97989.45188502547,3027.303634983227,True,0.165281643958691,97.98945188502547,130.6526025133673
4,13,3.0,1.029473684210526,1.049113573407202,0.0196398891966759,9.988531105848793,9.988531105848793,5.996701804980943,305.6464533743872,1835.4549888331528,1835.4549888331528,295.5990463997298,750.0,103272.92100128821,3059.0916480552546,True,0.1610494663166052,103.27292100128821,137.6972280017176
4,14,3.0,1.1078947368421053,1.127534626038781,0.0196398891966759,11.568262261390068,11.568262261390068,5.780572181693675,216.98557436590195,1852.8396780903256,1852.8396780903256,292.0923998629807,750.0000000000001,108718.20566363528,3088.066130150543,True,0.1576458035290095,108.71820566363527,144.95760755151372
4,15,3.0,1.1863157894736842,1.20595567867036,0.0196398891966759,13.263915575106981,13.263915575106981,5.586244277729024,157.69662844107626,1868.7820760818245,1868.7820760818245,289.49899660701266,749.9999999999999,114329.36034874203,3114.6367934697078,True,0.15491319202610812,114.32936034874203,152.43914713165606
4,16,3.0,1.2647368421052632,1.284376731301939,0.0196398891966759,15.075491046999543,15.075491046999543,5.410283131584002,116.9741053913345,1883.4795321618667,1883.4795321618667,287.6649338662926,750.0000000000001,120108.60300596824,3139.1325536031113,True,0.15273058663722744,120.10860300596823,160.14480400795765
4,17,3.0,1.3431578947368419,1.3627977839335177,0.0196398891966759,17.002988677067748,17.002988677067748,5.249966638349646,88.34138476634861,1897.0927215701106,1897.0927215701108,286.4673273343454,750.0,126056.75630208536,3161.8212026168517,True,0.15100333477493574,126.05675630208536,168.07567506944713
4,18,3.0,1.421578947368421,1.4412188365650969,0.0196398891966759,19.046408465311604,19.046408465311604,5.103105966107022,67.78900664579504,1909.7540845538047,1909.7540845538047,285.8067915095502,749.9999999999999,132173.58802241553,3182.9234742563413,True,0.14965633210117005,132.17358802241552,176.23145069655405
4,19,3.0,1.5,1.5196398891966758,0.0196398891966759,21.205750411731103,21.205750411731103,4.96791834142206,52.763222989966394,1921.5739858531974,1921.5739858531974,285.6020603281002,750.0,138458.07507441632,3202.623309755329,True,0.14862922917916696,138.4580750744163,184.61076676588843
5,0,3.0,0.01,0.0395623268698061,0.029562326869806095,0.0009424777960769379,0.0009424777960769379,19.185849784788193,76274612808531.83,1186.9024519813775,1186.9024519813775,516.5339138016857,49.54314878664556,10015.992560685183,1978.170753302296,True,0.4351949167679284,10.015992560685183,13.354656747580243
5,1,3.0,0.08842105263157896,0.11798337950138504,0.029562326869806095,0.07368557705394876,0.07368557705394876,25.103948106016936,12734000.190140262,1031.8698356815667,1031.8698356815667,677.3699379936212,749.9999999999999,62918.52195328364,1719.7830594692778,True,0.6564490157290115,62.918521953283644,83.89136260437819
5,2,3.0,0.1668421052631579,0.196404432132964,0.029562326869806095,0.26235083448746654,0.26235083448746654,18.275406183855228,657857.165879386,1215.4678934104782,1215.4678934104782,495.5479083990755,750.0,68770.49190563873,2025.779822350797,True,0.4077013560667727,68.77049190563874,91.6939892075183
5,3,3.0,0.24526315789473685,0.27482548476454294,0.029562326869806095,0.5669382500966303,0.5669382500966303,15.073139239576031,108961.70462748432,1329.2438344863663,1329.2438344863663,411.80498540552367,750.0,74820.87919752386,2215.4063908106104,True,0.3098039462147661,74.82087919752385,99.76117226336514
5,4,3.0,0.3236842105263158,0.3532465373961219,0.029562326869806095,0.9874478238814399,0.9874478238814399,13.120763620798295,29853.204762200192,1410.9701151678498,1410.9701151678498,362.07634242949376,749.9999999999999,80664.98682352203,2351.616858613083,True,0.2566151745789605,80.66498682352203,107.55331576469605
5,5,3.0,0.40210526315789474,0.43166759002770083,0.029562326869806095,1.523879555841896,1.523879555841896,11.771992861175846,10846.904755319574,1474.2303661249941,1474.2303661249941,328.8995297986237,750.0000000000001,86378.19858294653,2457.0506102083236,True,0.22309914200392858,86.37819858294652,115.17093144392871
5,6,3.0,0.4805263157894737,0.5100886426592798,0.029562326869806095,2.1762334459779975,2.1762334459779975,10.76865046424305,4722.9266950435285,1525.50046999909,1525.50046999909,305.27410138225105,750.0000000000002,92053.64485696456,2542.500783331817,True,0.20011406576782842,92.05364485696455,122.73819314261941
5,7,3.0,0.5589473684210526,0.5885096952908587,0.029562326869806095,2.9445094942897447,2.9445094942897447,9.9846859842915,2332.529196650607,1568.3778007786677,1568.3778007786677,287.76500102606803,750.0,97764.73363634979,2613.9630012977796,True,0.1834793892665393,97.76473363634979,130.35297818179973
5,8,3.0,0.6373684210526316,0.6669307479224377,0.029562326869806095,3.8287077007771386,3.8287077007771386,9.350279601466903,1263.9663111641191,1605.0667166509634,1605.0667166509631,274.4568801897429,750.0,103565.8901899923,2675.111194418272,True,0.17099406357538102,103.56589018999229,138.0878535866564
5,9,3.0,0.7157894736842104,0.7453518005540165,0.029562326869806095,4.828828065440177,4.828828065440177,8.823222174100446,735.4614737470426,1637.0143626745396,1637.0143626745396,264.1822990362673,750.0,109496.92575112185,2728.3572711242327,True,0.16138056272435422,109.49692575112185,145.99590100149578
5,10,3.0,0.7942105263157895,0.8237728531855956,0.029562326869806095,5.944870588278864,5.944870588278864,8.376296646134849,452.7499188185512,1665.2208041253127,1665.2208041253127,256.18125015219584,749.9999999999997,115586.75205785615,2775.368006875521,True,0.15384221090533376,115.58675205785616,154.11566941047488
5,11,3.0,0.8726315789473684,0.9021939058171745,0.029562326869806095,7.1768352692931945,7.1768352692931945,7.99106027066897,291.75191212455184,1690.4052101857303,1690.4052101857303,249.93326764445342,750.0,121856.13310567482,2817.342016976217,True,0.14785405661225598,121.85613310567481,162.47484414089976
5,12,3.0,0.9510526315789474,0.9806149584487535,0.029562326869806095,8.524722108483173,8.524722108483173,7.654513495233111,195.25558036818407,1713.1014791321156,1713.1014791321156,245.06738266444086,750.0000000000003,128319.69164453665,2855.1691318868593,True,0.1430547960232898,128.31969164453665,171.09292219271555
5,13,3.0,1.029473684210526,1.0590360110803323,0.029562326869806095,9.988531105848793,9.988531105848793,7.3571946120179685,134.90256209685157,1733.716436886178,1733.716436886178,241.31053051580236,750.0,134987.38841918128,2889.5273948102968,True,0.13918685050319154,134.9873884191813,179.9831845589084
5,14,3.0,1.1078947368421053,1.1374570637119115,0.029562326869806095,11.568262261390068,11.568262261390068,7.092030901755472,95.77048775423484,1752.566902265396,1752.566902265396,238.45635981127472,750.0000000000001,141865.63019864063,2920.9448371089934,True,0.13606120228736615,141.86563019864064,189.1541735981875
5,15,3.0,1.1863157894736842,1.2158781163434904,0.029562326869806095,13.263915575106981,13.263915575106981,6.85361514347549,69.60224460605212,1769.9041963548643,1769.904196354864,236.34551466157995,750.0,148958.11173210212,2949.8403272581068,True,0.1335357671609209,148.9581117321021,198.61081564280283
5,16,3.0,1.2647368421052632,1.2942991689750694,0.029562326869806095,15.075491046999543,15.075491046999543,6.63773307389061,51.628626283940775,1785.930869987349,1785.930869987349,234.85268850789876,749.9999999999998,156266.4625849773,2976.551449978915,True,0.13150155610981873,156.2664625849773,208.3552834466364
5,17,3.0,1.3431578947368419,1.372720221606648,0.029562326869806095,17.002988677067748,17.002988677067748,6.441045014587457,38.99105980976798,1800.8124327275266,1800.8124327275268,233.87784243587916,750.0000000000002,163790.74782467997,3001.354054545878,True,0.1298735160783212,163.79074782467998,218.38766376623997
5,18,3.0,1.421578947368421,1.4511412742382273,0.029562326869806095,19.046408465311604,19.046408465311604,6.260865545659502,29.91989790019458,1814.6857713673962,1814.6857713673962,233.34007721319398,749.9999999999997,171529.85733588345,3024.476285612327,True,0.12858428764632254,171.52985733588346,228.7064764478446
5,19,3.0,1.5,1.5295623268698062,0.029562326869806095,21.205750411731103,21.205750411731103,6.095007429600174,23.287997904936393,1827.6653168913392,1827.6653168913392,233.17324982175577,750.0,179481.80917186488,3046.1088614855653,True,0.1275798406123711,179.48180917186488,239.30907889581985
6,0,3.0,0.01,0.051689750692520776,0.041689750692520774,0.0009424777960769379,0.0009424777960769379,23.91651803447523,31587289752536.55,1059.3291647780884,1059.3291647780884,456.63010853451834,54.59171598462054,17413.89032621674,1765.5486079634807,True,0.4310559207818796,17.41389032621674,23.218520434955654
6,1,3.0,0.08842105263157896,0.13011080332409974,0.041689750692520774,0.07368557705394876,0.07368557705394876,29.811743105735637,6402999.75634429,936.7874070962549,936.7874070962549,570.5728215494728,750.0000000000003,87163.36055266218,1561.312345160425,True,0.6090739662247044,87.16336055266218,116.21781407021625
6,2,3.0,0.1668421052631579,0.2085318559556787,0.041689750692520774,0.26235083448746654,0.26235083448746654,21.702630678059798,330788.3783523534,1115.0818425381317,1115.0818425381317,417.5030964150285,749.9999999999998,92037.80976938065,1858.4697375635528,True,0.37441475637762567,92.03780976938064,122.71707969250753
6,3,3.0,0.24526315789473685,0.28695290858725764,0.041689750692520774,0.5669382500966303,0.5669382500966303,17.899836030155022,54788.89255246324,1227.6975816045885,1227.6975816045885,347.01724835266754,749.9999999999999,98513.74233045697,2046.1626360076477,True,0.2826569454499694,98.51374233045696,131.3516564406093
6,4,3.0,0.3236842105263158,0.3653739612188366,0.041689750692520774,0.9874478238814399,0.9874478238814399,15.581327397684055,15010.998897775165,1309.6421665703422,1309.6421665703422,305.1689685876778,750.0,105146.0065494049,2182.7369442839035,True,0.23301706097845534,105.1460065494049,140.19467539920655
6,5,3.0,0.40210526315789474,0.44379501385041553,0.041689750692520774,1.523879555841896,1.523879555841896,13.979618884561567,5454.117124890361,1373.6938148464653,1373.6938148464653,277.25452134503655,749.9999999999994,111803.9214940262,2289.489691410776,True,0.20183138218178895,111.8039214940262,149.07189532536827
6,6,3.0,0.4805263157894737,0.5222160664819945,0.041689750692520774,2.1762334459779975,2.1762334459779975,12.788117625152722,2374.815299673919,1426.0129472352844,1426.0129472352844,257.379657693194,750.0,118519.35975450682,2376.6882453921407,True,0.1804890048103664,118.51935975450682,158.0258130060091
6,7,3.0,0.5589473684210526,0.6006371191135734,0.041689750692520774,2.9445094942897447,2.9445094942897447,11.85713467451734,1172.858776096444,1470.0528963760978,1470.0528963760978,242.65227399772616,750.0,125343.83422743526,2450.08816062683,True,0.16506363450995581,125.34383422743527,167.12511230324702
6,8,3.0,0.6373684210526316,0.6790581717451524,0.041689750692520774,3.8287077007771386,3.8287077007771386,11.10375675844075,635.556452141227,1507.9460305041343,1507.9460305041343,231.45987052996043,750.0000000000001,132323.1190584535,2513.2433841735574,True,0.15349347115067447,132.3231190584535,176.43082541127134
6,9,3.0,0.7157894736842104,0.7574792243767312,0.041689750692520774,4.828828065440177,4.828828065440177,10.477859168138895,369.8099235815282,1541.1015475331874,1541.1015475331874,222.8196797200255,749.9999999999998,139493.3248270006,2568.502579221979,True,0.14458468364832208,139.49332482700058,185.9910997693341
6,10,3.0,0.7942105263157895,0.8359002770083103,0.041689750692520774,5.944870588278864,5.944870588278864,9.947120777076332,227.65490628190017,1570.4989948539433,1570.4989948539435,216.09198114406178,750.0,146881.56427619542,2617.4983247565724,True,0.13759447274536993,146.88156427619543,195.8420857015939
6,11,3.0,0.8726315789473684,0.9143213296398892,0.041689750692520774,7.1768352692931945,7.1768352692931945,9.489640232108947,146.7007534437545,1596.8464706277114,1596.8464706277114,210.8387362236135,749.9999999999998,154507.4853793858,2661.410784379519,True,0.1320344442009719,154.5074853793858,206.00998050584772
6,12,3.0,0.9510526315789474,0.9927423822714682,0.041689750692520774,8.524722108483173,8.524722108483173,9.08998014796653,98.17978756513419,1620.672134065019,1620.672134065019,206.74777015284695,749.9999999999997,162384.77509474193,2701.1202234416983,True,0.12756915220987722,162.38477509474194,216.5130334596559
6,13,3.0,1.029473684210526,1.0711634349030468,0.041689750692520774,9.988531105848793,9.988531105848793,8.736904443321883,67.83265740055386,1642.3801653565786,1642.3801653565786,203.58933020709244,750.0000000000003,170522.4377084275,2737.3002755942975,True,0.12395992992456226,170.5224377084275,227.36325027790332
6,14,3.0,1.1078947368421053,1.149584487534626,0.041689750692520774,11.568262261390068,11.568262261390068,8.422014037321775,48.155991879924265,1662.2865609601033,1662.2865609601033,201.18982275135332,750.0,178925.83453178042,2770.4776016001724,True,0.12103197335310834,178.92583453178042,238.56777937570723
6,15,3.0,1.1863157894736842,1.228005540166205,0.041689750692520774,13.263915575106981,13.263915575106981,8.138887681730786,34.997891361635375,1680.6428986088924,1680.6428986088924,199.41521078165016,750.0000000000003,187597.51594460892,2801.0714976814875,True,0.11865412393478163,187.59751594460892,250.13002125947855
6,16,3.0,1.2647368421052632,1.3064265927977838,0.041689750692520774,15.075491046999543,15.075491046999543,7.882520803803068,25.960269874381588,1697.6526174014227,1697.6526174014227,198.16011345397024,750.0000000000001,196537.88273268222,2829.421029002371,True,0.1167259493625331,196.53788273268222,262.05051031024294
6,17,3.0,1.3431578947368419,1.3848476454293626,0.041689750692520774,17.002988677067748,17.002988677067748,7.648947428366321,19.60575959900341,1713.482472856245,1713.482472856245,197.34041235174215,750.0,205745.70973996,2855.804121427075,True,0.11516920393284834,205.74570973996,274.32761298661336
6,18,3.0,1.421578947368421,1.4632686980609417,0.041689750692520774,19.046408465311604,19.046408465311604,7.434978533197974,15.044534011639922,1728.2707856048721,1728.2707856048721,196.88809238909522,750.0000000000001,215218.55918962977,2880.4513093414535,True,0.11392201617305414,215.21855918962976,286.95807891950636
6,19,3.0,1.5,1.5416897506925207,0.041689750692520774,21.205750411731103,21.205750411731103,7.238016703645078,11.709835297985322,1742.1335024774949,1742.1335024774949,196.74755172423667,749.9999999999997,224953.10580827863,2903.5558374624916,True,0.1129348304503881,224.95310580827862,299.9374744110382
7,0,3.0,0.01,0.06602216066481995,0.056022160664819944,0.0009424777960769379,0.0009424777960769379,28.837883170016692,14943442571335.234,954.8503160315713,954.8503160315713,409.7870496131342,59.06456934062151,28710.640004254303,1591.4171933859523,True,0.42916365291288744,28.7106400042543,38.28085333900574
7,1,3.0,0.08842105263157896,0.1444432132963989,0.056022160664819944,0.07368557705394876,0.07368557705394876,34.55832212813622,3545866.4292777283,858.4845757110688,858.4845757110688,492.39311426231217,750.0,117533.60452209259,1430.8076261851147,True,0.5735608165754998,117.53360452209259,156.71147269612345
7,2,3.0,0.1668421052631579,0.22286426592797784,0.056022160664819944,0.26235083448746654,0.26235083448746654,25.158089526675962,183184.67134605965,1030.655024899103,1030.655024899103,360.38376250916616,750.0,119913.78954408814,1717.7583748318384,True,0.3496647799727618,119.91378954408815,159.88505272545086
7,3,3.0,0.24526315789473685,0.3012853185595568,0.056022160664819944,0.5669382500966303,0.5669382500966303,20.749819873897383,30341.106074007064,1141.1226554583998,1141.1226554583998,299.61041459906716,750.0,126279.54183366039,1901.8710924306663,True,0.2625575902519531,126.27954183366039,168.3727224448805
7,4,3.0,0.3236842105263158,0.37970637119113576,0.056022160664819944,0.9874478238814399,0.9874478238814399,18.06216193005911,8312.821972046282,1222.37871290414,1222.37871290414,263.5365762611431,750.0000000000002,133447.79488649123,2037.2978548402334,True,0.215593231033147,133.44779488649124,177.9303931819883
7,5,3.0,0.40210526315789474,0.4581274238227147,0.056022160664819944,1.523879555841896,1.523879555841896,16.205431897348763,3020.3922458899337,1286.4202348441502,1286.4202348441502,239.47883018699727,750.0,140922.36979637403,2144.0337247402504,True,0.1861590977041885,140.92236979637403,187.89649306183205
7,6,3.0,0.4805263157894737,0.5365484764542936,0.056022160664819944,2.1762334459779975,2.1762334459779975,14.824221674495034,1315.1301213943216,1339.0824258250218,1339.0824258250218,222.35308505876188,750.0000000000001,148616.99354611547,2231.804043041703,True,0.16604884118449093,148.61699354611548,198.15599139482063
7,7,3.0,0.5589473684210526,0.6149695290858725,0.056022160664819944,2.9445094942897447,2.9445094942897447,13.745009077306431,649.5081553491361,1383.660267394831,1383.6602673948312,209.6649105586412,749.9999999999998,156535.688857918,2306.100445658052,True,0.1515291834992128,156.535688857918,208.71425181055733
7,8,3.0,0.6373684210526316,0.6933905817174515,0.056022160664819944,3.8287077007771386,3.8287077007771386,12.871679509972624,351.9597646908388,1422.201079354332,1422.201079354332,200.0236388888901,750.0,164702.2243828337,2370.3351322572203,True,0.14064371191428096,164.7022243828337,219.60296584377826
7,9,3.0,0.7157894736842104,0.7718116343490303,0.056022160664819944,4.828828065440177,4.828828065440177,12.146127486122195,204.7941032548421,1456.0652543457875,1456.0652543457875,192.58178469912997,750.0000000000003,173141.26787577802,2426.7754239096457,True,0.1322617816230065,173.14126787577803,230.85502383437068
7,10,3.0,0.7942105263157895,0.8502326869806094,0.056022160664819944,5.944870588278864,5.944870588278864,11.530885760099803,126.07120417981042,1486.2030090303708,1486.203009030371,186.78775398637433,750.0,181873.27041212385,2477.0050150506186,True,0.12568118409895998,181.87327041212384,242.4976938828318
7,11,3.0,0.8726315789473684,0.9286537396121883,0.056022160664819944,7.1768352692931945,7.1768352692931945,11.000565879633086,81.24024622530189,1513.3042398638406,1513.3042398638406,182.26390497791712,749.9999999999998,190913.51024977292,2522.173733106401,True,0.12044101917953808,190.9135102497729,254.55134699969724
7,12,3.0,0.9510526315789474,1.0070747922437673,0.056022160664819944,8.524722108483173,8.524722108483173,10.537272543159435,54.37020552997643,1537.8855708894605,1537.8855708894605,178.74114894070496,750.0,200272.44715590926,2563.142618149101,True,0.11622525909865139,200.27244715590928,267.02992954121237
7,13,3.0,1.029473684210526,1.085495844875346,0.056022160664819944,9.988531105848793,9.988531105848793,10.12798067808964,37.56450911106164,1560.343789974121,1560.343789974121,176.02147818116129,749.9999999999999,209956.4463345113,2600.5729832902016,True,0.11280942014969707,209.9564463345113,279.9419284460151
7,14,3.0,1.1078947368421053,1.1639168975069252,0.056022160664819944,11.568262261390068,11.568262261390068,9.762953915078334,26.667924640541248,1580.9901513390196,1580.9901513390196,173.95531211875357,749.9999999999998,219968.5449047622,2634.9835855650326,True,0.11002934583205476,219.9685449047622,293.2913932063496
7,15,3.0,1.1863157894736842,1.2423379501385041,0.056022160664819944,13.263915575106981,13.263915575106981,9.43474862480813,19.381204559905143,1600.0732246755347,1600.0732246755347,172.42717651308124,749.9999999999998,230309.1492796189,2666.788707792558,True,0.10776205354479716,230.3091492796189,307.0788657061585
7,16,3.0,1.2647368421052632,1.320759002770083,0.056022160664819944,15.075491046999543,15.075491046999543,9.137563414302745,14.376331867161397,1617.794596006782,1617.794596006782,171.34630132484057,750.0000000000002,240976.63172870228,2696.32432667797,True,0.10591350827093643,240.97663172870227,321.3021756382697
7,17,3.0,1.3431578947368419,1.3991800554016618,0.056022160664819944,17.002988677067748,17.002988677067748,8.866800852037601,10.85731804279914,1634.3199470584805,1634.3199470584805,170.6402436254365,750.0000000000001,251967.82468503044,2723.866578430801,True,0.10441054943529397,251.96782468503045,335.95709958004056
7,18,3.0,1.421578947368421,1.477601108033241,0.056022160664819944,19.046408465311604,19.046408465311604,8.618764164669038,8.331393116662857,1649.7870550736136,1649.7870550736136,170.25043822801686,749.9999999999998,263278.4223723927,2749.6450917893562,True,0.1031954019183526,263.27842237239275,351.0378964965236
7,19,3.0,1.5,1.55602216066482,0.056022160664819944,21.205750411731103,21.205750411731103,8.390442381253216,6.484696775813,1664.3116860745486,1664.3116860745486,170.12901557749916,750.0000000000001,274903.3025938041,2773.8528101242478,True,0.1022218476268505,274.9033025938041,366.5377367917388
8,0,3.0,0.01,0.0825595567867036,0.0725595567867036,0.0009424777960769379,0.0009424777960769379,33.914606911885556,7811906204602.623,868.2534547821589,868.2534547821589,372.16119161102716,63.07236189629204,45218.934858262226,1447.0890913035983,True,0.42863197325762536,45.21893485826222,60.291913144349635
8,1,3.0,0.08842105263157896,0.16098060941828257,0.0725595567867036,0.07368557705394876,0.07368557705394876,39.32964549088325,2113746.1948898444,792.9621558644217,792.9621558644218,432.86484844905414,749.9999999999998,155172.12233887758,1321.6035931073698,True,0.5458833630933884,155.17212233887759,206.89616311850344
8,2,3.0,0.1668421052631579,0.23940166204986152,0.0725595567867036,0.26235083448746654,0.26235083448746654,28.631561990866587,109199.23514963072,958.7760747202535,958.7760747202535,316.9025025519657,750.0000000000002,153041.6678397933,1597.960124533756,True,0.33052817118369354,153.04166783979332,204.05555711972443
8,3,3.0,0.24526315789473685,0.31782271468144047,0.0725595567867036,0.5669382500966303,0.5669382500966303,23.614660937940634,18086.805803834308,1066.568300027231,1066.568300027231,263.5313421932443,750.0000000000001,158574.27406035166,1777.6138333787185,True,0.24708341902390682,158.57427406035166,211.43236541380222
8,4,3.0,0.3236842105263158,0.3962437673130194,0.0725595567867036,0.9874478238814399,0.9874478238814399,20.555929274407283,4955.402625188192,1146.5866901642542,1146.5866901642542,231.85927727058333,750.0000000000002,165928.55512724048,1910.9778169404237,True,0.20221696210111104,165.9285551272405,221.2380735029873
8,5,3.0,0.40210526315789474,0.47466481994459836,0.0725595567867036,1.523879555841896,1.523879555841896,18.44284827215226,1800.5028514638936,1210.1013088975476,1210.1013088975476,210.74195866779277,750.0000000000001,174032.15671376657,2016.835514829246,True,0.17415232684921844,174.03215671376657,232.04287561835542
8,6,3.0,0.4805263157894737,0.5530858725761773,0.0725595567867036,2.1762334459779975,2.1762334459779975,16.870940116084885,783.9695446307346,1262.632738804379,1262.632738804379,195.71251003193333,750.0,182605.4188142129,2104.387898007298,True,0.15500351291164746,182.6054188142129,243.47389175228386
8,7,3.0,0.5589473684210526,0.6315069252077562,0.0725595567867036,2.9445094942897447,2.9445094942897447,15.642725137957642,387.18192557490346,1307.3168321291316,1307.3168321291316,184.57949015072072,750.0,191571.02069374,2178.861386881886,True,0.1411895614088511,191.57102069374,255.42802759165332
8,8,3.0,0.6373684210526316,0.7099279778393351,0.0725595567867036,3.8287077007771386,3.8287077007771386,14.648818600696092,209.8086964660777,1346.1120412934474,1346.1120412934476,176.121261748278,750.0000000000001,200913.08685834604,2243.5200688224127,True,0.13083700044689237,200.91308685834605,267.884115811128
8,9,3.0,0.7157894736842104,0.788349030470914,0.0725595567867036,4.828828065440177,4.828828065440177,13.823092635835154,122.08095401353751,1380.3256046781887,1380.3256046781887,169.5934327442291,750.0000000000001,210634.64924530077,2300.542674463648,True,0.12286480245635113,210.63464924530078,280.84619899373433
8,10,3.0,0.7942105263157895,0.866770083102493,0.0725595567867036,5.944870588278864,5.944870588278864,13.122907051421054,75.1530079982556,1410.874314841918,1410.874314841918,164.51157556218578,749.9999999999998,220743.129509904,2351.4571914031967,True,0.11660257319279255,220.743129509904,294.324172679872
8,11,3.0,0.8726315789473684,0.945191135734072,0.0725595567867036,7.1768352692931945,7.1768352692931945,12.51936811749399,48.428575851805114,1438.4262449692512,1438.4262449692512,160.544087178011,750.0000000000001,231245.20753020138,2397.377074948752,True,0.11161092738643885,231.24520753020138,308.32694337360186
8,12,3.0,0.9510526315789474,1.023612188365651,0.0725595567867036,8.524722108483173,8.524722108483173,11.992109802861815,32.410926171794806,1463.483354504818,1463.483354504818,157.454727312128,750.0000000000001,242145.1663757924,2439.1389241746965,True,0.10758901140040923,242.1451663757924,322.8602218343899
8,13,3.0,1.029473684210526,1.1020332409972298,0.0725595567867036,9.988531105848793,9.988531105848793,11.526308717502072,22.392788837391382,1486.4323575303351,1486.4323575303351,155.06969438181437,750.0,253444.59074389667,2477.3872625505587,True,0.10432341141944611,253.44459074389667,337.9261209918622
8,14,3.0,1.1078947368421053,1.180454293628809,0.0725595567867036,11.568262261390068,11.568262261390068,11.110884232172943,15.897165152392681,1507.577472004791,1507.577472004791,153.2577211789446,750.0000000000002,265142.5866522899,2512.629120007985,True,0.10165827231096854,265.1425866522899,353.52344886971986
8,15,3.0,1.1863157894736842,1.2588753462603879,0.0725595567867036,13.263915575106981,13.263915575106981,10.737365006711178,11.553437843180616,1527.162293540123,1527.162293540123,151.91749249218898,750.0000000000001,277236.17731016484,2545.2704892335387,True,0.09947697971250209,277.23617731016486,369.64823641355315
8,16,3.0,1.2647368421052632,1.3372963988919668,0.0725595567867036,15.075491046999543,15.075491046999543,10.399148674015027,8.569955294925137,1545.384864383423,1545.384864383423,150.9693845983109,750.0,289720.7287844597,2575.6414406390386,True,0.097690477031134,289.7207287844597,386.29430504594626
8,17,3.0,1.3431578947368419,1.4157174515235456,0.0725595567867036,17.002988677067748,17.002988677067748,10.091003054369295,6.472216355975428,1562.4083324293597,1562.4083324293597,150.34986284575214,749.9999999999998,302590.34494108043,2604.013887382266,True,0.09622955774434198,302.59034494108045,403.4537932547739
8,18,3.0,1.421578947368421,1.4941385041551247,0.0725595567867036,19.046408465311604,19.046408465311604,9.808720976357293,4.9664731736848395,1578.3686649715805,1578.3686649715805,150.00757314585704,750.0000000000001,315838.2096613676,2630.614441619301,True,0.09503962950795024,315.83820966136756,421.11761288182345
8,19,3.0,1.5,1.5725595567867037,0.0725595567867036,21.205750411731103,21.205750411731103,9.548875756838386,3.8656287280627155,1593.3803434393324,1593.3803434393324,149.90054702049807,749.9999999999999,329456.87183053343,2655.6339057322207,True,0.09407706555293369,329.45687183053343,439.2758291073779
9,0,3.0,0.01,0.10130193905817174,0.09130193905817174,0.0009424777960769379,0.0009424777960769379,39.12112666002143,4412236230592.875,795.5959855654337,795.5959855654337,341.2611335449576,66.69646963282786,68469.45241080988,1325.9933092757228,True,0.42893772685695714,68.46945241080988,91.29260321441318
9,1,3.0,0.08842105263157896,0.1797229916897507,0.09130193905817174,0.07368557705394876,0.07368557705394876,44.117685630390305,1335002.5003749891,737.3438688938926,737.3438688938927,386.11410563626896,750.0000000000002,201378.7440102616,1228.9064481564878,True,0.5236554095384126,201.3787440102616,268.50499201368217
9,2,3.0,0.1668421052631579,0.25814404432132965,0.09130193905817174,0.26235083448746654,0.26235083448746654,32.117204090051814,68968.1913165506,896.8751706146884,896.8751706146885,282.7641093545691,749.9999999999998,192161.74690946972,1494.7919510244808,True,0.3152769957504476,192.1617469094697,256.2156625459596
9,3,3.0,0.24526315789473685,0.3365650969529086,0.09130193905817174,0.5669382500966303,0.5669382500966303,26.489539240058008,11423.287729761725,1001.7388977771038,1001.7388977771038,235.21227323986344,749.9999999999998,195929.63400438437,1669.5648296285065,True,0.23480397313292745,195.92963400438435,261.2395120058458
9,4,3.0,0.3236842105263158,0.41498614958448754,0.09130193905817174,0.9874478238814399,0.9874478238814399,23.058433765416353,3129.7394696603037,1080.1969942067642,1080.1969942067642,207.00147228853956,750.0000000000001,203011.67801308565,1800.3283236779405,True,0.19163307563223667,203.01167801308566,270.68223735078084
9,5,3.0,0.40210526315789474,0.4934072022160665,0.09130193905817174,1.523879555841896,1.523879555841896,20.688103644066878,1137.163872582093,1142.8556606583727,1142.8556606583727,188.1967352859209,750.0,211491.15804617107,1904.7594344306212,True,0.1646723569427001,211.49115804617108,281.98821072822807
9,6,3.0,0.4805263157894737,0.5718282548476454,0.09130193905817174,2.1762334459779975,2.1762334459779975,18.924829426776974,495.1404784690404,1194.9402049710975,1194.9402049710975,174.81622306282378,750.0000000000002,220799.21708830664,1991.5670082851625,True,0.1462970467773759,220.79921708830665,294.3989561177422
9,7,3.0,0.5589473684210526,0.6502493074792244,0.09130193905817174,2.9445094942897447,2.9445094942897447,17.547090023961484,244.53685120385782,1239.4332257356675,1239.4332257356675,164.90661978467955,750.0000000000001,230734.09735295823,2065.7220428927794,True,0.1330500234789163,230.73409735295823,307.64546313727766
9,8,3.0,0.6373684210526316,0.7286703601108033,0.09130193905817174,3.8287077007771386,3.8287077007771386,16.432184064103307,132.51124239030398,1278.2053881960767,1278.2053881960767,157.379147361372,750.0000000000001,241217.85498404733,2130.3423136601277,True,0.12312508522865813,241.21785498404734,321.6238066453964
9,9,3.0,0.7157894736842104,0.8070914127423822,0.09130193905817174,4.828828065440177,4.828828065440177,15.50593318947923,77.10404364074088,1312.5100590757017,1312.5100590757017,151.570456253388,750.0,252218.9605018461,2187.5167651261695,True,0.11548136732767382,252.2189605018461,336.2919473357948
9,10,3.0,0.7942105263157895,0.8855124653739612,0.09130193905817174,5.944870588278864,5.944870588278864,14.720506137936832,47.46523202782213,1343.2292482207226,1343.2292482207226,147.04892682880737,750.0000000000003,263723.76332833286,2238.7154137012044,True,0.10947418471090643,263.72376332833284,351.63168443777715
9,11,3.0,0.8726315789473684,0.9639335180055402,0.09130193905817174,7.1768352692931945,7.1768352692931945,14.043491620761296,30.586581306715917,1371.0076792186107,1371.0076792186107,143.5191587884675,750.0000000000001,275725.0330639805,2285.0127986976845,True,0.10468151343270704,275.7250330639805,367.6333774186407
9,12,3.0,0.9510526315789474,1.0423545706371191,0.09130193905817174,8.524722108483173,8.524722108483173,13.452044220699065,20.470133823739538,1396.3311494781942,1396.3311494781942,140.77074680099193,750.0000000000001,288217.19643861236,2327.218582463657,True,0.10081472926647639,288.21719643861235,384.28959525148315
9,13,3.0,1.029473684210526,1.1207756232686978,0.09130193905817174,9.988531105848793,9.988531105848793,12.929535929721482,14.142865950774477,1419.574908401381,1419.574908401381,138.64893048070553,750.0000000000002,301194.4077198474,2365.9581806689685,True,0.09766933020592874,301.1944077198474,401.59254362646317
9,14,3.0,1.1078947368421053,1.199196675900277,0.09130193905817174,11.568262261390068,11.568262261390068,12.463537148950227,10.040351712341902,1441.0348782859119,1441.0348782859119,137.03685093809568,750.0000000000003,314649.8713588474,2401.7247971431866,True,0.09509613750716349,314.6498713588474,419.53316181179656
9,15,3.0,1.1863157894736842,1.277617728531856,0.09130193905817174,13.263915575106981,13.263915575106981,12.044545226695327,7.296934913880219,1460.9485543382893,1460.9485543382893,135.84433465632893,750.0000000000005,328575.7225891548,2434.9142572304822,True,0.0929836538411561,328.5757225891548,438.1009634522064
9,16,3.0,1.2647368421052632,1.356038781163435,0.09130193905817174,15.075491046999543,15.075491046999543,11.665154015441944,5.412623225288971,1479.509433429726,1479.509433429726,135.00053028902326,750.0,342963.1462081835,2465.84905571621,True,0.09124681954617327,342.9631462081835,457.28419494424463
9,17,3.0,1.3431578947368419,1.4344598337950136,0.09130193905817174,17.002988677067748,17.002988677067748,11.319494363384731,4.087730607905556,1496.8772407596284,1496.8772407596284,134.44891518507504,749.9999999999999,357802.5824775873,2494.7954012660475,True,0.08981960011419876,357.8025824775873,477.0701099701164
9,18,3.0,1.421578947368421,1.5128808864265928,0.09130193905817174,19.046408465311604,19.046408465311604,11.00284691280668,3.13673142070877,1513.1853448313402,1513.1853448313402,134.1438120778916,750.0000000000003,373083.9489048298,2521.9755747189006,True,0.08864995457172055,373.0839489048298,497.44526520643973
9,19,3.0,1.5,1.5913019390581717,0.09130193905817174,21.205750411731103,21.205750411731103,10.711367811883884,2.441458690717628,1528.5462415386692,1528.546241538669,134.0478985378102,750.0,388796.8457382501,2547.577069231115,True,0.08769633191003405,388.7968457382501,518.3957943176669
10,0,3.0,0.01,0.12224930747922437,0.11224930747922438,0.0009424777960769379,0.0009424777960769379,44.437628189454166,2650334485645.1826,733.9303603936656,733.9303603936656,315.412871725362,69.9968041390812,100212.4114708961,1223.217267322776,True,0.4297585830298406,100.2124114708961,133.61654862786148
10,1,3.0,0.08842105263157896,0.20067036011080333,0.11224930747922438,0.07368557705394876,0.07368557705394876,48.91753408689169,883231.8887982329,689.5357909754649,689.5357909754649,348.4782907346508,750.0000000000001,257606.9959250249,1149.2263182924416,True,0.5053810045765272,257.60699592502493,343.47599456669985
10,2,3.0,0.1668421052631579,0.27909141274238225,0.11224930747922438,0.26235083448746654,0.26235083448746654,35.61144251793037,45629.0575234162,843.0132066443052,843.0132066443052,255.29033884059362,750.0000000000001,238107.82364961182,1405.0220110738421,True,0.3028307704179407,238.10782364961182,317.47709819948244
10,3,3.0,0.24526315789473685,0.3575124653739612,0.11224930747922438,0.5669382500966303,0.5669382500966303,29.37150759850793,7557.597828475302,944.8588728004236,944.8588728004236,212.42853088293947,750.0000000000002,238948.95085506167,1574.764788000706,True,0.22482567185227606,238.94895085506167,318.5986011400822
10,4,3.0,0.3236842105263158,0.43593351800554014,0.11224930747922438,0.9874478238814399,0.9874478238814399,25.567109960389587,2070.622116781048,1021.5781799328323,1021.5781799328323,187.0079310525347,750.0000000000001,245181.13812389114,1702.630299888054,True,0.18305787528158665,245.18113812389115,326.9081841651882
10,5,3.0,0.40210526315789474,0.5143545706371191,0.11224930747922438,1.523879555841896,1.523879555841896,22.938896289352716,752.3427070523646,1083.1761096640953,1083.1761096640953,170.06775755671273,750.0000000000001,253711.34963589287,1805.2935161068256,True,0.1570084089183361,253.71134963589287,338.2817995145238
10,6,3.0,0.4805263157894737,0.592775623268698,0.11224930747922438,2.1762334459779975,2.1762334459779975,20.983784061765693,327.58280220136777,1134.605024876032,1134.605024876032,158.0169192089845,750.0,263562.9433951972,1891.0083747933868,True,0.13927042075831592,263.56294339519724,351.41725786026296
10,7,3.0,0.5589473684210526,0.671196675900277,0.11224930747922438,2.9445094942897447,2.9445094942897447,19.45615147548933,161.78452467983286,1178.7031463770672,1178.7031463770672,149.09395570327854,749.9999999999999,274356.40929659235,1964.505243961779,True,0.1264898258408342,274.35640929659235,365.8085457287898
10,8,3.0,0.6373684210526316,0.7496177285318559,0.11224930747922438,3.8287077007771386,3.8287077007771386,18.21994768293426,87.66886569164754,1217.2569173953254,1217.2569173953254,142.3171460597638,750.0000000000001,285924.0234235507,2028.7615289922092,True,0.11691627628150401,285.9240234235507,381.2320312314009
10,9,3.0,0.7157894736842104,0.8280387811634348,0.11224930747922438,4.828828065440177,4.828828065440177,17.192923982914397,51.01170228495011,1251.4670888225028,1251.4670888225028,137.08845393424892,750.0,298183.7539445499,2085.778481370838,True,0.10954219664157093,298.1837539445499,397.5783385927332
10,10,3.0,0.7942105263157895,0.9064598337950138,0.11224930747922438,5.944870588278864,5.944870588278864,16.322045240804545,31.402792522414032,1282.1810864713646,1282.1810864713646,133.01882528709064,750.0000000000001,311090.9892618084,2136.9684774522743,True,0.10374417989050676,311.0909892618084,414.7879856824112
10,11,3.0,0.8726315789473684,0.9848808864265928,0.11224930747922438,7.1768352692931945,7.1768352692931945,15.571373934092987,20.2359500988374,1310.0199935595278,1310.0199935595278,129.8420460288389,749.9999999999999,324618.0844889772,2183.3666559325466,True,0.09911455295887346,324.6180844889772,432.82411265196964
10,12,3.0,0.9510526315789474,1.0633019390581717,0.11224930747922438,8.524722108483173,8.524722108483173,14.915579144775712,13.542952133809202,1335.4529373098715,1335.4529373098715,127.36854248884771,749.9999999999998,338745.12753098656,2225.7548955164525,True,0.09537478927967177,338.74512753098657,451.66017004131544
10,13,3.0,1.029473684210526,1.1417229916897504,0.11224930747922438,9.988531105848793,9.988531105848793,14.336223796249167,9.356859034506707,1358.8431117798323,1358.8431117798323,125.45891072049784,750.0000000000002,353455.63356067415,2264.738519633054,True,0.09232773793596374,353.45563356067413,471.2741780808989
10,14,3.0,1.1078947368421053,1.2201440443213296,0.11224930747922438,11.568262261390068,11.568262261390068,13.819525993154857,6.6426533318097905,1380.47753812507,1380.47753812507,124.00791400365705,749.9999999999998,368734.5356333001,2300.795896875117,True,0.08982972238148945,368.7345356333001,491.6460475110668
10,15,3.0,1.1863157894736842,1.2985650969529086,0.11224930747922438,13.263915575106981,13.263915575106981,13.354949228844319,4.82762062588939,1400.5870243822771,1400.5870243822771,122.93436755319898,750.0000000000001,384567.2844825919,2334.311707303795,True,0.08777345885195434,384.5672844825919,512.7563793101225
10,16,3.0,1.2647368421052632,1.3769861495844875,0.11224930747922438,15.075491046999543,15.075491046999543,12.934281593097577,3.580968150458398,1419.3599697003501,1419.3599697003501,122.17449837084251,750.0,400939.491528867,2365.5999495005835,True,0.0860771763181651,400.939491528867,534.585988705156
10,17,3.0,1.3431578947368419,1.4554072022160662,0.11224930747922438,17.002988677067748,17.002988677067748,12.55101539111158,2.704424916586031,1436.9521649291137,1436.9521649291137,121.67744251331565,749.9999999999999,417836.8344478765,2394.920274881856,True,0.0846774482011502,417.83683444787647,557.1157792638353
10,18,3.0,1.421578947368421,1.5338282548476454,0.11224930747922438,19.046408465311604,19.046408465311604,12.199917815709544,2.075247961398709,1453.4939101191264,1453.4939101191264,121.40210449189082,750.0,435245.08288630686,2422.489850198544,True,0.08352432964919741,435.2450828863069,580.3267771817425
10,19,3.0,1.5,1.6122493074792243,0.11224930747922438,21.205750411731103,21.205750411731103,11.87672681755833,1.615258525897657,1469.0952866929588,1469.095286692959,121.31491211139007,750.0000000000001,453150.17165780143,2448.4921444882652,True,0.08257797381167754,453.1501716578014,604.2002288770685
11,0,3.0,0.01,0.14540166204986152,0.1354016620498615,0.0009424777960769379,0.0009424777960769379,49.84782002394361,1673861383643.138,681.0446240734209,681.0446240734209,293.45395537932706,73.01775658225853,142417.68768220203,1135.0743734557016,True,0.43088799912131875,142.41768768220203,189.89025024293605
11,1,3.0,0.08842105263157896,0.22382271468144047,0.1354016620498615,0.07368557705394876,0.07368557705394876,53.72602611136751,607007.546919815,647.9874624664004,647.9874624664004,317.5642665933941,749.9999999999999,325463.7887080429,1079.9791041106673,True,0.4900777946916844,325.4637887080429,433.9517182773905
11,2,3.0,0.1668421052631579,0.3022437673130194,0.1354016620498615,0.26235083448746654,0.26235083448746654,39.11197337100609,31358.902035611605,795.7120433293497,795.7120433293497,232.7311950411842,749.9999999999999,291806.4546962701,1326.1867388822495,True,0.29248167976371253,291.8064546962701,389.07527292836016
11,3,3.0,0.24526315789473685,0.38066481994459833,0.1354016620498615,0.5669382500966303,0.5669382500966303,32.25866580610249,5194.014139040326,894.5473225560016,894.5473225560016,193.7264563031623,750.0,288306.11283266713,1490.9122042600027,True,0.21656367574789134,288.3061128326671,384.40815044355617
11,4,3.0,0.3236842105263158,0.4590858725761773,0.1354016620498615,0.9874478238814399,0.9874478238814399,28.080303779911524,1423.0501272042525,969.4415479331187,969.4415479331187,170.60103200149717,750.0,292980.095763672,1615.7359132218646,True,0.17597866768267173,292.980095763672,390.640127684896
11,5,3.0,0.40210526315789474,0.5375069252077562,0.1354016620498615,1.523879555841896,1.523879555841896,25.193742162444014,517.0530036820182,1029.856776995147,1029.856776995147,155.19488719935856,750.0000000000002,301157.0902688705,1716.4279616585782,True,0.15069560221002448,301.15709026887055,401.5427870251607
11,6,3.0,0.4805263157894737,0.6159279778393352,0.1354016620498615,2.1762334459779975,2.1762334459779975,23.046446462636005,225.13366614053004,1080.4949288920045,1080.4949288920045,144.2381452159357,750.0000000000001,311309.08935780276,1800.8248814866743,True,0.1334926628150351,311.30908935780275,415.0787858104037
11,7,3.0,0.5589473684210526,0.6943490304709141,0.1354016620498615,2.9445094942897447,2.9445094942897447,21.368650765226707,111.18759263675933,1124.0597976500305,1124.0597976500305,136.12708027469793,750.0000000000002,322814.31009399873,1873.4329960833843,True,0.12110305924941575,322.81431009399876,430.4190801253316
11,8,3.0,0.6373684210526316,0.7727700831024931,0.1354016620498615,3.8287077007771386,3.8287077007771386,20.010930706815525,60.25106631638656,1162.2583170737632,1162.2583170737632,129.9680014240258,750.0,335381.7462106517,1937.0971951229387,True,0.11182367939620201,335.3817462106517,447.1756616142023
11,9,3.0,0.7157894736842104,0.8511911357340719,0.1354016620498615,4.828828065440177,4.828828065440177,18.882952709677557,35.05816384225353,1196.2408981998285,1196.2408981998285,125.21658633010533,750.0000000000001,348859.62379230466,1993.7348303330475,True,0.10467505877665476,348.85962379230466,465.14616505640623
11,10,3.0,0.7942105263157895,0.929612188365651,0.1354016620498615,5.944870588278864,5.944870588278864,17.926468395580322,21.581797823670897,1226.8214423178372,1226.8214423178372,121.51879347128181,750.0000000000002,363160.464043215,2044.702403863062,True,0.09905173587583864,363.160464043215,484.21395205761996
11,11,3.0,0.8726315789473684,1.00803324099723,0.1354016620498615,7.1768352692931945,7.1768352692931945,17.102007658172734,13.90730405556395,1254.5978163704635,1254.5978163704635,118.63242054145356,750.0,378228.4016022004,2090.996360617439,True,0.09455812770713704,378.2284016022004,504.3045354696005
11,12,3.0,0.9510526315789474,1.0864542936288089,0.1354016620498615,8.524722108483173,8.524722108483173,16.381749602810128,9.307492468349873,1280.0225613384434,1280.0225613384434,116.38503556317139,750.0000000000001,394023.82719085,2133.3709355640726,True,0.09092420639951414,394.02382719085,525.3651029211334
11,13,3.0,1.029473684210526,1.1648753462603876,0.1354016620498615,9.988531105848793,9.988531105848793,15.745444826543023,6.4305695043897,1303.4467171086314,1303.4467171086314,114.6498732686918,749.9999999999998,410515.7989548559,2172.4111951810523,True,0.08795900266871952,410.5157989548559,547.3543986064745
11,14,3.0,1.1078947368421053,1.2432963988919667,0.1354016620498615,11.568262261390068,11.568262261390068,15.177956702317044,4.565211871445122,1325.1482089388571,1325.1482089388571,113.3312639334706,750.0000000000002,427678.17330352374,2208.5803482314286,True,0.08552346308811994,427.67817330352375,570.2375644046983
11,15,3.0,1.1863157894736842,1.3217174515235457,0.1354016620498615,13.263915575106981,13.263915575106981,14.667713006758985,3.3178174279552612,1345.350916064018,1345.350916064018,112.35542322270464,750.0,445487.6017571456,2242.2515267733634,True,0.08351384154211126,445.4876017571456,593.9834690095274
11,16,3.0,1.2647368421052632,1.4001385041551246,0.1354016620498615,15.075491046999543,15.075491046999543,14.205694615926138,2.461046436587953,1364.2378794675442,1364.2378794675442,111.66440662762989,750.0000000000001,463922.49335755507,2273.729799112574,True,0.08185112604497684,463.9224933575551,618.56332447674
11,17,3.0,1.3431578947368419,1.4785595567867034,0.1354016620498615,17.002988677067748,17.002988677067748,13.784754142129405,1.8586357164700607,1381.960692468364,1381.960692468364,111.2120103364062,750.0000000000003,482962.48503902345,2303.2678207806066,True,0.08047407639197529,482.9624850390235,643.9499800520313
11,18,3.0,1.421578947368421,1.5569806094182825,0.1354016620498615,19.046408465311604,19.046408465311604,13.399144404112324,1.4262292726013006,1398.646329817857,1398.646329817857,110.96091253049632,749.9999999999999,502588.17973832285,2331.077216363095,True,0.07933450377333529,502.5881797383229,670.1175729844305
11,19,3.0,1.5,1.6354016620498615,0.1354016620498615,21.205750411731103,21.205750411731103,13.044184401942386,1.1100981835931358,1414.4022128816966,1414.4022128816966,110.88063009838439,749.9999999999998,522781.0234893293,2357.3370214694946,True,0.07839398799615613,522.7810234893293,697.0413646524391
12,0,3.0,0.01,0.1707590027700831,0.1607590027700831,0.0009424777960769379,0.0009424777960769379,55.33760762891229,1102104187286.831,635.2626417891905,635.2626417891905,274.5533576938164,75.79238896242298,197273.41388594656,1058.7710696486508,True,0.43218873523012213,197.27341388594655,263.0312185145954
12,1,3.0,0.08842105263157896,0.24918005540166205,0.1607590027700831,0.07368557705394876,0.07368557705394876,58.541031824809394,430617.30079769006,611.5304128402038,611.5304128402038,291.7462062794618,750.0,406711.2643560242,1019.217354733673,True,0.4770755471088838,406.71126435602423,542.2816858080323
12,2,3.0,0.1668421052631579,0.327601108033241,0.1607590027700831,0.26235083448746654,0.26235083448746654,42.617246120101804,22246.32266777742,753.8304166317387,753.8304166317387,213.89774770007816,750.0000000000001,354277.9762955921,1256.3840277195645,True,0.2837478337048471,354.2779762955921,472.3706350607894
12,3,3.0,0.24526315789473685,0.40602216066481994,0.1607590027700831,0.5669382500966303,0.5669382500966303,35.14973502165223,3684.6862287101644,849.720010543679,849.720010543679,178.11841866599693,750.0000000000001,344746.17300616106,1416.2000175727983,True,0.209620129520112,344.74617300616103,459.6615640082147
12,4,3.0,0.3236842105263158,0.4844432132963989,0.1607590027700831,0.9874478238814399,0.9874478238814399,30.596902027010437,1009.5261711094562,922.7619775097013,922.7619775097013,156.91272065605736,750.0,347011.1957379172,1537.9366291828355,True,0.17004679915347692,347.0111957379172,462.68159431722296
12,5,3.0,0.40210526315789474,0.5628642659279779,0.1607590027700831,1.523879555841896,1.523879555841896,27.451642499306697,366.80263687775937,981.9280762723249,981.9280762723249,142.78986957820106,750.0000000000001,354345.15522590355,1636.5467937872083,True,0.1454178498696886,354.34515522590357,472.4602069678714
12,6,3.0,0.4805263157894737,0.6412853185595568,0.1607590027700831,2.1762334459779975,2.1762334459779975,25.11190299132287,159.71210263211077,1031.6911486974868,1031.6911486974868,132.7484872660025,750.0,364497.8714437088,1719.4852478291448,True,0.12867076298328028,364.4978714437088,485.99716192494503
12,7,3.0,0.5589473684210526,0.7197063711911358,0.1607590027700831,2.9445094942897447,2.9445094942897447,23.283740768530365,78.87760418530544,1074.6305903584173,1074.6305903584173,125.31671454598623,750.0000000000001,376528.5700871414,1791.0509839306956,True,0.11661376073818058,376.5285700871414,502.0380934495219
12,8,3.0,0.6373684210526316,0.7981274238227147,0.1607590027700831,3.8287077007771386,3.8287077007771386,21.80433983565895,42.74271659224083,1112.3789487142692,1112.3789487142692,119.67446578175176,750.0000000000001,389983.16207856545,1853.964914523782,True,0.10758425977053608,389.98316207856544,519.9775494380873
12,9,3.0,0.7157894736842104,0.8765484764542935,0.1607590027700831,4.828828065440177,4.828828065440177,20.57527078649345,24.870616454903235,1146.0390438328009,1146.0390438328009,115.32233908438849,749.9999999999998,404617.3069947827,1910.0650730546681,True,0.10062688501318914,404.6173069947827,539.4897426597103
12,10,3.0,0.7942105263157895,0.9549695290858726,0.1607590027700831,5.944870588278864,5.944870588278864,19.533064937219788,15.310345929551142,1176.3927604038843,1176.3927604038843,111.93557914982603,750.0,420286.56238037517,1960.6546006731405,True,0.09515153689945849,420.2865623803752,560.3820831738335
12,11,3.0,0.8726315789473684,1.0333905817174516,0.1607590027700831,7.1768352692931945,7.1768352692931945,18.634714812331787,9.86598233278771,1204.015572076266,1204.015572076266,109.29207228519518,750.0000000000003,436897.6241752489,2006.6926201271099,True,0.09077297239331078,436.8976241752489,582.5301655669986
12,12,3.0,0.9510526315789474,1.1118116343490305,0.1607590027700831,8.524722108483173,8.524722108483173,17.84990616756703,6.602829411682915,1229.343863643758,1229.343863643758,107.23373029733654,749.9999999999998,454384.87792466965,2048.9064394062634,True,0.08722842604793851,454.38487792466964,605.8465038995595
12,13,3.0,1.029473684210526,1.1902326869806092,0.1607590027700831,9.988531105848793,9.988531105848793,17.156574818613066,4.561911127174213,1252.7167195113643,1252.7167195113643,105.64436564348625,750.0,472698.44644219073,2087.8611991856073,True,0.0843322069531362,472.69844644219074,630.2645952562543
12,14,3.0,1.1078947368421053,1.2686537396121884,0.1607590027700831,11.568262261390068,11.568262261390068,16.538227571570246,3.2386075323556995,1274.4030294366262,1274.4030294366262,104.43631690577693,749.9999999999999,491797.8322786778,2124.005049061044,True,0.08194920640760323,491.7978322786778,655.730443038237
12,15,3.0,1.1863157894736842,1.3470747922437674,0.1607590027700831,13.263915575106981,13.263915575106981,15.982255083336048,2.3536932820941643,1294.6197213003072,1294.6197213003072,103.5419954497936,750.0,511648.42798335676,2157.699535500512,True,0.07997869470565204,511.6484279833568,682.197903977809
12,16,3.0,1.2647368421052632,1.4254958448753463,0.1607590027700831,15.075491046999543,15.075491046999543,15.478829922775544,1.7458912645138345,1313.54440613368,1313.54440613368,102.90833707592729,749.9999999999999,532219.5541069158,2189.2406768894666,True,0.07834401075090434,532.2195541069158,709.6260721425544
12,17,3.0,1.3431578947368419,1.503916897506925,0.1607590027700831,17.002988677067748,17.002988677067748,15.020164142771556,1.3185349992003395,1331.3243796180468,1331.3243796180468,102.49304044868518,750.0,553483.3339633275,2218.873966030078,True,0.07698577598202637,553.4833339633275,737.9777786177699
12,18,3.0,1.421578947368421,1.5823379501385042,0.1607590027700831,19.046408465311604,19.046408465311604,14.599995491205537,1.0117814890485268,1348.0831759109017,1348.0831759109017,102.2619441985304,750.0000000000002,575414.035380454,2246.805293184836,True,0.07585729577066479,575.414035380454,767.2187138406053
12,19,3.0,1.5,1.6607590027700831,0.1607590027700831,21.205750411731103,21.205750411731103,14.213223450025886,0.7875148931260996,1363.9254341346016,1363.9254341346016,102.1871525305723,749.9999999999999,597987.6760057505,2273.2090568910025,True,0.07492136298155415,597.9876760057506,797.3169013410007
13,0,3.0,0.01,0.19832132963988916,0.18832132963988915,0.0009424777960769379,0.0009424777960769379,60.894254435915215,751620992072.068,595.2991635581886,595.2991635581886,258.1017140576208,78.34535693557112,267182.95212062175,992.1652725969811,True,0.43356639796856056,267.18295212062174,356.243936160829
13,1,3.0,0.08842105263157896,0.2767423822714681,0.18832132963988915,0.07368557705394876,0.07368557705394876,63.361066257791286,313792.86013063317,579.2690958471507,579.2690958471507,269.8827811806908,749.9999999999999,503270.5182773356,965.4484930785844,True,0.46590226047878736,503.2705182773356,671.0273577031141
13,2,3.0,0.1668421052631579,0.355163434903047,0.18832132963988915,0.26235083448746654,0.26235083448746654,46.12617972333051,16211.000357810664,716.475448243949,716.475448243949,197.95533376216594,750.0,426638.846341601,1194.1257470732485,True,0.2762904636123207,426.638846341601,568.8517951221346
13,3,3.0,0.24526315789473685,0.433584487534626,0.18832132963988915,0.5669382500966303,0.5669382500966303,38.04382362640335,2685.0482510783536,809.516417257889,809.516417257889,164.91104392596827,750.0000000000002,409087.10009615147,1349.1940287631483,True,0.2037155027498748,409.08710009615146,545.4494667948686
13,4,3.0,0.3236842105263158,0.5120055401662049,0.18832132963988915,0.9874478238814399,0.9874478238814399,33.11612857146405,735.646487083416,880.7167231208609,880.716723120861,145.3335482474934,750.0,407937.94012214144,1467.861205201435,True,0.16501735964828415,407.93794012214147,543.9172534961886
13,5,3.0,0.40210526315789474,0.5904265927977839,0.18832132963988915,1.523879555841896,1.523879555841896,29.71190095331794,267.29081324906167,938.6046311783231,938.6046311783232,132.29926183391893,749.9999999999999,413845.81883461407,1564.3410519638721,True,0.14095313131774195,413.8458188346141,551.7944251128188
13,6,3.0,0.4805263157894737,0.6688476454293628,0.18832132963988915,2.1762334459779975,2.1762334459779975,27.179516651739778,116.38296322411992,987.4435970951799,987.4435970951799,123.03439391261603,749.9999999999999,423638.0683070822,1645.7393284919667,True,0.12459890800300233,423.6380683070822,564.8507577427763
13,7,3.0,0.5589473684210526,0.7472686980609418,0.18832132963988915,2.9445094942897447,2.9445094942897447,25.200830863026763,57.47848256841748,1029.6982259518218,1029.6982259518218,116.17887702627469,750.0000000000002,435964.99516703037,1716.163709919703,True,0.1128280831200641,435.9649951670304,581.2866602227072
13,8,3.0,0.6373684210526316,0.8256897506925207,0.18832132963988915,3.8287077007771386,3.8287077007771386,23.599621974020145,31.14681937856846,1066.9318125408959,1066.9318125408959,110.97503656030422,749.9999999999999,450162.8121876172,1778.2196875681598,True,0.10401324176098696,450.1628121876172,600.217082916823
13,9,3.0,0.7157894736842104,0.9041108033240995,0.18832132963988915,4.828828065440177,4.828828065440177,22.269356294853008,18.123335630359634,1100.2024952809468,1100.2024952809468,106.96156670441152,749.9999999999999,465867.91234760877,1833.6708254682446,True,0.09721989103205761,465.86791234760875,621.1572164634783
13,10,3.0,0.7942105263157895,0.9825318559556786,0.18832132963988915,5.944870588278864,5.944870588278864,21.141339384120986,11.156721362387549,1130.2618545755497,1130.2618545755497,103.83855418812014,750.0000000000003,482862.4267796544,1883.7697576259163,True,0.09187123653493103,482.8624267796544,643.8165690395392
13,11,3.0,0.8726315789473684,1.0609529085872575,0.18832132963988915,7.1768352692931945,7.1768352692931945,20.169022702787714,7.189387905383397,1157.6640005651211,1157.6640005651211,101.40092891667322,750.0000000000001,501004.86972587614,1929.4400009418687,True,0.08759098397045577,501.0048697258761,668.0064929678349
13,12,3.0,0.9510526315789474,1.1393739612188365,0.18832132963988915,8.524722108483173,8.524722108483173,19.31959605295622,4.811512965708885,1182.8297852218393,1182.8297852218393,99.50277461354347,750.0,520196.28866928275,1971.3829753697323,True,0.08412264880096992,520.1962886692827,693.5950515590437
13,13,3.0,1.029473684210526,1.2177950138504152,0.18832132963988915,9.988531105848793,9.988531105848793,18.56917857362066,3.324286176161543,1206.086710768268,1206.086710768268,98.03688143736447,750.0,540362.6801652914,2010.1445179471134,True,0.0812851021092138,540.3626801652914,720.4835735537218
13,14,3.0,1.1078947368421053,1.2962160664819944,0.18832132963988915,11.568262261390068,11.568262261390068,17.899919087258155,2.3599885990088403,1227.6948470920522,1227.6948470920522,96.92238600315265,749.9999999999999,561445.4062779119,2046.1580784867538,True,0.07894664234579575,561.4454062779118,748.5938750372158
13,15,3.0,1.1863157894736842,1.3746371191135733,0.18832132963988915,13.263915575106981,13.263915575106981,17.298170047884597,1.715147406967695,1247.864285191909,1247.864285191909,96.09695977397189,750.0,583395.7681788926,2079.7738086531817,True,0.07700914347363756,583.3957681788926,777.8610242385234
13,16,3.0,1.2647368421052632,1.4530581717451523,0.18832132963988915,15.075491046999543,15.075491046999543,16.753294872988977,1.2722392071893804,1266.7672550025043,1266.7672550025043,95.51168238564763,750.0000000000002,606171.8338563686,2111.278758337507,True,0.07539797228612356,606.1718338563686,808.2291118084914
13,17,3.0,1.3431578947368419,1.531479224376731,0.18832132963988915,17.002988677067748,17.002988677067748,16.25686438703539,0.9608226790121493,1284.546760674407,1284.546760674407,95.12756639578697,749.9999999999999,629736.5293167768,2140.9112677906787,True,0.07405535501552588,629.7365293167768,839.6487057557024
13,18,3.0,1.421578947368421,1.6099002770083102,0.18832132963988915,19.046408465311604,19.046408465311604,15.80210072911095,0.737289947913471,1301.3228741158127,1301.3228741158127,94.9131344311447,750.0000000000001,654056.4566831299,2168.871456859688,True,0.07293588418295781,654.0564566831299,872.0752755775065
13,19,3.0,1.5,1.6883213296398891,0.18832132963988915,21.205750411731103,21.205750411731103,15.383483424906563,0.5738658206526813,1317.1974127532437,1317.1974127532437,94.84268810225977,750.0,679101.1392381231,2195.329021255406,True,0.07200339689706561,679.1011392381231,905.4681856508308
14,0,3.0,0.01,0.22808864265927978,0.21808864265927977,0.0009424777960769379,0.0009424777960769379,66.50582585557667,528281506776.8103,560.1564366426365,560.1564366426365,243.642188847752,80.69497147239365,354760.0990212631,933.594061071061,True,0.43495383237591645,354.76009902126304,473.0134653616841
14,1,3.0,0.08842105263157896,0.3065096952908587,0.21808864265927977,0.07368557705394876,0.07368557705394876,68.18506297094666,233978.51606681055,550.5063702274264,550.5063702274264,251.15016696302666,750.0,617227.1152132382,917.5106170457107,True,0.45621664079794566,617.2271152132382,822.9694869509842
14,2,3.0,0.1668421052631579,0.38493074792243764,0.21808864265927977,0.26235083448746654,0.26235083448746654,49.63799782421986,12087.674034712003,682.9396279567289,682.9396279567289,184.30144793364528,750.0000000000003,510105.128459295,1138.232713261215,True,0.26986491981004596,510.10512845929503,680.14017127906
14,3,3.0,0.24526315789473685,0.4633518005540166,0.21808864265927977,0.5669382500966303,0.5669382500966303,40.940291299200204,2002.09655851812,773.2461333803859,773.2461333803859,153.6037885890513,749.9999999999999,482222.4363714219,1288.7435556339765,True,0.1986479879537767,482.2224363714219,642.9632484952292
14,4,3.0,0.3236842105263158,0.5417728531855955,0.21808864265927977,0.9874478238814399,0.9874478238814399,35.6374260308724,548.5321537458925,842.6392270483963,842.6392270483963,135.42353353834403,749.9999999999999,476486.85280912893,1404.398711747327,True,0.16071354049431893,476.48685280912895,635.3158037455053
14,5,3.0,0.40210526315789474,0.6201939058171745,0.21808864265927977,1.523879555841896,1.523879555841896,31.974017439130378,199.30443228144395,899.2450224592174,899.2450224592174,123.3234964283223,749.9999999999999,480284.6657521521,1498.7417040986957,True,0.13714114990713255,480.2846657521521,640.3795543362028
14,6,3.0,0.4805263157894737,0.6986149584487534,0.21808864265927977,2.1762334459779975,2.1762334459779975,29.248829981469644,86.78053738794854,947.135450271391,947.135450271391,114.72508252693837,750.0000000000001,489288.552200604,1578.5590837856519,True,0.12112848536507126,489.288552200604,652.384736267472
14,7,3.0,0.5589473684210526,0.7770360110803324,0.21808864265927977,2.9445094942897447,2.9445094942897447,27.1194968898485,42.858623524867994,988.6692853766349,988.6692853766349,108.36412198803752,749.9999999999999,501635.72264047334,1647.7821422943916,True,0.10960603671100803,501.6357226404733,668.8476301872978
14,8,3.0,0.6373684210526316,0.8554570637119113,0.21808864265927977,3.8287077007771386,3.8287077007771386,25.396379913212552,23.22451369787231,1025.3455046774488,1025.3455046774488,103.53648817875589,750.0,516398.7300539163,1708.9091744624147,True,0.10097717082333744,516.3987300539163,688.5316400718884
14,9,3.0,0.7157894736842104,0.9338781163434902,0.21808864265927977,4.828828065440177,4.828828065440177,23.964834415965704,13.513599943628325,1058.180459067709,1058.180459067709,99.81356800888797,750.0000000000001,533063.8257529862,1763.634098446182,True,0.09432565792873072,533.0638257529862,710.7517676706483
14,10,3.0,0.7942105263157895,1.0122991689750693,0.21808864265927977,5.944870588278864,5.944870588278864,22.750935903310893,8.31896910419054,1087.8971979538217,1087.8971979538217,96.91677120309427,750.0,551320.7042352662,1813.1619965897028,True,0.08908633222457121,551.3207042352662,735.0942723136883
14,11,3.0,0.8726315789473684,1.0907202216066483,0.21808864265927977,7.1768352692931945,7.1768352692931945,21.704591861771686,5.360741199879404,1115.0295880171357,1115.0295880171357,94.65565987429974,750.0,570967.3142680707,1858.3826466952262,True,0.08489071580838184,570.9673142680707,761.2897523574277
14,12,3.0,0.9510526315789474,1.1691412742382272,0.21808864265927977,8.524722108483173,8.524722108483173,20.790494088032936,3.587687314759521,1139.983670082178,1139.983670082178,92.89476949197568,750.0000000000001,591862.9297641253,1899.9727834702967,True,0.08148780717646524,591.8629297641253,789.1505730188337
14,13,3.0,1.029473684210526,1.247562326869806,0.21808864265927977,9.988531105848793,9.988531105848793,19.98294355100733,2.478742015213101,1163.0758341673368,1163.0758341673368,91.53460045222778,750.0,613903.4633733595,1938.4597236122281,True,0.0787004576685739,613.9034633733595,818.5379511644794
14,14,3.0,1.1078947368421053,1.3259833795013851,0.21808864265927977,11.568262261390068,11.568262261390068,19.262729973226524,1.7597169996181583,1184.5576367474025,1184.5576367474025,90.50012850785772,750.0000000000001,637007.801732906,1974.2627279123376,True,0.0763999367361777,637.007801732906,849.3437356438747
14,15,3.0,1.1863157894736842,1.404404432132964,0.21808864265927977,13.263915575106981,13.263915575106981,18.615166752376403,1.2788934870955089,1204.6325297971568,1204.6325297971568,89.7335438057382,749.9999999999999,661109.9208221377,2007.7208829952615,True,0.0744903873887982,661.1099208221377,881.479894429517
14,16,3.0,1.2647368421052632,1.482825484764543,0.21808864265927977,15.075491046999543,15.075491046999543,18.0288074894119,0.9486405830147399,1223.4674866445127,1223.4674866445127,89.18948609301334,749.9999999999999,686154.1722451786,2039.1124777408547,True,0.07289894260911241,686.1541722451786,914.8722296602382
14,17,3.0,1.3431578947368419,1.5612465373961217,0.21808864265927977,17.002988677067748,17.002988677067748,17.49458125326045,0.7164339703108912,1241.2012941917767,1241.2012941917767,88.8318152291984,750.0000000000002,712092.3733373072,2068.6688236529612,True,0.07156922543095019,712.0923733373072,949.4564977830763
14,18,3.0,1.421578947368421,1.639667590027701,0.21808864265927977,19.046408465311604,19.046408465311604,17.005194150361703,0.5497575943950831,1257.950601716173,1257.950601716173,88.63136007261964,750.0000000000005,738881.9544206725,2096.5843361936218,True,0.07045694795304627,738.8819544206725,985.1759392275633
14,19,3.0,1.5,1.7180886426592799,0.21808864265927977,21.205750411731103,21.205750411731103,16.55470540492658,0.4279009824566389,1273.8144205159979,1273.8144205159979,88.5643104435325,750.0000000000002,766484.7413987754,2123.02403419333,True,0.06952685494615204,766.4847413987753,1021.9796551983671
15,0,3.0,0.01,0.2600609418282549,0.2500609418282549,0.0009424777960769379,0.0009424777960769379,72.1608094175574,381152337206.996,529.0504797141385,529.0504797141385,230.82558515754272,82.8546848416347,462822.3788114694,881.7507995235643,True,0.4363016271760391,462.82237881146943,617.0965050819592
15,1,3.0,0.08842105263157896,0.33848199445983385,0.2500609418282549,0.07368557705394876,0.07368557705394876,73.01223659220814,177971.4571271781,524.6917764943773,524.6917764943773,234.93933748604908,750.0000000000001,750838.4015363045,874.4862941572956,True,0.44776638020848936,750.8384015363046,1001.1178687150726
15,2,3.0,0.1668421052631579,0.4169030470914128,0.2500609418282549,0.26235083448746654,0.26235083448746654,53.15212868029027,9194.267052372368,652.6555894207696,652.6555894207696,172.49064246525631,750.0,605997.0425831164,1087.7593157012827,True,0.26429045466130363,605.9970425831165,807.9960567774885
15,3,3.0,0.24526315789473685,0.49532409972299174,0.2500609418282549,0.5669382500966303,0.5669382500966303,43.83866647985329,1522.8579436200707,740.3494248592943,740.3494248592943,143.82656068610055,749.9999999999999,565124.7487866601,1233.9157080988239,True,0.19426848438956407,565.1247487866601,753.4996650488802
15,4,3.0,0.3236842105263158,0.5737451523545707,0.2500609418282549,0.9874478238814399,0.9874478238814399,38.160383924732294,417.23089933346876,807.9844395799561,807.9844395799561,126.8573416588157,749.9999999999999,553450.2958570392,1346.64073263326,True,0.15700468405649565,553.4502958570391,737.9337278093856
15,5,3.0,0.40210526315789474,0.6521662049861496,0.2500609418282549,1.523879555841896,1.523879555841896,34.237623672268114,151.59725269351372,863.3210177043394,863.3210177043394,115.5671045680601,749.9999999999995,554344.9703307038,1438.8683628405656,True,0.13386342067214474,554.3449703307037,739.126627107605
15,6,3.0,0.4805263157894737,0.7305872576177286,0.2500609418282549,2.1762334459779975,2.1762334459779975,31.31950608540566,66.00802051758781,910.2556309244103,910.2556309244103,107.5463565076326,750.0,562060.3359744345,1517.0927182073506,True,0.11814961957270605,562.0603359744345,749.413781299246
15,7,3.0,0.5589473684210526,0.8090083102493075,0.2500609418282549,2.9445094942897447,2.9445094942897447,29.039426480062996,32.59962413390089,951.0494547859121,951.0494547859121,101.61402107357729,750.0000000000001,574100.9994023716,1585.0824246431869,True,0.10684409791965163,574.1009994023716,765.4679992031621
15,8,3.0,0.6373684210526316,0.8874293628808865,0.2500609418282549,3.8287077007771386,3.8287077007771386,27.19432113158219,17.665299418773213,987.1417825197934,987.1417825197934,97.11237944395603,750.0,589213.9933805122,1645.2363041996557,True,0.09837733663351324,589.2139933805122,785.618657840683
15,9,3.0,0.7157894736842104,0.9658504155124653,0.2500609418282549,4.828828065440177,4.828828065440177,25.661429117065275,10.27887138285188,1019.5099610618882,1019.5099610618884,93.64115798298985,750.0000000000001,606700.0661380508,1699.1832684364806,True,0.09184918397997434,606.7000661380507,808.933421517401
15,10,3.0,0.7942105263157895,1.0442714681440444,0.2500609418282549,5.944870588278864,5.944870588278864,24.361592444000273,6.327670925334075,1048.8502602390656,1048.8502602390656,90.94025398670924,750.0000000000001,626134.7291290156,1748.0837670651094,True,0.08670470650975586,626.1347291290156,834.8463055053542
15,11,3.0,0.8726315789473684,1.1226925207756233,0.2500609418282549,7.1768352692931945,7.1768352692931945,23.241172290538508,4.077549249657663,1075.6774434758163,1075.6774434758163,88.83191856132153,749.9999999999999,647241.2200370718,1792.7957391263606,True,0.08258230113506947,647.2412200370718,862.9882933827624
15,12,3.0,0.9510526315789474,1.2011135734072023,0.2500609418282549,8.524722108483173,8.524722108483173,22.262360802851504,2.728908405172237,1100.3835015753734,1100.3835015753734,87.18975249202293,749.9999999999999,669827.4197642482,1833.9725026256224,True,0.07923578676633826,669.8274197642481,893.1032263523309
15,13,3.0,1.029473684210526,1.279534626038781,0.2500609418282549,9.988531105848793,9.988531105848793,21.397639582390056,1.8854095483017295,1123.2742296199615,1123.2742296199615,85.92094466008571,750.0000000000001,693752.3759319911,1872.1237160332691,True,0.07649151239689299,693.7523759319912,925.0031679093215
15,14,3.0,1.1078947368421053,1.3579556786703602,0.2500609418282549,11.568262261390068,11.568262261390068,20.626438356686716,1.3384963876943499,1144.5930263828643,1144.5930263828643,84.95553679422135,750.0,718907.5755687952,1907.6550439714406,True,0.07422335698016377,718.9075755687952,958.5434340917269
15,15,3.0,1.1863157894736842,1.436376731301939,0.2500609418282549,13.263915575106981,13.263915575106981,19.933030782812857,0.9727668216506454,1164.5369509032544,1164.5369509032544,84.23963979448219,750.0000000000005,745206.0038782425,1940.8949181720907,True,0.07233745544024435,745.2060038782424,993.6080051709899
15,16,3.0,1.2647368421052632,1.514797783933518,0.2500609418282549,15.075491046999543,15.075491046999543,19.305160111873693,0.7215660210482786,1183.2678901385977,1183.2678901385975,83.7309826649227,750.0000000000002,772575.5094340575,1972.1131502309959,True,0.07076249035635979,772.5755094340575,1030.10067924541
15,17,3.0,1.3431578947368419,1.5932188365650968,0.2500609418282549,17.002988677067748,17.002988677067748,18.73311323462325,0.5449423296420562,1200.9205306515355,1200.9205306515355,83.3958961238226,750.0000000000001,800954.6439475917,2001.5342177525592,True,0.06944330952405137,800.9546439475916,1067.9395252634556
15,18,3.0,1.421578947368421,1.671639889196676,0.2500609418282549,19.046408465311604,19.046408465311604,18.20907988501347,0.41816300823656705,1217.6081780201873,1217.6081780201873,83.20721042867879,749.9999999999999,830289.9701804442,2029.346963366979,True,0.06833660608618157,830.2899701804442,1107.0532935739257
15,19,3.0,1.5,1.750060941828255,0.2500609418282549,21.205750411731103,21.205750411731103,17.72669870898008,0.32547501639942905,1233.4270890272585,1233.4270890272585,83.14275406852848,750.0,860534.2652267969,2055.7118150454307,True,0.06740791961533693,860.5342652267968,1147.3790203023957
16,0,3.0,0.01,0.2942382271468144,0.2842382271468144,0.0009424777960769379,0.0009424777960769379,77.84785229727427,281395811572.42554,501.3581452436381,501.3581452436381,219.38038317185223,84.83419159690867,594382.2889303463,835.5969087393969,True,0.437572193157933,594.3822889303462,792.509718573795
16,1,3.0,0.08842105263157896,0.37265927977839336,0.2842382271468144,0.07368557705394876,0.07368557705394876,77.84199610016472,137745.4017164361,501.38502815025436,501.38502815025436,220.7906305597363,750.0000000000003,906542.6450804452,835.6417135837573,True,0.44036143515153003,906.5426450804453,1208.723526773927
16,2,3.0,0.1668421052631579,0.4510803324099723,0.2842382271468144,0.26235083448746654,0.26235083448746654,56.66814203426495,7116.129906787301,625.163287905139,625.1632879051389,162.18668136713842,749.9999999999999,715744.5486415873,1041.9388131752314,True,0.25943091109941874,715.7445486415872,954.3260648554497
16,3,3.0,0.24526315789473685,0.5295013850415513,0.2842382271468144,0.5669382500966303,0.5669382500966303,46.73859430194941,1178.6534907735995,710.368022069092,710.368022069092,135.29997917797004,749.9999999999998,658849.8122642924,1183.9467034484867,True,0.19046462534149722,658.8498122642924,878.4664163523898
16,4,3.0,0.3236842105263158,0.6079224376731303,0.2842382271468144,0.9874478238814399,0.9874478238814399,40.68469335134448,322.9261521196031,776.3026987950066,776.3026987950067,119.38935902110278,750.0000000000002,639689.859778544,1293.8378313250112,True,0.15379227613973448,639.689859778544,852.9198130380587
16,5,3.0,0.40210526315789474,0.6863434903047092,0.2842382271468144,1.523879555841896,1.523879555841896,36.5024425050968,117.33243525928988,830.394060464774,830.394060464774,108.80700532744534,750.0,636770.554210348,1383.9901007746234,True,0.1310305679047677,636.7705542103481,849.0274056137974
16,6,3.0,0.4805263157894737,0.7647645429362881,0.2842382271468144,2.1762334459779975,2.1762334459779975,33.391291437569976,51.08853660845482,876.3775121290829,876.3775121290829,101.2911842311359,750.0000000000001,642619.0362282323,1460.6291868818048,True,0.11557939681160666,642.6190362282323,856.8253816376431
16,7,3.0,0.5589473684210526,0.8431855955678671,0.2842382271468144,2.9445094942897447,2.9445094942897447,30.96038456454192,25.23128368230496,916.4241264059698,916.4241264059698,95.73343989655561,749.9999999999998,653971.3346850713,1527.3735440099497,True,0.10446411998339984,653.9713346850713,871.961779580095
16,8,3.0,0.6373684210526316,0.921606648199446,0.2842382271468144,3.8287077007771386,3.8287077007771386,28.993225495809003,13.672494478376938,951.917805732808,951.917805732808,91.5166208964188,750.0000000000001,669178.622426769,1586.5296762213468,True,0.0961392048192304,669.178622426769,892.238163235692
16,9,3.0,0.7157894736842104,1.0000277008310248,0.2842382271468144,4.828828065440177,4.828828065440177,27.35893267332705,7.955586197233505,983.7995179293322,983.7995179293321,88.26523191538178,750.0,687315.9693168591,1639.6658632155536,True,0.08971871840429384,687.3159693168592,916.4212924224788
16,10,3.0,0.7942105263157895,1.078448753462604,0.2842382271468144,5.944870588278864,5.944870588278864,25.973111803317234,4.897457084462177,1012.7404366014513,1012.7404366014514,85.7353380372767,750.0000000000001,707820.0223311371,1687.9007276690857,True,0.08465677377807375,707.8200223311371,943.7600297748495
16,11,3.0,0.8726315789473684,1.1568698060941829,0.2842382271468144,7.1768352692931945,7.1768352692931945,24.778575855823412,3.1559198788336227,1039.2373408958529,1039.2373408958529,83.76028926552274,750.0000000000001,730323.2727926822,1732.0622348264214,True,0.08059784417803822,730.3232727926821,973.7643637235763
16,12,3.0,0.9510526315789474,1.2352908587257618,0.2842382271468144,8.524722108483173,8.524722108483173,23.73501598745664,2.112106011747687,1063.668936092285,1063.668936092285,82.22161698556194,750.0000000000001,754571.3191252397,1772.7815601538086,True,0.07730000773325987,754.5713191252397,1006.0950921669863
16,13,3.0,1.029473684210526,1.3137119113573406,0.2842382271468144,9.988531105848793,9.988531105848793,22.813093457582056,1.4592592532702608,1086.3309557639595,1086.3309557639595,81.03236213439217,750.0,780378.6790548861,1810.5515929399326,True,0.07459270280796368,780.3786790548861,1040.5049054065148
16,14,3.0,1.1078947368421053,1.3921329639889197,0.2842382271468144,11.568262261390068,11.568262261390068,21.990877270192346,1.0359623143794616,1107.4590191737439,1107.4590191737439,80.12699934565448,750.0000000000002,807603.882985264,1845.76503195624,True,0.07235211232054063,807.6038829852639,1076.8051773136854
16,15,3.0,1.1863157894736842,1.4705540166204987,0.2842382271468144,13.263915575106981,13.263915575106981,21.251600784761752,0.7528968902521105,1127.2440637034706,1127.2440637034706,79.45507057244453,749.9999999999998,836134.795565704,1878.740106172451,True,0.07048612907430288,836.134795565704,1114.8463940876054
16,16,3.0,1.2647368421052632,1.5489750692520776,0.2842382271468144,15.075491046999543,15.075491046999543,20.582196468446508,0.5584738307963617,1145.8430860479675,1145.8430860479675,78.97700836730976,749.9999999999999,865879.6281592118,1909.7384767466126,True,0.06892480246985896,865.8796281592118,1154.5061708789492
16,17,3.0,1.3431578947368419,1.6273961218836563,0.2842382271468144,17.002988677067748,17.002988677067748,19.972308689816366,0.42177156562355655,1163.3868147623164,1163.3868147623164,78.66130587636813,750.0000000000001,896761.2450869752,1938.9780246038606,True,0.06761405998265409,896.7612450869751,1195.681660115967
16,18,3.0,1.421578947368421,1.7058171745152355,0.2842382271468144,19.046408465311604,19.046408465311604,19.413610533718053,0.3236475808103227,1179.985315023906,1179.985315023906,78.48254495365977,750.0000000000001,928713.4408978038,1966.64219170651,True,0.06651145904478459,928.7134408978037,1238.2845878637384
16,19,3.0,1.5,1.7842382271468145,0.2842382271468144,21.205750411731103,21.205750411731103,18.89931984251094,0.251909421916828,1195.732163717926,1195.7321637179261,78.41998823248652,750.0000000000002,961678.4317771245,1992.886939529877,True,0.06558323896603474,961.6784317771245,1282.237909036166
17,0,3.0,0.01,0.3306204986149584,0.3206204986149584,0.0009424777960769379,0.0009424777960769379,83.5555827168178,212032425696.9408,476.5787227841423,476.5787227841423,209.09224274570008,86.6402705520955,752636.3931200105,794.2978713069039,True,0.4387360004747938,752.6363931200106,1003.5151908266806
17,1,3.0,0.08842105263157896,0.40904155124653735,0.3206204986149584,0.07368557705394876,0.07368557705394876,82.67388829815862,108257.87822731452,480.22981196319404,480.22981196319404,208.35075902960125,750.0,1086970.032857528,800.3830199386567,True,0.43385636176533277,1086.970032857528,1449.2933771433707
17,2,3.0,0.1668421052631579,0.4874626038781163,0.3206204986149584,0.26235083448746654,0.26235083448746654,60.1857079638159,5592.761103449638,600.0858799725534,600.0858799725534,153.13110757580446,750.0000000000002,840893.9425173915,1000.143133287589,True,0.2551819875895236,840.8939425173916,1121.191923356522
17,3,3.0,0.24526315789473685,0.5658836565096952,0.3206204986149584,0.5669382500966303,0.5669382500966303,49.63980265305842,926.3360118477334,682.9232782055632,682.9232782055632,127.80926660341855,750.0000000000002,764541.4845936649,1138.2054636759387,True,0.18715025637908825,764.5414845936649,1019.3886461248865
17,4,3.0,0.3236842105263158,0.6443047091412741,0.3206204986149584,0.9874478238814399,0.9874478238814399,43.210117444133374,253.79649423468067,747.2199237268811,747.2199237268811,112.83075004310889,750.0,736140.2766993425,1245.366539544802,True,0.15100072476700988,736.1402766993425,981.5203689324567
17,5,3.0,0.40210526315789474,0.7227257617728531,0.3206204986149584,1.523879555841896,1.523879555841896,38.76826142013519,92.21476964119105,800.0972267904172,800.0972267904172,102.8716743179863,749.9999999999997,728369.0643863482,1333.4953779840287,True,0.12857396685482225,728.3690643863482,971.158752515131
17,6,3.0,0.4805263157894737,0.801146814404432,0.3206204986149584,2.1762334459779975,2.1762334459779975,35.46399163362511,40.15187807398048,845.1423993268397,845.1423993268397,95.80037228384865,750.0000000000001,731687.690057869,1408.570665544733,True,0.11335411921133544,731.687690057869,975.5835867438253
17,7,3.0,0.5589473684210526,0.879567867036011,0.3206204986149584,2.9445094942897447,2.9445094942897447,32.882190891705,19.82995586321538,884.4432069477463,884.4432069477463,90.57232672382095,749.9999999999998,741909.9609584408,1474.072011579577,True,0.10240604033399744,741.9099609584408,989.213281277921
17,8,3.0,0.6373684210526316,0.9579889196675899,0.3206204986149584,3.8287077007771386,3.8287077007771386,30.79292420712687,10.745587321679322,919.3321059274507,919.3321059274507,86.60611156211039,750.0,756911.7550582521,1532.2201765457512,True,0.09420546829998878,756.9117550582521,1009.2156734110029
17,9,3.0,0.7157894736842104,1.0364099722991689,0.3206204986149584,4.828828065440177,4.828828065440177,29.05718580084944,6.252512759300629,950.71613057871,950.7161305787101,83.54805706133185,750.0,775497.1266587202,1584.5268842978503,True,0.08787907806978655,775.4971266587202,1033.9961688782937
17,10,3.0,0.7942105263157895,1.1148310249307478,0.3206204986149584,5.944870588278864,5.944870588278864,27.585342765619163,3.849045456810643,979.2429496261482,979.2429496261482,81.16847231083989,750.0,796936.0300709615,1632.071582710247,True,0.08288900353260455,796.9360300709615,1062.5813734279486
17,11,3.0,0.8726315789473684,1.1932520775623268,0.3206204986149584,7.1768352692931945,7.1768352692931945,26.3166582965806,2.480323739889785,1005.3924321803198,1005.3924321803198,79.3104872901422,749.9999999999999,820752.1488647211,1675.6540536338664,True,0.07888510471294025,820.7521488647211,1094.3361984862947
17,12,3.0,0.9510526315789474,1.2716731301939057,0.3206204986149584,8.524722108483173,8.524722108483173,25.20832145641557,1.6599618758502377,1029.5307442217154,1029.5307442217154,77.86262257127204,750.0000000000002,846616.5473531522,1715.8845737028591,True,0.07562923497746842,846.6165473531522,1128.8220631375364
17,13,3.0,1.029473684210526,1.3500941828254844,0.3206204986149584,9.988531105848793,9.988531105848793,24.229172358590137,1.1468717545129035,1051.9440880289976,1051.9440880289976,76.7430770398139,750.0000000000002,874290.6000845521,1753.2401467149962,True,0.07295357035905355,874.2906000845521,1165.720800112736
17,14,3.0,1.1078947368421053,1.4285152354570636,0.3206204986149584,11.568262261390068,11.568262261390068,23.355918682698707,0.8141911140457083,1072.8606869099951,1072.8606869099951,75.89023275723993,750.0000000000001,903593.6440900441,1788.101144849992,True,0.07073633481325105,903.5936440900441,1204.791525453392
17,15,3.0,1.1863157894736842,1.5069362880886426,0.3206204986149584,13.263915575106981,13.263915575106981,22.570753031251407,0.5917222560389187,1092.465638018021,1092.465638018021,75.25665616280472,749.9999999999999,934383.7945276237,1820.7760633633686,True,0.06888697780859931,934.3837945276236,1245.845059370165
17,16,3.0,1.2647368421052632,1.5853573407202215,0.3206204986149584,15.075491046999543,15.075491046999543,21.85979672943537,0.4389198565913378,1110.9112565702255,1110.9112565702255,74.8051630595104,750.0000000000001,966546.1171425605,1851.518760950376,True,0.0673367585548285,966.5461171425605,1288.7281561900807
17,17,3.0,1.3431578947368419,1.6637783933518002,0.3206204986149584,17.002988677067748,17.002988677067748,21.212051339915817,0.3314818079010366,1128.3244692873695,1128.3244692873695,74.50615284596692,750.0,999985.0814877108,1880.540782145616,True,0.06603255967055624,999.9850814877108,1333.3134419836144
17,18,3.0,1.421578947368421,1.7421994459833794,0.3206204986149584,19.046408465311604,19.046408465311604,20.61867307029612,0.2543634847721244,1144.8122184255822,1144.8122184255822,74.33575145735668,750.0,1034619.5918608668,1908.020364042637,True,0.06493270272707946,1034.6195918608666,1379.4927891478224
17,19,3.0,1.5,1.8206204986149583,0.3206204986149584,21.205750411731103,21.205750411731103,20.07245877354391,0.19798250382488888,1160.465489617076,1160.465489617076,74.27448574446578,750.0000000000001,1070379.6174898597,1934.1091493617932,True,0.06400404528097985,1070.3796174898596,1427.172823319813
18,0,3.0,0.01,0.369207756232687,0.35920775623268697,0.0009424777960769379,0.0009424777960769379,89.27249547752653,162717203278.7196,454.30576982102264,454.30576982102264,199.7896668379986,88.27745103457141,940952.2055262921,757.1762830350377,True,0.4397691601335095,940.9522055262921,1254.602940701723
18,1,3.0,0.08842105263157896,0.4476288088642659,0.35920775623268697,0.07368557705394876,0.07368557705394876,87.5075599055969,86248.32510177534,460.9346877157807,460.9346877157807,197.34379642584017,750.0,1294955.5380736766,768.2244795263011,True,0.42813830610970494,1294.9555380736767,1726.6073840982356
18,2,3.0,0.1668421052631579,0.5260498614958449,0.35920775623268697,0.26235083448746654,0.26235083448746654,63.70456928444339,4455.715239994264,577.111772809355,577.1117728093551,145.12202904468435,749.9999999999999,983115.4404611829,961.8529546822585,True,0.25146260374872725,983.1154404611829,1310.8205872815772
18,3,3.0,0.24526315789473685,0.6044709141274238,0.35920775623268697,0.5669382500966303,0.5669382500966303,52.54207941325614,738.0056843121004,657.6996686945992,657.6996686945992,121.18663004353196,750.0000000000001,883437.2372463478,1096.1661144909986,True,0.18425831091577546,883.4372372463479,1177.9163163284638
18,4,3.0,0.3236842105263158,0.6828919667590028,0.35920775623268697,0.9874478238814399,0.9874478238814399,45.73647155839165,202.19796381452284,720.4224686160478,720.4224686160478,107.03397400939839,750.0000000000002,843813.81539747,1200.7041143600798,True,0.14857112135191136,843.8138153974701,1125.0850871966268
18,5,3.0,0.40210526315789474,0.7613130193905817,0.35920775623268697,1.523879555841896,1.523879555841896,41.03491475353632,73.46688815107441,772.1212849744398,772.1212849744398,97.62708620943351,750.0000000000002,830015.6281104945,1286.868808290733,True,0.12644009187321567,830.0156281104945,1106.6875041473259
18,6,3.0,0.4805263157894737,0.8397340720221607,0.35920775623268697,2.1762334459779975,2.1762334459779975,37.53745512947113,31.988731815896184,816.2466525300675,816.2466525300675,90.94952361251966,750.0,830049.8802652083,1360.4110875501126,True,0.11142406934302179,830.0498802652083,1106.7331736869444
18,7,3.0,0.5589473684210526,0.9181551246537396,0.35920775623268697,2.9445094942897447,2.9445094942897447,34.80470494995744,15.79839276411134,854.8091771387966,854.8091771387966,86.01342356476044,750.0000000000002,838635.5568389404,1424.6819618979944,True,0.10062295289419233,838.6355568389404,1118.1807424519204
18,8,3.0,0.6373684210526316,0.9965761772853186,0.35920775623268697,3.8287077007771386,3.8287077007771386,32.593285681758324,8.560937309187672,889.0934766498102,889.0934766498101,82.26902247000874,750.0000000000002,853084.0514606701,1481.8224610830168,True,0.09253135314860968,853.08405146067,1137.4454019475602
18,9,3.0,0.7157894736842104,1.0749972299168973,0.35920775623268697,4.828828065440177,4.828828065440177,30.75606433298148,4.981334956841015,919.9749137503073,919.9749137503073,79.38199818605848,750.0,871877.5306253751,1533.291522917179,True,0.08628713348547214,871.8775306253751,1162.5033741671668
18,10,3.0,0.7942105263157895,1.1534182825484764,0.35920775623268697,5.944870588278864,5.944870588278864,29.1981674537087,3.0665086858016326,948.0791410737953,948.0791410737953,77.13528902219718,750.0,894088.0535789756,1580.131901789659,True,0.08135954656151773,894.0880535789756,1192.1174047719676
18,11,3.0,0.8726315789473684,1.2318393351800554,0.35920775623268697,7.1768352692931945,7.1768352692931945,27.855307156932685,1.976057278958291,973.8701347974584,973.8701347974583,75.38069760282941,750.0,919110.261696793,1623.1168913290971,True,0.07740323366472963,919.110261696793,1225.4803489290573
18,12,3.0,0.9510526315789474,1.3102603878116343,0.35920775623268697,8.524722108483173,8.524722108483173,26.682169489976214,1.3224804870483893,997.7022370889299,997.7022370889299,74.01294310496296,750.0,946526.9719294002,1662.8370618148833,True,0.07418339896772812,946.5269719294002,1262.0359625725337
18,13,3.0,1.029473684210526,1.388681440443213,0.35920775623268697,9.988531105848793,9.988531105848793,25.64577274974477,0.9137050305528241,1019.8526341718937,1019.8526341718937,72.95479931772377,750.0000000000001,976036.7839837696,1699.7543902864895,True,0.07153464811802154,976.0367839837696,1301.3823786450262
18,14,3.0,1.1078947368421053,1.4671024930747922,0.35920775623268697,11.568262261390068,11.568262261390068,24.721462790108408,0.6486605967996238,1040.5425315446737,1040.5425315446737,72.1481142255081,750.0000000000001,1007412.8742032674,1734.2375525744562,True,0.06933701606449957,1007.4128742032674,1343.2171656043565
18,15,3.0,1.1863157894736842,1.5455235457063712,0.35920775623268697,13.263915575106981,13.263915575106981,23.890391073340354,0.4714211505387131,1059.9514679892545,1059.9514679892545,71.5481370790741,750.0000000000002,1040478.4421983083,1766.585779982091,True,0.06750133307027924,1040.4784421983084,1387.3045895977443
18,16,3.0,1.2647368421052632,1.6239445983379501,0.35920775623268697,15.075491046999543,15.075491046999543,23.13786748394466,0.34968450430393533,1078.2272899998572,1078.2272899998572,71.11979770132584,750.0000000000001,1075091.4964485483,1797.0454833330955,True,0.06595993104694582,1075.0914964485482,1433.4553285980644
18,17,3.0,1.3431578947368419,1.7023656509695289,0.35920775623268697,17.002988677067748,17.002988677067748,22.4522505419601,0.26408933189270056,1095.4932847053067,1095.4932847053067,70.83518637321036,750.0000000000001,1111135.0961250472,1825.8221411755112,True,0.06466053910340983,1111.135096125047,1481.513461500063
18,18,3.0,1.421578947368421,1.780786703601108,0.35920775623268697,19.046408465311604,19.046408465311604,21.82417938739966,0.20264968137082312,1111.8533961709888,1111.8533961709888,70.6717986233055,749.9999999999999,1148510.8939042746,1853.0889936183148,True,0.06356215564631607,1148.5108939042746,1531.3478585390328
18,19,3.0,1.5,1.859207756232687,0.35920775623268697,21.205750411731103,21.205750411731103,21.246029728804228,0.15773133220381305,1127.3961152654022,1127.3961152654022,70.6112826202034,749.9999999999999,1187134.7376090526,1878.993525442337,True,0.06263218549726923,1187.1347376090525,1582.8463168120702
19,0,3.0,0.01,0.41000000000000003,0.4,0.0009424777960769379,0.0009424777960769379,94.98688955009136,126954910976.61717,434.206201997164,434.206201997164,191.3337727190026,89.74855850673715,1162852.8760621292,723.6770033286067,True,0.44065186503313075,1162.852876062129,1550.4705014161723
19,1,3.0,0.08842105263157896,0.488421052631579,0.4,0.07368557705394876,0.07368557705394876,92.3427314938416,69553.9980275327,443.25895658294445,443.25895658294445,187.55112282978277,750.0000000000001,1533553.6368832358,738.7649276382408,True,0.42311863086896795,1533.5536368832359,2044.738182510981
19,2,3.0,0.1668421052631579,0.5668421052631579,0.4,0.26235083448746654,0.26235083448746654,67.22452257508252,3593.2617665108633,555.9811001288281,555.9811001288281,137.99945711692484,750.0000000000002,1144211.7164830384,926.6351668813802,True,0.24820889969991528,1144.2117164830383,1525.6156219773845
19,3,3.0,0.24526315789473685,0.6452631578947369,0.4,0.5669382500966303,0.5669382500966303,55.445256805476205,595.1564375352165,634.4321945363571,634.4321945363571,115.29908476324528,750.0000000000001,1016874.3031960139,1057.3869908939284,True,0.18173586674223843,1016.8743031960139,1355.832404261352
19,4,3.0,0.3236842105263158,0.7236842105263158,0.4,0.9874478238814399,0.9874478238814399,48.26360964868082,163.06028853002022,695.6454370259629,695.6454370259629,101.8820853515906,749.9999999999999,963805.1191260725,1159.4090617099382,True,0.14645691602198802,963.8051191260726,1285.0734921680967
19,5,3.0,0.40210526315789474,0.8021052631578948,0.4,1.523879555841896,1.523879555841896,43.30227147284591,59.246551020196165,746.2038423580392,746.2038423580392,92.96700061097322,750.0000000000002,942656.8464183878,1243.673070596732,True,0.12458660131954444,942.6568464183879,1256.875795224517
19,6,3.0,0.4805263157894737,0.8805263157894737,0.4,2.1762334459779975,2.1762334459779975,39.61156206072176,25.796955326386026,789.4315807945819,789.4315807945819,86.64002550665691,749.9999999999999,938553.1319887148,1315.7193013243032,True,0.1097498853788591,938.5531319887148,1251.404175984953
19,7,3.0,0.5589473684210526,0.9589473684210527,0.4,2.9445094942897447,2.9445094942897447,36.727815601115125,12.74043731117707,827.2676552297474,827.2676552297474,81.96377462259647,749.9999999999999,944925.1960614406,1378.7794253829125,True,0.09907769765256158,944.9251960614406,1259.9002614152541
19,8,3.0,0.6373684210526316,1.0373684210526317,0.4,3.8287077007771386,3.8287077007771386,34.394205843010596,6.90387223188887,860.9521365023348,860.9521365023348,78.41670076166167,750.0,958420.2934441089,1434.9202275038915,True,0.0910813707719384,958.4202934441089,1277.8937245921452
19,9,3.0,0.7157894736842104,1.1157894736842104,0.4,4.828828065440177,4.828828065440177,32.455470059635125,4.01714191381402,891.3307983629512,891.3307983629512,75.68172717128111,749.9999999999999,977141.8926925365,1485.5513306049188,True,0.08490868632642423,977.1418926925364,1302.855856923382
19,10,3.0,0.7942105263157895,1.1942105263157896,0.4,5.944870588278864,5.944870588278864,30.81149263216513,2.4729516640696847,919.0086610864129,919.0086610864128,73.55305115478339,750.0000000000003,999929.335310024,1531.681101810688,True,0.0800352099705264,999.9293353100239,1333.2391137466986
19,11,3.0,0.8726315789473684,1.2726315789473683,0.4,7.1768352692931945,7.1768352692931945,29.394433489472732,1.5935693118767307,944.4347623645361,944.4347623645361,71.890208117125,750.0000000000002,1026025.6537098661,1574.057937274227,True,0.076119824239778,1026.0256537098662,1368.0342049464882
19,12,3.0,0.9510526315789474,1.3510526315789475,0.4,8.524722108483173,8.524722108483173,28.156474886788125,1.0664996111990663,967.9522986746504,967.9522986746504,70.5934446463523,750.0000000000003,1054910.134584498,1613.2538311244173,True,0.07293070613398096,1054.9101345844979,1406.5468461126638
19,13,3.0,1.029473684210526,1.4294736842105262,0.4,9.988531105848793,9.988531105848793,27.062812739111624,0.7368472120220873,989.8299336238329,989.8299336238327,69.5896143106512,750.0000000000002,1086207.8766318008,1649.7165560397214,True,0.07030461693139449,1086.2078766318007,1448.2771688424011
19,14,3.0,1.1078947368421053,1.5078947368421054,0.4,11.568262261390068,11.568262261390068,26.087430651988374,0.5231050900652273,1010.2822210414628,1010.2822210414627,68.82365599996535,750.0000000000002,1119638.142241266,1683.8037017357713,True,0.06812319821783816,1119.638142241266,1492.850856321688
19,15,3.0,1.1863157894736842,1.5863157894736841,0.4,13.263915575106981,13.263915575106981,25.21043862436892,0.3801723191263687,1029.4834174521143,1029.4834174521143,68.25321149356718,749.9999999999997,1154983.470907621,1715.8056957535239,True,0.06629850499436717,1154.983470907621,1539.9779612101615
19,16,3.0,1.2647368421052632,1.6647368421052633,0.4,15.075491046999543,15.075491046999543,24.41633484826874,0.28199916107256706,1047.5771116743254,1047.5771116743254,67.84509585651433,750.0000000000001,1192070.4673048556,1745.9618527905423,True,0.06476382034357225,1192.0704673048556,1589.4272897398075
19,17,3.0,1.3431578947368419,1.743157894736842,0.4,17.002988677067748,17.002988677067748,23.692834601551667,0.21297189073390144,1064.6831143828938,1064.6831143828938,67.57290721350711,750.0000000000003,1230757.4316932168,1774.471857304823,True,0.06346762365314056,1230.7574316932169,1641.009908924289
19,18,3.0,1.421578947368421,1.8215789473684212,0.4,19.046408465311604,19.046408465311604,23.030059796184336,0.16342457110574332,1080.9024987431746,1080.9024987431746,67.41536237426106,750.0000000000001,1270926.1448544397,1801.5041645719577,True,0.062369512932617555,1270.9261448544396,1694.5681931392528
19,19,3.0,1.5,1.9,0.4,21.205750411731103,21.205750411731103,22.41996486559172,0.1272006703438962,1096.3213609512625,1096.3213609512625,67.35510935032187,750.0000000000005,1312476.25461307,1827.2022682521042,True,0.06143737753306092,1312.47625461307,1749.9683394840933
