row_i,col_j,solenoid_length_m,ri,rf,th,v,v_bore,b0,scan,je_tape,je_max,je_coil,stress,length_tape,j_crit,converged,f_tape_min,length_tape_km,pancake_length_m
0,0,6.0,0.01,0.012,0.002,0.0018849555921538759,0.0018849555921538759,2.965405715022881,1.3259720550775508e+16,2117.6074766993934,2117.6074766993934,1179.905397901635,17.494373126004607,770.2013499370373,3529.345794498989,True,0.5571879637205915,0.7702013499370374,0.5134675666246915
0,1,6.0,0.08842105263157896,0.09042105263157896,0.002,0.14737115410789753,0.14737115410789753,4.507006698093266,1216037122.6209795,1963.107912436357,1963.107912436357,1794.0774702997112,357.32403738994174,10269.437612154845,3271.846520727262,True,0.913896510188853,10.269437612154844,6.846291741436564
0,2,6.0,0.1668421052631579,0.1688421052631579,0.002,0.5247016689749331,0.5247016689749331,4.753491577486902,14259868.770391105,1940.654647040769,1940.654647040769,1894.3119971755948,750.0000000000002,20587.994119823965,3234.424411734615,True,0.9761200943527791,20.587994119823964,13.725329413215977
0,3,6.0,0.24526315789473685,0.24726315789473685,0.002,1.1338765001932607,1.1338765001932607,3.920571707178182,2361879.8875726154,2018.8916120994638,2018.8916120994638,1565.1928862639077,750.0000000000001,23991.873891269777,3364.8193534991065,True,0.7752733613253509,23.991873891269776,15.994582594179851
0,4,6.0,0.3236842105263158,0.3256842105263158,0.002,1.9748956477628798,1.9748956477628798,3.4127525667122716,647105.1838669789,2070.087707120567,2070.087707120567,1365.8206759779564,750.0000000000001,26920.056668628153,3450.146178534278,True,0.6597887960398423,26.920056668628153,17.9467044457521
0,5,6.0,0.40210526315789474,0.40410526315789475,0.002,3.047759111683792,3.047759111683792,3.0619329799230144,235120.09353736715,2107.152535574007,2107.152535574007,1229.2534101872463,750.0000000000002,29551.108692653732,3511.920892623345,True,0.5833718202334066,29.55110869265373,19.70073912843582
0,6,6.0,0.4805263157894737,0.4825263157894737,0.002,4.352466891955995,4.352466891955995,2.8009604146528146,102375.28505670425,2135.682821308286,2135.682821308286,1128.7315056653395,750.0000000000002,31980.392068748944,3559.4713688471434,True,0.5285108324156,31.980392068748944,21.320261379165963
0,7,6.0,0.5589473684210526,0.5609473684210526,0.002,5.8890189885794895,5.8890189885794895,2.597048746971759,50560.45897574336,2158.5711999240275,2158.5711999240275,1051.1783575442767,749.9999999999999,34266.29144451958,3597.618666540046,True,0.48697877446955357,34.26629144451958,22.844194296346387
0,8,6.0,0.6373684210526316,0.6393684210526316,0.002,7.657415401554277,7.657415401554277,2.4320376185118775,27398.03510888604,2177.4903499571287,2177.4903499571287,989.3424019349828,750.0000000000001,36447.82715681079,3629.1505832618814,True,0.454349844514563,36.44782715681079,24.298551437873858
0,9,6.0,0.7157894736842104,0.7177894736842104,0.002,9.657656130880355,9.657656130880355,2.294948296576497,15942.038249734773,2193.4866168447393,2193.4866168447393,938.8333596559293,750.0,38552.71847877328,3655.8110280745655,True,0.42800961375657315,38.55271847877328,25.701812319182185
0,10,6.0,0.7942105263157895,0.7962105263157895,0.002,11.889741176557727,11.889741176557727,2.1787015378683314,9813.915182526807,2207.2538958105924,2207.2538958105924,896.8152391948386,750.0000000000002,40601.55544143817,3678.756493017654,True,0.40630361595329384,40.60155544143817,27.067703627625445
0,11,6.0,0.8726315789473684,0.8746315789473684,0.002,14.353670538586389,14.353670538586389,2.078500324954313,6324.084005143394,2219.2736206055297,2219.2736206055297,861.362173141565,750.0,42610.15684311986,3698.789367675883,True,0.3881279735603499,42.61015684311986,28.406771228746575
0,12,6.0,0.9510526315789474,0.9530526315789474,0.002,17.049444216966346,17.049444216966346,1.9909634326756616,4232.4065118526805,2229.8920825456116,2229.8920825456116,831.1132321674373,750.0000000000002,44590.99600784548,3716.486804242686,True,0.3727145536203038,44.59099600784548,29.72733067189699
0,13,6.0,1.029473684210526,1.031473684210526,0.002,19.977062211697586,19.977062211697586,1.9136298405807515,2924.180098759241,2239.3658189183407,2239.3658189183407,805.0749354395018,749.9999999999998,46554.11020793385,3732.276364863901,True,0.3595102366206382,46.55411020793385,31.036073471955902
0,14,6.0,1.1078947368421053,1.1098947368421053,0.002,23.136524522780135,23.136524522780135,1.8446599117754778,2075.943925648653,2247.8896030376336,2247.8896030376336,782.5021420154015,750.0000000000001,48507.70666423413,3746.4826717293895,True,0.3481052365552051,48.50770666423413,32.33847110948942
0,15,6.0,1.1863157894736842,1.1883157894736842,0.002,26.527831150213963,26.527831150213963,1.7826472107978535,1508.7148482759635,2255.6144226696133,2255.6144226696133,762.8230233854493,750.0000000000002,50458.581433727755,3759.3573711160225,True,0.3381885732414393,50.45858143372776,33.63905428915184
0,16,6.0,1.2647368421052632,1.2667368421052632,0.002,30.150982093999087,30.150982093999087,1.7264955942932245,1119.1144123518548,2262.659430403144,2262.659430403144,745.5900471656023,750.0000000000001,52412.41817898851,3771.099050671907,True,0.3295193422161454,52.41241817898851,34.941612119325676
0,17,6.0,1.3431578947368419,1.3451578947368419,0.002,34.005977354135496,34.005977354135496,1.6753364012288459,845.1795084766281,2269.1201229156877,2269.1201229156877,730.4469433007904,750.0000000000001,54374.007152218284,3781.8668715261465,True,0.3219075693367033,54.37400715221828,36.249338101478855
0,18,6.0,1.421578947368421,1.423578947368421,0.002,38.09281693062321,38.09281693062321,1.6284711453013625,648.5508402267718,2275.0740824534178,2275.0740824534178,717.1058363119365,749.9999999999999,56347.409595910205,3791.790137422363,True,0.31520109250183914,56.34740959591021,37.5649397306068
0,19,6.0,1.5,1.502,0.002,42.411500823462205,42.411500823462205,1.5853309190424054,504.7961947874017,2280.585097019463,2280.585097019463,705.3310402756517,750.0000000000002,58336.083821287706,3800.975161699105,True,0.3092763524577361,58.33608382128771,38.89072254752514
1,0,6.0,0.01,0.013102493074792245,0.003102493074792244,0.0018849555921538759,0.0018849555921538759,4.105437618515678,3609383447242975.0,2000.93482256539,2000.9348225653898,1053.0330728371578,21.61564675769385,1185.0279976993652,3334.8913709423164,True,0.5262705516249992,1.1850279976993652,0.7900186651329101
1,1,6.0,0.08842105263157896,0.0915235457063712,0.003102493074792244,0.14737115410789753,0.14737115410789753,6.551004957521427,272438157.65025574,1792.4594260978376,1792.4594260978376,1681.0571843169193,486.654626545995,16448.740950826406,2987.4323768297295,True,0.9378495043408377,16.448740950826405,10.965827300550938
1,2,6.0,0.1668421052631579,0.16994459833795014,0.003102493074792244,0.5247016689749331,0.5247016689749331,5.920428509622007,5925893.998807867,1841.5491799259348,1841.5491799259348,1520.9522034563138,750.0000000000002,27111.14598138547,3069.2486332098915,True,0.8259090878677945,27.11114598138547,18.07409732092365
1,3,6.0,0.24526315789473685,0.2483656509695291,0.003102493074792244,1.1338765001932607,1.1338765001932607,4.883034740006139,981513.2296822462,1929.0779675834208,1929.077967583421,1256.7068371237035,750.0,31343.34826165864,3215.1299459723687,True,0.6514546629227201,31.34334826165864,20.895565507772428
1,4,6.0,0.3236842105263158,0.32678670360110806,0.003102493074792244,1.9748956477628798,1.9748956477628798,4.2505508346627074,268913.8860546155,1987.0824359841752,1987.0824359841754,1096.6342986628931,750.0,34989.240504626236,3311.804059973626,True,0.5518816324898694,34.98924050462624,23.32616033641749
1,5,6.0,0.40210526315789474,0.405207756232687,0.003102493074792244,3.047759111683792,3.047759111683792,3.813608378890225,97707.54371773859,2029.4436499182993,2029.4436499182993,986.9872882489672,750.0,38268.12747580461,3382.4060831971656,True,0.486333921263939,38.26812747580461,25.51208498386974
1,6,6.0,0.4805263157894737,0.48362880886426596,0.003102493074792244,4.352466891955995,4.352466891955995,3.4885695331347133,42543.525267457226,2062.264090030691,2062.264090030691,906.2807156732539,750.0000000000001,41297.719182983885,3437.1068167178187,True,0.4394590974329415,41.29771918298388,27.531812788655923
1,7,6.0,0.5589473684210526,0.5620498614958449,0.003102493074792244,5.8890189885794895,5.8890189885794895,3.234599492143972,21011.127468679075,2088.7299340884947,2088.7299340884947,844.0154720834842,750.0000000000001,44150.268601986994,3481.216556814158,True,0.4040807087163262,44.150268601986994,29.433512401324663
1,8,6.0,0.6373684210526316,0.6404709141274239,0.003102493074792244,7.657415401554277,7.657415401554277,3.029079702445453,11385.64838464634,2110.698192112105,2110.698192112105,794.3693359863099,750.0,46874.136384638405,3517.830320186842,True,0.3763538240355487,46.874136384638405,31.249424256425602
1,9,6.0,0.7157894736842104,0.7188919667590027,0.003102493074792244,9.657656130880355,9.657656130880355,2.8583362569758233,6624.943771504009,2129.337977910255,2129.337977910255,753.8173912456709,750.0,49503.70754873813,3548.8966298504256,True,0.3540149093595145,49.50370754873813,33.002471699158754
1,10,6.0,0.7942105263157895,0.7973130193905817,0.003102493074792244,11.889741176557727,11.889741176557727,2.7135520255980885,4078.313904662178,2145.428760262037,2145.428760262037,720.0826476268367,750.0000000000001,52064.536794510524,3575.7146004367287,True,0.33563577638387193,52.06453679451052,34.70969119634035
1,11,6.0,0.8726315789473684,0.8757340720221607,0.003102493074792244,14.353670538586389,14.353670538586389,2.5887523687638385,2628.064259037887,2159.513821035693,2159.513821035693,691.6188463143914,749.9999999999999,54576.262413850905,3599.1897017261554,True,0.3202659967152672,54.576262413850905,36.38417494256727
1,12,6.0,0.9510526315789474,0.9541551246537396,0.003102493074792244,17.049444216966346,17.049444216966346,2.47972600272487,1758.837528798297,2171.985491574887,2171.985491574887,667.3333125762631,749.9999999999999,57054.3706731238,3619.9758192914783,True,0.3072457505654818,57.0543706731238,38.03624711541587
1,13,6.0,1.029473684210526,1.0325761772853184,0.003102493074792244,19.977062211697586,19.977062211697586,2.3834077499359925,1215.1851870229518,2183.1354326552264,2183.1354326552264,646.4283928919701,750.0000000000002,59511.32245463816,3638.5590544253773,True,0.29610091212058026,59.51132245463816,39.67421496975877
1,14,6.0,1.1078947368421053,1.1109972299168975,0.003102493074792244,23.136524522780135,23.136524522780135,2.2975063601577395,862.6884194338468,2193.1857736495926,2193.1857736495926,628.3058236105371,750.0,61957.30465801598,3655.309622749321,True,0.2864808951249937,61.95730465801598,41.304869772010655
1,15,6.0,1.1863157894736842,1.1894182825484765,0.003102493074792244,26.527831150213963,26.527831150213963,2.2202701314105546,626.968200708448,2202.3091896378123,2202.3091896378123,612.506492026475,750.0,64400.74997097453,3670.5153160630207,True,0.2781201181507156,64.40074997097453,42.93383331398302
1,16,6.0,1.2647368421052632,1.2678393351800554,0.003102493074792244,30.150982093999087,30.150982093999087,2.150333827580787,465.06412414574004,2210.6422922470474,2210.6422922470474,598.6710816091152,750.0000000000002,66848.7078250532,3684.403820411746,True,0.2708131857011498,66.84870782505321,44.56580521670214
1,17,6.0,1.3431578947368419,1.3462603878116342,0.003102493074792244,34.005977354135496,34.005977354135496,2.0866155396212367,351.2265265439452,2218.2948230636625,2218.2948230636625,586.5135494558843,749.9999999999999,69307.11643831363,3697.158038439438,True,0.26439837633748653,69.30711643831363,46.20474429220909
1,18,6.0,1.421578947368421,1.4246814404432133,0.003102493074792244,38.09281693062321,38.09281693062321,2.028245309490211,269.51464939155596,2225.3561251062165,2225.3561251062165,575.8027659751971,750.0,71781.0071502589,3708.926875177028,True,0.2587463460248251,71.7810071502589,47.85400476683927
1,19,6.0,1.5,1.5031024930747923,0.003102493074792244,42.411500823462205,42.411500823462205,1.9745145683514818,209.77533450538303,2231.899798809782,2231.899798809782,566.3495040217149,750.0,74274.66119624498,3719.832998016304,True,0.25375220891356115,74.27466119624498,49.51644079749666
2,0,6.0,0.01,0.016409972299168976,0.006409972299168975,0.0018849555921538759,0.0018849555921538759,6.890789195627131,454773338491163.75,1767.1762222343336,1767.1762222343336,855.4748318405682,29.474192511276378,2574.550107737007,2945.2937037238894,True,0.48409141152824386,2.5745501077370068,1.716366738491338
2,1,6.0,0.08842105263157896,0.09483102493074794,0.006409972299168975,0.14737115410789753,0.14737115410789753,11.689630872378238,26871781.347553667,1478.2963320826425,1478.2963320826425,1451.9020778342503,750.0,36243.55252735306,2463.8272201377376,True,0.9821454916206093,36.24355252735306,24.162368351568706
2,2,6.0,0.1668421052631579,0.17325207756232688,0.006409972299168975,0.5247016689749331,0.5247016689749331,8.509926463751833,1388235.7197638361,1656.675903317766,1656.675903317766,1058.1723859203862,750.0000000000001,43744.56453086016,2761.12650552961,True,0.6387322854163702,43.74456453086016,29.16304302057344
2,3,6.0,0.24526315789473685,0.2516731301939058,0.006409972299168975,1.1338765001932607,1.1338765001932607,7.018793739315123,229935.2173933224,1757.852874040834,1757.852874040834,874.341317551199,749.9999999999999,49774.30623187692,2929.7547900680565,True,0.49739163638952444,49.77430623187692,33.182870821251285
2,4,6.0,0.3236842105263158,0.33009418282548475,0.006409972299168975,1.9748956477628798,1.9748956477628798,6.109671787207814,62997.39115087618,1826.5095291291045,1826.5095291291047,762.9831300140822,750.0000000000002,54995.80737733236,3044.182548548508,True,0.41772742920091915,54.99580737733236,36.66387158488824
2,5,6.0,0.40210526315789474,0.4085152354570637,0.006409972299168975,3.047759111683792,3.047759111683792,5.481617895251886,22889.559331746754,1877.4907311538927,1877.4907311538927,686.7057027395437,750.0000000000003,59705.79143662364,3129.1512185898214,True,0.36575717330838653,59.705791436623635,39.80386095774909
2,6,6.0,0.4805263157894737,0.48693628808864264,0.006409972299168975,4.352466891955995,4.352466891955995,5.014412409914683,9966.503186328064,1917.490804427219,1917.490804427219,630.5618518126626,750.0000000000002,64067.03350325102,3195.8180073786984,True,0.32884739283066344,64.06703350325103,42.71135566883401
2,7,6.0,0.5589473684210526,0.5653573407202216,0.006409972299168975,5.8890189885794895,5.8890189885794895,4.649360054445024,4922.193625198169,1950.0714194886486,1950.0714194886486,587.2473640927435,750.0000000000001,68180.56784161855,3250.1190324810814,True,0.3011414649863094,68.18056784161855,45.45371189441237
2,8,6.0,0.6373684210526316,0.6437783933518005,0.006409972299168975,7.657415401554277,7.657415401554277,4.353949292481143,2667.270758372931,1977.3395229017142,1977.339522901714,552.711740428965,750.0000000000005,72114.46220549608,3295.5658715028567,True,0.27952293171072073,72.11446220549608,48.07630813699738
2,9,6.0,0.7157894736842104,0.7221994459833794,0.006409972299168975,9.657656130880355,9.657656130880355,4.1085254751421285,1551.999341682324,2000.6378548634902,2000.63785486349,524.5027156801143,750.0,75917.31226740142,3334.3964247724834,True,0.2621677453543449,75.91731226740141,50.61154151160095
2,10,6.0,0.7942105263157895,0.8006204986149584,0.006409972299168975,11.889741176557727,11.889741176557727,3.900415004737342,955.410447773903,2020.870894065812,2020.870894065812,501.03620450820483,750.0,79625.32919563314,3368.1181567763538,True,0.2479308331766631,79.62532919563314,53.08355279708876
2,11,6.0,0.8726315789473684,0.8790415512465374,0.006409972299168975,14.353670538586389,14.353670538586389,3.7210300327484265,615.6662064770519,2038.6746520646902,2038.6746520646902,481.23648929321314,750.0000000000001,83266.38693215707,3397.791086774484,True,0.2360535992370512,83.26638693215706,55.51092462143804
2,12,6.0,0.9510526315789474,0.9574626038781163,0.006409972299168975,17.049444216966346,17.049444216966346,3.564317329251742,412.0359026385246,2054.511987277073,2054.511987277073,464.343409081826,749.9999999999999,86862.48758347152,3424.1866454617884,True,0.2260115355653091,86.86248758347152,57.90832505564768
2,13,6.0,1.029473684210526,1.0358836565096952,0.006409972299168975,19.977062211697586,19.977062211697586,3.4258710585100056,284.67662146716026,2068.72935082878,2068.72935082878,449.8020477538856,750.0000000000002,90431.34287801654,3447.8822513812997,True,0.21742914198693256,90.43134287801654,60.287561918677696
2,14,6.0,1.1078947368421053,1.1143047091412743,0.006409972299168975,23.136524522780135,23.136524522780135,3.30239781515288,202.09859965864914,2081.592217903635,2081.592217903635,437.196203598915,750.0,93987.43270548069,3469.3203631727256,True,0.2100297069899761,93.9874327054807,62.658288470320464
2,15,6.0,1.1863157894736842,1.1927257617728533,0.006409972299168975,26.527831150213963,26.527831150213963,3.1913797315956103,146.87735750160564,2093.3080993313647,2093.3080993313647,426.2064813316077,750.0,97542.73950174646,3488.8468322189415,True,0.20360427663168393,97.54273950174645,65.0284930011643
2,16,6.0,1.2647368421052632,1.2711468144044322,0.006409972299168975,30.150982093999087,30.150982093999087,3.0908544399261513,108.94873064716911,2104.0419908275053,2104.0419908275053,416.58291315826057,750.0000000000002,101107.27367031248,3506.736651379176,True,0.19799172971563242,101.10727367031248,67.40484911354166
2,17,6.0,1.3431578947368419,1.349567867036011,0.006409972299168975,34.005977354135496,34.005977354135496,2.999266821892984,82.28044746918712,2113.9270431165833,2113.9270431165833,408.1265071738331,750.0,104689.4597234116,3523.2117385276388,True,0.19306555943015338,104.68945972341159,69.79297314894106
2,18,6.0,1.421578947368421,1.4279889196675901,0.006409972299168975,38.09281693062321,38.09281693062321,2.9153664141302666,63.13812959871547,2123.072114038103,2123.072114038103,400.67647418865766,750.0000000000001,108296.42685874715,3538.453523396838,True,0.18872485373403888,108.29642685874714,72.19761790583144
2,19,6.0,1.5,1.506409972299169,0.006409972299168975,42.411500823462205,42.411500823462205,2.8381347314589287,49.14323687604987,2131.567229376037,2131.567229376037,394.10117614036784,750.0000000000001,111934.23226989403,3552.612048960062,True,0.18488798791288,111.93423226989403,74.62282151326268
3,0,6.0,0.01,0.021922437673130193,0.011922437673130193,0.0018849555921538759,0.0018849555921538759,10.544921158133517,82927295946076.1,1537.4726302363392,1537.4726302363392,703.8414585385369,37.10921380591967,5473.667751585799,2562.454383727232,True,0.4577912118216653,5.473667751585799,3.6491118343905327
3,1,6.0,0.08842105263157896,0.10034349030470915,0.011922437673130193,0.14737115410789753,0.14737115410789753,15.9424568989423,7767453.123298764,1296.093989267348,1296.093989267348,1064.621991426626,750.0,58075.678272859084,2160.156648778913,True,0.8214080153465044,58.075678272859086,38.717118848572724
3,2,6.0,0.1668421052631579,0.1787645429362881,0.011922437673130193,0.5247016689749331,0.5247016689749331,11.605938403248347,401278.04472241225,1482.4532897403833,1482.4532897403833,775.9342033773962,750.0000000000001,67754.92977488459,2470.755482900639,True,0.5234122442490466,67.75492977488459,45.16995318325639
3,3,6.0,0.24526315789473685,0.257185595567867,0.011922437673130193,1.1338765001932607,1.1338765001932607,9.572313950135218,66464.18409699993,1592.0134275827058,1592.0134275827058,641.1501472328537,749.9999999999999,75791.36460240521,2653.355712637843,True,0.40272910776033366,75.79136460240521,50.527576401603476
3,4,6.0,0.3236842105263158,0.33560664819944597,0.011922437673130193,1.9748956477628798,1.9748956477628798,8.332442674849656,18209.78208797061,1668.046149259191,1668.046149259191,559.504802499589,749.9999999999999,82830.01581851735,2780.076915431985,True,0.3354252535207584,82.83001581851735,55.220010545678235
3,5,6.0,0.40210526315789474,0.4140277008310249,0.011922437673130193,3.047759111683792,3.047759111683792,7.475895345679518,6616.367438494879,1725.4212276544301,1725.4212276544301,503.581193431512,750.0000000000001,89217.53479968497,2875.702046090717,True,0.2918598573845586,89.21753479968497,59.47835653312332
3,6,6.0,0.4805263157894737,0.49244875346260386,0.011922437673130193,4.352466891955995,4.352466891955995,6.838714976662235,2880.87884095776,1771.00022228864,1771.00022228864,462.4196684103162,749.9999999999998,95155.59475354382,2951.6670371477335,True,0.2611064993615514,95.15559475354382,63.43706316902921
3,7,6.0,0.5589473684210526,0.5708698060941828,0.011922437673130193,5.8890189885794895,5.8890189885794895,6.340852254864559,1422.7902405512555,1808.4981805591642,1808.4981805591642,430.66461908847265,750.0000000000002,100773.0083430557,3014.1636342652737,True,0.23813384150340516,100.7730083430557,67.18200556203713
3,8,6.0,0.6373684210526316,0.6492908587257618,0.011922437673130193,7.657415401554277,7.657415401554277,5.937967562310128,770.990963153744,1840.143895138365,1840.143895138365,405.3461446074073,750.0000000000001,106158.00577244136,3066.906491897275,True,0.22027959100281574,106.15800577244137,70.77200384829425
3,9,6.0,0.7157894736842104,0.7277119113573406,0.011922437673130193,9.657656130880355,9.657656130880355,5.6032556562955005,448.6149235136373,1867.3744802604306,1867.3744802604306,384.6662070380217,749.9999999999995,111374.24016578887,3112.290800434051,True,0.20599307268265485,111.37424016578888,74.24949344385925
3,10,6.0,0.7942105263157895,0.8061329639889196,0.011922437673130193,11.889741176557727,11.889741176557727,5.3194321343324065,276.16724662242177,1891.1677004633925,1891.1677004633923,367.4633365267795,750.0000000000001,116469.47376624744,3151.9461674389872,True,0.19430499814307323,116.46947376624743,77.64631584416496
3,11,6.0,0.8726315789473684,0.8845540166204986,0.011922437673130193,14.353670538586389,14.353670538586389,5.074784786997525,177.96209103364927,1912.2170913523782,1912.2170913523782,352.94880834830184,749.9999999999998,121480.6458851509,3187.0284855872974,True,0.18457570008365823,121.48064588515089,80.98709725676726
3,12,6.0,0.9510526315789474,0.9629750692520775,0.011922437673130193,17.049444216966346,17.049444216966346,4.861058147697382,119.10150344953523,1931.031248251374,1931.031248251374,340.56526952129076,750.0000000000002,126437.00725936994,3218.3854137522903,True,0.17636445284336347,126.43700725936995,84.2913381729133
3,13,6.0,1.029473684210526,1.0413961218836563,0.011922437673130193,19.977062211697586,19.977062211697586,4.672243485522265,82.28752251091856,1947.993459863498,1947.993459863498,329.9058558895667,750.0000000000001,131362.1534792406,3246.6557664391635,True,0.16935675744654924,131.3621534792406,87.57476898616041
3,14,6.0,1.1078947368421053,1.1198171745152354,0.011922437673130193,23.136524522780135,23.136524522780135,4.503849215259643,58.4178391015316,1963.3992356430558,1963.3992356430558,320.66541074321657,750.0000000000002,136275.39803804475,3272.3320594050933,True,0.16332155219475356,136.27539803804476,90.8502653586965
3,15,6.0,1.1863157894736842,1.1982382271468144,0.011922437673130193,26.527831150213963,26.527831150213963,4.35244143930522,42.4558005482436,1977.480851381318,1977.480851381318,312.6097571400903,750.0000000000001,141192.73163909445,3295.8014189688633,True,0.15808484664805977,141.19273163909446,94.1284877593963
3,16,6.0,1.2647368421052632,1.2766592797783933,0.011922437673130193,30.150982093999087,30.150982093999087,4.2153438570812325,31.49229845240075,1990.4239343627746,1990.4239343627748,305.55562321677115,750.0000000000001,146127.51253259822,3317.3732239379583,True,0.15351283610573815,146.12751253259822,97.41834168839881
3,17,6.0,1.3431578947368419,1.355080332409972,0.011922437673130193,34.005977354135496,34.005977354135496,4.090435579915634,23.78366772246605,2002.378985421838,2002.378985421838,299.35711318216926,749.9999999999999,151090.97634432267,3337.298309036397,True,0.1495007265665566,151.09097634432266,100.72731756288178
3,18,6.0,1.421578947368421,1.4335013850415512,0.011922437673130193,38.09281693062321,38.09281693062321,3.976011211074237,18.25046339904989,2013.469578177208,2013.469578177208,293.8963418323097,750.0,156092.62134374873,3355.7826302953467,True,0.14596512657438498,156.09262134374873,104.06174756249915
3,19,6.0,1.5,1.5119224376731302,0.011922437673130193,42.411500823462205,42.411500823462205,3.8706817284188024,14.20515386847055,2023.7983174684719,2023.7983174684719,289.0767977901911,749.9999999999998,161140.505608294,3372.9971957807866,True,0.14283873807731562,161.140505608294,107.42700373886268
4,0,6.0,0.01,0.0296398891966759,0.0196398891966759,0.0018849555921538759,0.0018849555921538759,14.700019794147918,21958323249287.11,1344.0516867699444,1344.0516867699444,595.633719179809,43.778103746256896,10838.8858625178,2240.086144616574,True,0.4431628076828277,10.8388858625178,7.2259239083452
4,1,6.0,0.08842105263157896,0.10806094182825485,0.0196398891966759,0.14737115410789753,0.14737115410789753,20.46172472773684,2862402.4563587205,1149.262299454787,1149.262299454787,829.519976671819,750.0000000000003,87502.27668292956,1915.4371657579782,True,0.7217847283995529,87.50227668292956,58.33485112195304
4,2,6.0,0.1668421052631579,0.1864819944598338,0.0196398891966759,0.5247016689749331,0.5247016689749331,14.895917129943296,147875.91796993668,1336.23225186804,1336.23225186804,604.6037246719774,750.0000000000002,98639.5393632366,2227.0537531134,True,0.4524690403384195,98.63953936323661,65.7596929088244
4,3,6.0,0.24526315789473685,0.26490304709141277,0.0196398891966759,1.1338765001932607,1.1338765001932607,12.285813554128982,24492.873120595446,1449.4084371404876,1449.4084371404876,499.5972511572834,749.9999999999998,108500.0272547135,2415.6807285674795,True,0.3446904532603177,108.5000272547135,72.33335150314232
4,4,6.0,0.3236842105263158,0.3433240997229917,0.0196398891966759,1.9748956477628798,1.9748956477628798,10.694471335452237,6710.529713017084,1529.4471946158562,1529.4471946158562,435.9917716988559,750.0,117317.812525514,2549.0786576930936,True,0.2850649393020475,117.317812525514,78.21187501700933
4,5,6.0,0.40210526315789474,0.42174515235457066,0.0196398891966759,3.047759111683792,3.047759111683792,9.595115334250165,2438.2131578383282,1590.6861177383794,1590.6861177383794,392.42612557841164,750.0000000000002,125403.7988509432,2651.143529563966,True,0.24670242683475413,125.4037988509432,83.60253256729547
4,6,6.0,0.4805263157894737,0.5001662049861496,0.0196398891966759,4.352466891955995,4.352466891955995,8.777311065096743,1061.639451172793,1639.863555532632,1639.863555532632,360.3614677856034,749.9999999999999,132969.6121954116,2733.1059258877203,True,0.21975088510858273,132.9696121954116,88.64640813027441
4,7,6.0,0.5589473684210526,0.5785872576177286,0.0196398891966759,5.8890189885794895,5.8890189885794895,8.138317337203913,524.3157846966839,1680.680325749226,1680.680325749226,335.6251826279583,750.0000000000003,140159.63388572622,2801.1338762487103,True,0.19969602635667244,140.1596338857262,93.43975592381747
4,8,6.0,0.6373684210526316,0.6570083102493075,0.0196398891966759,7.657415401554277,7.657415401554277,7.621225415405171,284.1196968594508,1715.3827985918258,1715.3827985918258,315.90340109927587,750.0,147076.3535773975,2858.9713309863764,True,0.18415912842229967,147.0763535773975,98.05090238493167
4,9,6.0,0.7157894736842104,0.7354293628808863,0.0196398891966759,9.657656130880355,9.657656130880355,7.1916314746856695,165.3201427341545,1745.4337980402652,1745.4337980402652,299.7952691837263,749.9999999999997,153795.3507395264,2909.056330067109,True,0.17175974793219306,153.79535073952638,102.53023382635092
4,10,6.0,0.7942105263157895,0.8138504155124654,0.0196398891966759,11.889741176557727,11.889741176557727,6.82735143839773,101.77104290809298,1771.837102022114,1771.837102022114,286.39589002300767,750.0,160374.161679374,2953.0618367035236,True,0.16163782195110235,160.374161679374,106.91610778624933
4,11,6.0,0.8726315789473684,0.8922714681440443,0.0196398891966759,14.353670538586389,14.353670538586389,6.51335299334818,65.58122957774751,1795.3100440766,1795.3100440766,275.0907754764736,750.0000000000001,166857.72803981008,2992.183406794333,True,0.15322744747298722,166.8577280398101,111.2384853598734
4,12,6.0,0.9510526315789474,0.9706925207756233,0.0196398891966759,17.049444216966346,17.049444216966346,6.239040464980358,43.89037572783965,1816.3821809899362,1816.3821809899362,265.445700370468,749.9999999999997,173281.88456751226,3027.303634983227,True,0.14613978442895698,173.28188456751226,115.5212563783415
4,13,6.0,1.029473684210526,1.049113573407202,0.0196398891966759,19.977062211697586,19.977062211697586,5.996701804980944,30.3239688510532,1835.4549888331528,1835.4549888331528,257.14368582388994,750.0000000000003,179675.6780883508,3059.0916480552546,True,0.14009806145524875,179.6756780883508,119.78378539223387
4,14,6.0,1.1078947368421053,1.127534626038781,0.0196398891966759,23.136524522780135,23.136524522780135,5.780572181693674,21.527695563147308,1852.8396780903256,1852.8396780903256,249.94699331176534,750.0,186062.96251886652,3088.066130150543,True,0.13489941750890141,186.06296251886653,124.04197501257768
4,15,6.0,1.1863157894736842,1.20595567867036,0.0196398891966759,26.527831150213963,26.527831150213963,5.586244277729025,15.645487117450163,1868.7820760818245,1868.7820760818245,243.67318456431957,750.0000000000001,192463.5294207771,3114.6367934697078,True,0.1303914392603851,192.46352942077712,128.3090196138514
4,16,6.0,1.2647368421052632,1.284376731301939,0.0196398891966759,30.150982093999087,30.150982093999087,5.410283131584002,11.605301121952714,1883.4795321618665,1883.4795321618667,238.17948130165493,750.0000000000001,198893.93106999065,3139.1325536031113,True,0.12645716464371207,198.89393106999066,132.59595404666044
4,17,6.0,1.3431578947368419,1.3627977839335177,0.0196398891966759,34.005977354135496,34.005977354135496,5.249966638349645,8.764575444401835,1897.0927215701108,1897.0927215701108,233.3522247515181,749.9999999999998,205368.09416816756,3161.8212026168517,True,0.12300517634076753,205.36809416816757,136.91206277877836
4,18,6.0,1.421578947368421,1.4412188365650969,0.0196398891966759,38.09281693062321,38.09281693062321,5.103105966107022,6.725521278838394,1909.7540845538047,1909.7540845538047,229.09957898446254,749.9999999999999,211897.78737493273,3182.9234742563413,True,0.11996286895649678,211.89778737493273,141.2651915832885
4,19,6.0,1.5,1.5196398891966758,0.0196398891966759,42.411500823462205,42.411500823462205,4.96791834142206,5.234774729969086,1921.5739858531974,1921.5739858531974,225.3463602057492,750.0,218492.98442224326,3202.623309755329,True,0.11727175839430051,218.49298442224327,145.66198961482883
5,0,6.0,0.01,0.0395623268698061,0.029562326869806095,0.0018849555921538759,0.0018849555921538759,19.188045815242734,7563936342400.817,1186.8353323255571,1186.8353323255571,516.5339138016856,49.55449094676313,20033.11799963083,1978.058887209262,True,0.4352195285503994,20.033117999630832,13.355411999753887
5,1,6.0,0.08842105263157896,0.11798337950138504,0.029562326869806095,0.14737115410789753,0.14737115410789753,25.10394810601694,1263372.8310994934,1031.8698356815667,1031.8698356815667,676.1641191702581,750.0000000000001,125613.03532911498,1719.7830594692778,True,0.6552804392461389,125.61303532911498,83.74202355274332
5,2,6.0,0.1668421052631579,0.196404432132964,0.029562326869806095,0.5247016689749331,0.5247016689749331,18.275406183855228,65267.697322609674,1215.4678934104782,1215.4678934104782,492.8499640956658,750.0,136792.1603222271,2025.779822350797,True,0.40548168056729117,136.79216032222712,91.1947735481514
5,3,6.0,0.24526315789473685,0.27482548476454294,0.029562326869806095,1.1338765001932607,1.1338765001932607,15.073139239576031,10810.370284369797,1329.2438344863663,1329.2438344863663,407.2699914317116,750.0,147993.83159327792,2215.4063908106104,True,0.30639223659749754,147.99383159327792,98.66255439551861
5,4,6.0,0.3236842105263158,0.3532465373961219,0.029562326869806095,1.9748956477628798,1.9748956477628798,13.120763620798297,2961.8130402586644,1410.9701151678496,1410.9701151678498,355.4339217070121,750.0,158370.31725822817,2351.616858613083,True,0.25190747690976395,158.37031725822817,105.58021150548545
5,5,6.0,0.40210526315789474,0.43166759002770083,0.029562326869806095,3.047759111683792,3.047759111683792,11.771992861175846,1076.1492511995725,1474.2303661249941,1474.2303661249941,319.93104260176284,750.0000000000001,168045.64693433527,2457.0506102083236,True,0.21701563741540592,168.04564693433525,112.03043128955684
5,6,6.0,0.4805263157894737,0.5100886426592798,0.029562326869806095,4.352466891955995,4.352466891955995,10.768650464243047,468.5736752550498,1525.50046999909,1525.50046999909,293.80170949521784,749.9999999999998,177188.42248184443,2542.500783331817,True,0.19259365386848626,177.18842248184444,118.12561498789628
5,7,6.0,0.5589473684210526,0.5885096952908587,0.029562326869806095,5.8890189885794895,5.8890189885794895,9.984685984291502,231.4162062818569,1568.3778007786677,1568.3778007786675,273.64503145328314,750.0000000000003,185935.28410716844,2613.963001297779,True,0.17447647583217765,185.93528410716843,123.95685607144563
5,8,6.0,0.6373684210526316,0.6669307479224377,0.029562326869806095,7.657415401554277,7.657415401554277,9.350279601466902,125.40134074964305,1605.0667166509636,1605.0667166509636,257.57510473039684,749.9999999999999,194391.1553154861,2675.1111944182726,True,0.16047626061789985,194.39115531548612,129.5941035436574
5,9,6.0,0.7157894736842104,0.7453518005540165,0.029562326869806095,9.657656130880355,9.657656130880355,8.823222174100446,72.96701981925861,1637.0143626745396,1637.0143626745396,244.45018192265513,750.0,202636.91789705146,2728.3572711242327,True,0.1493268400671052,202.63691789705146,135.0912785980343
5,10,6.0,0.7942105263157895,0.8237728531855956,0.029562326869806095,11.889741176557727,11.889741176557727,8.37629664613485,44.91848108819278,1665.2208041253127,1665.2208041253127,233.53274525421736,749.9999999999999,210735.88724430956,2775.368006875521,True,0.14024130894574346,210.73588724430957,140.49059149620638
5,11,6.0,0.8726315789473684,0.9021939058171745,0.029562326869806095,14.353670538586389,14.353670538586389,7.991060270668972,28.94545576376542,1690.4052101857303,1690.4052101857303,224.3219732766685,750.0000000000003,218738.4536020647,2817.342016976217,True,0.13270307730063227,218.73845360206468,145.8256357347098
5,12,6.0,0.9510526315789474,0.9806149584487535,0.029562326869806095,17.049444216966346,17.049444216966346,7.65451349523311,19.3718071049448,1713.1014791321159,1713.1014791321156,216.46396642032968,750.0000000000001,226685.32320552183,2855.1691318868593,True,0.12635793562561964,226.68532320552183,151.12354880368122
5,13,6.0,1.029473684210526,1.0590360110803323,0.029562326869806095,19.977062211697586,19.977062211697586,7.357194612017967,13.38402931160923,1733.716436886178,1733.716436886178,209.70038538241238,749.9999999999997,234609.79769727876,2889.5273948102968,True,0.12095425810177034,234.60979769727876,156.40653179818585
5,14,6.0,1.1078947368421053,1.1374570637119115,0.029562326869806095,23.136524522780135,23.136524522780135,7.092030901755473,9.501635813036243,1752.5669022653958,1752.5669022653958,203.83747458541973,750.0000000000005,242539.4048038528,2920.944837108993,True,0.11630795624517168,242.53940480385282,161.69293653590188
5,15,6.0,1.1863157894736842,1.2158781163434904,0.029562326869806095,26.527831150213963,26.527831150213963,6.853615143475491,6.905417269187189,1769.904196354864,1769.904196354864,198.72654998766347,750.0000000000001,250497.08837998615,2949.8403272581068,True,0.11228096435781261,250.49708837998614,166.99805891999077
5,16,6.0,1.2647368421052632,1.2942991689750694,0.029562326869806095,30.150982093999087,30.150982093999087,6.63773307389061,5.122208479675036,1785.930869987349,1785.930869987349,194.25125164464373,749.9999999999998,258502.0945688838,2976.551449978915,True,0.10876750881517588,258.5020945688838,172.3347297125892
5,17,6.0,1.3431578947368419,1.372720221606648,0.029562326869806095,34.005977354135496,34.005977354135496,6.4410450145874565,3.868403084961294,1800.8124327275268,1800.8124327275268,190.31895281481005,750.0000000000001,266570.644590191,3001.354054545878,True,0.1056850504561162,266.570644590191,177.71376306012735
5,18,6.0,1.421578947368421,1.4511412742382273,0.029562326869806095,38.09281693062321,38.09281693062321,6.260865545659503,2.9684298375968727,1814.6857713673962,1814.6857713673962,186.85481290829344,749.9999999999999,274716.4549139908,3024.476285612327,True,0.10296813688437927,274.7164549139908,183.14430327599388
5,19,6.0,1.5,1.5295623268698062,0.029562326869806095,42.411500823462205,42.411500823462205,6.095007429600175,2.310462023283076,1827.6653168913388,1827.6653168913388,183.79756317166755,750.0000000000001,282951.14627984323,3046.108861485565,True,0.10056412488271504,282.9511462798432,188.63409751989548
6,0,6.0,0.01,0.051689750692520776,0.041689750692520774,0.0018849555921538759,0.0018849555921538759,23.920885878550916,3131567777227.8516,1059.2252079841885,1059.2252079841885,456.63010853451834,54.61165784042431,34831.198796552395,1765.3753466403143,True,0.43109822641356044,34.83119879655239,23.220799197701595
6,1,6.0,0.08842105263157896,0.13011080332409974,0.041689750692520774,0.14737115410789753,0.14737115410789753,29.811743105735633,635258.0343108159,936.787407096255,936.787407096255,569.428961841855,750.0000000000001,173977.23843685095,1561.3123451604251,True,0.6078529210879391,173.97723843685094,115.9848256245673
6,2,6.0,0.1668421052631579,0.2085318559556787,0.041689750692520774,0.5247016689749331,0.5247016689749331,21.702630678059798,32818.3637359613,1115.0818425381317,1115.0818425381317,415.07341963673224,749.9999999999998,183004.3837513284,1858.4697375635528,True,0.37223583400116056,183.0043837513284,122.0029225008856
6,3,6.0,0.24526315789473685,0.28695290858725764,0.041689750692520774,1.1338765001932607,1.1338765001932607,17.899836030155022,5435.746604622051,1227.6975816045885,1227.6975816045885,343.0166020247855,749.9999999999999,194756.02038430417,2046.1626360076477,True,0.27939828762753305,194.75602038430418,129.83734692286944
6,4,6.0,0.3236842105263158,0.3653739612188366,0.041689750692520774,1.9748956477628798,1.9748956477628798,15.581327397684056,1489.279715088861,1309.6421665703422,1309.6421665703422,299.37382178726733,750.0000000000001,206298.57597936262,2182.7369442839035,True,0.22859207608690543,206.29857597936262,137.53238398624174
6,5,6.0,0.40210526315789474,0.44379501385041553,0.041689750692520774,3.047759111683792,3.047759111683792,13.979618884561571,541.1169538505453,1373.6938148464653,1373.6938148464653,269.48410138589793,749.9999999999999,217340.94123386245,2289.489691410776,True,0.19617479417421527,217.34094123386245,144.89396082257497
6,6,6.0,0.4805263157894737,0.5222160664819945,0.041689750692520774,4.352466891955995,4.352466891955995,12.78811762515272,235.61151905828478,1426.0129472352844,1426.0129472352844,247.48701938714274,749.9999999999998,227927.90501167116,2376.6882453921407,True,0.17355173378121422,227.92790501167116,151.95193667444744
6,7,6.0,0.5589473684210526,0.6006371191135734,0.041689750692520774,5.8890189885794895,5.8890189885794895,11.857134674517344,116.36232843660173,1470.0528963760976,1470.0528963760976,230.5188590797653,750.0000000000006,238152.45728183346,2450.0881606268294,True,0.15680990775776102,238.15245728183345,158.76830485455565
6,8,6.0,0.6373684210526316,0.6790581717451524,0.041689750692520774,7.657415401554277,7.657415401554277,11.103756758440749,63.05518629463506,1507.9460305041343,1507.9460305041343,216.99161315819273,750.0,248103.54379681358,2513.2433841735574,True,0.14389879264156982,248.10354379681357,165.40236253120906
6,9,6.0,0.7157894736842104,0.7574792243767312,0.041689750692520774,9.657656130880355,9.657656130880355,10.477859168138897,36.68979135759981,1541.1015475331876,1541.1015475331874,205.94389388867478,749.9999999999999,257856.92289340807,2568.502579221979,True,0.13363421392855346,257.85692289340807,171.90461526227205
6,10,6.0,0.7942105263157895,0.8359002770083103,0.041689750692520774,11.889741176557727,11.889741176557727,9.947120777076332,22.586227357350637,1570.4989948539435,1570.4989948539435,196.7546943667746,750.0,267475.3328121889,2617.4983247565724,True,0.12528164297556446,267.47533281218887,178.31688854145926
6,11,6.0,0.8726315789473684,0.9143213296398892,0.041689750692520774,14.353670538586389,14.353670538586389,9.489640232108945,14.554558146321472,1596.8464706277114,1596.8464706277114,189.0023162151065,749.9999999999997,277010.50700952765,2661.410784379519,True,0.11835972943648787,277.01050700952766,184.6736713396851
6,12,6.0,0.9510526315789474,0.9927423822714682,0.041689750692520774,17.049444216966346,17.049444216966346,9.089980147966534,9.740668628931754,1620.672134065019,1620.672134065019,182.38877495076179,750.0000000000002,286505.2443205479,2701.1202234416983,True,0.11253897140397467,286.5052443205479,191.0034962136986
6,13,6.0,1.029473684210526,1.0711634349030468,0.041689750692520774,19.977062211697586,19.977062211697586,8.736904443321881,6.729851982214859,1642.3801653565786,1642.3801653565786,176.6965511304695,750.0000000000001,295995.1447631393,2737.3002755942975,True,0.10758565821580458,295.9951447631393,197.33009650875954
6,14,6.0,1.1078947368421053,1.149584487534626,0.041689750692520774,23.136524522780135,23.136524522780135,8.422014037321775,4.77767951054774,1662.2865609601033,1662.2865609601033,171.76250679138934,750.0,305509.98503440164,2770.4776016001724,True,0.10332905939646336,305.50998503440167,203.67332335626776
6,15,6.0,1.1863157894736842,1.228005540166205,0.041689750692520774,26.527831150213963,26.527831150213963,8.138887681730782,3.4722305977580543,1680.6428986088927,1680.6428986088927,167.46145542950433,749.9999999999998,315074.79225786956,2801.071497681488,True,0.09964130724505252,315.07479225786955,210.04986150524638
6,16,6.0,1.2647368421052632,1.3064265927977838,0.041689750692520774,30.150982093999087,30.150982093999087,7.882520803803068,2.5755849817482304,1697.6526174014227,1697.6526174014227,163.69542819789697,750.0000000000001,324710.68279346393,2829.421029002371,True,0.09642457268346434,324.71068279346395,216.47378852897594
6,17,6.0,1.3431578947368419,1.3848476454293626,0.041689750692520774,34.005977354135496,34.005977354135496,7.64894742836632,1.9451377132558534,1713.482472856245,1713.482472856245,160.38644008386325,749.9999999999999,334435.5223997655,2855.804121427075,True,0.09360261492287764,334.4355223997655,222.957014933177
6,18,6.0,1.421578947368421,1.4632686980609417,0.041689750692520774,38.09281693062321,38.09281693062321,7.434978533197974,1.4926068197780349,1728.270785604872,1728.2707856048721,157.47148229982247,750.0000000000001,344264.45116901485,2880.4513093414535,True,0.09111505188390344,344.2644511690149,229.50963411267657
6,19,6.0,1.5,1.5416897506925207,0.041689750692520774,42.411500823462205,42.411500823462205,7.238016703645081,1.161762804399764,1742.1335024774946,1742.1335024774946,154.89897369702408,750.0000000000002,354210.3056865433,2903.555837462491,True,0.0889133774631747,354.2103056865433,236.14020379102885
7,0,6.0,0.01,0.06602216066481995,0.056022160664819944,0.0018849555921538759,0.0018849555921538759,28.84607872763869,1480893116210.0532,954.6951058015859,954.6951058015859,409.78704961313423,59.098145720906494,57430.615313594004,1591.15850966931,True,0.42923342449636503,57.430615313594004,38.28707687572933
7,1,6.0,0.08842105263157896,0.1444432132963989,0.056022160664819944,0.14737115410789753,0.14737115410789753,34.558322128136226,351794.5062483864,858.4845757110689,858.4845757110688,491.26524258181297,750.0000000000003,234528.7659985465,1430.8076261851147,True,0.5722470228133172,234.5287659985465,156.35251066569768
7,2,6.0,0.1668421052631579,0.22286426592797784,0.056022160664819944,0.5247016689749331,0.5247016689749331,25.158089526675965,18174.22124994898,1030.655024899103,1030.655024899103,358.11975871984015,750.0000000000002,238320.93366092368,1717.7583748318384,True,0.3474681150027854,238.32093366092369,158.88062244061578
7,3,6.0,0.24526315789473685,0.3012853185595568,0.056022160664819944,1.1338765001932607,1.1338765001932607,20.749819873897383,3010.2189812348456,1141.1226554583998,1141.1226554583998,295.9682281252701,750.0,249488.87237443685,1901.8710924306663,True,0.25936583303253835,249.48887237443685,166.32591491629123
7,4,6.0,0.3236842105263158,0.37970637119113576,0.056022160664819944,1.9748956477628798,1.9748956477628798,18.06216193005911,824.7363964531642,1222.37871290414,1222.37871290414,258.3271066396494,750.0000000000002,261619.72071997006,2037.2978548402334,True,0.21133148337139576,261.6197207199701,174.4131471466467
7,5,6.0,0.40210526315789474,0.4581274238227147,0.056022160664819944,3.047759111683792,3.047759111683792,16.205431897348763,299.6608642801422,1286.4202348441502,1286.4202348441502,232.549295421414,750.0,273689.30923600355,2144.0337247402504,True,0.18077241722615423,273.68930923600357,182.45953949066904
7,6,6.0,0.4805263157894737,0.5365484764542936,0.056022160664819944,4.352466891955995,4.352466891955995,14.824221674495034,130.47743363602575,1339.0824258250218,1339.0824258250218,213.579442752501,750.0000000000001,285505.6826105467,2231.804043041703,True,0.15949686041239217,285.5056826105467,190.33712174036447
7,7,6.0,0.5589473684210526,0.6149695290858725,0.056022160664819944,5.8890189885794895,5.8890189885794895,13.745009077306431,64.43937056644646,1383.6602673948312,1383.6602673948312,198.94726216417183,749.9999999999998,297067.79876793193,2306.100445658052,True,0.14378331650640777,297.06779876793195,198.0451991786213
7,8,6.0,0.6373684210526316,0.6933905817174515,0.056022160664819944,7.657415401554277,7.657415401554277,12.871679509972626,34.918831295044825,1422.201079354332,1422.201079354332,187.2829303233796,750.0000000000002,308422.69828247937,2370.3351322572203,True,0.13168526802722197,308.42269828247936,205.6151321883196
7,9,6.0,0.7157894736842104,0.7718116343490303,0.056022160664819944,9.657656130880355,9.657656130880355,12.146127486122193,20.318148433976276,1456.0652543457875,1456.0652543457875,177.75715925751967,750.0000000000001,319626.28216294217,2426.7754239096457,True,0.12208048968065395,319.6262821629422,213.0841881086281
7,10,6.0,0.7942105263157895,0.8502326869806094,0.056022160664819944,11.889741176557727,11.889741176557727,11.530885760099803,12.507847633620548,1486.203009030371,1486.203009030371,169.83427847219141,750.0,330731.6994247281,2477.0050150506186,True,0.1142739433578423,330.7316994247281,220.4877996164854
7,11,6.0,0.8726315789473684,0.9286537396121883,0.056022160664819944,14.353670538586389,14.353670538586389,11.000565879633088,8.060053270012476,1513.3042398638402,1513.3042398638402,163.15054270293527,750.0000000000001,341786.1897598065,2522.1737331064005,True,0.10781080129506197,341.7861897598065,227.85745983987098
7,12,6.0,0.9510526315789474,1.0070747922437673,0.056022160664819944,17.049444216966346,17.049444216966346,10.537272543159435,5.3942075908757365,1537.8855708894605,1537.8855708894605,157.44892265269218,750.0,352830.6853636338,2563.142618149101,True,0.10238012868644648,352.8306853636338,235.2204569090892
7,13,6.0,1.029473684210526,1.085495844875346,0.056022160664819944,19.977062211697586,19.977062211697586,10.127980678089642,3.7268713299730125,1560.343789974121,1560.343789974121,152.54179799521586,750.0000000000001,363900.29393560794,2600.5729832902016,True,0.09776165930570073,363.9002939356079,242.60019595707197
7,14,6.0,1.1078947368421053,1.1639168975069252,0.056022160664819944,23.136524522780135,23.136524522780135,9.762953915078336,2.645793226762739,1580.9901513390193,1580.9901513390193,148.28845750000858,750.0000000000001,375025.00872385874,2634.983585565032,True,0.09379467504868116,375.0250087238587,250.0166724825725
7,15,6.0,1.1863157894736842,1.2423379501385041,0.056022160664819944,26.527831150213963,26.527831150213963,9.434748624808131,1.922859031675266,1600.0732246755342,1600.0732246755342,144.58092644100142,750.0,386230.4173166116,2666.788707792557,True,0.09035894371041664,386.23041731661164,257.4869448777411
7,16,6.0,1.2647368421052632,1.320759002770083,0.056022160664819944,30.150982093999087,30.150982093999087,9.137563414302743,1.4263127705859975,1617.794596006782,1617.794596006782,141.33470762123724,749.9999999999999,397538.33640515426,2696.32432667797,True,0.08736257864261326,397.53833640515427,265.0255576034362
7,17,6.0,1.3431578947368419,1.3991800554016618,0.056022160664819944,34.005977354135496,34.005977354135496,8.8668008520376,1.0771823801682927,1634.3199470584807,1634.3199470584807,138.48254149826678,749.9999999999999,408967.3572520777,2723.8665784308014,True,0.08473404595441279,408.9673572520777,272.6449048347185
7,18,6.0,1.421578947368421,1.477601108033241,0.056022160664819944,38.09281693062321,38.09281693062321,8.61876416466904,0.8265788873594513,1649.7870550736134,1649.7870550736134,135.97008664441344,750.0,420533.30698196945,2749.645091789356,True,0.08241674962005716,420.5333069819695,280.35553798797963
7,19,6.0,1.5,1.55602216066482,0.056022160664819944,42.411500823462205,42.411500823462205,8.390442381253214,0.6433634052262724,1664.3116860745488,1664.3116860745488,133.75285875658454,749.9999999999999,432249.63688569877,2773.852810124248,True,0.08036527044525806,432.24963688569875,288.16642459046585
8,0,6.0,0.01,0.0825595567867036,0.0725595567867036,0.0018849555921538759,0.0018849555921538759,33.92917684236429,773708839992.2267,868.0296374936311,868.0296374936311,372.16119161102705,63.12656611135823,90461.18868848789,1446.7160624893852,True,0.42874249396093655,90.4611886884879,60.307459125658596
8,1,6.0,0.08842105263157896,0.16098060941828257,0.0725595567867036,0.14737115410789753,0.14737115410789753,39.32964549088325,209710.18333511995,792.9621558644218,792.9621558644218,431.71876328700625,749.9999999999998,309522.5541772986,1321.6035931073698,True,0.5444380417075291,309.5225541772986,206.34836945153242
8,2,6.0,0.1668421052631579,0.23940166204986152,0.0725595567867036,0.5247016689749331,0.5247016689749331,28.63156199086658,10833.93629691542,958.7760747202535,958.7760747202535,314.73434498079484,749.9999999999998,303989.19979767106,1597.960124533756,True,0.32826679062952874,303.98919979767106,202.6594665317807
8,3,6.0,0.24526315789473685,0.31782271468144047,0.0725595567867036,1.1338765001932607,1.1338765001932607,23.614660937940634,1794.438409984444,1066.568300027231,1066.568300027231,260.13067772456833,750.0000000000001,313055.9958272634,1777.6138333787185,True,0.24389500205277692,313.0559958272634,208.7039972181756
8,4,6.0,0.3236842105263158,0.3962437673130194,0.0725595567867036,1.9748956477628798,1.9748956477628798,20.555929274407283,491.638208759357,1146.5866901642542,1146.5866901642542,227.0631318613607,750.0000000000002,324992.4509033373,1910.9778169404237,True,0.19803398540134176,324.99245090333727,216.66163393555817
8,5,6.0,0.40210526315789474,0.47466481994459836,0.0725595567867036,3.047759111683792,3.047759111683792,18.44284827215226,178.6325075303455,1210.1013088975476,1210.1013088975476,204.4190009318398,750.0000000000001,337621.2295864788,2016.835514829246,True,0.1689271794260548,337.62122958647876,225.08081972431918
8,6,6.0,0.4805263157894737,0.5530858725761773,0.0725595567867036,4.352466891955995,4.352466891955995,16.870940116084885,77.77962999111612,1262.632738804379,1262.632738804379,187.75633159852998,750.0,350364.149547473,2104.387898007298,True,0.14870225191239816,350.364149547473,233.57609969831535
8,7,6.0,0.5589473684210526,0.6315069252077562,0.0725595567867036,5.8890189885794895,5.8890189885794895,15.642725137957642,38.41331224754219,1307.3168321291316,1307.3168321291316,174.90460364920773,750.0,363059.33468287817,2178.861386881886,True,0.13378899387714097,363.05933468287816,242.0395564552521
8,8,6.0,0.6373684210526316,0.7099279778393351,0.0725595567867036,7.657415401554277,7.657415401554277,14.64881860069609,20.815659092645525,1346.1120412934476,1346.1120412934476,164.66023689018243,750.0,375677.486613924,2243.5200688224127,True,0.12232283185875394,375.677486613924,250.451657742616
8,9,6.0,0.7157894736842104,0.788349030470914,0.0725595567867036,9.657656130880355,9.657656130880355,13.823092635835154,12.11196467664817,1380.3256046781887,1380.3256046781887,156.29459686800345,750.0000000000001,388235.0520008308,2300.542674463648,True,0.1132302380962079,388.2350520008308,258.8233680005539
8,10,6.0,0.7942105263157895,0.866770083102493,0.0725595567867036,11.889741176557727,11.889741176557727,13.122907051421056,7.456122747187838,1410.874314841918,1410.874314841918,149.3370361874332,750.0,400763.5889097287,2351.4571914031967,True,0.10584715776342256,400.7635889097287,267.17572593981913
8,11,6.0,0.8726315789473684,0.945191135734072,0.0725595567867036,14.353670538586389,14.353670538586389,12.519368117493988,4.804723265779828,1438.4262449692515,1438.4262449692515,143.46796834900942,749.9999999999999,413298.0628307692,2397.3770749487526,True,0.09973953746379,413.2980628307692,275.5320418871795
8,12,6.0,0.9510526315789474,1.023612188365651,0.0725595567867036,17.049444216966346,17.049444216966346,11.992109802861815,3.21557114377317,1463.483354504818,1463.483354504818,138.46157138202537,750.0000000000001,425872.2594271923,2439.1389241746965,True,0.09461096428314009,425.87225942719226,283.91483961812816
8,13,6.0,1.029473684210526,1.1020332409972298,0.0725595567867036,19.977062211697586,19.977062211697586,11.526308717502072,2.2216460348110525,1486.4323575303351,1486.4323575303351,134.15300814106126,750.0,438517.0729963245,2477.3872625505587,True,0.09025167372160321,438.5170729963245,292.344715330883
8,14,6.0,1.1078947368421053,1.180454293628809,0.0725595567867036,23.136524522780135,23.136524522780135,11.11088423217294,1.5771985428887731,1507.577472004791,1507.5774720047912,130.4186569717404,750.0,451260.00558013876,2512.6291200079854,True,0.08650875951224478,451.26000558013874,300.8400037200925
8,15,6.0,1.1863157894736842,1.2588753462603879,0.0725595567867036,26.527831150213963,26.527831150213963,10.737365006711178,1.146246211632133,1527.162293540123,1527.162293540123,127.1636591479312,750.0000000000001,464125.1797485778,2545.2704892335387,True,0.08326794060188092,464.1251797485778,309.4167864990519
8,16,6.0,1.2647368421052632,1.3372963988919668,0.0725595567867036,30.150982093999087,30.150982093999087,10.399148674015027,0.8502472531552873,1545.3848643834233,1545.384864383423,124.31378363222673,750.0,477133.5603932152,2575.6414406390386,True,0.08044195753258226,477.1335603932152,318.0890402621435
8,17,6.0,1.3431578947368419,1.4157174515235456,0.0725595567867036,34.005977354135496,34.005977354135496,10.091003054369299,0.6421251907525728,1562.4083324293595,1562.4083324293595,121.80994453766218,750.0000000000003,490303.2491984272,2604.0138873822657,True,0.07796293837492672,490.3032491984272,326.8688327989515
8,18,6.0,1.421578947368421,1.4941385041551247,0.0725595567867036,38.09281693062321,38.09281693062321,9.808720976357293,0.49273654627994723,1578.3686649715805,1578.3686649715805,119.6044058621585,750.0000000000001,503649.7907793666,2630.614441619301,True,0.07577723032426778,503.64979077936664,335.7665271862444
8,19,6.0,1.5,1.5725595567867037,0.0725595567867036,42.411500823462205,42.411500823462205,9.548875756838386,0.38351894434032785,1593.3803434393324,1593.3803434393324,117.65809202285647,749.9999999999999,517186.46414410573,2655.6339057322207,True,0.07384181216199136,517.1864641441057,344.7909760960705
9,0,6.0,0.01,0.10130193905817174,0.09130193905817174,0.0018849555921538759,0.0018849555921538759,39.145806707293985,436646378902.29736,795.2832441550416,795.2832441550416,341.26113354495766,66.78064876499965,136992.75540447337,1325.472073591736,True,0.4291064046087563,136.99275540447337,91.32850360298225
9,1,6.0,0.08842105263157896,0.1797229916897507,0.09130193905817174,0.14737115410789753,0.14737115410789753,44.1176856303903,132449.0233422147,737.3438688938929,737.3438688938929,384.922013210783,750.0,401514.0106552354,1228.9064481564883,True,0.5220386707605146,401.5140106552354,267.67600710349024
9,2,6.0,0.1668421052631579,0.25814404432132965,0.09130193905817174,0.5247016689749331,0.5247016689749331,32.11720409005182,6842.511215514772,896.8751706146885,896.8751706146885,280.6409252742384,750.0000000000001,381437.7332263522,1494.7919510244808,True,0.31290968294048815,381.4377332263522,254.29182215090145
9,3,6.0,0.24526315789473685,0.3365650969529086,0.09130193905817174,1.1338765001932607,1.1338765001932607,26.489539240058015,1133.3336849474476,1001.7388977771037,1001.7388977771037,231.97066642299995,750.0000000000001,386458.81140447845,1669.5648296285062,True,0.23156799335410813,386.45881140447847,257.6392076029856
9,4,6.0,0.3236842105263158,0.41498614958448754,0.09130193905817174,1.9748956477628798,1.9748956477628798,23.058433765416353,310.5094829078227,1080.1969942067642,1080.1969942067642,202.49868558001643,750.0000000000001,397191.3581149863,1800.3283236779405,True,0.1874645890203759,397.19135811498626,264.7942387433242
9,5,6.0,0.40210526315789474,0.4934072022160665,0.09130193905817174,3.047759111683792,3.047759111683792,20.68810364406688,112.82094547481532,1142.8556606583727,1142.8556606583727,182.31829971188844,750.0000000000002,409770.2149880045,1904.7594344306212,True,0.1595287191445148,409.77021498800445,273.1801433253363
9,6,6.0,0.4805263157894737,0.5718282548476454,0.09130193905817174,4.352466891955995,4.352466891955995,18.924829426776974,49.124157274612024,1194.9402049710975,1194.9402049710975,167.4696907090268,750.0000000000002,423040.5616449621,1991.5670082851625,True,0.14014901332496169,423.0405616449621,282.0270410966414
9,7,6.0,0.5589473684210526,0.6502493074792244,0.09130193905817174,5.8890189885794895,5.8890189885794895,17.54709002396148,24.26112842787471,1239.4332257356675,1239.4332257356675,156.01796033064934,749.9999999999999,436594.51991370495,2065.7220428927794,True,0.12587847178136172,436.59451991370497,291.0630132758033
9,8,6.0,0.6373684210526316,0.7286703601108033,0.09130193905817174,7.657415401554277,7.657415401554277,16.432184064103307,13.146780347998849,1278.2053881960767,1278.2053881960767,146.8902007102037,750.0000000000001,450282.51490182214,2130.3423136601277,True,0.1149190905207409,450.28251490182214,300.1883432678814
9,9,6.0,0.7157894736842104,0.8070914127423822,0.09130193905817174,9.657656130880355,9.657656130880355,15.505933189479233,7.649689999144617,1312.5100590757017,1312.5100590757017,139.43689550956282,750.0000000000003,464056.5148426195,2187.5167651261695,True,0.10623682046883308,464.0565148426195,309.3710098950797
9,10,6.0,0.7942105263157895,0.8855124653739612,0.09130193905817174,11.889741176557727,11.889741176557727,14.72050613793683,4.709147453304971,1343.2292482207226,1343.2292482207226,133.238509243802,750.0000000000001,477911.152917692,2238.7154137012044,True,0.09919268019237469,477.911152917692,318.6074352784613
9,11,6.0,0.8726315789473684,0.9639335180055402,0.09130193905817174,14.353670538586389,14.353670538586389,14.043491620761296,3.0345732088994812,1371.0076792186107,1371.0076792186107,128.0101673972079,750.0000000000001,491859.17665728414,2285.0127986976845,True,0.09336940218319255,491.85917665728414,327.90611777152276
9,12,6.0,0.9510526315789474,1.0423545706371191,0.09130193905817174,17.049444216966346,17.049444216966346,13.452044220699065,2.030894497858373,1396.3311494781942,1396.3311494781942,123.55057971452293,750.0000000000001,505920.47727112245,2327.218582463657,True,0.08848229143974443,505.9204772711224,337.2803181807483
9,13,6.0,1.029473684210526,1.1207756232686978,0.09130193905817174,19.977062211697586,19.977062211697586,12.929535929721478,1.403150018006541,1419.5749084013817,1419.5749084013817,119.71281904677733,749.9999999999999,520116.98185129574,2365.9581806689694,True,0.08433004721222417,520.1169818512957,346.7446545675305
9,14,6.0,1.1078947368421053,1.199196675900277,0.09130193905817174,23.136524522780135,23.136524522780135,12.463537148950223,0.9961290543938911,1441.0348782859119,1441.0348782859119,116.38669829553652,749.9999999999999,534470.2449870883,2401.7247971431866,True,0.08076605226514479,534.4702449870882,356.31349665805885
9,15,6.0,1.1863157894736842,1.277617728531856,0.09130193905817174,26.527831150213963,26.527831150213963,12.044545226695323,0.7239476349023102,1460.9485543382893,1460.9485543382893,113.48766984718912,750.0,549000.3424778422,2434.9142572304822,True,0.07768081190140973,549.0003424778422,366.0002283185615
9,16,6.0,1.2647368421052632,1.356038781163435,0.09130193905817174,30.150982093999087,30.150982093999087,11.665154015441944,0.5370002376082013,1479.509433429726,1479.509433429726,110.94957363033151,750.0,563725.4129483806,2465.84905571621,True,0.07499078486653084,563.7254129483806,375.81694196558703
9,17,6.0,1.3431578947368419,1.4344598337950136,0.09130193905817174,34.005977354135496,34.005977354135496,11.319494363384733,0.40555424169699267,1496.8772407596284,1496.8772407596284,108.71974987386344,750.0000000000001,578661.526835494,2494.7954012660475,True,0.07263103941555744,578.661526835494,385.7743512236627
9,18,6.0,1.421578947368421,1.5128808864265928,0.09130193905817174,38.09281693062321,38.09281693062321,11.002846912806676,0.31120317231092587,1513.1853448313404,1513.1853448313402,106.75565594332859,749.9999999999999,593822.7201137759,2521.9755747189006,True,0.07055028407985776,593.822720113776,395.88181340918396
9,19,6.0,1.5,1.5913019390581717,0.09130193905817174,42.411500823462205,42.411500823462205,10.711367811883884,0.24222338087387896,1528.546241538669,1528.546241538669,105.02246891025344,750.0,609221.1081165528,2547.577069231115,True,0.06870742019851193,609.2211081165528,406.1474054110352
10,0,6.0,0.01,0.12224930747922437,0.11224930747922438,0.0018849555921538759,0.0018849555921538759,44.4776870331103,262000472055.0408,733.5054150182118,733.5054150182118,315.4128717253621,70.12305997197532,200540.93606092053,1222.509025030353,True,0.4300075572278234,200.54093606092053,133.69395737394703
10,1,6.0,0.08842105263157896,0.20067036011080333,0.11224930747922438,0.14737115410789753,0.14737115410789753,48.91753408689169,87627.70183813594,689.5357909754649,689.5357909754649,347.21592861996265,750.0000000000001,513347.62989419425,1149.2263182924416,True,0.503550262603145,513.3476298941943,342.2317532627962
10,2,6.0,0.1668421052631579,0.27909141274238225,0.11224930747922438,0.5247016689749331,0.5247016689749331,35.61144251793037,4526.975869561773,843.0132066443052,843.0132066443052,253.172764944159,750.0000000000001,472265.5494287976,1405.0220110738421,True,0.30031885971506594,472.2655494287976,314.8436996191984
10,3,6.0,0.24526315789473685,0.3575124653739612,0.11224930747922438,1.1338765001932607,1.1338765001932607,29.37150759850793,749.8086714546421,944.8588728004236,944.8588728004236,209.28478393349042,750.0000000000002,470825.4521460052,1574.764788000706,True,0.2214984586144605,470.8254521460052,313.88363476400343
10,4,6.0,0.3236842105263158,0.43593351800554014,0.11224930747922438,1.9748956477628798,1.9748956477628798,25.567109960389587,205.4317329004285,1021.5781799328324,1021.5781799328323,182.7110277102584,750.0000000000001,479095.1642495035,1702.630299888054,True,0.1788517328377858,479.0951642495035,319.39677616633566
10,5,6.0,0.40210526315789474,0.5143545706371191,0.11224930747922438,3.047759111683792,3.047759111683792,22.938896289352712,74.64185028847044,1083.1761096640953,1083.1761096640953,164.51670659297756,750.0,490860.30493978277,1805.2935161068256,True,0.15188361811635226,490.8603049397828,327.24020329318853
10,6,6.0,0.4805263157894737,0.592775623268698,0.11224930747922438,4.352466891955995,4.352466891955995,20.98378406176569,32.5003303013214,1134.6050248760323,1134.6050248760323,151.1305459334081,749.9999999999998,504153.7541995984,1891.0083747933872,True,0.13320101940313608,504.1537541995984,336.10250279973224
10,7,6.0,0.5589473684210526,0.671196675900277,0.11224930747922438,5.8890189885794895,5.8890189885794895,19.45615147548933,16.051057791808862,1178.7031463770672,1178.7031463770672,140.80753407920497,749.9999999999999,518216.1714021614,1964.505243961779,True,0.11945970833453654,518.2161714021614,345.47744760144093
10,8,6.0,0.6373684210526316,0.7496177285318559,0.11224930747922438,7.657415401554277,7.657415401554277,18.219947682934258,8.697853101486265,1217.2569173953254,1217.2569173953254,132.5800732581326,749.9999999999999,532723.2736361308,2028.7615289922092,True,0.10891708345500813,532.7232736361309,355.1488490907539
10,9,6.0,0.7157894736842104,0.8280387811634348,0.11224930747922438,9.657656130880355,9.657656130880355,17.1929239829144,5.061001866863648,1251.4670888225028,1251.4670888225028,125.86241038665332,750.0000000000002,547531.5379601873,2085.778481370838,True,0.10057188999278954,547.5315379601873,365.02102530679156
10,10,6.0,0.7942105263157895,0.9064598337950138,0.11224930747922438,11.889741176557727,11.889741176557727,16.322045240804545,3.1155516178011973,1282.1810864713646,1282.1810864713646,120.27620315973817,750.0000000000001,562579.6641168874,2136.9684774522743,True,0.0938059408525087,562.5796641168873,375.0531094112583
10,11,6.0,0.8726315789473684,0.9848808864265928,0.11224930747922438,14.353670538586389,14.353670538586389,15.57137393409299,2.0076605296544034,1310.0199935595276,1310.0199935595276,115.56455347271961,750.0000000000002,577845.8539509767,2183.366655932546,True,0.08821587001791689,577.8458539509768,385.23056930065115
10,12,6.0,0.9510526315789474,1.0633019390581717,0.11224930747922438,17.049444216966346,17.049444216966346,14.915579144775716,1.3436310289977302,1335.4529373098715,1335.4529373098715,111.54594307663245,750.0000000000001,593327.7397182513,2225.7548955164525,True,0.0835266747035878,593.3277397182512,395.5518264788342
10,13,6.0,1.029473684210526,1.1417229916897504,0.11224930747922438,19.977062211697586,19.977062211697586,14.336223796249167,0.9283179921558807,1358.8431117798323,1358.8431117798323,108.08788024991757,750.0000000000002,609032.3911559829,2264.738519633054,True,0.0795440469270529,609.0323911559829,406.02159410398855
10,14,6.0,1.1078947368421053,1.2201440443213296,0.11224930747922438,23.136524522780135,23.136524522780135,13.81952599315486,0.6590346804234319,1380.47753812507,1380.47753812507,105.09100643672664,750.0000000000001,624971.1362218346,2300.795896875117,True,0.07612656021876214,624.9711362218346,416.6474241478897
10,15,6.0,1.1863157894736842,1.2985650969529086,0.11224930747922438,26.527831150213963,26.527831150213963,13.354949228844317,0.4789606287525124,1400.5870243822774,1400.5870243822774,102.47908526862568,750.0,641156.8111083488,2334.3117073037956,True,0.07316866676943806,641.1568111083487,427.4378740722325
10,16,6.0,1.2647368421052632,1.3769861495844875,0.11224930747922438,30.150982093999087,30.150982093999087,12.934281593097579,0.355277038068892,1419.3599697003501,1419.3599697003501,100.19246248390766,750.0000000000002,657602.2901504302,2365.5999495005835,True,0.07058988883916453,657.6022901504301,438.40152676695345
10,17,6.0,1.3431578947368419,1.4554072022160662,0.11224930747922438,34.005977354135496,34.005977354135496,12.551015391111582,0.2683129348473547,1436.9521649291137,1436.9521649291137,98.18365844644482,750.0000000000001,674319.7127156007,2394.920274881856,True,0.06832771531492722,674.3197127156008,449.5464751437338
10,18,6.0,1.421578947368421,1.5338282548476454,0.11224930747922438,38.09281693062321,38.09281693062321,12.199917815709545,0.20589067481369808,1453.4939101191264,1453.4939101191264,96.41431710436186,750.0000000000003,691320.0988590386,2422.489850198544,True,0.06633279742909956,691.3200988590386,460.8800659060257
10,19,6.0,1.5,1.6122493074792243,0.11224930747922438,42.411500823462205,42.411500823462205,11.87672681755833,0.16025394270065893,1469.095286692959,1469.095286692959,94.85304391802056,750.0000000000001,708613.1850674673,2448.4921444882652,True,0.06456561720481842,708.6131850674673,472.40879004497816
11,0,6.0,0.01,0.14540166204986152,0.1354016620498615,0.0018849555921538759,0.0018849555921538759,49.9104461210259,165236141509.88043,680.4812578902505,680.4812578902505,293.45395537932706,73.20134293086664,285071.188792607,1134.1354298170843,True,0.43124472860449586,285.071188792607,190.04745919507133
11,1,6.0,0.08842105263157896,0.22382271468144047,0.1354016620498615,0.14737115410789753,0.14737115410789753,53.72602611136752,60222.77615832188,647.9874624664004,647.9874624664004,316.20927647764336,750.0000000000001,648150.185479235,1079.9791041106673,True,0.4879867201042327,648.150185479235,432.10012365282336
11,2,6.0,0.1668421052631579,0.3022437673130194,0.1354016620498615,0.5247016689749331,0.5247016689749331,39.1119733710061,3111.1971299935935,795.7120433293495,795.7120433293494,230.5871252182543,750.0000000000005,578236.2909848557,1326.186738882249,True,0.2897871499511954,578.2362909848557,385.4908606565705
11,3,6.0,0.24526315789473685,0.38066481994459833,0.1354016620498615,1.1338765001932607,1.1338765001932607,32.25866580610249,515.3114692656447,894.5473225560016,894.5473225560016,190.63307664243578,750.0,567405.0137798905,1490.9122042600027,True,0.21310563660035048,567.4050137798905,378.27000918659365
11,4,6.0,0.3236842105263158,0.4590858725761773,0.1354016620498615,1.9748956477628798,1.9748956477628798,28.080303779911528,141.18445430796933,969.4415479331187,969.4415479331187,166.44362373505078,750.0000000000002,571680.818680157,1615.7359132218646,True,0.17169021081251784,571.6808186801569,381.1205457867713
11,5,6.0,0.40210526315789474,0.5375069252077562,0.1354016620498615,3.047759111683792,3.047759111683792,25.19374216244401,51.298155123009586,1029.8567769951471,1029.8567769951471,149.88332600941538,750.0,581699.9149312519,1716.4279616585786,True,0.1455380295177896,581.6999149312519,387.79994328750126
11,6,6.0,0.4805263157894737,0.6159279778393352,0.1354016620498615,4.352466891955995,4.352466891955995,23.046446462636005,22.336088654058422,1080.4949288920045,1080.4949288920045,137.7004790889044,750.0000000000001,594397.6981279695,1800.8248814866743,True,0.12744204105623114,594.3976981279695,396.265132085313
11,7,6.0,0.5589473684210526,0.6943490304709141,0.1354016620498615,5.8890189885794895,5.8890189885794895,21.368650765226704,11.031206344837727,1124.0597976500308,1124.0597976500308,128.30625290644176,749.9999999999999,608535.7069167626,1873.4329960833848,True,0.11414539793583929,608.5357069167626,405.69047127784177
11,8,6.0,0.6373684210526316,0.7727700831024931,0.1354016620498615,7.657415401554277,7.657415401554277,20.010930706815525,5.977662878302364,1162.2583170737632,1162.2583170737632,120.81966895041978,750.0,623549.0444603236,1937.0971951229387,True,0.10395250967496575,623.5490444603237,415.6993629735491
11,9,6.0,0.7157894736842104,0.8511911357340719,0.1354016620498615,9.657656130880355,9.657656130880355,18.882952709677557,3.4782103852041693,1196.2408981998285,1196.2408981998285,114.70742157391201,750.0000000000001,639161.1384607624,1993.7348303330475,True,0.09588990122853204,639.1611384607625,426.1074256405083
11,10,6.0,0.7942105263157895,0.929612188365651,0.1354016620498615,11.889741176557727,11.889741176557727,17.926468395580322,2.1411855355412612,1226.8214423178372,1226.8214423178372,109.62505203165054,750.0000000000002,655231.7321350682,2044.702403863062,True,0.0893569742509029,655.2317321350681,436.82115475671213
11,11,6.0,0.8726315789473684,1.00803324099723,0.1354016620498615,14.353670538586389,14.353670538586389,17.102007658172738,1.3797793179902373,1254.5978163704633,1254.5978163704633,105.33867485927422,750.0000000000003,671689.5505810779,2090.9963606174388,True,0.0839621060110066,671.6895505810779,447.7930337207186
11,12,6.0,0.9510526315789474,1.0864542936288089,0.1354016620498615,17.049444216966346,17.049444216966346,16.381749602810128,0.923420208465293,1280.0225613384434,1280.0225613384434,101.68303616650466,750.0000000000001,688499.8380906977,2133.3709355640726,True,0.07943847181895042,688.4998380906976,458.99989206046513
11,13,6.0,1.029473684210526,1.1648753462603876,0.1354016620498615,19.977062211697586,19.977062211697586,15.745444826543025,0.6379932997514266,1303.4467171086314,1303.4467171086314,98.5375190999945,750.0,705647.6771773264,2172.4111951810523,True,0.07559765796838645,705.6476771773264,470.43178478488426
11,14,6.0,1.1078947368421053,1.2432963988919667,0.1354016620498615,23.136524522780135,23.136524522780135,15.177956702317044,0.4529263829493561,1325.1482089388571,1325.1482089388571,95.81167317021017,750.0000000000002,723128.9926607434,2208.5803482314286,True,0.0723026092658221,723.1289926607434,482.08599510716226
11,15,6.0,1.1863157894736842,1.3217174515235457,0.1354016620498615,26.527831150213963,26.527831150213963,14.667713006758989,0.3291691797109127,1345.350916064018,1345.350916064018,93.4360994756188,750.0000000000002,740945.5223256915,2242.2515267733634,True,0.06945109886198099,740.9455223256915,493.96368155046105
11,16,6.0,1.2647368421052632,1.4001385041551246,0.1354016620498615,30.150982093999087,30.150982093999087,14.205694615926138,0.24416673139889405,1364.237879467544,1364.2378794675442,91.35649614371873,750.0000000000001,759101.9332908344,2273.729799112574,True,0.06696522470067666,759.1019332908344,506.0679555272229
11,17,6.0,1.3431578947368419,1.4785595567867034,0.1354016620498615,34.005977354135496,34.005977354135496,13.784754142129401,0.18440001822189042,1381.9606924683644,1381.9606924683644,89.52964546594707,750.0,777604.1441585507,2303.2678207806075,True,0.06478450939587528,777.6041441585506,518.402762772367
11,18,6.0,1.421578947368421,1.5569806094182825,0.1354016620498615,38.09281693062321,38.09281693062321,13.399144404112326,0.14149986547969648,1398.646329817857,1398.646329817857,87.92063603746924,750.0000000000001,796458.3459128047,2331.077216363095,True,0.06286123529807494,796.4583459128047,530.9722306085365
11,19,6.0,1.5,1.6354016620498615,0.1354016620498615,42.411500823462205,42.411500823462205,13.044184401942388,0.11013568902648312,1414.4022128816966,1414.4022128816966,86.50089427608202,750.0000000000001,815670.4376998546,2357.3370214694946,True,0.061157210790730804,815.6704376998546,543.7802917999031
12,0,6.0,0.01,0.1707590027700831,0.1607590027700831,0.0018849555921538759,0.0018849555921538759,55.432334944352355,108597083560.50546,634.5317525887099,634.5317525887099,274.5533576938164,76.0520949706427,395001.28889905644,1057.5529209811832,True,0.4326865544138909,395.0012888990564,263.33419259937097
12,1,6.0,0.08842105263157896,0.24918005540166205,0.1607590027700831,0.14737115410789753,0.14737115410789753,58.54103182480941,42722.647267622444,611.5304128402037,611.5304128402037,290.27717811065946,750.0000000000003,809326.7064456511,1019.2173547336728,True,0.4746733310654012,809.3267064456511,539.5511376304341
12,2,6.0,0.1668421052631579,0.327601108033241,0.1607590027700831,0.5247016689749331,0.5247016689749331,42.617246120101804,2207.1147503283664,753.8304166317386,753.8304166317387,211.69978652689653,750.0000000000001,701275.0041493807,1256.3840277195645,True,0.2808321100557503,701.2750041493807,467.5166694329205
12,3,6.0,0.24526315789473685,0.40602216066481994,0.1607590027700831,1.1338765001932607,1.1338765001932607,35.14973502165223,365.56717472670346,849.720010543679,849.720010543679,175.0370701948776,750.0000000000001,677564.516189077,1416.2000175727983,True,0.20599381916742562,677.564516189077,451.7096774593847
12,4,6.0,0.3236842105263158,0.4844432132963989,0.1607590027700831,1.9748956477628798,1.9748956477628798,30.596902027010433,100.15768162553626,922.7619775097015,922.7619775097014,152.84263371923882,749.9999999999999,676020.4636678462,1537.9366291828358,True,0.1656360333915383,676.0204636678461,450.68030911189743
12,5,6.0,0.40210526315789474,0.5628642659279779,0.1607590027700831,3.047759111683792,3.047759111683792,27.4516424993067,36.39143072777903,981.9280762723249,981.9280762723249,137.6496900936793,750.0000000000003,683178.728954993,1636.5467937872083,True,0.14018306780292528,683.178728954993,455.4524859699953
12,6,6.0,0.4805263157894737,0.6412853185595568,0.1607590027700831,4.352466891955995,4.352466891955995,25.111902991322875,15.845447483141585,1031.6911486974868,1031.6911486974868,126.47386067258384,750.0000000000002,694538.2799888415,1719.4852478291448,True,0.12258887830166758,694.5382799888415,463.025519992561
12,7,6.0,0.5589473684210526,0.7197063711911358,0.1607590027700831,5.8890189885794895,5.8890189885794895,23.28374076853036,7.825649491280323,1074.6305903584173,1074.6305903584173,117.8569667754687,750.0,708229.7893868029,1791.0509839306956,True,0.10967207506735904,708.229789386803,472.1531929245353
12,8,6.0,0.6373684210526316,0.7981274238227147,0.1607590027700831,7.657415401554277,7.657415401554277,21.804339835658947,4.240614580156359,1112.3789487142692,1112.3789487142692,110.99049162454324,749.9999999999998,723369.393824259,1853.964914523782,True,0.09977759085861015,723.3693938242591,482.246262549506
12,9,6.0,0.7157894736842104,0.8765484764542935,0.1607590027700831,9.657656130880355,9.657656130880355,20.575270786493455,2.4674776702256858,1146.0390438328006,1146.0390438328006,105.38500577749959,750.0000000000001,739502.8157401272,1910.065073054668,True,0.09195585991996495,739.5028157401273,493.0018771600848
12,10,6.0,0.7942105263157895,0.9549695290858726,0.1607590027700831,11.889741176557727,11.889741176557727,19.53306493721979,1.5189787021604078,1176.3927604038843,1176.3927604038843,100.7243973564196,750.0000000000001,756383.4668886035,1960.6546006731405,True,0.08562140192178543,756.3834668886035,504.25564459240235
12,11,6.0,0.8726315789473684,1.0333905817174516,0.1607590027700831,14.353670538586389,14.353670538586389,18.634714812331787,0.9788294208604301,1204.015572076266,1204.015572076266,96.7940337317628,750.0000000000003,773872.8434280881,2006.6926201271099,True,0.08039267595588172,773.8728434280881,515.9152289520588
12,12,6.0,0.9510526315789474,1.1118116343490305,0.1607590027700831,17.049444216966346,17.049444216966346,17.849906167567035,0.6550836471295013,1229.3438636437577,1229.3438636437577,93.4422685186322,750.0,791891.7612231472,2048.906439406263,True,0.07600987102312501,791.8917612231471,527.9278408154314
12,13,6.0,1.029473684210526,1.1902326869806092,0.1607590027700831,19.977062211697586,19.977062211697586,17.156574818613066,0.45259890764136124,1252.7167195113643,1252.7167195113643,90.55842025588122,750.0,810394.8432360798,2087.8611991856073,True,0.0722896236997655,810.3948432360797,540.2632288240532
12,14,6.0,1.1078947368421053,1.2686537396121884,0.1607590027700831,23.136524522780135,23.136524522780135,16.538227571570246,0.32131056273584835,1274.4030294366262,1274.4030294366262,88.0594918764629,749.9999999999999,829356.4633359973,2124.005049061044,True,0.06909862095619096,829.3564633359973,552.9043088906649
12,15,6.0,1.1863157894736842,1.3470747922437674,0.1607590027700831,26.527831150213963,26.527831150213963,15.982255083336048,0.2335159495004226,1294.6197213003072,1294.6197213003072,85.8818056524413,750.0,848762.6815295522,2157.699535500512,True,0.066337476742732,848.7626815295522,565.8417876863681
12,16,6.0,1.2647368421052632,1.4254958448753463,0.1607590027700831,30.150982093999087,30.150982093999087,15.478829922775546,0.17321435186945933,1313.54440613368,1313.54440613368,83.9755384600107,750.0000000000001,868606.4687275938,2189.2406768894666,True,0.0639304907149553,868.6064687275938,579.0709791517291
12,17,6.0,1.3431578947368419,1.503916897506925,0.1607590027700831,34.005977354135496,34.005977354135496,15.020164142771558,0.13081524029921915,1331.3243796180468,1331.3243796180468,82.30103903690932,750.0000000000001,888884.8116004716,2218.873966030078,True,0.06181892279364797,888.8848116004716,592.5898744003144
12,18,6.0,1.421578947368421,1.5823379501385042,0.1607590027700831,38.09281693062321,38.09281693062321,14.599995491205535,0.10038143750484894,1348.0831759109017,1348.0831759109017,80.82627865793349,750.0000000000001,909596.928395088,2246.805293184836,True,0.059956447867780156,909.596928395088,606.397952263392
12,19,6.0,1.5,1.6607590027700831,0.1607590027700831,42.411500823462205,42.411500823462205,14.213223450025888,0.07813137311181213,1363.9254341346016,1363.9254341346016,79.52504460772437,750.0,930743.1596158675,2273.2090568910025,True,0.05830600604510487,930.7431596158675,620.4954397439117
13,0,6.0,0.01,0.19832132963988916,0.18832132963988915,0.0018849555921538759,0.0018849555921538759,61.03342115010506,73892437749.6425,594.3688434083439,594.3688434083439,258.1017140576208,78.70386447755222,535202.3063737222,990.6147390139065,True,0.43424502633342027,535.2023063737222,356.80153758248144
13,1,6.0,0.08842105263157896,0.2767423822714681,0.18832132963988915,0.14737115410789753,0.14737115410789753,63.36106625779129,31132.194766967317,579.2690958471507,579.2690958471507,268.2786813732612,750.0000000000001,1000558.4678415292,965.4484930785844,True,0.46313308149283827,1000.5584678415291,667.0389785610195
13,2,6.0,0.1668421052631579,0.355163434903047,0.18832132963988915,0.5247016689749331,0.5247016689749331,46.12617972333051,1608.334938840344,716.475448243949,716.475448243949,195.6792146866371,750.0,843466.5822870916,1194.1257470732485,True,0.27311363587717985,843.4665822870917,562.3110548580611
13,3,6.0,0.24526315789473685,0.433584487534626,0.18832132963988915,1.1338765001932607,1.1338765001932607,38.04382362640335,266.390526146697,809.516417257889,809.516417257889,161.80969800893664,750.0000000000002,802787.4731740316,1349.1940287631483,True,0.1998843933975321,802.7874731740316,535.1916487826877
13,4,6.0,0.3236842105263158,0.5120055401662049,0.18832132963988915,1.9748956477628798,1.9748956477628798,33.11612857146405,72.98537546705778,880.7167231208609,880.716723120861,141.30850484376222,750.0,793280.0249194801,1467.861205201435,True,0.1604471689183202,793.2800249194801,528.85334994632
13,5,6.0,0.40210526315789474,0.5904265927977839,0.18832132963988915,3.047759111683792,3.047759111683792,29.711900953317944,26.51860738331226,938.6046311783232,938.6046311783231,127.27619082985372,750.0000000000001,796266.2630461806,1564.341051963872,True,0.13560149460382626,796.2662630461806,530.8441753641204
13,6,6.0,0.4805263157894737,0.6688476454293628,0.18832132963988915,4.352466891955995,4.352466891955995,27.179516651739785,11.5466523908215,987.4435970951797,987.4435970951797,116.95520493070661,750.0000000000002,805411.8124155354,1645.7393284919663,True,0.11844241562228014,805.4118124155355,536.9412082770236
13,7,6.0,0.5589473684210526,0.7472686980609418,0.18832132963988915,5.8890189885794895,5.8890189885794895,25.200830863026763,5.702587730915108,1029.6982259518218,1029.6982259518218,108.99822978804453,750.0000000000002,818038.7681318839,1716.163709919703,True,0.10585453780624889,818.0387681318839,545.3591787545893
13,8,6.0,0.6373684210526316,0.8256897506925207,0.18832132963988915,7.657415401554277,7.657415401554277,23.599621974020145,3.090155865437692,1066.9318125408959,1066.9318125408959,102.65823600174828,749.9999999999999,832852.5341400511,1778.2196875681598,True,0.09621817888930306,832.8525341400511,555.2350227600341
13,9,6.0,0.7157894736842104,0.9041108033240995,0.18832132963988915,9.657656130880355,9.657656130880355,22.269356294853008,1.7980626278003513,1100.2024952809468,1100.2024952809468,97.4830262799791,749.9999999999999,849168.8246841636,1833.6708254682446,True,0.08860462205649326,849.1688246841636,566.1125497894424
13,10,6.0,0.7942105263157895,0.9825318559556786,0.18832132963988915,11.889741176557727,11.889741176557727,21.14133938412098,1.1068869516981314,1130.26185457555,1130.26185457555,93.1805438244785,749.9999999999999,866602.6577801328,1883.7697576259166,True,0.08244155409409161,866.6026577801329,577.7351051867553
13,11,6.0,0.8726315789473684,1.0609529085872575,0.18832132963988915,14.353670538586389,14.353670538586389,20.16902270278771,0.7132776202508163,1157.6640005651211,1157.6640005651211,89.55249442890928,749.9999999999998,884927.5107105187,1929.4400009418687,True,0.0773562055874534,884.9275107105187,589.9516738070124
13,12,6.0,0.9510526315789474,1.1393739612188365,0.18832132963988915,17.049444216966346,17.049444216966346,19.319596052956218,0.4773625464578075,1182.8297852218393,1182.8297852218393,86.45877976655078,749.9999999999997,904005.6728491047,1971.3829753697323,True,0.0730948618700327,904.0056728491047,602.6704485660698
13,13,6.0,1.029473684210526,1.2177950138504152,0.18832132963988915,19.977062211697586,19.977062211697586,18.569178573620665,0.3298109608176357,1206.086710768268,1206.086710768268,83.79715040103065,750.0000000000002,923751.3906405678,2010.1445179471134,True,0.06947854549168568,923.7513906405677,615.8342604270451
13,14,6.0,1.1078947368421053,1.2962160664819944,0.18832132963988915,23.136524522780135,23.136524522780135,17.899919087258155,0.23414052404372424,1227.694847092052,1227.6948470920522,81.49093513916283,749.9999999999999,944110.2943067461,2046.1580784867538,True,0.06637719082407509,944.1102943067461,629.4068628711641
13,15,6.0,1.1863157894736842,1.3746371191135733,0.18832132963988915,26.527831150213963,26.527831150213963,17.2981700478846,0.1701641748813154,1247.864285191909,1247.864285191909,79.48131214938688,750.0000000000002,965047.4118290904,2079.7738086531817,True,0.06369387528160841,965.0474118290905,643.3649412193936
13,16,6.0,1.2647368421052632,1.4530581717451523,0.18832132963988915,30.150982093999087,30.150982093999087,16.753294872988974,0.12622211599047575,1266.7672550025043,1266.7672550025043,77.72225986946525,749.9999999999999,986539.9419163531,2111.278758337507,True,0.06135480654598354,986.5399419163531,657.6932946109021
13,17,6.0,1.3431578947368419,1.531479224376731,0.18832132963988915,34.005977354135496,34.005977354135496,16.25686438703539,0.09532568321367436,1284.546760674407,1284.546760674407,76.17715439356455,749.9999999999999,1008572.7752445934,2140.9112677906787,True,0.05930274920748728,1008.5727752445933,672.3818501630623
13,18,6.0,1.421578947368421,1.6099002770083102,0.18832132963988915,38.09281693062321,38.09281693062321,15.80210072911095,0.07314842743271392,1301.3228741158127,1301.3228741158127,74.81641407634147,750.0000000000001,1031135.6586376214,2168.871456859688,True,0.05749258355823161,1031.1356586376214,687.423772425081
13,19,6.0,1.5,1.6883213296398891,0.18832132963988915,42.411500823462205,42.411500823462205,15.383483424906565,0.056934700462041264,1317.1974127532433,1317.1974127532433,73.61583043610504,750.0000000000001,1054221.3704701671,2195.3290212554057,True,0.05588822884356503,1054.2213704701671,702.8142469801114
14,0,6.0,0.01,0.22808864265927978,0.21808864265927977,0.0018849555921538759,0.0018849555921538759,66.70505809860835,51788792497.452644,558.9920824764102,558.9920824764102,243.64218884775198,81.17917330117501,710998.0951800896,931.6534707940172,True,0.4358598207122796,710.9980951800895,473.99873012005975
14,1,6.0,0.08842105263157896,0.3065096952908587,0.21808864265927977,0.14737115410789753,0.14737115410789753,68.18506297094666,23213.608908900824,550.5063702274264,550.5063702274264,249.38999955740567,750.0,1225802.649078145,917.5106170457107,True,0.45301928014816095,1225.802649078145,817.2017660520967
14,2,6.0,0.1668421052631579,0.38493074792243764,0.21808864265927977,0.5247016689749331,0.5247016689749331,49.63799782421985,1199.2491549094082,682.939627956729,682.939627956729,181.92502516994244,750.0000000000001,1007055.4450303114,1138.2327132612152,True,0.2663852231188277,1007.0554450303114,671.3702966868742
14,3,6.0,0.24526315789473685,0.4633518005540166,0.21808864265927977,1.1338765001932607,1.1338765001932607,40.940291299200204,198.6331364458484,773.2461333803859,773.2461333803859,150.45488161248917,749.9999999999999,944673.5688174276,1288.7435556339765,True,0.19457566629495882,944.6735688174276,629.7823792116184
14,4,6.0,0.3236842105263158,0.5417728531855955,0.21808864265927977,1.9748956477628798,1.9748956477628798,35.63742603087241,54.42128236841314,842.6392270483959,842.639227048396,131.4083433858577,750.0000000000005,924718.8629155055,1404.3987117473268,True,0.15594852360025535,924.7188629155055,616.4792419436703
14,5,6.0,0.40210526315789474,0.6201939058171745,0.21808864265927977,3.047759111683792,3.047759111683792,31.97401743913038,19.773504091593047,899.2450224592174,899.2450224592172,118.37321417395957,750.0000000000001,922011.4779439769,1498.7417040986954,True,0.13163621840267462,922.0114779439768,614.6743186293179
14,6,6.0,0.4805263157894737,0.6986149584487534,0.21808864265927977,4.352466891955995,4.352466891955995,29.24882998146964,8.609719771249702,947.1354502713912,947.1354502713912,108.78675348125074,749.9999999999999,927924.5991729279,1578.559083785652,True,0.11485870732647491,927.9245991729279,618.6163994486186
14,7,6.0,0.5589473684210526,0.7770360110803324,0.21808864265927977,5.8890189885794895,5.8890189885794895,27.119496889848502,4.252114004330277,988.6692853766349,988.6692853766349,101.39685965234972,750.0000000000001,938766.189990375,1647.7821422943916,True,0.10255892557006305,938.766189990375,625.84412666025
14,8,6.0,0.6373684210526316,0.8554570637119113,0.21808864265927977,7.657415401554277,7.657415401554277,25.396379913212552,2.3041635922157724,1025.3455046774488,1025.3455046774488,95.50931459586903,750.0,952724.7762252502,1708.9091744624147,True,0.0931484208592831,952.7247762252503,635.1498508168335
14,9,6.0,0.7157894736842104,0.9338781163434902,0.21808864265927977,9.657656130880355,9.657656130880355,23.964834415965708,1.340718922899562,1058.180459067709,1058.180459067709,90.70390056178728,750.0000000000002,968825.5656761877,1763.634098446182,True,0.08571685461069686,968.8255656761877,645.8837104507918
14,10,6.0,0.7942105263157895,1.0122991689750693,0.21808864265927977,11.889741176557727,11.889741176557727,22.750935903310896,0.825346269205188,1087.8971979538214,1087.8971979538214,86.70922287986481,750.0000000000002,986508.0982040281,1813.1619965897025,True,0.07970350787092054,986.5080982040281,657.6720654693521
14,11,6.0,0.8726315789473684,1.0907202216066483,0.21808864265927977,14.353670538586389,14.353670538586389,21.704591861771686,0.5318528887511144,1115.0295880171357,1115.0295880171357,83.34102173956009,750.0,1005433.7884112828,1858.3826466952262,True,0.07474332756296267,1005.4337884112828,670.2891922741885
14,12,6.0,0.9510526315789474,1.1691412742382272,0.21808864265927977,17.049444216966346,17.049444216966346,20.790494088032933,0.3559436635988896,1139.9836700821782,1139.9836700821782,80.46911875892197,749.9999999999999,1025390.0977343381,1899.972783470297,True,0.07058795741619805,1025.390097734338,683.5933984895588
14,13,6.0,1.029473684210526,1.247562326869806,0.21808864265927977,19.977062211697586,19.977062211697586,19.982943551007335,0.24592235515669053,1163.0758341673368,1163.0758341673368,77.99850803368881,750.0000000000003,1046239.4325919837,1938.4597236122281,True,0.06706227207405534,1046.2394325919836,697.4929550613225
14,14,6.0,1.1078947368421053,1.3259833795013851,0.21808864265927977,23.136524522780135,23.136524522780135,19.26272997322652,0.1745860385225119,1184.5576367474025,1184.5576367474025,75.85795286142262,750.0,1067890.3686201426,1974.2627279123376,True,0.0640390560223949,1067.8903686201427,711.9269124134283
14,15,6.0,1.1863157894736842,1.404404432132964,0.21808864265927977,26.527831150213963,26.527831150213963,18.615166752376407,0.12688230417316804,1204.6325297971568,1204.6325297971568,73.99280326495182,750.0000000000001,1090280.71851927,2007.7208829952615,True,0.06142354737623694,1090.28071851927,726.85381234618
14,16,6.0,1.2647368421052632,1.482825484764543,0.21808864265927977,30.150982093999087,30.150982093999087,18.028807489411903,0.09411706621358269,1223.4674866445127,1223.4674866445127,72.36030389657881,750.0000000000001,1113367.2050041328,2039.1124777408547,True,0.059143626362343715,1113.3672050041328,742.2448033360886
14,17,6.0,1.3431578947368419,1.5612465373961217,0.21808864265927977,34.005977354135496,34.005977354135496,17.49458125326045,0.07107925238357889,1241.2012941917767,1241.2012941917767,70.92643203173165,750.0000000000002,1137118.9744915168,2068.6688236529612,True,0.057143375827622106,1137.1189744915168,758.0793163276779
14,18,6.0,1.421578947368421,1.639667590027701,0.21808864265927977,38.09281693062321,38.09281693062321,17.0051941503617,0.054542861479391386,1257.950601716173,1257.950601716173,69.66370874222672,750.0000000000001,1161513.4242659623,2096.5843361936218,True,0.05537873160296377,1161.5134242659624,774.3422828439749
14,19,6.0,1.5,1.7180886426592799,0.21808864265927977,42.411500823462205,42.411500823462205,16.554705404926576,0.042453154355618444,1273.814420515998,1273.814420515998,68.54964784240136,749.9999999999998,1186533.4655986603,2123.0240341933304,True,0.053814469940317675,1186.5334655986603,791.0223103991069
15,0,6.0,0.01,0.2600609418282549,0.2500609418282549,0.0018849555921538759,0.0018849555921538759,72.43951986175956,37236478274.82144,527.6149380600914,527.6149380600914,230.82558515754272,83.49594875812797,928163.2640384391,879.3582301001524,True,0.43748872237437186,928.1632640384391,618.7755093589594
15,1,6.0,0.08842105263157896,0.33848199445983385,0.2500609418282549,0.14737115410789753,0.14737115410789753,73.01223659220814,17657.00489149973,524.6917764943773,524.6917764943773,233.00195478082097,750.0000000000001,1489293.5100138725,874.4862941572956,True,0.4440739596446064,1489.2935100138725,992.8623400092483
15,2,6.0,0.1668421052631579,0.4169030470914128,0.2500609418282549,0.5247016689749331,0.5247016689749331,53.15212868029027,912.1868244382783,652.6555894207696,652.6555894207696,169.99323968787786,750.0,1194446.2498100623,1087.7593157012827,True,0.26046392989409084,1194.4462498100625,796.2974998733749
15,3,6.0,0.24526315789473685,0.49532409972299174,0.2500609418282549,1.1338765001932607,1.1338765001932607,43.8386664798533,151.0866438562892,740.3494248592941,740.3494248592941,140.60577342210465,750.0000000000002,1104939.199047398,1233.9157080988236,True,0.18991812338994826,1104.939199047398,736.6261326982653
15,4,6.0,0.3236842105263158,0.5737451523545707,0.2500609418282549,1.9748956477628798,1.9748956477628798,38.1603839247323,41.394548032224115,807.9844395799561,807.9844395799561,122.82202424955477,750.0000000000001,1071690.2115369632,1346.64073263326,True,0.15201038316208887,1071.6902115369633,714.4601410246422
15,5,6.0,0.40210526315789474,0.6521662049861496,0.2500609418282549,3.047759111683792,3.047759111683792,34.23762367226812,15.040352400073283,863.3210177043392,863.3210177043392,110.65263822850793,750.0,1061543.1386822015,1438.8683628405654,True,0.12817090741372758,1061.5431386822015,707.6954257881343
15,6,6.0,0.4805263157894737,0.7305872576177286,0.2500609418282549,4.352466891955995,4.352466891955995,31.319506085405656,6.54882507549734,910.2556309244103,910.2556309244103,101.70393988168442,749.9999999999998,1063053.226089836,1517.0927182073506,True,0.11173118454471846,1063.053226089836,708.7021507265574
15,7,6.0,0.5589473684210526,0.8090083102493075,0.2500609418282549,5.8890189885794895,5.8890189885794895,29.039426480063,3.234292352745135,951.0494547859121,951.0494547859121,94.80646235872796,750.0000000000002,1071279.0265535924,1585.0824246431869,True,0.09968615394461222,1071.2790265535923,714.1860177023949
15,8,6.0,0.6373684210526316,0.8874293628808865,0.2500609418282549,7.657415401554277,7.657415401554277,27.19432113158219,1.7526196800433638,987.1417825197934,987.1417825197934,89.31182233786059,750.0,1083770.6952933036,1645.2363041996557,True,0.09047517177307787,1083.7706952933036,722.5137968622024
15,9,6.0,0.7157894736842104,0.9658504155124653,0.2500609418282549,9.657656130880355,9.657656130880355,25.661429117065275,1.0197932028865555,1019.5099610618885,1019.5099610618884,84.82755794330261,750.0000000000001,1099193.6905325272,1699.1832684364806,True,0.08320424633708236,1099.1936905325272,732.7957936883514
15,10,6.0,0.7942105263157895,1.0442714681440444,0.2500609418282549,11.889741176557727,11.889741176557727,24.361592444000273,0.6277844677114937,1048.8502602390656,1048.8502602390656,81.10020834871139,750.0000000000001,1116769.6319420547,1748.0837670651094,True,0.07732296155432723,1116.7696319420547,744.5130879613698
15,11,6.0,0.8726315789473684,1.1226925207756233,0.2500609418282549,14.353670538586389,14.353670538586389,23.24117229053851,0.4045441230224195,1075.6774434758163,1075.6774434758163,77.95769547572579,750.0,1136020.3572808353,1792.7957391263606,True,0.07247311538282568,1136.0203572808352,757.3469048538902
15,12,6.0,0.9510526315789474,1.2011135734072023,0.2500609418282549,17.049444216966346,17.049444216966346,22.262360802851504,0.2707420045684544,1100.3835015753734,1100.3835015753734,75.27845173363806,749.9999999999999,1156639.8492346583,1833.9725026256224,True,0.06841110542448613,1156.6398492346582,771.0932328231055
15,13,6.0,1.029473684210526,1.279534626038781,0.2500609418282549,19.977062211697586,19.977062211697586,21.397639582390056,0.18705631877281584,1123.2742296199615,1123.2742296199615,72.97375909850624,750.0000000000001,1178425.5621387614,1872.1237160332691,True,0.06496522146973453,1178.4255621387615,785.617041425841
15,14,6.0,1.1078947368421053,1.3579556786703602,0.2500609418282549,23.136524522780135,23.136524522780135,20.62643835668672,0.13279566086760267,1144.5930263828643,1144.5930263828643,70.97709861251919,750.0000000000002,1201239.514453971,1907.6550439714406,True,0.062010773241228424,1201.239514453971,800.826342969314
15,15,6.0,1.1863157894736842,1.436376731301939,0.2500609418282549,26.527831150213963,26.527831150213963,19.933030782812853,0.09651069225049987,1164.5369509032546,1164.5369509032546,69.23744212805315,750.0000000000001,1224985.2371846722,1940.8949181720911,True,0.0594549121643158,1224.985237184672,816.6568247897815
15,16,6.0,1.2647368421052632,1.514797783933518,0.2500609418282549,30.150982093999087,30.150982093999087,19.30516011187369,0.07158841630478413,1183.2678901385977,1183.2678901385977,67.71487005015592,749.9999999999999,1249593.6046663977,1972.1131502309963,True,0.05722699873333366,1249.5936046663976,833.0624031109318
15,17,6.0,1.3431578947368419,1.5932188365650968,0.2500609418282549,34.005977354135496,34.005977354135496,18.73311323462325,0.05406512670848757,1200.9205306515355,1200.9205306515355,66.37761815583818,750.0000000000001,1275013.8552899724,2001.5342177525592,True,0.055272281938444606,1275.0138552899723,850.0092368599816
15,18,6.0,1.421578947368421,1.671639889196676,0.2500609418282549,38.09281693062321,38.09281693062321,18.20907988501347,0.04148702494805707,1217.6081780201873,1217.6081780201873,65.20003333671883,749.9999999999999,1301207.754857017,2029.346963366979,True,0.05354763093225368,1301.2077548570169,867.4718365713446
15,19,6.0,1.5,1.750060941828255,0.2500609418282549,42.411500823462205,42.411500823462205,17.72669870898008,0.0322912114638638,1233.4270890272585,1233.4270890272585,64.16112499879067,750.0,1328145.7217895645,2055.7118150454307,True,0.052018579427658994,1328.1457217895645,885.430481193043
16,0,6.0,0.01,0.2942382271468144,0.2842382271468144,0.0018849555921538759,0.0018849555921538759,78.2297411332694,27376837595.46923,499.61189414451053,499.61189414451053,219.38038317185223,85.66855486628826,1192919.5659124635,832.686490240851,True,0.4391016021496026,1192.9195659124634,795.279710608309
16,1,6.0,0.08842105263157896,0.37265927977839336,0.2842382271468144,0.14737115410789753,0.14737115410789753,77.84199610016472,13666.074724278305,501.38502815025436,501.38502815025436,218.65464497925538,750.0000000000003,1795545.0348242042,835.6417135837573,True,0.4361012649020091,1795.545034824204,1197.0300232161362
16,2,6.0,0.1668421052631579,0.4510803324099723,0.2842382271468144,0.5247016689749331,0.5247016689749331,56.66814203426495,706.0095062485331,625.1632879051389,625.1632879051389,159.54867139072246,749.9999999999999,1408205.542259224,1041.9388131752314,True,0.25521119758224203,1408.205542259224,938.8036948394827
16,3,6.0,0.24526315789473685,0.5295013850415513,0.2842382271468144,1.1338765001932607,1.1338765001932607,46.73859430194942,116.93723694750007,710.368022069092,710.368022069092,131.98541471575547,750.0000000000001,1285418.7596395304,1183.9467034484867,True,0.18579864326004003,1285.4187596395304,856.9458397596869
16,4,6.0,0.3236842105263158,0.6079224376731303,0.2842382271468144,1.9748956477628798,1.9748956477628798,40.68469335134448,32.0383320989188,776.3026987950067,776.3026987950067,115.30786040462415,750.0000000000002,1235642.2659168513,1293.8378313250112,True,0.14853466384131786,1235.6422659168513,823.7615106112343
16,5,6.0,0.40210526315789474,0.6863434903047092,0.2842382271468144,3.047759111683792,3.047759111683792,36.50244250509681,11.640851947536705,830.394060464774,830.394060464774,103.89693548724794,750.0000000000002,1216070.76661789,1383.9901007746234,True,0.12511762840535795,1216.07076661789,810.7138444119266
16,6,6.0,0.4805263157894737,0.7647645429362881,0.2842382271468144,4.352466891955995,4.352466891955995,33.39129143756997,5.06862479723607,876.3775121290829,876.3775121290829,95.5070186450511,749.9999999999998,1211845.4086717768,1460.6291868818048,True,0.10897931236622573,1211.8454086717768,807.8969391145179
16,7,6.0,0.5589473684210526,0.8431855955678671,0.2842382271468144,5.8890189885794895,5.8890189885794895,30.960384564541922,2.503260391237435,916.4241264059698,916.4241264059698,89.04101062472348,749.9999999999999,1216508.4347304038,1527.3735440099497,True,0.09716135581668318,1216.508434730404,811.0056231536025
16,8,6.0,0.6373684210526316,0.921606648199446,0.2842382271468144,7.657415401554277,7.657415401554277,28.993225495808996,1.3564832573753107,951.9178057328081,951.9178057328081,83.89066938187032,749.9999999999998,1226833.814918887,1586.529676221347,True,0.08812805987728044,1226.8338149188871,817.8892099459248
16,9,6.0,0.7157894736842104,1.0000277008310248,0.2842382271468144,9.657656130880355,9.657656130880355,27.358932673327054,0.7892941186570095,983.7995179293318,983.7995179293318,79.68784203751599,750.0000000000002,1241048.7165612786,1639.6658632155531,True,0.08100008242049181,1241.0487165612785,827.3658110408523
16,10,6.0,0.7942105263157895,1.078448753462604,0.2842382271468144,11.889741176557727,11.889741176557727,25.973111803317238,0.48588928299027306,1012.7404366014514,1012.7404366014514,76.19477510916595,750.0000000000003,1258108.701824602,1687.9007276690857,True,0.07523623265686906,1258.108701824602,838.7391345497347
16,11,6.0,0.8726315789473684,1.1568698060941829,0.2842382271468144,14.353670538586389,14.353670538586389,24.77857585582341,0.31310690847424055,1039.237340895853,1039.237340895853,73.25006033870434,749.9999999999998,1277364.8292746285,1732.062234826422,True,0.07048443840129978,1277.3648292746286,851.5765528497524
16,12,6.0,0.9510526315789474,1.2352908587257618,0.2842382271468144,17.049444216966346,17.049444216966346,23.73501598745664,0.20954745655728976,1063.668936092285,1063.668936092285,70.73967256721197,750.0000000000001,1298396.4558347675,1772.7815601538086,True,0.06650534782664229,1298.3964558347675,865.5976372231784
16,13,6.0,1.029473684210526,1.3137119113573406,0.2842382271468144,19.977062211697586,19.977062211697586,22.813093457582056,0.1447768546084714,1086.3309557639595,1086.3309557639595,68.58040177823966,750.0,1320921.2205858023,1810.5515929399326,True,0.0631303024316477,1320.9212205858023,880.6141470572015
16,14,6.0,1.1078947368421053,1.3921329639889197,0.2842382271468144,23.136524522780135,23.136524522780135,21.990877270192343,0.10278047922783559,1107.459019173744,1107.459019173744,66.70986185070966,750.0,1344743.8167910238,1845.7650319562401,True,0.060236867184919156,1344.7438167910238,896.4958778606825
16,15,6.0,1.1863157894736842,1.4705540166204987,0.2842382271468144,26.527831150213963,26.527831150213963,21.25160078476175,0.07469683222561162,1127.2440637034708,1127.2440637034708,65.08019761419118,749.9999999999995,1369725.4897760814,1878.7401061724515,True,0.05773390138811231,1369.7254897760813,913.1503265173876
16,16,6.0,1.2647368421052632,1.5489750692520776,0.2842382271468144,30.150982093999087,30.150982093999087,20.58219646844651,0.055407621656428374,1145.8430860479675,1145.8430860479675,63.65397394419653,750.0,1395765.1835409605,1909.7384767466126,True,0.05555208624920902,1395.7651835409606,930.5101223606404
16,17,6.0,1.3431578947368419,1.6273961218836563,0.2842382271468144,34.005977354135496,34.005977354135496,19.972308689816362,0.0418450391850693,1163.3868147623166,1163.3868147623166,62.401405471132605,749.9999999999998,1422787.5177516374,1938.978024603861,True,0.05363771075906632,1422.7875177516373,948.525011834425
16,18,6.0,1.421578947368421,1.7058171745152355,0.2842382271468144,38.09281693062321,38.09281693062321,19.413610533718053,0.03210990689032931,1179.985315023906,1179.985315023906,61.2984389387522,750.0000000000001,1450734.9164603716,1966.64219170651,True,0.05194847610244228,1450.7349164603716,967.156610973581
16,19,6.0,1.5,1.7842382271468145,0.2842382271468144,42.411500823462205,42.411500823462205,18.899319842510934,0.024992580084467152,1195.7321637179266,1195.7321637179266,60.32539433557401,749.9999999999997,1479562.339361293,1992.8869395298777,True,0.05045059099857481,1479.562339361293,986.3748929075286
17,0,6.0,0.01,0.3306204986149584,0.3206204986149584,0.0018849555921538759,0.0018849555921538759,84.0691262748157,20526963820.133823,474.4800934084558,474.4800934084558,209.0922427457,87.70854828905546,1511930.6202176947,790.8001556807596,True,0.4406765334319371,1511.9306202176947,1007.9537468117965
17,1,6.0,0.08842105263157896,0.40904155124653735,0.3206204986149584,0.14737115410789753,0.14737115410789753,82.67388829815862,10740.541861367776,480.22981196319404,480.22981196319404,205.99452708200292,750.0,2149355.048320067,800.3830199386567,True,0.42894989430142005,2149.355048320067,1432.9033655467115
17,2,6.0,0.1668421052631579,0.4874626038781163,0.3206204986149584,0.5247016689749331,0.5247016689749331,60.185707963815894,554.8721786889239,600.0858799725534,600.0858799725534,150.33364702111095,750.0000000000001,1651064.3087201715,1000.143133287589,True,0.2505202205857383,1651.0643087201715,1100.709539146781
17,3,6.0,0.24526315789473685,0.5658836565096952,0.3206204986149584,1.1338765001932607,1.1338765001932607,49.63980265305841,91.90417248019496,682.9232782055632,682.9232782055632,124.38089212107921,750.0000000000001,1488066.6237199241,1138.2054636759387,True,0.18213011049777098,1488.066623719924,992.0444158132827
17,4,6.0,0.3236842105263158,0.6443047091412741,0.3206204986149584,1.9748956477628798,1.9748956477628798,43.210117444133374,25.179801370873314,747.2199237268811,747.2199237268811,108.6800513810029,750.0,1418119.848795536,1245.366539544802,True,0.14544586932177,1418.119848795536,945.4132325303573
17,5,6.0,0.40210526315789474,0.7227257617728531,0.3206204986149584,3.047759111683792,3.047759111683792,38.768261420135204,9.148863895964476,800.0972267904169,800.0972267904169,97.9388763250067,750.0000000000002,1386886.1022984816,1333.4953779840282,True,0.12240871864771692,1386.8861022984815,924.5907348656544
17,6,6.0,0.4805263157894737,0.801146814404432,0.3206204986149584,4.352466891955995,4.352466891955995,35.46399163362512,3.9835708433209636,845.1423993268395,845.1423993268395,90.04242855768072,750.0000000000005,1375421.3055323914,1408.5706655447325,True,0.10654113274804342,1375.4213055323914,916.9475370215943
17,7,6.0,0.5589473684210526,0.879567867036011,0.3206204986149584,5.8890189885794895,5.8890189885794895,32.88219089170501,1.9673807998594388,884.4432069477463,884.4432069477463,83.95748778853422,750.0000000000001,1375450.9515317092,1474.072011579577,True,0.0949269406209533,1375.4509515317093,916.9673010211394
17,8,6.0,0.6373684210526316,0.9579889196675899,0.3206204986149584,7.657415401554277,7.657415401554277,30.792924207126873,1.066097288653119,919.3321059274507,919.3321059274507,79.11124605697259,750.0000000000002,1382817.7023023295,1532.2201765457512,True,0.08605295686607477,1382.8177023023295,921.878468201553
17,9,6.0,0.7157894736842104,1.0364099722991689,0.3206204986149584,9.657656130880355,9.657656130880355,29.057185800849435,0.6203278332224007,950.71613057871,950.7161305787101,75.15700973290654,749.9999999999999,1395222.0349862766,1584.5268842978503,True,0.0790530499226491,1395.2220349862766,930.1480233241845
17,10,6.0,0.7942105263157895,1.1148310249307478,0.3206204986149584,11.889741176557727,11.889741176557727,27.585342765619163,0.38187367545091455,979.2429496261482,979.2429496261482,71.87089190484234,750.0,1411299.280167802,1632.071582710247,True,0.07339434195802068,1411.299280167802,940.8661867785347
17,11,6.0,0.8726315789473684,1.1932520775623268,0.3206204986149584,14.353670538586389,14.353670538586389,26.316658296580602,0.24607928212017144,1005.3924321803198,1005.3924321803198,69.10090416153899,750.0,1430194.6064610188,1675.6540536338664,True,0.06873028078367867,1430.1946064610188,953.4630709740126
17,12,6.0,0.9510526315789474,1.2716731301939057,0.3206204986149584,17.049444216966346,17.049444216966346,25.20832145641556,0.16468907674698618,1029.5307442217158,1029.5307442217158,66.73968051567964,749.9999999999997,1451348.953418999,1715.8845737028598,True,0.06482533998159731,1451.348953418999,967.5659689459993
17,13,6.0,1.029473684210526,1.3500941828254844,0.3206204986149584,19.977062211697586,19.977062211697586,24.229172358590137,0.11378408934914984,1051.9440880289976,1051.9440880289976,64.70887420642008,750.0000000000002,1474383.4269604885,1753.2401467149962,True,0.06151360603933194,1474.3834269604886,982.9222846403256
17,14,6.0,1.1078947368421053,1.4285152354570636,0.3206204986149584,23.136524522780135,23.136524522780135,23.355918682698707,0.08077798943370734,1072.8606869099951,1072.8606869099951,62.94974838441121,750.0000000000001,1499033.2871734418,1788.101144849992,True,0.05867467151370438,1499.0332871734417,999.3555247822945
17,15,6.0,1.1863157894736842,1.5069362880886426,0.3206204986149584,26.527831150213963,26.527831150213963,22.570753031251414,0.05870628323182341,1092.465638018021,1092.465638018021,61.41724977367635,750.0000000000003,1525108.4972160102,1820.7760633633686,True,0.05621893049661598,1525.1084972160102,1016.7389981440068
17,16,6.0,1.2647368421052632,1.5853573407202215,0.3206204986149584,30.150982093999087,30.150982093999087,21.85979672943537,0.043546365130176276,1110.9112565702255,1110.9112565702255,60.07613730120551,750.0000000000001,1552469.237857539,1851.518760950376,True,0.05407825057663176,1552.469237857539,1034.979491905026
17,17,6.0,1.3431578947368419,1.6637783933518002,0.3206204986149584,34.005977354135496,34.005977354135496,21.21205133991582,0.032887160660651615,1128.3244692873693,1128.3244692873693,58.898373252733414,750.0000000000002,1581010.2206831742,1880.5407821456156,True,0.052199854612683026,1581.010220683174,1054.006813788783
17,18,6.0,1.421578947368421,1.7421994459833794,0.3206204986149584,38.09281693062321,38.09281693062321,20.618673070296122,0.025236053956847943,1144.8122184255822,1144.8122184255822,57.86131740386078,750.0000000000002,1610650.364683708,1908.020364042637,True,0.05054219065152476,1610.650364683708,1073.7669097891387
17,19,6.0,1.5,1.8206204986149583,0.3206204986149584,42.411500823462205,42.411500823462205,20.072458773543907,0.019642352177682922,1160.465489617076,1160.465489617076,56.946447365357834,749.9999999999999,1641325.8452719713,1934.1091493617932,True,0.049072073124853295,1641.3258452719713,1094.217230181314
18,0,6.0,0.01,0.369207756232687,0.35920775623268697,0.0018849555921538759,0.0018849555921538759,89.95140570527391,15661704794.337652,451.8112093708225,451.8112093708225,199.78966683799857,89.62524253244494,1892294.8666621433,753.0186822847041,True,0.44219723347771545,1892.2948666621432,1261.5299111080956
18,1,6.0,0.08842105263157896,0.4476288088642659,0.35920775623268697,0.14737115410789753,0.14737115410789753,87.5075599055969,8556.917624815836,460.9346877157807,460.9346877157807,194.74545623237438,750.0,2555810.840069323,768.2244795263011,True,0.42250119468651787,2555.8108400693227,1703.8738933795485
18,2,6.0,0.1668421052631579,0.5260498614958449,0.35920775623268697,0.5247016689749331,0.5247016689749331,63.7045692844434,442.0629412023517,577.111772809355,577.111772809355,142.14690026238245,750.0000000000001,1925921.4246324333,961.8529546822583,True,0.24630739998669152,1925.9214246324334,1283.9476164216221
18,3,6.0,0.24526315789473685,0.6044709141274238,0.35920775623268697,1.1338765001932607,1.1338765001932607,52.54207941325613,73.21943747722123,657.6996686945994,657.6996686945994,117.62589812610538,749.9999999999999,1714959.7844550854,1096.166114490999,True,0.1788443931552664,1714.9597844550854,1143.306522970057
18,4,6.0,0.3236842105263158,0.6828919667590028,0.35920775623268697,1.9748956477628798,1.9748956477628798,45.73647155839163,20.060578779062624,720.4224686160481,720.4224686160481,102.79346527357649,749.9999999999994,1620766.6198175093,1200.7041143600802,True,0.14268497964957372,1620.7666198175093,1080.5110798783396
18,5,6.0,0.40210526315789474,0.7613130193905817,0.35920775623268697,3.047759111683792,3.047759111683792,41.03491475353631,7.2888384709903535,772.1212849744401,772.1212849744401,92.6478327097397,750.0,1575365.0353690465,1286.8688082907336,True,0.11999129477800456,1575.3650353690466,1050.2433569126977
18,6,6.0,0.4805263157894737,0.8397340720221607,0.35920775623268697,4.352466891955995,4.352466891955995,37.53745512947113,3.173684158480137,816.2466525300675,816.2466525300675,85.19021647252622,750.0,1554975.2472382092,1360.4110875501126,True,0.10436822767783188,1554.9752472382092,1036.6501648254728
18,7,6.0,0.5589473684210526,0.9181551246537396,0.35920775623268697,5.8890189885794895,5.8890189885794895,34.80470494995744,1.5673990808223204,854.8091771387966,854.8091771387966,79.44417575972356,750.0000000000002,1549170.067058288,1424.6819618979944,True,0.09293790694390744,1549.170067058288,1032.7800447055254
18,8,6.0,0.6373684210526316,0.9965761772853186,0.35920775623268697,7.657415401554277,7.657415401554277,32.59328568175832,0.8493525556523953,889.0934766498103,889.0934766498103,74.86839984957305,749.9999999999999,1552687.4138643062,1481.8224610830173,True,0.0842075685131381,1552.687413864306,1035.1249425762041
18,9,6.0,0.7157894736842104,1.0749972299168973,0.35920775623268697,9.657656130880355,9.657656130880355,30.756064332981484,0.4942110219184616,919.9749137503073,919.9749137503073,71.13527099905865,750.0000000000001,1562602.2482744365,1533.291522917179,True,0.07732305515709491,1562.6022482744365,1041.7348321829577
18,10,6.0,0.7942105263157895,1.1534182825484764,0.35920775623268697,11.889741176557727,11.889741176557727,29.1981674537087,0.30423619460694584,948.0791410737953,948.0791410737953,68.03322936419205,750.0,1577169.1113627157,1580.131901789659,True,0.07175901928096166,1577.1691113627157,1051.4460742418105
18,11,6.0,0.8726315789473684,1.2318393351800554,0.35920775623268697,14.353670538586389,14.353670538586389,27.855307156932682,0.19604971271048804,973.8701347974584,973.8701347974585,65.41866099096973,749.9999999999999,1595288.0388574991,1623.1168913290976,True,0.06717390610255775,1595.288038857499,1063.5253592383328
18,12,6.0,0.9510526315789474,1.3102603878116343,0.35920775623268697,17.049444216966346,17.049444216966346,26.682169489976214,0.1312066822717519,997.7022370889299,997.7022370889299,63.190120371613936,750.0,1616234.9659944111,1662.8370618148833,True,0.06333565068069653,1616.2349659944111,1077.4899773296074
18,13,6.0,1.029473684210526,1.388681440443213,0.35920775623268697,19.977062211697586,19.977062211697586,25.645772749744765,0.09065102041801182,1019.8526341718938,1019.8526341718938,61.273584781410946,749.9999999999999,1639515.7876522588,1699.7543902864898,True,0.06008082219757588,1639.5157876522587,1093.010525101506
18,14,6.0,1.1078947368421053,1.4671024930747922,0.35920775623268697,23.136524522780135,23.136524522780135,24.721462790108408,0.06435528210812769,1040.5425315446737,1040.5425315446737,59.61356222778572,750.0000000000001,1664782.8071480275,1734.2375525744562,True,0.05729084628505291,1664.7828071480274,1109.8552047653516
18,15,6.0,1.1863157894736842,1.5455235457063712,0.35920775623268697,26.527831150213963,26.527831150213963,23.890391073340354,0.04677090189282574,1059.9514679892545,1059.9514679892545,58.16749098465984,750.0000000000002,1691784.6607079327,1766.585779982091,True,0.05487750405686454,1691.7846607079327,1127.856440471955
18,16,6.0,1.2647368421052632,1.6239445983379501,0.35920775623268697,30.150982093999087,30.150982093999087,23.137867483944657,0.034693096874315356,1078.2272899998572,1078.2272899998572,56.90208114512017,749.9999999999999,1720335.1400478892,1797.0454833330955,True,0.052773734882120914,1720.3351400478891,1146.8900933652594
18,17,6.0,1.3431578947368419,1.7023656509695289,0.35920775623268697,34.005977354135496,34.005977354135496,22.4522505419601,0.02620098020375324,1095.4932847053067,1095.4932847053067,55.790849290602864,750.0000000000001,1750293.1484586846,1825.8221411755112,True,0.050927605006370155,1750.2931484586845,1166.8620989724564
18,18,6.0,1.421578947368421,1.780786703601108,0.35920775623268697,38.09281693062321,38.09281693062321,21.824179387399663,0.020105394836816556,1111.8533961709888,1111.8533961709888,54.81241198099035,750.0000000000001,1781549.4584165467,1853.0889936183148,True,0.04929823677272008,1781.5494584165467,1187.6996389443646
18,19,6.0,1.5,1.859207756232687,0.35920775623268697,42.411500823462205,42.411500823462205,21.246029728804228,0.015648930166792394,1127.3961152654022,1127.3961152654022,53.949276517648826,749.9999999999999,1814017.755985432,1878.993525442337,True,0.04785299131969116,1814.0177559854321,1209.3451706569547
19,0,6.0,0.01,0.41000000000000003,0.4,0.0018849555921538759,0.0018849555921538759,95.87052592358005,12137532700.018486,431.2705782777446,431.2705782777446,191.33377271900258,91.42613669973854,2341536.641858473,718.7842971295744,True,0.4436513464078248,2341.536641858473,1561.0244279056487
19,1,6.0,0.08842105263157896,0.488421052631579,0.4,0.14737115410789753,0.14737115410789753,92.3427314938416,6900.630602343716,443.25895658294445,443.25895658294445,184.6886726959374,750.0000000000001,3020296.348330003,738.7649276382408,True,0.4166608930357343,3020.296348330003,2013.5308988866689
19,2,6.0,0.1668421052631579,0.5668421052631579,0.4,0.5247016689749331,0.5247016689749331,67.2245225750825,356.4967192597786,555.9811001288281,555.9811001288281,134.82898618728478,749.9999999999999,2235848.0089716283,926.6351668813802,True,0.2425064200132759,2235.848008971628,1490.565339314419
19,3,6.0,0.24526315789473685,0.6452631578947369,0.4,1.1338765001932607,1.1338765001932607,55.445256805476205,59.0469971893155,634.4321945363571,634.4321945363571,111.5886797008913,750.0000000000001,1968301.1560483647,1057.3869908939284,True,0.17588747964223395,1968.3011560483646,1312.2007706989098
19,4,6.0,0.3236842105263158,0.7236842105263158,0.4,1.9748956477628798,1.9748956477628798,48.26360964868083,16.177629596674503,695.6454370259629,695.6454370259629,97.53312251978049,750.0,1845327.810959403,1159.4090617099382,True,0.14020522140813002,1845.327810959403,1230.218540639602
19,5,6.0,0.40210526315789474,0.8021052631578948,0.4,3.047759111683792,3.047759111683792,43.3022714728459,5.878002338434192,746.2038423580393,746.2038423580393,87.92031355421064,749.9999999999999,1782969.9778728918,1243.6730705967323,True,0.1178234532756871,1782.9699778728918,1188.6466519152611
19,6,6.0,0.4805263157894737,0.8805263157894737,0.4,4.352466891955995,4.352466891955995,39.61156206072176,2.5593821264176126,789.4315807945819,789.4315807945819,80.85534669440841,749.9999999999999,1751777.8517329653,1315.7193013243032,True,0.10242223475912321,1751.7778517329652,1167.8519011553103
19,7,6.0,0.5589473684210526,0.9589473684210527,0.4,5.8890189885794895,5.8890189885794895,36.727815601115125,1.264011474393586,827.2676552297474,827.2676552297474,75.41256158357778,749.9999999999999,1738798.1426666104,1378.7794253829125,True,0.09115860037176762,1738.7981426666104,1159.1987617777402
19,8,6.0,0.6373684210526316,1.0373684210526317,0.4,7.657415401554277,7.657415401554277,34.394205843010596,0.6849508777221522,860.9521365023348,860.9521365023348,71.07881812724878,750.0,1737471.254605093,1434.9202275038915,True,0.08255838520363092,1737.471254605093,1158.3141697367287
19,9,6.0,0.7157894736842104,1.1157894736842104,0.4,9.657656130880355,9.657656130880355,32.455470059635125,0.39855095624337,891.3307983629512,891.3307983629512,67.54356055408432,749.9999999999999,1744136.796710309,1485.5513306049188,True,0.0757783313200185,1744.136796710309,1162.7578644735395
19,10,6.0,0.7942105263157895,1.1942105263157896,0.4,11.889741176557727,11.889741176557727,30.811492632165123,0.2453478795631706,919.0086610864131,919.0086610864131,64.60625523180133,750.0,1756601.224192821,1531.6811018106885,True,0.07029994162995869,1756.601224192821,1171.067482795214
19,11,6.0,0.8726315789473684,1.2726315789473683,0.4,14.353670538586389,14.353670538586389,29.394433489472735,0.15810210012858508,944.4347623645361,944.434762364536,62.13077933141527,750.0000000000003,1773475.8362407188,1574.0579372742268,True,0.06578620547157901,1773.4758362407188,1182.3172241604793
19,12,6.0,0.9510526315789474,1.3510526315789475,0.4,17.049444216966346,17.049444216966346,28.156474886788118,0.10581016279631716,967.9522986746507,967.9522986746507,60.020983648301325,750.0,1793842.0275570212,1613.253831124418,True,0.062008204051463955,1793.8420275570213,1195.8946850380141
19,13,6.0,1.029473684210526,1.4294736842105262,0.4,19.977062211697586,19.977062211697586,27.062812739111617,0.07310450246898109,989.8299336238329,989.8299336238329,58.206713867793944,749.9999999999998,1817069.7366941506,1649.7165560397216,True,0.05880476220262941,1817.0697366941506,1211.3798244627671
19,14,6.0,1.1078947368421053,1.5078947368421054,0.4,23.136524522780135,23.136524522780135,26.087430651988367,0.05189859814121638,1010.282221041463,1010.282221041463,56.63538113371891,750.0,1842713.2937464116,1683.8037017357717,True,0.05605897040862064,1842.7132937464116,1228.4755291642743
19,15,6.0,1.1863157894736842,1.5863157894736841,0.4,26.527831150213963,26.527831150213963,25.210438624368923,0.037717871206899206,1029.483417452114,1029.483417452114,55.26665303505196,749.9999999999998,1870448.8580405528,1715.8056957535234,True,0.053683869111590295,1870.4488580405528,1246.9659053603687
19,16,6.0,1.2647368421052632,1.6647368421052633,0.4,30.150982093999087,30.150982093999087,24.41633484826874,0.027977860308796402,1047.5771116743254,1047.5771116743254,54.06898559545057,750.0000000000001,1900035.3706267045,1745.9618527905423,True,0.0516133705031346,1900.0353706267044,1266.6902470844698
19,17,6.0,1.3431578947368419,1.743157894736842,0.4,34.005977354135496,34.005977354135496,23.69283460155166,0.021129487711915744,1064.6831143828938,1064.6831143828938,53.01728630245829,749.9999999999999,1931289.3825564005,1774.471857304823,True,0.04979630613676812,1931.2893825564006,1287.5262550376003
19,18,6.0,1.421578947368421,1.8215789473684212,0.4,38.09281693062321,38.09281693062321,23.030059796184332,0.016213771005669314,1080.9024987431746,1080.9024987431746,52.09129646739074,749.9999999999998,1964068.374571168,1801.5041645719577,True,0.048192410072101954,1964.068374571168,1309.3789163807787
19,19,6.0,1.5,1.9,0.4,42.411500823462205,42.411500823462205,22.419964865591712,0.012619904869685075,1096.3213609512627,1096.3213609512627,51.27444497376277,750.0,1998259.438538244,1827.2022682521047,True,0.04676953929755838,1998.259438538244,1332.172959025496
