row_i,col_j,solenoid_length_m,ri,rf,th,v,v_bore,b0,scan,je_tape,je_max,je_coil,stress,length_tape,j_crit,converged,f_tape_min,length_tape_km,pancake_length_m
0,0,8.0,0.01,0.012,0.002,0.0025132741228718345,0.0025132741228718345,2.9654144601416763,5082376017682377.0,2117.606524363004,2117.606524363004,1179.905397901635,17.494476309589942,1026.9355950857469,3529.344207271674,True,0.5571882143008422,1.0269355950857468,0.5134677975428734
0,1,8.0,0.08842105263157896,0.09042105263157896,0.002,0.19649487214386335,0.19649487214386335,4.507882149746952,465743687.04468817,1963.0271561982127,1963.0271561982127,1794.0774702997112,357.4628658061534,13693.146776931017,3271.7119269970212,True,0.9139341066347214,13.693146776931016,6.846573388465508
0,2,8.0,0.1668421052631579,0.1688421052631579,0.002,0.6996022252999108,0.6996022252999108,4.753491577486902,5465791.658059087,1940.654647040769,1940.654647040769,1893.018531293767,750.0000000000002,27431.915086921974,3234.424411734615,True,0.9754535842739249,27.431915086921975,13.715957543460988
0,3,8.0,0.24526315789473685,0.24726315789473685,0.002,1.5118353335910142,1.5118353335910142,3.920571707178181,905305.9039110551,2018.8916120994638,2018.891612099464,1562.8995049985244,749.9999999999999,31942.293424002695,3364.819353499107,True,0.7741374007558786,31.942293424002695,15.971146712001348
0,4,8.0,0.3236842105263158,0.3256842105263158,0.002,2.6331941970171733,2.6331941970171733,3.4127525667122716,248034.68901557894,2070.087707120567,2070.087707120567,1362.3571664026051,750.0000000000001,35802.38876889645,3450.146178534278,True,0.6581156738994433,35.802388768896456,17.901194384448228
0,5,8.0,0.40210526315789474,0.40410526315789475,0.002,4.063678815578389,4.063678815578389,3.0619329799230144,90121.26735464812,2107.152535574007,2107.152535574007,1224.475275321296,750.0000000000002,39248.32384992111,3511.920892623345,True,0.581104241220837,39.24832384992111,19.624161924960553
0,6,8.0,0.4805263157894737,0.4825263157894737,0.002,5.803289189274659,5.803289189274659,2.800960414652814,39240.33159521207,2135.682821308286,2135.682821308286,1122.5129759495285,750.0000000000001,42405.602977551905,3559.4713688471434,True,0.525599103363998,42.40560297755191,21.202801488775954
0,7,8.0,0.5589473684210526,0.5609473684210526,0.002,7.852025318105986,7.852025318105986,2.5970487469717596,19379.767047440855,2158.5711999240275,2158.5711999240275,1043.4085106641153,750.0000000000002,45350.68017145411,3597.618666540046,True,0.48337924211202243,45.35068017145411,22.675340085727054
0,8,8.0,0.6373684210526316,0.6393684210526316,0.002,10.20988720207237,10.20988720207237,2.4320376185118775,10501.636035830928,2177.4903499571287,2177.4903499571287,979.9227406757069,750.0000000000001,48134.40336304472,3629.1505832618814,True,0.4500239189096751,48.134403363044726,24.067201681522363
0,9,8.0,0.7157894736842104,0.7177894736842104,0.002,12.876874841173805,12.876874841173805,2.294948296576497,6110.565327135851,2193.4866168447393,2193.4866168447393,927.6761684013942,750.0,50792.73872834861,3655.8110280745655,True,0.42292310391928756,50.79273872834861,25.396369364174305
0,10,8.0,0.7942105263157895,0.7962105263157895,0.002,15.852988235410304,15.852988235410304,2.1787015378683314,3761.662649303836,2207.2538958105924,2207.2538958105924,883.8423925860005,750.0000000000002,53352.31358808722,3678.756493017654,True,0.4004262465063712,53.35231358808722,26.67615679404361
0,11,8.0,0.8726315789473684,0.8746315789473684,0.002,19.138227384781853,19.138227384781853,2.078500324954313,2424.0142848965106,2219.2736206055297,2219.2736206055297,846.5042229594956,750.0,55833.544949102936,3698.789367675883,True,0.3814330126307393,55.83354494910294,27.91677247455147
0,12,8.0,0.9510526315789474,0.9530526315789474,0.002,22.732592289288462,22.732592289288462,1.9909634326756611,1622.2766547496688,2229.8920825456116,2229.8920825456116,814.3086728046035,749.9999999999999,58252.52745002427,3716.486804242686,True,0.3651785120807285,58.25252745002427,29.126263725012134
0,13,8.0,1.029473684210526,1.031473684210526,0.002,26.636082948930113,26.636082948930113,1.9136298405807517,1120.8349422995623,2239.3658189183407,2239.3658189183407,786.2695878452342,750.0,60622.23433600596,3732.276364863901,True,0.3511126146531157,60.62223433600596,30.31111716800298
0,14,8.0,1.1078947368421053,1.1098947368421053,0.002,30.848699363706846,30.848699363706846,1.8446599117754774,795.7069713691095,2247.889603037634,2247.889603037634,761.6486185099185,749.9999999999999,62953.314816052574,3746.4826717293904,True,0.3388283025468342,62.953314816052576,31.476657408026288
0,15,8.0,1.1863157894736842,1.1883157894736842,0.002,35.37044153361862,35.37044153361862,1.7826472107978533,578.2887041162074,2255.6144226696133,2255.6144226696133,739.8802492156292,750.0000000000001,65254.64257850424,3759.3573711160225,True,0.328017165424909,65.25464257850423,32.627321289252116
0,16,8.0,1.2647368421052632,1.2667368421052632,0.002,40.20130945866545,40.20130945866545,1.7264955942932245,428.9552953073003,2262.659430403144,2262.659430403144,720.5228231321408,750.0000000000001,67533.70462686151,3771.099050671907,True,0.3184406868530645,67.5337046268615,33.76685231343075
0,17,8.0,1.3431578947368419,1.3451578947368419,0.002,45.34130313884732,45.34130313884732,1.6753364012288459,323.95635481485124,2269.1201229156877,2269.1201229156877,703.2255392096496,750.0000000000001,69796.88413018177,3781.8668715261465,True,0.30991111140737915,69.79688413018178,34.89844206509089
0,18,8.0,1.421578947368421,1.423578947368421,0.002,50.790422574164275,50.790422574164275,1.6284711453013625,248.58880747199726,2275.0740824534178,2275.0740824534178,687.7056085814074,749.9999999999999,72049.67085924924,3791.790137422363,True,0.3022783362903912,72.04967085924923,36.024835429624616
0,19,8.0,1.5,1.502,0.002,56.548667764616276,56.548667764616276,1.585330919042405,193.48781359179915,2280.585097019463,2280.585097019463,673.7320694296732,749.9999999999999,74296.82088943466,3800.975161699105,True,0.2954207103739236,74.29682088943466,37.14841044471733
1,0,8.0,0.01,0.013102493074792245,0.003102493074792244,0.0025132741228718345,0.0025132741228718345,4.105451012849723,1383454560320429.8,2000.9335341867527,2000.9335341867527,1053.0330728371578,21.615787803639474,1580.0383476341176,3334.889223644588,True,0.5262708904846988,1.5800383476341175,0.7900191738170588
1,1,8.0,0.08842105263157896,0.0915235457063712,0.003102493074792244,0.19649487214386335,0.19649487214386335,6.552293241408055,104343136.98946539,1792.3620661176142,1792.3620661176142,1681.0571843169193,486.8460509042317,21932.845914787093,2987.270110196024,True,0.9379004477361044,21.93284591478709,10.966422957393545
1,2,8.0,0.1668421052631579,0.16994459833795014,0.003102493074792244,0.6996022252999108,0.6996022252999108,5.920428509622006,2271388.503411741,1841.5491799259348,1841.5491799259348,1519.9068427817174,750.0,36123.34974465041,3069.2486332098915,True,0.8253414349992252,36.12334974465041,18.061674872325206
1,3,8.0,0.24526315789473685,0.2483656509695291,0.003102493074792244,1.5118353335910142,1.5118353335910142,4.883034740006139,376212.9167844169,1929.077967583421,1929.077967583421,1254.8572444958406,750.0,41729.623776503075,3215.1299459723687,True,0.6504958667211441,41.729623776503075,20.864811888251538
1,4,8.0,0.3236842105263158,0.32678670360110806,0.003102493074792244,2.6331941970171733,2.6331941970171733,4.250550834662707,103074.39001020043,1987.0824359841754,1987.0824359841754,1093.8440395754349,749.9999999999997,46533.61924076496,3311.804059973626,True,0.5504774335311703,46.533619240764956,23.266809620382478
1,5,8.0,0.40210526315789474,0.405207756232687,0.003102493074792244,4.063678815578389,4.063678815578389,3.813608378890225,37451.19159095965,2029.4436499182993,2029.4436499182993,983.1405038258844,750.0,50825.30318944404,3382.4060831971656,True,0.48443843408288934,50.82530318944404,25.41265159472202
1,6,8.0,0.4805263157894737,0.48362880886426596,0.003102493074792244,5.803289189274659,5.803289189274659,3.488569533134713,16306.885375700138,2062.264090030691,2062.264090030691,901.2765458343464,750.0,54759.58320989794,3437.1068167178187,True,0.437032555719347,54.75958320989794,27.37979160494897
1,7,8.0,0.5589473684210526,0.5620498614958449,0.003102493074792244,7.852025318105986,7.852025318105986,3.2345994921439716,8053.541522287973,2088.7299340884947,2088.7299340884947,837.7649551677682,749.9999999999999,58431.07386753373,3481.216556814158,True,0.4010882122649151,58.431073867533726,29.215536933766863
1,8,8.0,0.6373684210526316,0.6404709141274239,0.003102493074792244,10.20988720207237,10.20988720207237,3.029079702445453,4364.106217555818,2110.698192112105,2110.698192112105,786.793471716773,750.0,61902.79983387264,3517.830320186842,True,0.37276455471327,61.90279983387264,30.95139991693632
1,9,8.0,0.7157894736842104,0.7188919667590027,0.003102493074792244,12.876874841173805,12.876874841173805,2.8583362569758233,2539.3334948904985,2129.337977910255,2129.337977910255,744.8458255242072,750.0,65219.384860511746,3548.8966298504256,True,0.34980159714016057,65.21938486051175,32.609692430255876
1,10,8.0,0.7942105263157895,0.7973130193905817,0.003102493074792244,15.852988235410304,15.852988235410304,2.713552025598088,1563.213131759946,2145.428760262037,2145.428760262037,709.6527186485523,749.9999999999998,68413.88777278084,3575.7146004367287,True,0.3307743103816121,68.41388777278084,34.20694388639042
1,11,8.0,0.8726315789473684,0.8757340720221607,0.003102493074792244,19.138227384781853,19.138227384781853,2.5887523687638385,1007.334074049725,2159.513821035693,2159.513821035693,679.6748531121901,749.9999999999999,71511.66828804523,3599.1897017261554,True,0.3147351253284506,71.51166828804523,35.755834144022614
1,12,8.0,0.9510526315789474,0.9541551246537396,0.003102493074792244,22.732592289288462,22.732592289288462,2.47972600272487,674.1604461850402,2171.985491574887,2171.985491574887,653.8259263817072,749.9999999999999,74532.72311646593,3619.9758192914783,True,0.3010268387693621,74.53272311646593,37.266361558232965
1,13,8.0,1.029473684210526,1.0325761772853184,0.003102493074792244,26.636082948930113,26.636082948930113,2.3834077499359925,465.77911516396466,2183.1354326552264,2183.1354326552264,631.3141632668118,750.0000000000002,77493.17357440598,3638.5590544253773,True,0.28917773667343183,77.49317357440599,38.74658678720299
1,14,8.0,1.1078947368421053,1.1109972299168975,0.003102493074792244,30.848699363706846,30.848699363706846,2.2975063601577395,330.6675006881129,2193.1857736495926,2193.1857736495926,611.5467492762264,750.0,80406.25405378576,3655.309622749321,True,0.2788394656867466,80.40625405378576,40.20312702689288
1,15,8.0,1.1863157894736842,1.1894182825484765,0.003102493074792244,35.37044153361862,35.37044153361862,2.2202701314105546,240.31620602400275,2202.3091896378123,2202.3091896378123,594.0696371071472,750.0,83282.99245309609,3670.5153160630207,True,0.2697485166489483,83.28299245309609,41.64149622654804
1,16,8.0,1.2647368421052632,1.2678393351800554,0.003102493074792244,40.20130945866545,40.20130945866545,2.1503338275807864,178.25855561142203,2210.642292247048,2210.642292247048,578.5282247510007,749.9999999999999,86132.69278789568,3684.4038204117464,True,0.2617014189857669,86.13269278789568,43.06634639394784
1,17,8.0,1.3431578947368419,1.3462603878116342,0.003102493074792244,45.34130313884732,45.34130313884732,2.086615539621237,134.6247325121991,2218.2948230636625,2218.2948230636625,564.6408576267705,750.0000000000001,88963.28641608273,3697.158038439438,True,0.25453823890142396,88.96328641608272,44.48164320804136
1,18,8.0,1.421578947368421,1.4246814404432133,0.003102493074792244,50.790422574164275,50.790422574164275,2.0282453094902104,103.30466192142133,2225.3561251062165,2225.3561251062165,552.1804876186947,749.9999999999997,91781.5934486111,3708.926875177028,True,0.24813129071300397,91.78159344861109,45.890796724305545
1,19,8.0,1.5,1.5031024930747923,0.003102493074792244,56.548667764616276,56.548667764616276,1.974514568351482,80.4066497292618,2231.899798809782,2231.899798809782,540.961678143789,750.0000000000002,94593.52120663045,3719.832998016304,True,0.24237722429666003,94.59352120663046,47.29676060331523
2,0,8.0,0.01,0.016409972299168976,0.006409972299168975,0.0025132741228718345,0.0025132741228718345,6.890818973185902,174311095985343.88,1767.1740407388588,1767.1740407388588,855.4748318405682,29.474447248831446,3432.7377145350465,2945.290067898098,True,0.48409200911693595,3.4327377145350466,1.7163688572675233
2,1,8.0,0.08842105263157896,0.09483102493074794,0.006409972299168975,0.19649487214386335,0.19649487214386335,11.68963087237824,10299923.56112112,1478.296332082642,1478.296332082642,1451.6059384166883,750.0000000000001,48314.88007465016,2463.8272201377367,True,0.9819451668202734,48.314880074650155,24.157440037325077
2,2,8.0,0.1668421052631579,0.17325207756232688,0.006409972299168975,0.6996022252999108,0.6996022252999108,8.509926463751833,532109.1896904405,1656.675903317766,1656.675903317766,1057.430717136596,750.0000000000001,58285.20552123069,2761.12650552961,True,0.63828460051777,58.28520552123069,29.142602760615343
2,3,8.0,0.24526315789473685,0.2516731301939058,0.006409972299168975,1.5118353335910142,1.5118353335910142,7.018793739315124,88133.91016135938,1757.852874040834,1757.852874040834,873.037231576238,750.0000000000002,66266.75669102358,2929.7547900680565,True,0.4966497734075769,66.26675669102357,33.13337834551179
2,4,8.0,0.3236842105263158,0.33009418282548475,0.006409972299168975,2.6331941970171733,2.6331941970171733,6.109671787207814,24146.82915924901,1826.5095291291047,1826.5095291291047,761.0221774689659,750.0000000000002,73139.28261417577,3044.182548548508,True,0.416653822677743,73.13928261417577,36.569641307087885
2,5,8.0,0.40210526315789474,0.4085152354570637,0.006409972299168975,4.063678815578389,4.063678815578389,5.481617895251884,8773.542342260895,1877.490731153893,1877.490731153893,684.0076038072973,749.9999999999998,79294.93944020796,3129.151218589822,True,0.36432009620996153,79.29493944020797,39.647469720103985
2,6,8.0,0.4805263157894737,0.48693628808864264,0.006409972299168975,5.803289189274659,5.803289189274659,5.014412409914682,3820.1494595070685,1917.4908044272192,1917.4908044272192,627.0566851714948,749.9999999999999,84947.86364855053,3195.818007378699,True,0.327019396246234,84.94786364855052,42.47393182427526
2,7,8.0,0.5589473684210526,0.5653573407202216,0.006409972299168975,7.852025318105986,7.852025318105986,4.649360054445023,1886.6712793193467,1950.0714194886486,1950.0714194886486,582.8734403810943,749.9999999999998,90230.32898893715,3250.1190324810814,True,0.29889850933456397,90.23032898893715,45.11516449446857
2,8,8.0,0.6373684210526316,0.6437783933518005,0.006409972299168975,10.20988720207237,10.20988720207237,4.3539492924811425,1022.3618811395183,1977.3395229017142,1977.339522901714,547.414270310515,750.0000000000001,95231.04075050952,3295.5658715028567,True,0.27684384192513045,95.23104075050952,47.61552037525476
2,9,8.0,0.7157894736842104,0.7221994459833794,0.006409972299168975,12.876874841173805,12.876874841173805,4.108525475142129,594.8796017459971,2000.63785486349,2000.6378548634898,518.2329037488158,750.0000000000003,100013.08033934783,3334.396424772483,True,0.2590338388774397,100.01308033934782,50.00654016967391
2,10,8.0,0.7942105263157895,0.8006204986149584,0.006409972299168975,15.852988235410304,15.852988235410304,3.900415004737342,366.2077498432595,2020.870894065812,2020.870894065812,493.75059107340275,750.0,104623.31996772719,3368.1181567763538,True,0.24432564817637636,104.6233199677272,52.3116599838636
2,11,8.0,0.8726315789473684,0.8790415512465374,0.006409972299168975,19.138227384781853,19.138227384781853,3.721030032748426,235.98416434928103,2038.6746520646902,2038.6746520646902,472.8964449503666,749.9999999999999,109097.79076786246,3397.791086774484,True,0.23196268441923065,109.09779076786246,54.54889538393123
2,12,8.0,0.9510526315789474,0.9574626038781163,0.006409972299168975,22.732592289288462,22.732592289288462,3.5643173292517423,157.93289796177592,2054.511987277073,2054.511987277073,454.91472747553087,750.0000000000001,113464.94596895303,3424.1866454617884,True,0.22142227949638182,113.46494596895303,56.732472984476516
2,13,8.0,1.029473684210526,1.0358836565096952,0.006409972299168975,26.636082948930113,26.636082948930113,3.4258710585100056,109.1162287615479,2068.72935082878,2068.72935082878,439.2546035487754,750.0000000000002,117747.74811163476,3447.8822513812997,True,0.21233062864061944,117.74774811163476,58.87387405581738
2,14,8.0,1.1078947368421053,1.1143047091412743,0.006409972299168975,30.848699363706846,30.848699363706846,3.3023978151528808,77.46416589844745,2081.592217903635,2081.592217903635,425.5036549964688,750.0000000000002,121965.06072318795,3469.3203631727256,True,0.20441258923661434,121.96506072318796,60.98253036159398
2,15,8.0,1.1863157894736842,1.1927257617728533,0.006409972299168975,35.37044153361862,35.37044153361862,3.1913797315956107,56.297925900759836,2093.3080993313647,2093.3080993313647,413.34600387574864,750.0000000000002,126132.60894632,3488.8468322189415,True,0.19746066238781468,126.13260894632,63.06630447316
2,16,8.0,1.2647368421052632,1.2711468144044322,0.006409972299168975,40.20130945866545,40.20130945866545,3.0908544399261513,41.75992589524305,2104.0419908275053,2104.0419908275053,402.53495620985234,750.0000000000002,130263.66242699634,3506.736651379176,True,0.1913150773438405,130.26366242699635,65.13183121349817
2,17,8.0,1.3431578947368419,1.349567867036011,0.006409972299168975,45.34130313884732,45.34130313884732,2.999266821892984,31.538002953593605,2113.9270431165833,2113.9270431165833,392.8745674214769,750.0,134369.53323529183,3523.2117385276388,True,0.18585058018003217,134.36953323529184,67.18476661764592
2,18,8.0,1.421578947368421,1.4279889196675901,0.006409972299168975,50.790422574164275,50.790422574164275,2.9153664141302666,24.200774047982183,2123.072114038103,2123.072114038103,384.20688253183096,750.0000000000001,138459.9470582494,3538.453523396838,True,0.18096741980236644,138.4599470582494,69.2299735291247
2,19,8.0,1.5,1.506409972299169,0.006409972299168975,56.548667764616276,56.548667764616276,2.838134731458929,18.83654741093159,2131.567229376037,2131.567229376037,376.40289559759725,750.0000000000005,142543.32539850377,3552.612048960062,True,0.17658504522410948,142.54332539850378,71.27166269925189
3,0,8.0,0.01,0.021922437673130193,0.011922437673130193,0.0025132741228718345,0.0025132741228718345,10.544989487499798,31785115389686.902,1537.4689423029256,1537.4689423029256,703.8414585385368,37.109694730762975,7298.2411750618,2562.4482371715426,True,0.45779230992742864,7.298241175061801,3.6491205875309003
3,1,8.0,0.08842105263157896,0.10034349030470915,0.011922437673130193,0.19649487214386335,0.19649487214386335,15.942456898942304,2977256.044168137,1296.093989267348,1296.093989267348,1064.3913840976822,750.0000000000002,77417.46469896588,2160.156648778913,True,0.8212300904962596,77.41746469896587,38.708732349482936
3,2,8.0,0.1668421052631579,0.1787645429362881,0.011922437673130193,0.6996022252999108,0.6996022252999108,11.605938403248347,153809.4231245766,1482.4532897403833,1482.4532897403833,775.3724802334724,750.0000000000001,90274.5064704841,2470.755482900639,True,0.5230333296837033,90.27450647048411,45.137253235242056
3,3,8.0,0.24526315789473685,0.257185595567867,0.011922437673130193,1.5118353335910142,1.5118353335910142,9.57231395013522,25475.64699553135,1592.0134275827054,1592.0134275827054,640.172542151363,750.0000000000001,100901.06716302174,2653.3557126378423,True,0.40211503939598897,100.90106716302174,50.45053358151087
3,4,8.0,0.3236842105263158,0.33560664819944597,0.011922437673130193,2.6331941970171733,2.6331941970171733,8.332442674849654,6979.788989234421,1668.046149259191,1668.046149259191,558.0426144735109,749.9999999999997,110151.40144820388,2780.076915431985,True,0.33454866624724233,110.15140144820387,55.075700724101935
3,5,8.0,0.40210526315789474,0.4140277008310249,0.011922437673130193,4.063678815578389,4.063678815578389,7.475895345679518,2536.04619609604,1725.4212276544301,1725.4212276544301,501.57594454791035,750.0000000000001,118483.03013450815,2875.702046090717,True,0.29069767805613594,118.48303013450816,59.24151506725408
3,6,8.0,0.4805263157894737,0.49244875346260386,0.011922437673130193,5.803289189274659,5.803289189274659,6.838714976662236,1104.2376188959827,1771.00022228864,1771.00022228864,459.8203870213142,750.0000000000001,126160.96126774448,2951.6670371477335,True,0.2596388081911669,126.16096126774448,63.08048063387224
3,7,8.0,0.5589473684210526,0.5708698060941828,0.011922437673130193,7.852025318105986,7.852025318105986,6.340852254864558,545.3538986361684,1808.4981805591642,1808.4981805591642,427.4263155343399,750.0000000000001,133353.68560513205,3014.1636342652737,True,0.23634323779202543,133.35368560513206,66.67684280256603
3,8,8.0,0.6373684210526316,0.6492908587257618,0.011922437673130193,10.20988720207237,10.20988720207237,5.937967562310128,295.5199688509543,1840.143895138365,1840.143895138365,401.4288528141073,750.0000000000001,140176.11709958361,3066.906491897275,True,0.21815079455181566,140.17611709958362,70.08805854979181
3,9,8.0,0.7157894736842104,0.7277119113573406,0.011922437673130193,12.876874841173805,12.876874841173805,5.603255656295503,171.95359551365615,1867.3744802604297,1867.3744802604297,380.03433055985664,750.0000000000003,146710.86785929406,3112.2908004340497,True,0.20351265082451803,146.71086785929407,73.35543392964703
3,10,8.0,0.7942105263157895,0.8061329639889196,0.011922437673130193,15.852988235410304,15.852988235410304,5.3194321343324065,105.85459495617633,1891.1677004633923,1891.1677004633923,362.08517228278845,750.0000000000001,153019.7810496905,3151.9461674389872,True,0.19146116560369913,153.0197810496905,76.50989052484525
3,11,8.0,0.8726315789473684,0.8845540166204986,0.011922437673130193,19.138227384781853,19.138227384781853,5.074784786997527,68.21266929483758,1912.217091352378,1912.2170913523782,346.79618009612733,750.0000000000002,159150.64905392288,3187.0284855872974,True,0.18135816360205342,159.15064905392288,79.57532452696144
3,12,8.0,0.9510526315789474,0.9629750692520775,0.011922437673130193,22.732592289288462,22.732592289288462,4.86105814769738,45.65147228903366,1931.031248251374,1931.031248251374,333.6132319599733,749.9999999999998,165141.35920919958,3218.3854137522903,True,0.17276428450449643,165.14135920919958,82.57067960459979
3,13,8.0,1.029473684210526,1.0413961218836563,0.011922437673130193,26.636082948930113,26.636082948930113,4.672243485522265,31.540714809130208,1947.993459863498,1947.993459863498,322.1324457206762,750.0000000000001,171022.57515779513,3246.6557664391635,True,0.16536628708355572,171.02257515779513,85.51128757889757
3,14,8.0,1.1078947368421053,1.1198171745152354,0.011922437673130193,30.848699363706846,30.848699363706846,4.503849215259641,22.391492010499928,1963.3992356430556,1963.3992356430558,312.0514298446572,749.9999999999998,176819.53997620242,3272.3320594050933,True,0.15893427285686684,176.8195399762024,88.4097699881012
3,15,8.0,1.1863157894736842,1.1982382271468144,0.011922437673130193,35.37044153361862,35.37044153361862,4.35244143930522,16.27326058951142,1977.480851381318,1977.480851381318,303.1385783218406,750.0000000000001,182553.329237137,3295.8014189688633,True,0.15329532931259032,182.55332923713698,91.27666461856849
3,16,8.0,1.2647368421052632,1.2766592797783933,0.011922437673130193,40.20130945866545,40.20130945866545,4.215343857081232,12.070962569560747,1990.4239343627746,1990.4239343627748,295.21301235788934,749.9999999999999,188241.74666449957,3317.3732239379583,True,0.1483166511723044,188.24174666449957,94.12087333224979
3,17,8.0,1.3431578947368419,1.355080332409972,0.011922437673130193,45.34130313884732,45.34130313884732,4.090435579915635,9.116253082596817,2002.378985421838,2002.378985421838,288.1310636984363,750.0000000000001,193899.9801566232,3337.298309036397,True,0.14389437054431342,193.8999801566232,96.9499900783116
3,18,8.0,1.421578947368421,1.4335013850415512,0.011922437673130193,50.790422574164275,50.790422574164275,3.9760112110742365,6.99538209000669,2013.469578177208,2013.469578177208,281.77691884187936,749.9999999999998,199541.09271760186,3355.7826302953467,True,0.13994595294405776,199.54109271760186,99.77054635880093
3,19,8.0,1.5,1.5119224376731302,0.011922437673130193,56.548667764616276,56.548667764616276,3.870681728418803,5.444819497704434,2023.7983174684716,2023.7983174684719,276.0559902919483,749.9999999999999,205176.39691548326,3372.9971957807866,True,0.1364048916876565,205.17639691548325,102.58819845774163
4,0,8.0,0.01,0.0296398891966759,0.0196398891966759,0.0025132741228718345,0.0025132741228718345,14.70017162680722,8416252876962.428,1344.0455872720765,1344.0455872720765,595.6337191798094,43.779008096091985,14451.913401530524,2240.075978786794,True,0.44316481882785624,14.451913401530524,7.225956700765262
4,1,8.0,0.08842105263157896,0.10806094182825485,0.0196398891966759,0.19649487214386335,0.19649487214386335,20.461724727736833,1097155.6414641715,1149.2622994547871,1149.2622994547871,829.3249299082553,749.9999999999999,116642.26945329393,1915.4371657579786,True,0.7216150136497901,116.64226945329393,58.32113472664697
4,2,8.0,0.1668421052631579,0.1864819944598338,0.0196398891966759,0.6996022252999108,0.6996022252999108,14.895917129943296,56680.67300494112,1336.23225186804,1336.23225186804,604.1460443862373,750.0000000000002,131419.82667233582,2227.0537531134,True,0.4521265248175584,131.41982667233583,65.70991333616792
4,3,8.0,0.24526315789473685,0.26490304709141277,0.0196398891966759,1.5118353335910142,1.5118353335910142,12.285813554128982,9388.090713879586,1449.4084371404876,1449.4084371404876,498.81182069131034,749.9999999999998,144439.26853643963,2415.6807285674795,True,0.3441485559966847,144.43926853643964,72.21963426821982
4,4,8.0,0.3236842105263158,0.3433240997229917,0.0196398891966759,2.6331941970171733,2.6331941970171733,10.694471335452237,2572.1384899926,1529.4471946158562,1529.4471946158562,434.8256332305299,750.0,156005.3665595698,2549.0786576930936,True,0.28430248181254986,156.0053665595698,78.0026832797849
4,5,8.0,0.40210526315789474,0.42174515235457066,0.0196398891966759,4.063678815578389,4.063678815578389,9.595115334250163,934.5643605328314,1590.6861177383794,1590.6861177383794,390.8341222926334,749.9999999999998,166526.7438003508,2651.143529563966,True,0.24570159878450265,166.5267438003508,83.2633719001754
4,6,8.0,0.4805263157894737,0.5001662049861496,0.0196398891966759,5.803289189274659,5.803289189274659,8.777311065096743,406.9252073437932,1639.863555532632,1639.863555532632,358.3042011533877,749.9999999999999,176280.66976978866,2733.1059258877203,True,0.21849634986065017,176.28066976978866,88.14033488489433
4,7,8.0,0.5589473684210526,0.5785872576177286,0.0196398891966759,7.852025318105986,7.852025318105986,8.138317337203912,200.96965044547457,1680.680325749226,1680.680325749226,333.06785934904536,750.0,185455.5682619428,2801.1338762487103,True,0.19817442629999724,185.4555682619428,92.7277841309714
4,8,8.0,0.6373684210526316,0.6570083102493075,0.0196398891966759,10.20988720207237,10.20988720207237,7.621225415405172,108.90276018592479,1715.3827985918253,1715.3827985918256,312.81510472819565,750.0000000000003,194184.69817991965,2858.971330986376,True,0.18235877437093845,194.18469817991965,97.09234908995982
4,9,8.0,0.7157894736842104,0.7354293628808863,0.0196398891966759,12.876874841173805,12.876874841173805,7.191631474685673,63.36702473319426,1745.4337980402645,1745.4337980402645,296.14846123442817,750.0000000000003,202566.04489026542,2909.0563300671074,True,0.169670406042863,202.56604489026543,101.28302244513272
4,10,8.0,0.7942105263157895,0.8138504155124654,0.0196398891966759,15.852988235410304,15.852988235410304,6.827351438397731,39.008726259391146,1771.837102022114,1771.837102022114,282.1660454350897,750.0,210674.08002911086,2953.0618367035236,True,0.159250557013998,210.67408002911085,105.33704001455543
4,11,8.0,0.8726315789473684,0.8922714681440443,0.0196398891966759,19.138227384781853,19.138227384781853,6.513352993348182,25.137211521581094,1795.3100440766,1795.3100440766,270.2561012520916,750.0000000000003,218566.97528644174,2992.183406794333,True,0.1505345007920875,218.56697528644173,109.28348764322087
4,12,8.0,0.9510526315789474,0.9706925207756233,0.0196398891966759,22.732592289288462,22.732592289288462,6.239040464980361,16.823131642025974,1816.3821809899362,1816.3821809899362,259.98690783768905,750.0000000000003,226291.2090375779,3027.303634983227,True,0.14313447387817638,226.29120903757791,113.14560451878896
4,13,8.0,1.029473684210526,1.049113573407202,0.0196398891966759,26.636082948930113,26.636082948930113,5.996701804980943,11.623143147675995,1835.4549888331528,1835.4549888331528,251.0437986067075,750.0,233884.61902153603,3059.0916480552546,True,0.13677469626553068,233.88461902153603,116.94230951076801
4,14,8.0,1.1078947368421053,1.127534626038781,0.0196398891966759,30.848699363706846,30.848699363706846,5.780572181693675,8.251541491784632,1852.8396780903254,1852.8396780903256,243.1911797522345,750.0000000000001,241378.4926348703,3088.066130150543,True,0.13125322316223573,241.3784926348703,120.68924631743515
4,15,8.0,1.1863157894736842,1.20595567867036,0.0196398891966759,35.37044153361862,35.37044153361862,5.586244277729024,5.996897611736202,1868.7820760818247,1868.7820760818245,236.2486073647489,749.9999999999999,248799.03999536985,3114.6367934697078,True,0.12641848955447962,248.79903999536984,124.39951999768492
4,16,8.0,1.2647368421052632,1.284376731301939,0.0196398891966759,40.20130945866545,40.20130945866545,5.410283131584002,4.448298864667121,1883.4795321618667,1883.4795321618667,230.0751596809767,750.0000000000001,256168.458623013,3139.1325536031113,True,0.12215431904210572,256.168458623013,128.0842293115065
4,17,8.0,1.3431578947368419,1.3627977839335177,0.0196398891966759,45.34130313884732,45.34130313884732,5.249966638349647,3.359451908134716,1897.0927215701104,1897.0927215701104,224.55890604191055,750.0000000000002,263505.7203699863,3161.8212026168508,True,0.11837002139571573,263.5057203699863,131.75286018499315
4,18,8.0,1.421578947368421,1.4412188365650969,0.0196398891966759,50.790422574164275,50.790422574164275,5.103105966107023,2.577884740307152,1909.7540845538047,1909.7540845538047,219.60961767286108,750.0000000000001,270827.16477792774,3182.9234742563413,True,0.11499366303184042,270.82716477792775,135.41358238896387
4,19,8.0,1.5,1.5196398891966758,0.0196398891966759,56.548667764616276,56.548667764616276,4.96791834142206,2.0064832651400892,1921.5739858531974,1921.5739858531974,215.15360314400922,750.0,278146.95456488774,3202.623309755329,True,0.11196737920475071,278.1469545648877,139.07347728244386
5,0,8.0,0.01,0.0395623268698061,0.029562326869806095,0.0025132741228718345,0.0025132741228718345,19.188366157145257,2899054688800.1323,1186.8255420667056,1186.8255420667056,516.5339138016857,49.556145571999245,26711.04434013226,1978.042570111176,True,0.43522311872577973,26.711044340132258,13.355522170066129
5,1,8.0,0.08842105263157896,0.11798337950138504,0.029562326869806095,0.19649487214386335,0.19649487214386335,25.10394810601694,484249.3849298384,1031.8698356815667,1031.8698356815667,675.9880763659513,750.0000000000001,167440.4417728563,1719.7830594692778,True,0.6551098336152547,167.4404417728563,83.72022088642815
5,2,8.0,0.1668421052631579,0.196404432132964,0.029562326869806095,0.6996022252999108,0.6996022252999108,18.275406183855228,25017.034960894744,1215.4678934104782,1215.4678934104782,492.45524671135854,750.0,182243.4735846877,2025.779822350797,True,0.4051569353506983,182.24347358468768,91.12173679234384
5,3,8.0,0.24526315789473685,0.27482548476454294,0.029562326869806095,1.5118353335910142,1.5118353335910142,15.073139239576035,4143.602768878613,1329.2438344863663,1329.2438344863663,406.60435887408045,750.0000000000003,197002.60524397332,2215.4063908106104,True,0.3058914762852345,197.0026052439733,98.50130262198665
5,4,8.0,0.3236842105263158,0.3532465373961219,0.029562326869806095,2.6331941970171733,2.6331941970171733,13.120763620798297,1135.2596064411337,1410.9701151678498,1410.9701151678498,354.4547590543094,750.0,210578.71038503962,2351.616858613083,True,0.25121351277673465,210.5787103850396,105.2893551925198
5,5,8.0,0.40210526315789474,0.43166759002770083,0.029562326869806095,4.063678815578389,4.063678815578389,11.771992861175848,412.48679737126554,1474.2303661249941,1474.2303661249941,318.60194584103806,750.0000000000002,223130.04147392383,2457.0506102083236,True,0.21611408444833585,223.13004147392382,111.56502073696191
5,6,8.0,0.4805263157894737,0.5100886426592798,0.029562326869806095,5.803289189274659,5.803289189274659,10.768650464243049,179.60376260355264,1525.50046999909,1525.50046999909,292.0908833641332,750.0,234875.52396496673,2542.500783331817,True,0.19147216871346323,234.87552396496673,117.43776198248337
5,7,8.0,0.5589473684210526,0.5885096952908587,0.029562326869806095,7.852025318105986,7.852025318105986,9.9846859842915,88.70157153629705,1568.3778007786677,1568.3778007786677,271.52438079792586,750.0,245992.4699652578,2613.9630012977796,True,0.17312434584519082,245.9924699652578,122.9962349826289
5,8,8.0,0.6373684210526316,0.6669307479224377,0.029562326869806095,10.20988720207237,10.20988720207237,9.350279601466903,48.066192839166256,1605.0667166509631,1605.0667166509631,255.01965791971435,750.0,256616.7564113613,2675.111194418272,True,0.15888414810059934,256.6167564113613,128.30837820568064
5,9,8.0,0.7157894736842104,0.7453518005540165,0.029562326869806095,12.876874841173805,12.876874841173805,8.823222174100447,27.968176612511495,1637.0143626745396,1637.0143626745396,241.43769430030244,750.0000000000003,266852.9560359178,2728.3572711242327,True,0.14748660720718643,266.8529560359178,133.4264780179589
5,10,8.0,0.7942105263157895,0.8237728531855956,0.029562326869806095,15.852988235410304,15.852988235410304,8.37629664613485,17.217203270082766,1665.2208041253127,1665.2208041253127,230.04340830455288,749.9999999999999,276782.89369936916,2775.368006875521,True,0.1381458889623874,276.78289369936914,138.39144684968457
5,11,8.0,0.8726315789473684,0.9021939058171745,0.029562326869806095,19.138227384781853,19.138227384781853,7.99106027066897,11.09476063207616,1690.4052101857303,1690.4052101857303,220.33818937714244,750.0,286471.7715631702,2817.342016976217,True,0.13034637378627884,286.4717715631702,143.2358857815851
5,12,8.0,0.9510526315789474,0.9806149584487535,0.029562326869806095,22.732592289288462,22.732592289288462,7.65451349523311,7.425191871021196,1713.1014791321156,1713.1014791321156,211.9701659602517,750.0000000000001,295972.4359685391,2855.1691318868593,True,0.1237347399102353,295.9724359685391,147.98621798426956
5,13,8.0,1.029473684210526,1.0590360110803323,0.029562326869806095,26.636082948930113,26.636082948930113,7.3571946120179685,5.130083378783127,1733.716436886178,1733.716436886178,204.68287213576028,750.0,305328.36733575974,2889.5273948102968,True,0.11806017857417253,305.32836733575976,152.66418366787988
5,14,8.0,1.1078947368421053,1.1374570637119115,0.029562326869806095,30.848699363706846,30.848699363706846,7.0920309017554715,3.6419663182766198,1752.566902265396,1752.566902265396,198.2842904624263,750.0,314575.8085849119,2920.9448371089934,True,0.11313935588200419,314.5758085849119,157.28790429245595
5,15,8.0,1.1863157894736842,1.2158781163434904,0.029562326869806095,35.37044153361862,35.37044153361862,6.8536151434754915,2.6468386710339473,1769.904196354864,1769.904196354864,192.62735345762687,750.0000000000003,323745.30855907884,2949.8403272581068,True,0.10883490408935403,323.74530855907886,161.87265427953943
5,16,8.0,1.2647368421052632,1.2942991689750694,0.029562326869806095,40.20130945866545,40.20130945866545,6.63773307389061,1.963336748033724,1785.930869987349,1785.930869987349,187.59720611527052,749.9999999999998,332862.86226720933,2976.551449978915,True,0.10504169521220012,332.8628622672093,166.43143113360466
5,17,8.0,1.3431578947368419,1.372720221606648,0.029562326869806095,45.34130313884732,45.34130313884732,6.441045014587456,1.4827545507076636,1800.8124327275268,1800.8124327275268,183.10262254331505,749.9999999999999,341950.768403119,3001.354054545878,True,0.10167778676760142,341.950768403119,170.9753842015595
5,18,8.0,1.421578947368421,1.4511412742382273,0.029562326869806095,50.790422574164275,50.790422574164275,6.260865545659504,1.1377958174173073,1814.6857713673962,1814.6857713673962,179.07006487176656,750.0000000000001,351028.2850955786,3024.476285612327,True,0.09867827681088515,351.0282850955786,175.5141425477893
5,19,8.0,1.5,1.5295623268698062,0.029562326869806095,56.548667764616276,56.548667764616276,6.095007429600174,0.885597494371374,1827.6653168913392,1827.6653168913392,175.43947389342307,750.0,360112.13920547283,3046.1088614855653,True,0.09599102870312526,360.11213920547283,180.05606960273641
6,0,8.0,0.01,0.051689750692520776,0.041689750692520774,0.0025132741228718345,0.0025132741228718345,23.921523150287488,1200198504011.5378,1059.2100424856199,1059.2100424856199,456.63010853451834,54.614567676605844,46442.263334334784,1765.3500708093666,True,0.4311043987677427,46.44226333433478,23.22113166716739
6,1,8.0,0.08842105263157896,0.13011080332409974,0.041689750692520774,0.19649487214386335,0.19649487214386335,29.811743105735637,243493.68991814638,936.7874070962549,936.7874070962549,569.261929680372,750.0000000000003,231901.60695416006,1561.312345160425,True,0.6076746179209477,231.90160695416006,115.95080347708003
6,2,8.0,0.1668421052631579,0.2085318559556787,0.041689750692520774,0.6996022252999108,0.6996022252999108,21.7026306780598,12579.241900993045,1115.0818425381317,1115.0818425381317,414.71784489997776,750.0000000000001,243796.81616494758,1858.4697375635528,True,0.371916956298027,243.7968161649476,121.8984080824738
6,3,8.0,0.24526315789473685,0.28695290858725764,0.041689750692520774,1.5118353335910142,1.5118353335910142,17.899836030155026,2083.5155586113647,1227.6975816045885,1227.6975816045885,342.42917603441714,750.0000000000002,259229.99331723517,2046.1626360076477,True,0.2789198098662584,259.2299933172352,129.6149966586176
6,4,8.0,0.3236842105263158,0.3653739612188366,0.041689750692520774,2.6331941970171733,2.6331941970171733,15.581327397684055,570.8392394291334,1309.6421665703422,1309.6421665703422,298.51916482641644,750.0,274279.5088699038,2182.7369442839035,True,0.22793948793522043,274.2795088699038,137.1397544349519
6,5,8.0,0.40210526315789474,0.44379501385041553,0.041689750692520774,4.063678815578389,4.063678815578389,13.979618884561571,207.4095196816833,1373.6938148464653,1373.6938148464653,268.33194352363,749.9999999999999,288548.9564127052,2289.489691410776,True,0.19533606442977314,288.5489564127052,144.2744782063526
6,6,8.0,0.4805263157894737,0.5222160664819945,0.041689750692520774,5.803289189274659,5.803289189274659,12.788117625152724,90.30963020398686,1426.0129472352842,1426.0129472352842,246.01089696220927,750.0000000000002,302091.25576763623,2376.6882453921403,True,0.17251659421407683,302.09125576763626,151.04562788381813
6,7,8.0,0.5589473684210526,0.6006371191135734,0.041689750692520774,7.852025318105986,7.852025318105986,11.857134674517338,44.60154958800976,1470.0528963760978,1470.0528963760978,228.6953751842186,750.0,315024.7853127798,2450.08816062683,True,0.15556948715790242,315.0247853127798,157.5123926563899
6,8,8.0,0.6373684210526316,0.6790581717451524,0.041689750692520774,10.20988720207237,10.20988720207237,11.103756758440749,24.168981972835184,1507.9460305041343,1507.9460305041343,214.79996695525676,750.0,327463.5502167904,2513.2433841735574,True,0.14244539433778353,327.4635502167904,163.7317751083952
6,9,8.0,0.7157894736842104,0.7574792243767312,0.041689750692520774,12.876874841173805,12.876874841173805,10.477859168138897,14.063155753206651,1541.1015475331876,1541.1015475331874,203.3655557290871,749.9999999999999,339504.8714977157,2568.502579221979,True,0.1319611650864997,339.5048714977157,169.75243574885786
6,10,8.0,0.7942105263157895,0.8359002770083103,0.041689750692520774,15.852988235410304,15.852988235410304,9.947120777076334,8.657275537707982,1570.4989948539435,1570.4989948539435,193.77316663135431,750.0000000000002,351229.5172192211,2617.4983247565724,True,0.12338318411300558,351.2295172192211,175.61475860961056
6,11,8.0,0.8726315789473684,0.9143213296398892,0.041689750692520774,19.138227384781853,19.138227384781853,9.489640232108947,5.578745764342533,1596.8464706277114,1596.8464706277114,185.60294742255797,749.9999999999998,362704.3138770881,2661.410784379519,True,0.11623092816781472,362.70431387708805,181.35215693854403
6,12,8.0,0.9510526315789474,0.9927423822714682,0.041689750692520774,22.732592289288462,22.732592289288462,9.089980147966532,3.7335873277095275,1620.672134065019,1620.672134065019,178.55860832212628,750.0,373984.8406546479,2701.1202234416983,True,0.11017565155159431,373.9848406546479,186.99242032732394
6,13,8.0,1.029473684210526,1.0711634349030468,0.041689750692520774,26.636082948930113,26.636082948930113,8.736904443321881,2.5795446940395323,1642.3801653565786,1642.3801653565786,172.4241961648095,750.0000000000001,385117.68398381583,2737.3002755942975,True,0.10498433907193122,385.1176839838158,192.5588419919079
6,14,8.0,1.1078947368421053,1.149584487534626,0.041689750692520774,30.848699363706846,30.848699363706846,8.422014037321775,1.8312791817449137,1662.2865609601033,1662.2865609601033,167.03802664842752,750.0,396142.21578260727,2770.4776016001724,True,0.10048690194063153,396.14221578260725,198.07110789130363
6,15,8.0,1.1863157894736842,1.228005540166205,0.041689750692520774,35.37044153361862,35.37044153361862,8.138887681730784,1.3309020820366877,1680.6428986088927,1680.6428986088927,162.2762654847357,750.0000000000001,407091.9723375561,2801.071497681488,True,0.09655606531230135,407.09197233755606,203.54598616877803
6,16,8.0,1.2647368421052632,1.3064265927977838,0.041689750692520774,40.20130945866545,40.20130945866545,7.882520803803067,0.9872188261011352,1697.6526174014227,1697.6526174014227,158.04220275433886,749.9999999999999,417995.7223525663,2829.421029002371,True,0.09309454780934644,417.9957223525663,208.99786117628315
6,17,8.0,1.3431578947368419,1.3848476454293626,0.041689750692520774,45.34130313884732,45.34130313884732,7.648947428366321,0.7455690973093279,1713.482472856245,1713.482472856245,154.25902527365935,750.0,428878.2989825453,2855.804121427075,True,0.0900266140548968,428.87829898254535,214.43914949127267
6,18,8.0,1.421578947368421,1.4632686980609417,0.041689750692520774,50.790422574164275,50.790422574164275,7.434978533197973,0.5721145149136698,1728.2707856048721,1728.2707856048721,150.8648139023988,749.9999999999999,439761.2537016885,2880.4513093414535,True,0.08729234744866562,439.7612537016885,219.88062685084424
6,19,8.0,1.5,1.5416897506925207,0.041689750692520774,56.548667764616276,56.548667764616276,7.238016703645079,0.4453023760019782,1742.1335024774946,1742.1335024774946,147.80899906347153,749.9999999999999,450663.3753334769,2903.555837462491,True,0.08484366947382149,450.66337533347695,225.33168766673847
7,0,8.0,0.01,0.06602216066481995,0.056022160664819944,0.0025132741228718345,0.0025132741228718345,28.84727481113951,567530530552.2731,954.6724586114638,954.6724586114638,409.7870496131342,59.103046753256436,76575.97027963314,1591.1207643524397,True,0.42924360697401337,76.57597027963314,38.28798513981657
7,1,8.0,0.08842105263157896,0.1444432132963989,0.056022160664819944,0.19649487214386335,0.19649487214386335,34.55832212813622,134842.43849396313,858.4845757110688,858.4845757110688,491.10049666477045,750.0,312600.1556274178,1430.8076261851147,True,0.572055119636832,312.6001556274178,156.3000778137089
7,2,8.0,0.1668421052631579,0.22286426592797784,0.056022160664819944,0.6996022252999108,0.6996022252999108,25.15808952667596,6966.15856002488,1030.655024899103,1030.655024899103,357.7882980268975,749.9999999999998,317467.1383432534,1717.7583748318384,True,0.34714651302643534,317.4671383432534,158.7335691716267
7,3,8.0,0.24526315789473685,0.3012853185595568,0.056022160664819944,1.5118353335910142,1.5118353335910142,20.749819873897383,1153.8135491630674,1141.1226554583998,1141.1226554583998,295.4331715196144,750.0,332050.4559619383,1901.8710924306663,True,0.2588969468851147,332.0504559619383,166.02522798096916
7,4,8.0,0.3236842105263158,0.37970637119113576,0.056022160664819944,2.6331941970171733,2.6331941970171733,18.06216193005911,316.1205329737254,1222.37871290414,1222.37871290414,257.5583752422085,750.0000000000002,347788.2548549844,2037.2978548402334,True,0.21070260183957118,347.7882548549844,173.8941274274922
7,5,8.0,0.40210526315789474,0.4581274238227147,0.056022160664819944,4.063678815578389,4.063678815578389,16.205431897348763,114.8596721752479,1286.4202348441502,1286.4202348441502,231.5211342363433,750.0,363305.67640352994,2144.0337247402504,True,0.17997317514551697,363.30567640352996,181.65283820176498
7,6,8.0,0.4805263157894737,0.5365484764542936,0.056022160664819944,5.803289189274659,5.803289189274659,14.824221674495032,50.01185353216884,1339.0824258250218,1339.0824258250218,212.26931943575516,749.9999999999999,378339.1395210907,2231.804043041703,True,0.15851848649643352,378.3391395210907,189.16956976054536
7,7,8.0,0.5589473684210526,0.6149695290858725,0.056022160664819944,7.852025318105986,7.852025318105986,13.745009077306431,24.699538247083126,1383.6602673948312,1383.6602673948312,197.33524730134855,749.9999999999998,392880.986967371,2306.100445658052,True,0.14261827989965575,392.88098696737103,196.44049348368551
7,8,8.0,0.6373684210526316,0.6933905817174515,0.056022160664819944,10.20988720207237,10.20988720207237,12.871679509972623,13.384348753469917,1422.2010793543325,1422.2010793543325,185.35130317528711,749.9999999999998,406988.85518138786,2370.3351322572207,True,0.1303270724976774,406.98885518138786,203.49442759069393
7,9,8.0,0.7157894736842104,0.7718116343490303,0.056022160664819944,12.876874841173805,12.876874841173805,12.146127486122191,7.787923437852795,1456.0652543457875,1456.0652543457875,175.49013507419068,749.9999999999999,420733.2420201862,2426.7754239096457,True,0.12052353735550038,420.7332420201862,210.3666210100931
7,10,8.0,0.7942105263157895,0.8502326869806094,0.056022160664819944,15.852988235410304,15.852988235410304,11.530885760099803,4.794243927270179,1486.203009030371,1486.203009030371,167.21780715729037,750.0,434181.9176726651,2477.0050150506186,True,0.11251343601193935,434.18191767266507,217.09095883633253
7,11,8.0,0.8726315789473684,0.9286537396121883,0.056022160664819944,19.138227384781853,19.138227384781853,11.000565879633086,3.089409351243125,1513.3042398638406,1513.3042398638406,160.1721517983605,749.9999999999998,447395.6266552342,2522.173733106401,True,0.10584266374141128,447.3956266552342,223.6978133276171
7,12,8.0,0.9510526315789474,1.0070747922437673,0.056022160664819944,22.732592289288462,22.732592289288462,10.537272543159437,2.0675937013716945,1537.8855708894605,1537.8855708894605,154.09758900391265,750.0000000000001,460427.4793806548,2563.142618149101,True,0.10020094597466564,460.4274793806548,230.2137396903274
7,13,8.0,1.029473684210526,1.085495844875346,0.056022160664819944,26.636082948930113,26.636082948930113,10.127980678089642,1.4285055882367257,1560.343789974121,1560.343789974121,148.80783858539561,750.0000000000001,473323.52542347164,2600.5729832902016,True,0.09536862295447317,473.32352542347166,236.66176271173583
7,14,8.0,1.1078947368421053,1.1639168975069252,0.056022160664819944,30.848699363706846,30.848699363706846,9.762953915078336,1.0141295674344684,1580.9901513390193,1580.9901513390193,144.16343346737176,750.0000000000001,486123.6341226751,2634.983585565032,True,0.09118553543503896,486.1236341226751,243.06181706133756
7,15,8.0,1.1863157894736842,1.2423379501385041,0.056022160664819944,35.37044153361862,35.37044153361862,9.434748624808131,0.73702970372188,1600.0732246755342,1600.0732246755342,140.0575564308251,750.0,498862.376941969,2666.788707792557,True,0.08753196683184684,498.862376941969,249.4311884709845
7,16,8.0,1.2647368421052632,1.320759002770083,0.056022160664819944,40.20130945866545,40.20130945866545,9.137563414302745,0.5467040804358163,1617.794596006782,1617.794596006782,136.4067879701781,750.0000000000002,511569.8139705632,2696.32432667797,True,0.08431650612931474,511.5698139705632,255.7849069852816
7,17,8.0,1.3431578947368419,1.3991800554016618,0.056022160664819944,45.34130313884732,45.34130313884732,8.866800852037601,0.41288279454275806,1634.3199470584805,1634.3199470584805,133.14487162151667,750.0000000000001,524272.1639815307,2723.866578430801,True,0.08146805762308448,524.2721639815308,262.1360819907654
7,18,8.0,1.421578947368421,1.477601108033241,0.056022160664819944,50.790422574164275,50.790422574164275,8.618764164669042,0.31682675766539575,1649.7870550736136,1649.7870550736134,130.21839857301393,750.0000000000003,536992.3648477788,2749.645091789356,True,0.07893042812558836,536.9923648477788,268.4961824238894
7,19,8.0,1.5,1.55602216066482,0.056022160664819944,56.548667764616276,56.548667764616276,8.390442381253216,0.24660046947190786,1664.3116860745486,1664.3116860745486,127.58375015727317,750.0000000000001,549750.5393222822,2773.8528101242478,True,0.07665856775793761,549.7505393222822,274.8752696611411
8,0,8.0,0.01,0.0825595567867036,0.0725595567867036,0.0025132741228718345,0.0025132741228718345,33.93130411547566,296487364977.02826,867.9969698198981,867.9969698198981,372.16119161102705,63.13448210985513,120619.45767822047,1446.661616366497,True,0.4287586299849034,120.61945767822047,60.309728839110235
8,1,8.0,0.08842105263157896,0.16098060941828257,0.0725595567867036,0.19649487214386335,0.19649487214386335,39.32964549088325,80381.67735899176,792.9621558644218,792.9621558644218,431.5512900379787,749.9999999999998,412536.64471767214,1321.6035931073698,True,0.5442268421593678,412.5366447176721,206.26832235883606
8,2,8.0,0.1668421052631579,0.23940166204986152,0.0725595567867036,0.6996022252999108,0.6996022252999108,28.631561990866587,4152.635594976775,958.7760747202534,958.7760747202535,314.4167518094521,750.0000000000002,404909.93249717966,1597.960124533756,True,0.3279355420932786,404.9099324971797,202.45496624858984
8,3,8.0,0.24526315789473685,0.31782271468144047,0.0725595567867036,1.5118353335910142,1.5118353335910142,23.614660937940634,687.8062238944983,1066.568300027231,1066.568300027231,259.6307875100045,750.0000000000001,416605.86616096034,1777.6138333787185,True,0.24342631175460186,416.6058661609603,208.30293308048016
8,4,8.0,0.3236842105263158,0.3962437673130194,0.0725595567867036,2.6331941970171733,2.6331941970171733,20.55592927440728,188.444372349319,1146.5866901642544,1146.5866901642544,226.35487478619606,750.0,431971.64258616883,1910.977816940424,True,0.19741627626409092,431.97164258616885,215.98582129308443
8,5,8.0,0.40210526315789474,0.47466481994459836,0.0725595567867036,4.063678815578389,4.063678815578389,18.44284827215226,68.46963918383669,1210.1013088975476,1210.1013088975476,203.4800669038336,750.0000000000001,448093.96433304425,2016.835514829246,True,0.16815126585493273,448.09396433304425,224.04698216652213
8,6,8.0,0.4805263157894737,0.5530858725761773,0.0725595567867036,5.803289189274659,5.803289189274659,16.870940116084885,29.812844677441237,1262.632738804379,1262.632738804379,186.56719865577136,750.0,464193.54514057876,2104.387898007298,True,0.14776046345229166,464.19354514057875,232.09677257028937
8,7,8.0,0.5589473684210526,0.6315069252077562,0.0725595567867036,7.852025318105986,7.852025318105986,15.642725137957642,14.723779371447643,1307.3168321291314,1307.3168321291316,173.4480025344851,750.0,480047.7143036754,2178.861386881886,True,0.1326748025205206,480.0477143036754,240.0238571518377
8,8,8.0,0.6373684210526316,0.7099279778393351,0.0725595567867036,10.20988720207237,10.20988720207237,14.648818600696089,7.978618713646361,1346.1120412934476,1346.1120412934476,162.92081259383724,749.9999999999998,495611.9141516122,2243.5200688224127,True,0.1210306479669333,495.6119141516122,247.8059570758061
8,9,8.0,0.7157894736842104,0.788349030470914,0.0725595567867036,12.876874841173805,12.876874841173805,13.823092635835152,4.642502435210998,1380.3256046781887,1380.3256046781887,154.25867475847136,749.9999999999999,510903.77459443914,2300.542674463648,True,0.11175528022928725,510.90377459443914,255.45188729721957
8,10,8.0,0.7942105263157895,0.866770083102493,0.0725595567867036,15.852988235410304,15.852988235410304,13.122907051421057,2.85792346123576,1410.874314841918,1410.874314841918,146.99244909405033,750.0000000000002,525962.149738708,2351.4571914031967,True,0.10418536048728065,525.962149738708,262.981074869354
8,11,8.0,0.8726315789473684,0.945191135734072,0.0725595567867036,19.138227384781853,19.138227384781853,12.519368117493988,1.8416450227025134,1438.4262449692515,1438.4262449692515,140.80392137780515,749.9999999999999,540831.4121877144,2397.3770749487526,True,0.09788748075909519,540.8314121877144,270.4157060938572
8,12,8.0,0.9510526315789474,1.023612188365651,0.0725595567867036,22.732592289288462,22.732592289288462,11.992109802861815,1.2325248020531998,1463.483354504818,1463.483354504818,135.46853111157407,750.0000000000001,555555.2475672525,2439.1389241746965,True,0.09256581613626279,555.5552475672525,277.77762378362627
8,13,8.0,1.029473684210526,1.1020332409972298,0.0725595567867036,26.636082948930113,26.636082948930113,11.52630871750207,0.8515544259035462,1486.4323575303351,1486.4323575303351,130.8226081055223,749.9999999999998,570174.2906165448,2477.3872625505587,True,0.08801114120179698,570.1742906165448,285.0871453082724
8,14,8.0,1.1078947368421053,1.180454293628809,0.0725595567867036,30.848699363706846,30.848699363706846,11.110884232172943,0.6045384272206005,1507.577472004791,1507.577472004791,126.74361435035188,750.0000000000002,584725.3805246574,2512.629120007985,True,0.08407104557075068,584.7253805246575,292.3626902623287
8,15,8.0,1.1863157894736842,1.2588753462603879,0.0725595567867036,35.37044153361862,35.37044153361862,10.737365006711176,0.4393548834495277,1527.162293540123,1527.162293540123,123.13769940022362,749.9999999999999,599241.505011745,2545.2704892335387,True,0.08063170490857095,599.2415050117451,299.62075250587253
8,16,8.0,1.2647368421052632,1.3372963988919668,0.0725595567867036,40.20130945866545,40.20130945866545,10.399148674015025,0.3258988156492247,1545.384864383423,1545.384864383423,119.93157096299792,749.9999999999998,613752.0263659896,2575.6414406390386,True,0.07760628030406404,613.7520263659895,306.87601318299477
8,17,8.0,1.3431578947368419,1.4157174515235456,0.0725595567867036,45.34130313884732,45.34130313884732,10.091003054369297,0.24612586325706806,1562.4083324293595,1562.4083324293595,117.06701681677505,750.0000000000001,628283.0074571329,2604.0138873822657,True,0.0749272865402284,628.283007457133,314.1415037285665
8,18,8.0,1.421578947368421,1.4941385041551247,0.0725595567867036,50.790422574164275,50.790422574164275,9.808720976357293,0.18886536388538697,1578.3686649715805,1578.3686649715805,114.49711311356742,750.0000000000001,642857.5563896762,2630.614441619301,True,0.07254142562164272,642.8575563896761,321.42877819483806
8,19,8.0,1.5,1.5725595567867037,0.0725595567867036,56.548667764616276,56.548667764616276,9.548875756838386,0.1470023799262143,1593.3803434393324,1593.3803434393324,112.1835379233153,749.9999999999999,657496.1547902104,2655.6339057322207,True,0.07040600091825261,657.4961547902104,328.7480773951052
9,0,8.0,0.01,0.10130193905817174,0.09130193905817174,0.0025132741228718345,0.0025132741228718345,39.149412227456345,167304419092.37286,795.2375782590897,795.2375782590897,341.2611335449576,66.79295097993872,182667.4961417417,1325.3959637651494,True,0.42913104570842375,182.66749614174168,91.33374807087084
9,1,8.0,0.08842105263157896,0.1797229916897507,0.09130193905817174,0.19649487214386335,0.19649487214386335,44.117685630390305,50767.56164861221,737.3438688938927,737.3438688938927,384.7477247756512,750.0000000000002,535109.6127292825,1228.9064481564878,True,0.5218022974176493,535.1096127292825,267.55480636464125
9,2,8.0,0.1668421052631579,0.25814404432132965,0.09130193905817174,0.6996022252999108,0.6996022252999108,32.117204090051814,2622.7268514274465,896.8751706146884,896.8751706146885,280.32971276188505,749.9999999999998,508019.6581564098,1494.7919510244808,True,0.31256268647704494,508.0196581564098,254.0098290782049
9,3,8.0,0.24526315789473685,0.3365650969529086,0.09130193905817174,1.5118353335910142,1.5118353335910142,26.489539240058015,434.4055264972279,1001.7388977771037,1001.7388977771037,231.49378136571042,750.0000000000001,514219.1063703125,1669.5648296285062,True,0.2310919361116992,514.2191063703125,257.10955318515624
9,4,8.0,0.3236842105263158,0.41498614958448754,0.09130193905817174,2.6331941970171733,2.6331941970171733,23.058433765416353,119.01793549108994,1080.1969942067642,1080.1969942067642,201.83315006717382,750.0000000000001,527847.9232803332,1800.3283236779405,True,0.1868484648167242,527.8479232803331,263.92396164016657
9,5,8.0,0.40210526315789474,0.4934072022160665,0.09130193905817174,4.063678815578389,4.063678815578389,20.688103644066874,43.24414148263388,1142.8556606583727,1142.8556606583727,181.4445002022537,749.9999999999998,543741.7379294871,1904.7594344306212,True,0.15876414358198804,543.7417379294872,271.8708689647436
9,6,8.0,0.4805263157894737,0.5718282548476454,0.09130193905817174,5.803289189274659,5.803289189274659,18.924829426776974,18.82923422116408,1194.9402049710975,1194.9402049710975,166.3704760992722,750.0000000000002,560351.8212933339,1991.5670082851625,True,0.13922912243403532,560.3518212933338,280.1759106466669
9,7,8.0,0.5589473684210526,0.6502493074792244,0.09130193905817174,7.852025318105986,7.852025318105986,17.547090023961484,9.299263233860788,1239.4332257356675,1239.4332257356675,154.6781630405604,750.0000000000001,577127.0452086178,2065.7220428927794,True,0.12479749600770218,577.1270452086178,288.5635226043089
9,8,8.0,0.6373684210526316,0.7286703601108033,0.09130193905817174,10.20988720207237,10.20988720207237,16.432184064103303,5.039146117924369,1278.2053881960767,1278.2053881960767,145.29633841856102,749.9999999999998,593862.1759909879,2130.3423136601277,True,0.11367213732655035,593.8621759909879,296.93108799549395
9,9,8.0,0.7157894736842104,0.8070914127423822,0.09130193905817174,12.876874841173805,12.876874841173805,15.505933189479231,2.932117571157421,1312.5100590757017,1312.5100590757017,137.57696621552756,750.0000000000001,610488.7063191968,2187.5167651261695,True,0.10481974234346994,610.4887063191968,305.2443531595984
9,10,8.0,0.7942105263157895,0.8855124653739612,0.09130193905817174,15.852988235410304,15.852988235410304,14.72050613793683,1.8050109212988616,1343.2292482207226,1343.2292482207226,131.10183993893736,750.0000000000001,626996.222342907,2238.7154137012044,True,0.09760198425741426,626.996222342907,313.4981111714535
9,11,8.0,0.8726315789473684,0.9639335180055402,0.09130193905817174,19.138227384781853,19.138227384781853,14.043491620761296,1.1631484972296464,1371.0076792186107,1371.0076792186107,125.58729566188997,750.0000000000001,643399.5580074986,2285.0127986976845,True,0.09160218251546696,643.3995580074986,321.6997790037493
9,12,8.0,0.9510526315789474,1.0423545706371191,0.09130193905817174,22.732592289288462,22.732592289288462,13.452044220699065,0.7784395763754244,1396.3311494781942,1396.3311494781942,120.83315649178157,750.0000000000001,659724.0670582086,2327.218582463657,True,0.08653617484429581,659.7240670582087,329.86203352910434
9,13,8.0,1.029473684210526,1.1207756232686978,0.09130193905817174,26.636082948930113,26.636082948930113,12.929535929721478,0.5378258234290375,1419.5749084013817,1419.5749084013817,116.6935255299501,749.9999999999999,675998.7196415305,2365.9581806689694,True,0.08220314746289899,675.9987196415306,337.9993598207653
9,14,8.0,1.1078947368421053,1.199196675900277,0.09130193905817174,30.848699363706846,30.848699363706846,12.463537148950227,0.3818151459543258,1441.0348782859119,1441.0348782859119,113.05917251876186,750.0000000000003,692252.8034455237,2401.7247971431866,True,0.07845692996219769,692.2528034455237,346.12640172276184
9,15,8.0,1.1863157894736842,1.277617728531856,0.09130193905817174,35.37044153361862,35.37044153361862,12.044545226695321,0.27748831405354696,1460.9485543382893,1460.9485543382893,109.84644015912153,749.9999999999998,708514.3651703137,2434.9142572304822,True,0.0751884382464614,708.5143651703138,354.2571825851569
9,16,8.0,1.2647368421052632,1.356038781163435,0.09130193905817174,40.20130945866545,40.20130945866545,11.665154015441944,0.20583158697709056,1479.509433429726,1479.509433429726,106.98999722753086,750.0,724809.5195557382,2465.84905571621,True,0.0723145083161193,724.8095195557382,362.4047597778691
9,17,8.0,1.3431578947368419,1.4344598337950136,0.09130193905817174,45.34130313884732,45.34130313884732,11.319494363384734,0.1554484846144278,1496.877240759628,1496.877240759628,104.43795521289083,750.0000000000003,741162.1984436634,2494.7954012660466,True,0.06977055457125607,741.1621984436634,370.5810992218317
9,18,8.0,1.421578947368421,1.5128808864265928,0.09130193905817174,50.790422574164275,50.790422574164275,11.002846912806676,0.11928382585893396,1513.18534483134,1513.1853448313402,102.14848827356187,749.9999999999999,757594.1230919213,2521.9755747189006,True,0.06750560241841845,757.5941230919213,378.7970615459607
9,19,8.0,1.5,1.5913019390581717,0.09130193905817174,56.548667764616276,56.548667764616276,10.711367811883884,0.09284394939989372,1528.546241538669,1528.546241538669,100.0874384505962,750.0,774124.8870407694,2547.577069231115,True,0.06547884239985173,774.1248870407694,387.0624435203847
10,0,8.0,0.01,0.12224930747922437,0.11224930747922438,0.0025132741228718345,0.0025132741228718345,44.48354393547809,100371607297.76712,733.4433301966347,733.4433301966347,315.412871725362,70.14152905094512,267410.54871332186,1222.4055503277245,True,0.430043956689606,267.4105487133219,133.70527435666094
10,1,8.0,0.08842105263157896,0.20067036011080333,0.11224930747922438,0.19649487214386335,0.19649487214386335,48.91753408689169,33587.59953782073,689.5357909754649,689.5357909754649,347.03123975474074,750.0000000000001,684099.4310961945,1149.2263182924416,True,0.5032824173837392,684.0994310961945,342.04971554809725
10,2,8.0,0.1668421052631579,0.27909141274238225,0.11224930747922438,0.6996022252999108,0.6996022252999108,35.61144251793037,1735.1847581839202,843.0132066443053,843.0132066443052,252.8621141743078,750.0000000000001,628914.7534311666,1405.0220110738421,True,0.2999503592367783,628.9147534311667,314.45737671558334
10,3,8.0,0.24526315789473685,0.3575124653739612,0.11224930747922438,1.5118353335910142,1.5118353335910142,29.371507598507925,287.40082027169655,944.8588728004235,944.8588728004236,208.82184449060296,750.0000000000001,626378.6438259558,1574.764788000706,True,0.22100850243559184,626.3786438259558,313.1893219129779
10,4,8.0,0.3236842105263158,0.43593351800554014,0.11224930747922438,2.6331941970171733,2.6331941970171733,25.567109960389587,78.74175212041504,1021.5781799328324,1021.5781799328323,182.07522624202878,750.0000000000001,636570.6658240759,1702.630299888054,True,0.17822936102061226,636.570665824076,318.285332912038
10,5,8.0,0.40210526315789474,0.5143545706371191,0.11224930747922438,4.063678815578389,4.063678815578389,22.93889628935271,28.610137247260784,1083.1761096640953,1083.1761096640953,163.69057651892143,749.9999999999997,651193.8957027184,1805.2935161068256,True,0.1511209258203485,651.1938957027185,325.59694785135923
10,6,8.0,0.4805263157894737,0.592775623268698,0.11224930747922438,5.803289189274659,5.803289189274659,20.983784061765693,12.457340043267118,1134.605024876032,1134.605024876032,150.0988419203419,750.0,667616.1476846277,1891.0083747933868,True,0.1322917126484098,667.6161476846277,333.80807384231383
10,7,8.0,0.5589473684210526,0.671196675900277,0.11224930747922438,7.852025318105986,7.852025318105986,19.45615147548933,6.15235239497137,1178.7031463770672,1178.7031463770672,139.5567862567939,749.9999999999999,684817.3661550886,1964.505243961779,True,0.11839858634953511,684.8173661550886,342.4086830775443
10,8,8.0,0.6373684210526316,0.7496177285318559,0.11224930747922438,10.20988720207237,10.20988720207237,18.219947682934258,3.3338773091544436,1217.2569173953254,1217.2569173953254,131.0983165061924,749.9999999999999,702359.1868780871,2028.7615289922092,True,0.10769979174709912,702.3591868780871,351.1795934390436
10,9,8.0,0.7157894736842104,0.8280387811634348,0.11224930747922438,12.876874841173805,12.876874841173805,17.192923982914397,1.9398763221974673,1251.4670888225028,1251.4670888225028,124.13900053749447,750.0,720045.7248125557,2085.778481370838,True,0.09919477838949488,720.0457248125557,360.02286240627785
10,10,8.0,0.7942105263157895,0.9064598337950138,0.11224930747922438,15.852988235410304,15.852988235410304,16.322045240804545,1.1941874302650561,1282.1810864713646,1282.1810864713646,118.30168199030463,750.0000000000001,737792.0571722543,2136.9684774522743,True,0.09226597025844267,737.7920571722543,368.89602858612716
10,11,8.0,0.8726315789473684,0.9848808864265928,0.11224930747922438,19.138227384781853,19.138227384781853,15.571373934092989,0.7695340224998832,1310.0199935595278,1310.0199935595278,113.33054324897336,750.0,755567.1420520853,2183.3666559325466,True,0.08651054472919659,755.5671420520853,377.78357102604264
10,12,8.0,0.9510526315789474,1.0633019390581717,0.11224930747922438,22.732592289288462,22.732592289288462,14.915579144775712,0.5150122618978156,1335.4529373098715,1335.4529373098715,109.04505994574103,749.9999999999998,773366.9453204465,2225.7548955164525,True,0.08165398936888091,773.3669453204465,386.68347266022323
10,13,8.0,1.029473684210526,1.1417229916897504,0.11224930747922438,26.636082948930113,26.636082948930113,14.336223796249163,0.35582324208251587,1358.8431117798325,1358.8431117798325,105.31366012937197,750.0,791201.0128755557,2264.7385196330542,True,0.07750244249421157,791.2010128755556,395.6005064377778
10,14,8.0,1.1078947368421053,1.2201440443213296,0.11224930747922438,30.848699363706846,30.848699363706846,13.81952599315486,0.2526072516255868,1380.47753812507,1380.47753812507,102.03783947103963,750.0000000000001,809085.4664489544,2300.795896875117,True,0.07391488572108523,809.0854664489544,404.5427332244772
10,15,8.0,1.1863157894736842,1.2985650969529086,0.11224930747922438,35.37044153361862,35.37044153361862,13.354949228844319,0.18358507019433223,1400.5870243822771,1400.5870243822771,99.14215635883711,750.0000000000001,827039.2428635799,2334.311707303795,True,0.07078614511837515,827.0392428635798,413.5196214317899
10,16,8.0,1.2647368421052632,1.3769861495844875,0.11224930747922438,40.20130945866545,40.20130945866545,12.934281593097573,0.13617728902309068,1419.3599697003503,1419.3599697003501,96.56769628504522,749.9999999999998,845082.0438619513,2365.5999495005835,True,0.06803608552200624,845.0820438619513,422.54102193097566
10,17,8.0,1.3431578947368419,1.4554072022160662,0.11224930747922438,45.34130313884732,45.34130313884732,12.55101539111158,0.1028440460884971,1436.9521649291137,1436.9521649291137,94.26766779835906,749.9999999999999,863233.2192406149,2394.920274881856,True,0.06560250932431656,863.2332192406149,431.61660962030743
10,18,8.0,1.421578947368421,1.5338282548476454,0.11224930747922438,50.790422574164275,50.790422574164275,12.199917815709544,0.07891766403948487,1453.4939101191264,1453.4939101191264,92.2043542348499,750.0,881511.1724658505,2422.489850198544,True,0.06343635401079387,881.5111724658504,440.7555862329252
10,19,8.0,1.5,1.6122493074792243,0.11224930747922438,56.548667764616276,56.548667764616276,11.87672681755833,0.06142515595957456,1469.095286692959,1469.095286692959,90.34695400422619,750.0000000000001,899933.064083295,2448.4921444882652,True,0.061498362170641634,899.933064083295,449.9665320416475
11,0,8.0,0.01,0.14540166204986152,0.1354016620498615,0.0025132741228718345,0.0025132741228718345,49.919612208566065,63288322574.71519,680.398888448607,680.398888448607,293.453955379327,73.22823235308405,380140.9328777188,1133.9981474143449,True,0.4312969353145742,380.1409328777188,190.0704664388594
11,1,8.0,0.08842105263157896,0.22382271468144047,0.1354016620498615,0.19649487214386335,0.19649487214386335,53.72602611136752,23083.322353904634,647.9874624664004,647.9874624664004,316.0108628562497,750.0000000000001,863657.9826934657,1079.9791041106673,True,0.4876805203196899,863.6579826934657,431.82899134673283
11,2,8.0,0.1668421052631579,0.3022437673130194,0.1354016620498615,0.6996022252999108,0.6996022252999108,39.111973371006094,1192.518359986981,795.7120433293494,795.7120433293494,230.2722596430718,750.0000000000003,769928.949598733,1326.186738882249,True,0.28939144703602393,769.928949598733,384.9644747993665
11,3,8.0,0.24526315789473685,0.38066481994459833,0.1354016620498615,1.5118353335910142,1.5118353335910142,32.25866580610249,197.5183064701571,894.5473225560016,894.5473225560016,190.17701237170363,750.0,754730.0970424508,1490.9122042600027,True,0.21259580972005862,754.7300970424508,377.3650485212254
11,4,8.0,0.3236842105263158,0.4590858725761773,0.1354016620498615,2.6331941970171733,2.6331941970171733,28.080303779911528,54.11584251086751,969.4415479331187,969.4415479331187,165.82765130819826,750.0000000000002,759420.1995232069,1615.7359132218646,True,0.17105482188353519,759.4201995232069,379.71009976160343
11,5,8.0,0.40210526315789474,0.5375069252077562,0.1354016620498615,4.063678815578389,4.063678815578389,25.193742162444014,19.66252515081712,1029.856776995147,1029.856776995147,149.09170441307677,750.0000000000002,771503.4894861631,1716.4279616585782,True,0.1447693579762493,771.5034894861632,385.7517447430816
11,6,8.0,0.4805263157894737,0.6159279778393352,0.1354016620498615,5.803289189274659,5.803289189274659,23.046446462636005,8.56139765412949,1080.4949288920045,1080.4949288920045,136.71951668795634,750.0000000000001,786884.3695745524,1800.8248814866743,True,0.12653415858985625,786.8843695745524,393.4421847872762
11,7,8.0,0.5589473684210526,0.6943490304709141,0.1354016620498615,7.852025318105986,7.852025318105986,21.36865076522671,4.228248982426556,1124.0597976500303,1124.0597976500303,127.12387391883482,750.0000000000003,803903.834030645,1873.4329960833838,True,0.1130935152957175,803.9038340306449,401.95191701532246
11,8,8.0,0.6373684210526316,0.7727700831024931,0.1354016620498615,10.20988720207237,10.20988720207237,20.01093070681553,2.2912314566846024,1162.2583170737632,1162.2583170737632,119.42515942337391,750.0000000000002,821802.6605532856,1937.0971951229387,True,0.10275268214389086,821.8026605532856,410.9013302766428
11,9,8.0,0.7157894736842104,0.8511911357340719,0.1354016620498615,12.876874841173805,12.876874841173805,18.882952709677557,1.333194127837827,1196.2408981998285,1196.2408981998285,113.09126023015718,750.0000000000001,840207.6360519071,1993.7348303330475,True,0.094538867882166,840.2076360519071,420.10381802595356
11,10,8.0,0.7942105263157895,0.929612188365651,0.1354016620498615,15.852988235410304,15.852988235410304,17.926468395580322,0.8207140070474308,1226.8214423178372,1226.8214423178372,107.77878729067598,750.0000000000002,858928.7475822286,2044.702403863062,True,0.08785205700924921,858.9287475822287,429.4643737911143
11,11,8.0,0.8726315789473684,1.00803324099723,0.1354016620498615,19.138227384781853,19.138227384781853,17.10200765817273,0.5288678604036454,1254.5978163704635,1254.5978163704635,103.25482926892354,749.9999999999997,877869.2784281848,2090.996360617439,True,0.08230113899579271,877.8692784281848,438.9346392140924
11,12,8.0,0.9510526315789474,1.0864542936288089,0.1354016620498615,22.732592289288462,22.732592289288462,16.38174960281013,0.3539459271036718,1280.0225613384432,1280.0225613384432,99.3550280880917,750.0000000000005,896982.4050773364,2133.370935564072,True,0.07761974756460704,896.9824050773364,448.4912025386682
11,13,8.0,1.029473684210526,1.1648753462603876,0.1354016620498615,26.636082948930113,26.636082948930113,15.745444826543025,0.2445421140844971,1303.4467171086312,1303.4467171086314,95.95959573606717,750.0,916248.8420993049,2172.4111951810523,True,0.07361988371026734,916.2488420993049,458.1244210496524
11,14,8.0,1.1078947368421053,1.2432963988919667,0.1354016620498615,30.848699363706846,30.848699363706846,15.177956702317044,0.17360617306519346,1325.1482089388571,1325.1482089388571,92.97885132766791,750.0000000000002,935664.7386084128,2208.5803482314286,True,0.07016486963531639,935.6647386084128,467.8323693042064
11,15,8.0,1.1863157894736842,1.3217174515235457,0.1354016620498615,35.37044153361862,35.37044153361862,14.667713006758985,0.1261701762844985,1345.350916064018,1345.350916064018,90.34411179676965,750.0,955234.8678935095,2242.2515267733634,True,0.06715282289403121,955.2348678935094,477.6174339467547
11,16,8.0,1.2647368421052632,1.4001385041551246,0.1354016620498615,40.20130945866545,40.20130945866545,14.205694615926138,0.09358883346996086,1364.2378794675444,1364.2378794675442,88.0017413577342,750.0000000000001,974968.6822857867,2273.729799112574,True,0.06450615591474478,974.9686822857867,487.48434114289336
11,17,8.0,1.3431578947368419,1.4785595567867034,0.1354016620498615,45.34130313884732,45.34130313884732,13.784754142129401,0.07068031954374775,1381.9606924683644,1381.9606924683644,85.90914173326192,750.0,994877.9801404463,2303.2678207806075,True,0.062164678200663466,994.8779801404463,497.43899007022316
11,18,8.0,1.421578947368421,1.5569806094182825,0.1354016620498615,50.790422574164275,50.790422574164275,13.399144404112326,0.0542367392581689,1398.646329817857,1398.646329817857,84.03197679744223,750.0000000000001,1014975.509130018,2331.077216363095,True,0.060080933260937774,1014.9755091300179,507.48775456500897
11,19,8.0,1.5,1.6354016620498615,0.1354016620498615,56.548667764616276,56.548667764616276,13.044184401942388,0.042214885706765924,1414.4022128816966,1414.4022128816966,82.3422062303174,750.0000000000001,1035274.1276514322,2357.3370214694946,True,0.05821696648971848,1035.274127651432,517.637063825716
12,0,8.0,0.01,0.1707590027700831,0.1607590027700831,0.0025132741228718345,0.0025132741228718345,55.44621835452612,41583464848.04862,634.4247875385453,634.4247875385453,274.5533576938164,76.09019528354207,526757.1823443602,1057.3746458975754,True,0.43275950607011165,526.7571823443602,263.3785911721801
12,1,8.0,0.08842105263157896,0.24918005540166205,0.1607590027700831,0.19649487214386335,0.19649487214386335,58.541031824809394,16375.542636860278,611.5304128402038,611.5304128402038,290.06183160802084,750.0,1078301.7269625852,1019.217354733673,True,0.47432118749556873,1078.3017269625852,539.1508634812926
12,2,8.0,0.1668421052631579,0.327601108033241,0.1607590027700831,0.6996022252999108,0.6996022252999108,42.617246120101804,845.9846009082933,753.8304166317386,753.8304166317387,211.376595078527,750.0000000000001,933605.8703547971,1256.3840277195645,True,0.2804033777557012,933.6058703547972,466.8029351773986
12,3,8.0,0.24526315789473685,0.40602216066481994,0.1607590027700831,1.5118353335910142,1.5118353335910142,35.14973502165223,140.12148682814578,849.720010543679,849.720010543679,174.58212845662817,750.0000000000001,901071.262761849,1416.2000175727983,True,0.20545841723195943,901.071262761849,450.5356313809245
12,4,8.0,0.3236842105263158,0.4844432132963989,0.1607590027700831,2.6331941970171733,2.6331941970171733,30.596902027010433,38.39032669473711,922.7619775097015,922.7619775097014,152.23865191495517,749.9999999999999,897798.7493966385,1537.9366291828358,True,0.16498149644809634,897.7987493966385,448.89937469831926
12,5,8.0,0.40210526315789474,0.5628642659279779,0.1607590027700831,4.063678815578389,4.063678815578389,27.45164249930669,13.948794459437,981.928076272325,981.9280762723251,136.8823169303313,749.9999999999998,905826.8346092686,1636.5467937872086,True,0.13940157149796048,905.8268346092685,452.91341730463427
12,6,8.0,0.4805263157894737,0.6412853185595568,0.1607590027700831,5.803289189274659,5.803289189274659,25.111902991322875,6.0735421949604165,1031.6911486974868,1031.6911486974868,125.53068203029008,750.0000000000002,919145.0156260727,1719.4852478291448,True,0.12167467191007013,919.1450156260727,459.57250781303634
12,7,8.0,0.5589473684210526,0.7197063711911358,0.1607590027700831,7.852025318105986,7.852025318105986,23.283740768530365,2.9995626465474943,1074.6305903584173,1074.6305903584173,116.72706493791539,750.0000000000001,935253.2636639655,1791.0509839306956,True,0.10862064227948683,935.2532636639655,467.62663183198276
12,8,8.0,0.6373684210526316,0.7981274238227147,0.1607590027700831,10.20988720207237,10.20988720207237,21.80433983565895,1.6254227980968041,1112.3789487142692,1112.3789487142692,109.66419814680167,750.0000000000001,952967.2121947627,1853.964914523782,True,0.09858528721130133,952.9672121947626,476.4836060973813
12,9,8.0,0.7157894736842104,0.8765484764542935,0.1607590027700831,12.876874841173805,12.876874841173805,20.57527078649346,0.945781415209806,1146.0390438328006,1146.0390438328006,103.85374128724871,750.0000000000002,971676.9293121392,1910.065073054668,True,0.09061972351301521,971.6769293121391,485.83846465606956
12,10,8.0,0.7942105263157895,0.9549695290858726,0.1607590027700831,15.852988235410304,15.852988235410304,19.533064937219788,0.5822228277637974,1176.3927604038843,1176.3927604038843,98.98055693997655,750.0,991050.9439985601,1960.6546006731405,True,0.08413903950411436,991.0509439985601,495.52547199928006
12,11,8.0,0.8726315789473684,1.0333905817174516,0.1607590027700831,19.138227384781853,19.138227384781853,18.634714812331783,0.37518421588216444,1204.0155720762662,1204.0155720762662,94.83089869465846,749.9999999999999,1010903.3155362683,2006.6926201271103,True,0.07876218621585367,1010.9033155362683,505.45165776813417
12,12,8.0,0.9510526315789474,1.1118116343490305,0.1607590027700831,22.732592289288462,22.732592289288462,17.849906167567035,0.25109282500873586,1229.3438636437577,1229.3438636437577,91.25393445571245,750.0,1031128.4892128039,2048.906439406263,True,0.07422978806372132,1031.128489212804,515.564244606402
12,13,8.0,1.029473684210526,1.1902326869806092,0.1607590027700831,26.636082948930113,26.636082948930113,17.15657481861307,0.17348065214803207,1252.716719511364,1252.716719511364,88.13973571347277,750.0000000000002,1051667.157393174,2087.861199185607,True,0.07035887231380822,1051.667157393174,525.833578696587
12,14,8.0,1.1078947368421053,1.2686537396121884,0.1607590027700831,30.848699363706846,30.848699363706846,16.538227571570243,0.12315797723850326,1274.4030294366264,1274.4030294366264,85.40600417921098,749.9999999999995,1072487.3993610109,2124.0050490610442,True,0.06701647925065456,1072.4873993610108,536.2436996805054
12,15,8.0,1.1863157894736842,1.3470747922437674,0.1607590027700831,35.37044153361862,35.37044153361862,15.982255083336046,0.08950640074986832,1294.619721300307,1294.6197213003072,82.98971176891057,749.9999999999998,1093573.8136884854,2157.699535500512,True,0.0641035436147661,1093.5738136884854,546.7869068442427
12,16,8.0,1.2647368421052632,1.4254958448753463,0.1607590027700831,40.20130945866545,40.20130945866545,15.478829922775548,0.0663928662141703,1313.5444061336796,1313.5444061336796,80.84163956329598,750.0000000000002,1114921.040975318,2189.240676889466,True,0.06154465672100675,1114.921040975318,557.460520487659
12,17,8.0,1.3431578947368419,1.503916897506925,0.1607590027700831,45.34130313884732,45.34130313884732,15.020164142771558,0.05014133444615541,1331.3243796180468,1331.3243796180468,78.92269790572267,750.0000000000001,1136529.798082182,2218.873966030078,True,0.05928134353579957,1136.529798082182,568.264899041091
12,18,8.0,1.421578947368421,1.5823379501385042,0.1607590027700831,50.790422574164275,50.790422574164275,14.599995491205537,0.03847609207156361,1348.0831759109017,1348.0831759109017,77.20137937788647,750.0000000000002,1158404.3987670224,2246.805293184836,True,0.057267519361868295,1158.4043987670225,579.2021993835112
12,19,8.0,1.5,1.6607590027700831,0.1607590027700831,56.548667764616276,56.548667764616276,14.21322345002589,0.02994766741991076,1363.9254341346016,1363.9254341346016,75.65195423730412,750.0000000000001,1180551.1796570008,2273.2090568910025,True,0.05546634173979211,1180.5511796570008,590.2755898285004
13,0,8.0,0.01,0.19832132963988916,0.18832132963988915,0.0025132741228718345,0.0025132741228718345,61.0538528787053,28284994167.91992,594.2325278214793,594.2325278214793,258.1017140576209,78.75656757455316,713766.7740831898,990.3875463691321,True,0.4343446411522602,713.7667740831898,356.8833870415949
13,1,8.0,0.08842105263157896,0.2767423822714681,0.18832132963988915,0.19649487214386335,0.19649487214386335,63.36106625779127,11932.935232032574,579.2690958471508,579.2690958471508,268.0432202744182,749.9999999999995,1332907.0722044664,965.4484930785846,True,0.4627266018436889,1332.9070722044664,666.4535361022332
13,2,8.0,0.1668421052631579,0.355163434903047,0.18832132963988915,0.6996022252999108,0.6996022252999108,46.12617972333051,616.4729727619658,716.4754482439491,716.475448243949,195.3440151768748,750.0,1122695.6262086714,1194.1257470732485,True,0.2726457908022594,1122.6956262086715,561.3478131043357
13,3,8.0,0.24526315789473685,0.433584487534626,0.18832132963988915,1.5118353335910142,1.5118353335910142,38.043823626403345,102.10718899614773,809.516417257889,809.516417257889,161.3510213889675,749.9999999999999,1067349.1172965786,1349.1940287631483,True,0.19931778769295255,1067.3491172965787,533.6745586482893
13,4,8.0,0.3236842105263158,0.5120055401662049,0.18832132963988915,2.6331941970171733,2.6331941970171733,33.116128571464046,27.9752123116638,880.7167231208612,880.7167231208612,140.7101015947331,749.9999999999995,1053227.5984653377,1467.8612052014353,True,0.1597677186100432,1053.2275984653377,526.6137992326688
13,5,8.0,0.40210526315789474,0.5904265927977839,0.18832132963988915,4.063678815578389,4.063678815578389,29.711900953317947,10.164552377930248,938.6046311783232,938.6046311783231,126.52482215766447,750.0000000000001,1055420.7262718186,1564.341051963872,True,0.13480097791423143,1055.4207262718187,527.7103631359093
13,6,8.0,0.4805263157894737,0.6688476454293628,0.18832132963988915,5.803289189274659,5.803289189274659,27.17951665173979,4.425818872001385,987.4435970951797,987.4435970951797,116.0395104943158,750.0000000000002,1065474.5123931419,1645.7393284919663,True,0.11751507715040736,1065.4745123931418,532.7372561965709
13,7,8.0,0.5589473684210526,0.7472686980609418,0.18832132963988915,7.852025318105986,7.852025318105986,25.20083086302676,2.1857954621367126,1029.6982259518218,1029.6982259518218,107.90826083314408,750.0,1079811.3074539914,1716.163709919703,True,0.10479600538633245,1079.8113074539913,539.9056537269956
13,8,8.0,0.6373684210526316,0.8256897506925207,0.18832132963988915,10.20988720207237,10.20988720207237,23.599621974020145,1.1844532669530627,1066.9318125408959,1066.9318125408959,101.38520593950027,749.9999999999999,1096699.4820832592,1778.2196875681598,True,0.09502500979706624,1096.6994820832592,548.3497410416296
13,9,8.0,0.7157894736842104,0.9041108033240995,0.18832132963988915,12.876874841173805,12.876874841173805,22.269356294853015,0.689195382506273,1100.2024952809466,1100.2024952809466,96.01915425741946,750.0000000000003,1115222.8304684344,1833.6708254682444,True,0.08727407424475993,1115.2228304684343,557.6114152342171
13,10,8.0,0.7942105263157895,0.9825318559556786,0.18832132963988915,15.852988235410304,15.852988235410304,21.141339384120982,0.4242685233940031,1130.26185457555,1130.26185457555,91.51894521627874,750.0,1134865.8265121174,1883.7697576259166,True,0.08097145351388248,1134.8658265121173,567.4329132560587
13,11,8.0,0.8726315789473684,1.0609529085872575,0.18832132963988915,19.138227384781853,19.138227384781853,20.169022702787714,0.2733985094408563,1157.6640005651211,1157.6640005651211,87.68709770140968,750.0000000000001,1155325.7201850952,1929.4400009418687,True,0.07574486004454199,1155.3257201850952,577.6628600925476
13,12,8.0,0.9510526315789474,1.1393739612188365,0.18832132963988915,22.732592289288462,22.732592289288462,19.31959605295622,0.18297252704853365,1182.8297852218393,1182.8297852218393,84.38425930569339,750.0,1176419.5503335786,1971.3829753697323,True,0.07134099966029106,1176.4195503335786,588.2097751667893
13,13,8.0,1.029473684210526,1.2177950138504152,0.18832132963988915,26.636082948930113,26.636082948930113,18.56917857362066,0.12641617026073415,1206.086710768268,1206.086710768268,81.50886954854472,750.0,1198034.8772350417,2010.1445179471134,True,0.06758126826273063,1198.0348772350417,599.0174386175208
13,14,8.0,1.1078947368421053,1.2962160664819944,0.18832132963988915,30.848699363706846,30.848699363706846,17.899919087258162,0.08974579946970081,1227.6948470920522,1227.694847092052,78.98489605779918,750.0000000000003,1220102.2250400714,2046.1580784867533,True,0.06433593514291008,1220.1022250400715,610.0511125200358
13,15,8.0,1.1863157894736842,1.3746371191135733,0.18832132963988915,35.37044153361862,35.37044153361862,17.298170047884597,0.06522373680590982,1247.864285191909,1247.864285191909,76.75411045415703,750.0,1242578.9767504865,2079.7738086531817,True,0.06150837984945857,1242.5789767504866,621.2894883752433
13,16,8.0,1.2647368421052632,1.4530581717451523,0.18832132963988915,40.20130945866545,40.20130945866545,16.753294872988974,0.048380795065646784,1266.7672550025043,1266.7672550025043,74.77104273621649,749.9999999999999,1265439.6184893928,2111.278758337507,True,0.05902508329051233,1265.4396184893928,632.7198092446964
13,17,8.0,1.3431578947368419,1.531479224376731,0.18832132963988915,45.34130313884732,45.34130313884732,16.256864387035392,0.036538227139224506,1284.5467606744069,1284.5467606744069,72.99958133240139,750.0000000000002,1288669.6529466473,2140.9112677906783,True,0.056829057195298585,1288.6696529466471,644.3348264733236
13,18,8.0,1.421578947368421,1.6099002770083102,0.18832132963988915,50.790422574164275,50.790422574164275,15.802100729110949,0.028037709946674556,1301.3228741158127,1301.3228741158127,71.41061985910864,750.0,1312261.7088991157,2168.871456859688,True,0.05487540508163954,1312.2617088991158,656.1308544495579
13,19,8.0,1.5,1.6883213296398891,0.18832132963988915,56.548667764616276,56.548667764616276,15.383483424906563,0.02182300663843927,1317.1974127532437,1317.1974127532437,69.98038986161843,750.0,1336213.0050725054,2195.329021255406,True,0.05312824728021855,1336.2130050725054,668.1065025362527
14,0,8.0,0.01,0.22808864265927978,0.21808864265927977,0.0025132741228718345,0.0025132741228718345,66.73437104282505,19815731550.64618,558.821220559567,558.821220559567,243.64218884775198,81.25053590825547,948287.3144139769,931.3687009326117,True,0.4359930866687286,948.2873144139769,474.14365720698845
14,1,8.0,0.08842105263157896,0.3065096952908587,0.21808864265927977,0.19649487214386335,0.19649487214386335,68.18506297094666,8897.750180644638,550.5063702274264,550.5063702274264,249.13121154553093,750.0,1632707.537712177,917.5106170457107,True,0.45254918929023347,1632.707537712177,816.3537688560885
14,2,8.0,0.1668421052631579,0.38493074792243764,0.21808864265927977,0.6996022252999108,0.6996022252999108,49.63799782421985,459.6708519820742,682.939627956729,682.939627956729,181.5744107815233,750.0000000000001,1340152.8011142092,1138.2327132612152,True,0.26587183310005236,1340.1528011142093,670.0764005571046
14,3,8.0,0.24526315789473685,0.4633518005540166,0.21808864265927977,1.5118353335910142,1.5118353335910142,40.940291299200204,76.13585774745201,773.2461333803859,773.2461333803859,149.98823241706273,749.9999999999999,1255658.106310615,1288.7435556339765,True,0.19397217256213353,1255.658106310615,627.8290531553075
14,4,8.0,0.3236842105263158,0.5417728531855955,0.21808864265927977,2.6331941970171733,2.6331941970171733,35.637426030872405,20.859616310619977,842.6392270483963,842.6392270483963,130.81011476022763,750.0000000000001,1227345.5141148728,1404.398711747327,True,0.15523857727159274,1227.3455141148727,613.6727570574363
14,5,8.0,0.40210526315789474,0.6201939058171745,0.21808864265927977,4.063678815578389,4.063678815578389,31.97401743913038,7.579161874114657,899.2450224592172,899.2450224592172,117.6310435991811,750.0000000000001,1221640.9274436727,1498.7417040986954,True,0.13081089209422445,1221.6409274436726,610.8204637218363
14,6,8.0,0.4805263157894737,0.6986149584487534,0.21808864265927977,5.803289189274659,5.803289189274659,29.248829981469648,3.30009590282031,947.1354502713908,947.1354502713908,107.89014774602505,750.0000000000002,1227035.693203742,1578.5590837856514,True,0.11391205736741283,1227.0356932037419,613.5178466018709
14,7,8.0,0.5589473684210526,0.7770360110803324,0.21808864265927977,7.852025318105986,7.852025318105986,27.119496889848506,1.629830514446396,988.6692853766349,988.6692853766349,100.33668322617947,750.0000000000003,1238600.9606406833,1647.7821422943916,True,0.10148659891659938,1238.6009606406833,619.3004803203416
14,8,8.0,0.6373684210526316,0.8554570637119113,0.21808864265927977,10.20988720207237,10.20988720207237,25.396379913212552,0.8831833128286927,1025.3455046774488,1025.3455046774488,94.27752906318572,750.0,1253916.621080056,1708.9091744624147,True,0.09194708382014447,1253.916621080056,626.958310540028
14,9,8.0,0.7157894736842104,0.9338781163434902,0.21808864265927977,12.876874841173805,12.876874841173805,23.964834415965708,0.5138960549063598,1058.180459067709,1058.180459067709,89.29340708017838,750.0000000000002,1271679.7563617853,1763.634098446182,True,0.0843839123232806,1271.6797563617854,635.8398781808927
14,10,8.0,0.7942105263157895,1.0122991689750693,0.21808864265927977,15.852988235410304,15.852988235410304,22.750935903310893,0.3163542965135002,1087.8971979538217,1087.8971979538217,85.11375477935668,750.0,1291141.5198161148,1813.1619965897028,True,0.07823694641317527,1291.1415198161149,645.5707599080574
14,11,8.0,0.8726315789473684,1.0907202216066483,0.21808864265927977,19.138227384781853,19.138227384781853,21.704591861771686,0.20385861395067653,1115.0295880171357,1115.0295880171357,81.55506448633467,750.0,1311850.4467402315,1858.3826466952262,True,0.07314161468249876,1311.8504467402315,655.9252233701158
14,12,8.0,0.9510526315789474,1.1691412742382272,0.21808864265927977,22.732592289288462,22.732592289288462,20.790494088032933,0.13643280583881845,1139.9836700821782,1139.9836700821782,78.48784610533424,749.9999999999999,1333524.5690961934,1899.972783470297,True,0.06884997405241453,1333.5245690961933,666.7622845480967
14,13,8.0,1.029473684210526,1.247562326869806,0.21808864265927977,26.636082948930113,26.636082948930113,19.982943551007335,0.09426176208133626,1163.0758341673368,1163.0758341673368,75.81772833686148,750.0000000000003,1355983.1519052482,1938.4597236122281,True,0.06518726132001575,1355.9831519052482,677.9915759526241
14,14,8.0,1.1078947368421053,1.3259833795013851,0.21808864265927977,30.848699363706846,30.848699363706846,19.26272997322652,0.0669186321652072,1184.5576367474025,1184.5576367474025,73.47406211365039,750.0,1379108.1939318925,1974.2627279123376,True,0.062026582611377105,1379.1081939318924,689.5540969659462
14,15,8.0,1.1863157894736842,1.404404432132964,0.21808864265927977,35.37044153361862,35.37044153361862,18.615166752376407,0.048633844453394415,1204.6325297971568,1204.6325297971568,71.40274276131619,750.0000000000001,1402821.7204366808,2007.7208829952615,True,0.059273463894702734,1402.8217204366808,701.4108602183404
14,16,8.0,1.2647368421052632,1.482825484764543,0.21808864265927977,40.20130945866545,40.20130945866545,18.028807489411903,0.03607496560272243,1223.4674866445127,1223.4674866445127,69.56152126050952,750.0000000000001,1427071.8857555038,2039.1124777408547,True,0.05685604400595005,1427.0718857555037,713.5359428777518
14,17,8.0,1.3431578947368419,1.5612465373961217,0.21808864265927977,45.34130313884732,45.34130313884732,17.494581253260446,0.027244597478058474,1241.2012941917767,1241.2012941917767,67.9168447991917,749.9999999999999,1451824.2014336733,2068.6688236529612,True,0.054718638400563846,1451.8242014336734,725.9121007168367
14,18,8.0,1.421578947368421,1.639667590027701,0.21808864265927977,50.790422574164275,50.790422574164275,17.0051941503617,0.02090621744708758,1257.950601716173,1257.950601716173,66.44167000467937,750.0000000000001,1477055.8546563245,2096.5843361936218,True,0.052817391965976714,1477.0558546563245,738.5279273281623
14,19,8.0,1.5,1.7180886426592799,0.21808864265927977,56.548667764616276,56.548667764616276,16.554705404926576,0.016272246306855035,1273.814420515998,1273.814420515998,65.11391363939943,749.9999999999998,1502751.9477439616,2123.0240341933304,True,0.05111726841106337,1502.7519477439616,751.3759738719808
15,0,8.0,0.01,0.2600609418282549,0.2500609418282549,0.0025132741228718345,0.0025132741228718345,72.48063390979475,14240343486.867136,527.4038980953369,527.4038980953369,230.82558515754266,83.59075420788899,1238046.2231036187,879.0064968255615,True,0.43766378290176605,1238.0462231036188,619.0231115518094
15,1,8.0,0.08842105263157896,0.33848199445983385,0.2500609418282549,0.19649487214386335,0.19649487214386335,73.01223659220814,6767.910111673549,524.6917764943773,524.6917764943773,232.71656046061955,750.0000000000001,1983292.4491571973,874.4862941572956,True,0.4435300320799165,1983.2924491571973,991.6462245785987
15,2,8.0,0.1668421052631579,0.4169030470914128,0.2500609418282549,0.6996022252999108,0.6996022252999108,53.15212868029026,349.64018364310704,652.6555894207697,652.6555894207697,169.62397684309195,749.9999999999998,1589135.531821566,1087.759315701283,True,0.25989814473761397,1589.135531821566,794.567765910783
15,3,8.0,0.24526315789473685,0.49532409972299174,0.2500609418282549,1.5118353335910142,1.5118353335910142,43.83866647985329,57.91134062527569,740.3494248592943,740.3494248592943,140.12734884853867,749.9999999999999,1468239.3838506818,1233.9157080988239,True,0.18927190883571,1468.2393838506819,734.1196919253409
15,4,8.0,0.3236842105263158,0.5737451523545707,0.2500609418282549,2.6331941970171733,2.6331941970171733,38.1603839247323,15.866483693976612,807.984439579956,807.9844395799561,122.21929296850308,750.0000000000001,1421908.062885966,1346.64073263326,True,0.15126441424050294,1421.9080628859658,710.9540314429829
15,5,8.0,0.40210526315789474,0.6521662049861496,0.2500609418282549,4.063678815578389,4.063678815578389,34.23762367226812,5.764950155311619,863.3210177043393,863.3210177043392,109.91390686573257,750.0,1405941.5186965098,1438.8683628405654,True,0.127315221814019,1405.9415186965098,702.9707593482549
15,6,8.0,0.4805263157894737,0.7305872576177286,0.2500609418282549,5.803289189274659,5.803289189274659,31.31950608540566,2.5101572843408286,910.2556309244103,910.2556309244103,100.81942241054576,750.0,1405077.1598521022,1517.0927182073506,True,0.11075946029376228,1405.077159852102,702.538579926051
15,7,8.0,0.5589473684210526,0.8090083102493075,0.2500609418282549,7.852025318105986,7.852025318105986,29.039426480062996,1.2397006203917407,951.0494547859122,951.0494547859121,93.76770493237868,750.0000000000001,1412721.920186354,1585.0824246431869,True,0.09859393164100645,1412.721920186354,706.360960093177
15,8,8.0,0.6373684210526316,0.8874293628808865,0.2500609418282549,10.20988720207237,10.20988720207237,27.19432113158219,0.67177715175204,987.1417825197934,987.1417825197934,88.1114228545293,750.0,1425605.6366810882,1645.2363041996557,True,0.0892591362404038,1425.6056366810883,712.8028183405441
15,9,8.0,0.7157894736842104,0.9658504155124653,0.2500609418282549,12.876874841173805,12.876874841173805,25.66142911706527,0.3908855874505936,1019.5099610618885,1019.5099610618886,83.4590026825476,749.9999999999998,1441946.6407856047,1699.183268436481,True,0.08186188057997924,1441.9466407856048,720.9733203928024
15,10,8.0,0.7942105263157895,1.0442714681440444,0.2500609418282549,15.852988235410304,15.852988235410304,24.36159244400027,0.24062908024801105,1048.8502602390656,1048.8502602390656,79.55776384391775,749.9999999999999,1460706.3936520151,1748.0837670651094,True,0.07585235648965188,1460.706393652015,730.3531968260075
15,11,8.0,0.8726315789473684,1.1226925207756233,0.2500609418282549,19.138227384781853,19.138227384781853,23.241172290538515,0.15506130726279632,1075.6774434758163,1075.6774434758163,76.23632972086294,750.0000000000002,1481248.2077409343,1792.7957391263606,True,0.07087285336626742,1481.2482077409343,740.6241038704671
15,12,8.0,0.9510526315789474,1.2011135734072023,0.2500609418282549,22.732592289288462,22.732592289288462,22.262360802851504,0.1037751057800139,1100.3835015753734,1100.3835015753734,73.37377235074815,749.9999999999999,1503166.391534144,1833.9725026256224,True,0.06668018217803336,1503.1663915341442,751.5831957670721
15,13,8.0,1.029473684210526,1.279534626038781,0.2500609418282549,26.636082948930113,26.636082948930113,21.397639582390052,0.0716984765567136,1123.2742296199615,1123.2742296199615,70.88196196521653,749.9999999999999,1526194.5646626907,1872.1237160332691,True,0.06310298954263208,1526.1945646626907,763.0972823313454
15,14,8.0,1.1078947368421053,1.3579556786703602,0.2500609418282549,30.848699363706846,30.848699363706846,20.626438356686716,0.050900427422143776,1144.5930263828643,1144.5930263828643,68.69492329233968,750.0,1550153.6488858,1907.6550439714406,True,0.0600168983288575,1550.1536488858,775.0768244429
15,15,8.0,1.1863157894736842,1.436376731301939,0.2500609418282549,35.37044153361862,35.37044153361862,19.93303078281285,0.03699243976996446,1164.5369509032548,1164.5369509032548,66.76213194524885,749.9999999999999,1574920.9969301452,1940.8949181720914,True,0.05732933754782607,1574.9209969301453,787.4604984650726
15,16,8.0,1.2647368421052632,1.514797783933518,0.2500609418282549,40.20130945866545,40.20130945866545,19.30516011187369,0.02743975943627273,1183.2678901385977,1183.2678901385977,65.04413549532731,749.9999999999999,1600411.365594451,1972.1131502309963,True,0.0549699151286093,1600.4113655944511,800.2056827972256
15,17,8.0,1.3431578947368419,1.5932188365650968,0.2500609418282549,45.34130313884732,45.34130313884732,18.73311323462325,0.020723102246827625,1200.9205306515355,1200.9205306515355,63.50960280841341,750.0000000000001,1626564.8125462888,2001.5342177525592,True,0.05288410114360985,1626.5648125462887,813.2824062731444
15,18,8.0,1.421578947368421,1.671639889196676,0.2500609418282549,50.790422574164275,50.790422574164275,18.20907988501347,0.015901929991783532,1217.6081780201873,1217.6081780201873,62.13328179770293,749.9999999999999,1653338.7887979476,2029.346963366979,True,0.051028962287959265,1653.3387887979475,826.6693943989737
15,19,8.0,1.5,1.750060941828255,0.2500609418282549,56.548667764616276,56.548667764616276,17.726698708980084,0.012377185028117745,1233.427089027258,1233.427089027258,60.894552520227165,750.0000000000003,1680702.8536683558,2055.7118150454303,True,0.04937020847195081,1680.7028536683558,840.3514268341779
16,0,8.0,0.01,0.2942382271468144,0.2842382271468144,0.0025132741228718345,0.0025132741228718345,78.28625367605271,10463244018.491343,499.3546154935123,499.3546154935123,219.38038317185223,85.79237213776338,1591378.9129556075,832.2576924891872,True,0.4393278371023737,1591.3789129556076,795.6894564778038
16,1,8.0,0.08842105263157896,0.37265927977839336,0.2842382271468144,0.19649487214386335,0.19649487214386335,77.8419961001647,5238.191068172357,501.3850281502545,501.3850281502545,218.33927488235628,749.9999999999999,2390607.044329813,835.6417135837576,True,0.43547226706762493,2390.607044329813,1195.3035221649066
16,2,8.0,0.1668421052631579,0.4510803324099723,0.2842382271468144,0.6996022252999108,0.6996022252999108,56.66814203426496,270.61264952004217,625.1632879051389,625.1632879051389,159.15763063986776,750.0000000000001,1873005.5274567956,1041.9388131752314,True,0.25458569579987567,1873.0055274567956,936.5027637283978
16,3,8.0,0.24526315789473685,0.5295013850415513,0.2842382271468144,1.5118353335910142,1.5118353335910142,46.73859430194941,44.82191137349402,710.368022069092,710.368022069092,131.49172002308458,749.9999999999998,1707480.8255033167,1183.9467034484867,True,0.18510365886134356,1707.4808255033167,853.7404127516584
16,4,8.0,0.3236842105263158,0.6079224376731303,0.2842382271468144,2.6331941970171733,2.6331941970171733,40.68469335134447,12.280256652010843,776.3026987950067,776.3026987950067,114.69648166508506,750.0,1638787.6189303603,1293.8378313250112,True,0.1477471118458294,1638.7876189303604,819.3938094651802
16,5,8.0,0.40210526315789474,0.6863434903047092,0.2842382271468144,4.063678815578389,4.063678815578389,36.50244250509681,4.461925456120585,830.394060464774,830.394060464774,103.15666218475641,750.0000000000002,1609874.8973548098,1383.9901007746234,True,0.12422615610595687,1609.8748973548097,804.9374486774049
16,6,8.0,0.4805263157894737,0.7647645429362881,0.2842382271468144,5.803289189274659,5.803289189274659,33.391291437569976,1.9427981828338023,876.3775121290829,876.3775121290829,94.62863148806369,750.0000000000001,1600933.267866461,1460.6291868818048,True,0.10797701923931351,1600.9332678664612,800.4666339332306
16,7,8.0,0.5589473684210526,0.8431855955678671,0.2842382271468144,7.852025318105986,7.852025318105986,30.960384564541926,0.9594968919198564,916.4241264059698,916.4241264059698,88.016623737593,750.0000000000001,1603350.552320945,1527.3735440099497,True,0.09604354708859139,1603.350552320945,801.6752761604725
16,8,8.0,0.6373684210526316,0.921606648199446,0.2842382271468144,10.20988720207237,10.20988720207237,28.993225495809007,0.5199385065768336,951.9178057328078,951.9178057328078,82.7134212773927,750.0000000000003,1612823.339686241,1586.5296762213463,True,0.08689134794964576,1612.823339686241,806.4116698431205
16,9,8.0,0.7157894736842104,1.0000277008310248,0.2842382271468144,12.876874841173805,12.876874841173805,27.35893267332705,0.302535547765231,983.7995179293321,983.7995179293321,78.35172180241757,750.0,1626986.8576685868,1639.6658632155536,True,0.0796419599466054,1626.9868576685867,813.4934288342934
16,10,8.0,0.7942105263157895,1.078448753462604,0.2842382271468144,15.852988235410304,15.852988235410304,25.973111803317234,0.1862408155692801,1012.7404366014513,1012.7404366014514,74.6945108129543,750.0000000000001,1644448.9603155646,1687.9007276690857,True,0.07375484192535427,1644.4489603155646,822.2244801577823
16,11,8.0,0.8726315789473684,1.1568698060941829,0.2842382271468144,19.138227384781853,19.138227384781853,24.778575855823412,0.12001352578872534,1039.2373408958529,1039.2373408958529,71.58103972254573,750.0000000000001,1664346.3438655485,1732.0622348264214,True,0.06887843316026422,1664.3463438655485,832.1731719327743
16,12,8.0,0.9510526315789474,1.2352908587257618,0.2842382271468144,22.732592289288462,22.732592289288462,23.735015987456638,0.0803193043681089,1063.668936092285,1063.668936092285,68.89788201381789,749.9999999999999,1686121.5698780145,1772.7815601538086,True,0.06477380289673161,1686.1215698780145,843.0607849390072
16,13,8.0,1.029473684210526,1.3137119113573406,0.2842382271468144,26.636082948930113,26.636082948930113,22.81309345758206,0.05549280550478111,1086.3309557639593,1086.3309557639593,66.56237635782041,750.0000000000001,1709402.9420236223,1810.5515929399323,True,0.06127264992739768,1709.4029420236222,854.7014710118111
16,14,8.0,1.1078947368421053,1.3921329639889197,0.2842382271468144,30.848699363706846,30.848699363706846,21.99087727019234,0.039395642065183735,1107.459019173744,1107.459019173744,64.51264246323018,749.9999999999998,1733936.0758268645,1845.7650319562401,True,0.05825284849940717,1733.9360758268645,866.9680379134322
16,15,8.0,1.1863157894736842,1.4705540166204987,0.2842382271468144,35.37044153361862,35.37044153361862,21.251600784761756,0.02863121176191504,1127.2440637034701,1127.2440637034701,62.7012929150519,750.0,1759543.0929041016,1878.7401061724504,True,0.055623529042195016,1759.5430929041015,879.7715464520508
16,16,8.0,1.2647368421052632,1.5489750692520776,0.2842382271468144,40.20130945866545,40.20130945866545,20.582196468446515,0.021237679050134337,1145.8430860479673,1145.8430860479673,61.09132566171939,750.0000000000003,1786097.3445741336,1909.7384767466122,True,0.05331561223834271,1786.0973445741336,893.0486722870668
16,17,8.0,1.3431578947368419,1.6273961218836563,0.2842382271468144,45.34130313884732,45.34130313884732,19.972308689816366,0.01603915644608238,1163.3868147623164,1163.3868147623164,59.65335626056335,750.0000000000001,1813507.2447747872,1938.9780246038606,True,0.05127559939962936,1813.5072447747873,906.7536223873936
16,18,8.0,1.421578947368421,1.7058171745152355,0.2842382271468144,50.790422574164275,50.790422574164275,19.413610533718046,0.012307691189040494,1179.9853150239062,1179.9853150239062,58.3637022420171,749.9999999999995,1841705.6434556397,1966.6421917065104,True,0.049461380153561205,1841.7056434556398,920.8528217278199
16,19,8.0,1.5,1.7842382271468145,0.2842382271468144,56.548667764616276,56.548667764616276,18.89931984251094,0.009579627830986507,1195.7321637179261,1195.7321637179261,57.2030259175965,750.0000000000002,1870642.6766010453,1992.886939529877,True,0.047839330289262606,1870.6426766010452,935.3213383005226
17,0,8.0,0.01,0.3306204986149584,0.3206204986149584,0.0025132741228718345,0.0025132741228718345,84.1454073469767,7839470462.788593,474.17009581017527,474.17009581017527,209.09224274570008,87.86778718564284,2017225.4309775115,790.2834930169588,True,0.4409646339852821,2017.2254309775115,1008.6127154887557
17,1,8.0,0.08842105263157896,0.40904155124653735,0.3206204986149584,0.19649487214386335,0.19649487214386335,82.67388829815863,4116.837612895384,480.2298119631939,480.2298119631939,205.6457079469567,750.0000000000002,2860953.9408794795,800.3830199386566,True,0.4282235355324378,2860.9539408794794,1430.4769704397397
17,2,8.0,0.1668421052631579,0.4874626038781163,0.3206204986149584,0.6996022252999108,0.6996022252999108,60.1857079638159,212.6818818883009,600.0858799725534,600.0858799725534,149.9177559208094,750.0000000000002,2195328.953954546,1000.143133287589,True,0.24982716795080454,2195.328953954546,1097.664476977273
17,3,8.0,0.24526315789473685,0.5658836565096952,0.3206204986149584,1.5118353335910142,1.5118353335910142,49.63980265305842,35.22676592410853,682.9232782055632,682.9232782055632,123.86865214046169,750.0000000000002,1975917.7242536864,1138.2054636759387,True,0.1813800409116771,1975.9177242536864,987.9588621268432
17,4,8.0,0.3236842105263158,0.6443047091412741,0.3206204986149584,2.6331941970171733,2.6331941970171733,43.210117444133374,9.65138953945152,747.2199237268811,747.2199237268811,108.05627622920201,750.0,1879973.9622298358,1245.366539544802,True,0.14461107472918244,1879.9739622298357,939.9869811149179
17,5,8.0,0.40210526315789474,0.7227257617728531,0.3206204986149584,4.063678815578389,4.063678815578389,38.768261420135204,3.5067492393135895,800.0972267904169,800.0972267904169,97.19266706253968,750.0000000000002,1835092.3113452478,1333.4953779840282,True,0.12147607041762565,1835.0923113452477,917.5461556726239
17,6,8.0,0.4805263157894737,0.801146814404432,0.3206204986149584,5.803289189274659,5.803289189274659,35.46399163362511,1.5268982229290158,845.1423993268397,845.1423993268397,89.16500655669944,750.0000000000001,1816024.6110711026,1408.570665544733,True,0.10550293847252229,1816.0246110711025,908.0123055355513
17,7,8.0,0.5589473684210526,0.879567867036011,0.3206204986149584,7.852025318105986,7.852025318105986,32.88219089170501,0.7540948473821337,884.4432069477461,884.4432069477463,82.94143473065547,750.0000000000001,1811740.3355219658,1474.072011579577,True,0.09377813530491137,1811.7403355219658,905.8701677609829
17,8,8.0,0.6373684210526316,0.9579889196675899,0.3206204986149584,10.20988720207237,10.20988720207237,30.79292420712687,0.4086338914351601,919.3321059274507,919.3321059274507,77.95015750085877,750.0,1816696.749820133,1532.2201765457512,True,0.08478998720731093,1816.696749820133,908.3483749100665
17,9,8.0,0.7157894736842104,1.0364099722991689,0.3206204986149584,12.876874841173805,12.876874841173805,29.05718580084944,0.23777096063667863,950.71613057871,950.7161305787101,73.84530623886425,750.0,1827828.5917427843,1584.5268842978503,True,0.07767334945070713,1827.8285917427843,913.9142958713921
17,10,8.0,0.7942105263157895,1.1148310249307478,0.3206204986149584,15.852988235410304,15.852988235410304,27.585342765619163,0.14637175021174653,979.2429496261482,979.2429496261482,70.40370129438296,750.0,1843318.2117635051,1632.071582710247,True,0.07189605125189967,1843.3182117635051,921.6591058817526
17,11,8.0,0.8726315789473684,1.1932520775623268,0.3206204986149584,19.138227384781853,19.138227384781853,26.316658296580602,0.09432191200990352,1005.3924321803198,1005.3924321803198,67.47397998719954,750.0,1862029.128274188,1675.6540536338664,True,0.06711208263312042,1862.029128274188,931.014564137094
17,12,8.0,0.9510526315789474,1.2716731301939057,0.3206204986149584,22.732592289288462,22.732592289288462,25.20832145641557,0.06312513785022997,1029.5307442217154,1029.5307442217154,64.94934067845224,750.0000000000002,1883220.634572453,1715.8845737028591,True,0.06308635370335772,1883.220634572453,941.6103172862265
17,13,8.0,1.029473684210526,1.3500941828254844,0.3206204986149584,26.636082948930113,26.636082948930113,24.22917235859014,0.04361331344617804,1051.9440880289976,1051.9440880289976,62.75195158786891,750.0000000000002,1906393.5936708855,1753.2401467149962,True,0.059653314564888836,1906.3935936708856,953.1967968354428
17,14,8.0,1.1078947368421053,1.4285152354570636,0.3206204986149584,30.848699363706846,30.848699363706846,23.35591868269871,0.030962112478783558,1072.8606869099951,1072.8606869099951,60.823549068587546,750.0000000000003,1931202.3116398188,1788.101144849992,True,0.05669286777929088,1931.2023116398188,965.6011558199094
17,15,8.0,1.1863157894736842,1.5069362880886426,0.3206204986149584,35.37044153361862,35.37044153361862,22.57075303125141,0.022502052321155687,1092.465638018021,1092.465638018021,59.119516320294956,750.0,1957401.8053806745,1820.7760633633686,True,0.05411567582807555,1957.4018053806744,978.7009026903372
17,16,8.0,1.2647368421052632,1.5853573407202215,0.3206204986149584,40.20130945866545,40.20130945866545,21.85979672943537,0.016691272766936174,1110.9112565702255,1110.9112565702255,57.60501555784175,750.0000000000001,1984815.0167950233,1851.518760950376,True,0.05185384090506809,1984.8150167950234,992.4075083975117
17,17,8.0,1.3431578947368419,1.6637783933518002,0.3206204986149584,45.34130313884732,45.34130313884732,21.21205133991582,0.012605611684833791,1128.3244692873693,1128.3244692873693,56.25238178248993,750.0000000000002,2013311.7577348629,1880.5407821456156,True,0.04985479205110032,2013.3117577348628,1006.6558788674314
17,18,8.0,1.421578947368421,1.7421994459833794,0.3206204986149584,50.790422574164275,50.790422574164275,20.61867307029612,0.00967295109237429,1144.8122184255822,1144.8122184255822,55.03931895651897,750.0,2042794.809538738,1908.020364042637,True,0.048077158918003605,2042.794809538738,1021.397404769369
17,19,8.0,1.5,1.8206204986149583,0.3206204986149584,56.548667764616276,56.548667764616276,20.07245877354391,0.007528891493052177,1160.465489617076,1160.465489617076,53.94762203603589,750.0000000000001,2073190.5251406266,1934.1091493617932,True,0.04648791585679746,2073.1905251406265,1036.5952625703133
18,0,8.0,0.01,0.369207756232687,0.35920775623268697,0.0025132741228718345,0.0025132741228718345,90.05269677897087,5976150208.134747,451.44160477849323,451.44160477849323,199.78966683799854,89.82720376506644,2525125.503551588,752.402674630822,True,0.44255926951178637,2525.125503551588,1262.562751775794
18,1,8.0,0.08842105263157896,0.4476288088642659,0.35920775623268697,0.19649487214386335,0.19649487214386335,87.5075599055969,3279.8568994919583,460.93468771578074,460.9346877157807,194.3596039742799,750.0,3400995.9620748363,768.2244795263011,True,0.42166408637512864,3400.9959620748364,1700.4979810374182
18,2,8.0,0.1668421052631579,0.5260498614958449,0.35920775623268697,0.6996022252999108,0.6996022252999108,63.70456928444339,169.4422280643899,577.1117728093551,577.1117728093551,141.70311139691646,749.9999999999999,2559878.1511487756,961.8529546822585,True,0.2455384174665366,2559.8781511487755,1279.9390755743877
18,3,8.0,0.24526315789473685,0.6044709141274238,0.35920775623268697,1.5118353335910142,1.5118353335910142,52.54207941325613,28.064928016851475,657.6996686945994,657.6996686945994,117.09199488346732,749.9999999999999,2276234.123106496,1096.166114490999,True,0.17803261953266789,2276.234123106496,1138.117061553248
18,4,8.0,0.3236842105263158,0.6828919667590028,0.35920775623268697,2.6331941970171733,2.6331941970171733,45.73647155839164,7.689197278877218,720.4224686160481,720.4224686160481,102.153843012426,749.9999999999999,2147575.4112056773,1200.7041143600802,True,0.14179713635065602,2147.5754112056775,1073.7877056028387
18,5,8.0,0.40210526315789474,0.7613130193905817,0.35920775623268697,4.063678815578389,4.063678815578389,41.03491475353632,2.793803586355622,772.1212849744398,772.1212849744398,91.89174358895215,750.0000000000002,2083344.8648880576,1286.868808290733,True,0.11901205856796723,2083.3448648880576,1041.6724324440288
18,6,8.0,0.4805263157894737,0.8397340720221607,0.35920775623268697,5.803289189274659,5.803289189274659,37.53745512947113,1.2164695677111232,816.2466525300675,816.2466525300675,84.30920713464252,750.0,2051858.936187074,1360.4110875501126,True,0.10328888562460214,2051.858936187074,1025.929468093537
18,7,8.0,0.5589473684210526,0.9181551246537396,0.35920775623268697,7.852025318105986,7.852025318105986,34.80470494995743,0.6007823044344296,854.8091771387966,854.8091771387966,78.4312050455277,750.0,2039222.703957982,1424.6819618979944,True,0.09175288139518034,2039.2227039579818,1019.6113519789909
18,8,8.0,0.6373684210526316,0.9965761772853186,0.35920775623268697,10.20988720207237,10.20988720207237,32.593285681758324,0.3255558791028549,889.0934766498101,889.0934766498101,73.71744600094429,750.0000000000002,2038423.8800858269,1481.8224610830168,True,0.08291304338292835,2038.4238800858268,1019.2119400429134
18,9,8.0,0.7157894736842104,1.0749972299168973,0.35920775623268697,12.876874841173805,12.876874841173805,30.756064332981484,0.18943052873891894,919.9749137503075,919.9749137503073,69.84112308838782,750.0000000000001,2045565.5715689554,1533.291522917179,True,0.07591633428750598,2045.5655715689554,1022.7827857844777
18,10,8.0,0.7942105263157895,1.1534182825484764,0.35920775623268697,15.852988235410304,15.852988235410304,29.198167453708702,0.11661339114249619,948.0791410737953,948.0791410737953,66.59136073791525,750.0000000000001,2058324.3065381637,1580.131901789659,True,0.07023818777670165,2058.324306538164,1029.162153269082
18,11,8.0,0.8726315789473684,1.2318393351800554,0.35920775623268697,19.138227384781853,19.138227384781853,27.855307156932685,0.07514563433590955,973.8701347974583,973.8701347974583,63.8251438534086,750.0,2075238.4110859327,1623.1168913290971,True,0.06553763337930339,2075.238411085933,1037.6192055429665
18,12,8.0,0.9510526315789474,1.3102603878116343,0.35920775623268697,22.732592289288462,22.732592289288462,26.68216948997621,0.05029137371387476,997.7022370889299,997.7022370889299,61.44156293438891,749.9999999999999,2095348.6989402764,1662.8370618148833,True,0.06158306621989897,2095.3486989402763,1047.6743494701382
18,13,8.0,1.029473684210526,1.388681440443213,0.35920775623268697,26.636082948930113,26.636082948930113,25.64577274974477,0.0347464341484065,1019.8526341718937,1019.8526341718937,59.367081689818555,750.0000000000001,2118003.879257883,1699.7543902864895,True,0.05821143143687991,2118.003879257883,1059.0019396289415
18,14,8.0,1.1078947368421053,1.4671024930747922,0.35920775623268697,30.848699363706846,30.848699363706846,24.7214627901084,0.02466730723560484,1040.542531544674,1040.542531544674,57.54665327000816,749.9999999999997,2142749.0745982183,1734.2375525744567,True,0.05530447004850516,2142.749074598218,1071.374537299109
18,15,8.0,1.1863157894736842,1.5455235457063712,0.35920775623268697,35.37044153361862,35.37044153361862,23.890391073340357,0.01792723408061878,1059.9514679892545,1059.9514679892545,55.93812524811851,750.0000000000005,2169258.936943171,1766.585779982091,True,0.052774232535602844,2169.258936943171,1084.6294684715856
18,16,8.0,1.2647368421052632,1.6239445983379501,0.35920775623268697,40.20130945866545,40.20130945866545,23.137867483944657,0.013297825003944112,1078.2272899998572,1078.2272899998572,54.50858494407807,749.9999999999999,2197295.9448103807,1797.0454833330955,True,0.05055389104841271,2197.2959448103807,1098.6479724051903
18,17,8.0,1.3431578947368419,1.7023656509695289,0.35920775623268697,45.34130313884732,45.34130313884732,22.452250541960098,0.010042806237319816,1095.493284705307,1095.493284705307,53.23189684642706,749.9999999999998,2226683.5395520455,1825.8221411755117,True,0.04859171442638893,2226.6835395520457,1113.3417697760228
18,18,8.0,1.421578947368421,1.780786703601108,0.35920775623268697,50.790422574164275,50.790422574164275,21.824179387399667,0.007706375223398506,1111.8533961709888,1111.8533961709888,52.08699822476153,750.0000000000003,2257288.3312159353,1853.0889936183148,True,0.04684700195559884,2257.288331215935,1128.6441656079676
18,19,8.0,1.5,1.859207756232687,0.35920775623268697,56.548667764616276,56.548667764616276,21.24602972880423,0.005998217328675814,1127.3961152654022,1127.3961152654022,51.05669162124157,750.0000000000002,2289008.024849814,1878.993525442337,True,0.045287269425460304,2289.008024849814,1144.504012424907
19,0,8.0,0.01,0.41000000000000003,0.4,0.0025132741228718345,0.0025132741228718345,96.00304118285852,4626669033.228493,430.83408548423284,430.83408548423284,191.33377271900258,91.67905554434853,3125211.910621646,718.056809140388,True,0.44410082480812624,3125.211910621646,1562.605955310823
19,1,8.0,0.08842105263157896,0.488421052631579,0.4,0.19649487214386335,0.19649487214386335,92.34273149384158,2645.0039470176066,443.25895658294456,443.25895658294456,184.2620904363269,749.9999999999998,4017760.344163815,738.7649276382409,True,0.41569851595733515,4017.760344163815,2008.8801720819074
19,2,8.0,0.1668421052631579,0.5668421052631579,0.4,0.6996022252999108,0.6996022252999108,67.2245225750825,136.6447914514776,555.9811001288281,555.9811001288281,134.35425595831157,749.9999999999999,2970634.175690673,926.6351668813802,True,0.24165255964128984,2970.6341756906727,1485.3170878453363
19,3,8.0,0.24526315789473685,0.6452631578947369,0.4,1.5118353335910142,1.5118353335910142,55.445256805476205,22.63264759777642,634.4321945363571,634.4321945363571,111.03010832058997,750.0000000000001,2611264.764483057,1057.3869908939284,True,0.17500705241122064,2611.2647644830568,1305.6323822415284
19,4,8.0,0.3236842105263158,0.7236842105263158,0.4,2.6331941970171733,2.6331941970171733,48.26360964868083,6.200867225389487,695.6454370259629,695.6454370259629,96.8744302820065,750.0,2443820.4615596696,1159.4090617099382,True,0.13925834214649058,2443.8204615596696,1221.9102307798348
19,5,8.0,0.40210526315789474,0.8021052631578948,0.4,4.063678815578389,4.063678815578389,43.3022714728459,2.2530316838662077,746.2038423580393,746.2038423580393,87.15075098220147,749.9999999999999,2356484.9618745088,1243.6730705967323,True,0.11679214985921406,2356.484961874509,1178.2424809372544
19,6,8.0,0.4805263157894737,0.8805263157894737,0.4,5.803289189274659,5.803289189274659,39.611562060721766,0.9810082898803028,789.4315807945819,789.4315807945819,79.96667827188858,750.0000000000002,2310032.4484876273,1315.7193013243032,True,0.10129652805554117,2310.0324484876273,1155.0162242438137
19,7,8.0,0.5589473684210526,0.9589473684210527,0.4,7.852025318105986,7.852025318105986,36.72781560111513,0.4844941761860222,827.2676552297472,827.2676552297472,74.39804051146943,750.0000000000001,2287208.2482970865,1378.779425382912,True,0.0899322486998573,2287.2082482970864,1143.6041241485432
19,8,8.0,0.6373684210526316,1.0373684210526317,0.4,10.20988720207237,10.20988720207237,34.394205843010596,0.2625409008957736,860.9521365023348,860.9521365023348,69.93273801663474,750.0,2279274.853111287,1434.9202275038915,True,0.0812272077060408,2279.274853111287,1139.6374265556435
19,9,8.0,0.7157894736842104,1.1157894736842104,0.4,12.876874841173805,12.876874841173805,32.45547005963513,0.1527641331783964,891.3307983629512,891.3307983629512,66.26102247311455,750.0000000000002,2281358.11487104,1485.5513306049188,True,0.0743394288571783,2281.35811487104,1140.67905743552
19,10,8.0,0.7942105263157895,1.1942105263157896,0.4,15.852988235410304,15.852988235410304,30.81149263216512,0.09404156623259605,919.0086610864131,919.0086610864131,63.18302966289177,749.9999999999999,2290539.5533984425,1531.6811018106885,True,0.06875128857675777,2290.5395533984424,1145.2697766992212
19,11,8.0,0.8726315789473684,1.2726315789473683,0.4,19.138227384781853,19.138227384781853,29.39443348947274,0.06060035712241279,944.4347623645358,944.4347623645358,60.56321521837193,750.0000000000005,2304974.5480019604,1574.0579372742263,True,0.06412641468929281,2304.9745480019606,1152.4872740009803
19,12,8.0,0.9510526315789474,1.3510526315789475,0.4,22.732592289288462,22.732592289288462,28.15647488678812,0.04055691636874174,967.9522986746506,967.9522986746506,58.305942986402144,750.0000000000001,2323446.33777228,1613.2538311244177,True,0.06023638051816851,2323.44633777228,1161.72316888614
19,13,8.0,1.029473684210526,1.4294736842105262,0.4,26.636082948930113,26.636082948930113,27.06281273911162,0.028020873557489095,989.8299336238329,989.8299336238329,56.34152115992828,750.0000000000001,2345124.040766122,1649.7165560397216,True,0.056920405461631414,2345.1240407661217,1172.5620203830608
19,14,8.0,1.1078947368421053,1.5078947368421054,0.4,30.848699363706846,30.848699363706846,26.08743065198837,0.01989267428422773,1010.282221041463,1010.282221041463,54.617782022991165,750.0000000000002,2369423.753467984,1683.8037017357717,True,0.05406190556009952,2369.423753467984,1184.711876733992
19,15,8.0,1.1863157894736842,1.5863157894736841,0.4,35.37044153361862,35.37044153361862,25.210438624368923,0.014457217602905215,1029.483417452114,1029.483417452114,53.09477890856167,749.9999999999998,2395925.043972982,1715.8056957535234,True,0.051574195376518875,2395.925043972982,1197.962521986491
19,16,8.0,1.2647368421052632,1.6647368421052633,0.4,40.20130945866545,40.20130945866545,24.41633484826874,0.010723882382682523,1047.5771116743254,1047.5771116743254,51.74132227625936,750.0000000000001,2424318.7689508563,1745.9618527905423,True,0.049391421117975794,2424.3187689508563,1212.1593844754282
19,17,8.0,1.3431578947368419,1.743157894736842,0.4,45.34130313884732,45.34130313884732,23.69283460155166,0.008098908870371294,1064.6831143828938,1064.6831143828938,50.53264568913841,749.9999999999999,2454373.378905345,1774.471857304823,True,0.04746261587742742,2454.3733789053454,1227.1866894526727
19,18,8.0,1.421578947368421,1.8215789473684212,0.4,50.790422574164275,50.790422574164275,23.030059796184332,0.00621472018679994,1080.9024987431746,1080.9024987431746,49.448790415314605,749.9999999999998,2485912.5420645564,1801.5041645719577,True,0.045747688133584166,2485.9125420645564,1242.9562710322782
19,19,8.0,1.5,1.9,0.4,56.548667764616276,56.548667764616276,22.419964865591712,0.004837195339794987,1096.3213609512627,1096.3213609512627,48.473460975170624,750.0,2518799.919708273,1827.2022682521047,True,0.04421464608982067,2518.7999197082727,1259.3999598541363
