row_i,col_j,ri,th,rf,v,b0,scan,stress,j_crit,je_max,je_sc,margin,converged
0,0,0.01,0.01,0.02,0.0003141592653589793,4.852757698651703,1.1689268596459153e-09,9.369951756362502,965.8850603767623,386.35402415070496,386.35034092730774,2.5000238334421314,True
0,1,0.026779661016949154,0.01,0.036779661016949156,0.0022529939386445163,4.846551997333889,8.271766196758223e-07,25.028277910461526,966.1614660667326,386.4645864266931,386.4609311050515,2.5000236461266026,True
0,2,0.043559322033898305,0.01,0.05355932203389831,0.0059609035672781455,4.835955429026328,2.100403878503846e-05,40.53272768955784,966.6338445360154,386.6535378144062,386.6499297524798,2.5000233289963916,True
0,3,0.06033898305084746,0.01,0.07033898305084746,0.01143788815125987,4.821063056640145,0.00018213387680566834,55.80122721472103,967.2985793766969,386.91943175067877,386.91588929443986,2.500022889058946,True
0,4,0.0771186440677966,0.01,0.0871186440677966,0.01868394769058968,4.802006315272859,0.0009202794337273936,70.75627791546161,968.1506572237049,387.26026288948196,387.2568030127134,2.5000223358036684,True
0,5,0.09389830508474575,0.01,0.10389830508474575,0.02769908218526759,4.778949751855506,0.00335388205802695,85.32628192112733,969.1837793669741,387.6735117467897,387.6701497500957,2.5000216807813045,True
0,6,0.1106779661016949,0.01,0.1206779661016949,0.03848329163529359,4.752087079743208,0.009812468321435059,99.44663457387112,970.390497583731,388.1561990334924,388.1529483124106,2.5000209371144537,True
0,7,0.12745762711864406,0.01,0.13745762711864407,0.051036576040667685,4.721636729796101,0.024508047735747645,113.06055431343106,971.7623684183579,388.7049473673432,388.70181925478204,2.5000201189729903,True
0,8,0.14423728813559322,0.01,0.15423728813559323,0.06535893540138989,4.687837090387587,0.05431335227623476,126.11963653649671,973.2901197246458,389.31604788985834,389.3130515734407,2.500019241047825,True
0,9,0.1610169491525424,0.01,0.1710169491525424,0.08145036971746017,4.650941626676357,0.10959912537452977,138.5841337468896,974.9638232667501,389.9855293067001,389.98267181738987,2.5000183180530615,True
0,10,0.17779661016949153,0.01,0.18779661016949153,0.09931087898887854,4.611214055977496,0.2050771237916855,150.42297814166238,976.7730675104546,390.70922700418186,390.7065132691075,2.500017364281002,True
0,11,0.19457627118644066,0.01,0.20457627118644067,0.11894046321564498,4.568923733614113,0.3605961231469268,161.61357383173805,978.707125359029,391.4828501436116,391.4802830934834,2.5000163932274435,True
0,12,0.21135593220338983,0.01,0.22135593220338984,0.14033912239775956,4.524341375147124,0.6018440709923687,172.14139369009817,980.7551124158997,392.3020449663599,392.2996256863554,2.5000154172974307,True
0,13,0.228135593220339,0.01,0.238135593220339,0.16350685653522223,4.477735209353431,0.9609191815205113,181.99942026493207,982.9061323030926,393.16245292123705,393.1601808336681,2.500014447594643,True
0,14,0.24491525423728813,0.01,0.2549152542372881,0.18844366562803297,4.4293676244943265,1.4767445829410901,191.18747152974558,985.1494065478162,394.0597626191265,394.0576356864831,2.500013493791585,True
0,15,0.26169491525423727,0.01,0.2716949152542373,0.2151495496761918,4.379492340513994,2.195313539271851,199.71145094246617,987.4743875006272,394.9897550002509,394.98776993813203,2.5000125640733075,True
0,16,0.27847457627118644,0.01,0.28847457627118644,0.24362450867969873,4.32835211347903,3.169763951120957,207.58255796306352,989.8708536129847,395.9483414451939,395.9464939360257,2.500011665144132,True
0,17,0.2952542372881356,0.01,0.3052542372881356,0.2738685426385538,4.2761769567989,4.460290835858764,214.81649048433155,992.328987144364,396.9315948577456,396.92987975781415,2.5000108022853587,True
0,18,0.31203389830508477,0.01,0.3220338983050848,0.30588165155275693,4.223266444652311,6.134398927477936,221.44143176161126,994.8354638049844,397.9341855219938,397.94206260749104,2.499950513615942,True
0,19,0.3288135593220339,0.01,0.3388135593220339,0.33966383542230805,4.169647698012098,8.264726367394626,227.4618582568718,997.3896834622985,398.9558733849194,398.96322451877853,2.499953936018364,True
0,20,0.34559322033898304,0.01,0.35559322033898305,0.3752150942472074,4.115597222407937,10.931148603146124,232.91158205438012,999.979054504928,399.9916218019712,399.998470556517,2.4999571951204196,True
0,21,0.3623728813559322,0.01,0.3723728813559322,0.4125354280274548,4.061285265484332,14.218643076836502,237.8169585096075,1002.5958317658235,401.0383327063294,401.0447037586194,2.499960284650126,True
0,22,0.3791525423728813,0.01,0.3891525423728813,0.45162483676305026,4.006866729530527,18.2170891331109,242.2054484242107,1005.2328357296796,402.0931342918718,402.0990529482998,2.4999632015023128,True
0,23,0.3959322033898305,0.01,0.4059322033898305,0.49248332045399384,3.9524815464233174,23.020662868500338,246.1051313906273,1007.8834502138064,403.1533800855226,403.1588718736922,2.499965945260338,True
0,24,0.41271186440677965,0.01,0.42271186440677966,0.5351108791002855,3.8982552288539916,28.72722540749467,249.54428856245954,1010.5416124181218,404.2166449672487,404.22173529282037,2.499968517739602,True
0,25,0.4294915254237288,0.01,0.4394915254237288,0.5795075127019254,3.8442995534067026,35.4377211417901,252.55105180226008,1013.201796875989,405.28071875039564,405.285432614925,2.4999709225637656,True
0,26,0.446271186440678,0.01,0.456271186440678,0.6256732212589133,3.790713336520285,43.25559910815852,255.1531146847888,1015.8589946945925,406.34359787783706,406.3479596525119,2.499973164780508,True
0,27,0.4630508474576271,0.01,0.4730508474576271,0.6736080047712492,3.737583269990482,52.28626743960393,257.3774999035675,1018.5086893148246,407.40347572592987,407.4075089754718,2.4999752505203445,True
0,28,0.47983050847457626,0.01,0.48983050847457626,0.7233118632389332,3.684984788154668,62.63658785959818,259.2503771408879,1021.146829857089,408.4587319428356,408.46245929358207,2.4999771866994034,True
0,29,0.4966101694915254,0.01,0.5066101694915254,0.7747847966619654,3.632982944043003,74.41441459298198,260.79692531970596,1023.7698029589428,409.50792118357714,409.511364229792,2.499978980765153,True
0,30,0.5133898305084745,0.01,0.5233898305084745,0.8280268050403455,3.5816332764463286,87.7281798813982,262.0412332717032,1026.3744038589086,410.5497615435635,410.5529407862703,2.499980640482682,True
0,31,0.5301694915254237,0.01,0.5401694915254237,0.8830378883740738,3.5309826539789313,102.68652652011083,263.00623315392676,1028.9578073415275,411.58312293661106,411.586057749633,2.4999821737582777,True
0,32,0.5469491525423729,0.01,0.5569491525423729,0.9398180466631503,3.481070085781488,119.39798645468609,263.71366136365157,1031.5175390338713,412.6070156135486,412.6097242319097,2.499983588496574,True
0,33,0.563728813559322,0.01,0.573728813559322,0.9983672799075749,3.431927491524205,137.97070345134352,264.184042186966,1034.0514474342926,413.6205789737171,413.62307850008165,2.4999848924873,True
0,34,0.5805084745762712,0.01,0.5905084745762712,1.0586855881073476,3.3835804258734634,158.5121971373885,264.4366899331319,1036.5576769596903,414.62307078387613,414.6253772092293,2.499986093317727,True
0,35,0.5972881355932204,0.01,0.6072881355932204,1.1207729712624683,3.336048754617499,181.12916524760226,264.48972582485766,1039.0346422176817,415.6138568870727,415.61598512235923,2.4999871983070747,True
0,36,0.6140677966101695,0.01,0.6240677966101695,1.1846294293729371,3.2893472812649387,205.92732066036365,264.3601064144898,1041.481003643479,416.5924014573916,416.59436537331976,2.4999882144593673,True
0,37,0.6308474576271186,0.01,0.6408474576271186,1.2502549624387536,3.2434863241922174,233.0112597195022,264.0636607649909,1043.895644586576,417.55825783463047,417.56007030728733,2.499989148431652,True
0,38,0.6476271186440677,0.01,0.6576271186440678,1.3176495704599187,3.1984722453676864,262.48435837314986,263.6151340631789,1046.2776498885382,418.5110599554153,418.5127329157508,2.499990006514713,True
0,39,0.6644067796610169,0.01,0.6744067796610169,1.386813253436432,3.154307932382061,294.4486927870263,263.0282357187026,1048.6262859583562,419.4505143833425,419.4520588689294,2.4999907946238773,True
0,40,0.6811864406779661,0.01,0.6911864406779661,1.457746011368293,3.1109932360078054,329.00498127836784,262.31569034396716,1050.9409823248566,420.37639292994265,420.3778191377326,2.4999915182977963,True
0,41,0.6979661016949152,0.01,0.7079661016949153,1.5304478442555023,3.0685253658294673,366.2525446434045,261.4892903079245,1053.221314625535,421.288525850214,421.28984318927655,2.4999921827034055,True
0,42,0.7147457627118644,0.01,0.7247457627118644,1.6049187520980597,3.0268992466788,406.2892822016187,260.5599488145313,1055.4669889762365,422.1867955904946,422.18801273395184,2.499992792645572,True
0,43,0.7315254237288136,0.01,0.7415254237288136,1.6811587348959653,2.986107838690962,449.2116611369986,259.53775267611724,1057.6778276559012,423.0711310623605,423.0722559979233,2.4999933525801628,True
0,44,0.7483050847457626,0.01,0.7583050847457626,1.7591677926492184,2.9461424238045515,495.1147169731495,258.4320141379593,1059.853756033839,423.94150241353566,423.94254249220177,2.4999938666295436,True
0,45,0.7650847457627118,0.01,0.7750847457627118,1.83894592535782,2.906992861470271,544.0920632641986,257.25132126529695,1061.994790663393,424.7979162653572,424.7988782479648,2.4999943385996475,True
0,46,0.781864406779661,0.01,0.791864406779661,1.92049313302177,2.868607392321219,596.202301790161,255.99637156981436,1064.1032537177284,425.64130148709137,425.63530350817587,2.5000352295666386,True
0,47,0.7986440677966101,0.01,0.8086440677966101,2.0038094156410677,2.8310576999691324,651.602777099956,254.6893893448285,1066.174696742539,426.46987869701564,426.4642659626555,2.5000329027236754,True
0,48,0.8154237288135593,0.01,0.8254237288135593,2.0888947732157135,2.7942867888999543,710.3501129872824,253.3293101533153,1068.2117526989684,427.2847010795874,427.27944691242885,2.5000307419839434,True
0,49,0.8322033898305085,0.01,0.8422033898305085,2.1757492057457077,2.758280883568833,772.5324608229405,251.92229256874413,1070.2147033615777,428.0858813446311,428.08096096817263,2.500028735081136,True
0,50,0.8489830508474576,0.01,0.8589830508474576,2.26437271323105,2.7230256892692126,838.2366846843547,250.47399194622244,1072.1838770503803,428.8735508201521,428.868941229268,2.5000268706266704,True
0,51,0.8657627118644068,0.01,0.8757627118644068,2.3547652956717404,2.688506514353127,907.5483979479806,248.98959771033574,1074.119642131478,429.64785685259125,429.64353669098045,2.500025138057726,True
0,52,0.882542372881356,0.01,0.892542372881356,2.4469269530677784,2.6547083772460565,980.5520012015136,247.4738683194626,1076.0224011802786,430.40896047211146,430.4049099167036,2.5000235275859692,True
0,53,0.899322033898305,0.01,0.909322033898305,2.5408576854191645,2.621616099861349,1057.3307209243856,245.93116396479095,1077.8925857486906,431.15703429947627,431.15323495172953,2.5000220301475133,True
0,54,0.9161016949152542,0.01,0.9261016949152542,2.636557492725899,2.5892143888736747,1137.9666484797526,244.36547708064086,1079.7306516818026,431.892260672721,431.8886954566695,2.5000206373545373,True
0,55,0.9328813559322033,0.01,0.9428813559322033,2.7340263749879816,2.557487906174366,1222.5407790425043,242.78046075569833,1081.537074933605,432.61482997344206,432.6114830402877,2.500019341448884,True
0,56,0.9496610169491525,0.01,0.9596610169491525,2.8332643322054123,2.5264213297068165,1311.1330501624973,241.17945514392596,1083.312347835068,433.32493913402726,433.32179577303305,2.5000181352578204,True
0,57,0.9664406779661017,0.01,0.9764406779661017,2.934271364378191,2.495999405759487,1403.8223797177698,239.56551197859142,1085.0569757718024,434.02279030872097,434.01983686413035,2.5000170121520937,True
0,58,0.9832203389830508,0.01,0.9932203389830508,3.037047471506318,2.466206993689232,1500.6867030703386,237.941417296012,1086.771474231878,434.7085896927513,434.7058134864413,2.5000159660063415,True
0,59,1.0,0.01,1.01,3.141592653589793,2.4370291039448087,1601.8030092737333,236.30971247527938,1088.456366187939,435.3825464751756,435.3799357347397,2.5000149911618657,True
1,0,0.01,0.013220338983050847,0.02322033898305085,0.0003141592653589793,6.074557572197582,2.8700635881277366e-09,11.105723439244159,914.6398876051483,365.85595504205935,365.8594703101353,2.4999759793830605,True
1,1,0.026779661016949154,0.013220338983050847,0.04,0.0022529939386445163,6.066511879929248,2.0305933240047845e-06,29.662020409419227,914.9579086279113,365.9831634511645,365.9866497679408,2.4999761854921587,True
1,2,0.043559322033898305,0.013220338983050847,0.05677966101694915,0.0059609035672781455,6.053146052544955,5.15582615128075e-05,48.035350798443034,915.4867541687402,366.1947016674961,366.1981403044313,2.4999765247515158,True
1,3,0.06033898305084746,0.013220338983050847,0.07355932203389831,0.01143788815125987,6.0345785771333835,0.00044710267806545746,66.13166071414166,916.2225264082971,366.48901056331886,366.4923838183712,2.4999769895965014,True
1,4,0.0771186440677966,0.013220338983050847,0.09033898305084745,0.01868394769058968,6.010971305524669,0.0022594744162730105,83.86219856573668,917.159884612219,366.86395384488765,366.867245389908,2.4999775699175806,True
1,5,0.09389830508474575,0.013220338983050847,0.1071186440677966,0.02769908218526759,5.982525472411549,0.008236755134035817,101.14499917987959,918.2921613545099,367.31686454180397,367.32005971072505,2.49997825350919,True
1,6,0.1106779661016949,0.013220338983050847,0.12389830508474575,0.03848329163529359,5.949476913766471,0.024107703479153034,117.90610320297705,919.6115029848603,367.84460119394413,367.84768720248513,2.499979026587305,True
1,7,0.12745762711864406,0.013220338983050847,0.14067796610169492,0.051036576040667685,5.912090703705026,0.06024247262323589,134.08047969310584,921.109028475042,368.4436113900168,368.4465774822249,2.4999798743400716,True
1,8,0.14423728813559322,0.013220338983050847,0.15745762711864408,0.06535893540138989,5.870655439479196,0.13358661071573263,149.61263805556857,922.7750003940212,369.1100001576085,369.11283767908475,2.4999807814766473,True
1,9,0.1610169491525424,0.013220338983050847,0.17423728813559325,0.08145036971746017,5.82547740049809,0.26975507280141237,164.4569329068455,924.5990017672721,369.83960070690887,369.84230310863836,2.499981732743207,True
1,10,0.17779661016949153,0.013220338983050847,0.19101694915254236,0.09931087898887854,5.776874790164529,0.5051587784772539,178.5775807055428,926.570112930655,370.62804517226203,370.630607952287,2.4999827133811268,True
1,11,0.19457627118644066,0.013220338983050847,0.20779661016949152,0.11894046321564498,5.725172241857455,0.8890366119765503,191.94841910848226,928.6770831259386,371.47083325037545,371.47325384293435,2.4999837095098107,True
1,12,0.21135593220338983,0.013220338983050847,0.2245762711864407,0.14033912239775956,5.67055709032439,1.48513327956021,204.54244619591358,930.9141864792557,372.3656745917023,372.3565704319612,2.500061125279262,True
1,13,0.228135593220339,0.013220338983050847,0.24135593220338986,0.16350685653522223,5.613638760165016,2.3737286923166887,216.37123396677282,933.2582391741043,373.3032956696418,373.2946989666061,2.500057573165782,True
1,14,0.24491525423728813,0.013220338983050847,0.25813559322033897,0.18844366562803297,5.554584612346691,3.6521182047775653,227.42413844619756,935.7039686274342,374.2815874509737,374.2734939324895,2.5000540615259657,True
1,15,0.26169491525423727,0.013220338983050847,0.27491525423728813,0.2151495496761918,5.493699622692097,5.4357704845790265,237.70737355661942,938.240279008056,375.2961116032224,375.2885127702195,2.500050619941354,True
1,16,0.27847457627118644,0.013220338983050847,0.2916949152542373,0.24362450867969873,5.431275548113902,7.858577388092527,247.23319107533536,940.8564008842097,376.3425603536839,376.33544412434253,2.500047273180433,True
1,17,0.2952542372881356,0.013220338983050847,0.30847457627118646,0.2738685426385538,5.3675888322391705,11.072800239641667,256.0189838765427,943.5419716426015,377.4167886570406,377.4101400003873,2.5000440413223486,True
1,18,0.31203389830508477,0.013220338983050847,0.32525423728813563,0.30588165155275693,5.302899085200371,15.24865498250844,264.08640900831733,946.287098820628,378.51483952825123,378.5086410691034,2.5000409400108428,True
1,19,0.3288135593220339,0.013220338983050847,0.34203389830508474,0.33966383542230805,5.237448084539157,20.5735840590319,271.4605531929837,949.0824074657388,379.6329629862955,379.62719556809486,2.500037980802403,True
1,20,0.34559322033898304,0.013220338983050847,0.3588135593220339,0.3752150942472074,5.17145923577032,27.25127079442467,278.1691572628857,951.919072951372,380.7676291805488,380.7622723769218,2.5000351715756497,True
1,21,0.3623728813559322,0.013220338983050847,0.37559322033898307,0.4125354280274548,5.1051374273064765,35.500455108013654,284.24191050647715,954.7888408704324,381.91553634817296,381.91056891787605,2.5000325169732207,True
1,22,0.3791525423728813,0.013220338983050847,0.3923728813559322,0.45162483676305026,5.038669214278467,45.55360843897959,289.7098210986267,957.6840357134736,383.07361428538945,383.06901456848743,2.500030018852524,True
1,23,0.3959322033898305,0.013220338983050847,0.40915254237288134,0.49248332045399384,4.97222326841511,57.65552184577052,294.60466481554494,960.5975600399468,384.2390240159787,384.23477027167917,2.500027676726761,True
1,24,0.41271186440677965,0.013220338983050847,0.4259322033898305,0.5351108791002855,4.9059510357404745,72.06185529528035,298.958511098486,963.5228857874083,385.40915431496336,385.40522500346697,2.5000254881825765,True
1,25,0.4294915254237288,0.013220338983050847,0.4427118644067797,0.5795075127019254,4.83998754967933,89.03768907029895,302.8033231824867,966.4540392541443,386.5816157016577,386.5779897137727,2.5000234492649707,True
1,26,0.446271186440678,0.013220338983050847,0.45949152542372884,0.6256732212589133,4.774452353635085,108.85611070961717,306.17062736181714,969.3855811515266,387.75423246061064,387.7508892997637,2.500021554823852,True
1,27,0.4630508474576271,0.013220338983050847,0.47627118644067795,0.6736080047712492,4.70945049374803,131.7968635032124,309.09124541788384,972.3125829670619,388.92503318682475,388.9219531085919,2.5000197988195847,True
1,28,0.47983050847457626,0.013220338983050847,0.4930508474576271,0.7233118632389332,4.645073549011195,158.14507568082493,311.5950836782904,975.2306007181844,390.0922402872738,390.08940440171364,2.5000181745872108,True
1,29,0.4966101694915254,0.013220338983050847,0.5098305084745762,0.7747847966619654,4.581400671975317,188.19008329753402,313.7109720011071,978.1356470184362,391.2542588073745,391.25164914937443,2.5000166750607042,True
1,30,0.5133898305084745,0.013220338983050847,0.5266101694915254,0.8280268050403455,4.518499618770857,222.22435455946157,315.4665460904926,981.0241622272473,392.40966489089897,392.40726446348447,2.5000152929598394,True
1,31,0.5301694915254237,0.013220338983050847,0.5433898305084746,0.8830378883740738,4.456427752028265,260.5425189798779,316.8881668643144,983.8929853160975,393.557194126439,393.5549869216404,2.5000140209428916,True
1,32,0.5469491525423729,0.013220338983050847,0.5601694915254237,0.9398180466631503,4.395233004476432,303.4405012826929,318.00087104352474,986.7393249590381,394.69572998361525,394.6937009850408,2.500012851728881,True
1,33,0.563728813559322,0.013220338983050847,0.5769491525423729,0.9983672799075749,4.334954794545286,351.21475730360146,318.8283476599643,989.5607312458214,395.8242924983286,395.8224276691367,2.500011778193083,True
1,34,0.5805084745762712,0.013220338983050847,0.593728813559322,1.0586855881073476,4.275624888243675,404.16160718575867,319.3929357425096,992.3550683207346,396.9420273282939,396.9403135877808,2.5000107934395577,True
1,35,0.5972881355932204,0.013220338983050847,0.6105084745762712,1.1207729712624683,4.217351031611176,462.61300112758187,319.72819763622726,995.1165511482043,398.0466204592817,398.05443814068616,2.499950900676796,True
1,36,0.6140677966101695,0.013220338983050847,0.6272881355932204,1.1846294293729371,4.159979215836276,526.7926434161162,319.82778715978395,997.8517878394492,399.1407151357797,399.14797438337206,2.499954532854616,True
1,37,0.6308474576271186,0.013220338983050847,0.6440677966101694,1.2502549624387536,4.103613473847111,597.0276043759811,319.7236782443723,1000.5551504873258,400.22206019493035,400.22880124509226,2.4999578925220964,True
1,38,0.6476271186440677,0.013220338983050847,0.6608474576271186,1.3176495704599187,4.04826237355271,673.6087044500957,319.4330728393543,1003.2255127873696,401.29020511494787,401.2964655510815,2.4999609986838216,True
1,39,0.6644067796610169,0.013220338983050847,0.6776271186440678,1.386813253436432,3.993930279274007,756.824521927519,318.97200123517575,1005.8619450989121,402.34477803956486,402.3505929068622,2.4999638694002204,True
1,40,0.6811864406779661,0.013220338983050847,0.6944067796610169,1.457746011368293,3.940617874433534,846.9611656266106,318.3553771791505,1008.463695320642,403.38547812825686,403.3908800560522,2.499966521753078,True
1,41,0.6979661016949152,0.013220338983050847,0.7111864406779661,1.5304478442555023,3.888322634540493,944.3020960488583,317.5970550900451,1011.0301711963514,404.41206847854056,404.4170878069949,2.499968971832511,True
1,42,0.7147457627118644,0.013220338983050847,0.7279661016949153,1.6049187520980597,3.83703925369074,1049.1279888153917,316.70988816733865,1013.5609240018124,405.42436960072496,405.42903450921744,2.499971234740883,True
1,43,0.7315254237288136,0.013220338983050847,0.7447457627118644,1.6811587348959653,3.786760027897992,1161.7166347060656,315.7057864364738,1016.0556335526429,406.4222534210572,406.4265900561897,2.4999733246099134,True
1,44,0.7483050847457626,0.013220338983050847,0.7615254237288135,1.7591677926492184,3.737475198582476,1282.3428711480976,314.5957739805114,1018.51409446527,407.405637786108,407.4096703876895,2.4999752546277456,True
1,45,0.7650847457627118,0.013220338983050847,0.7783050847457627,1.83894592535782,3.6891732594791953,1411.278540520906,313.3900447836564,1020.9362035985675,408.37448143942703,408.3782324631827,2.49997703707337,True
1,46,0.781864406779661,0.013220338983050847,0.7950847457627118,1.92049313302177,3.6418412301137635,1548.7924711444462,312.0980167578188,1023.3219486015234,409.3287794406094,409.33226967668725,2.499978683356185,True
1,47,0.7986440677966101,0.013220338983050847,0.811864406779661,2.0038094156410677,3.5954648988472986,1695.1504772957317,310.72838364398046,1025.6713974917996,410.26855899671983,410.2718076833273,2.4999802040589514,True
1,48,0.8154237288135593,0.013220338983050847,0.8286440677966102,2.0888947732157135,3.5500290383191895,1850.6153750381557,309.28916457811033,1027.9846891910968,411.1938756764387,411.1969006081611,2.4999816089827167,True
1,49,0.8322033898305085,0.013220338983050847,0.8454237288135593,2.1757492057457077,3.505517595932443,2015.447011053249,307.7877511908197,1030.2620249452746,412.10480997810987,412.1076276086385,2.499982907192564,True
1,50,0.8489830508474576,0.013220338983050847,0.8622033898305085,2.26437271323105,3.4619138618388887,2189.902302037997,306.230952173896,1032.5036605598302,413.0014642239321,413.0040897630691,2.4999841070633315,True
1,51,0.8657627118644068,0.013220338983050847,0.8789830508474576,2.3547652956717404,3.4192006166887863,2374.235282557801,304.62503529654515,1034.7098993847658,413.8839597539063,413.88640725882647,2.4999852163245926,True
1,52,0.882542372881356,0.013220338983050847,0.8957627118644068,2.4469269530677784,3.37736026122509,2568.6971595444074,302.97576689348944,1036.8810859864122,414.75243439456494,414.7547168553986,2.499986242104424,True
1,53,0.899322033898305,0.013220338983050847,0.9125423728813559,2.5408576854191645,3.336374929623877,2773.536371892892,301.2884488769563,1039.0176004475454,415.6070401790182,415.60916959888687,2.499987190971564,True
1,54,0.9161016949152542,0.013220338983050847,0.929322033898305,2.636557492725899,3.296226588311532,2988.9986538429725,299.5679533467224,1041.1198532410237,416.4479412964095,416.4499287660934,2.499988068975724,True
1,55,0.9328813559322033,0.013220338983050847,0.9461016949152542,2.7340263749879816,3.2568971218282243,3215.3271010305034,297.8187548882969,1043.1882806260628,417.27531225042515,417.27716801787767,2.4999888816858746,True
1,56,0.9496610169491525,0.013220338983050847,0.9628813559322034,2.8332643322054123,3.2183684071601926,3452.7622382816344,296.04496066084965,1045.223340519879,418.08933620795165,418.09106974289847,2.4999896342264143,True
1,57,0.9664406779661017,0.013220338983050847,0.9796610169491525,2.934271364378191,3.1806223778213196,3701.5420883654187,294.25033838291967,1047.2255088012478,418.89020352049914,418.89182357437426,2.499990331311188,True
1,58,0.9832203389830508,0.013220338983050847,0.9964406779661017,3.037047471506318,3.1436410788391034,3961.9022410618145,292.4383423282288,1049.195276005863,419.6781104023452,419.6796250638261,2.49999097727534,True
1,59,1.0,0.013220338983050847,1.0132203389830508,3.141592653589793,3.1074067136829004,4234.075922018644,290.6121374452669,1051.1331443766821,420.4532577506729,420.4546744970744,2.499991576105063,True
2,0,0.01,0.016440677966101696,0.026440677966101694,0.0003141592653589793,7.203674134832559,5.676088319460139e-09,12.55881130960428,872.2878244770347,348.9151297908139,348.92500615316504,2.499929237213033,True
2,1,0.026779661016949154,0.016440677966101696,0.043220338983050846,0.0022529939386445163,7.1937708038397385,4.015070099635578e-06,33.539662402352704,872.6406418782939,349.05625675131756,349.0660535738691,2.499929835467734,True
2,2,0.043559322033898305,0.016440677966101696,0.06,0.0059609035672781455,7.177722611123953,0.00010193429796454063,54.31188432585279,873.2130419997762,349.28521679991053,349.29488577292807,2.499930796488788,True
2,3,0.06033898305084746,0.016440677966101696,0.07677966101694915,0.01143788815125987,7.155670544123257,0.0008839360211500458,74.77201386385859,874.0009303878281,349.60037215513125,349.6098675393805,2.499932100141251,True
2,4,0.0771186440677966,0.016440677966101696,0.0935593220338983,0.01868394769058968,7.127805006821807,0.004467371306010856,94.82250481114013,874.9987585262587,349.9995034105035,350.00878287444266,2.4999337197779514,True
2,5,0.09389830508474575,0.016440677966101696,0.11033898305084745,0.02769908218526759,7.094361166934953,0.016288125479687998,114.3733282427722,876.1996424579256,350.4798569831703,350.48888230139966,2.4999356233629286,True
2,6,0.1106779661016949,0.016440677966101696,0.1271186440677966,0.03848329163529359,7.055613410151431,0.04768478342656561,133.3432823156404,877.5955051749988,351.03820206999956,351.0469396617715,2.4999377747618285,True
2,7,0.12745762711864406,0.016440677966101696,0.14389830508474574,0.051036576040667685,7.011869152488174,0.11919928437060073,151.66097826835536,879.1772369179998,351.67089476719997,351.6793160640221,2.499940135114311,True
2,8,0.14423728813559322,0.016440677966101696,0.1606779661016949,0.06535893540138989,6.9634622733314,0.2644341088981561,169.265488977142,880.934867173088,352.3739468692352,352.382028510689,2.499942664205323,True
2,9,0.1610169491525424,0.016440677966101696,0.17745762711864407,0.08145036971746017,6.910746425939953,0.5342485652999206,186.10666511209538,882.8577421895155,353.14309687580624,353.1508207418239,2.499945321760817,True
2,10,0.17779661016949153,0.016440677966101696,0.1942372881355932,0.09931087898887854,6.854088461479007,1.0010480112963007,202.14514019147563,884.9347022105982,353.9738808842393,353.9812339795917,2.499948068607552,True
2,11,0.19457627118644066,0.016440677966101696,0.21101694915254235,0.11894046321564498,6.793862170490051,1.7629189502900524,217.35205865759767,887.1542532548331,354.86170130193324,354.86867551419544,2.4999508676537023,True
2,12,0.21135593220338983,0.016440677966101696,0.22779661016949151,0.14033912239775956,6.730442506091948,2.947385862425811,231.70856998769582,889.5047291177267,355.8018916470907,355.8084834027311,2.49995368466501,True
2,13,0.228135593220339,0.016440677966101696,0.24457627118644068,0.16350685653522223,6.664200410149415,4.7146062385423315,245.2051367565476,891.9744402056912,356.7897760822765,356.79598592685363,2.4999564888281953,True
2,14,0.24491525423728813,0.016440677966101696,0.2613559322033898,0.18844366562803297,6.59549832074321,7.2598715219881,257.8407058125695,894.5518067824136,357.82072271296545,357.82655484096637,2.499959253107951,True
2,15,0.26169491525423727,0.016440677966101696,0.278135593220339,0.2151495496761918,6.524686399409732,10.81533664743837,269.6217899064818,897.2254751399086,358.89019005596344,358.8956518139505,2.499961954415166,True
2,16,0.27847457627118644,0.016440677966101696,0.29491525423728815,0.24362450867969873,6.452099481859223,15.650953725924426,280.5615029586341,899.9844160502183,359.99376642008735,359.9988678039492,2.4999645736117655,True
2,17,0.2952542372881356,0.016440677966101696,0.3116949152542373,0.2738685426385538,6.378054727425983,22.074631791225364,290.6785864382751,902.8180055766154,361.12720223064616,361.13195539428085,2.4999670953818702,True
2,18,0.31203389830508477,0.016440677966101696,0.3284745762711865,0.30588165155275693,6.302849920802806,30.43168168379958,299.9964577770962,905.7160889077562,362.2864355631025,362.29085435215984,2.4999695080002415,True
2,19,0.3288135593220339,0.016440677966101696,0.3452542372881356,0.33966383542230805,6.226762364504654,41.103631945718064,308.5423049651855,908.669028320753,363.46761132830125,363.4717108489667,2.499971803027972,True
2,20,0.34559322033898304,0.016440677966101696,0.36203389830508476,0.3752150942472074,6.150048291383305,54.50651814720806,316.34624495825057,911.6677366865363,364.66709467461453,364.6708909040546,2.499973974962529,True
2,21,0.3623728813559322,0.016440677966101696,0.3788135593220339,0.4125354280274548,6.072942722503161,71.08875538969204,323.4405575970356,914.7036981172749,365.88147924691,365.88498868905106,2.4999760208655073,True
2,22,0.3791525423728813,0.016440677966101696,0.39559322033898303,0.45162483676305026,5.995659695792086,91.32870340963632,329.85900160811303,917.7689774390941,367.10759097563766,367.1108303634939,2.499977939987135,True
2,23,0.3959322033898305,0.016440677966101696,0.4123728813559322,0.49248332045399384,5.9183927940826155,115.73202755357828,335.6362150119536,920.8562201743176,368.3424880697271,368.34547411354845,2.499979733402259,True
2,24,0.41271186440677965,0.016440677966101696,0.42915254237288136,0.5351108791002855,5.841315906537653,144.82894870948024,340.8071989180376,923.9586446550524,369.58345786202096,369.5862070410781,2.4999814036684485,True
2,25,0.4294915254237288,0.016440677966101696,0.44593220338983053,0.5795075127019254,5.764584164174483,179.17146268813437,345.4068811815815,927.0700277831968,370.82801111327876,370.8305395080861,2.499982954513329,True
2,26,0.446271186440678,0.016440677966101696,0.4627118644067797,0.6256732212589133,5.688193338514499,219.30874838140005,349.4523488621755,930.1904937186861,372.0761974874745,372.0669315109624,2.500062260145469,True
2,27,0.4630508474576271,0.016440677966101696,0.4794915254237288,0.6736080047712492,5.612560167104508,265.8692866170297,353.0133426405355,933.3027835267258,373.3211134106903,373.31252610878073,2.500057507458959,True
2,28,0.47983050847457626,0.016440677966101696,0.49627118644067797,0.7233118632389332,5.537634880145959,319.43504728596747,356.104047852903,936.408539850366,374.5634159401464,374.5554625613269,2.500053085454722,True
2,29,0.4966101694915254,0.016440677966101696,0.5130508474576271,0.7747847966619654,5.46350882002394,380.6187930751292,358.75612415217296,939.5035475811443,375.8014190324577,375.7940566633372,2.5000489787490645,True
2,30,0.5133898305084745,0.016440677966101696,0.5298305084745762,0.8280268050403455,5.390260303039771,450.0425813624903,360.99996193767424,942.584026499387,377.03361059975487,377.0267983103057,2.500045171122316,True
2,31,0.5301694915254237,0.016440677966101696,0.5466101694915254,0.8830378883740738,5.317955761183407,528.3357619277701,362.8645908859913,945.6466025552356,378.25864102209425,378.2523399573115,2.500041645907488,True
2,32,0.5469491525423729,0.016440677966101696,0.5633898305084746,0.9398180466631503,5.246650838985587,616.1331653201543,364.3776224594131,948.6882792875175,379.475311715007,379.4694851418103,2.500038386309208,True
2,33,0.563728813559322,0.016440677966101696,0.5801694915254237,0.9983672799075749,5.176391435713225,714.0734797071757,365.5652206962246,951.70640978258,380.682563913032,380.67717723040465,2.5000353756604645,True
2,34,0.5805084745762712,0.016440677966101696,0.5969491525423729,1.0586855881073476,5.107214686483773,822.7978099488818,366.4520961843364,954.6986694814931,381.87946779259727,381.87448851206983,2.500032597624856,True
2,35,0.5972881355932204,0.016440677966101696,0.6137288135593221,1.1207729712624683,5.039149878570268,942.9484097144914,367.06151872329013,957.6630300638953,383.06521202555814,383.0606097282716,2.500030036351753,True
2,36,0.6140677966101695,0.016440677966101696,0.6305084745762712,1.1846294293729371,4.972219301309524,1075.1675754935675,367.4153447638596,960.5977345697504,384.2390938279002,384.23484010362944,2.5000276765914147,True
2,37,0.6308474576271186,0.016440677966101696,0.6472881355932203,1.2502549624387536,4.906439029700984,1220.0966901801712,367.5340562656095,963.5012738644753,385.4005095457901,385.3965779185223,2.5000255037764543,True
2,38,0.6476271186440677,0.016440677966101696,0.6640677966101695,1.3176495704599187,4.8418196430473595,1378.3754033537073,367.4368081186167,966.3723645078265,386.54894580313066,386.5453116470622,2.5000235040754535,True
2,39,0.6644067796610169,0.016440677966101696,0.6808474576271186,1.386813253436432,4.778366880922269,1550.6409353096224,367.1414817332607,969.2099280505336,387.68397122021344,387.6806116693777,2.500021664423849,True
2,40,0.6811864406779661,0.016440677966101696,0.6976271186440678,1.457746011368293,4.71608223940376,1737.5274921768548,366.664742808377,972.0130717542264,388.80522870169057,388.8021225558537,2.5000199725365206,True
2,41,0.6979661016949152,0.016440677966101696,0.714406779661017,1.5304478442555023,4.654963510945094,1939.6657799985323,366.0221016448708,974.781070708252,389.9124282833008,389.9095559122548,2.5000184169059363,True
2,42,0.7147457627118644,0.016440677966101696,0.7311864406779661,1.6049187520980597,4.595005271508246,2157.682606362294,365.2279746811613,977.5133513005449,391.00534052021794,391.00268376816905,2.5000169867890887,True
2,43,0.7315254237288136,0.016440677966101696,0.7479661016949153,1.6811587348959653,4.536199318701862,2392.200558982158,364.2957461922956,980.2094759878548,392.08379039514193,392.08133248651933,2.500015672185966,True
2,44,0.7483050847457626,0.016440677966101696,0.7647457627118643,1.7591677926492184,4.478535064676305,2643.8377515046186,363.23782932025773,982.8691293024156,393.1476517209662,393.14537716866425,2.5000144638118242,True
2,45,0.7650847457627118,0.016440677966101696,0.7815254237288135,1.83894592535782,4.421999887456883,2913.20762769053,362.065725792515,985.4921050271071,394.19684201084283,394.1947365276495,2.500013353065111,True
2,46,0.781864406779661,0.016440677966101696,0.7983050847457627,1.92049313302177,4.366579444274447,3200.9188160030835,360.79008384502873,988.0782944681854,395.2313177872742,395.22936820102143,2.5000123319925693,True
2,47,0.7986440677966101,0.016440677966101696,0.8150847457627118,2.0038094156410677,4.312257950282761,3507.5750274617085,359.4207539964479,990.6276757539175,396.25107030156704,396.2492644743633,2.5000113932527173,True
2,48,0.8154237288135593,0.016440677966101696,0.831864406779661,2.0888947732157135,4.259018425863286,3833.774990418129,357.9668424281419,993.1403040878452,397.2561216351381,397.2544483869026,2.500010530078658,True
2,49,0.8322033898305085,0.016440677966101696,0.8486440677966102,2.1757492057457077,4.206924400040473,4180.436293146749,356.4505699638641,995.6124254780898,398.24497019123595,398.25268400542257,2.4999515771362226,True
2,50,0.8489830508474576,0.016440677966101696,0.8654237288135593,2.26437271323105,4.155787834846927,4547.50493539361,354.85111372141245,998.0522603504311,399.2209041401725,399.22812383030265,2.499954789694793,True
2,51,0.8657627118644068,0.016440677966101696,0.8822033898305085,2.3547652956717404,4.10567772005762,4935.882875207931,353.19049424982694,1000.4558639372405,400.1823455748962,400.1891050837075,2.4999577730332647,True
2,52,0.882542372881356,0.016440677966101696,0.8989830508474577,2.4469269530677784,4.056574196713522,5346.14882732366,351.4753170906425,1002.8235207249812,401.1294082899925,401.1357391536162,2.499960544131289,True
2,53,0.899322033898305,0.016440677966101696,0.9157627118644067,2.5408576854191645,4.008457077673856,5778.876579237675,349.7116713700364,1005.1555553807578,402.06222215230315,402.06815366640285,2.4999631187272255,True
2,54,0.9161016949152542,0.016440677966101696,0.9325423728813559,2.636557492725899,3.9613059615908286,6234.6350509540225,347.90516747856776,1007.4523273800314,402.9809309520126,402.98649032818497,2.499965511398609,True
2,55,0.9328813559322033,0.016440677966101696,0.949322033898305,2.7340263749879816,3.9151003320926243,6713.988364541647,346.0609722896745,1009.7142261646738,403.8856904658696,403.89090297851044,2.499967735639733,True
2,56,0.9496610169491525,0.016440677966101696,0.9661016949152542,2.8332643322054123,3.8698196437897594,7217.49592143499,344.1838420193416,1011.9416667845819,404.7766667138328,404.7815558377532,2.4999698039359135,True
2,57,0.9664406779661017,0.016440677966101696,0.9828813559322034,2.934271364378191,3.8254433965596446,7745.712485690452,342.27815283722634,1014.135085979743,405.65403439189726,405.65862193102595,2.4999717278341893,True
2,58,0.9832203389830508,0.016440677966101696,0.9996610169491525,3.037047471506318,3.7819511994236974,8299.188271705048,340.34792934521215,1016.2949386627813,406.51797546511256,406.52228167266526,2.499973518010286,True
2,59,1.0,0.016440677966101696,1.0164406779661017,3.141592653589793,3.7393228251943746,8878.469035105747,338.39687104077825,1018.421694765421,407.3686779061684,407.37272159668737,2.4999751843317886,True
3,0,0.01,0.019661016949152545,0.029661016949152547,0.0003141592653589793,8.258779145688258,9.806100024867748e-09,13.803393463845268,836.4078806637481,334.56315226549924,334.55622467528923,2.500051767010289,True
3,1,0.026779661016949154,0.019661016949152545,0.0464406779661017,0.0022529939386445163,8.246989668288233,6.935033229233078e-06,36.85955935151052,836.7909466806644,334.7163786722658,334.7095120666527,2.500051287798565,True
3,2,0.043559322033898305,0.019661016949152545,0.06322033898305085,0.0059609035672781455,8.22831104873039,0.00017604206576730502,59.68382876686813,837.3986447341258,334.9594578936503,334.95268705874923,2.500050535755964,True
3,3,0.06033898305084746,0.019661016949152545,0.08,0.01143788815125987,8.202906104026866,0.001526477635920934,82.16514571203969,838.2267357191175,335.29069428764706,335.28405205055765,2.5000495269387906,True
3,4,0.0771186440677966,0.019661016949152545,0.09677966101694915,0.01868394769058968,8.17099237147147,0.0077148596413602315,104.19890565296777,839.2695346696077,335.7078138678431,335.7013304896991,2.500048282338757,True
3,5,0.09389830508474575,0.019661016949152545,0.11355932203389829,0.02769908218526759,8.132836828184175,0.028131064437172337,125.68864196135382,840.5200304311775,336.208012172471,336.2017148468978,2.500046826988792,True
3,6,0.1106779661016949,0.019661016949152545,0.13033898305084746,0.03848329163529359,8.088749641997198,0.08236947178466282,146.54740062730002,841.9700283701562,336.7880113480625,336.7819238200177,2.5000451889458297,True
3,7,0.12745762711864406,0.019661016949152545,0.1471186440677966,0.051036576040667685,8.039077234259045,0.2059506845009349,166.69876943231742,843.6103103250397,337.4441241300159,337.43826644228125,2.500043398217668,True
3,8,0.14423728813559322,0.019661016949152545,0.16389830508474576,0.06535893540138989,7.984194946129913,0.45702619691810475,186.07754855812502,845.4308056925851,338.172322277034,338.166710644092,2.500041485698957,True
3,9,0.1610169491525424,0.019661016949152545,0.18067796610169493,0.08145036971746017,7.924499591956882,0.9236999557388413,204.630069209213,847.420767598311,338.96830703932443,338.9629538416224,2.5000394821737992,True
3,10,0.17779661016949153,0.019661016949152545,0.19745762711864406,0.09931087898887854,7.860402159116937,1.7315504560298414,222.31418377337516,849.5689484847819,339.8275793939128,339.82249328005105,2.5000374174308817,True
3,11,0.19457627118644066,0.019661016949152545,0.2142372881355932,0.11894046321564498,7.79232087720916,3.0509334187457733,239.09896432585037,851.8637700941916,340.7455080376767,340.7406941181123,2.5000353195233758,True
3,12,0.21135593220338983,0.019661016949152545,0.23101694915254237,0.14033912239775956,7.720674835099875,5.103681563145184,254.96415539950672,854.2934836453422,341.71739345813694,341.7128535716781,2.500033214191472,True
3,13,0.228135593220339,0.019661016949152545,0.24779661016949153,0.16350685653522223,7.645878276488334,8.168884384064391,269.8994318734042,856.8463169276705,342.7385267710682,342.73425980463213,2.5000311244522107,True
3,14,0.24491525423728813,0.019661016949152545,0.26457627118644067,0.18844366562803297,7.568335657282284,12.58751549413814,283.90351394117187,859.5106059811333,343.8042423924533,343.8002446350816,2.500029070349964,True
3,15,0.26169491525423727,0.019661016949152545,0.28135593220338984,0.2151495496761918,7.488437504274091,18.765766583530368,296.98318904368006,862.2749099375415,344.9099639750166,344.90622948869236,2.5000270688523787,True
3,16,0.27847457627118644,0.019661016949152545,0.298135593220339,0.24362450867969873,7.406557076597879,27.177035609480104,309.15228616687693,865.1281084180736,346.05124336722946,346.0477643592994,2.5000251338708726,True
3,17,0.2952542372881356,0.019661016949152545,0.31491525423728817,0.2738685426385538,7.3230478004771875,38.36259512705368,320.4306418237722,868.0594815822518,347.22379263290077,347.2205598175774,2.5000232763817687,True
3,18,0.31203389830508477,0.019661016949152545,0.33169491525423733,0.30588165155275693,7.238452484604288,52.93720404505203,330.8623845409531,871.0512808373536,348.42051233494146,348.4306719496615,2.499927104474879,True
3,19,0.3288135593220339,0.019661016949152545,0.34847457627118644,0.33966383542230805,7.152640581901496,71.56433509336573,340.43694598402857,874.1093084020297,349.6437233608119,349.65319508198723,2.4999322777447155,True
3,20,0.34559322033898304,0.019661016949152545,0.3652542372881356,0.3752150942472074,7.066126895635678,94.98610207649489,349.20643782897827,877.2162817746387,350.8865127098555,350.895327663456,2.499937196701512,True
3,21,0.3623728813559322,0.019661016949152545,0.3820338983050848,0.4125354280274548,6.979173191366253,123.99953975796087,357.20522535243066,880.3635672182489,352.1454268872996,352.1536175880975,2.4999418527853408,True
3,22,0.3791525423728813,0.019661016949152545,0.3988135593220339,0.45162483676305026,6.892017866509372,159.4575072027236,364.4692762901651,883.5431075302962,353.4172430121185,353.42484275757425,2.499946242138806,True
3,23,0.3959322033898305,0.019661016949152545,0.41559322033898305,0.49248332045399384,6.8048765558296305,202.26438860633934,371.035523891338,886.747422494123,354.6989689976492,354.7060113466328,2.4999503648883983,True
3,24,0.41271186440677965,0.019661016949152545,0.4323728813559322,0.5351108791002855,6.717942991762351,253.37155579172358,376.94131808847897,889.9696015613845,355.9878406245538,355.99435895810456,2.499954224460397,True
3,25,0.4294915254237288,0.019661016949152545,0.4491525423728814,0.5795075127019254,6.631390054274693,313.77272980443473,382.2239610348,893.2032902480187,357.2813160992075,357.28734325844266,2.4999578269469316,True
3,26,0.446271186440678,0.019661016949152545,0.46593220338983055,0.6256732212589133,6.545370561202737,384.49926511905016,386.92027508335696,896.4426864158282,358.5770745663313,358.5826151555814,2.49996137159879,True
3,27,0.4630508474576271,0.019661016949152545,0.48271186440677966,0.6736080047712492,6.460019726292748,466.61587282238685,391.0664278833927,899.6824731676088,359.8729892670435,359.87807453534566,2.499964673672405,True
3,28,0.47983050847457626,0.019661016949152545,0.4994915254237288,0.7233118632389332,6.375455459663044,561.2161470630671,394.69756987608264,902.9178314461888,361.1671325784755,361.17180686586994,2.499967644987056,True
3,29,0.4966101694915254,0.019661016949152545,0.5162711864406779,0.7747847966619654,6.291779640986188,669.4184052668795,397.8476334058713,906.1444154099302,362.4577661639721,362.4620689224255,2.4999703226984122,True
3,30,0.5133898305084745,0.019661016949152545,0.5330508474576271,0.8280268050403455,6.209079691675404,792.3619083118466,400.5492217540921,909.3583145847041,363.74332583388167,363.74729220156587,2.4999727395380718,True
3,31,0.5301694915254237,0.019661016949152545,0.5498305084745763,0.8830378883740738,6.127429841121834,931.2033216576123,402.8335096062868,912.5560257406762,365.0224102962705,365.0260716043487,2.4999749243385403,True
3,32,0.5469491525423729,0.019661016949152545,0.5666101694915254,0.9398180466631503,6.046892342481052,1087.1134787123412,404.73017955363525,915.7344248534818,366.2937699413927,366.2971541607305,2.4999769025004746,True
3,33,0.563728813559322,0.019661016949152545,0.5833898305084746,0.9983672799075749,5.967518627440316,1261.2744471131252,406.2673886367509,918.8907395482795,367.5562958193118,367.55942795382634,2.499978696407463,True
3,34,0.5805084745762712,0.019661016949152545,0.6001694915254238,1.0586855881073476,5.889350298247634,1454.8767976967063,407.4717464503368,922.0225261450131,368.8090104580053,368.81190543102144,2.499980376358697,True
3,35,0.5972881355932204,0.019661016949152545,0.6169491525423729,1.1207729712624683,5.812420259826987,1669.11731018411,408.3683417666292,925.127639300987,370.0510557203948,370.05372003501253,2.499982000487541,True
3,36,0.6140677966101695,0.019661016949152545,0.6337288135593221,1.1846294293729371,5.736753888072918,1905.1971926086965,408.9808021880698,928.2041981439264,371.2816792575706,371.28413114323484,2.4999834905032383,True
3,37,0.6308474576271186,0.019661016949152545,0.6505084745762711,1.2502549624387536,5.662232234819448,2164.110014544892,409.31143295083683,931.2562208710791,372.50248834843165,372.49345981207637,2.500060595267631,True
3,38,0.6476271186440677,0.019661016949152545,0.6672881355932203,1.3176495704599187,5.5891537903714905,2447.469687616005,409.4221252410752,934.2705827154496,373.70823308617986,373.6998478536596,2.5000560960391636,True
3,39,0.6644067796610169,0.019661016949152545,0.6840677966101695,1.386813253436432,5.517375228932396,2756.28017291418,409.310852339927,937.2522260355918,374.90089041423676,374.8931020766567,2.500051937055769,True
3,40,0.6811864406779661,0.019661016949152545,0.7008474576271186,1.457746011368293,5.446898697282063,3091.743090744112,408.9957110186115,940.2001533590495,376.08006134361983,376.07282662105104,2.5000480938933674,True
3,41,0.6979661016949152,0.019661016949152545,0.7176271186440678,1.5304478442555023,5.377722205083315,3455.0571629605506,408.49356731171497,943.1135392816435,377.2454157126574,377.2386942986202,2.5000445435087837,True
3,42,0.7147457627118644,0.019661016949152545,0.734406779661017,1.6049187520980597,5.3098401653189775,3847.4173408143797,407.8201206060855,945.9917139717174,378.396685588687,378.3904399910909,2.5000412642401604,True
3,43,0.7315254237288136,0.019661016949152545,0.7511864406779661,1.6811587348959653,5.24324388056559,4270.014069891615,406.9899680760406,948.834147943044,379.5336591772176,379.5278545585652,2.5000382357881157,True
3,44,0.7483050847457626,0.019661016949152545,0.7679661016949152,1.7591677926492184,5.177921979243709,4724.032676242189,406.01666856943183,951.6404380376209,380.6561752150484,380.65077923413145,2.5000354391821276,True
3,45,0.7650847457627118,0.019661016949152545,0.7847457627118644,1.83894592535782,5.113860805908063,5210.652859108517,404.9128052500261,954.4102945541152,381.7641178216461,381.7591004784679,2.50003285673591,True
3,46,0.781864406779661,0.019661016949152545,0.8015254237288135,1.92049313302177,5.051044769502348,5731.048276987221,403.69004646980204,957.1435294545926,382.8574117818371,382.85274526707724,2.5000304719948954,True
3,47,0.7986440677966101,0.019661016949152545,0.8183050847457627,2.0038094156410677,4.989456653319153,6286.3862150432105,402.35920448378147,959.8400455809899,383.936018232396,383.93167678239206,2.5000282696783467,True
3,48,0.8154237288135593,0.019661016949152545,0.8350847457627119,2.0888947732157135,4.929077890194188,6877.827323126048,400.93029173437435,962.4998268130068,384.9999307252028,384.9958904831291,2.5000262356181815,True
3,49,0.8322033898305085,0.019661016949152545,0.851864406779661,2.1757492057457077,4.869888806238205,7506.5254148066415,399.41257452560586,965.1229291003094,386.0491716401238,386.0454105238181,2.50002435669615,True
3,50,0.8489830508474576,0.019661016949152545,0.8686440677966102,2.26437271323105,4.811868836173182,8173.627318920295,397.8146239822873,967.7094723041246,387.08378892164984,387.080286498351,2.50002262078063,True
3,51,0.8657627118644068,0.019661016949152545,0.8854237288135594,2.3547652956717404,4.754996713106426,8880.272776103213,396.1443642493221,970.2596327858913,388.1038531143565,388.10059048245415,2.5000210166641224,True
3,52,0.882542372881356,0.019661016949152545,0.9022033898305085,2.4469269530677784,4.699250635344117,9627.59437370193,394.40911793306964,972.7736366837347,389.10945467349393,389.106414351285,2.500019534002118,True
3,53,0.899322033898305,0.019661016949152545,0.9189830508474576,2.5408576854191645,4.644608412625023,10416.717513257769,392.61564882328526,975.2517538207909,390.1007015283164,390.0978673496577,2.500018163253993,True
3,54,0.9161016949152542,0.019661016949152545,0.9357627118644067,2.636557492725899,4.591047593943024,11248.760405496669,390.7702019616633,977.6942921928224,391.077716877129,391.0750738938144,2.5000168956262554,True
3,55,0.9328813559322033,0.019661016949152545,0.9525423728813559,2.7340263749879816,4.538545578928661,12124.834088414347,388.878541143535,980.1015929859999,392.0406371944,392.0381715850299,2.500015723018502,True
3,56,0.9496610169491525,0.019661016949152545,0.9693220338983051,2.8332643322054123,4.4870797145728645,13046.042464619812,386.9459839536597,982.4740260791534,392.9896104316614,392.98730941674165,2.500014637972172,True
3,57,0.9664406779661017,0.019661016949152545,0.9861016949152542,2.934271364378191,4.436627378904921,14013.482354628199,384.97743444710017,984.8119859880837,393.9247943952335,393.92264615821347,2.5000136336222414,True
3,58,0.9832203389830508,0.019661016949152545,1.0028813559322034,3.037047471506318,4.387166053075765,15028.243563230064,382.97741359189394,987.1158882127871,394.8463552851149,394.84434889905623,2.500012703651858,True
3,59,1.0,0.019661016949152545,1.0196610169491525,3.141592653589793,4.338673383153547,16091.408956482856,380.9500875935686,989.386165951428,395.7544663805712,395.75259174013695,2.500011842249889,True
4,0,0.01,0.02288135593220339,0.03288135593220339,0.0003141592653589793,9.254058065351785,1.545830207578092e-08,14.891650117997342,805.3984095643499,322.15936382574,322.16409480791083,2.4999632874810764,True
4,1,0.026779661016949154,0.02288135593220339,0.049661016949152544,0.0022529939386445163,9.240336474830666,1.092994275854178e-05,39.761158555530635,805.8088080077769,322.32352320311077,322.3282088705832,2.4999636576372817,True
4,2,0.043559322033898305,0.02288135593220339,0.0664406779661017,0.0059609035672781455,9.219039613500414,0.0002774063371601018,64.37701821585289,806.4466846573872,322.57867386295493,322.5832898685043,2.4999642262502864,True
4,3,0.06033898305084746,0.02288135593220339,0.08322033898305084,0.01143788815125987,9.190352030971592,0.0024051827083871728,88.62181984107977,807.3076796825976,322.9230718730391,322.9275953190586,2.4999649809579214,True
4,4,0.0771186440677966,0.02288135593220339,0.09999999999999999,0.01868394769058968,9.154517805271821,0.012155440557855998,112.38509470321617,808.3860037767146,323.3544015106859,323.3588113765683,2.499965905785405,True
4,5,0.09389830508474575,0.02288135593220339,0.11677966101694914,0.02769908218526759,9.111834648368056,0.04432423509655256,135.56506811871617,809.6745585657595,323.8698234263038,323.87410091800393,2.4999669818326935,True
4,6,0.1106779661016949,0.02288135593220339,0.1335593220338983,0.03848329163529359,9.06264697902699,0.12979589541589223,158.07008223796913,811.1650792632191,324.46603170528766,324.4701605168184,2.499968188049063,True
4,7,0.12745762711864406,0.02288135593220339,0.15033898305084745,0.051036576040667685,9.00733827190575,0.3245819219232947,179.81965433695785,812.8482938408115,325.1393175363246,325.1432840185969,2.4999695020436583,True
4,8,0.14423728813559322,0.02288135593220339,0.1671186440677966,0.06535893540138989,8.946323001773042,0.7204350963596021,200.745158556786,814.7140927097544,325.88563708390177,325.88943032178395,2.4999709008828663,True
4,9,0.1610169491525424,0.02288135593220339,0.18389830508474578,0.08145036971746017,8.879745564199872,1.456282467200613,220.77557315314897,816.7607324995892,326.7042929998357,326.69351596094583,2.5000824705600455,True
4,10,0.17779661016949153,0.02288135593220339,0.20067796610169492,0.09931087898887854,8.808660813636566,2.730836100677447,239.895242182233,818.9584238988155,327.5833695595262,327.57310098646394,2.500078368561333,True
4,11,0.19457627118644066,0.02288135593220339,0.21745762711864405,0.11894046321564498,8.733218718900808,4.813519841567791,258.0577663269176,821.3050709684918,328.52202838739674,328.5122792074328,2.500074191899215,True
4,12,0.21135593220338983,0.02288135593220339,0.23423728813559322,0.14033912239775956,8.653879008652762,8.055746607187508,275.2418468210328,823.7889294039004,329.5155717615602,329.50634689242224,2.5000699900717005,True
4,13,0.228135593220339,0.02288135593220339,0.25101694915254236,0.16350685653522223,8.571095663761712,12.90026406065038,291.4366166635918,826.398234169164,330.5592936676656,330.55059256413017,2.500065807653436,True
4,14,0.24491525423728813,0.02288135593220339,0.2677966101694915,0.18844366562803297,8.485311579731915,19.888849224341477,306.6407068081777,829.1213288171201,331.64853152684805,331.6403487918355,2.500061683801763,True
4,15,0.26169491525423727,0.02288135593220339,0.2845762711864407,0.2151495496761918,8.396954106013682,29.66802180268396,320.86121735079877,831.9467782393772,332.7787112957509,332.7710373260528,2.500057652025246,True
4,16,0.27847457627118644,0.02288135593220339,0.30135593220338985,0.24362450867969873,8.306431460775986,42.99268128752853,334.1126408356748,834.863464289975,333.94538571599,333.93820735634375,2.5000537401792315,True
4,17,0.2952542372881356,0.02288135593220339,0.318135593220339,0.2738685426385538,8.214134605868132,60.72783020435445,346.41616800613934,837.8605138159367,335.14420552637466,335.13775541093287,2.50004811540432,True
4,18,0.31203389830508477,0.02288135593220339,0.3349152542372882,0.30588165155275693,8.120420322904481,83.84788760284336,357.7973990401696,840.9278465254869,336.37113861019475,336.3653448826932,2.5000430612694626,True
4,19,0.3288135593220339,0.02288135593220339,0.35169491525423724,0.33966383542230805,8.025626046792063,113.43490476130503,368.28662053086066,844.0557024758544,337.6222809903418,337.6170694235614,2.5000385908122866,True
4,20,0.34559322033898304,0.02288135593220339,0.3684745762711864,0.3752150942472074,7.930063667662605,150.67494203444664,377.9174502726658,847.2348533244202,338.8939413297681,338.8892464669698,2.5000346341972137,True
4,21,0.3623728813559322,0.02288135593220339,0.38525423728813557,0.4125354280274548,7.834019191972752,196.8532979871043,386.72596783121463,850.4566304235276,340.1826521694111,340.1784162855663,2.500031129869224,True
4,22,0.3791525423728813,0.02288135593220339,0.40203389830508474,0.45162483676305026,7.737753072959689,253.3488035418373,394.7499546001371,853.7129346550395,341.4851738620158,341.48134605157736,2.500028023569096,True
4,23,0.3959322033898305,0.02288135593220339,0.4188135593220339,0.49248332045399384,7.6415008928357695,321.6274398230494,402.02822702206254,856.9962371137319,342.79849484549277,342.79503021715004,2.500025267492505,True
4,24,0.41271186440677965,0.02288135593220339,0.43559322033898307,0.5351108791002855,7.545701630560769,403.2841147944012,408.62468080705855,860.2917195921264,344.1166878368506,344.1270545891351,2.4999246880465633,True
4,25,0.4294915254237288,0.02288135593220339,0.45237288135593223,0.5795075127019254,7.450066942952103,499.84758969361053,414.52748611473066,863.6093935309784,345.4437574123914,345.45324855377436,2.499931313850552,True
4,26,0.446271186440678,0.02288135593220339,0.4691525423728814,0.6256732212589133,7.355016776123659,613.0462346765116,419.802060830998,866.9347244680329,346.7738897872132,346.7825944402842,2.4999372470446137,True
4,27,0.4630508474576271,0.02288135593220339,0.48593220338983045,0.6736080047712492,7.260698192411246,744.6250978388937,424.48645437793834,870.2623489017163,348.10493956068655,348.1129366835293,2.499942568043298,True
4,28,0.47983050847457626,0.02288135593220339,0.5027118644067796,0.7233118632389332,7.167239652670264,896.3817359568045,428.61769241969927,873.5873885798959,349.4349554319584,349.4423150250184,2.4999473475825367,True
4,29,0.4966101694915254,0.02288135593220339,0.5194915254237288,0.7747847966619654,7.074752452948605,1070.1597863581917,432.23157458814524,876.9054245618962,350.76216982475853,350.76895399745433,2.4999516478538184,True
4,30,0.5133898305084745,0.02288135593220339,0.536271186440678,0.8280268050403455,6.983332143087956,1267.8429143711062,435.3625240230222,880.2124702218151,352.08498808872605,352.0912520010308,2.499955523516495,True
4,31,0.5301694915254237,0.02288135593220339,0.5530508474576271,0.8830378883740738,6.8930599056673625,1491.3491762169913,438.0434813851723,883.5049438035678,353.40197752142717,353.4077702140568,2.4999590225999686,True
4,32,0.5469491525423729,0.02288135593220339,0.5698305084745763,0.9398180466631503,6.8040038793016535,1742.6258188251502,440.3058365162816,886.7796410219686,354.71185640878747,354.7172215342809,2.4999621873060587,True
4,33,0.563728813559322,0.02288135593220339,0.5866101694915254,0.9983672799075749,6.7162204150228595,2023.6445232123544,442.1793915234032,890.0337081016914,356.0134832406766,356.0184597064581,2.499965054720859,True
4,34,0.5805084745762712,0.02288135593220339,0.6033898305084746,1.0586855881073476,6.629755258374596,2336.397086491708,443.6923497133809,893.2646155568294,357.3058462227318,357.310468756168,2.4999676574447123,True
4,35,0.5972881355932204,0.02288135593220339,0.6201694915254238,1.1207729712624683,6.544644653017079,2682.891528864922,444.8713254555724,896.470132937446,358.5880531749784,358.5923528194497,2.49997002414833,True
4,36,0.6140677966101695,0.02288135593220339,0.6369491525423729,1.1846294293729371,6.460916364150725,3065.1486056837257,445.74137068382794,899.6483047054908,359.85932188219635,359.8633264322898,2.499972180062545,True
4,37,0.6308474576271186,0.02288135593220339,0.653728813559322,1.2502549624387536,6.378590622026952,3485.1987004514717,446.3260143459663,902.7974273489316,361.11897093957265,361.12270532265734,2.499974147408695,True
4,38,0.6476271186440677,0.02288135593220339,0.6705084745762712,1.3176495704599187,6.297680987288388,3945.079072061807,446.64731165744234,905.916027799584,362.36641111983363,362.36989773050095,2.499975945776062,True
4,39,0.6644067796610169,0.02288135593220339,0.6872881355932203,1.386813253436432,6.218195140968663,4446.83142832203,446.7259005130581,909.0028431848705,363.6011372739482,363.6043962670855,2.4999775924523275,True
4,40,0.6811864406779661,0.02288135593220339,0.7040677966101695,1.457746011368293,6.140135602739157,4992.499797560915,446.58106285246646,912.0568019160377,364.8227207664151,364.8257703140283,2.4999791027124356,True
4,41,0.6979661016949152,0.02288135593220339,0.7208474576271187,1.5304478442555023,6.0635003814858335,5584.12867062336,446.23078916355996,915.0770060938958,366.03080243755835,366.033658953865,2.499980490070812,True
4,42,0.7147457627118644,0.02288135593220339,0.7376271186440678,1.6049187520980597,5.988283562592179,6223.761386613162,445.6918446459331,918.0627151966867,367.2250860786747,367.22776441745424,2.499981766501344,True
4,43,0.7315254237288136,0.02288135593220339,0.754406779661017,1.6811587348959653,5.914475836427133,6913.438737151058,444.97983584625626,921.0133310029223,368.40533240116895,368.4078460288785,2.4999829426290954,True
4,44,0.7483050847457626,0.02288135593220339,0.771186440677966,1.7591677926492184,5.8419188513941,7654.431910119568,444.0870610685991,923.9342865627843,369.5737146251138,369.56447088395544,2.5000625313164995,True
4,45,0.7650847457627118,0.02288135593220339,0.7879661016949152,1.83894592535782,5.770899804160278,8450.271560876792,443.0727029765604,926.8130685641503,370.72522742566014,370.7164626749269,2.500059106835113,True
4,46,0.781864406779661,0.02288135593220339,0.8047457627118644,1.92049313302177,5.701245289808966,9302.252016068203,441.92572118368014,929.655708315055,371.862283326022,371.85396629352687,2.5000559159861737,True
4,47,0.7986440677966101,0.02288135593220339,0.8215254237288135,2.0038094156410677,5.632936753022194,10212.393561363971,440.6577408053212,932.4620464711319,372.98481858845275,372.9769205994005,2.5000529388590556,True
4,48,0.8154237288135593,0.02288135593220339,0.8383050847457627,2.0888947732157135,5.565954149791337,11182.70946849456,439.2795417401929,935.2320072585575,374.09280290342303,374.0852976162438,2.5000501575925798,True
4,49,0.8322033898305085,0.02288135593220339,0.8550847457627119,2.1757492057457077,5.500276213617635,12215.205478124075,437.8011146386895,937.9655894893142,375.1862357957257,375.17909896858373,2.5000475561349336,True
4,50,0.8489830508474576,0.02288135593220339,0.871864406779661,2.26437271323105,5.435880690778156,13311.879373405625,436.2317140930836,940.6628583748105,376.26514334992424,376.2583526340922,2.5000451200337777,True
4,51,0.8657627118644068,0.02288135593220339,0.8886440677966102,2.3547652956717404,5.372744547742627,14474.720632472652,434.5799089956191,943.3239380772064,377.3295752308826,377.3231099876525,2.500042836252663,True
4,52,0.882542372881356,0.02288135593220339,0.9054237288135594,2.4469269530677784,5.310844153576316,15705.710149462606,432.85363006038995,945.9490049406153,378.37960197624614,378.3734431144744,2.50004069301033,True
4,53,0.899322033898305,0.02288135593220339,0.9222033898305084,2.5408576854191645,5.2501556742192586,17006.823050727824,431.0602530170791,948.5382713212424,379.415308528497,379.4094593027236,2.5000385416443236,True
4,54,0.9161016949152542,0.02288135593220339,0.9389830508474576,2.636557492725899,5.190655411630721,18380.032761924096,429.2066749080451,951.0919711456305,380.43678845825224,380.43131463423583,2.500035971171443,True
4,55,0.9328813559322033,0.02288135593220339,0.9557627118644068,2.7340263749879816,5.132317779023188,19827.280696507078,427.29899834080675,953.6104472772352,381.4441789108941,381.4390546723731,2.5000335849099495,True
4,56,0.9496610169491525,0.02288135593220339,0.9725423728813559,2.8332643322054123,5.075118179187151,21350.511625474,425.343023280171,956.0940283762886,382.43761135051545,382.4328127282044,2.500031369054585,True
4,57,0.9664406779661017,0.02288135593220339,0.9893220338983051,2.934271364378191,5.019032036172504,22951.661083062736,423.3441085643481,958.5430698729077,383.41722794916313,383.41273268889785,2.500029310843655,True
4,58,0.9832203389830508,0.02288135593220339,1.0061016949152541,3.037047471506318,4.9640348744914595,24632.655340773483,421.3072039151007,960.9579502446743,384.38318009786974,384.37896753741177,2.5000273984843977,True
4,59,1.0,0.02288135593220339,1.0228813559322034,3.141592653589793,4.910102387103664,26395.411404793453,419.23687974976275,963.339067659533,385.33562706381326,385.3316780179149,2.5000256210825866,True
5,0,0.01,0.026101694915254235,0.03610169491525424,0.0003141592653589793,10.19853874936346,2.280261792183408e-08,15.855039626277176,778.2104716644199,311.28418866576794,311.29295288928694,2.499929614343678,True
5,1,0.026779661016949154,0.026101694915254235,0.05288135593220339,0.0022529939386445163,10.18284123386345,1.6119168471861915e-05,42.328653296506545,778.6459056729069,311.45836226916276,311.46704311259873,2.4999303229376277,True
5,2,0.043559322033898305,0.026101694915254235,0.06966101694915254,0.0059609035672781455,10.158932807735994,0.0004090402122095384,68.52810437664222,779.3101310972484,311.7240524388994,311.7326074536839,2.4999313914025993,True
5,3,0.06033898305084746,0.026101694915254235,0.08644067796610169,0.01143788815125987,10.127019548037877,0.0035460599838130578,94.33062545867149,780.1986880951264,312.0794752380506,312.0878644714679,2.4999327975037446,True
5,4,0.0771186440677966,0.026101694915254235,0.10322033898305083,0.01868394769058968,10.087371394674069,0.017920117486127835,119.62083727800807,781.3057097318937,312.5222838927575,312.5304705967652,2.4999345127533315,True
5,5,0.09389830508474575,0.026101694915254235,0.12,0.02769908218526759,10.040315664968782,0.06534425307611577,144.2925533056874,782.6240426709509,313.04961706838037,313.05756828078376,2.499936503592238,True
5,6,0.1106779661016949,0.026101694915254235,0.13677966101694913,0.03848329163529359,9.986229483139118,0.19135811054732363,168.2502369642578,784.1453892670597,313.6581557068239,313.66584268858196,2.4999387327155853,True
5,7,0.12745762711864406,0.026101694915254235,0.1535593220338983,0.051036576040667685,9.925531459832952,0.4785788659527101,191.41007813409695,785.860465414547,314.3441861658188,314.3515846871839,2.4999411604575457,True
5,8,0.14423728813559322,0.026101694915254235,0.17033898305084746,0.06535893540138989,9.858672965547425,1.0624057353729561,213.70067808564838,787.7591682636804,315.1036673054722,315.11075778226973,2.49994374615415,True
5,9,0.1610169491525424,0.026101694915254235,0.18711864406779663,0.08145036971746017,9.786129328534114,2.1482624471797784,235.06335288160557,789.8307480276862,315.9322992110745,315.93906670004475,2.499946449413166,True
5,10,0.17779661016949153,0.026101694915254235,0.20389830508474577,0.09931087898887854,9.708391256273316,4.029444401789703,255.45208312492588,792.0639785135953,316.82559140543816,316.8320254736957,2.499949231235006,True
5,11,0.19457627118644066,0.026101694915254235,0.2206779661016949,0.11894046321564498,9.62595673452015,7.104623038208012,274.83315168097005,794.4473216564338,317.77892866257355,317.7850231505971,2.4999520549461143,True
5,12,0.21135593220338983,0.026101694915254235,0.23745762711864407,0.14033912239775956,9.539323604549779,11.89413457676221,293.1845202199836,796.9690821421681,318.7876328568673,318.79338555696216,2.49995488692398,True
5,13,0.228135593220339,0.026101694915254235,0.2542372881355932,0.16350685653522223,9.448981314215231,19.05430844831871,310.49489181941726,799.6175975966107,319.8470390386443,319.8523761097158,2.499958284888044,True
5,14,0.24491525423728813,0.026101694915254235,0.2710169491525424,0.18844366562803297,9.355406083343253,29.389287140397634,326.7627581971521,802.3813417097394,320.9525366838958,320.95727199032535,2.499963115756809,True
5,15,0.26169491525423727,0.026101694915254235,0.2877966101694915,0.2151495496761918,9.259065022928851,43.86013936849149,341.9959660659725,805.2487708923068,322.09950835692274,322.1037141386929,2.499967356928952,True
5,16,0.27847457627118644,0.026101694915254235,0.30457627118644065,0.24362450867969873,9.160087994013011,63.58214426304293,356.1855315137156,808.2181781190199,323.287271247608,323.2763176810297,2.5000847074621553,True
5,17,0.2952542372881356,0.026101694915254235,0.3213559322033898,0.2738685426385538,9.059548494572466,89.86006299978561,369.40322127526287,811.2591734548758,324.5036693819504,324.49385430169605,2.5000756183832467,True
5,18,0.31203389830508477,0.026101694915254235,0.338135593220339,0.30588165155275693,8.957485817598558,124.14310540435761,381.6501754953321,814.3720404130509,325.7488161652204,325.7400082550344,2.5000675992353005,True
5,19,0.3288135593220339,0.026101694915254235,0.3549152542372881,0.33966383542230805,8.854263876349867,168.05091209042322,392.9579422523961,817.5470475909618,327.01881903638474,327.0109027020248,2.5000605204160973,True
5,20,0.34559322033898304,0.026101694915254235,0.37169491525423726,0.3752150942472074,8.750218685397714,223.36234718895668,403.36151483512566,820.7749952510093,328.30999810040373,328.3028715684977,2.500054267968111,True
5,21,0.3623728813559322,0.026101694915254235,0.3884745762711864,0.4125354280274548,8.645658285672043,292.00913363119224,412.89845040029155,824.0472354126607,329.6188941650643,329.6124678306695,2.5000487415906707,True
5,22,0.3791525423728813,0.026101694915254235,0.40525423728813553,0.45162483676305026,8.54086313349398,376.0680529482406,421.608082862965,827.355681468446,330.94227258737845,330.93646756553267,2.500043852993057,True
5,23,0.3959322033898305,0.026101694915254235,0.4220338983050847,0.49248332045399384,8.436086862026611,477.7520861878014,429.5308322832725,830.6928088819491,332.27712355277964,332.27187040201443,2.5000395244920885,True
5,24,0.41271186440677965,0.026101694915254235,0.43881355932203386,0.5351108791002855,8.331557330950956,599.4008440984724,436.7076093358617,834.0516484681375,333.62065938725505,333.61589698123356,2.5000356877929417,True
5,25,0.4294915254237288,0.026101694915254235,0.45559322033898303,0.5795075127019254,8.227477889129933,743.4705959747581,443.17931070718816,837.4257736579302,334.9703094631721,334.9659839919502,2.5000322829140016,True
5,26,0.446271186440678,0.026101694915254235,0.4723728813559322,0.6256732212589133,8.124028784724658,912.5241623384924,448.98639935473483,840.8092830241403,336.32371320965615,336.3197772955834,2.500029257230309,True
5,27,0.4630508474576271,0.026101694915254235,0.4891525423728813,0.6736080047712492,8.021368667023905,1109.2208908173686,454.1685623537993,844.1967792069836,337.67871168279345,337.67512359845426,2.5000265646185373,True
5,28,0.47983050847457626,0.026101694915254235,0.5059322033898305,0.7233118632389332,7.919881162444293,1336.4722758341773,458.79282665000403,847.5751526766793,339.03006107067176,339.04055045641485,2.4999226538998873,True
5,29,0.4966101694915254,0.026101694915254235,0.5227118644067796,0.7747847966619654,7.819173530148605,1596.787189271571,462.8377171096316,850.9570231347278,340.38280925389114,340.39248423021587,2.499928942494525,True
5,30,0.5133898305084745,0.026101694915254235,0.5394915254237288,0.8280268050403455,7.719619212593828,1893.2072846600327,466.3698319362128,854.3293963651307,341.73175854605233,341.74069876243675,2.4999345979538226,True
5,31,0.5301694915254237,0.026101694915254235,0.556271186440678,0.8830378883740738,7.621305568199526,2228.68466854814,469.4235927134943,857.6886487530873,343.07545950123495,343.08373556935186,2.4999396935262523,True
5,32,0.5469491525423729,0.026101694915254235,0.5730508474576271,0.9398180466631503,7.524305947285533,2606.2238738333904,472.0318216334032,861.0315303443475,344.412612137739,344.4202867245092,2.499944293447091,True
5,33,0.563728813559322,0.026101694915254235,0.5898305084745763,0.9983672799075749,7.42868104109693,3028.874725157785,474.2257018963553,864.3551385191925,345.742055407677,345.74918419650203,2.4999484540445005,True
5,34,0.5805084745762712,0.026101694915254235,0.6066101694915255,1.0586855881073476,7.33448015061358,3499.725811137011,476.0347648785573,867.656892366894,347.06275694675764,347.0693894818751,2.499952224718468,True
5,35,0.5972881355932204,0.026101694915254235,0.6233898305084746,1.1207729712624683,7.241742370793637,4021.898549628926,477.4868989993679,870.9345079832727,348.37380319330913,348.37998362072665,2.4999556488051256,True
5,36,0.6140677966101695,0.026101694915254235,0.6401694915254238,1.1846294293729371,7.150497688563549,4598.541822624983,478.60837587152844,874.1859748516093,349.6743899406438,349.6801576577525,2.4999587643380496,True
5,37,0.6308474576271186,0.026101694915254235,0.6569491525423728,1.2502549624387536,7.060767994937004,5232.827150659441,479.42388992947747,877.4095334152338,350.9638133660935,350.9692035907981,2.499961604717384,True
5,38,0.6476271186440677,0.026101694915254235,0.673728813559322,1.3176495704599187,6.9725680132060806,5927.944372330805,479.95660829439413,880.6036539077295,352.24146156309183,352.24650583214907,2.4999641992967017,True
5,39,0.6644067796610169,0.026101694915254235,0.6905084745762712,1.386813253436432,6.8859061462926725,6687.0977921529575,480.2282281446635,883.7670164723785,353.5068065889514,353.51153319414374,2.4999665738968284,True
5,40,0.6811864406779661,0.026101694915254235,0.7072881355932203,1.457746011368293,6.800785247144922,7513.502759059766,480.2590393142753,886.8984925753874,354.759397030155,354.7638313999616,2.499968751254961,True
5,41,0.6979661016949152,0.026101694915254235,0.7240677966101695,1.5304478442555023,6.717203316585111,8410.382638128895,480.0679902409999,889.9971276963017,355.9988510785207,356.0030161120718,2.4999707514166833,True
5,42,0.7147457627118644,0.026101694915254235,0.7408474576271187,1.6049187520980597,6.6351541333157815,9380.966139157765,479.6727557331619,893.0621252629998,357.22485010519995,357.2287664645021,2.4999725920777536,True
5,43,0.7315254237288136,0.026101694915254235,0.7576271186440678,1.6811587348959653,6.554627820920096,10428.484967373353,479.0898053224444,896.0928317868537,358.4371327147415,358.4408190804495,2.4999742888817917,True
5,44,0.7483050847457626,0.026101694915254235,0.7744067796610169,1.7591677926492184,6.47561135669104,11556.171763589777,478.3344712247259,899.0887231452938,359.63548925811756,359.63896255348675,2.4999758556793696,True
5,45,0.7650847457627118,0.026101694915254235,0.7911864406779661,1.83894592535782,6.39808902702474,12767.258303384586,477.421015145999,902.0493919535022,360.8197567814009,360.8230323684843,2.499977304753372,True
5,46,0.781864406779661,0.026101694915254235,0.8079661016949152,1.92049313302177,6.322042833944264,14064.973927230296,476.3626933506694,904.9745359636676,361.98981438546707,361.99290623711073,2.499978647014966,True
5,47,0.7986440677966101,0.026101694915254235,0.8247457627118644,2.0038094156410677,6.247452857103904,15452.544175913352,475.1718195594713,907.8639474286974,363.145578971479,363.14849982222637,2.49997989217394,True
5,48,0.8154237288135593,0.026101694915254235,0.8415254237288136,2.0888947732157135,6.174297575373273,16933.18960789526,473.85982536731007,910.7175033672431,364.2870013468973,364.2897628255098,2.4999810488868044,True
5,49,0.8322033898305085,0.026101694915254235,0.8583050847457627,2.1757492057457077,6.1025541518354025,18510.124777523484,472.4373179723042,913.5351566677793,365.41406266711175,365.41667541306964,2.4999821248855505,True
5,50,0.8489830508474576,0.026101694915254235,0.8750847457627119,2.26437271323105,6.0320427935832255,20184.470683560878,470.8897954128439,916.3231123862745,366.5292449545098,366.5197726136857,2.5000646100260604,True
5,51,0.8657627118644068,0.026101694915254235,0.8918644067796611,2.3547652956717404,5.963059702176124,21963.525471502006,469.2763017897827,919.0687576297581,367.62750305190326,367.61845708601504,2.5000615173538887,True
5,52,0.882542372881356,0.026101694915254235,0.9086440677966102,2.4469269530677784,5.8954137975076755,23848.47006465252,467.57963131226046,921.7787570905077,368.7115028362031,368.70285889725903,2.5000586104686704,True
5,53,0.899322033898305,0.026101694915254235,0.9254237288135593,2.5408576854191645,5.829079270420388,25842.48748105324,465.8076190947135,924.4532912746447,369.7813165098579,369.77305207564984,2.5000558750439064,True
5,54,0.9161016949152542,0.026101694915254235,0.9422033898305084,2.636557492725899,5.7640299819813565,27948.751435554408,463.9675212905722,927.0925827890198,370.83703311560794,370.8291273147872,2.5000532981381345,True
5,55,0.9328813559322033,0.026101694915254235,0.9589830508474576,2.7340263749879816,5.700239595059301,30170.425948681568,462.0660559094883,929.6968912818814,371.8787565127526,371.8711899696478,2.5000508680378375,True
5,56,0.9496610169491525,0.026101694915254235,0.9757627118644068,2.8332643322054123,5.637681688733919,32510.665019942462,460.1094410150481,932.2665088585736,372.90660354342947,372.8993582401793,2.500048574119867,True
5,57,0.9664406779661017,0.026101694915254235,0.9925423728813559,2.934271364378191,5.5763298574186475,34972.61235735628,458.10343041499664,934.801755931695,373.920702372678,373.9137615265566,2.50004640673088,True
5,58,0.9832203389830508,0.026101694915254235,1.009322033898305,3.037047471506318,5.516157796392405,37559.40115599057,456.0533469633464,937.3029774681171,374.92119098724686,374.91453894133645,2.5000443570815443,True
5,59,1.0,0.026101694915254235,1.0261016949152542,3.141592653589793,5.457139375262495,40274.15391909482,453.96411359727597,939.7705395982729,375.90821583930915,375.90183796490123,2.500042417153654,True
6,0,0.01,0.029322033898305087,0.03932203389830509,0.0003141592653589793,11.099175994308974,3.198864618494275e-08,16.71658359782034,754.0915021154401,301.63660084617607,301.6310167178115,2.5000462827764305,True
6,1,0.026779661016949154,0.029322033898305087,0.05610169491525424,0.0022529939386445163,11.081460589329893,2.2607616077972057e-05,44.62365473005085,754.550116999117,301.82004679964683,301.81452038730566,2.5000457765611643,True
6,2,0.043559322033898305,0.029322033898305087,0.07288135593220339,0.0059609035672781455,11.05494281749726,0.000573587469950376,72.23707652458779,755.237752435376,302.0951009741504,302.0896600949515,2.5000450270227486,True
6,3,0.06033898305084746,0.029322033898305087,0.08966101694915254,0.01143788815125987,11.019850032159363,0.004971898129539674,99.42953394260195,756.1498657602979,302.45994630411917,302.45461704300504,2.500044050088954,True
6,4,0.0771186440677966,0.029322033898305087,0.10644067796610168,0.01868394769058968,10.976477345777937,0.025123535233379884,126.08151092655152,757.2805337559033,302.91221350236134,302.90701974367494,2.500042865948524,True
6,5,0.09389830508474575,0.029322033898305087,0.12322033898305085,0.02769908218526759,10.92518058020552,0.09160779416574329,152.08313278680345,758.62257318935,303.44902927574,303.4439923235383,2.500041498203368,True
6,6,0.1106779661016949,0.029322033898305087,0.13999999999999999,0.03848329163529359,10.866368090180307,0.26827385869018033,177.3356467498054,760.167681879184,304.0670727516736,304.0622110491482,2.500039972926171,True
6,7,0.12745762711864406,0.029322033898305087,0.15677966101694915,0.051036576040667685,10.800491819137285,0.6709846182782795,201.75250808513084,761.9065947423609,304.76263789694434,304.7579668491464,2.5000383176840812,True
6,8,0.14423728813559322,0.029322033898305087,0.17355932203389832,0.06535893540138989,10.728037953476711,1.4896964073970542,225.26006227523524,763.8292490717754,305.53169962871016,305.52723152689157,2.5000365605857477,True
6,9,0.1610169491525424,0.029322033898305087,0.19033898305084748,0.08145036971746017,10.649517525484935,3.0127511689751465,247.79783500125282,765.9249534251594,306.3699813700638,306.36572541079386,2.5000347294011447,True
6,10,0.17779661016949153,0.029322033898305087,0.20711864406779662,0.09931087898887854,10.56583191742371,5.652894448897789,269.33755947511906,768.1724608959654,307.2689843583862,307.27987971596286,2.499911356402616,True
6,11,0.19457627118644066,0.029322033898305087,0.22389830508474576,0.11894046321564498,10.476738009591054,9.969416798869304,289.8064804612661,770.5811882454269,308.2324752981708,308.24263176673907,2.4999176260231257,True
6,12,0.21135593220338983,0.029322033898305087,0.24067796610169492,0.14033912239775956,10.383160822719944,16.69478553155532,309.2001188626623,773.129048643105,309.251619457242,309.26059997758387,2.4999274032939978,True
6,13,0.228135593220339,0.029322033898305087,0.25745762711864406,0.16350685653522223,10.285640325176011,26.75337424922849,327.5078878507445,775.8040349688298,310.3216139875319,310.32956310831366,2.4999359622661945,True
6,14,0.24491525423728813,0.029322033898305087,0.2742372881355932,0.18844366562803297,10.184687685867187,41.279016570874184,344.72860030916183,778.5946591133182,311.4378636453273,311.4449071865538,2.499943460776979,True
6,15,0.26169491525423727,0.029322033898305087,0.29101694915254234,0.2151495496761918,10.080795421969972,61.62836934652988,360.87012982551084,781.489651864138,312.5958607456552,312.60210863538856,2.499950033208664,True
6,16,0.27847457627118644,0.029322033898305087,0.3077966101694915,0.24362450867969873,9.974433404930826,89.39012156712919,375.9482527704935,784.4780544410238,313.79122177640954,313.7967702772205,2.499955795427674,True
6,17,0.2952542372881356,0.029322033898305087,0.32457627118644067,0.2738685426385538,9.866045831667497,126.39008819844858,389.98548668834604,787.5492936097256,315.0197174438903,315.0246509568893,2.499960848198831,True
6,18,0.31203389830508477,0.029322033898305087,0.34135593220338983,0.30588165155275693,9.756049086689037,174.69239344707992,403.00995978742964,790.693241105526,316.2772964422104,316.28168900833134,2.4999652796362106,True
6,19,0.3288135593220339,0.029322033898305087,0.35813559322033894,0.33966383542230805,9.644492347988052,236.56392775128626,415.02524328537646,793.9100498960846,317.56401995843385,317.5528892061389,2.5000876291215834,True
6,20,0.34559322033898304,0.029322033898305087,0.3749152542372881,0.3752150942472074,9.532448037495952,314.5952223094113,426.12808275930655,797.1699724403712,318.8679889761485,318.85798131117446,2.5000784649088357,True
6,21,0.3623728813559322,0.029322033898305087,0.3916949152542373,0.4125354280274548,9.419861948581028,411.5118283337612,436.3257202522433,800.4753966071056,320.1901586428423,320.18114464739324,2.5000703819978134,True
6,22,0.3791525423728813,0.029322033898305087,0.4084745762711864,0.45162483676305026,9.307032908309084,530.2789529443913,445.658834656728,803.8182816242147,321.5273126496859,321.51917853939614,2.5000632474735,True
6,23,0.3959322033898305,0.029322033898305087,0.42525423728813555,0.49248332045399384,9.194231096933349,674.062370162908,454.169229278208,807.1911400693039,322.8764560277216,322.86910178082167,2.5000569444928247,True
6,24,0.41271186440677965,0.029322033898305087,0.4420338983050847,0.5351108791002855,9.081699191174714,846.2156504622802,461.8992195938476,810.5870312339686,324.23481249358747,324.2281501988882,2.5000513704215312,True
6,25,0.4294915254237288,0.029322033898305087,0.4588135593220339,0.5795075127019254,8.969653729121886,1050.266738795602,468.89111441274054,813.9995486387133,325.5998194554854,325.5937718512618,2.500046435195836,True
6,26,0.446271186440678,0.029322033898305087,0.47559322033898305,0.6256732212589133,8.8582866276403,1289.9042489401354,475.1867841482562,817.422802938472,326.96912117538886,326.9636203566587,2.5000420598683437,True
6,27,0.4630508474576271,0.029322033898305087,0.49237288135593216,0.6736080047712492,8.747766793599718,1568.9637809433732,480.8273087002213,820.8514013237702,328.34056052950814,328.3355468048785,2.5000381753108853,True
6,28,0.47983050847457626,0.029322033898305087,0.5091525423728813,0.7233118632389332,8.638241780238666,1891.4145086766703,485.85269681185935,824.2804243828289,329.71216975313155,329.7075906349882,2.500034721054909,True
6,29,0.4966101694915254,0.029322033898305087,0.5259322033898305,0.7747847966619654,8.529839449246579,2261.3462287153775,490.3016685851441,827.7054012524054,331.0821605009622,331.07796981470415,2.500031644254829,True
6,30,0.5133898305084745,0.029322033898305087,0.5427118644067797,0.8280268050403455,8.422669607477879,2682.9570116710133,494.21149299439514,831.1222837544669,332.4489135017868,332.44507060132236,2.5000288987625643,True
6,31,0.5301694915254237,0.029322033898305087,0.5594915254237288,0.8830378883740738,8.316825594518928,3160.5415535616107,497.6178726319644,834.5274200952075,333.81096803808305,333.8074371160465,2.500026444303241,True
6,32,0.5469491525423729,0.029322033898305087,0.576271186440678,0.9398180466631503,8.212635043765172,3698.9292936608886,500.5852519119438,837.9094022995902,335.1637609198361,335.17393290539695,2.4999241290523946,True
6,33,0.563728813559322,0.029322033898305087,0.5930508474576272,0.9983672799075749,8.109642983491767,4301.712737691982,503.08312832671874,841.2821768506254,336.5128707402502,336.52232614085386,2.499929756513393,True
6,34,0.5805084745762712,0.029322033898305087,0.6098305084745763,1.0586855881073476,8.00817500447744,4973.82947300652,505.17485285467046,844.6343061630149,337.853722465206,337.8625278750585,2.499934844728802,True
6,35,0.5972881355932204,0.029322033898305087,0.6266101694915255,1.1207729712624683,7.908272693196456,5719.859678034635,506.8894000133579,847.9634737269519,339.1853894907808,339.1936040521761,2.4999394552160092,True
6,36,0.6140677966101695,0.029322033898305087,0.6433898305084746,1.1846294293729371,7.809967957809372,6544.43361376406,508.254082083939,851.2676337150211,340.5070534860085,340.5147297983612,2.499943641848054,True
6,37,0.6308474576271186,0.029322033898305087,0.6601694915254237,1.2502549624387536,7.71328410290302,7452.224597466153,509.2945889260498,854.5449890435214,341.81799561740854,341.8251805335943,2.499947451821904,True
6,38,0.6476271186440677,0.029322033898305087,0.6769491525423729,1.3176495704599187,7.618236814986829,8447.94265937531,510.0350383692115,857.7939706487862,343.1175882595145,343.12432358298577,2.4999509265082045,True
6,39,0.6644067796610169,0.029322033898305087,0.693728813559322,1.386813253436432,7.524835062085393,9536.328836232253,510.4980343831425,861.013218010813,344.40528720432525,344.41161029900877,2.4999541021956397,True
6,40,0.6811864406779661,0.029322033898305087,0.7105084745762712,1.457746011368293,7.4330819115984275,10722.150053757325,510.7047306926666,864.2015609300254,345.6806243720102,345.6865686956648,2.499957010741862,True
6,41,0.6979661016949152,0.029322033898305087,0.7272881355932204,1.5304478442555023,7.3429752711377025,12010.19454986649,510.6748979101959,867.3580025424388,346.94320101697554,346.9487965874754,2.499959680141891,True
6,42,0.7147457627118644,0.029322033898305087,0.7440677966101695,1.6049187520980597,7.2545085573597134,13405.267791381577,510.4269926131386,870.4817035427972,348.1926814171189,348.197955220036,2.4999621350237837,True
6,43,0.7315254237288136,0.029322033898305087,0.7608474576271187,1.6811587348959653,7.167671297942311,14912.188838778677,509.9782270986548,873.5719675736391,349.42878702945563,349.4337633743271,2.4999643970804124,True
6,44,0.7483050847457626,0.029322033898305087,0.7776271186440677,1.7591677926492184,7.082449671845533,16535.7871158867,509.3446388083303,876.62822773004,350.651291092016,350.65599192379426,2.499966485445233,True
6,45,0.7650847457627118,0.029322033898305087,0.7944067796610169,1.83894592535782,6.998826992886581,18280.899544174044,508.54115863522554,879.6500341242953,351.86001364971816,351.86445882111366,2.4999684170190815,True
6,46,0.781864406779661,0.029322033898305087,0.8111864406779661,1.92049313302177,6.916784141477215,20152.36800419606,507.58167751038116,882.6370424514737,353.0548169805895,353.05902449030947,2.499970206754196,True
6,47,0.7986440677966101,0.029322033898305087,0.8279661016949152,2.0038094156410677,6.836299949139024,22155.037089782425,506.4791108193382,885.5890034951826,354.2356013980731,354.23958759933566,2.499971867900976,True
6,48,0.8154237288135593,0.029322033898305087,0.8447457627118644,2.0888947732157135,6.757351540144684,24293.75212349814,505.24546032547835,888.5057535127365,355.40230140509465,355.4060811882442,2.499973412222317,True
6,49,0.8322033898305085,0.029322033898305087,0.8615254237288136,2.1757492057457077,6.679914634351629,26573.35740481497,503.89187338073276,891.3872054396663,356.55488217586657,356.5584691284285,2.4999748501797563,True
6,50,0.8489830508474576,0.029322033898305087,0.8783050847457627,2.26437271323105,6.603963815003093,28998.694665180887,502.4286992879473,894.2333408550893,357.69333634203576,357.69674288912483,2.499976191095133,True
6,51,0.8657627118644068,0.029322033898305087,0.8950847457627119,2.3547652956717404,6.529472764979619,31574.601706739402,500.8655427461662,897.0442026516727,358.8176810606691,358.8209185882815,2.4999774432910353,True
6,52,0.882542372881356,0.029322033898305087,0.9118644067796611,2.4469269530677784,6.456414474701751,34305.91120387556,499.2113143635307,899.8198883563709,359.9279553425484,359.93103430594647,2.499978614212831,True
6,53,0.899322033898305,0.029322033898305087,0.9286440677966101,2.5408576854191645,6.384761424609639,37197.44964895177,497.4742782637872,902.5605440509806,361.0242176203923,361.0271476394986,2.499979710534751,True
6,54,0.9161016949152542,0.029322033898305087,0.9454237288135593,2.636557492725899,6.31448574488709,40254.03642564838,495.6620968445186,905.2663588444093,362.10654353776374,362.10933348123154,2.499980738252167,True
6,55,0.9328813559322033,0.029322033898305087,0.9622033898305085,2.7340263749879816,6.245559354851284,43480.48299512743,493.78187276885683,907.9375598516161,363.1750239406465,363.1776820000541,2.499981702761903,True
6,56,0.9496610169491525,0.029322033898305087,0.9789830508474576,2.8332643322054123,6.17779219564607,46876.678390167246,491.8144120366989,910.580742025666,364.23229681026646,364.2227523818001,2.5000655123025943,True
6,57,0.9664406779661017,0.029322033898305087,0.9957627118644068,2.934271364378191,6.111488345849438,50457.090345462144,489.8185473850798,913.1832332789917,365.2732933115967,365.26412315543723,2.500062763871252,True
6,58,0.9832203389830508,0.029322033898305087,1.0125423728813558,3.037047471506318,6.046448886724495,54221.743506157516,487.77290752813707,915.7519929645104,366.3007971858042,366.2919827662936,2.5000601597900394,True
6,59,1.0,0.029322033898305087,1.0293220338983051,3.141592653589793,5.982645993443096,58175.41151239988,485.6827284987609,918.2873575907646,367.31494303630586,367.3064670550293,2.5000576901173597,True
7,0,0.01,0.03254237288135593,0.042542372881355935,0.0003141592653589793,11.962361025544904,4.316189762620165e-08,17.49624026324495,732.4628752743201,292.98515010972807,292.9761443017392,2.500076847621931,True
7,1,0.026779661016949154,0.03254237288135593,0.059322033898305086,0.0022529939386445163,11.942576402646552,3.0497122052629996e-05,46.69948113769331,732.9433778054963,293.17735112219856,293.1684382081605,2.5000760050612243,True
7,2,0.043559322033898305,0.03254237288135593,0.07610169491525423,0.0059609035672781455,11.913431912424567,0.0007736084448121389,75.59025477333573,733.6524626566325,293.460985062653,293.45220766358057,2.5000747770747944,True
7,3,0.06033898305084746,0.03254237288135593,0.0928813559322034,0.01143788815125987,11.87517627766617,0.006704706093550669,104.03729210290287,734.5855114354299,293.83420457417196,293.8256026746957,2.500073188818452,True
7,4,0.0771186440677966,0.03254237288135593,0.10966101694915253,0.01868394769058968,11.828129567836845,0.03387607627246278,131.9175128909318,735.7365526638774,294.294621065551,294.28623132657964,2.500071271929148,True
7,5,0.09389830508474575,0.03254237288135593,0.1264406779661017,0.02769908218526759,11.772675592786527,0.12351469682532244,159.11789687679422,737.0983821535156,294.8393528614062,294.83120806235985,2.500069063237063,True
7,6,0.1106779661016949,0.03254237288135593,0.14322033898305084,0.03848329163529359,11.709253135779859,0.3617074767412298,185.53697972426528,738.6627030568862,295.4650812227545,295.45720984791046,2.5000666033403625,True
7,7,0.12745762711864406,0.03254237288135593,0.15999999999999998,0.051036576040667685,11.638346407972513,0.90469784016906,211.0859421821972,740.420280143211,296.1681120572844,296.1605380320761,2.5000639351317586,True
7,8,0.14423728813559322,0.03254237288135593,0.17677966101694914,0.06535893540138989,11.560475111585676,2.008719508805948,235.6892844032831,742.3611026758425,296.944441070337,296.93718364514393,2.5000611023609776,True
7,9,0.1610169491525424,0.03254237288135593,0.1935593220338983,0.08145036971746017,11.47618448014957,4.062876460917109,259.28509899340156,744.4745504218813,297.78982016875256,297.78289394048244,2.500058148305452,True
7,10,0.17779661016949153,0.03254237288135593,0.21033898305084747,0.09931087898887854,11.386045262175449,7.623382477751381,281.82545160829943,746.7493137469992,298.6997254987997,298.69349095673044,2.500052181770427,True
7,11,0.19457627118644066,0.03254237288135593,0.22711864406779658,0.11894046321564498,11.290617281875575,13.447333135095366,303.2746934476117,749.1742406760018,299.6696962704007,299.6642231329286,2.500045660584828,True
7,12,0.21135593220338983,0.03254237288135593,0.24389830508474575,0.14033912239775956,11.190462546603237,22.52447479744569,323.6096331630901,751.7379514562634,300.6951805825054,300.6903718243399,2.500039980978908,True
7,13,0.228135593220339,0.03254237288135593,0.2606779661016949,0.16350685653522223,11.086547466265436,36.11091671251384,342.8440470132203,754.4183656994101,301.767346279764,301.7784577564413,2.4999079500508428,True
7,14,0.24491525423728813,0.03254237288135593,0.2774576271186441,0.18844366562803297,10.978546787434315,55.73370401721648,360.9245908447407,757.2265018444047,302.8906007377619,302.90043105972165,2.4999188650712267,True
7,15,0.26169491525423727,0.03254237288135593,0.2942372881355932,0.2151495496761918,10.86745015107543,83.23617189453311,377.8866253964644,760.1391918195591,304.05567672782365,304.06438297233655,2.49992841775459,True
7,16,0.27847457627118644,0.03254237288135593,0.31101694915254235,0.24362450867969873,10.753754983986695,120.77502508341779,393.74653902007014,763.1455969844778,305.2582387937911,305.26595836901066,2.4999367799208536,True
7,17,0.2952542372881356,0.03254237288135593,0.3277966101694915,0.2738685426385538,10.637931260338663,170.83199838511217,408.5276178741474,766.2352594239278,306.49410376957115,306.5009570339298,2.4999441007915193,True
7,18,0.31203389830508477,0.03254237288135593,0.3445762711864407,0.30588165155275693,10.520419301036565,236.21653003772607,422.258887205619,769.3981597804365,307.7592639121746,307.7653563501477,2.499950510690633,True
7,19,0.3288135593220339,0.03254237288135593,0.3613559322033898,0.33966383542230805,10.40162841304075,320.0636627789134,434.9740132412364,772.6247608260173,309.04990433040695,309.0553283979593,2.499956123814622,True
7,20,0.34559322033898304,0.03254237288135593,0.37813559322033896,0.3752150942472074,10.281936260031761,425.82775567532684,446.71028517225204,775.9060380974325,310.362415238973,310.36725195378494,2.499961040390203,True
7,21,0.3623728813559322,0.03254237288135593,0.3949152542372881,0.4125354280274548,10.161688852883833,557.2726663607764,457.50768987756254,779.2334990525428,311.69339962101714,311.6977199483399,2.4999653484205506,True
7,22,0.3791525423728813,0.03254237288135593,0.41169491525423724,0.45162483676305026,10.040856686693981,718.3605358414943,467.37602710284824,782.6088574306419,313.0435429722568,313.03280711010285,2.5000857407107984,True
7,23,0.3959322033898305,0.03254237288135593,0.4284745762711864,0.49248332045399384,9.920451646044096,913.6170576865452,476.42510603394027,786.0043735430232,314.4017494172093,314.3920574577165,2.5000770690548864,True
7,24,0.41271186440677965,0.03254237288135593,0.44525423728813557,0.5351108791002855,9.800341575164365,1147.5654175042946,484.6634867227892,789.4239570462479,315.7695828184992,315.76081492188337,2.500069418814823,True
7,25,0.4294915254237288,0.03254237288135593,0.46203389830508473,0.5795075127019254,9.6807551403179,1425.0622754958285,492.134705919174,792.8612423191004,317.14449692764015,317.13654791070945,2.500062662416103,True
7,26,0.446271186440678,0.03254237288135593,0.4788135593220339,0.6256732212589133,9.561894967271568,1751.1947002767338,498.88185512510836,796.3103724905817,318.5241489962327,318.5169265498638,2.5000566880891317,True
7,27,0.4630508474576271,0.03254237288135593,0.495593220338983,0.6736080047712492,9.443939357476218,2131.262238002489,504.94722051536127,799.7659792497957,319.9063916999183,319.89981481293785,2.500051398021161,True
7,28,0.47983050847457626,0.03254237288135593,0.5123728813559322,0.7233118632389332,9.327044048444733,2570.7592371511273,510.37199580794135,803.2231601924753,321.28926407699015,321.2832616437958,2.5000467067064402,True
7,29,0.4966101694915254,0.03254237288135593,0.5291525423728813,0.7747847966619654,9.211343977290296,3075.3576905002174,515.196059583156,806.6774545070272,322.6709818028109,322.66549139487455,2.500042539472633,True
7,30,0.5133898305084745,0.03254237288135593,0.5459322033898305,0.8280268050403455,9.096955015122933,3650.890790302716,519.4578087201644,810.1248176763752,324.0499270705501,324.04489385412256,2.5000388311660124,True
7,31,0.5301694915254237,0.03254237288135593,0.5627118644067797,0.8830378883740738,8.983975647658907,4303.337335404649,523.1940400299277,813.5615957548757,325.4246383019503,325.42001408608417,2.5000355249805324,True
7,32,0.5469491525423729,0.03254237288135593,0.5794915254237288,0.9398180466631503,8.87248858395729,5038.807080441795,526.4398727299906,816.9844996740966,326.79379986963863,326.78954227017476,2.5000325714176337,True
7,33,0.563728813559322,0.03254237288135593,0.596271186440678,0.9983672799075749,8.762562280710162,5863.527077114005,529.2287050645369,820.3905799378771,328.15623197515083,328.1523036816843,2.5000299273646904,True
7,34,0.5805084745762712,0.03254237288135593,0.6130508474576272,1.0586855881073476,8.654252374050413,6783.829025275214,531.5921990715141,823.7772019859954,329.5108807943982,329.5072489284774,2.500027555280897,True
7,35,0.5972881355932204,0.03254237288135593,0.6298305084745763,1.1207729712624683,8.547868421559325,7807.107208374559,533.5934233055789,827.133611321086,330.85344452843447,330.863717681691,2.4999223762480773,True
7,36,0.6140677966101695,0.03254237288135593,0.6466101694915255,1.1846294293729371,8.442892267389833,8937.99379527186,535.1921576362035,830.4751597230179,332.1900638892072,332.19967091755984,2.4999277014007406,True
7,37,0.6308474576271186,0.03254237288135593,0.6633898305084746,1.2502549624387536,8.3396374877932,10183.974773461552,536.4504651160013,833.7909468306128,333.51637873224513,333.5253792904173,2.499932534683033,True
7,38,0.6476271186440677,0.03254237288135593,0.6801694915254237,1.3176495704599187,8.238120554741368,11551.69343254929,537.393284949287,837.0793774676539,334.8317509870616,334.84019809920915,2.4999369317647977,True
7,39,0.6644067796610169,0.03254237288135593,0.6969491525423729,1.386813253436432,8.13835086034501,13047.848788307396,538.0440053678897,840.3390629217813,336.1356251687125,336.14356604114454,2.499940941362306,True
7,40,0.6811864406779661,0.03254237288135593,0.713728813559322,1.457746011368293,8.040331578143244,14679.188335552739,538.4245281039302,843.5688031029712,337.4275212411885,337.43499797307885,2.4999446061320305,True
7,41,0.6979661016949152,0.03254237288135593,0.7305084745762712,1.5304478442555023,7.944060443247018,16452.501513340954,538.5553365124224,846.7675699034613,338.70702796138454,338.71407816598764,2.4999479634516426,True
7,42,0.7147457627118644,0.03254237288135593,0.7472881355932204,1.6049187520980597,7.849530456648814,18374.613823387,538.4555657388025,849.9344917304661,339.97379669218645,339.9804540396371,2.4999510461015366,True
7,43,0.7315254237288136,0.03254237288135593,0.7640677966101695,1.6811587348959653,7.7567305191376335,20452.381544429143,538.1430736363055,853.0688391717061,341.2275356686825,341.2338303601721,2.4999538828588377,True
7,44,0.7483050847457626,0.03254237288135593,0.7808474576271186,1.7591677926492184,7.665646000244469,22692.686987898644,537.6345114027366,856.1700117456724,342.46800469826894,342.4739638802282,2.499956499014613,True
7,45,0.7650847457627118,0.03254237288135593,0.7976271186440678,1.83894592535782,7.57625924752173,25102.434243420827,536.9453931297484,859.2375256831522,343.6950102732609,343.70065839914696,2.499958916823782,True
7,46,0.781864406779661,0.03254237288135593,0.8144067796610169,1.92049313302177,7.48855004126553,27688.545366177106,536.0901636457066,862.2710026832094,344.9084010732838,344.91376021963896,2.4999611558962465,True
7,47,0.7986440677966101,0.03254237288135593,0.8311864406779661,2.0038094156410677,7.402495999540712,30457.956961785003,535.0822641893498,865.2701595852122,346.10806383408493,346.1131539767148,2.499963233536696,True
7,48,0.8154237288135593,0.03254237288135593,0.8479661016949153,2.0888947732157135,7.318072938087206,33417.61712800122,533.9341955804298,868.2347988982236,347.29391955928946,347.2987588146792,2.4999651650397032,True
7,49,0.8322033898305085,0.03254237288135593,0.8647457627118644,2.1757492057457077,7.235255189386579,36574.48271612599,532.6575786590888,871.1648001297656,348.46592005190627,348.4705248883486,2.4999669639459188,True
7,50,0.8489830508474576,0.03254237288135593,0.8815254237288136,2.26437271323105,7.154015884860631,39935.516878424445,531.2632118513532,874.0601118574381,349.62404474297523,349.6284301653155,2.4999686422644594,True
7,51,0.8657627118644068,0.03254237288135593,0.8983050847457628,2.3547652956717404,7.074327203866668,43507.68687110857,529.7611257866748,876.9207444889171,350.76829779556687,350.7724775069727,2.499970210665931,True
7,52,0.882542372881356,0.03254237288135593,0.9150847457627119,2.4469269530677784,6.9961605928558335,47297.962085474595,528.1606349480804,879.746763658228,351.8987054632912,351.90269200701636,2.499971678649981,True
7,53,0.899322033898305,0.03254237288135593,0.931864406779661,2.5408576854191645,6.919486957772028,51313.31228257601,526.4703863779501,882.5382842088883,353.01531368355535,353.0191185672799,2.4999730546907766,True
7,54,0.9161016949152542,0.03254237288135593,0.9486440677966101,2.636557492725899,6.84427683249654,55560.7060094143,524.6984054953836,885.2954647172627,354.1181858869051,354.121819691905,2.4999743463633286,True
7,55,0.9328813559322033,0.03254237288135593,0.9654237288135593,2.7340263749879816,6.770500525885208,60047.10917695617,522.8521391056196,888.0185025123968,355.20740100495874,355.2108734820563,2.499975560453263,True
7,56,0.9496610169491525,0.03254237288135593,0.9822033898305085,2.8332643322054123,6.698128249705684,64779.483782443,520.938495700134,890.7076291514028,356.2830516605611,356.28637181455997,2.499976703052225,True
7,57,0.9664406779661017,0.03254237288135593,0.9989830508474576,2.934271364378191,6.627130229559081,69764.78676036333,518.9638831585487,893.3631063123378,357.34524252493514,357.3484186890164,2.499977779640855,True
7,58,0.9832203389830508,0.03254237288135593,1.0157627118644068,3.037047471506318,6.557476800665769,75009.96894821664,516.9342439718675,895.9852220692119,358.39408882768475,358.3971287290485,2.4999787951610095,True
7,59,1.0,0.03254237288135593,1.0325423728813559,3.141592653589793,6.4891384902059,80521.974154713,514.8550881111967,898.574287516433,359.4297150065732,359.4326258244402,2.4999797540786655,True
8,0,0.01,0.03576271186440678,0.04576271186440678,0.0003141592653589793,12.792922671019706,5.645624744132714e-08,18.208293539348166,712.8965729483933,285.1586291793573,285.16421319715175,2.4999510455946434,True
8,1,0.026779661016949154,0.03576271186440678,0.06254237288135593,0.0022529939386445163,12.77101293773972,3.98811914009694e-05,48.59431467925392,713.3979930182085,285.3591972072834,285.3647188357243,2.4999516265670167,True
8,2,0.043559322033898305,0.03576271186440678,0.07932203389830508,0.0059609035672781455,12.73921353153617,0.001011449309890878,78.64951389885883,714.1271250772902,285.6508500309161,285.6562820603769,2.4999524600910084,True
8,3,0.06033898305084746,0.03576271186440678,0.09610169491525423,0.01143788815125987,12.697794800021232,0.00876461214744188,108.23912977192569,715.079277946645,286.031711178658,286.0370281818388,2.4999535287160666,True
8,4,0.0771186440677966,0.03576271186440678,0.11288135593220339,0.01868394769058968,12.647101781847288,0.04427849631068723,137.23696627323014,716.2484345309693,286.4993738123878,286.50455258697696,2.499954810712932,True
8,5,0.09389830508474575,0.03576271186440678,0.12966101694915252,0.02769908218526759,12.587546043593147,0.1614292459646392,165.52728587724292,717.6273721417447,287.05094885669786,287.0559687801142,2.4999562809698954,True
8,6,0.1106779661016949,0.03576271186440678,0.1464406779661017,0.03848329163529359,12.519596328535217,0.472717859883102,193.00631475548155,719.2078016850805,287.68312067403224,287.6879639612485,2.499957911975621,True
8,7,0.12745762711864406,0.03576271186440678,0.16322033898305083,0.051036576040667685,12.443272316392264,1.1821616261460268,219.56582139876994,720.9921499964172,288.39685999856687,288.38536224988434,2.5000996734767744,True
8,8,0.14423728813559322,0.03576271186440678,0.18,0.06535893540138989,12.360143015130657,2.624886617452523,245.1626103492835,722.9466939930294,289.1786775972118,289.16764381775903,2.500095392583581,True
8,9,0.1610169491525424,0.03576271186440678,0.19677966101694916,0.08145036971746017,12.270287677871057,5.309608659765807,269.7185275678601,725.0725144496682,290.0290057798673,290.0191407328848,2.5000850378957535,True
8,10,0.17779661016949153,0.03576271186440678,0.2135593220338983,0.09931087898887854,12.174280388840835,9.9638982857945,293.183667320124,727.3591067964867,290.9436427185947,290.9350034025713,2.5000742375094296,True
8,11,0.19457627118644066,0.03576271186440678,0.23033898305084743,0.11894046321564498,12.072715111284364,17.578638213224586,315.5218777421032,729.7953800852009,291.9181520340804,291.9105787249419,2.5000648598379986,True
8,12,0.21135593220338983,0.03576271186440678,0.2471186440677966,0.14033912239775956,11.966190844695014,29.450062522138325,336.70997960236025,732.3699416364419,292.9479766545768,292.9413324334751,2.500056702659936,True
8,13,0.228135593220339,0.03576271186440678,0.26389830508474577,0.16350685653522223,11.855296571179423,47.21749266523562,356.73653556080825,735.0714040587785,294.0285616235114,294.0227281830958,2.500049600250733,True
8,14,0.24491525423728813,0.03576271186440678,0.28067796610169493,0.18844366562803297,11.740604764146518,72.89543827805214,375.6007653261983,737.8885019532058,295.15540078128237,295.15027535865715,2.5000434136696885,True
8,15,0.26169491525423727,0.03576271186440678,0.29745762711864404,0.2151495496761918,11.623118885425397,108.91612737332129,393.34201741357083,740.798926040643,296.3195704162572,296.3311161890171,2.499902593989214,True
8,16,0.27847457627118644,0.03576271186440678,0.3142372881355932,0.24362450867969873,11.502399841688723,158.0849145293047,409.91345046777207,743.8158293215424,297.526331728617,297.53655026526144,2.4999141404926943,True
8,17,0.2952542372881356,0.03576271186440678,0.3310169491525424,0.2738685426385538,11.379461121653117,223.68006899646784,425.37232249484657,746.9160702359109,298.76642809436436,298.77548289976716,2.4999242340325676,True
8,18,0.31203389830508477,0.03576271186440678,0.34779661016949154,0.30588165155275693,11.254765303162097,309.4025297140648,439.74849277710103,750.0897530776159,300.03590123104635,300.0439355019675,2.4999330575461585,True
8,19,0.3288135593220339,0.03576271186440678,0.36457627118644065,0.33966383542230805,11.128742178863524,419.38737789796477,453.07654208460673,753.3274567357372,301.3309826942949,301.33812185377604,2.4999407711888786,True
8,20,0.34559322033898304,0.03576271186440678,0.3813559322033898,0.3752150942472074,11.001788145600475,558.1969351438293,465.39473554187816,756.6202643737562,302.64810574950246,302.654459626529,2.499947515418785,True
8,21,0.3623728813559322,0.03576271186440678,0.398135593220339,0.4125354280274548,10.87426623826734,730.8092196038925,476.744080615073,759.9597819262453,303.98391277049814,303.9895774961971,2.4999534134875145,True
8,22,0.3791525423728813,0.03576271186440678,0.4149152542372881,0.45162483676305026,10.746506693336164,942.6026276569934,487.1674868626647,763.3381468927255,305.33525875709023,305.34031842724403,2.4999585735174126,True
8,23,0.3959322033898305,0.03576271186440678,0.43169491525423725,0.49248332045399384,10.618807934188947,1199.3376945962264,496.7090292673859,766.7480288897123,306.6992115558849,306.70373969567936,2.4999630902789205,True
8,24,0.41271186440677965,0.03576271186440678,0.4484745762711864,0.5351108791002855,10.491063241278882,1506.921474083023,505.37721824670064,770.1927755011553,308.07711020046213,308.0661090771039,2.500089275670336,True
8,25,0.4294915254237288,0.03576271186440678,0.4652542372881356,0.5795075127019254,10.364302074375319,1872.221166454604,513.2919108988771,773.6447639400126,309.45790557600503,309.4479507336178,2.50008042420675,True
8,26,0.446271186440678,0.03576271186440678,0.48203389830508475,0.6256732212589133,10.238315074909739,2301.826154904953,520.4578040694256,777.1095039315502,310.8438015726201,310.8347725727048,2.5000726189660227,True
8,27,0.4630508474576271,0.03576271186440678,0.49881355932203386,0.6736080047712492,10.113289195167836,2802.811151063652,526.9182401404902,780.5816653018073,312.23266612072297,312.22445740707894,2.5000657276636185,True
8,28,0.47983050847457626,0.03576271186440678,0.515593220338983,0.7233118632389332,9.98938769173522,3382.5230762627475,532.7154487927804,784.0563761049343,313.6225504419738,313.61506950606343,2.500059634697418,True
8,29,0.4966101694915254,0.03576271186440678,0.5323728813559322,0.7747847966619654,9.866751985767797,4048.559075373933,537.8903202442215,787.5291987967275,315.01167951869104,315.0048452803723,2.5000542391523584,True
8,30,0.5133898305084745,0.03576271186440678,0.5491525423728814,0.8280268050403455,9.745503490132492,4808.745346049286,542.4822355150893,790.9961054594141,316.39844218376567,316.39218356405854,2.5000494530209045,True
8,31,0.5301694915254237,0.03576271186440678,0.5659322033898305,0.8830378883740738,9.625745378042245,5671.1169721569195,546.5289456674867,794.453452619788,317.7813810479152,317.77563571291546,2.500045199618489,True
8,32,0.5469491525423729,0.03576271186440678,0.5827118644067797,0.9398180466631503,9.507564274626015,6643.8988879078515,550.0664925482067,797.8979561005937,319.1591824402375,319.15389569736476,2.5000414121756305,True
8,33,0.563728813559322,0.03576271186440678,0.5994915254237289,0.9983672799075749,9.391031858597076,7735.488047437474,553.1291642360306,801.3266662545448,320.5306665018179,320.5257903314064,2.500038032590189,True
8,34,0.5805084745762712,0.03576271186440678,0.616271186440678,1.0586855881073476,9.276206365884768,8954.436832741587,555.7494791053822,804.736943851833,321.89477754073323,321.89026974762004,2.500035010324455,True
8,35,0.5972881355932204,0.03576271186440678,0.6330508474576272,1.1207729712624683,9.163133990896606,10309.437699945163,557.958193132585,808.1264368245234,323.2505747298094,323.2463982010771,2.500032301432866,True
8,36,0.6140677966101695,0.03576271186440678,0.6498305084745764,1.1846294293729371,9.05185018407071,11809.309038734396,559.7843257599006,811.4930580146289,324.5972232058516,324.5933452622674,2.5000298677070925,True
8,37,0.6308474576271186,0.03576271186440678,0.6666101694915254,1.2502549624387536,8.94267499885846,13464.753703017323,561.2921249319613,814.8259436002554,325.9303774401022,325.9410986480816,2.4999177672896735,True
8,38,0.6476271186440677,0.03576271186440678,0.6833898305084746,1.3176495704599187,8.835015225627236,15281.370018365169,562.431099971988,818.1421256512967,327.2568502605187,327.2669182813348,2.499923090142528,True
8,39,0.6644067796610169,0.03576271186440678,0.7001694915254237,1.386813253436432,8.729199562776811,17269.945503502044,563.2647801732581,821.4305020340139,328.5722008136056,328.58167335076064,2.4999279285949023,True
8,40,0.6811864406779661,0.03576271186440678,0.7169491525423729,1.457746011368293,8.625231191266996,19439.683283972267,563.8157203407783,824.6898519304331,329.87594077217324,329.88486906846083,2.4999323377856584,True
8,41,0.6979661016949152,0.03576271186440678,0.7337288135593221,1.5304478442555023,8.523107600403108,21799.85801042258,564.1050268142029,827.9191246921912,331.1676498768765,331.17607951169566,2.499936365914232,True
8,42,0.7147457627118644,0.03576271186440678,0.7505084745762712,1.6049187520980597,8.422821324690842,24359.807767279275,564.1524285538035,831.1174246925614,332.44696987702457,332.45494146313627,2.4999400551389264,True
8,43,0.7315254237288136,0.03576271186440678,0.7672881355932204,1.6811587348959653,8.324360607032478,27128.926746689227,563.9763490332081,834.283997279504,333.7135989118016,333.72114870397036,2.4999434423605,True
8,44,0.7483050847457626,0.03576271186440678,0.7840677966101695,1.7591677926492184,8.227709993955612,30116.658620533468,563.5939778905542,837.4182157835907,334.96728631343626,334.97444673994323,2.499946559904967,True
8,45,0.7650847457627118,0.03576271186440678,0.8008474576271186,1.83894592535782,8.132850868432232,33332.490546869434,563.0213415160283,840.5195695293651,336.20782781174603,336.21462793845967,2.4999494361179693,True
8,46,0.781864406779661,0.03576271186440678,0.8176271186440678,1.92049313302177,8.03976192563883,36785.94775121357,562.273371944277,843.5876527953982,337.4350611181593,337.4415270536823,2.4999520958817705,True
8,47,0.7986440677966101,0.03576271186440678,0.834406779661017,2.0038094156410677,7.948419596744251,40486.588627334386,561.3639735783999,846.6221546666868,338.64886186667474,338.6550171160495,2.4999545610646257,True
8,48,0.8154237288135593,0.03576271186440678,0.8511864406779661,2.0888947732157135,7.858798425516323,44444.0003065814,560.3060874031762,849.6228497226942,339.8491398890777,339.85500566261265,2.4999568509111443,True
8,49,0.8322033898305085,0.03576271186440678,0.8679661016949153,2.1757492057457077,7.770871402222869,48667.79464906849,559.1117524523141,852.589589504966,341.0358358019864,341.0414312849497,2.4999589823812447,True
8,50,0.8489830508474576,0.03576271186440678,0.8847457627118644,2.26437271323105,7.684610258980198,53167.60461418389,557.792164381468,855.5222947096348,342.2089178838539,342.214260472059,2.499960970444381,True
8,51,0.8657627118644068,0.03576271186440678,0.9015254237288136,2.3547652956717404,7.599985730380905,57953.080971848736,556.3577310686067,858.4209480520502,343.3683792208201,343.3734847264946,2.499962828334877,True
8,52,0.882542372881356,0.03576271186440678,0.9183050847457628,2.4469269530677784,7.5169677829203065,63033.88931968581,554.8181252189376,861.2855877530267,344.5142351012107,344.51911793298257,2.499964567773472,True
8,53,0.899322033898305,0.03576271186440678,0.9350847457627118,2.5408576854191645,7.435525816437586,68419.70737465825,553.1823339947612,864.1163015988244,345.6465206395298,345.6511939598706,2.499966199159568,True
8,54,0.9161016949152542,0.03576271186440678,0.951864406779661,2.636557492725899,7.355628840505034,74120.22251102605,551.458705724627,866.913221529537,346.76528861181487,346.7697644748528,2.499967731738054,True
8,55,0.9328813559322033,0.03576271186440678,0.9686440677966102,2.7340263749879816,7.277245628425652,80145.12951926078,549.654993770828,869.6765187134554,347.87060748538215,347.8748969576254,2.4999691737440615,True
8,56,0.9496610169491525,0.03576271186440678,0.9854237288135593,2.8332643322054123,7.2003448512519395,86504.1285633297,547.7783976533232,872.4063990676271,348.9625596270509,348.96667289322363,2.4999705325286605,True
8,57,0.9664406779661017,0.03576271186440678,1.0022033898305085,2.934271364378191,7.1248951940039635,93206.92331609996,545.8356015409073,875.1030991875934,350.0412396750374,350.04518613095297,2.4999718146679917,True
8,58,0.9832203389830508,0.03576271186440678,1.0189830508474575,3.037047471506318,7.050865456051536,100263.21925483472,543.8328102292345,877.7668826519065,351.1067530607626,351.1105413949037,2.4999730260580755,True
8,59,1.0,0.03576271186440678,1.0357627118644068,3.141592653589793,6.97822463742704,107682.72210062537,541.7757827301147,880.3980366696113,352.15921466784454,352.16285293310284,2.4999741719972164,True
9,0,0.01,0.03898305084745763,0.04898305084745763,0.0003141592653589793,13.593636633976972,7.197398286351091e-08,18.860605427247645,695.0877583023835,278.0351033209534,278.04336163081007,2.4999257462054816,True
9,1,0.026779661016949154,0.03898305084745763,0.06576271186440678,0.0022529939386445163,13.569557311264372,5.083109470703174e-05,50.329283819347445,695.6090696872142,278.2436278748857,278.25179384257194,2.4999266314910904,True
9,2,0.043559322033898305,0.03898305084745763,0.08254237288135594,0.0059609035672781455,13.535087644274316,0.0012888961987352068,81.44934052158962,696.3568261329052,278.5427304531621,278.5507655926901,2.4999278844243085,True
9,3,0.06033898305084746,0.03898305084745763,0.09932203389830509,0.01143788815125987,13.49051951310925,0.011166939991315303,112.082975346503,697.3262721535235,278.9305088614094,278.938377200443,2.49992947959409,True
9,4,0.0771186440677966,0.03898305084745763,0.11610169491525424,0.01868394769058968,13.436222527930765,0.056407592049238287,142.10130842716916,698.5113544998072,279.4045417999229,279.41221048212066,2.499931385584541,True
9,5,0.09389830508474575,0.03898305084745763,0.13288135593220338,0.02769908218526759,13.37263532812555,0.20562974444055473,171.38628780017018,699.9048422093468,279.96193688373876,279.9693766515542,2.499933566235846,True
9,6,0.1106779661016949,0.03898305084745763,0.14966101694915254,0.03848329163529359,13.300255673576713,0.6021166890631193,199.8321977354542,701.4984647159405,280.5993858863762,280.60657143261665,2.499935982020986,True
9,7,0.12745762711864406,0.03898305084745763,0.16644067796610168,0.051036576040667685,13.21962975368797,1.5059675116689057,227.34673873887186,703.2830627380936,281.31322509523744,281.32013527943735,2.499938591453887,True
9,8,0.14423728813559322,0.03898305084745763,0.18322033898305085,0.06535893540138989,13.131328836127816,3.343884542561888,253.85119876231903,705.249021344764,282.09960853790557,282.1058522204292,2.4999446689737694,True
9,9,0.1610169491525424,0.03898305084745763,0.2,0.08145036971746017,13.035971122305751,6.764210157036654,279.2818348286799,707.3857009019625,282.95428036078505,282.9597134412487,2.499951997756168,True
9,10,0.17779661016949153,0.03898305084745763,0.21677966101694915,0.09931087898887854,12.933668049822298,12.692375945088909,303.56466148386363,709.6938770176193,283.8775508070477,283.8660830777989,2.500100995944324,True
9,11,0.19457627118644066,0.03898305084745763,0.2335593220338983,0.11894046321564498,12.82616598750551,22.395091556792842,326.7141199762438,712.1372520878903,284.8549008351561,284.844863272566,2.5000880967491814,True
9,12,0.21135593220338983,0.03898305084745763,0.25033898305084745,0.14033912239775956,12.713490221398544,37.52508585751928,348.6810494602351,714.7181364170027,285.8872545668011,285.87846220511364,2.5000768889829934,True
9,13,0.228135593220339,0.03898305084745763,0.2671186440677966,0.16350685653522223,12.596258991195043,60.175479128148275,369.4541313366792,717.4252708356648,286.97010833426594,286.962401504218,2.500067141461804,True
9,14,0.24491525423728813,0.03898305084745763,0.2838983050847458,0.18844366562803297,12.475072635517934,92.92034433509599,389.0328881051781,720.2475227542262,288.0990091016905,288.09224923388285,2.500058660618479,True
9,15,0.26169491525423727,0.03898305084745763,0.3006779661016949,0.2151495496761918,12.350508068774369,138.84836379436638,407.426476210968,723.1739847134791,289.26959388539166,289.2636603174023,2.5000512816575613,True
9,16,0.27847457627118644,0.03898305084745763,0.31745762711864406,0.24362450867969873,12.223114416579374,201.58773065579183,424.6524380827892,726.1940576856081,290.47762307424324,290.4724105337038,2.5000448626130263,True
9,17,0.2952542372881356,0.03898305084745763,0.3342372881355932,0.2738685426385538,12.093886418315815,285.3671938756475,440.7702014211044,729.2860606970665,291.71442427882664,291.7259223172075,2.499901465403815,True
9,18,0.31203389830508477,0.03898305084745763,0.3510169491525424,0.30588165155275693,11.962294447498044,394.853544473631,455.7378185733937,732.4644910731232,292.9857964292493,292.99597595533686,2.49991314278247,True
9,19,0.3288135593220339,0.03898305084745763,0.3677966101694915,0.33966383542230805,11.82933456422428,535.3925092985061,469.6287372027019,735.7070218879212,294.2828087551685,294.29183352386354,2.4999233348697874,True
9,20,0.34559322033898304,0.03898305084745763,0.38457627118644067,0.3752150942472074,11.695420575454735,712.8492752321084,482.4821136188815,739.0048535198325,295.601941407933,295.6099547419239,2.4999322305130263,True
9,21,0.3623728813559322,0.03898305084745763,0.40135593220338983,0.4125354280274548,11.56093130892055,933.6314087169254,494.33987872866373,742.3497001217515,296.9398800487006,296.9470073293335,2.4999399953488592,True
9,22,0.3791525423728813,0.03898305084745763,0.41813559322033894,0.45162483676305026,11.42621124040655,1204.6708094776209,505.2458859687934,745.73379799846,298.293519199384,298.2998700475589,2.499946774631733,True
9,23,0.3959322033898305,0.03898305084745763,0.4349152542372881,0.49248332045399384,11.291571555222555,1533.4018576214091,515.2451646097444,749.149905969135,299.65996238765405,299.6656325832444,2.499952695646632,True
9,24,0.41271186440677965,0.03898305084745763,0.4516949152542373,0.5351108791002855,11.157291541617017,1927.7367525158522,524.3832762898635,752.59129907677,301.036519630708,301.0415928068668,2.49995786980703,True
9,25,0.4294915254237288,0.03898305084745763,0.46847457627118644,0.5795075127019254,11.023620225620588,2396.0389491359747,532.7057698619261,756.0517569077865,302.4207027631146,302.4252519038202,2.49996239450346,True
9,26,0.446271186440678,0.03898305084745763,0.4852542372881356,0.6256732212589133,10.890389238722346,2946.674523000486,540.2191411504965,759.535769576553,303.8143078306212,303.80345804408915,2.500089282941362,True
9,27,0.4630508474576271,0.03898305084745763,0.5020338983050847,0.6736080047712492,10.758612447711025,3589.6258588308306,547.0481153058437,763.0166187484907,305.2066474993963,305.19680625999314,2.5000806138793172,True
9,28,0.47983050847457626,0.03898305084745763,0.5188135593220339,0.7233118632389332,10.628022949047145,4334.063078820235,553.1935919091881,766.5008451066752,306.6003380426701,306.5913887939311,2.500072973745073,True
9,29,0.4966101694915254,0.03898305084745763,0.535593220338983,0.7747847966619654,10.498768131590676,5189.87635166026,558.6973523535434,769.9840436505256,307.99361746021026,307.98545819159864,2.5000662309566457,True
9,30,0.5133898305084745,0.03898305084745763,0.5523728813559322,0.8280268050403455,10.370974493512692,6167.269377534699,563.5996437732642,773.462212254958,309.38488490198324,309.3774263334453,2.500060270788227,True
9,31,0.5301694915254237,0.03898305084745763,0.5691525423728814,0.8830378883740738,10.244749494604132,7276.734025279152,567.9390564793534,776.9317269933139,310.7726907973256,310.76585478050583,2.500054993306975,True
9,32,0.5469491525423729,0.03898305084745763,0.5859322033898305,0.9398180466631503,10.120183326351187,8529.02629229699,571.752443427646,780.3893175018834,312.15572700075336,312.1494451130888,2.500050311539576,True
9,33,0.563728813559322,0.03898305084745763,0.6027118644067797,0.9983672799075749,9.997350586748498,9935.14369262115,575.0748748360255,783.8320427244457,313.5328170897783,313.5270294000344,2.500046149846753,True
9,34,0.5805084745762712,0.03898305084745763,0.6194915254237289,1.0586855881073476,9.876311851672902,11506.30412566589,577.9396217893532,787.2572672990796,314.90290691963185,314.8975609055469,2.500042442485657,True
9,35,0.5972881355932204,0.03898305084745763,0.636271186440678,1.1207729712624683,9.757115138551962,13253.9262363457,580.3781633947978,790.6626387842288,316.26505551369155,316.26010511430275,2.500039132341613,True
9,36,0.6140677966101695,0.03898305084745763,0.6530508474576272,1.1846294293729371,9.639797261142673,15189.611244995378,582.4202127484576,794.0460658660735,317.61842634642943,317.61383113339815,2.500036169812055,True
9,37,0.6308474576271186,0.03898305084745763,0.6698305084745763,1.2502549624387536,9.524385076613232,17325.12620155425,584.0937576302257,797.4056976434582,318.9622790573833,318.9580035112456,2.500033511826719,True
9,38,0.6476271186440677,0.03898305084745763,0.6866101694915254,1.3176495704599187,9.41089662789646,19672.38860139177,585.4251124461931,800.7399040492273,320.29596161969096,320.2919744984365,2.5000311209893775,True
9,39,0.6644067796610169,0.03898305084745763,0.7033898305084746,1.386813253436432,9.299654976978347,22246.44515068473,586.4784299092469,804.0379419083614,321.6151767633446,321.6259945677024,2.499915913168241,True
9,40,0.6811864406779661,0.03898305084745763,0.7201694915254238,1.457746011368293,9.190015516037084,25053.66029607557,587.1956096070038,807.3177914138072,322.9271165655229,322.9373184736485,2.4999210225364026,True
9,41,0.6979661016949152,0.03898305084745763,0.7369491525423729,1.5304478442555023,9.082313155762586,28109.147125074076,587.640325928808,810.5684184559015,324.2273673823606,324.237007248342,2.499925672688759,True
9,42,0.7147457627118644,0.03898305084745763,0.7537288135593221,1.6049187520980597,8.976539916467456,31425.2955251149,587.8328310100011,813.788909946617,325.5155639786468,325.5246895571441,2.499929916387374,True
9,43,0.7315254237288136,0.03898305084745763,0.7705084745762713,1.6811587348959653,8.872683353048602,35014.586541179095,587.7920472515268,816.9784922609468,326.79139690437876,326.8000506091083,2.499933799698673,True
9,44,0.7483050847457626,0.03898305084745763,0.7872881355932203,1.7591677926492184,8.77072717437,38889.583473831,587.535639826372,820.1365185076365,328.05460740305466,328.06282696930134,2.499937362864892,True
9,45,0.7650847457627118,0.03898305084745763,0.8040677966101695,1.83894592535782,8.670651797702721,43062.92377510516,587.0800881408634,823.2624567765429,329.3049827106172,329.3128017737133,2.4999406410633442,True
9,46,0.781864406779661,0.03898305084745763,0.8208474576271186,1.92049313302177,8.572434843798067,47547.311670076066,586.4407556095694,826.3558793097491,330.5423517238996,330.54980032418985,2.49994366506739,True
9,47,0.7986440677966101,0.03898305084745763,0.8376271186440678,2.0038094156410677,8.476051577891118,52355.511436820285,585.6319572622924,829.4164525419964,331.76658101679857,331.7736860403468,2.499946461821362,True
9,48,0.8154237288135593,0.03898305084745763,0.854406779661017,2.0888947732157135,8.3814753016228,57500.341282560235,584.6670248341156,832.4439279555602,332.9775711822241,332.9843567453943,2.4999490549403243,True
9,49,0.8322033898305085,0.03898305084745763,0.8711864406779661,2.1757492057457077,8.288677700537272,62994.66775878618,583.5583690976134,835.438133695334,334.17525347813364,334.1817412631757,2.499951465144254,True
9,50,0.8489830508474576,0.03898305084745763,0.8879661016949153,2.26437271323105,8.197629151476722,68851.40066311255,582.3175392846368,838.3989668911107,335.3595867564443,335.36579630433715,2.499953710635064,True
9,51,0.8657627118644068,0.03898305084745763,0.9047457627118645,2.3547652956717404,8.10829899385901,75083.4883802902,580.9552795156185,841.3263866359297,336.5305546543719,336.53650362039383,2.4999558074238757,True
9,52,0.882542372881356,0.03898305084745763,0.9215254237288136,2.4469269530677784,8.020655768498392,81703.91361927432,579.4815822107923,844.2204075715207,337.6881630286083,337.69386740541717,2.499957769615031,True
9,53,0.899322033898305,0.03898305084745763,0.9383050847457627,2.5408576854191645,7.934667427314531,88725.68950736016,577.905738501688,847.0810940343381,338.83243761373524,338.8379119261386,2.4999596096525014,True
9,54,0.9161016949152542,0.03898305084745763,0.9550847457627119,2.636557492725899,7.850301516979186,96161.85600630863,576.2363856955868,849.9085547182212,339.9634218872885,339.96867936234787,2.4999613385336756,True
9,55,0.9328813559322033,0.03898305084745763,0.971864406779661,2.7340263749879816,7.767525339267824,104025.47661883797,574.4815518710692,852.7029378124183,341.08117512496733,341.0862278406226,2.499962965994792,True
9,56,0.9496610169491525,0.03898305084745763,0.9886440677966102,2.8332643322054123,7.686306090624422,112329.63535716828,572.6486977020156,855.464426576322,342.18577063052885,342.19062964551256,2.4999645006718274,True
9,57,0.9664406779661017,0.03898305084745763,1.0054237288135592,2.934271364378191,7.606610983204199,121087.43394817156,570.7447556205676,858.1932353149216,343.27729412596864,343.28196959342995,2.499965950240069,True
9,58,0.9832203389830508,0.03898305084745763,1.0222033898305085,3.037047471506318,7.528407349437763,130311.9892524268,568.7761664386853,860.889605721483,344.35584228859324,344.3603435555333,2.499967321535244,True
9,59,1.0,0.03898305084745763,1.0389830508474576,3.141592653589793,7.451662731952592,140016.43087668615,566.7489135528264,863.5538035565154,345.4215214226062,345.4258571169605,2.4999686206586373,True
10,0,0.01,0.042203389830508475,0.05220338983050848,0.0003141592653589793,14.36790181654407,8.98268799742191e-08,19.462539545048614,678.7704591491555,271.5081836596622,271.51985349221553,2.4998925508355723,True
10,1,0.026779661016949154,0.042203389830508475,0.06898305084745762,0.0022529939386445163,14.341604201679784,6.342459098941471e-05,51.92940488720424,679.3108725663188,271.72434902652753,271.7358881521081,2.4998938387779854,True
10,2,0.043559322033898305,0.042203389830508475,0.08576271186440679,0.0059609035672781455,14.304439685991218,0.001607892676437002,84.03024278154346,680.0762138454755,272.03048553819025,272.04184180839223,2.4998956385704627,True
10,3,0.06033898305084746,0.042203389830508475,0.10254237288135593,0.01143788815125987,14.256721758799532,0.013928302155669313,115.62457216048075,681.0616675991696,272.42466703966784,272.4357917072594,2.499897914775424,True
10,4,0.0771186440677966,0.042203389830508475,0.11932203389830508,0.01868394769058968,14.198844436172477,0.07034622766776222,146.5811727291826,682.2611487116222,272.9044594846489,272.9153079902941,2.4999006238810395,True
10,5,0.09389830508474575,0.042203389830508475,0.13610169491525423,0.02769908218526759,14.131273032128552,0.25641479473656514,176.7800014043743,683.6674220662923,273.4669688265169,273.47750142920853,2.4999037160037245,True
10,6,0.1106779661016949,0.042203389830508475,0.15288135593220337,0.03848329163529359,14.054533708414462,0.7507692428999416,206.11369901190204,685.2722395515502,274.1088958206201,274.11907805722865,2.499907136738888,True
10,7,0.12745762711864406,0.042203389830508475,0.16966101694915253,0.051036576040667685,13.969191758866126,1.8776885223306916,234.48830748431905,687.0667103488581,274.82668413954326,274.8361922574788,2.499913511045821,True
10,8,0.14423728813559322,0.042203389830508475,0.1864406779661017,0.06535893540138989,13.875851943568094,4.169223665092906,261.8241291939562,689.0412114641778,275.6164845856711,275.62473527387033,2.4999251637539803,True
10,9,0.1610169491525424,0.042203389830508475,0.20322033898305086,0.08145036971746017,13.775181627838974,8.43398585858293,288.05741967839214,691.1848060475254,276.4739224190102,276.481092441227,2.4999351671559746,True
10,10,0.17779661016949153,0.042203389830508475,0.22,0.09931087898887854,13.667835442550412,15.829057307557669,313.1379932942593,693.4867551303254,277.3947020521302,277.4009387061493,2.4999437938634217,True
10,11,0.19457627118644066,0.042203389830508475,0.23677966101694914,0.11894046321564498,13.554473564510275,27.93161440749227,337.02955819353997,695.9360668609202,278.37442674436807,278.3798547676162,2.499951253447805,True
10,12,0.21135593220338983,0.042203389830508475,0.2535593220338983,0.14033912239775956,13.435212021662538,46.79943597402516,359.68000499430144,698.5334516830459,279.41338067321834,279.4021441222049,2.500100541023484,True
10,13,0.228135593220339,0.042203389830508475,0.27033898305084747,0.16350685653522223,13.31184942843583,75.05969876458188,381.1383472298404,701.2426626852399,280.497065074096,280.48723292296535,2.5000876345692116,True
10,14,0.24491525423728813,0.042203389830508475,0.28711864406779664,0.18844366562803297,13.184387002432514,115.92530530477588,401.3733425264965,704.0662730515096,281.62650922060385,281.6179010640548,2.500076416986602,True
10,15,0.26169491525423727,0.042203389830508475,0.30389830508474575,0.2151495496761918,13.053426617804817,173.2605144368392,420.39462368141875,706.9935129909283,282.7974051963713,282.7898640422699,2.5000666674716836,True
10,16,0.27847457627118644,0.042203389830508475,0.3206779661016949,0.24362450867969873,12.919540728184566,251.60825691836862,438.2203156915367,710.0139205241577,284.00556820966307,283.99895716475226,2.50005819603157,True
10,17,0.2952542372881356,0.042203389830508475,0.3374576271186441,0.2738685426385538,12.783269053734967,356.21173403846154,454.87576963242964,713.1174075272606,285.24696301090427,285.24116259054415,2.5000508378621396,True
10,18,0.31203389830508477,0.042203389830508475,0.35423728813559324,0.30588165155275693,12.645116314707314,493.025522580124,470.3923376023005,716.2943117371055,286.51772469484223,286.51263058331386,2.5000444492753946,True
10,19,0.3288135593220339,0.042203389830508475,0.37101694915254235,0.33966383542230805,12.506030678683613,668.8195969219215,484.8434161819455,719.5242385762657,287.8096954305063,287.8207373754453,2.4999040900853804,True
10,20,0.34559322033898304,0.042203389830508475,0.3877966101694915,0.3752150942472074,12.365422491868976,890.7794200995218,498.1910694771565,722.8222163804975,289.128886552199,289.1386643466782,2.4999154575668627,True
10,21,0.3623728813559322,0.042203389830508475,0.4045762711864407,0.4125354280274548,12.224236396653174,1167.0544795862502,510.5190751468075,726.167338400894,290.4669353603576,290.4756075827191,2.4999253618708845,True
10,22,0.3791525423728813,0.042203389830508475,0.4213559322033898,0.45162483676305026,12.08283008685324,1506.3783500543198,521.8721414096161,729.5519460993369,291.82077843973474,291.8284836802901,2.499933991702436,True
10,23,0.3959322033898305,0.042203389830508475,0.43813559322033896,0.49248332045399384,11.94152657232405,1918.1290309454716,532.2961566003969,732.9688940259597,293.18755761038386,293.19441690550264,2.499941512399936,True
10,24,0.41271186440677965,0.042203389830508475,0.4549152542372881,0.5351108791002855,11.800615655159254,2412.2997085978323,541.8375390568507,736.4115435097601,294.56461740390404,294.5707363831188,2.49994806867707,True
10,25,0.4294915254237288,0.042203389830508475,0.4716949152542373,0.5795075127019254,11.66035565148818,2999.467010241548,550.5426864992849,739.8737511152052,295.9495004460821,295.95497122907653,2.499953787032435,True
10,26,0.446271186440678,0.042203389830508475,0.48847457627118646,0.6256732212589133,11.520975278189605,3690.7577263399508,558.4575179091763,743.3498529798312,297.3399411919325,297.3448440651922,2.4999587778856975,True
10,27,0.4630508474576271,0.042203389830508475,0.5052542372881356,0.6736080047712492,11.382240843392152,4497.127647494137,565.5838891532578,746.8456582671174,298.738263306847,298.72685216313573,2.500095498141769,True
10,28,0.47983050847457626,0.042203389830508475,0.5220338983050847,0.7233118632389332,11.24524457363129,5432.014434246311,572.0559055338398,750.3332864121053,300.1333145648421,300.12296827104655,2.5000861837887247,True
10,29,0.4966101694915254,0.042203389830508475,0.5388135593220339,0.7747847966619654,11.109650428881654,6507.365629206005,577.8687392908895,753.8206286345038,301.52825145380154,301.51884491992934,2.500077992918442,True
10,30,0.5133898305084745,0.042203389830508475,0.5555932203389831,0.8280268050403455,10.97558959006215,7736.171520019064,583.063405335322,757.3037151331392,302.9214860532557,302.9129099504351,2.500070780268345,True
10,31,0.5301694915254237,0.042203389830508475,0.5723728813559321,0.8830378883740738,10.843173449833909,9131.807478403081,587.6792373554573,760.7789480621545,304.3115792248618,304.30373800908563,2.500064419318569,True
10,32,0.5469491525423729,0.042203389830508475,0.5891525423728814,0.9398180466631503,10.712495457374683,10708.004305450437,591.7538063893862,764.2430773769684,305.69723095078734,305.69004112372744,2.5000587999778587,True
10,33,0.563728813559322,0.042203389830508475,0.6059322033898304,0.9983672799075749,10.583632862614737,12478.82023358362,595.3228748970578,767.693177060682,307.07727082427283,307.0706594048974,2.500053826531231,True
10,34,0.5805084745762712,0.042203389830508475,0.6227118644067797,1.0586855881073476,10.456648351761329,14458.614662150898,598.4203801107627,771.1266219846648,308.4506487938659,308.44455197720333,2.5000494158238773,True
10,35,0.5972881355932204,0.042203389830508475,0.6394915254237288,1.1207729712624683,10.331591569948962,16662.023651654286,601.078441175614,774.5410655938241,309.81642623752964,309.81078821927116,2.5000454956579374,True
10,36,0.6140677966101695,0.042203389830508475,0.6562711864406781,1.1846294293729371,10.208500530007717,19103.93716125911,603.3273852973335,777.9344185538134,311.1737674215254,311.168539369302,2.500042003380499,True
10,37,0.6308474576271186,0.042203389830508475,0.6730508474576271,1.2502549624387536,10.087402908769528,21799.47798392684,605.1957887772555,781.3048284531034,312.52193138124136,312.517070535373,2.500038884642845,True
10,38,0.6476271186440677,0.042203389830508475,0.6898305084745762,1.3176495704599187,9.968317234145179,24763.982311631287,606.7105294225249,784.6506606165449,313.860264246618,313.8557331349281,2.500036092312578,True
10,39,0.6644067796610169,0.042203389830508475,0.7066101694915254,1.386813253436432,9.851253967507127,28012.98184814645,607.8968473683794,787.9704800577766,315.1881920231107,315.18395777604985,2.5000335855216957,True
10,40,0.6811864406779661,0.042203389830508475,0.7233898305084745,1.457746011368293,9.73621648680566,31562.187377535993,608.7784118380604,791.2630345745238,316.5052138298095,316.5012475836342,2.500031328835238,True
10,41,0.6979661016949152,0.042203389830508475,0.7401694915254238,1.5304478442555023,9.623522829268252,35432.19876116634,609.4180276959746,794.5179299155315,317.8071719662126,317.81776816297133,2.49991664880145,True
10,42,0.7147457627118644,0.042203389830508475,0.7569491525423728,1.6049187520980597,9.512501421610978,39629.851369397016,609.7528846849647,797.753402033805,319.101360813522,319.11139765638313,2.4999213688156012,True
10,43,0.7315254237288136,0.042203389830508475,0.7737288135593221,1.6811587348959653,9.403483963219374,44175.779791802815,609.8454749755024,800.9587477767615,320.38349911070463,320.39302525561493,2.499925668287389,True
10,44,0.7483050847457626,0.042203389830508475,0.7905084745762712,1.7591677926492184,9.296453310323093,49086.27250058047,609.7138860781757,804.1333048800394,321.6533219520158,321.66238044594434,2.4999295962593138,True
10,45,0.7650847457627118,0.042203389830508475,0.8072881355932202,1.83894592535782,9.191388911661209,54377.733274786464,609.3750002372366,807.2765248371802,322.9106099348721,322.9192389199143,2.4999331954866557,True
10,46,0.781864406779661,0.042203389830508475,0.8240677966101695,1.92049313302177,9.08826732132292,60066.67149127374,608.8445649504641,810.3879622845003,324.15518491380016,324.1634182419754,2.499936503259529,True
10,47,0.7986440677966101,0.042203389830508475,0.8408474576271185,2.0038094156410677,8.987062655581287,66169.6932293286,608.1372613213173,813.4672652330017,325.3869060932007,325.39477386308425,2.4999395521185686,True
10,48,0.8154237288135593,0.042203389830508475,0.8576271186440678,2.0888947732157135,8.887746998890362,72703.49311466841,607.2667698889836,816.5141660942012,326.6056664376805,326.61319546266594,2.4999423704776014,True
10,49,0.8322033898305085,0.042203389830508475,0.8744067796610169,2.1757492057457077,8.790290763871482,79684.8468342249,606.2458336911869,819.5284734473079,327.8113893789232,327.8186035957334,2.499944983164995,True
10,50,0.8489830508474576,0.042203389830508475,0.8911864406779662,2.26437271323105,8.694663009766657,87130.60425890338,605.0863184035388,822.5100644963461,329.00402579853846,329.01094662354063,2.499947411894093,True
10,51,0.8657627118644068,0.042203389830508475,0.9079661016949152,2.3547652956717404,8.600831723486612,95057.6831169181,603.7992694705255,825.4588781676407,330.1835512670563,330.1901979070139,2.4999496756717816,True
10,52,0.882542372881356,0.042203389830508475,0.9247457627118645,2.4469269530677784,8.508764067044938,103483.0631656082,602.3949662002605,828.3749088001034,331.3499635200414,331.3563532431057,2.4999517911532267,True
10,53,0.899322033898305,0.042203389830508475,0.9415254237288135,2.5408576854191645,8.418426594841732,112423.78081442718,600.8829728396092,831.258200383189,332.5032801532756,332.50942852530034,2.4999537729497474,True
10,54,0.9161016949152542,0.042203389830508475,0.9583050847457626,2.636557492725899,8.329785443954258,121896.92415644995,599.2721866809937,834.1088412997927,333.6435365199171,333.64945761053764,2.499955633895954,True
10,55,0.9328813559322033,0.042203389830508475,0.9750847457627119,2.7340263749879816,8.24280650030016,131919.62836985555,597.5708832781786,836.9269595339849,334.770783813594,334.77649037595427,2.4999573852814914,True
10,56,0.9496610169491525,0.042203389830508475,0.9918644067796609,2.8332643322054123,8.157455543269595,142509.0714547426,595.7867588677268,839.7127183059964,335.8850873223986,335.89059094991404,2.499959037052066,True
10,57,0.9664406779661017,0.042203389830508475,1.0086440677966102,2.934271364378191,8.073698371171417,153682.47027410017,593.9269701063007,842.4663120994359,336.98652483977435,336.9918361028918,2.4999605979837756,True
10,58,0.9832203389830508,0.042203389830508475,1.0254237288135593,3.037047471506318,7.991500909608019,165457.07687094828,591.9981712432917,845.1879630481683,338.0751852192673,338.08031378479876,2.4999620758343335,True
10,59,1.0,0.042203389830508475,1.0422033898305085,3.141592653589793,7.910829304682463,177850.17503659593,590.0065488536725,847.8779176526353,339.15116706105414,339.15612179633865,2.499963477474192,True
11,0,0.01,0.04542372881355932,0.05542372881355932,0.0003141592653589793,15.117350233114593,1.1008689130245183e-07,20.01836978761211,663.7564758273244,265.50259033092976,265.4955189926905,2.500066586229648,True
11,1,0.026779661016949154,0.04542372881355932,0.07220338983050847,0.0022529939386445163,15.088798840849774,7.771152278333828e-05,53.406211415648855,664.3150931102365,265.7260372440946,265.7190514658736,2.5000657252291703,True
11,2,0.043559322033898305,0.04542372881355932,0.08898305084745763,0.0059609035672781455,15.048930490522489,0.0019696823737620967,86.4111414689514,665.0968611789061,266.03874447156244,266.0318768569713,2.5000645375158825,True
11,3,0.06033898305084746,0.04542372881355932,0.10576271186440678,0.01143788815125987,14.998079993741934,0.017059336938005903,118.8903691445162,666.0969140292474,266.43876561169895,266.4320465124862,2.5000630470255056,True
11,4,0.0771186440677966,0.04542372881355932,0.12254237288135592,0.01868394769058968,14.936665183992263,0.08614764176366266,150.71068199519496,667.3091448833862,266.9236579533545,266.9171149729945,2.5000612828851443,True
11,5,0.09389830508474575,0.04542372881355932,0.13932203389830508,0.02769908218526759,14.865177187955512,0.31397732887102875,181.75036489310554,668.7263252951562,267.4905301180625,267.48418771944813,2.500059278257422,True
11,6,0.1106779661016949,0.04542372881355932,0.15610169491525422,0.03848329163529359,14.784169468936415,0.9192389863806946,211.90070024925956,670.3402407561149,268.136096302446,268.1299755284327,2.500057069094953,True
11,7,0.12745762711864406,0.04542372881355932,0.17288135593220338,0.051036576040667685,14.694266078284087,2.298952688703439,241.0676787802735,672.14143638281,268.856574553124,268.85121882854895,2.5000498019369073,True
11,8,0.14423728813559322,0.04542372881355932,0.18966101694915255,0.06535893540138989,14.596659426357016,5.105408128183552,269.19181859716275,674.1090471637373,269.64361886549494,269.65418471834505,2.499902042565544,True
11,9,0.1610169491525424,0.04542372881355932,0.20644067796610172,0.08145036971746017,14.49079186358431,10.327899604053988,296.16462852634237,676.2575481412476,270.50301925649904,270.5121890077552,2.4999152556554867,True
11,10,0.17779661016949153,0.04542372881355932,0.22322033898305085,0.09931087898887854,14.37801297593723,19.384364645952292,321.957522597635,678.562927118191,271.42517084727643,271.4331358139358,2.499926639698618,True
11,11,0.19457627118644066,0.04542372881355932,0.24,0.11894046321564498,14.259010982596036,34.20763365641185,346.5341514224595,681.0143197133361,272.40572788533444,272.41264992739804,2.499936474663847,True
11,12,0.21135593220338983,0.04542372881355932,0.25677966101694916,0.14033912239775956,14.134469388347162,57.329817548372,369.8714577589949,683.6007570753853,273.44030283015417,273.4463204282676,2.4999449837347965,True
11,13,0.228135593220339,0.04542372881355932,0.2735593220338983,0.16350685653522223,14.005058520268225,91.9587251915215,391.9586578729921,686.3112897078249,274.52451588313,274.52974841628014,2.499952350035102,True
11,14,0.24491525423728813,0.04542372881355932,0.29033898305084743,0.18844366562803297,13.870892395687308,142.02215210564074,412.7641770494533,689.1464741553405,275.6585896621362,275.6479386943326,2.5000965993783053,True
11,15,0.26169491525423727,0.04542372881355932,0.3071186440677966,0.2151495496761918,13.733740753843666,212.30335236070619,432.3648029277239,692.0714791560739,276.8285916624296,276.81928048096813,2.5000840907960353,True
11,16,0.27847457627118644,0.04542372881355932,0.32389830508474576,0.24362450867969873,13.593576353993528,308.36956728149914,450.74443300338436,695.08906227759,278.035624911036,278.0274805440327,2.500073233471268,True
11,17,0.2952542372881356,0.04542372881355932,0.34067796610169493,0.2738685426385538,13.450959405985305,436.6701955199836,467.9290640909892,698.1892711291665,279.2757084516666,279.26857997840676,2.5000638137779445,True
11,18,0.31203389830508477,0.04542372881355932,0.3574576271186441,0.30588165155275693,13.306413471591943,604.5359676135256,483.95074548113723,701.3625749112658,280.54502996450634,280.53878566400874,2.500055645607815,True
11,19,0.3288135593220339,0.04542372881355932,0.3742372881355932,0.33966383542230805,13.160424153863946,820.1826485425071,498.8464080339868,704.5999019350708,281.8399607740283,281.83448570771833,2.500048566326937,True
11,20,0.34559322033898304,0.04542372881355932,0.39101694915254237,0.3752150942472074,13.01397223130932,1092.8834251468472,512.6988266203863,707.8806504604651,283.15226018418605,283.1638708225204,2.499897491880756,True
11,21,0.3623728813559322,0.04542372881355932,0.40779661016949154,0.4125354280274548,12.866330008300208,1432.2634727997488,525.463337578363,711.2222193271368,284.48888773085474,284.49915227710954,2.499909801609489,True
11,22,0.3791525423728813,0.04542372881355932,0.42457627118644065,0.45162483676305026,12.718481623988264,1849.2705750299765,537.231988527546,714.6033713988286,285.84134855953147,285.8504378623373,2.499920506481695,True
11,23,0.3959322033898305,0.04542372881355932,0.4413559322033898,0.49248332045399384,12.570761064006247,2355.508673863826,548.0514462532846,718.0170610838906,287.2068244335562,287.2148876578678,2.4999298154042666,True
11,24,0.41271186440677965,0.04542372881355932,0.458135593220339,0.5351108791002855,12.423467870380765,2963.356942514744,557.968901510126,721.4567403270693,288.58269613082774,288.58986340659993,2.4999379112307722,True
11,25,0.4294915254237288,0.04542372881355932,0.47491525423728814,0.5795075127019254,12.276868947639143,3685.9325293224683,567.0315142495087,724.9163471836295,289.9665388734518,289.97292363484667,2.4999449538140075,True
11,26,0.446271186440678,0.04542372881355932,0.4916949152542373,0.6256732212589133,12.131200534897726,4537.051263464507,575.2859521775305,728.3902903963839,291.35611615855356,291.3618172111706,2.4999510827064473,True
11,27,0.4630508474576271,0.04542372881355932,0.5084745762711864,0.6736080047712492,11.98667027416013,5531.18733293731,582.7780143498749,731.8734309384416,292.74937237537665,292.754475722688,2.499956419562,True
11,28,0.47983050847457626,0.04542372881355932,0.5252542372881356,0.7233118632389332,11.843459317467621,6683.432775478523,589.5523309519605,735.3610613595615,294.14442454382464,294.1490049994818,2.499961070277484,True
11,29,0.4966101694915254,0.04542372881355932,0.5420338983050847,0.7747847966619654,11.70130777681692,8008.316786990836,595.6097136376371,738.8591901760155,295.5436760704062,295.53315298104934,2.500089017841575,True
11,30,0.5133898305084745,0.04542372881355932,0.5588135593220338,0.8280268050403455,11.5612278050245,9524.243460933958,601.0803588729146,742.3422894717182,296.9369157886873,296.92735588863235,2.5000804902265266,True
11,31,0.5301694915254237,0.04542372881355932,0.575593220338983,0.8830378883740738,11.422866656549573,11246.866907547716,605.9576950604927,745.8182433108228,298.32729732432915,298.3185861833976,2.5000730019963138,True
11,32,0.5469491525423729,0.04542372881355932,0.5923728813559321,0.9398180466631503,11.286320763738653,13193.36234337343,610.2799327562066,749.2838267076418,299.7135306830567,299.70556845520565,2.50006641708304,True
11,33,0.563728813559322,0.04542372881355932,0.6091525423728813,0.9983672799075749,11.151669790630274,15381.336328366871,614.083450702822,752.7361334463753,301.09445337855016,301.08715295474286,2.5000606171978417,True
11,34,0.5805084745762712,0.04542372881355932,0.6259322033898305,1.0586855881073476,11.018978329437848,17828.7947812764,617.4027790973415,756.1725533902736,302.46902135610947,302.46230674187234,2.500055499595218,True
11,35,0.5972881355932204,0.04542372881355932,0.6427118644067796,1.1207729712624683,10.888297479137572,20554.113032313886,620.2706068311094,759.5907506034232,303.8363002413693,303.8301051336008,2.500050975098121,True
11,36,0.6140677966101695,0.04542372881355932,0.6594915254237288,1.1846294293729371,10.759666305349638,23576.007906856812,622.7178078855965,762.9886424176275,305.19545696705103,305.1897235072144,2.5000469663572766,True
11,37,0.6308474576271186,0.04542372881355932,0.6762711864406779,1.2502549624387536,10.633113183173878,26913.511796458853,624.7734827348353,766.3643795338644,306.5457518135458,306.5404294967235,2.500043406320261,True
11,38,0.6476271186440677,0.04542372881355932,0.693050847457627,1.3176495704599187,10.508657026478676,30585.94864604622,626.4650112179831,769.7163272127092,307.8865308850837,307.881575606504,2.5000402368879167,True
11,39,0.6644067796610169,0.04542372881355932,0.7098305084745762,1.386813253436432,10.38630840846325,34612.91176713627,627.8181138985177,773.0430475796824,309.21721903187296,309.21259225448125,2.5000374077374885,True
11,40,0.6811864406779661,0.04542372881355932,0.7266101694915253,1.457746011368293,10.266070579209723,39014.24337462045,628.8569194183161,776.3432830489478,310.5373132195791,310.5329812480084,2.500034875293707,True
11,41,0.6979661016949152,0.04542372881355932,0.7433898305084745,1.5304478442555023,10.148305676897248,43816.324108328175,629.6493636938027,779.6057742210711,311.8423096884285,311.853534922114,2.499910011973342,True
11,42,0.7147457627118644,0.04542372881355932,0.7601694915254237,1.6049187520980597,10.032249764643156,49027.17262137724,630.123416528208,782.8505107370029,313.14020429480115,313.1508377424474,2.4999151092192275,True
11,43,0.7315254237288136,0.04542372881355932,0.7769491525423728,1.6811587348959653,9.918281669496782,54673.24134215132,630.3469526676513,786.0658653329386,314.42634613317546,314.43644277871977,2.499919724273568,True
11,44,0.7483050847457626,0.04542372881355932,0.7937288135593219,1.7591677926492184,9.806383380208754,60775.19430441922,630.3384364802932,789.2511643371727,315.7004657348691,315.7100739462953,2.4999239158628503,True
11,45,0.7650847457627118,0.04542372881355932,0.8105084745762711,1.83894592535782,9.696533373119946,67353.86401776713,630.1151101173563,792.4058464629993,316.96233858519975,316.97150095444886,2.499927735070649,True
11,46,0.781864406779661,0.04542372881355932,0.8272881355932202,1.92049313302177,9.588707141372494,74430.23904348475,629.6930646630033,795.5294524072132,318.2117809628853,318.22053503966197,2.499931226336669,True
11,47,0.7986440677966101,0.04542372881355932,0.8440677966101694,2.0038094156410677,9.48287766632166,82025.45255532122,629.0873091163094,798.6216152741748,319.44864610966994,319.45702504224613,2.499934428327448,True
11,48,0.8154237288135593,0.04542372881355932,0.8608474576271186,2.0888947732157135,9.379015836487108,90160.77179781003,628.3118368468199,801.6820517739799,320.672820709592,320.68085380415454,2.4999373746945968,True
11,49,0.8322033898305085,0.04542372881355932,0.8776271186440677,2.1757492057457077,9.277090819027876,98857.58836147287,627.3796892753431,804.7105541436913,321.88422165747653,321.8919348661839,2.499940094734662,True
11,50,0.8489830508474576,0.04542372881355932,0.8944067796610169,2.26437271323105,9.177070388361972,108137.40920069965,626.3030166209013,807.7069827417904,323.08279309671616,323.09020944340125,2.499942613963002,True
11,51,0.8657627118644068,0.04542372881355932,0.9111864406779661,2.3547652956717404,9.078921216191388,118021.84832638221,625.0931356266756,810.6712592676827,324.2685037070731,324.275643658441,2.49994495461263,True
11,52,0.882542372881356,0.04542372881355932,0.9279661016949152,2.4469269530677784,8.982609126843997,128532.61911143249,623.7605842352266,813.6033605600795,325.4413442240318,325.44822601323983,2.4999471360675987,True
11,53,0.899322033898305,0.04542372881355932,0.9447457627118643,2.5408576854191645,8.888099321506784,139691.5271529426,622.3151732281827,816.5033129303738,326.60132517214953,326.60796508080654,2.4999491752393777,True
11,54,0.9161016949152542,0.04542372881355932,0.9615254237288134,2.636557492725899,8.795356574606522,151520.46364003673,620.7660348804883,819.3711869895147,327.7484747958059,327.754887399679,2.4999510868935935,True
11,55,0.9328813559322033,0.04542372881355932,0.9783050847457626,2.7340263749879816,8.704345405295319,164041.39918139973,619.1216687058244,822.2070929293354,328.8828371717342,328.8890355547913,2.4999528839335836,True
11,56,0.9496610169491525,0.04542372881355932,0.9950847457627118,2.8332643322054123,8.615030226718218,177276.37805089797,617.3899843891694,825.0111762218053,330.0044704887221,330.01046642955976,2.4999545776464114,True
11,57,0.9664406779661017,0.04542372881355932,1.011864406779661,2.934271364378191,8.527375475482671,191247.51281387813,615.578342016484,827.7836137020967,331.11344548083866,331.11924961503365,2.499956177916251,True
11,58,0.9832203389830508,0.04542372881355932,1.0286440677966102,3.037047471506318,8.441345723510777,205976.9793004221,613.693589720709,830.5246100037652,332.2098440015061,332.2154659629821,2.499957693409459,True
11,59,1.0,0.04542372881355932,1.0454237288135593,3.141592653589793,8.356905774237488,221487.01189526147,611.7420988690106,833.2343943166245,333.2937577266498,333.29920627076115,2.4999591317350234,True
12,0,0.01,0.04864406779661017,0.058644067796610175,0.0003141592653589793,15.845566007087323,1.3288132090703547e-07,20.5374145281792,649.8493258110162,259.9397303244065,259.9301979129259,2.5000916824166364,True
12,1,0.026779661016949154,0.04864406779661017,0.07542372881355933,0.0022529939386445163,15.814706297339798,9.378022442662702e-05,54.78448610568106,650.4256833358763,260.17027333435055,260.1608566111418,2.500090489431533,True
12,2,0.043559322033898305,0.04864406779661017,0.09220338983050848,0.0059609035672781455,15.772096354968184,0.0023764645485246515,88.63193076601783,651.223345523024,260.4893382092096,260.48007949977426,2.50008886197222,True
12,3,0.06033898305084746,0.04864406779661017,0.10898305084745763,0.01143788815125987,15.718092633956074,0.02057874379705252,121.93487276504192,652.2373949253268,260.89495797013075,260.88589667478317,2.5000868319777254,True
12,4,0.0771186440677966,0.04864406779661017,0.12576271186440677,0.01868394769058968,15.653136952729973,0.10390449814424088,154.55832775014233,653.4617009056932,261.38468036227727,261.37585233330253,2.5000844380696985,True
12,5,0.09389830508474575,0.04864406779661017,0.14254237288135593,0.02769908218526759,15.577746262072964,0.3786486665919218,186.3791211049212,654.8890382806277,261.9556153122511,261.947052362135,2.500081724054908,True
12,6,0.1106779661016949,0.04864406779661017,0.15932203389830507,0.03848329163529359,15.492514597891686,1.1084812787875438,217.28775504181155,656.5109657537938,262.60438630151754,262.59644562444464,2.50007559772043,True
12,7,0.12745762711864406,0.04864406779661017,0.17610169491525424,0.051036576040667685,15.398078868599216,2.772072562464746,247.18901313427557,658.3183856928637,263.3273542771455,263.3205160730142,2.500064922819472,True
12,8,0.14423728813559322,0.04864406779661017,0.1928813559322034,0.06535893540138989,15.295084002511272,6.15494294359883,276.0015599693954,660.3021311345545,264.12085245382184,264.1149520784998,2.5000558504476516,True
12,9,0.1610169491525424,0.04864406779661017,0.20966101694915257,0.08145036971746017,15.184883908521877,12.453442999331802,303.6860206771182,662.4392562562551,264.9757025025021,264.9871271364467,2.499892215198639,True
12,10,0.17779661016949153,0.04864406779661017,0.2264406779661017,0.09931087898887854,15.066789781112433,23.374320860250954,330.1377517810018,664.7464131877601,265.8985652751041,265.9084749332524,2.499906832057996,True
12,11,0.19457627118644066,0.04864406779661017,0.24322033898305084,0.11894046321564498,14.942280042087424,41.25085024960654,355.34799936751654,667.1981151740134,266.87924606960536,266.88784523361016,2.499919449647498,True
12,12,0.21135593220338983,0.04864406779661017,0.26,0.14033912239775956,14.812064138726122,69.13928070535873,379.29390589193656,669.7835303267244,267.9134121306898,267.92087560890945,2.499930357440394,True
12,13,0.228135593220339,0.04864406779661017,0.2767796610169492,0.16350685653522223,14.67683719834157,110.91317514347924,401.96501619790206,672.4918519020608,268.99674076082437,269.0032191452323,2.499939792686974,True
12,14,0.24491525423728813,0.04864406779661017,0.2935593220338983,0.18844366562803297,14.537272691830383,171.34452302220402,423.3620883532528,675.312405199479,270.1249620797916,270.1305857540398,2.499947954114188,True
12,15,0.26169491525423727,0.04864406779661017,0.31033898305084745,0.2151495496761918,14.393420974834703,256.1283089726158,443.4591242267116,678.2469451450514,271.29877805802056,271.28755435593837,2.500103429939026,True
12,16,0.27847457627118644,0.04864406779661017,0.3271186440677966,0.24362450867969873,14.247170000949506,372.0925831424946,462.35229735497217,681.2593041365602,272.5037216546241,272.49392809560743,2.500089851167374,True
12,17,0.2952542372881356,0.04864406779661017,0.3438983050847458,0.2738685426385538,14.098406965903997,527.0122057352457,480.0278998196614,684.3537245379506,273.7414898151803,273.73294027771306,2.500078082833751,True
12,18,0.31203389830508477,0.04864406779661017,0.36067796610169495,0.30588165155275693,13.9476732704403,729.7685603469031,496.51864634144084,687.5208071636706,275.00832286546824,275.0008549397379,2.500067890022851,True
12,19,0.3288135593220339,0.04864406779661017,0.37745762711864406,0.33966383542230805,13.795470781890781,990.3236117278143,511.8621599396211,690.7516065652261,276.30064262609045,276.2941146181617,2.5000590675622765,True
12,20,0.34559322033898304,0.04864406779661017,0.3942372881355932,0.3752150942472074,13.642261402984758,1319.7139401574468,526.0998805252932,694.0376559429002,277.6150623771601,277.6093507348758,2.500051435968107,True
12,21,0.3623728813559322,0.04864406779661017,0.4110169491525424,0.4125354280274548,13.48846735323666,1730.0338117083345,539.2760768489019,697.3709821490737,278.9483928596295,278.9433899361657,2.5000448381611133,True
12,22,0.3791525423728813,0.04864406779661017,0.4277966101694915,0.45162483676305026,13.33497020073707,2234.743023203048,551.4781711983347,700.7331423464366,280.29325693857464,280.30372856201143,2.4999066046722738,True
12,23,0.3959322033898305,0.04864406779661017,0.44457627118644066,0.49248332045399384,13.181054292301836,2847.3379496488155,562.6669156879195,704.1404360513944,281.65617442055776,281.6654262814005,2.499917882530305,True
12,24,0.41271186440677965,0.04864406779661017,0.46135593220338983,0.5351108791002855,13.027602252311677,3583.1959952075968,572.9361037292273,707.5739011727841,283.0295604691136,283.03774957391175,2.4999276677332753,True
12,25,0.4294915254237288,0.04864406779661017,0.478135593220339,0.5795075127019254,12.874888934123295,4458.316197601524,582.3335832672361,711.0275601272406,284.41102405089623,284.41828722115537,2.4999361576717685,True
12,26,0.446271186440678,0.04864406779661017,0.49491525423728816,0.6256732212589133,12.723157522678775,5489.568077151691,590.9066954634528,714.4958973288221,285.79835893152887,285.80481529600456,2.4999435247052344,True
12,27,0.4630508474576271,0.04864406779661017,0.5116949152542373,0.6736080047712492,12.572621683970096,6694.644530028493,598.7018964825543,717.9738410454444,287.18953641817774,287.19528961505233,2.499949919122261,True
12,28,0.47983050847457626,0.04864406779661017,0.5284745762711864,0.7233118632389332,12.423467751037874,8092.014302620348,605.7644559145665,721.4567431287022,288.5826972514809,288.5878373729261,2.499955471776877,True
12,29,0.4966101694915254,0.04864406779661017,0.5452542372881356,0.7747847966619654,12.275371631339814,9699.34104195481,612.0898277384634,724.951870582277,289.9807482329108,289.9692852082122,2.5000988296457876,True
12,30,0.5133898305084745,0.04864406779661017,0.5620338983050847,0.8280268050403455,12.129495765593429,11539.464155114541,617.8214911831737,728.4311627619513,291.37246510478053,291.3620997949303,2.5000889383850673,True
12,31,0.5301694915254237,0.04864406779661017,0.5788135593220338,0.8830378883740738,11.985411119927182,13631.475581417382,622.9466566155149,731.9039370014717,292.7615748005887,292.7521724888356,2.5000802924165617,True
12,32,0.5469491525423729,0.04864406779661017,0.595593220338983,0.9398180466631503,11.843216864080885,15996.488619235344,627.5041070393405,735.3669968074701,294.146798722988,294.13824201550295,2.5000727269210765,True
12,33,0.563728813559322,0.04864406779661017,0.6123728813559322,0.9983672799075749,11.702994863283624,18656.171334123104,631.5307726121429,738.8174592716956,295.52698370867824,295.5191703469371,2.5000660986031127,True
12,34,0.5805084745762712,0.04864406779661017,0.6291525423728813,1.0586855881073476,11.56481143283027,21632.70827776387,635.0617139729715,742.2527328045918,296.9010931218367,296.8939340593308,2.5000602829974334,True
12,35,0.5972881355932204,0.04864406779661017,0.6459322033898305,1.1207729712624683,11.428718969876567,24948.7645314852,638.130129678535,745.6704956714999,298.2681982686,298.2616159821006,2.5000551720884174,True
12,36,0.6140677966101695,0.04864406779661017,0.6627118644067796,1.1846294293729371,11.29475746185457,28627.45208028963,640.7673829034288,749.0686754592156,299.6274701836862,299.62139719231544,2.500050672210227,True
12,37,0.6308474576271186,0.04864406779661017,0.6794915254237287,1.2502549624387536,11.162955873420556,32692.298477879052,643.0030432332335,752.445429558943,300.9781718235772,300.9725493916793,2.5000467021985,True
12,38,0.6476271186440677,0.04864406779661017,0.6962711864406779,1.3176495704599187,11.033333415706919,37167.21772955393,644.8649399954883,755.7991267176986,302.31965068707945,302.31442768938507,2.500043191766717,True
12,39,0.6644067796610169,0.04864406779661017,0.713050847457627,1.386813253436432,10.90590070298211,42076.4832961757,646.379224129682,759.1283296826764,303.65133187307055,303.6464638029284,2.5000400800826164,True
12,40,0.6811864406779661,0.04864406779661017,0.7298305084745762,1.457746011368293,10.780660802720744,47444.70310669677,647.5704360916045,762.4317789412866,304.97271157651466,304.96815968003773,2.5000373145222903,True
12,41,0.6979661016949152,0.04864406779661017,0.7466101694915254,1.5304478442555023,10.657610185638596,53296.796457460936,648.4615777214478,765.7083775426064,306.28335101704255,306.27908153790463,2.5000348495816014,True
12,42,0.7147457627118644,0.04864406779661017,0.7633898305084745,1.6049187520980597,10.53711143527234,59666.39469114078,649.1200002270579,768.9471357763558,307.57885431054234,307.5897090953393,2.4999117754554527,True
12,43,0.7315254237288136,0.04864406779661017,0.7801694915254237,1.6811587348959653,10.41838235517846,66562.59416619342,649.4717474101612,772.1678912277804,308.86715649111215,308.87746192192634,2.499916589650552,True
12,44,0.7483050847457626,0.04864406779661017,0.7969491525423728,1.7591677926492184,10.30180301970906,74019.10850941119,649.5841724564318,775.3592883830115,310.14371535320464,310.15352514972653,2.499920927897586,True
12,45,0.7650847457627118,0.04864406779661017,0.8137288135593219,1.83894592535782,10.187350928333275,82061.90540275392,649.4748403437457,778.5207563327432,311.4083025330973,311.4176637032473,2.4999248503598133,True
12,46,0.781864406779661,0.04864406779661017,0.8305084745762711,1.92049313302177,10.07500051750095,90717.1721583581,649.1601507418094,781.6518248845288,312.66072995381154,312.6696836548107,2.499928409264895,True
12,47,0.7986440677966101,0.04864406779661017,0.8472881355932202,2.0038094156410677,9.964723645491597,100011.30135596546,648.6554075261627,784.7521151778492,313.9008460711397,313.9094283619818,2.4999316499436883,True
12,48,0.8154237288135593,0.04864406779661017,0.8640677966101694,2.0888947732157135,9.856490023300422,109970.87755065014,647.9748857622599,787.8213310541482,315.1285324216593,315.13677492033077,2.4999346117358603,True
12,49,0.8322033898305085,0.04864406779661017,0.8808474576271186,2.1757492057457077,9.750267596690694,120622.66495725389,647.1318959086843,790.8592511322971,316.3437004529189,316.35163091013857,2.4999373287787634,True
12,50,0.8489830508474576,0.04864406779661017,0.8976271186440677,2.26437271323105,9.64602288416804,131993.59602527646,646.1388450783807,793.865721541075,317.54628861643005,317.55393141626956,2.4999398306942267,True
12,51,0.8657627118644068,0.04864406779661017,0.9144067796610169,2.3547652956717404,9.543721275260195,144110.76082505833,645.0072952689676,796.8406492618524,318.736259704741,318.7436363012439,2.499942143186068,True
12,52,0.882542372881356,0.04864406779661017,0.9311864406779661,2.4469269530677784,9.443327293125238,157001.39717294555,643.748018530876,799.7839960366155,319.91359841464623,319.9207277124579,2.4999442885596794,True
12,53,0.899322033898305,0.04864406779661017,0.9479661016949151,2.5408576854191645,9.34480482516506,170692.88142958793,642.3710490873553,802.6957727986551,321.07830911946206,321.0852078055064,2.499946286173602,True
12,54,0.9161016949152542,0.04864406779661017,0.9647457627118643,2.636557492725899,9.248117324993288,185212.71991161566,640.885732455571,805.5760345855389,322.2304138342156,322.2370966665901,2.4999481528318457,True
12,55,0.9328813559322033,0.04864406779661017,0.9815254237288135,2.7340263749879816,9.153227988797363,200588.54086246452,639.3007716444627,808.4248758964221,323.3699503585689,323.37643041807155,2.4999499031245542,True
12,56,0.9496610169491525,0.04864406779661017,0.9983050847457626,2.8332643322054123,9.0600999088497,216848.08693346748,637.6242705250667,811.2424264580901,324.4969705832361,324.5032594922641,2.499951549723739,True
12,57,0.9664406779661017,0.04864406779661017,1.015084745762712,2.934271364378191,8.96869620665432,234019.20813087985,635.8637744826764,814.028847366566,325.6115389466264,325.6176470595992,2.499953103639898,True
12,58,0.9832203389830508,0.04864406779661017,1.031864406779661,3.037047471506318,8.878980147973241,252129.8551890651,634.0263084700728,816.7843275733582,326.7137310293433,326.7196675982859,2.4999545744446126,True
12,59,1.0,0.04864406779661017,1.0486440677966102,3.141592653589793,8.790915241749891,271208.07333378453,632.118412586439,819.5090806877283,327.80363227509133,327.8094055935517,2.499955970463615,True
13,0,0.01,0.05186440677966102,0.06186440677966102,0.0003141592653589793,16.554568722258708,1.5830855805270115e-07,21.02453830581949,636.9096502675667,254.7638601070267,254.7696550127705,2.49994313583241,True
13,1,0.026779661016949154,0.05186440677966102,0.07864406779661018,0.0022529939386445163,16.52134352365886,0.00011169871841486881,56.077226216140645,637.5033846425085,255.00135385700344,255.00707308295446,2.499943930712569,True
13,2,0.043559322033898305,0.05186440677966102,0.09542372881355932,0.0059609035672781455,16.475949115258054,0.0028299282305441114,90.7136665801871,638.316552211808,255.3266208847232,255.3322379204084,2.4999450026783636,True
13,3,0.06033898305084746,0.05186440677966102,0.11220338983050848,0.01143788815125987,16.418764000592997,0.024500859867141074,124.78708296638592,639.3441822343674,255.73767289374697,255.74316316574533,2.499946330217293,True
13,4,0.0771186440677966,0.05186440677966102,0.12898305084745762,0.01868394769058968,16.349515662455197,0.12366544816529879,158.14661251671058,640.5934700551239,256.2373880220496,256.22581285579406,2.500112939111467,True
13,5,0.09389830508474575,0.05186440677966102,0.14576271186440676,0.02769908218526759,16.27025104939556,0.45060389985307125,190.69398165679468,642.0300612824893,256.8120245129957,256.8007903204964,2.500109366802233,True
13,6,0.1106779661016949,0.05186440677966102,0.16254237288135592,0.03848329163529359,16.180855918144626,1.3190056914339405,222.30788996816608,643.658779456509,257.46351178260363,257.45360325267234,2.500096216656187,True
13,7,0.12745762711864406,0.05186440677966102,0.1793220338983051,0.051036576040667685,16.081949439541937,3.2983231644936617,252.89132926887675,645.4714046642848,258.18856186571395,258.18003873938653,2.500082530841356,True
13,8,0.14423728813559322,0.05186440677966102,0.19610169491525425,0.06535893540138989,15.974219059721534,7.323102422311124,282.3628426439581,647.4585537661402,258.98342150645607,258.9760759494435,2.5000709096099483,True
13,9,0.1610169491525424,0.05186440677966102,0.21288135593220342,0.08145036971746017,15.85839199029624,14.814265634902466,310.65662257934986,649.6101088075596,259.84404352302386,259.83770635568925,2.5000609723606275,True
13,10,0.17779661016949153,0.05186440677966102,0.22966101694915253,0.09931087898887854,15.73520933972468,27.806490950924694,337.7219220126972,651.915612261393,260.7662449045572,260.76077529682954,2.5000524389425656,True
13,11,0.19457627118644066,0.05186440677966102,0.2464406779661017,0.11894046321564498,15.606038073406852,49.083561422353306,363.55148765269865,654.3525998981441,261.74103995925765,261.7514897031685,2.499900194035928,True
13,12,0.21135593220338983,0.05186440677966102,0.26322033898305086,0.14033912239775956,15.47027892045433,82.27257621342532,388.0623014831527,656.9355557436508,262.7742222974603,262.78327692891986,2.499913858374424,True
13,13,0.228135593220339,0.05186440677966102,0.28,0.16350685653522223,15.329378446647052,131.99315654346643,411.27552541666716,659.640141340061,263.85605653602437,263.86390179926116,2.499925669415338,True
13,14,0.24491525423728813,0.05186440677966102,0.29677966101694914,0.18844366562803297,15.184032476519329,203.9327494839375,433.19238024874033,662.4558273763292,264.9823309505317,264.98912758323337,2.4999358781927805,True
13,15,0.26169491525423727,0.05186440677966102,0.3135593220338983,0.2151495496761918,15.034907791153149,304.933084668017,453.8240922926044,665.3723094486421,266.1489237794569,266.1548113235971,2.4999446981240827,True
13,16,0.27847457627118644,0.05186440677966102,0.33033898305084747,0.24362450867969873,14.88199505170824,442.9770338371654,473.1497215711257,668.3923327658371,267.35693310633485,267.34539360098995,2.5001079082118216,True
13,17,0.2952542372881356,0.05186440677966102,0.34711864406779663,0.2738685426385538,14.727266294699998,627.5221519149911,491.2823297595876,671.4790497993064,268.5916199197226,268.58157437760536,2.5000935055033136,True
13,18,0.31203389830508477,0.05186440677966102,0.3638983050847458,0.30588165155275693,14.570530889974696,869.1196957223235,508.2100560267002,674.6379108505913,269.8551643402365,269.8464165101303,2.5000810445272847,True
13,19,0.3288135593220339,0.05186440677966102,0.3806779661016949,0.33966383542230805,14.412306103606499,1179.6819680651424,523.9711784660911,677.8600960352447,271.1440384140979,271.13641709177153,2.5000702720277133,True
13,20,0.34559322033898304,0.05186440677966102,0.3974576271186441,0.3752150942472074,14.253067763203326,1572.4170205580147,538.6078011689406,681.1372579700588,272.45490318802354,272.448259097774,2.5000609665324305,True
13,21,0.3623728813559322,0.05186440677966102,0.41423728813559324,0.4125354280274548,14.09325060671582,2061.811079589544,552.1648593377047,684.4615359734154,273.78461438936614,273.7788174785477,2.500052934252473,True
13,22,0.3791525423728813,0.05186440677966102,0.43101694915254235,0.45162483676305026,13.933249221078094,2663.600043209602,564.6892349345977,687.8255619304019,275.1302247721608,275.12516184540874,2.5000460056680938,True
13,23,0.3959322033898305,0.05186440677966102,0.4477966101694915,0.49248332045399384,13.773937429820643,3395.2428568760847,576.2723255762214,691.2113906962237,276.4845562784895,276.49495420057946,2.4999059845222127,True
13,24,0.41271186440677965,0.05186440677966102,0.4645762711864407,0.5351108791002855,13.614528846905666,4273.8873165241785,586.8713550693443,694.6361418890684,277.8544567556274,277.8636150123664,2.49991760115175,True
13,25,0.4294915254237288,0.05186440677966102,0.48135593220338985,0.5795075127019254,13.455904479342799,5319.226501293832,596.5833319697658,698.0812666528483,279.2325066611393,279.2405874170867,2.499927654177871,True
13,26,0.446271186440678,0.05186440677966102,0.498135593220339,0.6256732212589133,13.298313929383026,6551.562414221502,605.4562057353987,701.5413269698857,280.61653078795433,280.62367520243396,2.4999363523544966,True
13,27,0.4630508474576271,0.05186440677966102,0.5149152542372881,0.6736080047712492,13.141976413452236,7992.2096014381905,613.5370243138666,705.0113204965475,282.00452819861897,282.0108590311557,2.4999438777591894,True
13,28,0.47983050847457626,0.05186440677966102,0.5316949152542373,0.7233118632389332,12.987083023491204,9663.440153008936,620.8716317885137,708.4866606566425,283.394664262657,283.4002881742278,2.499950388974487,True
13,29,0.4966101694915254,0.05186440677966102,0.5484745762711865,0.7747847966619654,12.83379897461278,11588.428967168915,627.5044338832911,711.9631553534578,284.7852621413831,284.7902717251378,2.4999560239213547,True
13,30,0.5133898305084745,0.05186440677966102,0.5652542372881355,0.8280268050403455,12.681780336262587,13789.088508621615,633.4297254485599,715.4481737972613,286.17926951890456,286.1683148339522,2.500095701414032,True
13,31,0.5301694915254237,0.05186440677966102,0.5820338983050847,0.8830378883740738,12.532172982296997,16294.335367730197,638.790163399609,718.9147073512553,287.56588294050215,287.5560050104221,2.5000858783150752,True
13,32,0.5469491525423729,0.05186440677966102,0.5988135593220338,0.9398180466631503,12.384529369132908,19127.75337812683,643.5713377479625,722.3721144306292,288.9488457722517,288.93990852552673,2.5000773279015913,True
13,33,0.563728813559322,0.05186440677966102,0.615593220338983,0.9983672799075749,12.238933371510285,22315.60913137566,647.8106741484268,725.8175379968425,290.327015198737,290.31890026018226,2.500069879523409,True
13,34,0.5805084745762712,0.05186440677966102,0.6323728813559322,1.0586855881073476,12.095452863167472,25884.823232191025,651.5437097711996,729.2484076522051,291.69936306088204,291.69196751051857,2.500063384933313,True
13,35,0.5972881355932204,0.05186440677966102,0.6491525423728813,1.1207729712624683,11.954141399374246,29862.927776540004,654.8041010149116,732.6624185694191,293.0649674277676,293.0582018311081,2.500057715469293,True
13,36,0.6140677966101695,0.05186440677966102,0.6659322033898305,1.1846294293729371,11.815039771551032,34278.02646898685,657.6236505586237,736.0575113385067,294.4230045354027,294.4167912143677,2.500052759567562,True
13,37,0.6308474576271186,0.05186440677966102,0.6827118644067796,1.2502549624387536,11.678177436146143,39158.75734643588,660.0323495649443,739.4318528137463,295.77274112549856,295.76701264235237,2.500048420571779,True
13,38,0.6476271186440677,0.05186440677966102,0.6994915254237287,1.3176495704599187,11.543573821820168,44534.25803494092,662.0584314658463,742.7838180102995,297.1135272041198,297.1082250336894,2.5000446148068587,True
13,39,0.6644067796610169,0.05186440677966102,0.7162711864406779,1.386813253436432,11.411239520324477,50434.13343730755,663.7284343211594,746.1119730735719,298.44478922942875,298.4398625974787,2.5000412698885732,True
13,40,0.6811864406779661,0.05186440677966102,0.733050847457627,1.457746011368293,11.281177367360351,56888.42572970941,665.0672692360723,749.415059323192,299.7660237292768,299.7614285972979,2.5000383232425905,True
13,41,0.6979661016949152,0.05186440677966102,0.7498305084745762,1.5304478442555023,11.153800830717476,63937.15691794164,666.1481505634442,752.6812238041748,301.0724895216699,301.0837570271342,2.499906442101232,True
13,42,0.7147457627118644,0.05186440677966102,0.7666101694915254,1.6049187520980597,11.028236310201056,71592.53800532977,666.8903632890967,755.9316741303068,302.37266965212274,302.38332113348554,2.499911937261264,True
13,43,0.7315254237288136,0.05186440677966102,0.7833898305084745,1.6811587348959653,10.904918498246897,79894.84669243557,667.367415144711,759.1541150402812,303.6616460161125,303.67174945419896,2.499916822703259,True
13,44,0.7483050847457626,0.05186440677966102,0.8001694915254236,1.7591677926492184,10.78382760573214,88875.61724447864,667.5984115254436,762.3478592731984,304.9391437092794,304.9487582375021,2.4999211791492586,True
13,45,0.7650847457627118,0.05186440677966102,0.8169491525423728,1.83894592535782,10.664940150451374,98566.7007798259,667.6012079387212,765.5123289240076,306.20493156960305,306.21410861158853,2.4999250765907957,True
13,46,0.781864406779661,0.05186440677966102,0.8337288135593219,1.92049313302177,10.548229515358367,109000.24622455038,667.3924821364368,768.6470454620872,307.4588181848349,307.46760245006243,2.499928575684417,True
13,47,0.7986440677966101,0.05186440677966102,0.8505084745762711,2.0038094156410677,10.433666445807358,120208.6826390175,666.9878040773298,771.751620534916,308.7006482139664,308.70907856860464,2.4999317289705463,True
13,48,0.8154237288135593,0.05186440677966102,0.8672881355932203,2.0888947732157135,10.321219491439214,132224.70280135676,666.4017033564264,774.8257475082837,309.9302990033135,309.9384092314402,2.4999345819372083,True
13,49,0.8322033898305085,0.05186440677966102,0.8840677966101694,2.1757492057457077,10.210855397977339,145081.24794070912,665.6477338488465,777.8691936949208,311.14767747796833,311.15549694658296,2.4999371739476612,True
13,50,0.8489830508474576,0.05186440677966102,0.9008474576271186,2.26437271323105,10.102539453813295,158811.49352127736,664.7385354052949,780.8817932244806,312.3527172897923,312.3602715294456,2.499939539048801,True
13,51,0.8657627118644068,0.05186440677966102,0.9176271186440678,2.3547652956717404,9.99623579587976,173448.83598613596,663.6858925089728,783.8634405093658,313.54537620374634,313.5526874152061,2.4999417066752,True
13,52,0.882542372881356,0.05186440677966102,0.9344067796610169,2.4469269530677784,9.891907678938257,189026.88037748128,662.5007898615684,786.8140842627535,314.7256337051014,314.7327212012226,2.499943702261921,True
13,53,0.899322033898305,0.05186440677966102,0.951186440677966,2.5408576854191645,9.789517712052008,205579.42875719978,661.1934649112735,789.7337220273171,315.89348881092684,315.9003694017929,2.4999455477776182,True
13,54,0.9161016949152542,0.05186440677966102,0.9679661016949151,2.636557492725899,9.689028065679684,223140.46935862652,659.7734573713484,792.6223951753327,317.0489580701331,317.0556463985535,2.49994726218807,True
13,55,0.9328813559322033,0.05186440677966102,0.9847457627118643,2.7340263749879816,9.59040065250756,241744.16640662402,658.2496558042917,795.4801843432264,318.19207373729057,318.1985825708793,2.49994886185903,True
13,56,0.9496610169491525,0.05186440677966102,1.0015254237288136,2.8332643322054123,9.493597284844347,261424.85054909994,656.6303413666967,798.3072052659014,319.32288210636057,319.32922259165775,2.49995036090617,True
13,57,0.9664406779661017,0.05186440677966102,1.0183050847457626,2.934271364378191,9.398579811129155,282217.0098484029,654.9232288239167,801.1036049785363,320.44144199141454,320.447623874839,2.4999517714989605,True
13,58,0.9832203389830508,0.05186440677966102,1.035084745762712,3.037047471506318,9.305310233854126,304155.2812862349,653.1355049535085,803.8695583556952,321.5478233422781,321.5538551621132,2.499953104124408,True
13,59,1.0,0.05186440677966102,1.051864406779661,3.141592653589793,9.213750810969033,327274.44273978856,651.2738644618399,806.6052649599025,322.642105983961,322.647995237051,2.4999543678158784,True
14,0,0.01,0.05508474576271186,0.06508474576271187,0.0003141592653589793,17.244600900824253,1.8639982488118058e-07,21.480040035702046,624.8476107359521,249.93904429438086,249.94658800282465,2.4999245467951363,True
14,1,0.026779661016949154,0.05508474576271186,0.08186440677966102,0.0022529939386445163,17.20897413300726,0.00013148816712247965,57.285384163830145,625.458089939939,250.1832359759756,250.19068078225192,2.4999256086772195,True
14,2,0.043559322033898305,0.05508474576271186,0.09864406779661017,0.0059609035672781455,17.160779253422675,0.0033305938277945215,92.65821132498395,626.2860184859851,250.51440739439406,250.52171995251103,2.4999270267053255,True
14,3,0.06033898305084746,0.05508474576271186,0.11542372881355932,0.01143788815125987,17.100416626935257,0.028830106747835035,127.45009404349395,627.3263786257367,250.93055145029467,250.9377008558337,2.4999287731027,True
14,4,0.0771186440677966,0.05508474576271186,0.13220338983050847,0.01868394769058968,17.02837617835358,0.14551968701789034,161.5231023491619,628.5729918847592,251.42919675390368,251.43615502271442,2.499930814754842,True
14,5,0.09389830508474575,0.05508474576271186,0.1489830508474576,0.02769908218526759,16.945221038403908,0.5301599085293606,194.75159384107093,630.018726230012,252.00749049200482,252.0141210326891,2.4999342245123297,True
14,6,0.1106779661016949,0.05508474576271186,0.16576271186440678,0.03848329163529359,16.85156249049697,1.5516773022562627,227.02323662349676,631.6558517781427,252.66234071125712,252.66800526593056,2.49994395259238,True
14,7,0.12745762711864406,0.05508474576271186,0.1825423728813559,0.051036576040667685,16.747435809660562,3.879106675237489,258.2208246170613,633.4869718639297,253.3947887455719,253.3843814415776,2.500102682966636,True
14,8,0.14423728813559322,0.05508474576271186,0.19932203389830508,0.06535893540138989,16.63504270788345,8.612163099608841,288.3063313394242,635.4766036428833,254.19064145715333,254.18168245004068,2.500088116175665,True
14,9,0.1610169491525424,0.05508474576271186,0.21610169491525424,0.08145036971746017,16.51432982507756,17.42157238398093,317.19204931199954,637.6288749993432,255.0515499997373,255.04383038741122,2.500075669467424,True
14,10,0.17779661016949153,0.05508474576271186,0.23288135593220338,0.09931087898887854,16.386064817306945,32.70052759907923,344.82727043753715,639.9334301907248,255.97337207628993,255.966718107935,2.5000649886087154,True
14,11,0.19457627118644066,0.05508474576271186,0.24966101694915252,0.11894046321564498,16.251017229226168,57.71485666430317,371.17589883282704,642.3797232306116,256.95188929224463,256.9461541665109,2.5000558008520537,True
14,12,0.21135593220338983,0.05508474576271186,0.2664406779661017,0.14033912239775956,16.110621527835992,96.7635297832445,396.2486753440277,644.9447872652053,257.9779149060821,257.9886955909337,2.4998955314221534,True
14,13,0.228135593220339,0.05508474576271186,0.2832203389830509,0.16350685653522223,15.964176631201275,155.2527593299716,419.9667310188098,647.6444775873206,259.05779103492824,259.067114439666,2.499910029059864,True
14,14,0.24491525423728813,0.05508474576271186,0.3,0.18844366562803297,15.813187888796051,239.89224197494215,442.3677812936412,650.4540711961589,260.18162847846355,260.18968900546747,2.499922551437043,True
14,15,0.26169491525423727,0.05508474576271186,0.31677966101694915,0.2151495496761918,15.658341990228303,358.7439353834671,463.46359243896177,653.363408527936,261.34536341117445,261.3523297710001,2.499933362371097,True
14,16,0.27847457627118644,0.05508474576271186,0.3335593220338983,0.24362450867969873,15.500290418700748,521.3098476796408,483.27464829417033,656.3626288235165,262.54505152940663,262.5510704094684,2.499942688482926,True
14,17,0.2952542372881356,0.05508474576271186,0.3503389830508475,0.2738685426385538,15.338971467035252,738.4574238040907,501.7846932397143,659.4552270450948,263.78209081803794,263.77049179087516,2.500109934844152,True
14,18,0.31203389830508477,0.05508474576271186,0.36711864406779665,0.30588165155275693,15.176404029050383,1022.9481179955499,519.1206771412712,662.6043378040899,265.041735121636,265.0316675778838,2.5000949654794478,True
14,19,0.3288135593220339,0.05508474576271186,0.38389830508474576,0.33966383542230805,15.012331027848322,1388.748362132275,535.2723051602732,665.8163125139216,266.32652500556867,266.3177856074584,2.500082039189481,True
14,20,0.34559322033898304,0.05508474576271186,0.4006779661016949,0.3752150942472074,14.847241471294263,1851.47317372415,550.2823062754568,669.0829220480229,267.6331688192092,267.62558027075454,2.5000708877347124,True
14,21,0.3623728813559322,0.05508474576271186,0.4174576271186441,0.4125354280274548,14.681581921015962,2428.262212091981,564.196237637985,672.3964173469027,268.95856693876107,268.9519747707173,2.500061276442099,True
14,22,0.3791525423728813,0.05508474576271186,0.4342372881355932,0.45162483676305026,14.515757508900208,3137.7490746182316,577.06159593599,675.749534732171,270.2998138928684,270.294083654619,2.5000530000339993,True
14,23,0.3959322033898305,0.05508474576271186,0.45101694915254237,0.49248332045399384,14.350739723644473,4000.696185951828,588.9768071431491,679.1230313533947,271.6492125413579,271.6606898837307,2.4998943779611826,True
14,24,0.41271186440677965,0.05508474576271186,0.46779661016949153,0.5351108791002855,14.185558991758207,5037.306981691171,599.8858985862406,682.5371388315326,273.01485553261307,273.0249071724123,2.4999079604137275,True
14,25,0.4294915254237288,0.05508474576271186,0.4845762711864407,0.5795075127019254,14.021208959569712,6271.028123592512,609.8939331272258,685.9717268920031,274.3886907568012,274.3975060333885,2.499919685161186,True
14,26,0.446271186440678,0.05508474576271186,0.5013559322033898,0.6256732212589133,13.857945159346679,7725.985916277039,619.04941159519,689.4214361240098,275.76857444960393,275.7763181577512,2.4999298008237347,True
14,27,0.4630508474576271,0.05508474576271186,0.518135593220339,0.6736080047712492,13.695991921586542,9427.533756089108,627.3999166767285,692.8813348188505,277.1525339275402,277.15934935064996,2.4999385243261165,True
14,28,0.47983050847457626,0.05508474576271186,0.5349152542372881,0.7233118632389332,13.535544708382794,11402.189238052535,634.9918102867425,696.3468994096835,278.53875976387343,278.5447713536884,2.499946044671869,True
14,29,0.4966101694915254,0.05508474576271186,0.5516949152542373,0.7747847966619654,13.376772429732501,13677.571343777012,641.8699989721749,699.8139935768482,279.9255974307393,279.93091317298206,2.4999525263020925,True
14,30,0.5133898305084745,0.05508474576271186,0.5684745762711864,0.8280268050403455,13.219288816395322,16279.723273667927,648.0257077648401,703.2906303236372,281.3162521294549,281.3049548756166,2.5001004004163674,True
14,31,0.5301694915254237,0.05508474576271186,0.5852542372881355,0.8830378883740738,13.064341916144675,19243.37662053938,653.6098672725121,706.748512025356,282.6994048101424,282.68929700916436,2.5000893896681355,True
14,32,0.5469491525423729,0.05508474576271186,0.6020338983050847,0.9398180466631503,12.911430480889642,22596.614620507,658.6041563579092,710.1977951630392,284.0791180652157,284.0700439066905,2.5000798584602624,True
14,33,0.563728813559322,0.05508474576271186,0.6188135593220339,0.9983672799075749,12.760640221475013,26370.861668685357,663.0464475691897,713.6356504133593,285.4542601653437,285.44608424287674,2.500071606539013,True
14,34,0.5805084745762712,0.05508474576271186,0.635593220338983,1.0586855881073476,12.612040421209286,30598.355504478626,666.972707739713,717.0595305197593,286.8238122079037,286.8164169457086,2.5000644598927932,True
14,35,0.5972881355932204,0.05508474576271186,0.6523728813559322,1.1207729712624683,12.465685666887088,35312.09758203343,670.4170060458936,720.4671495954809,288.1868598381924,288.18014322719796,2.5000582674687366,True
14,36,0.6140677966101695,0.05508474576271186,0.6691525423728814,1.1846294293729371,12.321617447491438,40545.80639547659,673.411541450357,723.8564633324931,289.54258533299725,289.53645894153743,2.5000528982730037,True
14,37,0.6308474576271186,0.05508474576271186,0.6859322033898304,1.2502549624387536,12.179865623015488,46333.87373544133,675.9866853307888,727.2256501955839,290.89026007823355,290.88464730600316,2.5000482388146157,True
14,38,0.6476271186440677,0.05508474576271186,0.7027118644067796,1.3176495704599187,12.04044976773321,52711.32380528652,678.1710357167857,730.5730936489384,292.22923745957536,292.22407200679703,2.5000441908562054,True
14,39,0.6644067796610169,0.05508474576271186,0.7194915254237287,1.386813253436432,11.90338039359011,59713.77509066099,679.9914801173248,733.8973654367178,293.55894617468715,293.55417070139424,2.500040669438297,True
14,40,0.6811864406779661,0.05508474576271186,0.7362711864406779,1.457746011368293,11.769110509299848,67387.72100659901,681.5254326076786,737.1861223012544,294.8744489205018,294.8857353291178,2.4999043154070897,True
14,41,0.6979661016949152,0.05508474576271186,0.7530508474576271,1.5304478442555023,11.636700528486754,75749.75130521612,682.6888932689964,740.461185915332,296.1844743661328,296.19506683520416,2.4999105954972127,True
14,42,0.7147457627118644,0.05508474576271186,0.7698305084745762,1.6049187520980597,11.506629114949062,84846.89715911976,683.5599516290756,743.709678993042,297.4838715972168,297.4938563809839,2.4999160925212993,True
14,43,0.7315254237288136,0.05508474576271186,0.7866101694915254,1.6811587348959653,11.378879980330137,94716.82642819938,684.1593218701328,746.9307927260141,298.7723170904057,298.7817688987706,2.499920913779313,True
14,44,0.7483050847457626,0.05508474576271186,0.8033898305084745,1.7591677926492184,11.25343242619696,105397.64665882834,684.5063828398299,750.123836652484,300.04953466099363,300.05851813928507,2.4999251522807353,True
14,45,0.7650847457627118,0.05508474576271186,0.8201694915254236,1.83894592535782,11.130261983722287,116927.88039494635,684.6192522334208,753.2882280675913,301.31529122703654,301.3238622532987,2.499928888586867,True
14,46,0.781864406779661,0.05508474576271186,0.8369491525423728,1.92049313302177,11.009340984784622,129346.44221401708,684.5148591035751,756.4234822464214,302.56939289856854,302.57759972011735,2.4999321924230644,True
14,47,0.7986440677966101,0.05508474576271186,0.853728813559322,2.0038094156410677,10.890639070639969,142692.61734958517,684.2090141989015,759.5292034330572,303.8116813732229,303.8195656017291,2.4999351240884486,True
14,48,0.8154237288135593,0.05508474576271186,0.8705084745762711,2.0888947732157135,10.774123643947839,157006.0417705012,683.7164777669084,762.6050765484429,305.04203061937716,305.04962810152483,2.4999377356875097,True
14,49,0.8322033898305085,0.05508474576271186,0.8872881355932203,2.1757492057457077,10.659760269542844,172326.68359562766,683.0510245676317,765.6508595702622,306.2603438281049,306.26768540689335,2.4999400722053102,True
14,50,0.8489830508474576,0.05508474576271186,0.9040677966101694,2.26437271323105,10.547513028947339,188694.82573174319,682.2255059341654,768.6663765390608,307.4665506156243,307.47366279562175,2.499942172445497,True
14,51,0.8657627118644068,0.05508474576271186,0.9208474576271186,2.3547652956717404,10.437344833229446,206151.0496311925,681.2519087889773,771.6515111463151,308.66060445852605,308.66750998681607,2.499944069848084,True
14,52,0.882542372881356,0.05508474576271186,0.9376271186440678,2.4469269530677784,10.329217698428993,224736.22007426523,680.1414115826119,774.6062008620115,309.84248034480464,309.8491987179723,2.49994579320202,True
14,53,0.899322033898305,0.05508474576271186,0.9544067796610168,2.5408576854191645,10.223092987411189,244491.4708895223,678.9044371671935,777.530431561282,311.0121726245128,311.01872053078864,2.499947367265669,True
14,54,0.9161016949152542,0.05508474576271186,0.971186440677966,2.636557492725899,10.11893162166192,265458.19153290644,677.5507026523948,780.4242326118602,312.1696930447441,312.17608474932695,2.4999488133068555,True
14,55,0.9328813559322033,0.05508474576271186,0.9879661016949152,2.7340263749879816,10.016694266214886,287678.0144536402,676.089266318456,783.2876723863574,313.315068954543,313.3213166351565,2.499950149572644,True
14,56,0.9496610169491525,0.05508474576271186,1.0047457627118643,2.8332643322054123,9.916341490599802,311192.80318161374,674.5285716808644,786.1208541655869,314.4483416662348,314.4544557051211,2.4999513916977847,True
14,57,0.9664406779661017,0.05508474576271186,1.0215254237288136,2.934271364378191,9.81783390842092,336044.64107698837,672.8764888154551,788.923912401448,315.5695649605792,315.5755541983765,2.4999525530596585,True
14,58,0.9832203389830508,0.05508474576271186,1.0383050847457627,3.037047471506318,9.721132297919555,362275.8206885241,671.1403530625743,791.6970093099935,316.6788037239974,316.68467568028507,2.499953645086591,True
14,59,1.0,0.05508474576271186,1.055084745762712,3.141592653589793,9.62619770563687,389928.83367201005,669.3270012345927,794.4403317674845,317.77613270699385,317.7818937717015,2.4999546775255244,True
15,0,0.01,0.058305084745762716,0.06830508474576272,0.0003141592653589793,17.917622092919476,2.17247305649377e-07,21.908591329969163,613.5561557099782,245.42246228399128,245.43206428265063,2.4999021929073586,True
15,1,0.026779661016949154,0.058305084745762716,0.08508474576271187,0.0022529939386445163,17.879550051287172,0.00015321210722447418,58.421399361686184,614.1829319386458,245.6731727754583,245.6826483672794,2.499903578947434,True
15,2,0.043559322033898305,0.058305084745762716,0.10186440677966102,0.0059609035672781455,17.828526764256463,0.0038800335680503934,94.48562403565397,615.0251339910056,246.01005359640226,246.01936171220984,2.499905412771755,True
15,3,0.06033898305084746,0.058305084745762716,0.11864406779661017,0.01143788815125987,17.764974521978683,0.03357977952883909,129.95137337874462,616.0776994268828,246.43107977075312,246.44018235653536,2.499907659277647,True
15,4,0.0771186440677966,0.058305084745762716,0.13542372881355932,0.01868394769058968,17.689406984072647,0.1694657370875175,164.67953890193448,617.3344308582879,246.93377234331516,246.9426349316818,2.4999102768506427,True
15,5,0.09389830508474575,0.058305084745762716,0.15220338983050846,0.02769908218526759,17.602393973185617,0.6173122251886481,198.54316309949405,618.7885069739344,247.51540278957378,247.5235070873269,2.499918146180857,True
15,6,0.1106779661016949,0.058305084745762716,0.16898305084745763,0.03848329163529359,17.504600110391205,1.8065479026224625,231.4297928822707,620.4317563149449,248.17270252597797,248.17961912071837,2.4999303267250053,True
15,7,0.12745762711864406,0.058305084745762716,0.18576271186440677,0.051036576040667685,17.396768352880294,4.516611727989302,263.24292005950343,622.2548331921176,248.90193327684707,248.90785393922167,2.499940533592242,True
15,8,0.14423728813559322,0.058305084745762716,0.20254237288135593,0.06535893540138989,17.27890603146687,10.02493433178456,293.8757452150125,624.2610147114078,249.70440588456313,249.69367003718486,2.5001074901836384,True
15,9,0.1610169491525424,0.058305084745762716,0.2193220338983051,0.08145036971746017,17.153386136094138,20.278834432844285,323.31438745329143,626.4132362969061,250.56529451876247,250.55605515243738,2.500092188615432,True
15,10,0.17779661016949153,0.058305084745762716,0.23610169491525423,0.09931087898887854,17.020129459765027,38.0633950566694,351.4818504613124,628.7160434760704,251.48641739042816,251.47846399834089,2.5000790663339596,True
15,11,0.19457627118644066,0.058305084745762716,0.2528813559322034,0.11894046321564498,16.87993032739681,67.18124027249591,378.3422874521513,631.1590033675578,252.46360134702314,252.4567562013832,2.5000677853282967,True
15,12,0.21135593220338983,0.058305084745762716,0.26966101694915257,0.14033912239775956,16.73357359101875,112.62046422829933,403.87367591324926,633.7316265289943,253.49265061159772,253.48676201056443,2.500058076021274,True
15,13,0.228135593220339,0.058305084745762716,0.28644067796610173,0.16350685653522223,16.58253578228218,180.74113410372132,428.1033672952938,636.4108200231705,254.5643280092682,254.57523058234565,2.4998929336816023,True
15,14,0.24491525423728813,0.058305084745762716,0.30322033898305084,0.18844366562803297,16.426030898274025,279.29876821495753,450.9566708519273,639.2133927182676,255.68535708730707,255.69476288121646,2.499908036893253,True
15,15,0.26169491525423727,0.058305084745762716,0.32,0.2151495496761918,16.265598364186012,417.7165176076773,472.4861498791757,642.1146065864308,256.8458426345723,256.853952297865,2.499921067369023,True
15,16,0.27847457627118644,0.058305084745762716,0.33677966101694917,0.24362450867969873,16.101907196092206,607.0799148871513,492.71286224786365,645.1047426267861,258.04189705071445,258.04888500635883,2.4999323000790703,True
15,17,0.2952542372881356,0.058305084745762716,0.35355932203389834,0.2738685426385538,15.935586314864443,860.22624911394,511.66527332146495,648.174436996685,259.269774798674,259.2757928095213,2.4999419728816363,True
15,18,0.31203389830508477,0.058305084745762716,0.3703389830508475,0.30588165155275693,15.766531644543262,1191.5787654906383,529.3315983030732,651.3276761845274,260.531070473811,260.5196588159066,2.500109508606339,True
15,19,0.3288135593220339,0.058305084745762716,0.3871186440677966,0.33966383542230805,15.596770173105273,1617.9672307188519,545.8493191567055,654.5282213091942,261.8112885236777,261.8014208138965,2.500094228955581,True
15,20,0.34559322033898304,0.058305084745762716,0.4038983050847458,0.3752150942472074,15.425992503231937,2157.480109080019,561.2096827453043,657.7830048149395,263.11320192597583,263.10467067518056,2.5000810632777193,True
15,21,0.3623728813559322,0.058305084745762716,0.42067796610169494,0.4125354280274548,15.254656382031882,2830.178895706979,575.4588287428635,661.084387850472,264.4337551401888,264.4263795563815,2.500069731921411,True
15,22,0.3791525423728813,0.058305084745762716,0.43745762711864405,0.45162483676305026,15.08317689555648,3657.8904102449924,588.6448256566678,664.4252100640924,265.770084025637,265.7637067313594,2.5000599902668807,True
15,23,0.3959322033898305,0.058305084745762716,0.4542372881355932,0.49248332045399384,14.91192803629724,4664.161905739628,600.8168921311704,667.7987877245419,267.11951508981673,267.11399924197553,2.5000516244736035,True
15,24,0.41271186440677965,0.058305084745762716,0.4710169491525424,0.5351108791002855,14.741840335639623,5875.156158589392,612.0741944170137,671.1869732313181,268.47478929252725,268.48563868869024,2.499898976010263,True
15,25,0.4294915254237288,0.058305084745762716,0.48779661016949155,0.5795075127019254,14.571934641006546,7315.866304734717,622.3615268425126,674.6094745685236,269.84378982740947,269.85323744797205,2.499912474456005,True
15,26,0.446271186440678,0.058305084745762716,0.5045762711864407,0.6256732212589133,14.403168080479148,9015.517774292008,631.7839873367639,678.0472217165287,271.2188886866115,271.2271244610019,2.4999240878432905,True
15,27,0.4630508474576271,0.058305084745762716,0.5213559322033898,0.6736080047712492,14.235769694643242,11003.933192805023,640.3896431168656,681.4953542173708,272.59814168694834,272.60533073804856,2.499934070886648,True
15,28,0.47983050847457626,0.058305084745762716,0.538135593220339,0.7233118632389332,14.069938956042007,13312.3322006599,648.22532408065,684.9494123263568,273.97976493054273,273.9860506520221,2.499942645606734,True
15,29,0.4966101694915254,0.058305084745762716,0.5549152542372882,0.7747847966619654,13.905848150934904,15973.26013158609,655.3363884642504,688.4053164939311,275.36212659757246,275.3676333715405,2.4999500052538797,True
15,30,0.5133898305084745,0.058305084745762716,0.5716949152542372,0.8280268050403455,13.743080119561114,19017.392369862737,661.712178635901,691.8714350840343,276.7485740336137,276.73720532010196,2.5001027031538694,True
15,31,0.5301694915254237,0.058305084745762716,0.5884745762711864,0.8830378883740738,13.582961698792941,22485.83562456559,667.5094128677073,695.3187620724824,278.127504828993,278.1174368549974,2.500090501103683,True
15,32,0.5469491525423729,0.058305084745762716,0.6052542372881355,0.9398180466631503,13.424948970366504,26411.70928723269,672.7070053372993,698.7579653504954,279.5031861401982,279.49424236258534,2.500079999658823,True
15,33,0.563728813559322,0.058305084745762716,0.6220338983050847,0.9983672799075749,13.269129323675916,30832.175634100724,677.3432329241579,702.186244607542,280.8744978430168,280.8665249610921,2.5000709668224594,True
15,34,0.5805084745762712,0.058305084745762716,0.6388135593220339,1.0586855881073476,13.11557331642363,35785.39276732532,681.4544510798605,705.6010771423754,282.2404308569502,282.2332958947272,2.5000632009256774,True
15,35,0.5972881355932204,0.058305084745762716,0.655593220338983,1.1207729712624683,12.964336452072251,41310.45735176861,685.0751022875686,709.0001975209649,283.600079008386,283.59366674543526,2.5000565268525237,True
15,36,0.6140677966101695,0.058305084745762716,0.6723728813559322,1.1846294293729371,12.81546082068814,47447.35062657231,688.2377439288286,712.38157813012,284.95263125204804,284.9468419637565,2.500050792704453,True
15,37,0.6308474576271186,0.058305084745762716,0.6891525423728813,1.2502549624387536,12.668976605891197,54236.88768020365,690.9730913504367,715.7434107027702,286.2973642811081,286.29211175324895,2.5000458668580405,True
15,38,0.6476271186440677,0.058305084745762716,0.7059322033898304,1.3176495704599187,12.524903462524117,61720.66992124563,693.3100725480697,719.0840888598705,287.6336355439482,287.62884533012584,2.5000416353740254,True
15,39,0.6644067796610169,0.058305084745762716,0.7227118644067796,1.386813253436432,12.383718168538245,69951.57815010594,695.3282655838942,722.3912114235337,288.9564845694135,288.96736770388907,2.4999058446065896,True
15,40,0.6811864406779661,0.058305084745762716,0.7394915254237288,1.457746011368293,12.244449494566611,78952.02305239315,696.9445596389951,725.6863451017622,290.2745380407049,290.28463076114093,2.4999130791009363,True
15,41,0.6979661016949152,0.058305084745762716,0.7562711864406779,1.5304478442555023,12.10760541424912,88775.84515162437,698.2397319029857,728.9564385753488,291.5825754301395,291.591987291266,2.4999193062435126,True
15,42,0.7147457627118644,0.058305084745762716,0.7730508474576271,1.6049187520980597,11.973174022573797,99467.38117724455,699.2361746929333,732.2005558507458,292.8802223402983,292.88904798893566,2.4999246673040703,True
15,43,0.7315254237288136,0.058305084745762716,0.7898305084745763,1.6811587348959653,11.841138191926742,111071.55953076034,699.9548593284119,735.4178886400873,294.16715545603495,294.17547652869075,2.499929284786465,True
15,44,0.7483050847457626,0.058305084745762716,0.8066101694915253,1.7591677926492184,11.711476301788235,123633.86889531469,700.4154116428329,738.607745153984,295.4430980615936,295.45098485106337,2.4999332648233197,True
15,45,0.7650847457627118,0.058305084745762716,0.8233898305084745,1.83894592535782,11.58416289174234,137200.32897514116,700.6361864822738,741.7695397314301,296.70781589257206,296.7153288106474,2.499936699275822,True
15,46,0.781864406779661,0.058305084745762716,0.8401694915254236,1.92049313302177,11.459169244442107,151817.4632031957,700.6343405304364,744.902783262823,297.96111330512923,297.96830416548323,2.4999396675732495,True
15,47,0.7986440677966101,0.058305084745762716,0.8569491525423728,2.0038094156410677,11.336463904822013,167532.27326290397,700.4259029604165,748.0070743606493,299.20282974425976,299.20974288685704,2.499942238323102,True
15,48,0.8154237288135593,0.058305084745762716,0.873728813559322,2.0888947732157135,11.216013141468435,184392.21527887014,700.0258435486526,751.0820912319191,300.43283649276765,300.4395097687097,2.499944470719354,True
15,49,0.8322033898305085,0.058305084745762716,0.8905084745762711,2.1757492057457077,11.097781355657002,202445.17754078752,699.4481379967393,754.127584206808,301.6510336827232,301.6574993162703,2.4999464157731723,True
15,50,0.8489830508474576,0.058305084745762716,0.9072881355932203,2.26437271323105,10.98173144316009,221739.4596344721,698.7058302967431,757.143368878963,302.8573475515852,302.8636328941526,2.499948117387788,True
15,51,0.8657627118644068,0.058305084745762716,0.9240677966101695,2.3547652956717404,10.867825113526532,242323.7528635421,697.8110920481939,760.1293198143567,304.0517279257427,304.05785611494673,2.4999496132966077,True
15,52,0.882542372881356,0.058305084745762716,0.9408474576271186,2.4469269530677784,10.756023171146916,264247.12185468146,696.7752786928909,763.0853647873378,305.23414591493514,305.2401364502297,2.4999509358814644,True
15,53,0.899322033898305,0.058305084745762716,0.9576271186440677,2.5408576854191645,10.646285762044728,287558.9872483733,695.6089826792185,766.0114795045032,306.4045918018013,306.4104610468825,2.499952112885921,True
15,54,0.9161016949152542,0.058305084745762716,0.9744067796610169,2.636557492725899,10.538572589981023,312309.1093854834,694.3220836030918,768.9076827791397,307.5630731116559,307.5688347326061,2.4999531680367157,True
15,55,0.9328813559322033,0.058305084745762716,0.991186440677966,2.7340263749879816,10.432843105130356,338547.5729081353,692.9237953997213,771.7740321211257,308.7096128484503,308.715278195525,2.4999541215848806,True
15,56,0.9496610169491525,0.058305084745762716,1.0079661016949153,2.8332643322054123,10.329056668276742,366324.7722006437,691.4227106802782,774.61061970941,309.844247883764,309.8498263237725,2.499954990776704,True
15,57,0.9664406779661017,0.058305084745762716,1.0247457627118643,2.934271364378191,10.227172693193372,395691.39760307956,689.826842321885,777.4175687163482,310.96702748653934,310.9725266919438,2.499955790263347,True
15,58,0.9832203389830508,0.058305084745762716,1.0415254237288136,3.037047471506318,10.127150769609209,426698.4223365741,688.1436624292835,780.1950299552491,312.07801198209967,312.08343818220897,2.4999565324569852,True
15,59,1.0,0.058305084745762716,1.0583050847457627,3.141592653589793,10.028950768922435,459397.0900848625,686.3801387922987,782.9431788245982,313.17727152983935,313.1826297288273,2.499957227840249,True
16,0,0.01,0.06152542372881356,0.07152542372881356,0.0003141592653589793,18.5739182891706,2.508690190352093e-07,22.310668750933722,602.9683295053447,241.18733180213792,241.18148844241702,2.500060570151534,True
16,1,0.026779661016949154,0.06152542372881356,0.08830508474576271,0.0022529939386445163,18.533373508278462,0.0001768824143689104,59.486656376718585,603.6107845648885,241.44431382595542,241.4385529611991,2.5000596514587836,True
16,2,0.043559322033898305,0.06152542372881356,0.10508474576271187,0.0059609035672781455,18.480401811477467,0.004479394291873813,96.20761707781003,604.4524223979303,241.78096895917213,241.7925878430408,2.4998798672451836,True
16,3,0.06033898305084746,0.06152542372881356,0.12186440677966101,0.01143788815125987,18.413646893175294,0.038759550099066446,132.3070952141991,605.516736105884,242.2066944423536,242.21805919108772,2.499882701265421,True
16,4,0.0771186440677966,0.06152542372881356,0.13864406779661015,0.01868394769058968,18.33455391039573,0.19557358659869428,167.65079127574313,606.7831087938556,242.71324351754225,242.72431245222597,2.499885992728006,True
16,5,0.09389830508474575,0.06152542372881356,0.15542372881355931,0.02769908218526759,18.243690736021378,0.7123094987005891,202.11041000662922,608.2451435359917,243.29805741439668,243.3077992295754,2.499899902354039,True
16,6,0.1106779661016949,0.06152542372881356,0.17220338983050848,0.03848329163529359,18.1417900951422,2.084304938401224,235.5737916031824,609.8940191752985,243.9576076701194,243.96591363542362,2.4999148860062,True
16,7,0.12745762711864406,0.06152542372881356,0.18898305084745762,0.051036576040667685,18.02960792397337,5.210549973982516,267.9439287637415,611.7206667290137,244.6882666916055,244.69536947083776,2.499927432431112,True
16,8,0.14423728813559322,0.06152542372881356,0.20576271186440678,0.06535893540138989,17.907919578769775,11.566370687417745,299.13921256919946,613.7157536947748,245.48630147790993,245.49238453657364,2.4999380524708004,True
16,9,0.1610169491525424,0.06152542372881356,0.22254237288135595,0.08145036971746017,17.77674074684248,23.3911777098643,329.06477708035624,615.8825261334479,246.35301045337917,246.3421196879877,2.5001105247998723,True
16,10,0.17779661016949153,0.06152542372881356,0.2393220338983051,0.09931087898887854,17.638575743813053,43.90461200116774,357.7305516303397,618.1829591455229,247.27318365820918,247.2638210606651,2.5000946620243907,True
16,11,0.19457627118644066,0.06152542372881356,0.25610169491525425,0.11894046321564498,17.493318666890698,77.49153229380772,385.07011831966065,620.6219380513588,248.24877522054354,248.24072898106135,2.5000810326282394,True
16,12,0.21135593220338983,0.06152542372881356,0.2728813559322034,0.14033912239775956,17.341777161469818,129.90830806031136,411.06184899047304,623.1890939683857,249.27563758735428,249.26872701857917,2.5000693084212546,True
16,13,0.228135593220339,0.06152542372881356,0.2896610169491526,0.16350685653522223,17.184739053906885,208.46108703099938,435.6968889391107,625.8741177717121,250.34964710868485,250.34371691408847,2.5000592205255785,True
16,14,0.24491525423728813,0.06152542372881356,0.3064406779661017,0.18844366562803297,17.023697351909043,322.22114588118063,459.017392861511,628.6541443020255,251.46165772081022,251.4724805774897,2.499892405158463,True
16,15,0.26169491525423727,0.06152542372881356,0.3232203389830508,0.2151495496761918,16.857801895251736,481.95362928165866,480.95307204927764,631.5464980020706,252.61859920082827,252.6279077445815,2.49990788286381,True
16,16,0.27847457627118644,0.06152542372881356,0.33999999999999997,0.24362450867969873,16.6886013854743,700.5132487645195,501.5693176345194,634.5267740161709,253.81070960646835,253.81870830370246,2.4999212164334974,True
16,17,0.2952542372881356,0.06152542372881356,0.35677966101694913,0.2738685426385538,16.516740020029637,992.745287121474,520.8951714887658,637.585745235127,255.0342980940508,255.041164836361,2.4999326898628835,True
16,18,0.31203389830508477,0.06152542372881356,0.3735593220338983,0.30588165155275693,16.342818268691072,1375.58012927485,538.9657982856055,640.7145802999418,256.2858321199767,256.2917217110175,2.4999425499290275,True
16,19,0.3288135593220339,0.06152542372881356,0.39033898305084747,0.33966383542230805,16.166701672022395,1867.7413248382404,555.7738308033099,643.9174933756839,257.56699735027354,257.55600432975245,2.500106705147,True
16,20,0.34559322033898304,0.06152542372881356,0.40711864406779663,0.3752150942472074,15.990386367662007,2490.9795754922898,571.4637096501316,647.1594812609161,258.8637925043665,258.8543327898528,2.5000913613692664,True
16,21,0.3623728813559322,0.06152542372881356,0.4238983050847458,0.4125354280274548,15.813526653368491,3268.2789000594626,586.0284306897978,650.4477374859767,260.1790949943907,260.1709596767127,2.500078172806912,True
16,22,0.3791525423728813,0.06152542372881356,0.44067796610169485,0.45162483676305026,15.636547024502967,4224.962057046742,599.516596030905,653.7752035098716,261.5100814039487,261.5030886013838,2.5000668520073916,True
16,23,0.3959322033898305,0.06152542372881356,0.457457627118644,0.49248332045399384,15.459829778422485,5388.3680466580445,611.9779426509143,657.1352904775491,262.85411619101967,262.8481077295901,2.5000571476572673,True
16,24,0.41271186440677965,0.06152542372881356,0.4742372881355932,0.5351108791002855,15.284384289454506,6788.977909277924,623.5171132127111,660.5089679029492,264.20358716117966,264.2151220108058,2.4998908574049588,True
16,25,0.4294915254237288,0.06152542372881356,0.49101694915254235,0.5795075127019254,15.109079645362621,8455.687881102456,634.0684540773569,663.9181863519626,265.56727454078504,265.5772363020788,2.499906225384445,True
16,26,0.446271186440678,0.06152542372881356,0.5077966101694915,0.6256732212589133,14.934967506151853,10422.590790978747,643.7436209073177,667.3427232141308,266.93708928565235,266.945694415246,2.499919411234441,True
16,27,0.4630508474576271,0.06152542372881356,0.5245762711864407,0.6736080047712492,14.762281246978542,12724.421065002072,652.591120946439,670.7777894260172,268.3111157704069,268.3185524581852,2.499930710272266,True
16,28,0.47983050847457626,0.06152542372881356,0.5413559322033898,0.7233118632389332,14.591224016671235,15397.570258966209,660.6582079159621,674.2189894072313,269.68759576289256,269.6940274236315,2.499940380022498,True
16,29,0.4966101694915254,0.06152542372881356,0.558135593220339,0.7747847966619654,14.421971181906413,18480.006829714126,667.9906482339259,677.6623009039287,271.06492036157147,271.0704887194741,2.4999486447424712,True
16,30,0.5133898305084745,0.06152542372881356,0.5749152542372881,0.8280268050403455,14.254089295005727,22007.593418886172,674.5773249401169,681.1161236396196,272.4464494558478,272.4352987882467,2.5001023239981266,True
16,31,0.5301694915254237,0.06152542372881356,0.5916949152542372,0.8830378883740738,14.088954271931728,26028.32168184784,680.5778002893223,684.5513941413352,273.8205576565341,273.81081743038726,2.5000889320794393,True
16,32,0.5469491525423729,0.06152542372881356,0.6084745762711864,0.9398180466631503,13.925993780866513,30580.93232133889,685.9696077162034,687.9789688252841,275.1915875301137,275.1830595417878,2.500077475593338,True
16,33,0.563728813559322,0.06152542372881356,0.6252542372881356,0.9983672799075749,13.765296746046067,35708.925031023,690.7913909104905,691.3960772699212,276.5584309079685,276.55094314997353,2.5000676887765203,True
16,34,0.5805084745762712,0.06152542372881356,0.6420338983050847,1.0586855881073476,13.606934876375359,41457.00225299204,695.0798577588075,694.800222329137,277.9200889316548,277.9134923207626,2.5000593405058993,True
16,35,0.5972881355932204,0.06152542372881356,0.6588135593220339,1.1207729712624683,13.450964487411532,47871.00377288614,698.8697892531496,698.1891601277907,279.2756640511163,279.2698295448457,2.500052230008878,True
16,36,0.6140677966101695,0.06152542372881356,0.6755932203389831,1.1846294293729371,13.29742818256064,54997.84491196667,702.1940678077751,701.5608809438337,280.6243523775335,280.6191684355253,2.5000461830711447,True
16,37,0.6308474576271186,0.06152542372881356,0.6923728813559321,1.2502549624387536,13.14687520725925,62895.38581132837,705.1393730374724,704.9020169280644,281.9608067712258,281.97193413610404,2.499901343329502,True
16,38,0.6476271186440677,0.06152542372881356,0.7091525423728813,1.3176495704599187,12.998229994856292,71592.89949627992,707.6181885688407,708.2352997598263,283.2941199039305,283.3041717982822,2.49991129768503,True
16,39,0.6644067796610169,0.06152542372881356,0.7259322033898304,1.386813253436432,12.852088195426209,81149.91454669092,709.7198901123954,711.5463863614717,284.6185545445887,284.6276917879863,2.499919743900003,True
16,40,0.6811864406779661,0.06152542372881356,0.7427118644067796,1.457746011368293,12.708450333340817,91617.11036848967,711.4701984998896,714.8340573213404,285.9336229285362,285.9419845580302,2.4999268940034556,True
16,41,0.6979661016949152,0.06152542372881356,0.7594915254237288,1.5304478442555023,12.567309871954446,103045.98485398936,712.8932535066709,718.0972433941897,287.2388973576759,287.2466033560108,2.49993293220664,True
16,42,0.7147457627118644,0.06152542372881356,0.7762711864406779,1.6049187520980597,12.428654134916854,115488.81236660137,714.0116888670647,721.3350127783988,288.53400511135953,288.5411588091321,2.4999380183939603,True
16,43,0.7315254237288136,0.06152542372881356,0.7930508474576271,1.6811587348959653,12.292465134928117,128998.60449795295,714.8467082136964,724.5465592858272,289.8186237143309,289.8253139035693,2.499942291193027,True
16,44,0.7483050847457626,0.06152542372881356,0.8098305084745762,1.7591677926492184,12.158720317231273,143629.07341073512,715.4181608554799,727.7311913687163,291.0924765474865,291.09877934002293,2.4999458706718842,True
16,45,0.7650847457627118,0.06152542372881356,0.8266101694915253,1.83894592535782,12.027393224922495,159434.59758341772,715.7446165395444,730.8883219636454,292.35532878545814,292.3613092457923,2.4999488607063842,True
16,46,0.781864406779661,0.06152542372881356,0.8433898305084745,1.92049313302177,11.898454092859115,176470.1897788467,715.8434385365291,734.0174591097542,293.6069836439017,293.61269722293554,2.499951351056273,True
16,47,0.7986440677966101,0.06152542372881356,0.8601694915254237,2.0038094156410677,11.77187037658743,194791.46706665496,715.7308545505686,737.1181972969785,294.8472789187914,294.8527727118655,2.4999534191842288,True
16,48,0.8154237288135593,0.06152542372881356,0.8769491525423728,2.0888947732157135,11.647607222319726,214454.62273871747,715.4220250894722,740.1902094996075,296.076083799843,296.08139764984446,2.499955131848508,True
16,49,0.8322033898305085,0.06152542372881356,0.893728813559322,2.1757492057457077,11.525627883578403,235516.399966873,714.9311090406693,743.233239850831,297.29329594033237,297.2984634042822,2.4999565464963167,True
16,50,0.8489830508474576,0.06152542372881356,0.9105084745762712,2.26437271323105,11.40589408971143,258034.0670626348,714.2713262884432,746.2470969148794,298.4988387659518,298.5038879613637,2.499957712482018,True
16,51,0.8657627118644068,0.06152542372881356,0.9272881355932203,2.3547652956717404,11.288366371072224,282065.3942089583,713.455017280235,749.2316475147635,299.6926590059054,299.69761335132773,2.4999586721314953,True
16,52,0.882542372881356,0.06152542372881356,0.9440677966101695,2.4469269530677784,11.17300434526027,307668.6315443844,712.4936995077242,752.186811075335,300.874724430134,300.879603292609,2.4999594616715326,True
16,53,0.899322033898305,0.06152542372881356,0.9608474576271185,2.5408576854191645,11.059766968438526,334902.4884897225,711.3981209139756,755.1125544432894,302.04502177731575,302.0498410380049,2.4999601120408426,True
16,54,0.9161016949152542,0.06152542372881356,0.9776271186440677,2.636557492725899,10.948612755384314,363826.11421682977,710.1783102734056,758.0088871477834,303.20355485911335,303.20832740701405,2.499960649597411,True
16,55,0.9328813559322033,0.06152542372881356,0.9944067796610169,2.7340263749879816,10.839499971591914,394499.07916770474,708.8436246181459,760.8758570674763,304.3503428269905,304.3550789894993,2.499961096735066,True
16,56,0.9496610169491525,0.06152542372881356,1.011186440677966,2.8332643322054123,10.732386800432824,426981.3575405119,707.4027938046625,763.7135464718931,305.4854185887572,305.4901265067958,2.499961472420628,True
16,57,0.9664406779661017,0.06152542372881356,1.0279661016949153,2.934271364378191,10.627231488087537,461333.3106665529,705.8639623286472,766.5220684071528,306.6088273628611,306.6135133173663,2.4999617926615945,True
16,58,0.9832203389830508,0.06152542372881356,1.0447457627118644,3.037047471506318,10.523992468696393,497615.67120932124,704.2347285061339,769.3015633981362,307.7206253592545,307.72529405501683,2.4999620709131443,True
16,59,1.0,0.06152542372881356,1.0615254237288136,3.141592653589793,10.422628471931347,535889.5281230744,702.5221811447491,772.0521964411734,308.82087857646934,308.82553338859196,2.499962318432097,True
17,0,0.01,0.0647457627118644,0.0747457627118644,0.0003141592653589793,19.216134496201928,2.874067925425133e-07,22.69242185459212,592.9887814925142,237.19551259700572,237.1882414139302,2.5000766393712452,True
17,1,0.026779661016949154,0.0647457627118644,0.09152542372881356,0.0022529939386445163,19.173064884932575,0.00020259695438865178,60.49743315286805,593.6466882527051,237.45867530108205,237.4515072360948,2.5000754687248636,True
17,2,0.043559322033898305,0.0647457627118644,0.1083050847457627,0.0059609035672781455,19.116327010975912,0.005128512968227848,97.82251020179764,594.515837476774,237.80633499070962,237.7993011094119,2.500073947665793,True
17,3,0.06033898305084746,0.0647457627118644,0.12508474576271186,0.01143788815125987,19.046386649797615,0.04436800184649906,134.51538787922155,595.5910896926385,238.23643587705544,238.22956482836932,2.500072105331375,True
17,4,0.0771186440677966,0.0647457627118644,0.141864406779661,0.01868394769058968,18.963804000535294,0.22383636334139356,170.4351197697009,596.8662213586404,238.74648854345617,238.7398061378057,2.50006997582178,True
17,5,0.09389830508474575,0.0647457627118644,0.15864406779661017,0.02769908218526759,18.87017369519858,0.8153076561259053,205.4746917698816,598.3192176375372,239.3276870550149,239.3392278514904,2.4998794514737606,True
17,6,0.1106779661016949,0.0647457627118644,0.1754237288135593,0.03848329163529359,18.764191391874007,2.3853940007561425,239.48023009421885,599.9733117899755,239.9893247159902,239.9991551421626,2.499897599366896,True
17,7,0.12745762711864406,0.0647457627118644,0.19220338983050844,0.051036576040667685,18.64769711138098,5.962649225689748,272.3736125006365,601.8031102596611,240.72124410386448,240.7296422155651,2.4999127848192755,True
17,8,0.14423728813559322,0.0647457627118644,0.2089830508474576,0.06535893540138989,18.521490603779256,13.234889138724993,304.0732449498066,603.7993612173137,241.5197444869255,241.52692938611403,2.4999256304544715,True
17,9,0.1610169491525424,0.0647457627118644,0.22576271186440677,0.08145036971746017,18.386397550755664,26.768874898933493,334.51351984085153,605.9523739599664,242.38094958398656,242.38709938062362,2.4999365705038263,True
17,10,0.17779661016949153,0.0647457627118644,0.24254237288135594,0.09931087898887854,18.242440388448074,50.23285117479134,363.611941109934,608.2653162939287,243.30612651757147,243.2952507810004,2.5001117545095535,True
17,11,0.19457627118644066,0.0647457627118644,0.25932203389830505,0.11894046321564498,18.09221197886249,88.66089042976795,391.4010627721062,610.6998125420131,244.27992501680524,244.2705920013928,2.500095519228655,True
17,12,0.21135593220338983,0.0647457627118644,0.2761016949152542,0.14033912239775956,17.935581105374013,148.6361097528886,417.82472429841306,613.2609860517387,245.30439442069547,245.29639185012243,2.5000815602148965,True
17,13,0.228135593220339,0.0647457627118644,0.2928813559322034,0.16350685653522223,17.773356281000147,238.523414453647,442.87455686768203,615.9386523327968,246.37546093311872,246.3686064409829,2.500069555251325,True
17,14,0.24491525423728813,0.0647457627118644,0.30966101694915255,0.18844366562803297,17.606317128570044,368.64857493662794,466.5537289316176,618.7227849690217,247.4891139876087,247.48325011830445,2.500059235011879,True
17,15,0.26169491525423727,0.0647457627118644,0.32644067796610166,0.2151495496761918,17.435948274988746,551.5485653758357,488.91708905194776,621.5910702415496,248.63642809661985,248.6469824640816,2.499893882007363,True
17,16,0.27847457627118644,0.0647457627118644,0.3432203389830508,0.24362450867969873,17.261358863952807,801.7454688695847,509.8991689201347,624.5609088698021,249.82436354792085,249.83340663698766,2.499909508808404,True
17,17,0.2952542372881356,0.0647457627118644,0.36,0.2738685426385538,17.084082790491642,1136.3370631907069,529.5759608099859,627.6085485107106,251.04341940428426,251.05115715296876,2.4999229464945287,True
17,18,0.31203389830508477,0.0647457627118644,0.37677966101694915,0.30588165155275693,16.904733698010496,1574.749295540846,547.9831862521714,630.7252880888433,252.29011523553731,252.29672686129294,2.4999344856170165,True
17,19,0.3288135593220339,0.0647457627118644,0.39355932203389826,0.33966383542230805,16.72387905615419,2138.84396927309,565.1614668449034,633.9028490784617,253.5611396313847,253.56678105207953,2.4999443793399174,True
17,20,0.34559322033898304,0.0647457627118644,0.41033898305084743,0.3752150942472074,16.541367346314704,2852.462622803189,581.1079488262303,637.1454133189114,254.8581653275646,254.84780250039344,2.5001016570191057,True
17,21,0.3623728813559322,0.0647457627118644,0.4271186440677966,0.4125354280274548,16.35912584799037,3743.213030517378,595.9703654253517,640.4197751108139,256.1679100443256,256.1590491661363,2.500086478285836,True
17,22,0.3791525423728813,0.0647457627118644,0.4438983050847457,0.45162483676305026,16.176789681901305,4839.814860249055,609.743865741266,643.7330794819724,257.49323179278895,257.48566499810727,2.5000734681159993,True
17,23,0.3959322033898305,0.0647457627118644,0.46067796610169487,0.49248332045399384,15.994748986963113,6173.737168344183,622.4786689004546,647.0788309342412,258.83153237369646,258.8250788542064,2.500062334758272,True
17,24,0.41271186440677965,0.0647457627118644,0.47745762711864403,0.5351108791002855,15.81335272755652,7778.725297111189,634.2254415745103,650.450989272145,260.180395708858,260.1748983869674,2.5000528233308117,True
17,25,0.4294915254237288,0.0647457627118644,0.4942372881355932,0.5795075127019254,15.633529366794354,9692.259575724385,645.085760555034,653.83226421775,261.5329056871,261.5432502936938,2.4999011195415846,True
17,26,0.446271186440678,0.0647457627118644,0.5110169491525424,0.6256732212589133,15.454217238225578,11949.41405194159,655.0005460860909,657.2426289540927,262.8970515816371,262.90589071976905,2.499915947697979,True
17,27,0.4630508474576271,0.0647457627118644,0.5277966101694915,0.6736080047712492,15.276388792011064,14591.735303293177,664.0776716153024,660.6636222968829,264.2654489187532,264.27299498493875,2.4999286148572804,True
17,28,0.47983050847457626,0.0647457627118644,0.5445762711864407,0.7233118632389332,15.10025054175015,17661.26903790226,672.3647753255505,664.0909128159548,265.6363651263819,265.642802563544,2.499939416416519,True
17,29,0.4966101694915254,0.0647457627118644,0.5613559322033899,0.7747847966619654,14.925980658894053,21201.917087939597,679.9079930562893,667.5205357222827,267.0082142889131,267.0137030505753,2.4999486097380066,True
17,30,0.5133898305084745,0.0647457627118644,0.5781355932203389,0.8280268050403455,14.753147053931054,25255.34693750328,686.6973847023656,670.9605688900174,268.384227556007,268.3735975616254,2.5000990223561312,True
17,31,0.5301694915254237,0.0647457627118644,0.5949152542372881,0.8830378883740738,14.583138909767415,29876.875531306232,692.891999947548,674.382600087506,269.7530400350024,269.74392856548116,2.500084445547762,True
17,32,0.5469491525423729,0.0647457627118644,0.6116949152542372,0.9398180466631503,14.415372842241991,35111.505570115434,698.4695890089424,677.7973217125169,271.1189286850068,271.1111150131284,2.5000720523011197,True
17,33,0.563728813559322,0.0647457627118644,0.6284745762711864,0.9983672799075749,14.249939178902773,41009.691923339786,703.4691291088557,681.2019937831077,272.4807975132431,272.4740901620957,2.5000615411830847,True
17,34,0.5805084745762712,0.0647457627118644,0.6452542372881356,1.0586855881073476,14.086910667218751,47623.32480887644,707.9276484808837,684.5941453856449,273.83765815425795,273.83189126340767,2.500052649919844,True
17,35,0.5972881355932204,0.0647457627118644,0.6620338983050847,1.1207729712624683,13.926931852066415,55014.938472072936,711.9403014252665,687.9591302926996,275.1836521170798,275.1952613301563,2.499894536582676,True
17,36,0.6140677966101695,0.0647457627118644,0.6788135593220339,1.1846294293729371,13.76878575851076,63220.456553775075,715.4122893996158,691.321489827832,276.5285959311328,276.53868890752136,2.499908756199463,True
17,37,0.6308474576271186,0.0647457627118644,0.695593220338983,1.2502549624387536,13.613189650204742,72304.97875022408,718.4440227751558,694.6650712924003,277.8660285169601,277.8748401570501,2.4999207229405425,True
17,38,0.6476271186440677,0.0647457627118644,0.7123728813559321,1.3176495704599187,13.460161023718879,82325.44826393641,721.0648507873154,697.9883296042773,279.1953318417109,279.2030656663886,2.499930750897566,True
17,39,0.6644067796610169,0.0647457627118644,0.7291525423728813,1.386813253436432,13.309708017512438,93339.91284773307,723.302391210176,701.2898948712627,280.5159579485051,280.5227899597121,2.4999391135813958,True
17,40,0.6811864406779661,0.0647457627118644,0.7459322033898305,1.457746011368293,13.161830560221935,105407.46971206485,725.1825994086793,704.5685581186658,281.82742324746636,281.8335053357113,2.4999460489248984,True
17,41,0.6979661016949152,0.0647457627118644,0.7627118644067796,1.5304478442555023,13.016521409692245,118588.21390892175,726.7298413279069,707.8232579361201,283.129303174448,283.1347661243555,2.499951763695587,True
17,42,0.7147457627118644,0.0647457627118644,0.7794915254237288,1.6049187520980597,12.873767090228116,132943.19000221923,727.9669687486208,711.0530680240553,284.42122720962215,284.426183349116,2.499956437383546,True
17,43,0.7315254237288136,0.0647457627118644,0.796271186440678,1.6811587348959653,12.733053890606433,148511.2590919239,728.8587430423422,714.2685494459893,285.7074197783957,285.6963167550209,2.5000971575649005,True
17,44,0.7483050847457626,0.0647457627118644,0.813050847457627,1.7591677926492184,12.595388212657943,165400.61317943176,729.5425063669613,717.4454633696992,286.9781853478797,286.96782719572997,2.500090237921886,True
17,45,0.7650847457627118,0.0647457627118644,0.8298305084745762,1.83894592535782,12.460199294478302,183652.34768016633,729.9755425181379,720.5955823356418,288.2382329342567,288.22845583736597,2.5000848033625127,True
17,46,0.781864406779661,0.0647457627118644,0.8466101694915253,1.92049313302177,12.327457689765392,203330.85081511183,730.1755277930513,723.7183861501911,289.48735446007646,289.4780182973504,2.5000806292890645,True
17,47,0.7986440677966101,0.0647457627118644,0.8633898305084745,2.0038094156410677,12.197130938042427,224501.26241117256,730.1589807853276,726.8134432732678,290.72537730930713,290.71636273499314,2.5000775203554864,True
17,48,0.8154237288135593,0.0647457627118644,0.8801694915254237,2.0888947732157135,12.06918406965534,247229.44133249312,729.9413325046612,729.8804025832951,291.9521610333181,291.9433668958073,2.5000753068789012,True
17,49,0.8322033898305085,0.0647457627118644,0.8969491525423728,2.1757492057457077,11.943580052938621,271581.93483816506,729.5369935821989,732.9189858186245,293.1675943274498,293.1589353883128,2.5000738416784527,True
17,50,0.8489830508474576,0.0647457627118644,0.913728813559322,2.26437271323105,11.820280189302823,297625.9497141238,728.9594183984682,735.9289806474403,294.37159225897614,294.36299717831685,2.500072997291963,True
17,51,0.8657627118644068,0.0647457627118644,0.9305084745762712,2.3547652956717404,11.699244461522344,325429.32503832976,728.2211660450079,738.9102343201181,295.5640937280472,295.5555032860136,2.500072663526293,True
17,52,0.882542372881356,0.0647457627118644,0.9472881355932203,2.4469269530677784,11.580431840048286,355060.5064494711,727.3339580901893,741.8626478602349,296.745059144094,296.736424671722,2.5000727453023464,True
17,53,0.899322033898305,0.0647457627118644,0.9640677966101694,2.5408576854191645,11.463800551739713,386588.52180005424,726.3087331662099,744.7861707527987,297.9144683011195,297.90575029667485,2.5000731607600386,True
17,54,0.9161016949152542,0.0647457627118644,0.9808474576271186,2.636557492725899,11.349308315002924,420082.95808501064,725.155698430371,747.6807960906664,299.0723184362666,299.0634853459091,2.5000738395925137,True
17,55,0.9328813559322033,0.0647457627118644,0.9976271186440677,2.7340263749879816,11.236912544949012,455613.93954624195,723.8843779807672,750.546556142634,300.21862245705364,300.20964960102157,2.500074721582434,True
17,56,0.9496610169491525,0.0647457627118644,1.014406779661017,2.8332643322054123,11.12657053183234,493252.1068626057,722.5036583268655,753.3835183090564,301.35340732362255,301.34427595124424,2.5000757553163195,True
17,57,0.9664406779661017,0.0647457627118644,1.031186440677966,2.934271364378191,11.018239595708943,533068.5973427889,721.0218310295277,756.1917814332763,302.4767125733105,302.4674090320313,2.5000768970556946,True
17,58,0.9832203389830508,0.0647457627118644,1.0479661016949153,3.037047471506318,10.91187721996054,575135.0260463326,719.4466326347867,758.9714724393726,303.5885889757491,303.5791039810327,2.50007810974629,True
17,59,1.0,0.0647457627118644,1.0647457627118644,3.141592653589793,10.807441166057787,619523.4677644919,717.7852820312454,761.7227432690065,304.6890973076026,304.67942530205295,2.5000793621487576,True
18,0,0.01,0.06796610169491525,0.07796610169491525,0.0003141592653589793,19.844512886099665,3.268847655591391e-07,23.05412614954615,583.5690615265703,233.42762461062813,233.41872098071,2.500095361137709,True
18,1,0.026779661016949154,0.06796610169491525,0.09474576271186441,0.0022529939386445163,19.798878960714678,0.00023037171046067734,61.45455183625683,584.2420560188222,233.69682240752888,233.68804562959141,2.500093894168974,True
18,2,0.043559322033898305,0.06796610169491525,0.11152542372881355,0.0059609035672781455,19.7392367523532,0.00583035605507987,99.35954705143612,585.1242175300744,234.04968701202975,234.041074019677,2.5000920029997813,True
18,3,0.06033898305084746,0.06796610169491525,0.12830508474576272,0.01143788815125987,19.6660739735267,0.050430138186270776,136.61585438294915,586.2103691412946,234.48414765651785,234.4757324988727,2.5000897231192694,True
18,4,0.0771186440677966,0.06796610169491525,0.14508474576271185,0.01868394769058968,19.57998764087706,0.25437736389068444,173.08203431356037,587.4940715293113,234.99762861172454,234.98968561876495,2.5000845036340498,True
18,5,0.09389830508474575,0.06796610169491525,0.16186440677966102,0.02769908218526759,19.481670673823363,0.9262382674635842,208.63056182552026,588.9677378498128,235.58709513992514,235.58038448186267,2.5000712141004144,True
18,6,0.1106779661016949,0.06796610169491525,0.17864406779661016,0.03848329163529359,19.372745172556343,2.7102251424094983,243.17071997085264,590.6099368523347,236.2439747409339,236.2554615796566,2.499878448961075,True
18,7,0.12745762711864406,0.06796610169491525,0.1954237288135593,0.051036576040667685,19.251973496755102,6.773910524901952,276.55665809036753,592.4425460398533,236.9770184159413,236.98682215976788,2.499896579230258,True
18,8,0.14423728813559322,0.06796610169491525,0.21220338983050846,0.06535893540138989,19.12129532717112,15.034389659295533,308.7307913829795,594.4396176760266,237.77584707041066,237.78422593821875,2.4999119068162003,True
18,9,0.1610169491525424,0.06796610169491525,0.22898305084745763,0.08145036971746017,18.98155970157145,30.406827771945835,339.62774646758106,596.591555060365,238.636622024146,238.64378577345963,2.4999249535317833,True
18,10,0.17779661016949153,0.06796610169491525,0.2457627118644068,0.09931087898887854,18.833627194241224,57.06790948918261,369.1978767808576,598.8884750791416,239.55539003165666,239.56151283680543,2.499936104039874,True
18,11,0.19457627118644066,0.06796610169491525,0.2625423728813559,0.11894046321564498,18.677526368187685,100.7031026343394,397.3711856414098,601.333408510145,240.533363404058,240.5226635812072,2.5001112142894506,True
18,12,0.21135593220338983,0.06796610169491525,0.27932203389830507,0.14033912239775956,18.515894908043435,168.82678487348858,424.2009487406585,603.8882073995414,241.5552829598166,241.54612353047762,2.500094800003464,True
18,13,0.228135593220339,0.06796610169491525,0.29610169491525423,0.16350685653522223,18.348579620048604,270.933703561738,449.6408178845195,606.5581159158475,242.623246366339,242.61541574333376,2.5000806896686805,True
18,14,0.24491525423728813,0.06796610169491525,0.3128813559322034,0.18844366562803297,18.176378671100956,418.7626370772703,473.69449590946,609.3332334734656,243.73329338938626,243.72660894234738,2.5000685650108934,True
18,15,0.26169491525423727,0.06796610169491525,0.3296610169491525,0.2151495496761918,18.00005369713178,626.4648004791394,496.37587432708784,612.2038981019497,244.8815592407799,244.87586283043098,2.5000581561028827,True
18,16,0.27847457627118644,0.06796610169491525,0.3464406779661017,0.24362450867969873,17.821057510642866,910.8995226497808,517.7501990991126,615.1486362932989,246.05945451731955,246.06956808196423,2.4998972489292,True
18,17,0.2952542372881356,0.06796610169491525,0.36322033898305084,0.2738685426385538,17.638483617162706,1291.176124199439,537.7574186879691,618.1844993477931,247.27379973911727,247.28242375127925,2.4999128121195273,True
18,18,0.31203389830508477,0.06796610169491525,0.38,0.30588165155275693,17.453828374878054,1789.5378680195222,556.4817916558156,621.2886731016821,248.51546924067284,248.52280892179638,2.499926166926535,True
18,19,0.3288135593220339,0.06796610169491525,0.3967796610169491,0.33966383542230805,17.26767049799673,2430.8941153213445,573.9644622403952,624.4530018823358,249.78120075293432,249.78743466759175,2.499937607803754,True
18,20,0.34559322033898304,0.06796610169491525,0.4135593220338983,0.3752150942472074,17.07977712370831,3242.3741883392754,590.1975358304338,627.6829761283124,251.07319045132496,251.06195958811463,2.500111833581128,True
18,21,0.3623728813559322,0.06796610169491525,0.43033898305084745,0.4125354280274548,16.89228586964943,4255.571191149699,605.3413115926634,630.9428706794259,252.37714827177038,252.3676051377969,2.5000945360436444,True
18,22,0.3791525423728813,0.06796610169491525,0.44711864406779656,0.45162483676305026,16.704726847510035,5503.22039745617,619.3847507936157,634.2414098375484,253.69656393501938,253.68847330117194,2.5000797300104156,True
18,23,0.3959322033898305,0.06796610169491525,0.4638983050847457,0.49248332045399384,16.517497607556272,7021.266076310787,632.3785221185605,637.5721897427708,255.02887589710832,255.02203310134962,2.5000670804368887,True
18,24,0.41271186440677965,0.06796610169491525,0.4806779661016949,0.5351108791002855,16.330953582817138,8848.27841395415,644.3737231954545,640.9292552601243,256.3717021040497,256.36592930187385,2.500056294553176,True
18,25,0.4294915254237288,0.06796610169491525,0.49745762711864405,0.5795075127019254,16.146073675962885,11027.183997410479,655.4751596289209,644.294945208691,257.71797808347645,257.7285638685079,2.499897316532629,True
18,26,0.446271186440678,0.06796610169491525,0.5142372881355932,0.6256732212589133,15.961696978207419,13597.992766687315,665.617528671663,647.6904035275497,259.0761614110199,259.08508922131193,2.4999138525269933,True
18,27,0.4630508474576271,0.06796610169491525,0.5310169491525424,0.6736080047712492,15.778861861836905,16608.362977491113,674.9130270556084,651.0965510385308,260.43862041541234,260.4461279070472,2.499927936232963,True
18,28,0.47983050847457626,0.06796610169491525,0.5477966101694915,0.7233118632389332,15.597777913949663,20106.488208525498,683.4096421459645,654.5091201773921,261.80364807095685,261.80994165056075,2.4999399031644463,True
18,29,0.4966101694915254,0.06796610169491525,0.5645762711864407,0.7747847966619654,15.417940137498737,24138.431929347506,691.0923701989801,657.9373502148411,263.17494008593644,263.163235853236,2.5001111879539564,True
18,30,0.5133898305084745,0.06796610169491525,0.5813559322033898,0.8280268050403455,15.24099549328982,28765.239361814594,698.1386957944708,661.3491806290672,264.5396722516269,264.5298740516777,2.5000926001267745,True
18,31,0.5301694915254237,0.06796610169491525,0.5981355932203389,0.8830378883740738,15.066247661479114,34037.02047661471,704.5190104096714,664.7570450822221,265.9028180328889,265.89464489464865,2.5000768456454194,True
18,32,0.5469491525423729,0.06796610169491525,0.6149152542372881,0.9398180466631503,14.893808235234141,40010.038128635635,710.2745418915721,668.1579491956528,267.2631796782611,267.25638755104023,2.500063535686491,True
18,33,0.563728813559322,0.06796610169491525,0.6316949152542373,0.9983672799075749,14.723768824657158,46742.33720109212,715.4445713183623,671.5491837252795,268.6196734901118,268.6140507140998,2.5000523313653646,True
18,34,0.5805084745762712,0.06796610169491525,0.6484745762711864,1.0586855881073476,14.556774779705908,54302.18701195884,720.12297825078,674.9167126766761,269.96668507067045,269.9772874992552,2.4999018211061106,True
18,35,0.5972881355932204,0.06796610169491525,0.6652542372881356,1.1207729712624683,14.391633277592074,62733.44904186206,724.2222032622417,678.2835900498868,271.31343601995474,271.32219346470697,2.4999193076998196,True
18,36,0.6140677966101695,0.06796610169491525,0.6820338983050848,1.1846294293729371,14.229085320691942,72107.9239920361,727.8436019652693,681.6338417211238,272.6535366884495,272.66074468181637,2.499933910605877,True
18,37,0.6308474576271186,0.06796610169491525,0.6988135593220338,1.2502549624387536,14.069158790508046,82489.97054295719,731.01855256115,684.965753182854,273.9863012731416,273.9922161515458,2.4999460305981747,True
18,38,0.6476271186440677,0.06796610169491525,0.715593220338983,1.3176495704599187,13.911298780735018,93929.88612530072,733.7162909758163,688.2899060026798,275.31596240107194,275.3046423079724,2.500102796060798,True
18,39,0.6644067796610169,0.06796610169491525,0.7323728813559321,1.386813253436432,13.756765670589445,106526.74005039844,736.0960954495622,691.5785274555584,276.6314109822234,276.6220956113279,2.5000841886010123,True
18,40,0.6811864406779661,0.06796610169491525,0.7491525423728813,1.457746011368293,13.604856638139273,120332.26319557223,738.1110607419237,694.8451409837941,277.9380563935176,277.9303777919111,2.500069069470451,True
18,41,0.6979661016949152,0.06796610169491525,0.7659322033898305,1.5304478442555023,13.455567012470846,135415.94159048877,739.7860147456098,698.0886360405071,279.23545441620286,279.22909354851953,2.500056950259037,True
18,42,0.7147457627118644,0.06796610169491525,0.7827118644067796,1.6049187520980597,13.308885342217678,151848.4066089138,741.1442368157327,701.3080421269588,280.5232168507835,280.5178978088787,2.5000474037659126,True
18,43,0.7315254237288136,0.06796610169491525,0.7994915254237288,1.6811587348959653,13.165300939330306,169727.5080706248,742.2646628162003,704.4912287613548,281.79649150454196,281.807335998913,2.4999037951377967,True
18,44,0.7483050847457626,0.06796610169491525,0.8162711864406779,1.7591677926492184,13.023706624218493,189072.9074494166,743.0459730077264,707.6615440992573,283.06461763970293,283.07407370222063,2.4999164877376967,True
18,45,0.7650847457627118,0.06796610169491525,0.833050847457627,1.83894592535782,12.884674595372363,209986.0039752226,743.5740623443776,710.8051441055372,284.32205764221493,284.3305348230214,2.4999254636789905,True
18,46,0.781864406779661,0.06796610169491525,0.8498305084745762,1.92049313302177,12.748171121753904,232541.64125159042,743.8664838109645,713.9215699591867,285.56862798367473,285.5764796199955,2.4999312650298506,True
18,47,0.7986440677966101,0.06796610169491525,0.8666101694915254,2.0038094156410677,12.61415987363779,256815.58004948418,743.9396592717853,717.0104426363761,286.80417705455045,286.81170672544357,2.4999343674724863,True
18,48,0.8154237288135593,0.06796610169491525,0.8833898305084745,2.0888947732157135,12.482602376811062,282884.46002934617,743.8089467323842,720.0714556996419,288.0285822798568,288.0360495578829,2.499935187990899,True
18,49,0.8322033898305085,0.06796610169491525,0.9001694915254237,2.1757492057457077,12.3534584154016,310825.76369976724,743.4887048798079,723.104368651906,289.24174746076244,289.2493730360087,2.4999340916873365,True
18,50,0.8489830508474576,0.06796610169491525,0.9169491525423729,2.26437271323105,12.226686388278457,340717.7824428586,742.9923547443499,726.1090008190646,290.44360032762586,290.4515705714692,2.499931397824535,True
18,51,0.8657627118644068,0.06796610169491525,0.933728813559322,2.3547652956717404,12.102243623588759,372639.58444746473,742.3324383941596,729.0852257257196,291.6340902902879,291.64256131909036,2.4999273851803028,True
18,52,0.882542372881356,0.06796610169491525,0.9505084745762712,2.4469269530677784,11.980086655630949,406670.98440292076,741.520674629419,732.0329659297305,292.8131863718922,292.8222876643953,2.4999222967915484,True
18,53,0.899322033898305,0.06796610169491525,0.9672881355932202,2.5408576854191645,11.860171467908089,442892.514816985,740.5680116860237,734.9521882826881,293.9808753130753,293.9907129295056,2.4999163441564844,True
18,54,0.9161016949152542,0.06796610169491525,0.9840677966101694,2.636557492725899,11.742453705869279,481385.39883244305,739.4846769927392,737.8428995849537,295.13715983398146,295.1478192797528,2.4999097109560444,True
18,55,0.9328813559322033,0.06796610169491525,1.0008474576271187,2.7340263749879816,11.626888862529785,522231.5244271427,738.2802240516907,740.7051426055732,296.28205704222927,296.29360581452386,2.4999025563489394,True
18,56,0.9496610169491525,0.06796610169491525,1.0176271186440677,2.8332643322054123,11.51294895808375,565418.4358063177,736.9016834369638,743.5511195274304,297.4204478109722,297.4155969756463,2.500040774890214,True
18,57,0.9664406779661017,0.06796610169491525,1.034406779661017,2.934271364378191,11.401525692862188,611203.9217572376,735.4767040647773,746.3575628292621,298.54302513170484,298.53782126925853,2.5000435779160592,True
18,58,0.9832203389830508,0.06796610169491525,1.051186440677966,3.037047471506318,11.292122278319669,659590.2445896862,733.9555820041988,749.1358628949288,299.65434515797153,299.64878193673815,2.5000464145156656,True
18,59,1.0,0.06796610169491525,1.0679661016949153,3.141592653589793,11.184695401125605,710661.6619192631,732.3456424053329,751.8861627641826,300.75446510567303,300.7485402571378,2.500049250850313,True
19,0,0.01,0.0711864406779661,0.0811864406779661,0.0003141592653589793,20.45989522646415,3.6935716706219743e-07,23.397511658327094,574.6571985573895,229.8628794229558,229.85213108460823,2.5001169049237966,True
19,1,0.026779661016949154,0.0711864406779661,0.09796610169491526,0.0022529939386445163,20.411658711142856,0.00026024352759188366,62.36264593651656,575.344938410164,230.1379753640656,230.1273808742502,2.5001150937556313,True
19,2,0.043559322033898305,0.0711864406779661,0.1147457627118644,0.0059609035672781455,20.349086505227525,0.006584962795556205,100.81700910153081,576.2397733384311,230.49590933537243,230.4855120237367,2.5001127761951762,True
19,3,0.06033898305084746,0.0711864406779661,0.13152542372881357,0.01143788815125987,20.272688265429057,0.05694621369733723,138.60647933412437,577.3364909207631,230.93459636830528,230.9244361660884,2.5001099948795535,True
19,4,0.0771186440677966,0.0711864406779661,0.1483050847457627,0.01868394769058968,20.183104325234954,0.28719750936501204,175.58935223349113,578.6283548718988,231.4513419487595,231.4420367552973,2.5001005132169665,True
19,5,0.09389830508474575,0.0711864406779661,0.16508474576271187,0.02769908218526759,20.081022978077932,1.045589617024362,211.63733339455462,580.10821231482,232.043284925928,232.03543010679982,2.5000846295232213,True
19,6,0.1106779661016949,0.0711864406779661,0.181864406779661,0.03848329163529359,19.967153705241085,3.058477929852756,246.6359347560572,581.7688103384422,232.7075241353769,232.7008606324731,2.5000715887221654,True
19,7,0.12745762711864406,0.0711864406779661,0.19864406779661015,0.051036576040667685,19.843275050918592,7.645252691423086,280.51455156843724,583.5872942318503,233.4349176927401,233.44623387300874,2.499878813848473,True
19,8,0.14423728813559322,0.0711864406779661,0.2154237288135593,0.06535893540138989,19.70816803876681,16.966864500590813,313.1359448683902,585.5849129041522,234.2339651616609,234.24362693869895,2.4998968832454023,True
19,9,0.1610169491525424,0.0711864406779661,0.23220338983050848,0.08145036971746017,19.56384311804071,34.3131208275954,344.46317347082334,587.7355041644219,235.09420166576876,235.10245319523654,2.499912256025451,True
19,10,0.17779661016949153,0.0711864406779661,0.24898305084745764,0.09931087898887854,19.411182793467823,64.39676979844042,374.4469838869973,590.0292893747534,236.01171574990136,236.01875963555437,2.499925388498102,True
19,11,0.19457627118644066,0.0711864406779661,0.26576271186440675,0.11894046321564498,19.25106748508236,113.65398929540507,403.0531975175201,592.4563412688402,236.9825365075361,236.9885434943303,2.499936632097214,True
19,12,0.21135593220338983,0.0711864406779661,0.2825423728813559,0.14033912239775956,19.08353221971831,190.50113658919759,430.22419273872737,595.0194876038968,238.00779504155872,237.99741912301522,2.5001089919229136,True
19,13,0.228135593220339,0.0711864406779661,0.2993220338983051,0.16350685653522223,18.911216469695567,305.7250988481778,456.03149926908145,597.6813414919721,239.07253659678886,239.0636827801834,2.5000925884737333,True
19,14,0.24491525423728813,0.0711864406779661,0.31610169491525425,0.18844366562803297,18.73395002275589,472.55885754005436,480.4380677488833,600.4471425814437,240.1788570325775,240.17131573459133,2.5000784991534384,True
19,15,0.26169491525423727,0.0711864406779661,0.33288135593220336,0.2151495496761918,18.552510947657066,706.9883501627578,503.45833937384657,603.3073535456541,241.32294141826165,241.31653119168283,2.5000664089043876,True
19,16,0.27847457627118644,0.0711864406779661,0.3496610169491525,0.24362450867969873,18.368483202611333,1028.0867675331942,525.1640685698601,606.2391479792226,242.49565919168904,242.50686227766505,2.4998845075365,True
19,17,0.2952542372881356,0.0711864406779661,0.3664406779661017,0.2738685426385538,18.18072057036649,1457.4204876557365,545.482954985172,609.2629181835182,243.70516727340728,243.71468632817016,2.4999023545225536,True
19,18,0.31203389830508477,0.0711864406779661,0.38322033898305086,0.30588165155275693,17.99087230161848,2020.1656018113142,564.5066733791489,612.354190959733,244.94167638389322,244.9497441341158,2.4999176591278847,True
19,19,0.3288135593220339,0.0711864406779661,0.39999999999999997,0.33966383542230805,17.799527735842695,2744.5108323958966,582.2768702836802,615.504931173196,246.20197246927842,246.20879144332395,2.4999307602502174,True
19,20,0.34559322033898304,0.0711864406779661,0.41677966101694913,0.3752150942472074,17.60722754633413,3661.830553268538,598.838935119478,618.7075355411122,247.48301421644487,247.48876055384994,2.499941953551828,True
19,21,0.3623728813559322,0.0711864406779661,0.4335593220338983,0.4125354280274548,17.413752276379476,4805.887702017277,614.1907546941516,621.9669104332401,248.78676417329604,248.77658989472718,2.5001022431267863,True
19,22,0.3791525423728813,0.0711864406779661,0.4503389830508474,0.45162483676305026,17.22109532816258,6215.877904216832,628.4900053048409,625.2502412145781,250.10009648583124,250.091539507423,2.500085538463487,True
19,23,0.3959322033898305,0.0711864406779661,0.4671186440677966,0.49248332045399384,17.02880359502416,7931.858662772437,641.7294368768103,628.5655796573452,251.4262318629381,251.41906253395425,2.500071288637699,True
19,24,0.41271186440677965,0.0711864406779661,0.48389830508474574,0.5351108791002855,16.837238613439983,9997.607171501948,653.9605475512002,631.9070540819026,252.76282163276107,252.75684033596505,2.5000591605828357,True
19,25,0.4294915254237288,0.0711864406779661,0.5006779661016949,0.5795075127019254,16.647420882557764,12461.91371623568,665.2905882534153,635.2568068840177,254.10272275360708,254.1134001529667,2.499894954384999,True
19,26,0.446271186440678,0.0711864406779661,0.5174576271186441,0.6256732212589133,16.45810605757586,15370.145731451546,675.6494417750741,638.6368063503866,255.45472254015465,255.4635861069421,2.4999132599784324,True
19,27,0.4630508474576271,0.0711864406779661,0.5342372881355932,0.6736080047712492,16.27039080636382,18776.56174789068,685.1529218210623,642.0275220962154,256.8110088384862,256.8183224565901,2.499928805526471,True
19,28,0.47983050847457626,0.0711864406779661,0.5510169491525424,0.7233118632389332,16.084487516462616,22736.00759783664,693.8493331616486,645.42474993395,258.16989997358,258.17589287869066,2.4999419687771405,True
19,29,0.4966101694915254,0.0711864406779661,0.5677966101694916,0.7747847966619654,15.899924302924834,27301.33352865134,701.7276410163365,648.8368170688958,259.53472682755836,259.5240371702619,2.5001029736726217,True
19,30,0.5133898305084745,0.0711864406779661,0.5845762711864406,0.8280268050403455,15.718300886807118,32541.46085951325,708.9593250138174,652.2334778128978,260.89339112515916,260.8847403341246,2.5000828985917636,True
19,31,0.5301694915254237,0.0711864406779661,0.6013559322033898,0.8830378883740738,15.538937918578103,38513.80734645313,715.5174956543553,655.6264537745304,262.2505815098122,262.243660920406,2.5000659748016587,True
19,32,0.5469491525423729,0.0711864406779661,0.618135593220339,0.9398180466631503,15.36194853765147,45282.579435852356,721.4436697972116,659.0127856651335,263.6051142660534,263.5996557657747,2.5000517688487003,True
19,33,0.563728813559322,0.0711864406779661,0.6349152542372881,0.9983672799075749,15.187968848753176,52921.635198181284,726.8294069711608,662.3792227833678,264.95168911334713,264.9611676396478,2.4999105668352737,True
19,34,0.5805084745762712,0.0711864406779661,0.6516949152542373,1.0586855881073476,15.015850058516131,61483.18571024487,731.5959147132241,665.7470631147625,266.298825245905,266.3060372412149,2.4999322959837427,True
19,35,0.5972881355932204,0.0711864406779661,0.6684745762711864,1.1207729712624683,14.846355213260962,71045.76887184344,735.845171008406,669.1005534064026,267.640221362561,267.6455364044005,2.4999503537224004,True
19,36,0.6140677966101695,0.0711864406779661,0.6852542372881356,1.1846294293729371,14.679059473448628,81671.01979992077,739.563797987417,672.4471497286155,268.97885989144623,268.9703440759873,2.5000791519924634,True
19,37,0.6308474576271186,0.0711864406779661,0.7020338983050847,1.2502549624387536,14.515084441502765,93455.93569428203,742.8931469416012,675.7632196456849,270.30528785827397,270.2996973061076,2.5000517069776813,True
19,38,0.6476271186440677,0.0711864406779661,0.7188135593220338,1.3176495704599187,14.354172498448985,106474.52873509497,745.8374898150059,679.0524774051963,271.62099096207857,271.6283298481269,2.499932454707021,True
19,39,0.6644067796610169,0.0711864406779661,0.735593220338983,1.386813253436432,14.194975937365614,120762.45153920272,748.2836194697891,682.3414871046983,272.93659484187936,272.92994972772925,2.50006086831215,True
19,40,0.6811864406779661,0.0711864406779661,0.7523728813559322,1.457746011368293,14.035122373565624,136292.20585785745,749.9999999999999,685.6794933095506,274.27179732382024,274.1568249249462,2.5010484181718393,True
19,41,0.6979661016949152,0.0711864406779661,0.7691525423728813,1.5304478442555023,13.865388271327783,152682.73199518392,749.9999999999999,689.2633364422048,275.70533457688197,275.12254391731,2.505295737049334,True
19,42,0.7147457627118644,0.0711864406779661,0.7859322033898305,1.6049187520980597,13.701666931961263,170583.5427279782,750.0000000000003,692.7594513662943,277.1037805465177,276.1355599784749,2.5087658084322637,True
19,43,0.7315254237288136,0.0711864406779661,0.8027118644067797,1.6811587348959653,13.543611538616641,190093.39468080475,749.9999999999998,696.171751518268,278.4687006073072,277.1918778326962,2.511515694332336,True
19,44,0.7483050847457626,0.0711864406779661,0.8194915254237287,1.7591677926492184,13.39090264964549,211314.98496914795,749.9999999999999,699.5038964149112,279.8015585659645,278.287852031668,2.5135983885322832,True
19,45,0.7650847457627118,0.0711864406779661,0.8362711864406779,1.83894592535782,13.243245481646758,234355.0126366666,750.0000000000001,702.7593131763957,281.1037252705583,279.4201518557252,2.515063099454817,True
19,46,0.781864406779661,0.0711864406779661,0.853050847457627,1.92049313302177,13.100367514984722,259324.239624337,749.9999999999999,705.9412158097538,282.37648632390153,280.5857302631562,2.5159555161542406,True
19,47,0.7986440677966101,0.0711864406779661,0.8698305084745762,2.0038094156410677,12.962016377500516,286337.5512854343,749.9999999999999,709.0526225275568,283.6210490110227,281.7817963543929,2.5163180578059468,True
19,48,0.8154237288135593,0.0711864406779661,0.8866101694915254,2.0888947732157135,12.827957969009416,315514.0164595927,750.0,712.0963713379257,284.8385485351703,283.0057908974105,2.516190107205475,True
19,49,0.8322033898305085,0.0711864406779661,0.9033898305084745,2.1757492057457077,12.697974794862485,346976.9471185195,750.0000000000003,715.0751341094515,286.0300536437806,284.25536452692194,2.5156082288878894,True
19,50,0.8489830508474576,0.0711864406779661,0.9201694915254237,2.26437271323105,12.571864481577421,380853.95759532996,750.0000000000001,717.9914292871103,287.19657171484414,285.528358285361,2.514606372546505,True
19,51,0.8657627118644068,0.0711864406779661,0.9369491525423729,2.3547652956717404,12.449438451487136,417277.0234088955,750.0,720.8476334119123,288.33905336476494,286.8227862201762,2.5132160624733695,True
19,52,0.882542372881356,0.0711864406779661,0.953728813559322,2.4469269530677784,12.330520736657784,456382.53969405324,750.0,723.6459915771861,289.45839663087446,288.1368197911673,2.511466573767499,True
19,53,0.899322033898305,0.0711864406779661,0.9705084745762711,2.5408576854191645,12.214946915104838,498311.3792480419,749.9999999999999,726.3886269374353,290.55545077497413,289.46877387482175,2.5093850960641295,True
19,54,0.9161016949152542,0.0711864406779661,0.9872881355932203,2.636557492725899,12.102563154678212,543208.9502030511,750.0000000000001,729.0775493711898,291.6310197484759,290.8170941807688,2.5069968855338436,True
19,55,0.9328813559322033,0.0711864406779661,1.0040677966101694,2.7340263749879816,11.993225351970061,591225.2533343318,750.0000000000003,731.7146633868023,292.68586535472093,292.18034591950953,2.5043254058860502,True
19,56,0.9496610169491525,0.0711864406779661,1.0208474576271187,2.8332643322054123,11.886798355282423,642514.9390129201,749.9999999999998,734.3017753493876,293.72071013975506,293.55720358113655,2.501392459089948,True
19,57,0.9664406779661017,0.0711864406779661,1.0376271186440678,2.934271364378191,11.777270855925702,695845.6294507913,749.2510999696185,736.9853221128827,294.7941288451531,294.79914799099873,2.499957435885756,True
19,58,0.9832203389830508,0.0711864406779661,1.054406779661017,3.037047471506318,11.664620375010701,751024.9611061716,747.7474383349178,739.7679528087506,295.90718112350027,295.9015653776207,2.5000474460643045,True
19,59,1.0,0.0711864406779661,1.071186440677966,3.141592653589793,11.554195905058,809329.088352136,746.1777851615543,742.5180891775252,297.0072356710101,296.99791019805815,2.50007849779941,True
20,0,0.01,0.07440677966101694,0.08440677966101694,0.0003141592653589793,21.064228063203593,4.14968472315513e-07,23.72677589175551,566.1914643740332,226.4765857496133,226.48315456776555,2.4999274910956975,True
20,1,0.026779661016949154,0.07440677966101694,0.10118644067796609,0.0022529939386445163,21.013330463873125,0.0002923117723881817,63.232810888933216,566.893877150192,226.7575508600768,226.7640191781212,2.4999286888847285,True
20,2,0.043559322033898305,0.07440677966101694,0.11796610169491525,0.0059609035672781455,20.947776065298147,0.007394781463645801,102.21263598987788,567.8013901048986,227.12055604195945,227.126896595276,2.4999302091318594,True
20,3,0.06033898305084746,0.07440677966101694,0.1347457627118644,0.01143788815125987,20.86809701028336,0.06393679648587902,140.51131945667186,568.9087515521858,227.56350062087432,227.56968839980306,2.499932023252171,True
20,4,0.0771186440677966,0.07440677966101694,0.15152542372881356,0.01868394769058968,20.77391043451159,0.32233081664132024,177.96865834735138,570.2238770933698,228.08955083734793,228.07876824155957,2.5001181893855295,True
20,5,0.09389830508474575,0.07440677966101694,0.1683050847457627,0.02769908218526759,20.668076730341262,1.1733246381760944,214.48924237464956,571.7096326744818,228.68385306979272,228.67475861378358,2.5000994256653453,True
20,6,0.1106779661016949,0.07440677966101694,0.18508474576271183,0.03848329163529359,20.550228375427828,3.431684213042188,249.94364932270688,573.3741092093262,229.3496436837305,229.34193502092654,2.5000840302363723,True
20,7,0.12745762711864406,0.07440677966101694,0.201864406779661,0.051036576040667685,20.42120664640517,8.575590521005939,284.2341530755709,575.2086635474853,230.08346541899414,230.07691458822137,2.500071180878626,True
20,8,0.14423728813559322,0.07440677966101694,0.21864406779661016,0.06535893540138989,20.282858211552586,19.034136703192843,317.30980309206285,577.1902337814194,230.87609351256776,230.88712360298803,2.4998805683676926,True
20,9,0.1610169491525424,0.07440677966101694,0.23542372881355933,0.08145036971746017,20.13399356014275,38.49135810653466,349.0431152250448,579.3392685844495,231.73570743377982,231.74511737616965,2.4998984882346567,True
20,10,0.17779661016949153,0.07440677966101694,0.2522033898305085,0.09931087898887854,19.9766641894957,72.23504746285994,379.417227762361,581.6297153906972,232.65188615627892,232.65990918861004,2.4999137901286996,True
20,11,0.19457627118644066,0.07440677966101694,0.2689830508474576,0.11894046321564498,19.81177076395592,127.4848553247625,408.39846081097363,584.0517589342977,233.62070357371908,233.6275361480292,2.4999268860338257,True
20,12,0.21135593220338983,0.07440677966101694,0.28576271186440677,0.14033912239775956,19.63922453673107,213.67802611142474,435.923964423647,586.6100804095889,234.6440321638356,234.63238530250106,2.5001240969071628,True
20,13,0.228135593220339,0.07440677966101694,0.30254237288135594,0.16350685653522223,19.46199283277225,342.92761872259405,462.07800501724114,589.2636645533588,235.70546582134352,235.69554643155604,2.500105214013774,True
20,14,0.24491525423728813,0.07440677966101694,0.31932203389830505,0.18844366562803297,19.279751296223207,530.0833801899798,486.81765698178907,592.0199347045171,236.80797388180687,236.79954372428585,2.5000890009899135,True
20,15,0.26169491525423727,0.07440677966101694,0.3361016949152542,0.2151495496761918,19.09329378392371,793.0944145752414,510.1579115042228,594.8694751195194,237.94779004780776,237.94064289678442,2.5000750938441656,True
20,16,0.27847457627118644,0.07440677966101694,0.3528813559322034,0.24362450867969873,18.90337008956382,1153.1705313175378,532.1225425740935,597.8031722809602,239.1212689123841,239.11522590382535,2.500063180926015,True
20,17,0.2952542372881356,0.07440677966101694,0.36966101694915254,0.2738685426385538,18.71149369563493,1635.213006972432,552.7906465413171,600.7995276833931,240.31981107335724,240.3302280472591,2.4998916389545904,True
20,18,0.31203389830508477,0.07440677966101694,0.3864406779661017,0.30588165155275693,18.516558389187065,2266.831108548258,572.0973637760172,603.8776714137658,241.55106856550634,241.55985896721282,2.4999090246021827,True
20,19,0.3288135593220339,0.07440677966101694,0.4032203389830508,0.33966383542230805,18.32013634172658,3079.9653925851812,590.1395930777076,607.0145789866783,242.80583159467133,242.81322315533913,2.4999238966419153,True
20,20,0.34559322033898304,0.07440677966101694,0.42,0.3752150942472074,18.122777182055266,4109.91973179816,606.9631816389541,610.202759707005,244.08110388280204,244.08729470589157,2.4999365921206897,True
20,21,0.3623728813559322,0.07440677966101694,0.43677966101694915,0.4125354280274548,17.924196440925698,5394.645987243849,622.5621464559939,613.4480652038163,245.37922608152655,245.36847831691935,2.500109506370591,True
20,22,0.3791525423728813,0.07440677966101694,0.45355932203389826,0.45162483676305026,17.726558734066863,6978.420381695145,637.1042058844499,616.7158724511536,246.68634898046145,246.67738926445043,2.5000908039852954,True
20,23,0.3959322033898305,0.07440677966101694,0.4703389830508474,0.49248332045399384,17.529322704496778,8906.333754979212,650.5770380892279,620.015432293958,248.00617291758323,247.99874555939496,2.500074872941106,True
20,24,0.41271186440677965,0.07440677966101694,0.4871186440677966,0.5351108791002855,17.332855651275615,11227.759012077848,663.0325140700038,623.340954808811,249.3363819235244,249.3302645980477,2.5000613375745475,True
20,25,0.4294915254237288,0.07440677966101694,0.5038983050847458,0.5795075127019254,17.138209173405976,13997.763713152252,674.5794529874958,626.6745734886689,250.66982939546756,250.68044316317997,2.499894150421364,True
20,26,0.446271186440678,0.07440677966101694,0.5206779661016949,0.6256732212589133,16.944074689805966,17267.520780353778,685.1445279135183,630.038707717371,252.01548308694842,252.02412407707726,2.499914284097202,True
20,27,0.4630508474576271,0.07440677966101694,0.537457627118644,0.6736080047712492,16.751597860009053,21098.378852385238,694.8463693106279,633.4135562422389,253.36542249689558,253.37238170725436,2.4999313341660216,True
20,28,0.47983050847457626,0.07440677966101694,0.5542372881355933,0.7233118632389332,16.560993615435756,25552.350308075747,703.7335706034099,636.7949776081488,254.71799104325953,254.72352133555466,2.499945722598897,True
20,29,0.4966101694915254,0.07440677966101694,0.5710169491525423,0.7747847966619654,16.371848751739133,30689.833275169418,711.8011545722816,640.1899799144381,256.07599196577524,256.0666340285688,2.5000913623249077,True
20,30,0.5133898305084745,0.07440677966101694,0.5877966101694915,0.8280268050403455,16.18566418690261,36587.83871478307,719.2103764836764,643.5709450088033,257.42837800352135,257.4211913158601,2.5000697950276014,True
20,31,0.5301694915254237,0.07440677966101694,0.6045762711864406,0.8830378883740738,16.002527010684897,43319.69626746303,726.0048171010346,646.9350959175159,258.77403836700637,258.78575099755056,2.4998868501212,True
20,32,0.5469491525423729,0.07440677966101694,0.6213559322033898,0.9398180466631503,15.82088882296108,50941.232545315805,732.076292284735,650.3101241894511,260.12404967578044,260.13243287218637,2.4999194333794392,True
20,33,0.563728813559322,0.07440677966101694,0.638135593220339,0.9983672799075749,15.641820566462133,59536.54968039181,737.551692909551,653.6755126903819,261.47020507615275,261.4757856031369,2.499946643940936,True
20,34,0.5805084745762712,0.07440677966101694,0.6549152542372881,1.0586855881073476,15.464968414667766,69175.58166495398,742.4278770000843,657.0370490745221,262.8148196298088,262.80762489155467,2.5000684411102716,True
20,35,0.5972881355932204,0.07440677966101694,0.6716949152542373,1.1207729712624683,15.291862706809468,79965.08263650458,746.8825283156704,660.3643872108883,264.1457548843553,264.1522110632579,2.4999388971714773,True
20,36,0.6140677966101695,0.07440677966101694,0.6884745762711865,1.1846294293729371,15.112929438094213,91763.43808475933,750.0000000000001,663.8429025772284,265.53716103089135,265.34084713751616,2.501849638827691,True
20,37,0.6308474576271186,0.07440677966101694,0.7052542372881355,1.2502549624387536,14.910583435131619,104065.59517079734,750.0,667.8254251522281,267.13017006089126,266.0512223947334,2.5101385332535426,True
20,38,0.6476271186440677,0.07440677966101694,0.7220338983050847,1.3176495704599187,14.71615328419038,117627.88651589041,749.9999999999998,671.7019520217178,268.68078080868713,266.8277303752603,2.5173618614416573,True
20,39,0.6644067796610169,0.07440677966101694,0.7388135593220339,1.386813253436432,14.529135971574421,132541.66769586154,749.9999999999999,675.4776479788616,270.19105919154464,267.66465450391263,2.5235967342448933,True
20,40,0.6811864406779661,0.07440677966101694,0.755593220338983,1.457746011368293,14.349072125135452,148902.32542591917,750.0,679.1573113804021,271.66292455216086,268.556810864938,2.5289148660689245,True
20,41,0.6979661016949152,0.07440677966101694,0.7723728813559322,1.5304478442555023,14.175541263752079,166809.3468982077,749.9999999999999,682.7454080986328,273.09816323945313,269.4994906585153,2.533382925623946,True
20,42,0.7147457627118644,0.07440677966101694,0.7891525423728813,1.6049187520980597,14.008157663918373,186366.38853786094,750.0000000000001,686.246101615374,274.4984406461496,270.48840986467246,2.537062870674231,True
20,43,0.7315254237288136,0.07440677966101694,0.8059322033898305,1.6811587348959653,13.846566750885785,207681.34419659522,750.0,689.6632797741962,275.8653119096785,271.51966507639855,2.5400122660734095,True
20,44,0.7483050847457626,0.07440677966101694,0.8227118644067796,1.7591677926492184,13.690441937458905,230866.4128018094,750.0000000000001,693.0005786280564,277.2002314512226,272.5896946338843,2.5422845847449467,True
20,45,0.7650847457627118,0.07440677966101694,0.8394915254237287,1.83894592535782,13.539481846266712,256038.16547818054,750.0000000000002,696.2614037540114,278.5045615016046,273.6952443306641,2.543929491565536,True
20,46,0.781864406779661,0.07440677966101694,0.8562711864406779,1.92049313302177,13.39340786171866,283317.6121578338,750.0000000000002,699.4489493521806,279.7795797408723,274.8333370763201,2.5449931103443486,True
20,47,0.7986440677966101,0.07440677966101694,0.8730508474576271,2.0038094156410677,13.251961966377243,312830.26769433275,750.0000000000005,702.5662154006133,281.0264861602453,276.0012459943904,2.5455182742721845,True
20,48,0.8154237288135593,0.07440677966101694,0.8898305084745762,2.0888947732157135,13.114904823502394,344706.2174949498,749.9999999999999,705.616023099521,282.24640923980843,277.19647051190225,2.5455447603515693,True
20,49,0.8322033898305085,0.07440677966101694,0.9066101694915254,2.1757492057457077,12.982014073336847,379080.1826849667,750.0,708.6010288061825,283.440411522473,278.4167150618048,2.5451095084175623,True
20,50,0.8489830508474576,0.07440677966101694,0.9233898305084746,2.26437271323105,12.853082815533284,416091.58481706126,750.0000000000001,711.5237366346423,284.6094946538569,279.6598700737197,2.5442468254279076,True
20,51,0.8657627118644068,0.07440677966101694,0.9401694915254237,2.3547652956717404,12.72791825415631,455884.6101382414,749.9999999999999,714.386509871274,285.7546039485096,280.92399497395604,2.5429885757444946,True
20,52,0.882542372881356,0.07440677966101694,0.9569491525423729,2.4469269530677784,12.606340485069202,498608.2734261773,750.0,717.1915813376512,286.8766325350605,282.20730295407583,2.5413643581518555,True
20,53,0.899322033898305,0.07440677966101694,0.973728813559322,2.5408576854191645,12.488181408354329,544416.4814062467,750.0,719.9410628154113,287.97642512616454,283.5081472997722,2.5394016703659994,True
20,54,0.9161016949152542,0.07440677966101694,0.9905084745762711,2.636557492725899,12.373283750811073,593468.0957601028,749.9999999999999,722.6369536334506,289.05478145338026,284.8250090993673,2.537126061782528,True
20,55,0.9328813559322033,0.07440677966101694,1.0072881355932202,2.7340263749879816,12.261500185601971,645926.9957360852,750.0000000000002,725.2811485054464,290.11245940217856,286.1564861747516,2.534561275198661,True
20,56,0.9496610169491525,0.07440677966101694,1.0240677966101694,2.8332643322054123,12.15269253783905,701962.1403713648,750.0000000000002,727.8754446950855,291.15017787803424,287.50128309766126,2.5317293782227526,True
20,57,0.9664406779661017,0.07440677966101694,1.0408474576271187,2.934271364378191,12.046731066368187,761747.6303352503,750.0000000000002,730.4215485771939,292.1686194308776,288.8582021714078,2.5286508850586955,True
20,58,0.9832203389830508,0.07440677966101694,1.0576271186440678,3.037047471506318,11.943493813262027,825462.7694027567,750.0000000000002,732.9210816550062,293.1684326620025,290.2261352730108,2.525344869322536,True
20,59,1.0,0.07440677966101694,1.0744067796610168,3.141592653589793,11.842866013604771,893292.1255671105,750.0,735.3755860869024,294.150234434761,291.6040564634448,2.5218290685167077,True
21,0,0.01,0.0776271186440678,0.08762711864406779,0.0003141592653589793,21.656081438998406,4.636095919409043e-07,24.038448060100148,558.1618505172939,223.2647402069176,223.27256374106142,2.4999123992888697,True
21,1,0.026779661016949154,0.0776271186440678,0.10440677966101694,0.0022529939386445163,21.602503160623876,0.0003264999008964157,64.05601304760404,558.8784270027547,223.5513708011019,223.55907406517568,2.499913856504081,True
21,2,0.043559322033898305,0.0776271186440678,0.1211864406779661,0.0059609035672781455,21.533963023310537,0.008257897833247258,103.53226412137509,559.7980644481297,223.9192257792519,223.92677716478798,2.499915693584844,True
21,3,0.06033898305084746,0.0776271186440678,0.13796610169491524,0.01143788815125987,21.451015207018912,0.07138564494050877,142.31161978338525,560.9154784281453,224.36619137125814,224.3735618963344,2.499917876631565,True
21,4,0.0771186440677966,0.0776271186440678,0.1547457627118644,0.01868394769058968,21.354263633665635,0.3598878703631338,180.24999409363159,562.2250616906105,224.8900246762442,224.8964020657103,2.499929107475625,True
21,5,0.09389830508474575,0.0776271186440678,0.17152542372881355,0.02769908218526759,21.243513832228302,1.3095537992525617,217.1986565667022,563.7323983731613,225.49295934926454,225.48253168850772,2.5001156149511754,True
21,6,0.1106779661016949,0.0776271186440678,0.18830508474576269,0.03848329163529359,21.121707678999957,3.8296300086712556,253.08470467784633,565.4005138228399,226.16020552913596,226.15137399117685,2.5000976286126773,True
21,7,0.12745762711864406,0.0776271186440678,0.20508474576271185,0.051036576040667685,20.98853589100867,9.569010091228957,287.7907238558518,567.2367495572515,226.89469982290063,226.88720118273056,2.50008262520022,True
21,8,0.14423728813559322,0.0776271186440678,0.22186440677966102,0.06535893540138989,20.844899617672482,21.23321696330561,321.2357255884896,569.23203695616,227.69281478246398,227.68644179693334,2.5000699754614324,True
21,9,0.1610169491525424,0.0776271186440678,0.23864406779661018,0.08145036971746017,20.692684122314574,42.944825872257674,353.38810248699457,571.3634205003483,228.54536820013934,228.5560038078816,2.499883665189657,True
21,10,0.17779661016949153,0.0776271186440678,0.25542372881355935,0.09931087898887854,20.530740775962336,80.58877685189182,384.13102899443527,573.650377340004,229.46015093600158,229.46920814446742,2.4999013243591692,True
21,11,0.19457627118644066,0.0776271186440678,0.27220338983050846,0.11894046321564498,20.361132341136603,142.2240774159752,413.46657234762785,576.067269987495,230.42690799499803,230.4346107476173,2.4999164323385026,True
21,12,0.21135593220338983,0.0776271186440678,0.2889830508474576,0.14033912239775956,20.184763343180293,238.42795219449442,441.375720533671,578.6043728825842,231.4417491530337,231.44828804094882,2.499929369882464,True
21,13,0.228135593220339,0.0776271186440678,0.3057627118644068,0.16350685653522223,20.00156446096968,382.5684006124725,467.8080109057816,581.2658842599923,232.50635370399692,232.495330893844,2.5001185272206383,True
21,14,0.24491525423728813,0.0776271186440678,0.3225423728813559,0.18844366562803297,19.814433029441776,591.3778831751688,492.8625381904206,584.0124779673123,233.60499118692493,233.5956442535518,2.5001000332583576,True
21,15,0.26169491525423727,0.0776271186440678,0.33932203389830506,0.2151495496761918,19.623047204710776,884.8451314686946,516.5053870330711,586.8512040426677,234.7404816170671,234.73257815440044,2.500084175178503,True
21,16,0.27847457627118644,0.0776271186440678,0.35610169491525423,0.24362450867969873,19.428170592727923,1286.661246605887,538.7608658310085,589.7730675207191,235.90922700828764,235.9025654526955,2.500070596472524,True
21,17,0.2952542372881356,0.0776271186440678,0.3728813559322034,0.2738685426385538,19.23143564435143,1824.6825813254554,559.714070743199,592.7554356302585,237.1021742521034,237.11348670609527,2.4998807274298374,True
21,18,0.31203389830508477,0.0776271186440678,0.38966101694915256,0.30588165155275693,19.031512946023227,2529.7135496885935,579.2887310968815,595.8203073332262,238.3281229332905,238.33762571926874,2.499900322221999,True
21,19,0.3288135593220339,0.0776271186440678,0.40644067796610167,0.33966383542230805,18.83011609391278,3437.5024888410635,597.5887148064729,598.943227561563,239.57729102462523,239.58523823670026,2.4999170732289944,True
21,20,0.34559322033898304,0.0776271186440678,0.42322033898305084,0.3752150942472074,18.62780315764816,4587.550908706295,614.6603064827286,602.1168159517814,240.84672638071257,240.8533391093505,2.4999313614598164,True
21,21,0.3623728813559322,0.0776271186440678,0.44,0.4125354280274548,18.424225586697208,6022.282728746796,630.4938405301535,605.3477989876219,242.13911959504878,242.1278613759447,2.500116242499315,True
21,22,0.3791525423728813,0.0776271186440678,0.4567796610169491,0.45162483676305026,18.22171736586856,7791.420009324432,645.2667079243839,608.5998700755814,243.43994803023259,243.4306541505152,2.500095446891742,True
21,23,0.3959322033898305,0.0776271186440678,0.4735593220338983,0.49248332045399384,18.01964822868319,9945.432072107433,658.9616159851024,611.8834207097021,244.75336828388086,244.7457560434274,2.5000777566133987,True
21,24,0.41271186440677965,0.0776271186440678,0.49033898305084744,0.5351108791002855,17.81839091785421,12539.682269596156,671.6307833315598,615.1927409675383,246.07709638701533,246.0709198872704,2.5000627512156632,True
21,25,0.4294915254237288,0.0776271186440678,0.5071186440677966,0.5795075127019254,17.61901606291283,15635.922446536397,683.3836370913189,618.5101533731231,247.40406134924925,247.4144525156402,2.499895002431292,True
21,26,0.446271186440678,0.0776271186440678,0.5238983050847458,0.6256732212589133,17.42017327019975,19291.60852408905,694.1454195726352,621.8581337473564,248.74325349894258,248.75151007539404,2.4999170198358898,True
21,27,0.4630508474576271,0.0776271186440678,0.5406779661016949,0.6736080047712492,17.22304629149582,23575.667994432435,704.0366942297436,625.2168011692344,250.08672046769377,250.09316137295264,2.499935614940213,True
21,28,0.47983050847457626,0.0776271186440678,0.557457627118644,0.7233118632389332,17.027145673079747,28553.062774412367,713.0471277811449,628.5943322864783,251.43773291459135,251.42729778205214,2.5001037589457393,True
21,29,0.4966101694915254,0.0776271186440678,0.5742372881355933,0.7747847966619654,16.83426491067914,34306.80406951156,721.3575753622664,631.9592323635757,252.7836929454303,252.7759819066785,2.50007626356244,True
21,30,0.5133898305084745,0.0776271186440678,0.5910169491525423,0.8280268050403455,16.64439120468122,40915.35396226354,729.0037547616765,635.3105888201511,254.12423552806047,254.13586229573377,2.499885624488725,True
21,31,0.5301694915254237,0.0776271186440678,0.6077966101694915,0.8830378883740738,16.455862452568084,48441.06935292367,735.8727212225107,638.677100442403,255.47084017696122,255.47833979588654,2.4999266119886,True
21,32,0.5469491525423729,0.0776271186440678,0.6245762711864407,0.9398180466631503,16.269331223392197,56967.18214647845,742.0497610949291,642.0467737695479,256.81870950781916,256.8099750139083,2.5000850287640737,True
21,33,0.563728813559322,0.0776271186440678,0.6413559322033898,0.9983672799075749,16.08600378700383,66592.77768690432,747.6756559617398,645.3968815042099,258.15875260168394,258.14719991500976,2.500111880805583,True
21,34,0.5805084745762712,0.0776271186440678,0.658135593220339,1.0586855881073476,15.876435839028726,76836.70288676005,750.0000000000003,649.2739009902402,259.7095603960961,259.00799141637435,2.5067716924088446,True
21,35,0.5972881355932204,0.0776271186440678,0.6749152542372882,1.1207729712624683,15.65183823293423,87764.77268338052,749.9999999999995,653.4862311083835,261.39449244335344,259.5531321351258,2.5177358706200184,True
21,36,0.6140677966101695,0.0776271186440678,0.6916949152542373,1.1846294293729371,15.436510530478378,99878.40363225323,750.0000000000003,657.5815181325637,263.0326072530255,260.17598814449536,2.5274489118779058,True
21,37,0.6308474576271186,0.0776271186440678,0.7084745762711864,1.2502549624387536,15.229832121879506,113268.48400229937,750.0,661.5657364515796,264.62629458063185,260.86972371744156,2.5360004488989607,True
21,38,0.6476271186440677,0.0776271186440678,0.7252542372881355,1.3176495704599187,15.031239050645967,128030.13676308889,750.0,665.4444159953731,266.17776639814923,261.62816291860713,2.543473946275401,True
21,39,0.6644067796610169,0.0776271186440678,0.7420338983050847,1.386813253436432,14.840217533116668,144262.79638728907,750.0000000000003,669.2226854143784,267.6890741657514,262.44571529000945,2.5499470801985455,True
21,40,0.6811864406779661,0.0776271186440678,0.7588135593220339,1.457746011368293,14.656298361582168,162070.28497487315,750.0000000000001,672.9053101166851,269.162124046674,263.3173112875439,2.555492105043823,True
21,41,0.6979661016949152,0.0776271186440678,0.775593220338983,1.5304478442555023,14.479052052050985,181560.88772243648,750.0000000000003,676.4967258836674,270.59869035346696,264.23834599202877,2.5601762050996,True
21,42,0.7147457627118644,0.0776271186440678,0.7923728813559322,1.6049187520980597,14.30808462233815,202847.42775958971,750.0000000000002,680.0010686691918,272.00042746767673,265.2046298731058,2.5640618302725575,True
21,43,0.7315254237288136,0.0776271186440678,0.8091525423728814,1.6811587348959653,14.143033905938342,226047.34037315397,749.9999999999999,683.4222010927498,273.3688804370999,266.21234558969314,2.5672070150574173,True
21,44,0.7483050847457626,0.0776271186440678,0.8259322033898304,1.7591677926492184,13.983566323137472,251282.74663870962,750.0,686.7637360587138,274.7054944234855,267.25800997724576,2.5696656804306244,True
21,45,0.7650847457627118,0.0776271186440678,0.8427118644067796,1.83894592535782,13.829374043810311,278680.5264779917,750.0,690.0290578692012,276.0116231476805,268.3384405080741,2.571487918625057,True
21,46,0.781864406779661,0.0776271186440678,0.8594915254237288,1.92049313302177,13.680172486961826,308372.39115963393,749.9999999999998,693.2213411441761,277.28853645767043,269.45072562246315,2.572720260978153,True
21,47,0.7986440677966101,0.0776271186440678,0.8762711864406779,2.0038094156410677,13.535698110774566,340494.9552598521,750.0000000000001,696.3435678174387,278.5374271269755,270.5921984203227,2.573405929227042,True
21,48,0.8154237288135593,0.0776271186440678,0.8930508474576271,2.0888947732157135,13.395706454098663,375189.8080988095,749.9999999999999,699.3985424393958,279.7594169757583,271.7604132792895,2.5735850707609154,True
21,49,0.8322033898305085,0.0776271186440678,0.9098305084745762,2.1757492057457077,13.25997039625915,412603.58466762485,749.9999999999999,702.3889059857316,280.95556239429266,272.95312502866136,2.573294978439897,True
21,50,0.8489830508474576,0.0776271186440678,0.9266101694915254,2.26437271323105,13.128278606990563,452888.0360602425,750.0,705.3171483442175,282.126859337687,274.1682703615565,2.5725702956585312,True
21,51,0.8657627118644068,0.0776271186440678,0.9433898305084746,2.3547652956717404,13.000434162427206,496200.0994237165,750.0,708.1856196291095,283.2742478516438,275.40395121226067,2.571443207375385,True
21,52,0.882542372881356,0.0776271186440678,0.9601694915254237,2.4469269530677784,12.876253306526783,542701.967439815,749.9999999999998,710.9965404531825,284.39861618127304,276.65841986324375,2.569943617854242,True
21,53,0.899322033898305,0.0776271186440678,0.9769491525423728,2.5408576854191645,12.7555643402048,592561.1573502629,750.0000000000001,713.7520112708779,285.50080450835117,277.9300655781167,2.568099315870044,True
21,54,0.9161016949152542,0.0776271186440678,0.993728813559322,2.636557492725899,12.638206622903274,645950.5795373744,750.0000000000002,716.4540208918492,286.58160835673965,279.2174025837646,2.5659361281283837,True
21,55,0.9328813559322033,0.0776271186440678,1.0105084745762711,2.7340263749879816,12.524029673387771,703048.6056713307,750.0,719.1044542519904,287.6417817007962,280.51905924789935,2.5634780616332593,True
21,56,0.9496610169491525,0.0776271186440678,1.0272881355932202,2.8332643322054123,12.412892358324582,764039.1364348378,749.9999999999998,721.7050995185317,288.6820398074127,281.83376831791577,2.560747435716893,True
21,57,0.9664406779661017,0.0776271186440678,1.0440677966101695,2.934271364378191,12.304662158687572,829111.6688354813,749.9999999999999,724.257654596694,289.7030618386776,283.1603581037868,2.557765004419269,True
21,58,0.9832203389830508,0.0776271186440678,1.0608474576271187,3.037047471506318,12.199214505323056,898461.3631155941,750.0000000000002,726.7637330975394,290.70549323901577,284.4977445022577,2.5545500698750603,True
21,59,1.0,0.0776271186440678,1.0776271186440678,3.141592653589793,12.096432176097547,972289.109269151,750.0000000000003,729.2248698198028,291.68994792792114,285.84492377207494,2.551120587333806,True
22,0,0.01,0.08084745762711863,0.09084745762711863,0.0003141592653589793,22.237030584862463,5.153948594471336e-07,24.335897062984372,550.5197309111663,220.20789236446655,220.21710948809246,2.4998953632207854,True
22,1,0.026779661016949154,0.08084745762711863,0.10762711864406779,0.0022529939386445163,22.18073610823995,0.0003628862927983055,64.84115736119156,551.250183868893,220.50007354755724,220.50914830133092,2.499897115903766,True
22,2,0.043559322033898305,0.08084745762711863,0.12440677966101693,0.0059609035672781455,22.10918557376631,0.009176237245180078,104.7901288886511,552.1816754535262,220.87267018141048,220.88156629097818,2.4998993113174053,True
22,3,0.06033898305084746,0.08084745762711863,0.1411864406779661,0.01143788815125987,22.022955183988806,0.07930888872367549,144.02667984128027,553.3088901896539,221.32355607586157,221.33224029592998,2.4999019096804784,True
22,4,0.0771186440677966,0.08084745762711863,0.15796610169491523,0.01868394769058968,21.922648450206157,0.3997614277254089,182.40603249936805,554.6264982193917,221.8505992877567,221.85792597324271,2.4999174394440282,True
22,5,0.09389830508474575,0.08084745762711863,0.17474576271186437,0.02769908218526759,21.809113860415405,1.4546885114176338,219.79993805950517,556.1262171045009,222.4504868418004,222.4566447611635,2.4999307964101307,True
22,6,0.1106779661016949,0.08084745762711863,0.19152542372881354,0.03848329163529359,21.68220799146045,4.252601922880619,256.07191829693573,557.8131562792245,223.1252625116898,223.11523243302156,2.500112386753684,True
22,7,0.12745762711864406,0.08084745762711863,0.2083050847457627,0.051036576040667685,21.544915514110915,10.624723015101557,291.1717204912594,559.650886006691,223.86035440267642,223.85184519011474,2.5000950317447064,True
22,8,0.14423728813559322,0.08084745762711863,0.22508474576271187,0.06535893540138989,21.396998635590762,23.57371350608054,324.99526928794523,561.6457927933874,224.65831711735495,224.65109178050716,2.500080406206693,True
22,9,0.1610169491525424,0.08084745762711863,0.24186440677966103,0.08145036971746017,21.2394016954694,47.66643237444538,357.47849754525464,563.7885369068914,225.51541476275656,225.5092810206002,2.500067998777352,True
22,10,0.17779661016949153,0.08084745762711863,0.25864406779661014,0.09931087898887854,21.074019338952393,89.46343785516055,388.60823363555403,566.0565592189488,226.42262368757952,226.43276699258172,2.4998880097485787,True
22,11,0.19457627118644066,0.08084745762711863,0.2754237288135593,0.11894046321564498,20.899755347656697,157.88113055147463,418.27899312704955,568.4682029578802,227.38728118315208,227.3958959220488,2.499905289199902,True
22,12,0.21135593220338983,0.08084745762711863,0.2922033898305085,0.14033912239775956,20.718655119974724,264.67246750477204,446.51015166578236,570.9985228535755,228.39940914143023,228.40671068193438,2.499920081808429,True
22,13,0.228135593220339,0.08084745762711863,0.30898305084745764,0.16350685653522223,20.531614129088442,424.76194890856203,473.29618978092753,573.6379898865592,229.45519595462372,229.46136890143836,2.4999327452498408,True
22,14,0.24491525423728813,0.08084745762711863,0.32576271186440675,0.18844366562803297,20.338585336518115,656.4799199450501,498.5986432196005,576.3902488639839,230.55609954559355,230.54581180263682,2.5001115585539844,True
22,15,0.26169491525423727,0.08084745762711863,0.3425423728813559,0.2151495496761918,20.142356388802728,982.2964509144203,522.5280501669972,579.2180749541953,231.68722998167814,231.67855432051198,2.500093617438951,True
22,16,0.27847457627118644,0.08084745762711863,0.3593220338983051,0.24362450867969873,19.942616121201443,1428.4502049732953,545.0590861753335,582.1280211680773,232.85120846723095,232.8439194695095,2.500078260554732,True
22,17,0.2952542372881356,0.08084745762711863,0.37610169491525425,0.2738685426385538,19.740091428860776,2025.5228266550814,566.2239454493906,585.1115554155613,234.0446221662245,234.03852412435333,2.500065139295913,True
22,18,0.31203389830508477,0.08084745762711863,0.3928813559322034,0.30588165155275693,19.536304396523168,2808.974144848418,586.1116807648762,588.1478347487938,235.25913389951754,235.26933452479676,2.4998916069395545,True
22,19,0.3288135593220339,0.08084745762711863,0.4096610169491525,0.33966383542230805,19.33002957752105,3817.3423032775204,604.6562249714448,591.2566842133693,236.50267368534776,236.51115571397293,2.499910342192955,True
22,20,0.34559322033898304,0.08084745762711863,0.4264406779661017,0.3752150942472074,19.122862072945768,5095.020163125004,621.9633187987366,594.4155864128498,237.76623456513994,237.77324303026214,2.4999263114613646,True
22,21,0.3623728813559322,0.08084745762711863,0.44322033898305085,0.4125354280274548,18.91439113680102,6689.191563489728,638.0198542798373,597.6320639275604,239.05282557102416,239.0411242226066,2.500122377984704,True
22,22,0.3791525423728813,0.08084745762711863,0.45999999999999996,0.45162483676305026,18.707116442176464,8655.39296337495,653.0124244446364,600.8682685850067,240.3473074340027,240.33775187971193,2.5000993971423133,True
22,23,0.3959322033898305,0.08084745762711863,0.47677966101694913,0.49248332045399384,18.500319103107383,11049.822419705963,666.9189204818778,604.1356651167631,241.65426604670526,241.64654568753272,2.5000798724346605,True
22,24,0.41271186440677965,0.08084745762711863,0.4935593220338983,0.5351108791002855,18.294377006882275,13934.234033493363,679.7918854976758,607.4286218181505,242.97144872726022,242.9652932935474,2.500063336553437,True
22,25,0.4294915254237288,0.08084745762711863,0.5103389830508475,0.5795075127019254,18.09036626264368,17377.46173500013,691.7403215011161,610.7298561701373,244.2919424680549,244.30195005112552,2.499897590020582,True
22,26,0.446271186440678,0.08084745762711863,0.5271186440677966,0.6256732212589133,17.88692012245912,21443.754622052074,702.6899715064591,614.0614893445837,245.6245957378335,245.63230423443224,2.4999215443524134,True
22,27,0.4630508474576271,0.08084745762711863,0.5438983050847457,0.6736080047712492,17.68524802786039,26210.104432157685,712.7623749515283,617.4037603360276,246.96150413441106,246.96726111542364,2.499941723237054,True
22,28,0.47983050847457626,0.08084745762711863,0.5606779661016948,0.7233118632389332,17.484960619580033,31750.014490327052,721.9563617188345,620.7629200536554,248.30516802146218,248.2965245913376,2.5000870272966846,True
22,29,0.4966101694915254,0.08084745762711863,0.577457627118644,0.7747847966619654,17.287674111295377,38154.863317801275,730.4365824265882,624.1112802612746,249.64451210450986,249.63875875734809,2.500057616725768,True
22,30,0.5133898305084745,0.08084745762711863,0.5942372881355932,0.8280268050403455,17.093172629988885,45509.846277662604,738.2209945327704,627.451485523576,250.98059420943042,250.9876450125727,2.499929769420105,True
22,31,0.5301694915254237,0.08084745762711863,0.6110169491525423,0.8830378883740738,16.899948816882578,53885.595232810345,745.2110470678676,630.8089062003164,252.32356248012658,252.3177314790132,2.500057774389053,True
22,32,0.5469491525423729,0.08084745762711863,0.6277966101694915,0.9398180466631503,16.69207273090235,63122.90936272381,750.0000000000001,634.4653195306338,253.78612781225354,253.38346512522546,2.503972858754113,True
22,33,0.563728813559322,0.08084745762711863,0.6445762711864407,0.9983672799075749,16.44177226952795,72682.3529646841,749.9999999999999,638.9302813034375,255.572112521375,253.74071844213915,2.5180439514249016,True
22,34,0.5805084745762712,0.08084745762711863,0.6613559322033898,1.0586855881073476,16.202404232312862,83344.03506379365,750.0,643.2653537152302,257.3061414860921,254.18973888640176,2.530650358009564,True
22,35,0.5972881355932204,0.08084745762711863,0.678135593220339,1.1207729712624683,15.973195281358837,95197.60761559143,750.0000000000002,647.4775024557404,258.99100098229616,254.72227810150366,2.5418958533251206,True
22,36,0.6140677966101695,0.08084745762711863,0.6949152542372882,1.1846294293729371,15.753446559858727,108337.1469844345,749.9999999999999,651.5731483138508,260.6292593255403,255.33091520127326,2.5518772288119758,True
22,37,0.6308474576271186,0.08084745762711863,0.7116949152542372,1.2502549624387536,15.542524715928373,122861.23880436683,750.0000000000005,655.5582228334428,262.22328913337714,256.00895923657896,2.5606846916151813,True
22,38,0.6476271186440677,0.08084745762711863,0.7284745762711864,1.3176495704599187,15.3398542141554,138873.06204863015,750.0,659.4382170050094,263.7752868020038,256.75036511991715,2.5684022560085316,True
22,39,0.6644067796610169,0.08084745762711863,0.7452542372881356,1.386813253436432,15.144910722085775,156480.47233654707,749.9999999999999,663.218224017734,265.2872896070936,257.54966085906074,2.5751081240237697,True
22,40,0.6811864406779661,0.08084745762711863,0.7620338983050847,1.457746011368293,14.957215398432059,175796.08450471927,750.0000000000001,666.9029769244075,266.761190769763,258.4018843419137,2.5808750529155233,True
22,41,0.6979661016949152,0.08084745762711863,0.7788135593220339,1.5304478442555023,14.776329941215632,196937.35446786968,749.9999999999999,670.4968819316845,268.1987527726738,259.30252822607247,2.5857707077468715,True
22,42,0.7147457627118644,0.08084745762711863,0.795593220338983,1.6049187520980597,14.601852279172794,220026.6603931641,750.0000000000001,674.0040479140024,269.601619165601,260.2474917360529,2.589857997930631,True
22,43,0.7315254237288136,0.08084745762711863,0.8123728813559322,1.6811587348959653,14.433412809945796,245191.3832104811,750.0,677.4283126558304,270.97132506233214,261.23303837244873,2.5931953970155877,True
22,44,0.7483050847457626,0.08084745762711863,0.8291525423728813,1.7591677926492184,14.270671104900266,272563.98647984886,750.0000000000002,680.7732662496727,272.3093064998691,262.25575870052876,2.5958372453779033,True
22,45,0.7650847457627118,0.08084745762711863,0.8459322033898304,1.83894592535782,14.113313013670565,302282.0956361005,750.0000000000001,684.0422720132843,273.61690880531376,263.31253751902756,2.5978340357752767,True
22,46,0.781864406779661,0.08084745762711863,0.8627118644067796,1.92049313302177,13.961048112362754,334488.5766297384,750.0000000000003,687.2384852363278,274.8953940945311,264.40052481916985,2.5992326819560874,True
22,47,0.7986440677966101,0.08084745762711863,0.8794915254237288,2.0038094156410677,13.81360744822812,369331.6139819935,750.0000000000001,690.3648700222157,276.14594800888625,265.51711003408826,2.6000767706969374,True
22,48,0.8154237288135593,0.08084745762711863,0.8962711864406779,2.0888947732157135,13.670741540941911,406964.78827117156,749.9999999999999,693.4242144535715,277.3696857814286,266.6598991534644,2.6004067977784002,True
22,49,0.8322033898305085,0.08084745762711863,0.9130508474576271,2.1757492057457077,13.53221860668169,447547.15306649386,749.9999999999999,696.4191442783072,278.56765771132285,267.82669434039605,2.6002603885077593,True
22,50,0.8489830508474576,0.08084745762711863,0.9298305084745763,2.26437271323105,13.397822976236666,491243.31132487435,750.0000000000001,699.3521352867491,279.74085411469963,269.0154757394301,2.5996725034664756,True
22,51,0.8657627118644068,0.08084745762711863,0.9466101694915254,2.3547652956717404,13.267353682582046,538223.4912653213,750.0000000000001,702.2255245276959,280.89020981107836,270.2243852083765,2.59867563020337,True
22,52,0.882542372881356,0.08084745762711863,0.9633898305084746,2.4469269530677784,13.140623196872708,588663.6217349675,749.9999999999998,705.0415204921122,282.0166081968449,271.45171174326924,2.597299961618658,True
22,53,0.899322033898305,0.08084745762711863,0.9801694915254237,2.5408576854191645,13.017456294769795,642745.4070800894,750.0,707.8022123767631,283.12088495070526,272.6958783969836,2.5955735617916567,True
22,54,0.9161016949152542,0.08084745762711863,0.9969491525423728,2.636557492725899,12.897689037510048,700656.4015348636,749.9999999999998,710.509578526065,284.203831410426,273.9554305184235,2.59352252000087,True
22,55,0.9328813559322033,0.08084745762711863,1.0137288135593219,2.7340263749879816,12.781167854240753,762590.0831400607,749.9999999999999,713.165494138354,285.2661976553416,275.22902516174605,2.5911710936709613,True
22,56,0.9496610169491525,0.08084745762711863,1.0305084745762711,2.8332643322054123,12.667748713937188,828745.9272033472,750.0000000000001,715.7717383123862,286.3086953249545,276.51542153430705,2.5885418409605085,True
22,57,0.9664406779661017,0.08084745762711863,1.0472881355932202,2.934271364378191,12.557296376747486,899329.4793123119,750.0,718.3300005008914,287.33200020035656,277.8134723685464,2.585655743678108,True
22,58,0.9832203389830508,0.08084745762711863,1.0640677966101695,3.037047471506318,12.44968371591584,974552.4279110202,749.9999999999999,720.8418864302151,288.3367545720861,279.1221161172085,2.582532321184898,True
22,59,1.0,0.08084745762711863,1.0808474576271185,3.141592653589793,12.344791102552552,1054632.6764502015,750.0000000000003,723.3089235383368,289.3235694153347,280.4403698835551,2.579189735909528,True
23,0,0.01,0.08406779661016948,0.09406779661016948,0.0003141592653589793,22.807637460436943,5.703666357530957e-07,24.6201717077638,543.2341185332335,217.29364741329343,217.30440017985777,2.4998762937317944,True
23,1,0.026779661016949154,0.08406779661016948,0.11084745762711865,0.0022529939386445163,22.74859237509138,0.0004014993620456077,65.59105378933643,543.9781736047205,217.59126944188822,217.601855331108,2.499878380067076,True
23,2,0.043559322033898305,0.08406779661016948,0.12762711864406778,0.0059609035672781455,22.674007453636776,0.010150485001986927,105.99079686207658,544.9212641522736,217.96850566090944,217.97888342318066,2.499880977435655,True
23,3,0.06033898305084746,0.08406779661016948,0.14440677966101695,0.01143788815125987,22.584473577129188,0.08771207245163543,145.66271679360725,546.0581384280109,218.4232553712044,218.43327919063296,2.4998852759585706,True
23,4,0.0771186440677966,0.08406779661016948,0.1611864406779661,0.01868394769058968,22.480610051523595,0.44203960151412247,184.4616314165348,547.3835211903585,218.9534084761434,218.9617544925992,2.499904709198244,True
23,5,0.09389830508474575,0.08406779661016948,0.17796610169491522,0.02769908218526759,22.36331382545576,1.608283338686553,222.25960858085935,548.8888511916108,219.55554047664432,219.56255004182668,2.4999201871496184,True
23,6,0.1106779661016949,0.08406779661016948,0.1947457627118644,0.03848329163529359,22.232289844847077,4.700861864184437,258.9166841914757,550.5811626269763,220.23246505079052,220.22116306077478,2.5001283027237102,True
23,7,0.12745762711864406,0.08406779661016948,0.21152542372881356,0.051036576040667685,22.09090454691131,11.74336154367572,294.39016883176487,552.4202253707372,220.9680901482949,220.95850963558857,2.5001083971909717,True
23,8,0.14423728813559322,0.08406779661016948,0.22830508474576272,0.06535893540138989,21.93874338171083,26.053349058679792,328.5727331433337,554.4146139333683,221.76584557334732,221.75771773804223,2.5000916296779656,True
23,9,0.1610169491525424,0.08406779661016948,0.2450847457627119,0.08145036971746017,21.776772184949994,52.67657924135965,361.4007793494554,556.5550637106326,222.62202548425304,222.61513237025935,2.5000774106629713,True
23,10,0.17779661016949153,0.08406779661016948,0.261864406779661,0.09931087898887854,21.607052026130734,98.86399514767659,392.8664905035002,558.8175101359044,223.52700405436178,223.53828224577202,2.499873867338326,True
23,11,0.19457627118644066,0.08406779661016948,0.27864406779661016,0.11894046321564498,21.428188691416434,174.46457887695314,422.85481080008697,561.2238423459359,224.48953693837436,224.49910269278996,2.499893476696556,True
23,12,0.21135593220338983,0.08406779661016948,0.2954237288135593,0.14033912239775956,21.242420058054243,292.4680916713232,451.39100694179615,563.7473292830738,225.49893171322952,225.5070265748072,2.4999102593198463,True
23,13,0.228135593220339,0.08406779661016948,0.3122033898305085,0.16350685653522223,21.05065745297377,469.3706047756043,478.4701536194338,566.3785585234068,226.55142340936274,226.55825435766712,2.499924622606184,True
23,14,0.24491525423728813,0.08406779661016948,0.3289830508474576,0.18844366562803297,20.85274556307722,725.4232243179771,504.04904850685386,569.1226484446606,227.64905937786426,227.63781044014945,2.5001235398646324,True
23,15,0.26169491525423727,0.08406779661016948,0.34576271186440677,0.2151495496761918,20.651754264004442,1085.4985964375353,528.250184322361,571.9395352169341,228.77581408677366,228.76635360102793,2.500103385895662,True
23,16,0.27847457627118644,0.08406779661016948,0.36254237288135593,0.24362450867969873,20.447234941141037,1578.610314226536,551.0426341249424,574.8375295875427,229.9350118350171,229.9270894359794,2.500086140339717,True
23,17,0.2952542372881356,0.08406779661016948,0.3793220338983051,0.2738685426385538,20.23992593823647,2238.598345910717,572.4590855700601,577.8082107394017,231.1232842957607,231.1166826009098,2.5000714108429625,True
23,18,0.31203389830508477,0.08406779661016948,0.39610169491525427,0.30588165155275693,20.03145058159169,3104.7575216258933,592.5937302317162,580.8298624241194,232.33194496964776,232.34282516215603,2.49988292954064,True
23,19,0.3288135593220339,0.08406779661016948,0.4128813559322034,0.33966383542230805,19.820389388136775,4219.682358285214,611.3706114444218,583.9246146293573,233.5698458517429,233.57883850190683,2.4999037514461757,True
23,20,0.34559322033898304,0.08406779661016948,0.42966101694915254,0.3752150942472074,19.608461143067846,5632.593169602743,628.9016199730438,587.0687966524866,234.82751866099466,234.83489363367568,2.499921487682613,True
23,21,0.3623728813559322,0.08406779661016948,0.4464406779661017,0.4125354280274548,19.39618757140675,7397.239359421026,645.2364830349471,590.2556612517698,236.10226450070792,236.10825655037576,2.4999365540011667,True
23,22,0.3791525423728813,0.08406779661016948,0.4632203389830508,0.45162483676305026,19.1832529964535,9570.80372489437,660.3724655067493,593.4909156021378,237.39636624085512,237.38662446229478,2.5001025940128514,True
23,23,0.3959322033898305,0.08406779661016948,0.48,0.49248332045399384,18.971826702317014,12220.10722846154,674.4808135832408,596.7420822436334,238.69683289745336,238.68908386896533,2.500081162367822,True
23,24,0.41271186440677965,0.08406779661016948,0.49677966101694915,0.5351108791002855,18.761299579364994,15412.187181411324,687.5483845013003,600.0185860233332,240.0074344093333,240.00138275832603,2.5000630376681348,True
23,25,0.4294915254237288,0.08406779661016948,0.5135593220338983,0.5795075127019254,18.552738281928974,19223.345621174933,699.6826593682578,603.303751093944,241.3215004375776,241.33096292331325,2.499901976049602,True
23,26,0.446271186440678,0.08406779661016948,0.5303389830508475,0.6256732212589133,18.34478799798567,23725.170791268538,710.8119448472175,606.6189209837627,242.64756839350508,242.65456476530494,2.4999279183990764,True
23,27,0.4630508474576271,0.08406779661016948,0.5471186440677965,0.6736080047712492,18.137914306241573,28998.3651535073,720.9976517705037,609.9569281699564,243.98277126798257,243.97260574113068,2.500104166683192,True
23,28,0.47983050847457626,0.08406779661016948,0.5638983050847457,0.7233118632389332,17.934126898327293,35140.363325029255,730.4303496886496,613.2848754053854,245.31395016215416,245.30740217192493,2.5000667324973813,True
23,29,0.4966101694915254,0.08406779661016948,0.5806779661016949,0.7747847966619654,17.73305878371143,42241.39466049625,739.1173408466786,616.6077898160123,246.64311592640493,246.65041813223456,2.499925986281668,True
23,30,0.5133898305084745,0.08406779661016948,0.597457627118644,0.8280268050403455,17.53375916536733,50386.570732590095,747.0124004462257,619.9407880692588,247.97631522770354,247.98489101255788,2.4999135452887944,True
23,31,0.5301694915254237,0.08406779661016948,0.6142372881355932,0.8830378883740738,17.288528396052865,59015.11226795981,750.0000000000002,624.0966956708161,249.63867826832643,248.62122108363496,2.510230996978625,True
23,32,0.5469491525423729,0.08406779661016948,0.6310169491525424,0.9398180466631503,17.02126828785543,68251.72030721298,750.0,628.696284551601,251.47851382064042,248.87113436327434,2.5261920638570334,True
23,33,0.563728813559322,0.08406779661016948,0.6477966101694915,0.9983672799075749,16.76603148327692,78587.87999314253,749.9999999999999,633.1591021561952,253.2636408624781,249.21997601607097,2.540563209569388,True
23,34,0.5805084745762712,0.08406779661016948,0.6645762711864407,1.0586855881073476,16.52194270852383,90115.83635604368,749.9999999999999,637.4926664357864,254.99706657431457,249.65874343913995,2.55345620046826,True
23,35,0.5972881355932204,0.08406779661016948,0.6813559322033899,1.1207729712624683,16.288213374182774,102932.52567873699,750.0000000000002,641.7038920396204,256.6815568158482,250.17935613741523,2.5649753918430975,True
23,36,0.6140677966101695,0.08406779661016948,0.698135593220339,1.1846294293729371,16.064130840822976,117139.66814130351,750.0,645.7991535356958,258.31966141427836,250.77454434630192,2.57521813156559,True
23,37,0.6308474576271186,0.08406779661016948,0.7149152542372881,1.2502549624387536,15.849049265803158,132843.8595769993,750.0000000000001,649.7843405169496,259.91373620677984,251.43775344123486,2.58427516004996,True
23,38,0.6476271186440677,0.08406779661016948,0.7316949152542372,1.3176495704599187,15.642381763191247,150156.66237251429,750.0,653.6649058171791,261.46596232687165,252.1630615418129,2.5922310025125963,True
23,39,0.6644067796610169,0.08406779661016948,0.7484745762711864,1.386813253436432,15.443593659821351,169194.69554363628,750.0000000000003,657.4459078499245,262.9783631399698,252.9451082030899,2.599164350401513,True
23,40,0.6811864406779661,0.08406779661016948,0.7652542372881356,1.457746011368293,15.252196670855971,190079.72401545747,750.0000000000001,661.1320479132406,264.45281916529626,253.7790324701464,2.6051484296324348,True
23,41,0.6979661016949152,0.08406779661016948,0.7820338983050847,1.5304478442555023,15.067743850269336,212938.7471345078,749.9999999999999,664.7277031650101,265.89108126600405,254.66041887740903,2.6102513539216448,True
23,42,0.7147457627118644,0.08406779661016948,0.7988135593220339,1.6049187520980597,14.889825197280794,237904.08643858437,750.0000000000001,668.2369558605975,267.294782344239,255.58525021893678,2.6145364620539695,True
23,43,0.7315254237288136,0.08406779661016948,0.8155932203389831,1.6811587348959653,14.718063820356711,265113.4727085765,749.9999999999998,671.663619352035,268.665447740814,256.5498661132826,2.6180626383778898,True
23,44,0.7483050847457626,0.08406779661016948,0.8323728813559321,1.7591677926492184,14.552112577041395,294710.1323252268,750.0000000000005,675.0112612715726,270.00450450862905,257.5509265466773,2.6208846161896324,True
23,45,0.7650847457627118,0.08406779661016948,0.8491525423728813,1.83894592535782,14.391651121399224,326842.87295250694,750.0000000000002,678.2832242591799,271.31328970367196,258.58537970897595,2.623053263964697,True
23,46,0.781864406779661,0.08406779661016948,0.8659322033898305,1.92049313302177,14.236383301891944,361666.168568146,750.0000000000001,681.4826445409332,272.5930578163733,259.65043354395976,2.624615854629627,True
23,47,0.7986440677966101,0.08406779661016948,0.8827118644067796,2.0038094156410677,14.086034861573387,399340.24386075715,750.0000000000005,684.6124686212517,273.84498744850066,260.74353052398493,2.6256163182475447,True
23,48,0.8154237288135593,0.08406779661016948,0.8994915254237288,2.0888947732157135,13.94035139995004,440031.15801203606,749.9999999999999,687.6754683150288,275.07018732601153,261.86232523220843,2.6260954786268975,True
23,49,0.8322033898305085,0.08406779661016948,0.916271186440678,2.1757492057457077,13.799096562035333,483910.8878815743,750.0000000000003,690.674254314621,276.2697017258484,263.004664396541,2.6260912744622207,True
23,50,0.8489830508474576,0.08406779661016948,0.9330508474576271,2.26437271323105,13.662050425261365,531157.4106109565,750.0000000000001,693.611288460374,277.4445153841496,264.1685690704759,2.625638965683801,True
23,51,0.8657627118644068,0.08406779661016948,0.9498305084745763,2.3547652956717404,13.52900805919792,581954.7856630548,749.9999999999998,696.4888948610679,278.5955579444272,265.3522186986893,2.624771325737207,True
23,52,0.882542372881356,0.08406779661016948,0.9666101694915255,2.4469269530677784,13.399778236617811,636493.2363116343,750.0000000000001,699.3092699916762,279.7237079966705,266.553936841404,2.6235188205370825,True
23,53,0.899322033898305,0.08406779661016948,0.9833898305084745,2.5408576854191645,13.274182277465506,694969.2305957279,750.0,702.074491879625,280.82979675185004,267.77217836200316,2.6219097748478015,True
23,54,0.9161016949152542,0.08406779661016948,1.0001694915254236,2.636557492725899,13.152053009831487,757585.561752571,750.0000000000001,704.7865284768426,281.91461139073704,269.0055179082852,2.6199705268392774,True
23,55,0.9328813559322033,0.08406779661016948,1.0169491525423728,2.7340263749879816,13.033233834189328,824551.4281422844,750.0,707.4472453029488,282.9788981211795,270.2526395398441,2.6177255715522727,True
23,56,0.9496610169491525,0.08406779661016948,1.033728813559322,2.8332643322054123,12.917577878981847,896082.5126768806,749.9999999999998,710.0584124346601,284.02336497386403,271.5123273729189,2.61519769398685,True
23,57,0.9664406779661017,0.08406779661016948,1.0505084745762712,2.934271364378191,12.804947237201475,972401.0617657468,750.0000000000002,712.6217109075696,285.04868436302786,272.78345713023646,2.6124080925015143,True
23,58,0.9832203389830508,0.08406779661016948,1.0672881355932202,3.037047471506318,12.695212274940337,1053735.963789043,750.0000000000001,715.1387385887838,286.05549543551354,274.06498849729036,2.609376493181121,True
23,59,1.0,0.08406779661016948,1.0840677966101695,3.141592653589793,12.588251004027272,1140322.827110273,750.0,717.6110155721758,287.04440622887034,275.3559581985055,2.6061212557995437,True
24,0,0.01,0.08728813559322034,0.09728813559322033,0.0003141592653589793,23.36706014181441,6.284188655153804e-07,24.88932253124562,536.2940268864122,214.51761075456488,214.51098463565472,2.5000772235384754,True
24,1,0.026779661016949154,0.08728813559322034,0.1140677966101695,0.0022529939386445163,23.305257653559725,0.0004422648040853532,66.30065449056526,537.0511473099916,214.82045892399665,214.8139423547558,2.5000758396914255,True
24,2,0.043559322033898305,0.08728813559322034,0.13084745762711864,0.0059609035672781455,23.22764776811952,0.011178784396642478,107.12639684987623,538.0052555814178,215.20210223256714,215.19572135322957,2.500074128789567,True
24,3,0.06033898305084746,0.08728813559322034,0.1476271186440678,0.01143788815125987,23.136080424838617,0.0966003334869934,147.22531080963827,539.1357582677815,215.65430330711263,215.66564207803555,2.4998685607636237,True
24,4,0.0771186440677966,0.08728813559322034,0.16440677966101694,0.01868394769058968,23.028662149399256,0.4867474023552646,186.42395813345843,540.4686383620057,216.1874553448023,216.19688955502554,2.499890907192945,True
24,5,0.09389830508474575,0.08728813559322034,0.18118644067796608,0.02769908218526759,22.907609269466242,1.770667421890246,224.60644274252292,541.9794162037782,216.7917664815113,216.79968444274155,2.499908694963618,True
24,6,0.1106779661016949,0.08728813559322034,0.19796610169491524,0.03848329163529359,22.773788992390823,5.175852319218737,261.6596025688529,543.6603850838746,217.46415403354987,217.47083035724674,2.499923250354014,True
24,7,0.12745762711864406,0.08728813559322034,0.2147457627118644,0.051036576040667685,22.62701328046702,12.925500307223754,297.45769986513596,545.5173322006392,218.2069328802557,218.19622252093242,2.5001227147656304,True
24,8,0.14423728813559322,0.08728813559322034,0.23152542372881357,0.06535893540138989,22.47064244977845,28.673355725589765,331.9811691374264,547.5110881169284,219.00443524677135,218.99535669073776,2.5001036386817828,True
24,9,0.1610169491525424,0.08728813559322034,0.24830508474576274,0.08145036971746017,22.304339181357673,57.969689791527635,365.13649139845484,549.6491525177195,219.8596610070878,219.8519690143104,2.50008746786317,True
24,10,0.17779661016949153,0.08728813559322034,0.26508474576271185,0.09931087898887854,22.129094196691526,108.77037749704066,396.8767652943099,551.9221445343793,220.76885781375174,220.76234928840188,2.500073705110618,True
24,11,0.19457627118644066,0.08728813559322034,0.281864406779661,0.11894046321564498,21.94693370790396,191.98213884504352,427.21107520067176,554.3068594116802,221.7227437646721,221.733296823192,2.4998810163079797,True
24,12,0.21135593220338983,0.08728813559322034,0.2986440677966102,0.14033912239775956,21.75655629341335,321.8274916052658,456.03657391803637,556.8234935360321,222.72939741441283,222.73831383868787,2.499899922647777,True
24,13,0.228135593220339,0.08728813559322034,0.31542372881355935,0.16350685653522223,21.56013736747667,516.4869168987051,483.39373594323854,559.4464775745612,223.7785910298245,223.78610131508742,2.499916099735207,True
24,14,0.24491525423728813,0.08728813559322034,0.33220338983050846,0.18844366562803297,21.35856607344722,798.4116199727699,509.2897592759832,562.1666830494385,224.8666732197754,224.8729758506192,2.499929931210943,True
24,15,0.26169491525423727,0.08728813559322034,0.3489830508474576,0.2151495496761918,21.15172788420981,1194.4964793014626,533.6934940564681,564.9883846430813,225.99535385723254,225.98509893233938,2.5001134469146593,True
24,16,0.27847457627118644,0.08728813559322034,0.3657627118644068,0.24362450867969873,20.942509910234257,1737.206741778865,556.7342426477339,567.8744316457941,227.14977265831763,227.14121358478147,2.500094204321192,True
24,17,0.2952542372881356,0.08728813559322034,0.38254237288135595,0.2738685426385538,20.730500121919402,2463.65346684634,578.3897940552795,570.8322683372619,228.33290733490477,228.32580415680405,2.500077774587578,True
24,18,0.31203389830508477,0.08728813559322034,0.3993220338983051,0.30588165155275693,20.517424913623117,3417.192928812556,598.7594837284785,573.8393195597703,229.53572782390813,229.5472661064134,2.499874336528801,True
24,19,0.3288135593220339,0.08728813559322034,0.4161016949152542,0.33966383542230805,20.301664206425954,4644.699180368274,617.7573503970776,576.9199934654449,230.76799738617797,230.77747361202452,2.4998973445534105,True
24,20,0.34559322033898304,0.08728813559322034,0.4328813559322034,0.3752150942472074,20.085064191415455,6200.507438136582,635.5015076200107,580.0494692518834,232.01978770075334,232.0274973901837,2.4999169312956755,True
24,21,0.3623728813559322,0.08728813559322034,0.44966101694915256,0.4125354280274548,19.868152777174263,8143.931910621225,652.0420345631516,583.2210977348108,233.28843909392432,233.29463940231128,2.499933557106125,True
24,22,0.3791525423728813,0.08728813559322034,0.46644067796610167,0.45162483676305026,19.650581697728484,10538.068946467727,667.3746670471953,586.440931676223,234.57637267048923,234.56652222250528,2.5001049856549287,True
24,23,0.3959322033898305,0.08728813559322034,0.48322033898305083,0.49248332045399384,19.434620577054886,13456.827526186962,681.6758091340765,589.6758484150132,235.87033936600528,235.86264296809134,2.500081577118541,True
24,24,0.41271186440677965,0.08728813559322034,0.5,0.5351108791002855,19.219603016876476,16974.236692991464,694.9294277459131,592.9358680910419,237.1743472364168,237.16848374465724,2.500061807240015,True
24,25,0.4294915254237288,0.08728813559322034,0.5167796610169492,0.5795075127019254,19.00657000113979,21174.43835344105,707.2403343333978,596.2051370500252,238.4820548200101,238.49081143018782,2.4999082080969366,True
24,26,0.446271186440678,0.08728813559322034,0.5335593220338983,0.6256732212589133,18.794209565080862,26136.94472139837,718.5415735054208,599.5037903269666,239.80151613078667,239.80763719765662,2.4999361877405,True
24,27,0.4630508474576271,0.08728813559322034,0.5503389830508474,0.6736080047712492,18.583124654899244,31952.076842310566,728.9052638841916,602.8226587777207,241.12906351108828,241.12108168060445,2.500082757492918,True
24,28,0.47983050847457626,0.08728813559322034,0.5671186440677966,0.7233118632389332,18.37571762943927,38731.340511426,738.5525431464009,606.1233029064601,242.44932116258406,242.45788587797375,2.4999116886283295,True
24,29,0.4966101694915254,0.08728813559322034,0.5838983050847457,0.7747847966619654,18.1697253867404,46558.297153668966,747.3383325091568,609.4410153243954,243.77640612975816,243.7846798005637,2.499915153909463,True
24,30,0.5133898305084745,0.08728813559322034,0.6006779661016949,0.8280268050403455,17.902123110727846,54756.13822674277,750.0,613.811144147228,245.5244576588912,244.237458089321,2.5131736505493305,True
24,31,0.5301694915254237,0.08728813559322034,0.617457627118644,0.8830378883740738,17.61654769086486,63623.02919838395,749.9999999999999,618.5514713412996,247.42058853651986,244.3744131353241,2.5311629945430183,True
24,32,0.5469491525423729,0.08728813559322034,0.6342372881355932,0.9398180466631503,17.344216794095146,73580.83424850646,750.0,623.1475810029261,249.25903240117046,244.61824139544396,2.547428913919632,True
24,33,0.563728813559322,0.08728813559322034,0.6510169491525424,0.9983672799075749,17.084137321897394,84724.044253956,750.0000000000001,627.6076060069796,251.04304240279185,244.9590845417296,2.5620915720725783,True
24,34,0.5805084745762712,0.08728813559322034,0.6677966101694915,1.0586855881073476,16.835417393703604,97152.10676351003,750.0,631.9390091164299,252.775603646572,245.38811631387458,2.5752632955873067,True
24,35,0.5972881355932204,0.08728813559322034,0.6845762711864407,1.1207729712624683,16.597253458008915,110969.52687281727,750.0,636.1486550874771,254.45946203499085,245.89741463077738,2.5870489774879255,True
24,36,0.6140677966101695,0.08728813559322034,0.7013559322033899,1.1846294293729371,16.368919354307877,126285.9671028601,750.0000000000001,640.2428732740868,256.09714930963474,246.47985234330264,2.597546481739782,True
24,37,0.6308474576271186,0.08728813559322034,0.7181355932203389,1.2502549624387536,16.14975698623565,143216.34632019742,750.0000000000006,644.2275122027472,257.6910048810989,247.12900347744431,2.6068470440036653,True
24,38,0.6476271186440677,0.08728813559322034,0.7349152542372881,1.3176495704599187,15.939168332736026,161880.93773474114,749.9999999999998,648.1079873282648,259.24319493130594,247.83906242356005,2.615035664638854,True
24,39,0.6644067796610169,0.08728813559322034,0.7516949152542373,1.386813253436432,15.73660857616404,182405.46600855596,750.0000000000001,651.8893229728088,260.75572918912354,248.60477400334761,2.622191490836096,True
24,40,0.6811864406779661,0.08728813559322034,0.7684745762711864,1.457746011368293,15.541580167339701,204921.20350708757,749.9999999999998,655.5761892820252,262.2304757128101,249.42137272272979,2.6283881855257007,True
24,41,0.6979661016949152,0.08728813559322034,0.7852542372881356,1.5304478442555023,15.353627680225717,229565.0657223509,750.0000000000002,659.1729348953266,263.66917395813067,250.28452981853954,2.6336942813574535,True
24,42,0.7147457627118644,0.08728813559322034,0.8020338983050848,1.6049187520980597,15.172333335000665,256479.70589585052,750.0000000000002,662.6836159158648,265.07344636634593,251.1903069471458,2.638173518595617,True
24,43,0.7315254237288136,0.08728813559322034,0.8188135593220339,1.6811587348959653,14.997313089279665,285813.6088674406,750.0000000000002,666.1120216741075,266.444808669643,252.1351155568968,2.6418851662246654,True
24,44,0.7483050847457626,0.08728813559322034,0.835593220338983,1.7591677926492184,14.828213214191965,317721.18417484337,750.0000000000005,669.461697703428,267.78467908137117,253.1156811434694,2.6448843259298815,True
24,45,0.7650847457627118,0.08728813559322034,0.8523728813559321,1.83894592535782,14.664707285803559,352362.8584272103,749.9999999999998,672.7359662835521,269.09438651342083,254.12901171544763,2.647222218913067,True
24,46,0.781864406779661,0.08728813559322034,0.8691525423728813,1.92049313302177,14.50649353362376,389905.16697485745,750.0000000000001,675.9379448556348,270.3751779422539,255.17236990265167,2.64894645573698,True
24,47,0.7986440677966101,0.08728813559322034,0.8859322033898305,2.0038094156410677,14.35329249716517,430520.84489614185,750.0000000000002,679.0705625692336,271.6282250276935,256.24324822649237,2.6501012895723437,True
24,48,0.8154237288135593,0.08728813559322034,0.9027118644067796,2.0888947732157135,14.2048449491342,474388.91732140357,750.0000000000003,682.1365751849297,272.8546300739719,257.3393471234732,2.650727853357131,True
24,49,0.8322033898305085,0.08728813559322034,0.9194915254237288,2.1757492057457077,14.060910050125786,521694.78911286424,749.9999999999998,685.1385785255906,274.0554314102362,258.45855537279374,2.6508643814764223,True
24,50,0.8489830508474576,0.08728813559322034,0.936271186440678,2.26437271323105,13.921263704929709,572630.3339184884,749.9999999999998,688.0790206432649,275.231608257306,259.59893262899027,2.650546416639715,True
24,51,0.8657627118644068,0.08728813559322034,0.9530508474576271,2.3547652956717404,13.785697094922744,627393.9826169191,750.0000000000003,690.9602128466369,276.38408513865477,260.7586938025694,2.649807002675776,True
24,52,0.882542372881356,0.08728813559322034,0.9698305084745763,2.4469269530677784,13.654015364678754,686190.8111698152,750.0000000000001,693.7843397151775,277.513735886071,261.93619506693136,2.648676863989331,True
24,53,0.899322033898305,0.08728813559322034,0.9866101694915254,2.5408576854191645,13.526036444003722,749232.6278971775,750.0000000000001,696.5534682100855,278.6213872840342,263.12992129985577,2.6471845724314718,True
24,54,0.9161016949152542,0.08728813559322034,1.0033898305084745,2.636557492725899,13.401589989196374,816738.0601905007,750.0000000000001,699.2695559783693,279.70782239134775,264.3384747932102,2.645356702331744,True
24,55,0.9328813559322033,0.08728813559322034,1.0201694915254236,2.7340263749879816,13.280516429530792,888932.6406779919,750.0000000000001,701.9344589345902,280.7737835738361,265.56056508622794,2.6432179744258,True
24,56,0.9496610169491525,0.08728813559322034,1.0369491525423729,2.8332643322054123,13.16266610682143,966048.8928554504,750.0000000000001,704.5499381946182,281.8199752778473,266.79499979617805,2.6407913893921156,True
24,57,0.9664406779661017,0.08728813559322034,1.053728813559322,2.934271364378191,13.047898497518716,1048326.4161957725,749.9999999999998,707.1176664269443,282.8470665707777,268.040676336173,2.6380983516848273,True
24,58,0.9832203389830508,0.08728813559322034,1.0705084745762712,3.037047471506318,12.936081508140399,1136011.970749666,750.0000000000002,709.6392336794584,283.85569347178335,269.2965744234419,2.635158784320894,True
24,59,1.0,0.08728813559322034,1.0872881355932202,3.141592653589793,12.827090836005109,1229359.561249355,749.9999999999999,712.1161527329908,284.84646109319635,270.5617492932409,2.6319912352473125,True
25,0,0.01,0.09050847457627118,0.10050847457627117,0.0003141592653589793,23.918220528757818,6.898399986423144e-07,25.14945780388552,529.6443209623852,211.8577283849541,211.85006511636357,2.500090432690997,True
25,1,0.026779661016949154,0.09050847457627118,0.11728813559322032,0.0022529939386445163,23.853607167620485,0.00048538124985441467,66.98600782702898,530.4144836368923,212.16579345475694,212.15825748168993,2.500088801316956,True
25,2,0.043559322033898305,0.09050847457627118,0.1340677966101695,0.0059609035672781455,23.772923317988994,0.012266029690617368,108.22240617097349,531.3796655689523,212.55186622758094,212.5444870517448,2.500086795662622,True
25,3,0.06033898305084746,0.09050847457627118,0.15084745762711863,0.01143788815125987,23.676837475876905,0.10595324364379599,148.70181430070684,532.5341470494874,213.01365881979495,213.00683880204693,2.5000800445866713,True
25,4,0.0771186440677966,0.09050847457627118,0.16762711864406776,0.01868394769058968,23.56727498534321,0.5339078250673615,188.29943565489654,533.8573040754884,213.54292163019537,213.55351149717026,2.4998760279461028,True
25,5,0.09389830508474575,0.09050847457627118,0.18440677966101693,0.02769908218526759,23.442469966543655,1.9419203044385058,226.84822455527242,535.3733813839841,214.14935255359364,214.15823442627809,2.4998963164700596,True
25,6,0.1106779661016949,0.09050847457627118,0.2011864406779661,0.03848329163529359,23.304726131455332,5.6756645723213,264.2530884547166,537.0576689974031,214.82306759896125,214.83055146921998,2.4999129096140242,True
25,7,0.12745762711864406,0.09050847457627118,0.21796610169491523,0.051036576040667685,23.154986917025443,14.174788745674762,300.4178984838746,538.9019082846756,215.56076331387027,215.56708267608016,2.4999267123471327,True
25,8,0.14423728813559322,0.09050847457627118,0.2347457627118644,0.06535893540138989,22.993161709572945,31.434846215530527,335.2322799610791,540.9107343388058,216.36429373552232,216.35421823762124,2.500116423636007,True
25,9,0.1610169491525424,0.09050847457627118,0.2515254237288136,0.08145036971746017,22.82256670893226,63.547939581145435,368.6985748506092,543.0463423800134,217.21853695200537,217.21000833320443,2.500098160978704,True
25,10,0.17779661016949153,0.09050847457627118,0.2683050847457627,0.09931087898887854,22.642934076137283,119.23037078108311,400.73730736341236,545.3152343081753,218.12609372327012,218.1188851158886,2.5000826224581343,True
25,11,0.19457627118644066,0.09050847457627118,0.2850847457627118,0.11894046321564498,22.455263470950708,210.3962712335599,431.3175021835964,547.708039019462,219.08321560778484,219.07713632109122,2.500069373815037,True
25,12,0.21135593220338983,0.09050847457627118,0.301864406779661,0.14033912239775956,22.26152035787035,352.762008300075,460.46325518139776,550.2026261244239,220.08105044976958,220.090814326771,2.4998890926339734,True
25,13,0.228135593220339,0.09050847457627118,0.31864406779661014,0.16350685653522223,22.060507265755714,566.1287476973084,488.08440573748135,552.8173830175939,221.12695320703756,221.1351620870075,2.4999071961250703,True
25,14,0.24491525423728813,0.09050847457627118,0.3354237288135593,0.18844366562803297,21.854313075832938,875.1593154026617,514.2343115988587,555.528097112168,222.2112388448672,222.21811236238483,2.4999226714977847,True
25,15,0.26169491525423727,0.09050847457627118,0.3522033898305085,0.2151495496761918,21.642723836528063,1309.3300722136325,538.8774556781756,558.3403110905228,223.33612443620916,223.32506821721628,2.500123768225855,True
25,16,0.27847457627118644,0.09050847457627118,0.36898305084745764,0.24362450867969873,21.428883823109192,1904.2974632367634,562.1543134154198,561.2144462922128,224.48577851688512,224.47658193201767,2.500102422542123,True
25,17,0.2952542372881356,0.09050847457627118,0.3857627118644068,0.2738685426385538,21.212252798181908,2700.770488041037,584.0373508500887,564.1594800554994,225.6637920221998,225.65619169822637,2.5000842024754144,True
25,18,0.31203389830508477,0.09050847457627118,0.40254237288135597,0.30588165155275693,20.993535193811578,3745.5913901826,604.5661495278216,567.1675798636401,226.86703194545603,226.8607990551405,2.5000686862862764,True
25,19,0.3288135593220339,0.09050847457627118,0.419322033898305,0.33966383542230805,20.77428395299937,5092.549801629238,623.8393138367696,570.2186484554867,228.08745938219468,228.0973897619814,2.4998911607472025,True
25,20,0.34559322033898304,0.09050847457627118,0.4361016949152542,0.3752150942472074,20.55309673637072,6798.974335653358,641.7865949382519,573.3334702686158,229.33338810744632,229.34139862404223,2.4999126791254875,True
25,21,0.3623728813559322,0.09050847457627118,0.45288135593220336,0.4125354280274548,20.33163365464822,8930.85983900238,658.5232845889803,576.4899098894847,230.59596395579388,230.60233484341904,2.499930932099739,True
25,22,0.3791525423728813,0.09050847457627118,0.4696610169491525,0.45162483676305026,20.10951979393854,11557.560935930333,674.0440312591384,579.6942615847053,231.8777046338821,231.86782441367782,2.500106528581847,True
25,23,0.3959322033898305,0.09050847457627118,0.4864406779661017,0.49248332045399384,19.88911332778579,14760.46741750861,688.5295224390804,582.9129534297484,233.1651813718994,233.15762001203822,2.500081075624515,True
25,24,0.41271186440677965,0.09050847457627118,0.5032203389830509,0.5351108791002855,19.670634876672,18624.563810703803,702.0282732991549,586.1425298412231,234.45701193648927,234.46821231011108,2.4998805768433225,True
25,25,0.4294915254237288,0.09050847457627118,0.52,0.5795075127019254,19.452263406690264,23231.51160019275,714.4400257092101,589.4101020861444,235.76404083445777,235.77193260167866,2.4999163199035843,True
25,26,0.446271186440678,0.09050847457627118,0.5367796610169492,0.6256732212589133,19.234748024130496,28675.075124906805,725.8430874758615,592.7049476926442,237.08197907705767,237.07169926769063,2.50010840401236,True
25,27,0.4630508474576271,0.09050847457627118,0.5535593220338982,0.6736080047712492,19.021303380105344,35073.99381305657,736.5125018034272,595.9777585572416,238.39110342289666,238.4023015190271,2.4998825714343034,True
25,28,0.47983050847457626,0.09050847457627118,0.5703389830508474,0.7233118632389332,18.80792833322091,42505.8924326238,746.1749672067233,599.2894806105061,239.71579224420245,239.70963181969384,2.5000642488211864,True
25,29,0.4966101694915254,0.09050847457627118,0.5871186440677966,0.7747847966619654,18.534777625903583,50414.23172235677,750.0000000000001,603.5885103672989,241.43540414691958,240.21279144198914,2.512724267279764,True
25,30,0.5133898305084745,0.09050847457627118,0.6038983050847457,0.8280268050403455,18.229365530633405,58870.92601445966,749.9999999999999,608.4763505328589,243.39054021314357,240.230216979793,2.5328884858145924,True
25,31,0.5301694915254237,0.09050847457627118,0.6206779661016949,0.8830378883740738,17.938569925941874,68404.14181956605,750.0000000000006,613.2118928691075,245.284757147643,240.36335342460805,2.5511871262082657,True
25,32,0.5469491525423729,0.09050847457627118,0.6374576271186441,0.9398180466631503,17.661260948018164,79110.25118660429,750.0000000000002,617.803957376543,247.12158295061724,240.60136805325732,2.5677491461303394,True
25,33,0.563728813559322,0.09050847457627118,0.6542372881355932,0.9983672799075749,17.396427344965463,91090.84574712448,750.0000000000001,622.2606171854118,248.90424687416473,240.93458860527105,2.582695248480393,True
25,34,0.5805084745762712,0.09050847457627118,0.6710169491525424,1.0586855881073476,17.143160933057008,104452.8462861928,750.0000000000001,626.5892811479526,250.63571245918106,241.35435558153796,2.5961382782514932,True
25,35,0.5972881355932204,0.09050847457627118,0.6877966101694916,1.1207729712624683,16.900643472243036,119308.61119783227,750.0,630.7967652500729,252.31870610002917,241.85289670686518,2.608183626655596,True
25,36,0.6140677966101695,0.09050847457627118,0.7045762711864407,1.1846294293729371,16.668135528144415,135776.0438691043,750.0,634.8893546199783,253.95574184799136,242.4232196972184,2.6189296364141277,True
25,37,0.6308474576271186,0.09050847457627118,0.7213559322033898,1.2502549624387536,16.444966974703185,153978.6990339604,749.9999999999999,638.8728575887598,255.5491430355039,243.0590202369583,2.628468003227868,True
25,38,0.6476271186440677,0.09050847457627118,0.738135593220339,1.3176495704599187,16.230528859318536,174045.88813531093,749.9999999999998,642.7526530008295,257.1010612003318,243.75460266713685,2.6368841694388476,True
25,39,0.6644067796610169,0.09050847457627118,0.7549152542372881,1.386813253436432,16.024266405334288,196112.78373130667,750.0000000000002,646.5337317657977,258.6134927063191,244.50481135348346,2.6442577067781965,True
25,40,0.6811864406779661,0.09050847457627118,0.7716949152542373,1.457746011368293,15.825672968604641,220320.52297961005,749.9999999999999,650.2207334768442,260.0882933907377,245.30497107255687,2.650662685855316,True
25,41,0.6979661016949152,0.09050847457627118,0.7884745762711864,1.5304478442555023,15.634284798117793,246816.31023139856,750.0000000000001,653.8179787854161,261.5271915141665,246.15083504894534,2.6561680306930873,True
25,42,0.7147457627118644,0.09050847457627118,0.8052542372881356,1.6049187520980597,15.449676477233,275753.51876496215,750.0,657.3294981116928,262.93179924467717,247.03853951236982,2.6608378571586346,True
25,43,0.7315254237288136,0.09050847457627118,0.8220338983050848,1.6811587348959653,15.271456943450582,307291.79168707295,750.0000000000002,660.7590571796563,264.30362287186256,247.9645638338798,2.6647317945894966,True
25,44,0.7483050847457626,0.09050847457627118,0.8388135593220338,1.7591677926492184,15.099266001901814,341597.1420286984,750.0,664.1101797909133,265.64407191636536,248.925695454698,2.6679052902827975,True
25,45,0.7650847457627118,0.09050847457627118,0.855593220338983,1.83894592535782,14.932771261776184,378842.05206021195,750.0000000000003,667.3861681894952,266.9544672757981,249.9189989472495,2.6704098968096486,True
25,46,0.781864406779661,0.09050847457627118,0.8723728813559322,1.92049313302177,14.771665436359847,419205.5718498725,750.0,670.5901213183637,268.2360485273455,250.94178865122768,2.6722935423497187,True
25,47,0.7986440677966101,0.09050847457627118,0.8891525423728813,2.0038094156410677,14.615663956758693,462873.41708814865,750.0,673.7249512252803,269.48998049011215,251.9916044127338,2.6736007844205587,True
25,48,0.8154237288135593,0.09050847457627118,0.9059322033898305,2.0888947732157135,14.4645028571257,510038.06619927246,750.0,676.7933978395766,270.7173591358307,253.066190025102,2.67437304751158,True
25,49,0.8322033898305085,0.09050847457627118,0.9227118644067797,2.1757492057457077,14.317936895624362,560898.8567603653,749.9999999999997,679.7980423109185,271.9192169243674,254.1634740287735,2.6746488452308435,True
25,50,0.8489830508474576,0.09050847457627118,0.9394915254237288,2.26437271323105,14.175737880689045,615662.0812474712,749.9999999999999,682.7413190754219,273.09652763016874,255.28155257666322,2.67446398764121,True
25,51,0.8657627118644068,0.09050847457627118,0.956271186440678,2.3547652956717404,14.03769317658996,674541.0821269115,750.0000000000002,685.6255267926375,274.25021071705504,256.41867411270556,2.673851774505626,True
25,52,0.882542372881356,0.09050847457627118,0.9730508474576272,2.4469269530677784,13.903604366035113,737756.3463095102,750.0,688.4528382783332,275.38113531133325,257.5732256460043,2.6728431751850956,True
25,53,0.899322033898305,0.09050847457627118,0.9898305084745762,2.5408576854191645,13.773286050672667,805535.5989844366,749.9999999999995,691.225309542107,276.4901238168428,258.74372043240777,2.671466995940786,True
25,54,0.9161016949152542,0.09050847457627118,1.0066101694915253,2.636557492725899,13.646564772998333,878113.8968486453,750.0000000000002,693.9448880252654,277.57795521010615,259.92878690026834,2.6697500353876698,True
25,55,0.9328813559322033,0.09050847457627118,1.0233898305084745,2.7340263749879816,13.523278045408128,955733.720747192,749.9999999999998,696.6134201226997,278.6453680490799,261.1271586784297,2.6677172288331694,True
25,56,0.9496610169491525,0.09050847457627118,1.0401694915254236,2.8332643322054123,13.403273474034972,1038645.067739044,749.9999999999998,699.2326580624016,279.69306322496067,262.33766560264894,2.6653917822136064,True
25,57,0.9664406779661017,0.09050847457627118,1.0569491525423729,2.934271364378191,13.286407966624736,1127105.542602404,750.0,701.8042662075583,280.7217064830233,263.559225592231,2.6627952963155375,True
25,58,0.9832203389830508,0.09050847457627118,1.073728813559322,3.037047471506318,13.172547015088144,1221380.4487928764,750.0,704.3298268386075,281.731930735443,264.79083730205525,2.659947881939571,True
25,59,1.0,0.09050847457627118,1.0905084745762712,3.141592653589793,13.061564044549154,1321742.8788674595,749.9999999999998,706.8108454660618,282.72433818642475,266.03157346675306,2.656868266632248,True
26,0,0.01,0.09372881355932203,0.10372881355932202,0.0003141592653589793,24.46041838478544,7.545507128001729e-07,25.398892679687684,523.277162726762,209.3108650907048,209.30207162413456,2.5001050332003643,True
26,1,0.026779661016949154,0.09372881355932203,0.12050847457627117,0.0022529939386445163,24.39296371057708,0.0005307927999254424,67.64274687072047,524.060120025353,209.6240480101412,209.6154012941096,2.5001031259628133,True
26,2,0.043559322033898305,0.09372881355932203,0.13728813559322034,0.0059609035672781455,24.309184872231246,0.0134108170967727,109.27200836594784,525.0361504555827,210.0144601822331,210.00599326949288,2.500100793703651,True
26,3,0.06033898305084746,0.09372881355932203,0.15406779661016948,0.01143788815125987,24.209788604370324,0.11581997680406543,150.1298330100595,526.1993252239143,210.47973008956575,210.47205800501013,2.5000911294903982,True
26,4,0.0771186440677966,0.09372881355932203,0.17084745762711862,0.01868394769058968,24.095531587634554,0.583411327469396,190.0725624534582,527.5434308955906,211.01737235823626,211.01100810471513,2.500075401913605,True
26,5,0.09389830508474575,0.09372881355932203,0.18762711864406778,0.02769908218526759,23.968327342528138,2.122114627644117,228.99195687866148,529.0487610490585,211.6195044196234,211.62940433493233,2.4998830512784833,True
26,6,0.1106779661016949,0.09372881355932203,0.20440677966101695,0.03848329163529359,23.826672974315198,6.201465370034369,266.7319244972814,530.7362553479509,212.29450213918037,212.30283818856105,2.4999018377538915,True
26,7,0.12745762711864406,0.09372881355932203,0.22118644067796608,0.051036576040667685,23.6728809781277,15.486129747829075,303.2180697476889,532.5818030832518,213.03272123330072,213.0397551130364,2.4999174581320287,True
26,8,0.14423728813559322,0.09372881355932203,0.23796610169491525,0.06535893540138989,23.50672921828368,34.33882129018306,338.33659808176134,534.5916068169413,213.83664272677652,213.82552611359708,2.5001299729431454,True
26,9,0.1610169491525424,0.09372881355932203,0.25474576271186444,0.08145036971746017,23.331881191422948,69.41327868077616,372.09867784437404,536.7247036818243,214.68988147272972,214.6804802683963,2.500109479030437,True
26,10,0.17779661016949153,0.09372881355932203,0.27152542372881355,0.09931087898887854,23.14790599279009,130.22756669235307,404.42120337896324,538.98946444562,215.595785778248,215.58784810695897,2.50009204683101,True
26,11,0.19457627118644066,0.09372881355932203,0.28830508474576266,0.11894046321564498,22.955820748378574,229.79295924351067,435.273819982879,541.3766100169805,216.55064400679223,216.5439582513057,2.500077187047153,True
26,12,0.21135593220338983,0.09372881355932203,0.30508474576271183,0.14033912239775956,22.757731939626172,385.2817445239766,464.685817479147,543.862855018109,217.5451420072436,217.55577696650394,2.4998777904290956,True
26,13,0.228135593220339,0.09372881355932203,0.321864406779661,0.16350685653522223,22.552184005846886,618.3119725742254,492.55789158319624,546.4694229297047,218.5877691718819,218.5966939233148,2.499897931308192,True
26,14,0.24491525423728813,0.09372881355932203,0.33864406779661016,0.18844366562803297,22.34143082473914,955.8338627221522,518.9491715380926,549.1706968785003,219.66827875140012,219.6757349683936,2.4999151451912227,True
26,15,0.26169491525423727,0.09372881355932203,0.3554237288135593,0.2151495496761918,22.12634158555702,1430.3421020826559,543.8780483563311,551.9580118819475,220.78320475277903,220.7894012024663,2.4999298375550008,True
26,16,0.27847457627118644,0.09372881355932203,0.3722033898305085,0.24362450867969873,21.90676397142887,2079.9337590329815,567.3212232061489,554.8357866624871,221.93431466499484,221.92448192363028,2.5001107667491134,True
26,17,0.2952542372881356,0.09372881355932203,0.38898305084745766,0.2738685426385538,21.68558764768736,2950.022198987511,589.4209260950212,557.7680851779019,223.10723407116075,223.09914286561434,2.500090668272438,True
26,18,0.31203389830508477,0.09372881355932203,0.4057627118644068,0.30588165155275693,21.462337254900707,4091.53384575369,610.158727316632,560.7626668223595,224.3050667289438,224.29846715778396,2.5000735579164166,True
26,19,0.3288135593220339,0.09372881355932203,0.4225423728813559,0.33966383542230805,21.23864418839087,5563.373119799514,629.6371107834299,563.7988796687356,225.51955186749424,225.52990504203888,2.4998852350141467,True
26,20,0.34559322033898304,0.09372881355932203,0.43932203389830504,0.3752150942472074,21.012950333970647,7428.180916996068,647.7781618805773,566.8991303465101,226.75965213860405,226.7679279203836,2.4999087637540343,True
26,21,0.3623728813559322,0.09372881355932203,0.4561016949152542,0.4125354280274548,20.787017663986074,9758.271809884964,664.7021447433019,570.0404607120057,228.0161842848023,228.0226866116949,2.4999287096495832,True
26,22,0.3791525423728813,0.09372881355932203,0.4728813559322034,0.45162483676305026,20.56045133466132,12629.610805973234,680.4030956588973,573.2292992474487,229.29171969897948,229.2818892735836,2.500107187111758,True
26,23,0.3959322033898305,0.09372881355932203,0.48966101694915254,0.49248332045399384,20.33568476869334,16131.458133988577,695.0650471816406,576.4318275132537,230.57273100530148,230.56538754347386,2.500079624503767,True
26,24,0.41271186440677965,0.09372881355932203,0.5064406779661017,0.5351108791002855,20.11285284837224,20356.69672059936,708.7308329777128,579.6458873577875,231.85835494311502,231.86874329141534,2.499887993222449,True
26,25,0.4294915254237288,0.09372881355932203,0.5232203389830509,0.5795075127019254,19.89018863702076,25395.250993075424,721.3057985410006,582.8971547950819,233.15886191803276,233.16573258774284,2.499926332767321,True
26,26,0.446271186440678,0.09372881355932203,0.54,0.6256732212589133,19.668617585911704,31351.180951419745,732.8811322524674,586.1725330835833,234.46901323343332,234.46122008308845,2.5000830963681553,True
26,27,0.4630508474576271,0.09372881355932203,0.5567796610169491,0.6736080047712492,19.449667178861482,38341.82917000363,743.6011491370147,589.4491914210021,235.77967656840084,235.7684541579482,2.500118998218959,True
26,28,0.47983050847457626,0.09372881355932203,0.5735593220338983,0.7233118632389332,19.188595702590522,46053.014572518245,749.9999999999999,593.4092634148877,237.3637053659551,236.53193340188486,2.5087913284277032,True
26,29,0.4966101694915254,0.09372881355932203,0.5903389830508474,0.7747847966619654,18.86163415934003,54065.58441268011,750.0000000000002,598.4521250538932,239.38085002155728,236.4221988512922,2.5312856743639167,True
26,30,0.5133898305084745,0.09372881355932203,0.6071186440677966,0.8280268050403455,18.550836192129847,63134.77189172206,749.9999999999999,603.3338940105756,241.33355760423024,236.43803501578148,2.5517632726490262,True
26,31,0.5301694915254237,0.09372881355932203,0.6238983050847458,0.8830378883740738,18.254912473942344,73358.45013150567,749.9999999999998,608.0641609680547,243.22566438722188,236.56749518244058,2.570362257499139,True
26,32,0.5469491525423729,0.09372881355932203,0.6406779661016949,0.9398180466631503,17.97271321607872,84839.97112150642,750.0000000000005,612.6516811487351,245.06067245949404,236.7999438283041,2.5872121050541668,True
26,33,0.563728813559322,0.09372881355932203,0.6574576271186441,0.9983672799075749,17.703209333447894,97688.28447264788,750.0000000000001,617.1044693520654,246.84178774082616,237.12588498732936,2.6024340167883397,True
26,34,0.5805084745762712,0.09372881355932203,0.6742372881355932,1.0586855881073476,17.445476626712324,112018.05492409179,750.0,621.4298817629953,248.5719527051981,237.53681716175046,2.6161413173261185,True
26,35,0.5972881355932204,0.09372881355932203,0.6910169491525424,1.1207729712624683,17.198682426347478,127949.77865378225,750.0000000000003,625.6346866927737,250.25387467710948,238.02511001227438,2.628439859393453,True
26,36,0.6140677966101695,0.09372881355932203,0.7077966101694916,1.1846294293729371,16.962074258219282,145609.89844003605,750.0000000000001,629.7251260108579,251.89005040434319,238.58389903409835,2.6394284298323827,True
26,37,0.6308474576271186,0.09372881355932203,0.7245762711864406,1.2502549624387536,16.734970178751137,165130.91771828898,750.0,633.7069687076879,253.48278748307519,239.20699517724427,2.649199151714324,True
26,38,0.6476271186440677,0.09372881355932203,0.7413559322033898,1.3176495704599187,16.516750496603404,186651.51357422362,749.9999999999998,637.5855577737672,255.03422310950688,239.88880695525347,2.6578378785830394,True
26,39,0.6644067796610169,0.09372881355932203,0.758135593220339,1.386813253436432,16.306850651761376,210316.6487118879,749.9999999999999,641.3658513764057,256.54634055056226,240.6242730459231,2.665424577735768,True
26,40,0.6811864406779661,0.09372881355932203,0.7749152542372881,1.457746011368293,16.104755065526472,236277.68243302472,749.9999999999999,645.0524591507243,258.02098366028974,241.4088037512583,2.6720337002099166,True
26,41,0.6979661016949152,0.09372881355932203,0.7916949152542373,1.5304478442555023,15.90999180874462,264692.4806616509,749.9999999999998,648.6496742877321,259.45986971509285,242.23822997320056,2.6777345357893916,True
26,42,0.7147457627118644,0.09372881355932203,0.8084745762711865,1.6049187520980597,15.722127962650633,295725.5250459198,749.9999999999998,652.1615019930642,260.8646007972257,243.1087585936478,2.682591551887035,True
26,43,0.7315254237288136,0.09372881355932203,0.8252542372881356,1.6811587348959653,15.540765568447739,329548.02116747334,750.0,655.5916848003243,262.2366739201297,244.01693333430782,2.6866647156086962,True
26,44,0.7483050847457626,0.09372881355932203,0.8420338983050847,1.7591677926492184,15.365538079313687,366338.0058867928,750.0000000000001,658.9437251490375,263.577490059615,244.95960032369413,2.690009798670055,True
26,45,0.7650847457627118,0.09372881355932203,0.8588135593220338,1.83894592535782,15.196107242802587,406280.45385151065,750.0000000000002,662.2209055759778,264.8883622303911,245.93387772235675,2.69267866513121,True
26,46,0.781864406779661,0.09372881355932203,0.875593220338983,1.92049313302177,15.032160353270193,449567.38319319114,749.9999999999999,665.426306817627,266.1705227270508,246.93712885897878,2.6947195421456436,True
26,47,0.7986440677966101,0.09372881355932203,0.8923728813559322,2.0038094156410677,14.873407823515512,496397.9604367774,750.0000000000001,668.5628240789243,267.42512963156975,247.9669384136994,2.6961772740990066,True
26,48,0.8154237288135593,0.09372881355932203,0.9091525423728813,2.0888947732157135,14.71958103271461,546978.6046456438,749.9999999999998,671.6331816876924,268.65327267507695,249.02109125435695,2.6970935606481135,True
26,49,0.8322033898305085,0.09372881355932203,0.9259322033898305,2.1757492057457077,14.570430414247705,601523.0908240775,750.0,674.6399463239972,269.8559785295989,250.0975535890932,2.6975071792682197,True
26,50,0.8489830508474576,0.09372881355932203,0.9427118644067797,2.26437271323105,14.42572375244346,660252.652597904,749.9999999999999,677.5855389882208,271.03421559528834,251.1944561469709,2.6974541929849503,True
26,51,0.8657627118644068,0.09372881355932203,0.9594915254237288,2.3547652956717404,14.285244661789985,723396.0841930335,750.0000000000001,680.4722458500061,272.1888983400024,252.31007913880453,2.6969681440100324,True
26,52,0.882542372881356,0.09372881355932203,0.976271186440678,2.4469269530677784,14.148791225952053,791189.841730719,749.9999999999999,683.3022281018198,273.3208912407279,253.44283878450992,2.696080234023887,True
26,53,0.899322033898305,0.09372881355932203,0.9930508474576271,2.5408576854191645,14.016174777120607,863878.1438575095,750.0000000000002,686.0775309251541,274.43101237006164,254.59127522215704,2.6948194918560384,True
26,54,0.9161016949152542,0.09372881355932203,1.0098305084745762,2.636557492725899,13.887218798908224,941713.0717270119,750.0,688.8000916639111,275.5200366655644,255.75404163844436,2.6932129293098614,True
26,55,0.9328813559322033,0.09372881355932203,1.0266101694915253,2.7340263749879816,13.761757938279446,1024954.6683498771,750.0000000000001,691.471747287928,276.5886989151712,256.929894481182,2.691285685864681,True
26,56,0.9496610169491525,0.09372881355932203,1.0433898305084746,2.8332643322054123,13.639637113936496,1113871.0373276742,750.0000000000001,694.0942412196164,277.63769648784654,258.1176846322253,2.689061162967524,True
26,57,0.9664406779661017,0.09372881355932203,1.0601694915254236,2.934271364378191,13.520710710226254,1208738.440985629,750.0000000000003,696.6692295880611,278.66769183522445,259.31634943461427,2.686561148600944,True
26,58,0.9832203389830508,0.09372881355932203,1.076949152542373,3.037047471506318,13.404841847040334,1309841.397918689,749.9999999999999,699.198286967434,279.67931478697363,260.5249054808032,2.6838059327842436,True
26,59,1.0,0.09372881355932203,1.093728813559322,3.141592653589793,13.291901717383857,1417472.7799645746,750.0,701.682911650092,280.67316466003683,261.7424420802691,2.6808144146332427,True
27,0,0.01,0.09694915254237288,0.10694915254237287,0.0003141592653589793,24.99404782716964,8.225821765010172e-07,25.63830538414821,517.1727312617318,206.86909250469273,206.85907445148115,2.500121073407562,True
27,1,0.026779661016949154,0.09694915254237288,0.12372881355932203,0.0022529939386445163,24.92372251012647,0.0005785199950991879,68.27268975721597,517.9682438360508,207.1872975344203,207.1774474365861,2.500118860642846,True
27,2,0.043559322033898305,0.09694915254237288,0.1405084745762712,0.0059609035672781455,24.836828461267967,0.014613633280936088,110.27815980234156,518.9549064603515,207.5819625841406,207.5723172258621,2.5001161686491655,True
27,3,0.06033898305084746,0.09694915254237288,0.15728813559322033,0.01143788815125987,24.734114312625703,0.12618418847343854,151.4979780892488,520.1265493032821,208.05061972131284,208.04204307289172,2.5001030638842807,True
27,4,0.0771186440677966,0.09694915254237288,0.17406779661016947,0.01868394769058968,24.61633016338739,0.6355094924241929,191.7883066079127,521.4772775377855,208.59091101511422,208.58380083732723,2.5000852196785948,True
27,5,0.09389830508474575,0.09694915254237288,0.19084745762711863,0.02769908218526759,24.485578751586512,2.3113165239167532,231.04396210391047,522.9857807050058,209.19431228200233,209.2052828668496,2.499868901675224,True
27,6,0.1106779661016949,0.09694915254237288,0.2076271186440678,0.03848329163529359,24.340026296301758,6.753437404987364,269.1035202530772,524.6763805318656,209.87055221274625,209.87978376741682,2.499890037590747,True
27,7,0.12745762711864406,0.09694915254237288,0.22440677966101694,0.051036576040667685,24.182202010838356,16.862494249017917,305.8958899093333,526.5231603493775,210.609264139751,210.61704819669148,2.4999076041444988,True
27,8,0.14423728813559322,0.09694915254237288,0.2411864406779661,0.06535893540138989,24.013125129611154,37.394807420237626,341.34303015533374,528.5175489331067,211.40701957324268,211.41358519783367,2.4999223604222873,True
27,9,0.1610169491525424,0.09694915254237288,0.2579661016949153,0.08145036971746017,23.832675631431975,75.5674455911926,375.34732158507387,530.664506897328,212.26580275893122,212.2554948046711,2.5001214097457125,True
27,10,0.17779661016949153,0.09694915254237288,0.2747457627118644,0.09931087898887854,23.644401202011338,141.76511210808425,407.9399511489741,532.9251191174549,213.17004764698197,213.16135349301018,2.500101966817968,True
27,11,0.19457627118644066,0.09694915254237288,0.2915254237288135,0.11894046321564498,23.447950237363703,250.14104130674377,439.0518051407102,535.306610624344,214.12264424973762,214.11533036409537,2.500085396566768,True
27,12,0.21135593220338983,0.09694915254237288,0.3083050847457627,0.14033912239775956,23.244332347591147,419.30575836121096,468.6673699969714,537.7998268001504,215.11993072006018,215.11379882925235,2.500071263336443,True
27,13,0.228135593220339,0.09694915254237288,0.32508474576271185,0.16350685653522223,23.035551952902907,673.0506094516765,496.82840428402915,540.3829299609382,216.1531719843753,216.16282800806425,2.4998883246511676,True
27,14,0.24491525423728813,0.09694915254237288,0.341864406779661,0.18844366562803297,22.82030090900023,1040.4565428875978,523.4493828281193,543.0748318247736,217.22993272990945,217.23798182025655,2.499907370130678,True
27,15,0.26169491525423727,0.09694915254237288,0.3586440677966102,0.2151495496761918,22.600705169414926,1557.002933674022,548.5994745084668,545.8516475052569,218.34065900210277,218.3473296784122,2.499923623106368,True
27,16,0.27847457627118644,0.09694915254237288,0.37542372881355934,0.24362450867969873,22.376526055455766,2264.1606656045246,572.2515817878817,548.7188360834148,219.4875344333659,219.47706884571264,2.5001192104909675,True
27,17,0.2952542372881356,0.09694915254237288,0.3922033898305085,0.2738685426385538,22.150877079923816,3211.472525427365,594.5578484707742,551.6384877270079,220.65539509080318,220.64682096397834,2.500097147636066,True
27,18,0.31203389830508477,0.09694915254237288,0.4089830508474577,0.30588165155275693,21.923168760248863,4454.422384198851,615.4950350389439,554.6196457294188,221.84785829176755,221.84090400178098,2.5000783702403515,True
27,19,0.3288135593220339,0.09694915254237288,0.42576271186440673,0.33966383542230805,21.69510988916258,6057.291134436,635.1693746033599,557.6411396104255,223.05645584417022,223.06719891810258,2.499879598233352,True
27,20,0.34559322033898304,0.09694915254237288,0.4425423728813559,0.3752150942472074,21.464986305539853,8088.291589084758,653.4954509810186,560.7269262867761,224.29077051471046,224.29927471646886,2.499905213673014,True
27,21,0.3623728813559322,0.09694915254237288,0.45932203389830506,0.4125354280274548,21.23466238553249,10626.38660712975,670.5984314621809,563.8532528064871,225.54130112259486,225.5478946672298,2.499926916358002,True
27,22,0.3791525423728813,0.09694915254237288,0.4761016949152542,0.45162483676305026,21.003730797891112,13754.511331058407,686.4722442268918,567.0265723027959,226.81062892111837,226.80092793863173,2.500106932790959,True
27,23,0.3959322033898305,0.09694915254237288,0.4928813559322034,0.49248332045399384,20.774685504736354,17570.181707805372,701.3032732728745,570.2130275163138,228.08521100652553,228.07816818221545,2.5000771974841585,True
27,24,0.41271186440677965,0.09694915254237288,0.5096610169491526,0.5351108791002855,20.54756364306989,22174.50525321808,715.1279390344921,573.4118688163053,229.36474752652214,229.374173594861,2.4998972631901935,True
27,25,0.4294915254237288,0.09694915254237288,0.5264406779661017,0.5795075127019254,20.319694846458326,27660.85678148349,727.7883263167492,576.6611560372916,230.66446241491664,230.65319506504204,2.5001221243637164,True
27,26,0.446271186440678,0.09694915254237288,0.5432203389830509,0.6256732212589133,20.096046392611274,34166.5444624936,739.6669603011778,579.8898980640673,231.95595922562694,231.96598163252497,2.499891984087198,True
27,27,0.4630508474576271,0.09694915254237288,0.5599999999999999,0.6736080047712492,19.865899241575594,41730.83216295517,750.0000000000001,583.254248637773,233.3016994551092,233.18334910272154,2.5012688550966766,True
27,28,0.47983050847457626,0.09694915254237288,0.5767796610169491,0.7233118632389332,19.515453202773667,49271.96230292373,749.9999999999997,588.4604579911461,235.38418319645845,232.93763249470325,2.5262575724192056,True
27,29,0.4966101694915254,0.09694915254237288,0.5935593220338983,0.7747847966619654,19.182922214299605,57844.58328720975,750.0000000000002,593.4959717336706,237.39838869346823,232.8285223056978,2.549069013780132,True
27,30,0.5133898305084745,0.09694915254237288,0.6103389830508474,0.8280268050403455,18.86683013134491,67547.67585853007,750.0000000000003,598.3712483828776,239.34849935315106,232.8427926007325,2.569850849577017,True
27,31,0.5301694915254237,0.09694915254237288,0.6271186440677966,0.8830378883740738,18.56586566456533,78485.95413420328,749.9999999999999,603.0958082530102,241.2383233012041,232.96870661001964,2.588741711403191,True
27,32,0.5469491525423729,0.09694915254237288,0.6438983050847458,0.9398180466631503,18.278859439823638,90769.99405321272,750.0,607.6783433469851,243.07133733879405,233.19581598548163,2.605871553822467,True
27,33,0.563728813559322,0.09694915254237288,0.6606779661016949,0.9983672799075749,18.004764842649053,104516.3604305264,750.0000000000003,612.1268115042052,244.8507246016821,233.51479209208776,2.62136203886737,True
27,34,0.5805084745762712,0.09694915254237288,0.6774576271186441,1.0586855881073476,17.742641930942533,119847.73267720727,750.0000000000003,616.4485174504888,246.57940698019553,233.91728339922318,2.635326934771234,True
27,35,0.5972881355932204,0.09694915254237288,0.6942372881355933,1.1207729712624683,17.49164385153196,136893.0292406668,750.0000000000001,620.6501828893785,248.2600731557514,234.39579428540415,2.6478725216957804,True
27,36,0.6140677966101695,0.09694915254237288,0.7110169491525424,1.1846294293729371,17.251005312679613,155787.53081565528,749.9999999999999,624.738007375504,249.89520295020162,234.9435815261522,2.6590979984101533,True
27,37,0.6308474576271186,0.09694915254237288,0.7277966101694915,1.2502549624387536,17.02003275461893,176673.00237318288,750.0,628.7177213950627,251.48708855802508,235.55456547397858,2.6690958849809103,True
27,38,0.6476271186440677,0.09694915254237288,0.7445762711864407,1.3176495704599187,16.798095930221553,199697.81405147948,750.0000000000002,632.5946328268438,253.03785313073755,236.22325351535233,2.6779524175240903,True
27,39,0.6644067796610169,0.09694915254237288,0.7613559322033898,1.386813253436432,16.584620662788033,225017.06095030016,749.9999999999998,636.3736677552716,254.54946710210868,236.94467384157747,2.6857479319444617,True
27,40,0.6811864406779661,0.09694915254237288,0.778135593220339,1.457746011368293,16.37908259128018,252792.68186733156,750.0,640.0594064439045,256.02376257756185,237.71431792800752,2.692557234342731,True
27,41,0.6979661016949152,0.09694915254237288,0.7949152542372881,1.5304478442555023,16.181001747728256,283193.5770131085,750.0000000000002,643.6561151454358,257.46244605817435,238.5280904006382,2.6984499564153372,True
27,42,0.7147457627118644,0.09694915254237288,0.8116949152542373,1.6049187520980597,15.989937839052262,316395.72473872337,750.0,647.16777431612,258.867109726448,239.38226519723213,2.7034908947114555,True
27,43,0.7315254237288136,0.09694915254237288,0.8284745762711865,1.6811587348959653,15.805486127646837,352582.29730864236,749.9999999999999,650.5981037138382,260.2392414855353,240.27344711407733,2.7077403330587186,True
27,44,0.7483050847457626,0.09694915254237288,0.8452542372881355,1.7591677926492184,15.627273822951011,391943.77574912616,750.0000000000003,653.9505847858286,261.5802339143315,241.1985379787124,2.7112543478333384,True
27,45,0.7650847457627118,0.09694915254237288,0.8620338983050847,1.83894592535782,15.454956910745038,434678.0638011068,750.0000000000003,657.2284806914687,262.8913922765875,242.15470681068993,2.71408509604264,True
27,46,0.781864406779661,0.09694915254237288,0.8788135593220339,1.92049313302177,15.288217358773668,480990.601004814,750.0,660.4348542550232,264.1739417020093,243.1393634323033,2.7162810864185984,True
27,47,0.7986440677966101,0.09694915254237288,0.895593220338983,2.0038094156410677,15.1267606470232,531094.4749420279,750.0000000000002,663.5725841010827,265.4290336404331,244.1501350735209,2.717887433899069,True
27,48,0.8154237288135593,0.09694915254237288,0.9123728813559322,2.0888947732157135,14.970313578997137,585210.5326605189,750.0000000000002,666.6443791900048,266.6577516760019,245.18484558355578,2.7189460980075992,True
27,49,0.8322033898305085,0.09694915254237288,0.9291525423728814,2.1757492057457077,14.818622336971398,643567.4913040003,750.0,669.6527919408354,267.8611167763342,246.2414969182706,2.719496105740042,True
27,50,0.8489830508474576,0.09694915254237288,0.9459322033898305,2.26437271323105,14.671450749725487,706402.0479697875,750.0000000000001,672.6002301039703,269.04009204158814,247.31825262004097,2.7195737596338954,True
27,51,0.8657627118644068,0.09694915254237288,0.9627118644067797,2.3547652956717404,14.528578745848412,773958.9888152847,750.0,675.4889675243854,270.1955870097542,248.41342304651204,2.7192128317394078,True
27,52,0.882542372881356,0.09694915254237288,0.9794915254237289,2.4469269530677784,14.389800969573031,846491.2974334423,749.9999999999999,678.3211539180562,271.3284615672225,249.52545213828432,2.7184447442344997,True
27,53,0.899322033898305,0.09694915254237288,0.9962711864406779,2.5408576854191645,14.25492553933304,924260.2625163916,749.9999999999999,681.0988237685893,272.43952950743574,250.6529055438926,2.7172987374340254,True
27,54,0.9161016949152542,0.09694915254237288,1.013050847457627,2.636557492725899,14.123772931970429,1007535.5848255943,750.0000000000001,683.823904437757,273.5295617751028,251.7944599445841,2.7158020259391553,True
27,55,0.9328813559322033,0.09694915254237288,1.0298305084745762,2.7340263749879816,13.99617497783511,1096595.4834860559,750.0000000000003,686.4982235721428,274.59928942885716,252.94889344192646,2.7139799436590666,True
27,56,0.9496610169491525,0.09694915254237288,1.0466101694915253,2.8332643322054123,13.871973953982826,1191726.8016213293,750.0000000000001,689.1235158782175,275.64940635128704,254.11507688879047,2.7118560784167944,True
27,57,0.9664406779661017,0.09694915254237288,1.0633898305084746,2.934271364378191,13.751021764351364,1293225.111345457,749.9999999999999,691.7014293296152,276.6805717318461,255.2919660593463,2.709452396824815,True
27,58,0.9832203389830508,0.09694915254237288,1.0801694915254236,3.037047471506318,13.633179197223928,1401394.8181270887,749.9999999999995,694.2335308629696,277.6934123451878,256.4785945665817,2.706789360087307,True
27,59,1.0,0.09694915254237288,1.096949152542373,3.141592653589793,13.518315251514334,1516549.2645407133,750.0000000000003,696.7213116122256,278.68852464489026,257.6740674470588,2.7038860313538247,True
28,0,0.01,0.10016949152542372,0.11016949152542371,0.0003141592653589793,25.520887236812186,8.941615349162475e-07,25.871178254678036,511.2975602700094,204.51902410800378,204.52525637608383,2.4999238203120915,True
28,1,0.026779661016949154,0.10016949152542372,0.12694915254237288,0.0022529939386445163,25.446248272828075,0.0006285817751062675,68.87748275847046,512.1209769782026,204.84839079128108,204.8372437117159,2.5001360480077155,True
28,2,0.043559322033898305,0.10016949152542372,0.14372881355932202,0.0059609035672781455,25.356219603263785,0.015874924601095526,111.24353770611577,513.1180633827029,205.24722535308115,205.23630990420259,2.5001329619608206,True
28,3,0.06033898305084746,0.10016949152542372,0.16050847457627118,0.01143788815125987,25.25018102022887,0.13704950406821176,152.80995552020426,514.297955389738,205.71918215589523,205.70964932545235,2.50011585298106,True
28,4,0.0771186440677966,0.10016949152542372,0.17728813559322032,0.01868394769058968,25.128868703681697,0.6901135550968875,193.43271629064893,515.6551414466419,206.26205657865677,206.25415847305445,2.500095732683171,True
28,5,0.09389830508474575,0.10016949152542372,0.19406779661016949,0.02769908218526759,24.99313019792816,2.508999275473983,232.9827286498962,517.1830940818496,206.87323763273986,206.86663824665067,2.500079754112905,True
28,6,0.1106779661016949,0.10016949152542372,0.21084745762711862,0.03848329163529359,24.845152587387755,7.331745475304629,271.37458814914675,518.8602088053809,207.5440835221524,207.55425252992805,2.4998775138590066,True
28,7,0.12745762711864406,0.10016949152542372,0.22762711864406776,0.051036576040667685,24.683315734631147,18.30427067434069,308.45903601639776,520.7081536868836,208.28326147475346,208.29183017481998,2.499897155110941,True
28,8,0.14423728813559322,0.10016949152542372,0.24440677966101693,0.06535893540138989,24.510118594810866,40.588052720185615,344.18587610144834,522.7019285663531,209.08077142654125,209.08799344622184,2.4999136485605704,True
28,9,0.1610169491525424,0.10016949152542372,0.2611864406779661,0.08145036971746017,24.325313209975963,82.01197996027864,378.4540407251737,524.8479432653685,209.9391773061474,209.92793022310371,2.5001339398124838,True
28,10,0.17779661016949153,0.10016949152542372,0.27796610169491526,0.09931087898887854,24.132781317360642,153.84578280892043,411.3039711052408,527.1044004913333,210.84176019653333,210.83228368582195,2.5001123702516725,True
28,11,0.19457627118644066,0.10016949152542372,0.29474576271186437,0.11894046321564498,23.9320117227405,271.4452498032178,442.66273327919816,529.4802544417884,211.79210177671536,211.7841394409914,2.5000939911712106,True
28,12,0.21135593220338983,0.10016949152542372,0.31152542372881353,0.14033912239775956,23.72402916278728,455.0051561051163,472.5154478185685,531.9664452665937,212.7865781066375,212.7799123308808,2.5000783177284416,True
28,13,0.228135593220339,0.10016949152542372,0.3283050847457627,0.16350685653522223,23.51096646278405,730.3569369703147,500.90882517422796,534.5401449601517,213.81605798406068,213.82645891485942,2.499878395184914,True
28,14,0.24491525423728813,0.10016949152542372,0.34508474576271186,0.18844366562803297,23.29127615889866,1129.0459509570328,527.7485831182794,537.2227559095086,214.88910236380343,214.8977529727715,2.4998993636642495,True
28,15,0.26169491525423727,0.10016949152542372,0.361864406779661,0.2151495496761918,23.06723618222992,1689.5992990176792,553.109451954878,539.9891661554872,215.9956664621949,216.00281570944813,2.4999172551613533,True
28,16,0.27847457627118644,0.10016949152542372,0.37864406779661014,0.24362450867969873,22.838517556551217,2457.017386624794,576.9604501925963,542.8458745040383,217.13834980161533,217.12725640773925,2.500127729172049,True
28,17,0.2952542372881356,0.10016949152542372,0.3954237288135593,0.2738685426385538,22.60846556736484,3485.177117405169,599.4638323786544,545.7529839279821,218.30119357119284,218.29214596030053,2.5001036181449923,True
28,18,0.31203389830508477,0.10016949152542372,0.41220338983050847,0.30588165155275693,22.376371043825962,4834.334616731737,620.5914067653443,548.7208301031603,219.48833204126413,219.4810362632653,2.500083102601061,True
28,19,0.3288135593220339,0.10016949152542372,0.4289830508474576,0.33966383542230805,22.14401870507703,6574.410074220423,640.4530063513289,551.7277629279972,220.6911051711989,220.70220407740578,2.4998742773519944,True
28,20,0.34559322033898304,0.10016949152542372,0.44576271186440675,0.3752150942472074,21.909538953625617,8779.449628327302,658.9559179514895,554.7992119284354,221.91968477137416,221.92837961720184,2.4999020534705534,True
28,21,0.3623728813559322,0.10016949152542372,0.4625423728813559,0.4125354280274548,21.674898693987704,11535.395141994139,676.2301233201258,557.910660482606,223.1642641930424,223.170907994917,2.499925574955823,True
28,22,0.3791525423728813,0.10016949152542372,0.479322033898305,0.45162483676305026,21.439686220770103,14932.519546873087,692.2699711732402,561.0684753739907,224.4273901495963,224.41789782778156,2.500105743814404,True
28,23,0.3959322033898305,0.10016949152542372,0.4961016949152542,0.49248332045399384,21.206440020049943,19076.97431420644,707.2631563742212,564.2389714810618,225.6955885924247,225.68892852742727,2.5000737748307027,True
28,24,0.41271186440677965,0.10016949152542372,0.5128813559322034,0.5351108791002855,20.975087264204262,24078.404556302674,721.2389586302669,567.4229150927093,226.96916603708374,226.97748350948393,2.499908388793994,True
28,25,0.4294915254237288,0.10016949152542372,0.5296610169491526,0.5795075127019254,20.743296353744082,30040.557616494007,734.065501195808,570.6527820850534,228.2611128340214,228.25253093444422,2.5000939956672332,True
28,26,0.446271186440678,0.10016949152542372,0.5464406779661017,0.6256732212589133,20.514393572748844,37101.65578511042,746.0035344745286,573.8823511651923,229.55294046607693,229.54499220303407,2.5000865654154176,True
28,27,0.4630508474576271,0.10016949152542372,0.5632203389830508,0.6736080047712492,20.193144566117816,44549.204083051576,750.0,578.4832512382678,231.39330049530713,229.76715125464423,2.5176934478207973,True
28,28,0.47983050847457626,0.10016949152542372,0.58,0.7233118632389332,19.83692572909983,52599.63893444518,750.0,583.680836322994,233.4723345291976,229.52427822866963,2.5430026001061488,True
28,29,0.4966101694915254,0.10016949152542372,0.5967796610169491,0.7747847966619654,19.498917051953317,61751.22834594574,750.0,588.7086454365568,235.48345817462274,229.41570525309353,2.5661218127463767,True
28,30,0.5133898305084745,0.10016949152542372,0.6135593220338983,0.8280268050403455,19.177618073754964,72109.63791488335,749.9999999999998,593.5770604844338,237.43082419377353,229.4284309387708,2.5871992327003532,True
28,31,0.5301694915254237,0.10016949152542372,0.6303389830508475,0.8830378883740738,18.871695904663042,83786.65382765867,750.0000000000001,598.2955331261487,239.3182132504595,229.5509181164246,2.6063739497774634,True
28,32,0.5469491525423729,0.10016949152542372,0.6471186440677966,0.9398180466631503,18.57996190777174,96900.3199817234,750.0,602.8726936517766,241.14907746071063,229.7728963909107,2.6237763597065613,True
28,33,0.563728813559322,0.10016949152542372,0.6638983050847458,0.9983672799075749,18.301352228026918,111575.07362075982,750.0000000000001,607.3164442681804,242.92657770727214,230.08519621301735,2.6395285497025847,True
28,34,0.5805084745762712,0.10016949152542372,0.680677966101695,1.0586855881073476,18.034911439929893,127941.87954553886,749.9999999999998,611.6340394143422,244.65361576573687,230.47960862882837,2.653744698080154,True
28,35,0.5972881355932204,0.10016949152542372,0.6974576271186441,1.1207729712624683,17.779778740336397,146138.36295848613,750.0,615.832155223448,246.3328620893792,230.94876609491695,2.66653148071096,True
28,36,0.6140677966101695,0.10016949152542372,0.7142372881355933,1.1846294293729371,17.53517623107494,166308.94099596242,750.0000000000003,619.9169498549527,247.9667799419811,231.48604068892587,2.6779884783117684,True
28,37,0.6308474576271186,0.10016949152542372,0.7310169491525423,1.2502549624387536,17.300398927565595,188604.95299864214,750.0000000000002,623.8941161074994,249.55764644299975,232.08545677245704,2.6882085796491,True
28,38,0.6476271186440677,0.10016949152542372,0.7477966101694915,1.3176495704599187,17.07480620079779,213184.7895670777,750.0000000000001,627.7689274745172,251.1075709898069,232.74161572996817,2.697278376733743,True
28,39,0.6644067796610169,0.10016949152542372,0.7645762711864407,1.386813253436432,16.857814415822155,240214.02044654317,749.9999999999998,631.5462786044376,252.61851144177504,233.4496308522007,2.705278548948642,True
28,40,0.6811864406779661,0.10016949152542372,0.7813559322033898,1.457746011368293,16.648890573949792,269865.5212825301,749.9999999999998,635.2307209660786,254.09228838643145,234.20507078449486,2.712284233805466,True
28,41,0.6979661016949152,0.10016949152542372,0.798135593220339,1.5304478442555023,16.447546800834726,302319.5992857703,750.0,638.8264943886993,255.53059775547973,235.00391024039212,2.7183653826662955,True
28,42,0.7147457627118644,0.10016949152542372,0.8149152542372882,1.6049187520980597,16.25333555057391,337764.1178433729,750.0000000000001,642.3375550391835,256.9350220156734,235.84248690541784,2.723587100303883,True
28,43,0.7315254237288136,0.10016949152542372,0.8316949152542373,1.6811587348959653,16.065845418434176,376394.6201105796,749.9999999999998,645.7676003109887,258.3070401243955,236.71746363692677,2.728009967618849,True
28,44,0.7483050847457626,0.10016949152542372,0.8484745762711864,1.7591677926492184,15.884697472981369,418414.4516156976,750.0,649.1200910270323,259.64803641081295,237.6257952127311,2.7316903471944904,True
28,45,0.7650847457627118,0.10016949152542372,0.8652542372881356,1.83894592535782,15.709542033147061,464034.8819090002,750.0000000000001,652.3982712986486,260.95930851945946,238.5646990010338,2.7346806716605694,True
28,46,0.781864406779661,0.10016949152542372,0.8820338983050847,1.92049313302177,15.540055827820847,513475.2252847402,750.0000000000001,655.605186332767,262.2420745331068,239.53162902240973,2.7370297150671106,True
28,47,0.7986440677966101,0.10016949152542372,0.8988135593220339,2.0038094156410677,15.375939485444357,566962.9606038996,749.9999999999998,658.7436984376833,263.49747937507334,240.524252955588,2.738782847646213,True
28,48,0.8154237288135593,0.10016949152542372,0.915593220338983,2.0888947732157135,15.216915309232691,624733.8502438952,750.0000000000001,661.8165014427365,264.7266005770946,241.54043170586831,2.7399822744734186,True
28,49,0.8322033898305085,0.10016949152542372,0.9323728813559322,2.1757492057457077,15.062725300394373,687032.0582001338,750.0,664.8261337176396,265.93045348705584,242.5782012108406,2.7406672586371257,True
28,50,0.8489830508474576,0.10016949152542372,0.9491525423728814,2.26437271323105,14.913129397327369,754110.2673631218,750.0000000000005,667.7749899522443,267.10999598089774,243.63575620474134,2.7408743295917284,True
28,51,0.8657627118644068,0.10016949152542372,0.9659322033898305,2.3547652956717404,14.76790390344673,826229.7959936655,750.0,670.6653318363041,268.26613273452165,244.71143570196242,2.7406374774128537,True
28,52,0.882542372881356,0.10016949152542372,0.9827118644067797,2.4469269530677784,14.626840080218015,903660.7134176804,750.0,673.4992977607341,269.39971910429364,245.8037099932215,2.7399883336964566,True
28,53,0.899322033898305,0.10016949152542372,0.9994915254237288,2.5408576854191645,14.489742885264285,986681.954961086,750.0000000000001,676.2789116464511,270.5115646585804,246.9111689758312,2.7389563398513106,True
28,54,0.9161016949152542,0.10016949152542372,1.016271186440678,2.636557492725899,14.356429838193462,1075581.4361443997,750.0,679.0060909936425,271.602436397457,248.03251166322383,2.737568903529834,True
28,55,0.9328813559322033,0.10016949152542372,1.033050847457627,2.7340263749879816,14.226729999144478,1170656.1661557166,750.0000000000001,681.6826542329464,272.67306169317857,249.1665367390452,2.7358515439289506,True
28,56,0.9496610169491525,0.10016949152542372,1.0498305084745763,2.8332643322054123,14.100483047047796,1272212.3606200193,750.0000000000001,684.3103274502329,273.72413098009315,250.31213403841488,2.7338280266717443,True
28,57,0.9664406779661017,0.10016949152542372,1.0666101694915253,2.934271364378191,13.97753844629671,1380565.5536818795,750.0000000000003,686.8907505481984,274.75630021927935,251.46827685373802,2.7315204889550184,True
28,58,0.9832203389830508,0.10016949152542372,1.0833898305084746,3.037047471506318,13.857754691979341,1496040.7094180926,749.9999999999998,689.4254829006396,275.7701931602559,252.63401497513794,2.7289495556189727,True
28,59,1.0,0.10016949152542372,1.1001694915254236,3.141592653589793,13.740998625065707,1618972.3325958594,750.0000000000002,691.9160085489044,276.76640341956175,253.80846838661057,2.7261344467630293,True
29,0,0.01,0.10338983050847457,0.11338983050847457,0.0003141592653589793,26.038670452623137,9.689650881073317e-07,26.09275444984447,505.6645559607608,202.26582238430433,202.27288079217362,2.4999127613172654,True
29,1,0.026779661016949154,0.10338983050847457,0.13016949152542373,0.0022529939386445163,25.96248513310056,0.0006811641579138554,69.46721915518508,506.4848061241265,202.59392244965062,202.60085462519828,2.499914460188723,True
29,2,0.043559322033898305,0.10338983050847457,0.14694915254237287,0.0059609035672781455,25.869261107610956,0.017199259570440585,112.18414369151382,507.49249557853153,202.99699823141262,203.00377816156714,2.4999165048772007,True
29,3,0.06033898305084746,0.10338983050847457,0.16372881355932203,0.01143788815125987,25.758327872944278,0.14841922254618237,154.0691324782154,508.6973731314367,203.4789492525747,203.46840962444605,2.500129499563938,True
29,4,0.0771186440677966,0.10338983050847457,0.18050847457627117,0.01868394769058968,25.633486641901587,0.7472390147433592,195.01008292924504,510.06085971872244,204.02434388748898,204.01561671273168,2.5001069424843294,True
29,5,0.09389830508474575,0.10338983050847457,0.19728813559322034,0.02769908218526759,25.4940518971567,2.7162728437956636,234.86472898854046,511.593272088987,204.6373088355948,204.6300209221427,2.500089037686397,True
29,6,0.1106779661016949,0.10338983050847457,0.21406779661016948,0.03848329163529359,25.342391224530946,7.936537467388186,273.55122801346977,513.2715941277132,205.3086376510853,205.3197846284372,2.4998642729757865,True
29,7,0.12745762711864406,0.10338983050847457,0.2308474576271186,0.051036576040667685,25.17656086508318,19.811805465726618,310.9144850895154,515.1206446754011,206.04825787016046,206.05764444716849,2.499886117098043,True
29,8,0.14423728813559322,0.10338983050847457,0.24762711864406778,0.06535893540138989,24.999269491762526,43.926422888603625,346.908149164787,517.113771509097,206.8455086036388,206.85341417206496,2.499904454460447,True
29,9,0.1610169491525424,0.10338983050847457,0.26440677966101694,0.08145036971746017,24.811589784234535,88.76911749617823,381.47237666102916,519.2422614656671,207.69690458626684,207.70355518954298,2.4999199507770813,True
29,10,0.17779661016949153,0.10338983050847457,0.2811864406779661,0.09931087898887854,24.613381403357117,166.47200563767717,414.5227364386982,521.5111924410303,208.60447697641212,208.59419375015528,2.500123244397075,True
29,11,0.19457627118644066,0.10338983050847457,0.2979661016949152,0.11894046321564498,24.408338614466917,293.70970484384776,446.1168557010951,523.8814343454281,209.55257373817128,209.54394393931705,2.50010295929689,True
29,12,0.21135593220338983,0.10338983050847457,0.3147457627118644,0.14033912239775956,24.19604142761868,492.3112939610928,476.1956212407847,526.3606466079292,210.5442586431717,210.53704455098105,2.50008566297924,True
29,13,0.228135593220339,0.10338983050847457,0.33152542372881355,0.16350685653522223,23.978756898661537,790.2416026985122,504.81086624477246,528.9249825163253,211.56999300653013,211.58115082573173,2.499868161469511,True
29,14,0.24491525423728813,0.10338983050847457,0.3483050847457627,0.18844366562803297,23.754683633201903,1221.6181651622803,531.8591731298969,531.5983938209761,212.63935752839043,212.648616883658,2.4998911425406467,True
29,15,0.26169491525423727,0.10338983050847457,0.3650847457627118,0.2151495496761918,23.526259206564607,1828.1548628493501,557.4210392051052,534.3545032987961,213.74180131951846,213.74943226161258,2.499910748978215,True
29,16,0.27847457627118644,0.10338983050847457,0.381864406779661,0.24362450867969873,23.294330597180743,2659.1174905902235,581.5249307683089,537.1852554959752,214.8741021983901,214.88033851047308,2.499927444361287,True
29,17,0.2952542372881356,0.10338983050847457,0.39864406779661016,0.2738685426385538,23.058672534416832,3771.183886761373,604.1531712868477,540.0955308161891,216.03821232647567,216.02870193970853,2.500110059296308,True
29,18,0.31203389830508477,0.10338983050847457,0.4154237288135593,0.30588165155275693,22.82226064917491,5231.337413988028,625.4627009460775,543.0501904856337,217.2200761942535,217.21245322794718,2.5000877362945015,True
29,19,0.3288135593220339,0.10338983050847457,0.43220338983050843,0.33966383542230805,22.58568378201667,7114.821428086996,645.5033819362379,546.0427368254684,218.4170947301874,218.4285145585777,2.4998692955860937,True
29,20,0.34559322033898304,0.10338983050847457,0.4489830508474576,0.3752150942472074,22.346918349648654,9501.778568393773,664.1754450731534,549.0999895052813,219.63999580211254,219.64884290249813,2.4998993040406146,True
29,21,0.3623728813559322,0.10338983050847457,0.46576271186440676,0.4125354280274548,22.108033510329353,12485.462290171026,681.6135802100997,552.1967020905996,220.87868083623985,220.88533350339537,2.499924704516932,True
29,22,0.3791525423728813,0.10338983050847457,0.4825423728813559,0.45162483676305026,21.86862191494665,16163.85912243131,697.813105705855,555.3390433298673,222.13561733194695,222.12641201752896,2.5001036044558407,True
29,23,0.3959322033898305,0.10338983050847457,0.49932203389830504,0.49248332045399384,21.631249357070747,20652.129321389584,712.9619476277963,558.4937129480347,223.3974851792139,223.3912889497716,2.5000693427826954,True
29,24,0.41271186440677965,0.10338983050847457,0.5161016949152543,0.5351108791002855,21.395720660321352,26068.754273235074,727.0815245750368,561.6630965888639,224.6652386355456,224.67230563917843,2.4999213632092667,True
29,25,0.4294915254237288,0.10338983050847457,0.5328813559322034,0.5795075127019254,21.1611506883576,32535.24046573623,740.1427262533946,564.8591608663212,225.9436643465285,225.95468515057638,2.499878064001632,True
29,26,0.446271186440678,0.10338983050847457,0.5496610169491526,0.6256732212589133,20.89729384252183,39950.18149832636,750.0000000000002,568.5024296785956,227.40097187143826,226.9045833910317,2.5054691323659943,True
29,27,0.4630508474576271,0.10338983050847457,0.5664406779661016,0.6736080047712492,20.515170539379707,47459.66382168936,749.9999999999999,573.8713210062856,229.54852840251425,226.51779741118838,2.533449148653696,True
29,28,0.47983050847457626,0.10338983050847457,0.5832203389830508,0.7233118632389332,20.15327097654365,56036.044467082575,750.0000000000002,579.0599852113304,231.62399408453217,226.2775765461172,2.5590692372176496,True
29,29,0.4966101694915254,0.10338983050847457,0.6,0.7747847966619654,19.809871976316312,65785.51958888806,750.0,584.0797785531917,233.63191142127667,226.169460083317,2.5824873894911655,True
29,30,0.5133898305084745,0.10338983050847457,0.6167796610169491,0.8280268050403455,19.483449149485892,76820.65806078241,750.0000000000001,588.9410082083881,235.57640328335526,226.18066044834737,2.6038521907264656,True
29,31,0.5301694915254237,0.10338983050847457,0.6335593220338983,0.8830378883740738,19.172648350227096,89260.54921187177,750.0000000000001,593.6530588350089,237.46122353400358,226.29983053237078,2.6233031524523858,True
29,32,0.5469491525423729,0.10338983050847457,0.6503389830508475,0.9398180466631503,18.87626198609428,103230.94890703839,750.0,598.2245004657703,239.28980018630816,226.51686938675104,2.6409710768356596,True
29,33,0.563728813559322,0.10338983050847457,0.6671186440677966,0.9983672799075749,18.593209236426087,118864.42404334829,750.0,602.6631809595606,241.06527238382424,226.82275894261446,2.6569784432964805,True
29,34,0.5805084745762712,0.10338983050847457,0.6838983050847458,1.0586855881073476,18.322519439274398,136300.495529087,750.0,606.976305604857,242.7905222419428,227.20942600566383,2.6714398089704536,True
29,35,0.5972881355932204,0.10338983050847457,0.700677966101695,1.1207729712624683,18.063318064015828,155685.77980724035,750.0000000000001,611.1705059718198,244.46820238872795,227.66962498590044,2.684462215851893,True
29,36,0.6140677966101695,0.10338983050847457,0.7174576271186441,1.1846294293729371,17.814814807109574,177174.12898095688,750.0000000000001,615.2518997194317,246.10075988777268,228.19683774868,2.6961455986389566,True
29,37,0.6308474576271186,0.10338983050847457,0.7342372881355932,1.2502549624387536,17.576293441380756,200926.76959466652,750.0,619.226142754855,247.690457101942,228.78518768973132,2.7065831883951463,True
29,38,0.6476271186440677,0.10338983050847457,0.7510169491525424,1.3176495704599187,17.347103121520885,227112.44012101894,750.0000000000001,623.098474895616,249.23938995824642,229.4293656947771,2.715861908124522,True
29,39,0.6644067796610169,0.10338983050847457,0.7677966101694915,1.386813253436432,17.126650905183613,255907.52720061704,749.9999999999999,626.8737599873365,250.7495039949346,230.12456608240404,2.7240627572236797,True
29,40,0.6811864406779661,0.10338983050847457,0.7845762711864407,1.457746011368293,16.914395293794314,287496.2006786214,750.0000000000001,630.5565212699458,252.22260850797835,230.86643097519803,2.7312611825219686,True
29,41,0.6979661016949152,0.10338983050847457,0.8013559322033899,1.5304478442555023,16.70984063273233,322070.5474796371,750.0,634.1509726555395,253.6603890622158,231.6510018199172,2.7375274342587175,True
29,42,0.7147457627118644,0.10338983050847457,0.818135593220339,1.6049187520980597,16.512532238949422,359830.70435986796,750.0,637.6610464750576,255.06441859002302,232.47467699846086,2.742926905880933,True
29,43,0.7315254237288136,0.10338983050847457,0.8349152542372882,1.6811587348959653,16.322052146921,400984.98957328574,750.0000000000001,641.0904181639985,256.4361672655994,233.3341746496047,2.7475204569871376,True
29,44,0.7483050847457626,0.10338983050847457,0.8516949152542372,1.7591677926492184,16.138015382282656,445750.03348650824,750.0000000000001,644.4425282856001,257.77701131424004,234.22649996602993,2.7513647191033646,True
29,45,0.7650847457627118,0.10338983050847457,0.8684745762711864,1.83894592535782,15.960066687499863,494350.90817519114,750.0000000000001,647.7206022304791,259.08824089219166,235.14891634909412,2.7545123842667216,True
29,46,0.781864406779661,0.10338983050847457,0.8852542372881356,1.92049313302177,15.787877636163413,547021.2560329699,750.0,650.9276678822007,260.3710671528803,236.09891990051258,2.7570124766199218,True
29,47,0.7986440677966101,0.10338983050847457,0.9020338983050847,2.0038094156410677,15.621144082549273,604003.4174223938,750.0,654.0665714968783,261.6266285987513,237.07421680983637,2.758910607396513,True
29,48,0.8154237288135593,0.10338983050847457,0.9188135593220339,2.0888947732157135,15.459583901360816,665548.5573957742,750.0000000000001,657.1399920101632,262.8559968040653,238.0727032626603,2.7602492138090913,True
29,49,0.8322033898305085,0.10338983050847457,0.9355932203389831,2.1757492057457077,15.3029349794245,731916.7915124781,750.0000000000002,660.1504539557151,264.060181582286,239.09244754944896,2.7610677824492265,True
29,50,0.8489830508474576,0.10338983050847457,0.9523728813559322,2.26437271323105,15.150953426805811,803377.3107779048,750.0000000000001,663.100339154494,265.24013566179764,240.13167410079816,2.7614030578746127,True
29,51,0.8657627118644068,0.10338983050847457,0.9691525423728814,2.3547652956717404,15.003411979565055,880208.5057281766,750.0000000000002,665.9918973131989,266.3967589252796,241.1887492135085,2.761289237101355,True
29,52,0.882542372881356,0.10338983050847457,0.9859322033898306,2.4469269530677784,14.8600985703534,962698.0896834311,749.9999999999997,668.8272556522899,267.530902260916,242.2621682643289,2.7607581507424706,True
29,53,0.899322033898305,0.10338983050847457,1.0027118644067796,2.5408576854191645,14.720815046396192,1051143.2211915914,750.0000000000002,671.6084276687393,268.6433710674957,243.35054423571432,2.7598394315412156,True
29,54,0.9161016949152542,0.10338983050847457,1.0194915254237287,2.636557492725899,14.585376017233225,1145850.6256834194,750.0000000000001,674.3373211255604,269.7349284502242,244.45259740124925,2.758560671043679,True
29,55,0.9328813559322033,0.10338983050847457,1.036271186440678,2.7340263749879816,14.453607816975586,1247136.7163588728,750.0000000000003,677.0157453488897,270.8062981395559,245.56714603828897,2.7569475651410187,True
29,56,0.9496610169491525,0.10338983050847457,1.053050847457627,2.8332643322054123,14.325347567866768,1355327.7143237353,750.0000000000002,679.6454179036965,271.8581671614786,246.69309805230864,2.7550240491916194,True
29,57,0.9664406779661017,0.10338983050847457,1.0698305084745763,2.934271364378191,14.200442333664842,1470759.7679949042,750.0,682.2279707107887,272.8911882843155,247.829443412036,2.752812423407379,True
29,58,0.9832203389830508,0.10338983050847457,1.0866101694915253,3.037047471506318,14.078748352837732,1593779.0717916838,749.9999999999998,684.7649556605206,273.90598226420826,248.9752473069414,2.7503334691594037,True
29,59,1.0,0.10338983050847457,1.1033898305084746,3.141592653589793,13.960130342829563,1724741.984130028,750.0000000000001,687.2578497722631,274.90313990890525,250.129643949447,2.747606556826838,True
30,0,0.01,0.10661016949152542,0.11661016949152542,0.0003141592653589793,26.548920903985486,1.0471777441352759e-06,26.306026529931533,500.24534968516207,200.09813987406483,200.10608661349056,2.4999007184194117,True
30,1,0.026779661016949154,0.10661016949152542,0.13338983050847458,0.0022529939386445163,26.469777794000972,0.0007359832433558497,70.0272663105015,501.07752109835735,200.43100843934295,200.43881242972344,2.499902663682174,True
30,2,0.043559322033898305,0.10661016949152542,0.15016949152542372,0.0059609035672781455,26.373376184716427,0.018579609060151527,113.07694775457591,502.0952858852587,200.83811435410348,200.8457469518578,2.499904994282053,True
30,3,0.06033898305084746,0.10661016949152542,0.1669491525423729,0.01143788815125987,26.260382082132615,0.16033326893926214,155.29646648894038,503.2940328650069,201.31761314600277,201.32404887066946,2.4999200825149455,True
30,4,0.0771186440677966,0.10661016949152542,0.18372881355932202,0.01868394769058968,26.130498957623544,0.8068998215794138,196.52431749728686,504.6797584971106,201.87190339884424,201.86230695677315,2.500118848860589,True
30,5,0.09389830508474575,0.10661016949152542,0.2005084745762712,0.02769908218526759,25.987374861969855,2.932699558725531,236.67047463013563,506.2165087678043,202.48660350712174,202.47859416006736,2.5000988912814166,True
30,6,0.1106779661016949,0.10661016949152542,0.21728813559322033,0.03848329163529359,25.83051064139621,8.565893563229146,275.60599473868456,507.91266138487816,203.16506455395128,203.15835091617654,2.5000826158233767,True
30,7,0.12745762711864406,0.10661016949152542,0.23406779661016947,0.051036576040667685,25.662251857553763,21.385405382683928,313.26859651925065,509.7459803151356,203.89839212605426,203.9086285569801,2.499874497330026,True
30,8,0.14423728813559322,0.10661016949152542,0.25084745762711863,0.06535893540138989,25.48089145430929,47.41055469457048,349.51698915827654,511.7384310420497,204.69537241681988,204.70398760810667,2.4998947847647295,True
30,9,0.1610169491525424,0.10661016949152542,0.2676271186440678,0.08145036971746017,25.289065573321185,95.80201935725262,384.3250259914776,513.8645942162312,205.54583768649252,205.55307934744314,2.4999119246842025,True
30,10,0.17779661016949153,0.10661016949152542,0.28440677966101696,0.09931087898887854,25.08651266457516,179.6458788748007,417.60488425476,516.1308591761485,206.4523436704594,206.4412308469228,2.500134576115089,True
30,11,0.19457627118644066,0.10661016949152542,0.30118644067796607,0.11894046321564498,24.877240615827112,316.9379506323649,449.4235194634338,518.4955215744818,207.39820862979275,207.38889362030693,2.500112289155451,True
30,12,0.21135593220338983,0.10661016949152542,0.31796610169491524,0.14033912239775956,24.660677130305967,531.2298988740449,479.7179209455521,520.9678093300221,208.38712373200883,208.37934797939494,2.500093288426724,True
30,13,0.228135593220339,0.10661016949152542,0.3347457627118644,0.16350685653522223,24.437837602101343,852.5195134019059,508.48729204218876,523.5389748654035,209.4155899461614,209.40913242374728,2.5000770921776354,True
30,14,0.24491525423728813,0.10661016949152542,0.35152542372881357,0.18844366562803297,24.210827217784765,1318.1869021197751,535.792461240238,526.1871416452866,210.47485665811465,210.48473067971992,2.499882722827763,True
30,15,0.26169491525423727,0.10661016949152542,0.3683050847457627,0.2151495496761918,23.97807585815996,1972.6897619163863,561.5461454297653,528.9330631975383,211.57322527901533,211.58133992714443,2.4999041190478812,True
30,16,0.27847457627118644,0.10661016949152542,0.38508474576271184,0.24362450867969873,23.741830810687325,2869.415307056553,585.8352095700968,531.7526424142975,212.701056965719,212.7076648203061,2.4999223364306986,True
30,17,0.2952542372881356,0.10661016949152542,0.401864406779661,0.2738685426385538,23.501794871850958,4069.533499820092,608.6389030965837,534.651548799067,213.8606195196268,213.8506581440863,2.5001164524770103,True
30,18,0.31203389830508477,0.10661016949152542,0.4186440677966102,0.30588165155275693,23.261131814946065,5645.487594415138,630.1224719284857,537.5931577023889,215.03726308095557,215.02932810931185,2.5000922545277136,True
30,19,0.3288135593220339,0.10661016949152542,0.4354237288135593,0.33966383542230805,23.019150103652972,7676.940425938098,650.2641248160913,540.5870163180116,216.23480652720465,216.2286020356211,2.5000717353246187,True
30,20,0.34559322033898304,0.10661016949152542,0.45220338983050845,0.3752150942472074,22.7774127610622,10255.383473012464,669.1685237977176,543.6147144318982,217.44588577275928,217.45484640798728,2.4998969828061317,True
30,21,0.3623728813559322,0.10661016949152542,0.4689830508474576,0.4125354280274548,22.534352198254485,13476.7285764013,686.7637309404784,546.6968455970209,218.67873823880836,218.68535822204467,2.4999243206850914,True
30,22,0.3791525423728813,0.10661016949152542,0.4857627118644067,0.45162483676305026,22.290820832148867,17448.722530670213,703.117004502636,549.8237575965667,219.92950303862668,219.92066183072845,2.500100504516318,True
30,23,0.3959322033898305,0.10661016949152542,0.502542372881356,0.49248332045399384,22.05047361012632,22300.269342433432,718.4857798418959,552.9486162942023,221.17944651768096,221.19028169150988,2.4998775356025353,True
30,24,0.41271186440677965,0.10661016949152542,0.5193220338983051,0.5351108791002855,21.808668304977196,28140.330291541068,732.5997309872273,556.1321201775637,222.4528480710255,222.4419168521862,2.5001228547545575,True
30,25,0.4294915254237288,0.10661016949152542,0.5361016949152543,0.5795075127019254,21.569998143597157,35123.46331925277,745.7895965911247,559.3141486011958,223.72565944047835,223.7162637028141,2.500104996140074,True
30,26,0.446271186440678,0.10661016949152542,0.5528813559322034,0.6256732212589133,21.220247977286743,42477.63976936127,749.9999999999999,564.0501838890491,225.62007355561965,223.80449405032996,2.520280865147433,True
30,27,0.4630508474576271,0.10661016949152542,0.5696610169491525,0.6736080047712492,20.832219206112747,50462.2113788686,749.9999999999999,569.4089255871238,227.76357023484954,223.42250631254905,2.5485746041652995,True
30,28,0.47983050847457626,0.10661016949152542,0.5864406779661017,0.7233118632389332,20.464726720046134,59581.17890083583,750.0,574.5884123448416,229.83536493793665,223.18476031016016,2.574496625783657,True
30,29,0.4966101694915254,0.10661016949152542,0.6032203389830508,0.7747847966619654,20.116020710794896,69947.45701603679,750.0000000000003,579.5999188688048,231.83996754752195,223.07702544858478,2.5982053405243746,True
30,30,0.5133898305084745,0.10661016949152542,0.62,0.8280268050403455,19.78455323069975,81680.7362962269,750.0000000000003,584.4536794196803,233.78147176787212,223.08671804409155,2.6198497362096074,True
30,31,0.5301694915254237,0.10661016949152542,0.6367796610169492,0.8830378883740738,19.468949206489178,94907.64028684264,750.0,589.1590132482248,235.66360529928994,223.2026722256932,2.639569712017121,True
30,32,0.5469491525423729,0.10661016949152542,0.6535593220338983,0.9398180466631503,19.16798238315883,109761.8808291577,750.0,593.7244315352353,237.48977261409414,223.41494862454226,2.657496444130124,True
30,33,0.563728813559322,0.10661016949152542,0.6703389830508475,0.9983672799075749,18.880555236664385,126384.41169829172,749.9999999999999,598.1577290338964,239.26309161355857,223.71467361854508,2.67375277338228,True
30,34,0.5805084745762712,0.10661016949152542,0.6871186440677967,1.0586855881073476,18.605682104106325,144923.58062785148,750.0000000000001,602.4660629828159,240.98642519312637,224.09390346857023,2.6884536065360356,True
30,35,0.5972881355932204,0.10661016949152542,0.7038983050847458,1.1207729712624683,18.34247493955717,165535.27978692928,750.0000000000001,606.6560213663889,242.66240854655558,224.54550887396525,2.7017063240703596,True
30,36,0.6140677966101695,0.10661016949152542,0.720677966101695,1.1846294293729371,18.090131225847024,188383.09477063885,750.0,610.7336822125764,244.29347288503055,225.06307638805814,2.7136111885342644,True
30,37,0.6308474576271186,0.10661016949152542,0.737457627118644,1.2502549624387536,17.847923666974136,213638.45216125617,750.0,614.7046653120086,245.88186612480345,225.6408238398433,2.7242617486112235,True
30,38,0.6476271186440677,0.10661016949152542,0.7542372881355932,1.3176495704599187,17.61519135923753,241480.76571330315,750.0000000000002,618.5741774981872,247.4296709992749,226.27352745774198,2.7337452350174276,True
30,39,0.6644067796610169,0.10661016949152542,0.7710169491525424,1.386813253436432,17.391332196751126,272097.58121252223,750.0000000000005,622.3470524325847,248.9388209730339,226.95645882278987,2.742142945218053,True
30,40,0.6811864406779661,0.10661016949152542,0.7877966101694915,1.457746011368293,17.175796312430705,305684.7200556048,750.0000000000002,626.0277856802035,250.4111142720814,227.685330119804,2.749530614690014,True
30,41,0.6979661016949152,0.10661016949152542,0.8045762711864407,1.5304478442555023,16.968080391634647,342446.42159470846,749.9999999999997,629.6205657326244,251.84822629304978,228.4562464267176,2.7559787730933816,True
30,42,0.7147457627118644,0.10661016949152542,0.8213559322033899,1.6049187520980597,16.76772272448284,382595.48428820854,749.9999999999998,633.1293015306179,253.25172061224717,229.26566399993345,2.76155308424554,True
30,43,0.7315254237288136,0.10661016949152542,0.838135593220339,1.6811587348959653,16.574298886064362,426353.4056967602,750.0000000000005,636.5576469522308,254.62305878089234,230.11035368910515,2.7663146692315452,True
30,44,0.7483050847457626,0.10661016949152542,0.8549152542372881,1.7591677926492184,16.38741795248545,473950.5213615574,749.9999999999999,639.9090226611775,255.963609064471,230.98736875711893,2.770320412342702,True
30,45,0.7650847457627118,0.10661016949152542,0.8716949152542373,1.83894592535782,16.206719175936605,525626.1425996794,749.9999999999998,643.1866356514696,257.27465426058785,231.89401649721273,2.7736232498228364,True
30,46,0.781864406779661,0.10661016949152542,0.8884745762711864,1.92049313302177,16.031869054391287,581628.6932495034,749.9999999999998,646.393496775171,258.5573987100684,232.82783313441283,2.7762724416285933,True
30,47,0.7986440677966101,0.10661016949152542,0.9052542372881356,2.0038094156410677,15.862558741750378,642215.8453975092,749.9999999999998,649.532436499166,259.8129745996664,233.7865615769975,2.778313826585121,True
30,48,0.8154237288135593,0.10661016949152542,0.9220338983050848,2.0888947732157135,15.698501752653616,707654.6541161553,749.9999999999999,652.60611910242,261.042447640968,234.76813164872578,2.7797900614504556,True
30,49,0.8322033898305085,0.10661016949152542,0.9388135593220339,2.1757492057457077,15.539431923138212,778221.6912410327,750.0,655.6170554962049,262.246822198482,235.7706424867035,2.780740844497546,True
30,50,0.8489830508474576,0.10661016949152542,0.9555932203389831,2.26437271323105,15.385101594108756,854203.1782141383,750.0,658.56761482524,263.42704593009597,236.79234683497404,2.7812031242893616,True
30,51,0.8657627118644068,0.10661016949152542,0.9723728813559323,2.3547652956717404,15.235279989408633,935895.1180188156,750.0000000000001,661.4600349868732,264.5840139947493,237.83163700189962,2.7812112943644665,True
30,52,0.882542372881356,0.10661016949152542,0.9891525423728814,2.4469269530677784,15.089751764325564,1023603.4262306984,750.0000000000001,664.2964321877034,265.7185728750814,238.88703228138053,2.7807973745734396,True
30,53,0.899322033898305,0.10661016949152542,1.0059322033898304,2.5408576854191645,14.948315703762137,1117644.061207905,749.9999999999999,667.0788096418879,266.83152385675515,239.95716766502073,2.7799911798139214,True
30,54,0.9161016949152542,0.10661016949152542,1.0227118644067796,2.636557492725899,14.810783552168775,1218343.1534426624,750.0000000000002,669.8090655023965,267.9236262009586,241.0407836952963,2.7788204769078138,True
30,55,0.9328813559322033,0.10661016949152542,1.0394915254237287,2.7340263749879816,14.676978959762717,1326037.1340955107,750.0000000000002,672.4890001053141,268.99560004212566,242.13671732937598,2.777311130350109,True
30,56,0.9496610169491525,0.10661016949152542,1.056271186440678,2.8332643322054123,14.546736531617343,1441072.862732484,749.9999999999999,675.1203225976533,270.04812903906134,243.2438936999185,2.775487237638638,True
30,57,0.9664406779661017,0.10661016949152542,1.073050847457627,2.934271364378191,14.419900967960157,1563807.7542845227,750.0000000000002,677.704657010841,271.08186280433637,244.36131867353546,2.7733712548680765,True
30,58,0.9832203389830508,0.10661016949152542,1.0898305084745763,3.037047471506318,14.296326285517802,1694609.9052478767,749.9999999999998,680.2435478348025,272.097419133921,245.48807211988688,2.7709841132427724,True
30,59,1.0,0.10661016949152542,1.1066101694915254,3.141592653589793,14.175875111030122,1833858.2191432058,750.0,682.7384651413196,273.09538605652784,246.62330181504197,2.768345327131121,True
31,0,0.01,0.10983050847457626,0.11983050847457626,0.0003141592653589793,27.051929479447274,1.128823118906029e-06,26.511459639227187,495.02655962727465,198.01062385090987,198.01952168050417,2.4998876647423596,True
31,1,0.026779661016949154,0.10983050847457626,0.1366101694915254,0.0022529939386445163,26.96980292784044,0.0007931911071033897,70.56636836371739,495.8704427029902,198.3481770811961,198.35691438221434,2.499889879046497,True
31,2,0.043559322033898305,0.10983050847457626,0.15338983050847457,0.0059609035672781455,26.870206093399776,0.020019703607471333,113.93581223375847,496.8980970441917,198.75923881767667,198.76778421102415,2.4998925203928115,True
31,3,0.06033898305084746,0.10983050847457626,0.1701694915254237,0.01143788815125987,26.7538039236481,0.1727275622967661,156.46103978629057,498.10510680611713,199.24204272244685,199.2491351968769,2.499911009972226,True
31,4,0.0771186440677966,0.10983050847457626,0.18694915254237288,0.01868394769058968,26.62019860040216,0.8691084530165037,197.9789941834298,499.4984789489143,199.79939157956574,199.78888668154627,2.50013144997945,True
31,5,0.09389830508474575,0.10983050847457626,0.20372881355932201,0.02769908218526759,26.473392128504187,3.1583212307280935,238.40429995822132,501.0394508395796,200.41578033583187,200.40701750995663,2.5001093128621954,True
31,6,0.1106779661016949,0.10983050847457626,0.22050847457627115,0.03848329163529359,26.312714000064542,9.22366004156888,277.6064844268496,502.738065058703,201.09522602348122,201.08788491221924,2.5000912674483744,True
31,7,0.12745762711864406,0.10983050847457626,0.23728813559322032,0.051036576040667685,26.140681302405465,23.025339626031293,315.5271827536501,504.57081964498445,201.8283278579938,201.8394448499027,2.4998623040219274,True
31,8,0.14423728813559322,0.10983050847457626,0.2540677966101695,0.06535893540138989,25.95527634941609,51.04100231065488,352.0189222812852,506.5625712178147,202.6250284871259,202.63437829026913,2.4998846468794915,True
31,9,0.1610169491525424,0.10983050847457626,0.27084745762711865,0.08145036971746017,25.75933473880873,103.12930814014018,387.0597619684897,508.6864089690547,203.4745635876219,203.48241647558405,2.4999035188384067,True
31,10,0.17779661016949153,0.10983050847457626,0.28762711864406776,0.09931087898887854,25.55396065548788,193.41447495625476,420.6075520471931,510.9336248615465,204.3734499446186,204.38002912671436,2.499919522688642,True
31,11,0.19457627118644066,0.10983050847457626,0.3044067796610169,0.11894046321564498,25.339006053542935,341.13298898299627,452.5912704382582,513.3091936745218,205.32367746980873,205.31366072136996,2.500121968850046,True
31,12,0.21135593220338983,0.10983050847457626,0.3211864406779661,0.14033912239775956,25.118223030627536,571.7657946146254,483.09151827553984,515.7746165172209,206.30984660688839,206.30149688973336,2.500101183429118,True
31,13,0.228135593220339,0.10983050847457626,0.33796610169491526,0.16350685653522223,24.891143550530906,917.5561034520887,512.0588697020402,518.3376867966771,207.33507471867085,207.3281526486778,2.5000834675598154,True
31,14,0.24491525423728813,0.10983050847457626,0.3547457627118644,0.18844366562803297,24.65998989590551,1418.7636597237763,539.5587876410308,520.9756960856316,208.39027843425265,208.40077184211134,2.4998741198537084,True
31,15,0.26169491525423727,0.10983050847457626,0.37152542372881353,0.2151495496761918,24.422967033361427,2123.220820805952,565.4956609466898,523.7115486148715,209.48461944594862,209.49321880299678,2.4998973790524426,True
31,16,0.27847457627118644,0.10983050847457626,0.3883050847457627,0.24362450867969873,24.182463727859954,3088.4371492892255,589.961658638608,526.5200860303108,210.60803441212434,210.6150115939668,2.499917180857745,True
31,17,0.2952542372881356,0.10983050847457626,0.40508474576271186,0.2738685426385538,23.938109134508267,4380.259830225368,612.9329522360428,529.4077524012798,211.76310096051193,211.75270128426942,2.500122780915892,True
31,18,0.31203389830508477,0.10983050847457626,0.421864406779661,0.30588165155275693,23.69325864767012,6076.832556786216,634.5831173656909,532.3364541722885,212.93458166891543,212.92635058695606,2.5000966423593964,True
31,19,0.3288135593220339,0.10983050847457626,0.43864406779661014,0.33966383542230805,23.44711809230449,8263.973464999368,654.8861502719603,535.3167481696211,214.12669926784844,214.12032000964098,2.5000744821673995,True
31,20,0.34559322033898304,0.10983050847457626,0.4554237288135593,0.3752150942472074,23.201290773475428,11040.352106401493,673.948411722353,538.3301278568003,215.33205114272016,215.34108651456788,2.4998951039488797,True
31,21,0.3623728813559322,0.10983050847457626,0.47220338983050847,0.4125354280274548,22.95412065977101,14509.311723355067,691.6942345389836,541.3978417784667,216.5591367113867,216.5656825471917,2.4999244359063724,True
31,22,0.3791525423728813,0.10983050847457626,0.4889830508474576,0.45162483676305026,22.70654663364418,18787.27303982462,708.1957172853223,544.5093799384143,217.80375197536574,217.79535040672738,2.500096438797048,True
31,23,0.3959322033898305,0.10983050847457626,0.5057627118644068,0.49248332045399384,22.462115277996393,24012.701820236693,723.701172765587,547.6202721042979,219.04810884171917,219.05768665126016,2.4998906930671163,True
31,24,0.41271186440677965,0.10983050847457626,0.5225423728813559,0.5351108791002855,22.216600938194702,30305.611974962307,737.971055389535,550.7845710271673,220.31382841086693,220.30587687889806,2.5000902328626173,True
31,25,0.4294915254237288,0.10983050847457626,0.5393220338983051,0.5795075127019254,21.955066617162746,37699.530225131944,750.0000000000005,554.1999058516218,221.67996234064873,221.38266901080775,2.5033572335536625,True
31,26,0.446271186440678,0.10983050847457626,0.5561016949152542,0.6256732212589133,21.538360162611806,45082.61492037945,750.0000000000001,559.7389659177838,223.89558636711354,220.84728114587972,2.534506936257235,True
31,27,0.4630508474576271,0.10983050847457626,0.5728813559322034,0.6736080047712492,21.144514462224777,53556.84675458927,750.0000000000002,565.0873530277778,226.03494121111112,220.4698217540721,2.563105229241383,True
31,28,0.47983050847457626,0.10983050847457626,0.5896610169491525,0.7233118632389332,20.771512905860853,63235.042235705056,750.0000000000002,570.2574410192447,228.10297640769787,220.2343860098857,2.589320638574793,True
31,29,0.4966101694915254,0.10983050847457626,0.6064406779661017,0.7747847966619654,20.417579453897456,74237.0406273917,750.0,575.2604250348538,230.10417001394154,220.1269630547847,2.613311958933828,True
31,30,0.5133898305084745,0.10983050847457626,0.6232203389830508,0.8280268050403455,20.081142953432234,86689.87262121681,750.0000000000002,580.1064681650747,232.0425872660299,220.13516389587377,2.6352285473095574,True
31,31,0.5301694915254237,0.10983050847457626,0.6399999999999999,0.8830378883740738,19.76080771750601,100727.92705257113,750.0,584.8048257901331,233.92193031605325,220.2479957211349,2.655210658673047,True
31,32,0.5469491525423729,0.10983050847457626,0.6567796610169492,0.9398180466631503,19.4553291083576,116493.11574808137,750.0000000000002,589.3639515956407,235.7455806382563,220.45567344872327,2.6733898129082325,True
31,33,0.563728813559322,0.10983050847457626,0.6735593220338982,0.9983672799075749,19.16359314898824,134135.03658558987,749.9999999999999,593.7915884299556,237.51663537198226,220.7494613829009,2.689889183466657,True
31,34,0.5805084745762712,0.10983050847457626,0.6903389830508475,1.0586855881073476,18.884599400451584,153811.1348418322,750.0000000000001,598.0948465472816,239.23793861891264,221.1215393951774,2.7048239994313548,True
31,35,0.5972881355932204,0.10983050847457626,0.7071186440677966,1.1207729712624683,18.61744650414671,175686.86289755238,749.9999999999997,602.2802712936732,240.91210851746928,221.56488922337812,2.718301953909602,True
31,36,0.6140677966101695,0.10983050847457626,0.7238983050847458,1.1846294293729371,18.36131991238976,199935.83836500862,750.0000000000001,606.3539019102463,242.54156076409856,222.07319738110587,2.7304236128489916,True
31,37,0.6308474576271186,0.10983050847457626,0.7406779661016949,1.2502549624387536,18.1154814263035,226740.0006984114,750.0000000000002,610.3213228247045,244.1285291298818,222.64077186542445,2.7412828194541747,True
31,38,0.6476271186440677,0.10983050847457626,0.757457627118644,1.3176495704599187,17.87926023459676,256289.76634392928,749.9999999999998,614.1877085604407,245.67508342417628,223.26247039228866,2.7509670903545387,True
31,39,0.6644067796610169,0.10983050847457626,0.7742372881355932,1.386813253436432,17.652045205229832,288784.18248225714,749.9999999999998,617.957863198394,247.1831452793576,223.933638314519,2.7595580005289806,True
31,40,0.6811864406779661,0.10983050847457626,0.7910169491525423,1.457746011368293,17.433278228075313,324431.0794134793,750.0000000000001,621.6362551700771,248.65450206803087,224.65005471333214,2.767131554734428,True
31,41,0.6979661016949152,0.10983050847457626,0.8077966101694916,1.5304478442555023,17.22244844331491,363447.2216309852,750.0000000000001,625.2270480328707,250.09081921314828,225.40788542215583,2.773758543814527,True
31,42,0.7147457627118644,0.10983050847457626,0.8245762711864406,1.6049187520980597,17.01908721958767,406058.45762839477,750.0000000000001,628.734127774706,251.49365110988242,226.2036419559639,2.7795048847936084,True
31,43,0.7315254237288136,0.10983050847457626,0.8413559322033899,1.6811587348959653,16.822763769439906,452499.8684810021,749.9999999999999,632.1611271098856,252.86445084395424,227.03414549235424,2.784431944097918,True
31,44,0.7483050847457626,0.10983050847457626,0.8581355932203389,1.7591677926492184,16.633081308647938,503015.91524084605,750.0,635.5114471573829,254.20457886295318,227.89649519089915,2.788596843602365,True
31,45,0.7650847457627118,0.10983050847457626,0.874915254237288,1.83894592535782,16.44967368144121,557860.5851824647,750.0000000000001,638.7882768345872,255.5153107338349,228.78804025175393,2.792052749486717,True
31,46,0.781864406779661,0.10983050847457626,0.8916949152542373,1.92049313302177,16.272202386273015,617297.5369343408,750.0,641.9946102508699,256.79784410034796,229.70635520836578,2.7948491441106142,True
31,47,0.7986440677966101,0.10983050847457626,0.9084745762711863,2.0038094156410677,16.100353947140373,681600.2445292469,750.0000000000006,645.1332623447273,258.0533049378909,230.64921802650193,2.7970320812906486,True
31,48,0.8154237288135593,0.10983050847457626,0.9252542372881356,2.0888947732157135,15.933837583988453,751052.1404050399,750.0000000000002,648.206882974143,259.2827531896572,231.61459064587612,2.798644425493944,True
31,49,0.8322033898305085,0.10983050847457626,0.9420338983050847,2.1757492057457077,15.772383142797407,825946.757385797,750.0000000000001,651.217969641079,260.4871878564316,232.60060165401532,2.799726075557368,True
31,50,0.8489830508474576,0.10983050847457626,0.9588135593220339,2.26437271323105,15.615739251820804,906587.8696718236,750.0000000000002,654.1688790066933,261.6675516026773,233.60553082651987,2.800314173607868,True
31,51,0.8657627118644068,0.10983050847457626,0.975593220338983,2.3547652956717404,15.463671675342628,993289.6328655828,750.0000000000002,657.0618373332508,262.8247349333003,234.62779530531506,2.8004432999007354,True
31,52,0.882542372881356,0.10983050847457626,0.9923728813559323,2.4469269530677784,15.315961840423661,1086376.7230594794,750.0000000000003,659.898949971112,263.9595799884448,235.6659372179856,2.8001456543154157,True
31,53,0.899322033898305,0.10983050847457626,1.0091525423728813,2.5408576854191645,15.172405515556177,1186184.4750100349,750.0,662.6822099941775,265.072883997671,236.71861256793187,2.7994512252559165,True
31,54,0.9161016949152542,0.10983050847457626,1.0259322033898304,2.636557492725899,15.032811623056533,1293059.0194221186,750.0,665.4135060742836,266.1654024297135,237.78458124771905,2.7983879466981487,True
31,55,0.9328813559322033,0.10983050847457626,1.0427118644067797,2.7340263749879816,14.897001169487023,1407357.4193656426,750.0000000000001,668.0946296739867,267.2378518695947,238.86269804724967,2.7969818441129313,True
31,56,0.9496610169491525,0.10983050847457626,1.0594915254237287,2.8332643322054123,14.764806280489921,1529447.8058462604,750.0,670.7272816276248,268.29091265104995,239.9519045448559,2.795257169972748,True
31,57,0.9664406779661017,0.10983050847457626,1.076271186440678,2.934271364378191,14.63606932819793,1659709.5125507445,750.0000000000001,673.3130781722972,269.3252312689189,241.0512217835218,2.7932365295247163,True
31,58,0.9832203389830508,0.10983050847457626,1.093050847457627,3.037047471506318,14.510642140906207,1798533.20978666,750.0000000000001,675.8535564832565,270.34142259330264,242.1597436465578,2.790940997483433,True
31,59,1.0,0.10983050847457626,1.1098305084745763,3.141592653589793,14.388385285995657,1946321.0376354083,750.0000000000001,678.3501797619757,271.3400719047903,243.27663085753633,2.788390226265588,True
32,0,0.01,0.11305084745762711,0.12305084745762711,0.0003141592653589793,27.54796710634914,1.2139229775065326e-06,26.70947979040354,489.99597189164433,195.99838875665773,196.00830082392508,2.4998735759247737,True
32,1,0.026779661016949154,0.11305084745762711,0.13983050847457626,0.0022529939386445163,27.462832467081693,0.000852801694546871,71.0856679323333,490.8513624987298,196.34054499949195,196.35027747793492,2.4998760827006716,True
32,2,0.043559322033898305,0.11305084745762711,0.15661016949152542,0.0059609035672781455,27.36002355186491,0.02151986393951925,114.76259595412517,491.8887259054271,196.75549036217086,196.76500903862927,2.4998790603509113,True
32,3,0.06033898305084746,0.11305084745762711,0.17338983050847456,0.01143788815125987,27.240200696447783,0.18563535652520222,157.5813839546374,493.10386853843113,197.24154741537245,197.2493288552887,2.499901375584376,True
32,4,0.0771186440677966,0.11305084745762711,0.19016949152542373,0.01868394769058968,27.104427788363047,0.9340922777381006,199.40047539015248,494.4887718252109,197.79550873008438,197.80193106812732,2.4999188286736094,True
32,5,0.09389830508474575,0.11305084745762711,0.20694915254237287,0.02769908218526759,26.952376865858525,3.3931746359531094,240.0701768196821,496.0499097021552,198.4199638808621,198.4104164323926,2.500120299234299,True
32,6,0.1106779661016949,0.11305084745762711,0.223728813559322,0.03848329163529359,26.78789848852343,9.908211869954956,279.52765214482577,497.75090224564894,199.1003608982596,199.09236679879257,2.5001003817925764,True
32,7,0.12745762711864406,0.11305084745762711,0.24050847457627117,0.051036576040667685,26.61052046676031,24.7258887434586,317.6573325635459,499.5997456009777,199.8398982403911,199.83319386651706,2.5000838746274368,True
32,8,0.14423728813559322,0.11305084745762711,0.25728813559322034,0.06535893540138989,26.422696364845997,54.8182417440931,354.41992939239765,501.5740180152787,200.62960720611147,200.63971552746722,2.499874048847593,True
32,9,0.1610169491525424,0.11305084745762711,0.2740677966101695,0.08145036971746017,26.222668611124316,110.75187301743084,389.68320175872776,503.6955355880841,201.47821423523365,201.48669759700874,2.4998947404236076,True
32,10,0.17779661016949153,0.11305084745762711,0.2908474576271186,0.09931087898887854,26.013157768609467,207.69612105357544,423.44396192097395,505.93891294600473,202.3755651784019,202.3826660370141,2.499912284253992,True
32,11,0.19457627118644066,0.11305084745762711,0.3076271186440678,0.11894046321564498,25.793903920775307,366.2973103019902,455.6279421632349,508.31028649462013,203.32411459784805,203.31338075136279,2.500131986473856,True
32,12,0.21135593220338983,0.11305084745762711,0.32440677966101694,0.14033912239775956,25.568946686238895,613.9229542047198,486.3248204343078,510.768908151366,204.30756326054643,204.29862826457708,2.5001093374444707,True
32,13,0.228135593220339,0.11305084745762711,0.3411864406779661,0.16350685653522223,25.337676161647536,985.1908174166314,515.4813160494483,513.3239666195194,205.3295866478078,205.3221921996269,2.5000900346925685,True
32,14,0.24491525423728813,0.11305084745762711,0.3579661016949153,0.18844366562803297,25.10243573951497,1523.3578490526704,543.1676314266533,515.9519074938488,206.38076299753953,206.39187941551896,2.499865348166666,True
32,15,0.26169491525423727,0.11305084745762711,0.3747457627118644,0.2151495496761918,24.86119488063216,2279.7617511013364,569.2795697856743,518.6778142397078,207.47112569588313,207.48020985665664,2.4998905418403545,True
32,16,0.27847457627118644,0.11305084745762711,0.39152542372881355,0.24362450867969873,24.6164894446892,3316.202641185477,593.9147435103404,521.4754457160657,208.5901782864263,208.59752182834902,2.4999119891039645,True
32,17,0.2952542372881356,0.11305084745762711,0.4083050847457627,0.2738685426385538,24.367873469802994,4703.390376206095,617.0462522927155,524.3520045303414,209.7408018121366,209.7299772603685,2.500129029620723,True
32,18,0.31203389830508477,0.11305084745762711,0.4250847457627119,0.30588165155275693,24.118897028655972,6525.410862834023,638.8560054597385,527.2679486318625,210.90717945274503,210.89866871056944,2.50010088662754,True
32,19,0.3288135593220339,0.11305084745762711,0.441864406779661,0.33966383542230805,23.868660456979637,8874.486166721657,659.3137442449871,530.2348350463059,212.09393401852236,212.08739907823235,2.500077031218243,True
32,20,0.34559322033898304,0.11305084745762711,0.45864406779661016,0.3752150942472074,23.618803153381425,11856.756012237467,678.5272681214337,533.2341124043171,213.29364496172684,213.302716415622,2.4998936786407646,True
32,21,0.3623728813559322,0.11305084745762711,0.4754237288135593,0.4125354280274548,23.36758717490741,15583.308079214725,696.4176195502897,536.2875804852541,214.51503219410165,214.5214627184641,2.499925059662085,True
32,22,0.3791525423728813,0.11305084745762711,0.49220338983050843,0.45162483676305026,23.116045507771652,20179.64654487008,713.0621298704324,539.3838091914869,215.75352367659477,215.7456354465552,2.5000914066004536,True
32,23,0.3959322033898305,0.11305084745762711,0.5089830508474575,0.49248332045399384,22.86757582001471,25794.014035385713,728.6977025242628,542.4810926089169,216.99243704356678,217.00063307790992,2.4999055759166815,True
32,24,0.41271186440677965,0.11305084745762711,0.5257627118644068,0.5351108791002855,22.619394132402153,32563.904605528165,743.1820437836868,545.6141076334159,218.24564305336636,218.2547074235833,2.499896172110971,True
32,25,0.4294915254237288,0.11305084745762711,0.5425423728813559,0.5795075127019254,22.274613302521956,39942.71619781825,750.0,550.033257423162,220.01330296926483,218.55137553407155,2.516722926492921,True
32,26,0.446271186440678,0.11305084745762711,0.5593220338983051,0.6256732212589133,21.851841862214386,47765.10695138109,750.0,555.5607620541844,222.22430482167374,218.02262325363557,2.548179421765215,True
32,27,0.4630508474576271,0.11305084745762711,0.5761016949152542,0.6736080047712492,21.452263904654274,56743.56994885136,750.0000000000003,560.898620491862,224.35944819674478,217.64944122531702,2.5770735607412076,True
32,28,0.47983050847457626,0.11305084745762711,0.5928813559322034,0.7233118632389332,21.073833468795318,66997.63447169018,750.0000000000002,566.0591194979578,226.42364779918313,217.4161625824001,2.603574236498738,True
32,29,0.4966101694915254,0.11305084745762711,0.6096610169491525,0.7747847966619654,20.714748665511298,78654.27042295302,750.0,571.053376564009,228.42135062560362,217.30898655613177,2.6278405951541433,True
32,30,0.5133898305084745,0.11305084745762711,0.6264406779661016,0.8280268050403455,20.37341547443555,91848.06703575209,750.0000000000001,575.8914852911032,230.3565941164413,217.31571029639193,2.6500223315914804,True
32,31,0.5301694915254237,0.11305084745762711,0.6432203389830509,0.8830378883740738,20.048417894977042,106721.40950905795,750.0000000000005,580.5826386704294,232.23305546817178,217.4255064506865,2.6702600267467207,True
32,32,0.5469491525423729,0.11305084745762711,0.6599999999999999,0.9398180466631503,19.738493174199625,123424.65366380902,750.0000000000001,585.135234201936,234.0540936807744,217.62873744802818,2.688685515816457,True
32,33,0.563728813559322,0.11305084745762711,0.6767796610169492,0.9983672799075749,19.442511121641775,142116.2987052437,750.0000000000001,589.5569639896976,235.82278559587905,217.91679946051516,2.7054222779025383,True
32,34,0.5805084745762712,0.11305084745762711,0.6935593220338983,1.0586855881073476,19.159456737392375,162963.15817102898,749.9999999999999,593.8548923345406,237.54195693381627,218.28199053980168,2.720585838831522,True
32,35,0.5972881355932204,0.11305084745762711,0.7103389830508475,1.1207729712624683,18.88841554395835,186140.52913911134,750.0,598.0355228621967,239.21420914487868,218.71739858329119,2.734284180114985,True
32,36,0.6140677966101695,0.11305084745762711,0.7271186440677966,1.1846294293729371,18.628561138259588,211832.3597640654,749.9999999999999,602.104856846046,240.84194273841842,219.21680567208725,2.746618148184757,True
32,37,0.6308474576271186,0.11305084745762711,0.7438983050847456,1.2502549624387536,18.379144577247278,240231.4152061311,750.0,606.0684440831259,242.42737763325036,219.7746060082823,2.757681859114724,True
32,38,0.6476271186440677,0.11305084745762711,0.7606779661016949,1.3176495704599187,18.139485286256345,271539.4420128999,750.0000000000001,609.9314274425145,243.97257097700583,220.3857352133313,2.7675630950075183,True
32,39,0.6644067796610169,0.11305084745762711,0.777457627118644,1.386813253436432,17.908963238479295,305967.33100982325,750.0000000000002,613.6985820128971,245.47943280515884,221.04560916849408,2.776343689075948,True
32,40,0.6811864406779661,0.11305084745762711,0.7942372881355932,1.457746011368293,17.687012200732543,343735.2787522472,749.9999999999999,617.3743496208109,246.94973984832438,221.75007090987137,2.784099897184421,True
32,41,0.6979661016949152,0.11305084745762711,0.8110169491525423,1.5304478442555023,17.473113877849695,385072.9475884653,749.9999999999998,620.9628693649241,248.38514774596968,222.49534435448405,2.790902754241876,True
32,42,0.7147457627118644,0.11305084745762711,0.8277966101694916,1.6049187520980597,17.266792817739113,430219.6243804281,750.0000000000001,624.4680047086482,249.7872018834593,223.27799384532798,2.7968184143630284,True
32,43,0.7315254237288136,0.11305084745762711,0.8445762711864406,1.6811587348959653,17.067611963018308,479424.37792601256,750.0000000000003,627.8933675888301,251.15734703553204,224.09488867390203,2.8019084741487643,True
32,44,0.7483050847457626,0.11305084745762711,0.8613559322033897,1.7591677926492184,16.87516875443751,532946.215124372,750.0,631.2423399284443,252.49693597137772,224.94317187700864,2.806230278790531,True
32,45,0.7650847457627118,0.11305084745762711,0.878135593220339,1.83894592535782,16.68909170698419,591054.2359235492,750.0,634.5180928834025,253.807237153361,225.82023271747312,2.809837210987454,True
32,46,0.781864406779661,0.11305084745762711,0.894915254237288,1.92049313302177,16.5090373923651,654027.7870874804,750.0,637.7236041054102,255.0894416421641,226.7236823509509,2.81277896288868,True
32,47,0.7986440677966101,0.11305084745762711,0.9116949152542373,2.0038094156410677,16.334687772067024,722156.6148176066,750.0000000000001,640.8616732625491,256.34466930501964,227.65133225725225,2.815101791446394,True
32,48,0.8154237288135593,0.11305084745762711,0.9284745762711863,2.0888947732157135,16.165747833854667,795741.0162624238,749.9999999999999,643.9349360254602,257.57397441018406,228.60117507779165,2.8168487576948493,True
32,49,0.8322033898305085,0.11305084745762711,0.9452542372881356,2.1757492057457077,16.001943491731033,875091.9899467749,750.0000000000001,646.9458766985072,258.7783506794029,229.57136755332746,2.8180599505651642,True
32,50,0.8489830508474576,0.11305084745762711,0.9620338983050847,2.26437271323105,15.843019715340436,960531.3851509558,750.0,649.8968396512154,259.9587358604862,230.56021530006305,2.8187726959111563,True
32,51,0.8657627118644068,0.11305084745762711,0.978813559322034,2.3547652956717404,15.688738859765404,1052392.0502684833,750.0000000000002,652.7900396848127,261.11601587392505,231.5661591990707,2.819021751462518,True
32,52,0.882542372881356,0.11305084745762711,0.995593220338983,2.4469269530677784,15.538879170830196,1151017.9801697698,749.9999999999998,655.6275714512911,262.25102858051645,232.58776320503617,2.818839488444313,True
32,53,0.899322033898305,0.11305084745762711,1.012372881355932,2.5408576854191645,15.393233444524151,1256764.4625979715,750.0000000000002,658.4114180275038,263.36456721100154,233.62370340659402,2.8182560606087894,True
32,54,0.9161016949152542,0.11305084745762711,1.0291525423728813,2.636557492725899,15.251607822108939,1369998.2236217994,749.9999999999998,661.1434587340663,264.45738349362654,234.67275819281625,2.8172995614209517,True
32,55,0.9328813559322033,0.11305084745762711,1.0459322033898304,2.7340263749879816,15.11382070497323,1491097.572169258,750.0,663.8254762778429,265.53019051113716,235.73379939940668,2.8159961701254184,True
32,56,0.9496610169491525,0.11305084745762711,1.0627118644067797,2.8332643322054123,14.979701775419262,1620452.5436650713,750.0,666.4591632873504,266.58366531494016,236.80578432435965,2.8143702874017733,True
32,57,0.9664406779661017,0.11305084745762711,1.0794915254237287,2.934271364378191,14.849091111372907,1758465.04279356,750.0000000000002,669.0461283022252,267.6184513208901,237.8877485167706,2.812444661289729,True
32,58,0.9832203389830508,0.11305084745762711,1.096271186440678,3.037047471506318,14.721838384553035,1905548.985408042,749.9999999999999,671.5879012708016,268.63516050832067,238.97879925441194,2.81024050403669,True
32,59,1.0,0.11305084745762711,1.113050847457627,3.141592653589793,14.597802132957854,2062130.439606617,749.9999999999998,674.0859386037024,269.634375441481,240.07810963600318,2.8077776004889596,True
33,0,0.01,0.11627118644067796,0.12627118644067797,0.0003141592653589793,28.037286627531124,1.3024973096721368e-06,26.90047812930272,485.14241101856294,194.0569644074252,194.06795408237545,2.499858430066388,True
33,1,0.026779661016949154,0.11627118644067796,0.1430508474576271,0.0022529939386445163,27.949120245600408,0.0009148277145258238,71.58621424586129,486.00911009328064,194.40364403731226,194.41443376803997,2.499861253476419,True
33,2,0.043559322033898305,0.11627118644067796,0.15983050847457628,0.0059609035672781455,27.843075798823666,0.02308035542140611,115.55894474816675,487.0560799399724,194.82243197598896,194.8329037771049,2.4998656309982437,True
33,3,0.06033898305084746,0.11627118644067796,0.17661016949152541,0.01143788815125987,27.719827334830647,0.19905888519759168,158.65985903339376,488.27915799238747,195.311663196955,195.32016520783282,2.4998911785315565,True
33,4,0.0771186440677966,0.11627118644067796,0.19338983050847458,0.01868394769058968,27.580484942841743,1.0014664421009676,200.74799543144044,489.6701136752307,195.86804547009228,195.87505901773847,2.4999104844220423,True
33,5,0.09389830508474575,0.11627118644067796,0.21016949152542372,0.02769908218526759,27.42458423808554,3.6372917604222663,241.6717539175067,491.2367324141539,196.49469296566156,196.48433068311869,2.5001318461694484,True
33,6,0.1106779661016949,0.11627118644067796,0.22694915254237286,0.03848329163529359,27.256319195238692,10.619633596086832,281.3737761297366,492.9400238902159,197.17600955608637,197.16733774448429,2.500109954971514,True
33,7,0.12745762711864406,0.11627118644067796,0.24372881355932202,0.051036576040667685,27.075055221081904,26.49816741148536,319.7367581858725,494.7895031749437,197.9158012699775,197.90853264895668,2.5000918179338143,True
33,8,0.14423728813559322,0.11627118644067796,0.2605084745762712,0.06535893540138989,26.883405846062374,58.742674949469325,356.72550509369324,496.7616308069245,198.7046523227698,198.71554199526568,2.499862999235156,True
33,9,0.1610169491525424,0.11627118644067796,0.27728813559322035,0.08145036971746017,26.67932076620594,118.67045504899606,392.2014248424195,498.8808364117741,199.55233456470967,199.56146673701576,2.499885596998566,True
33,10,0.17779661016949153,0.11627118644067796,0.29406779661016946,0.09931087898887854,26.46570702908608,222.53077912182272,426.16572110343657,501.1204066196659,200.44816264786638,200.4557997010175,2.4999047539013275,True
33,11,0.19457627118644066,0.11627118644067796,0.31084745762711863,0.11894046321564498,26.243679697286645,392.5222980173449,458.59294560093446,503.4717618217211,201.38870472868845,201.39506653579224,2.499921028265324,True
33,12,0.21135593220338983,0.11627118644067796,0.3276271186440678,0.14033912239775956,26.01309823622429,657.7045484729077,489.4255529157595,505.93955352529326,202.3758214101173,202.36629075949486,2.5001177400962713,True
33,13,0.228135593220339,0.11627118644067796,0.34440677966101696,0.16350685653522223,25.777684091006623,1055.428503527354,518.7628632112882,508.48668661409954,203.39467464563984,203.38680077732266,2.5000967844064492,True
33,14,0.24491525423728813,0.11627118644067796,0.3611864406779661,0.18844366562803297,25.536944955797694,1631.6020418870366,546.5649179617435,511.1207921081399,204.44831684325595,204.44186114580566,2.5000789429500165,True
33,15,0.26169491525423727,0.11627118644067796,0.37796610169491524,0.2151495496761918,25.293004536504142,2442.3233356112546,572.9070471960434,513.8207400008101,205.52829600032408,205.5378642470444,2.4998836194153884,True
33,16,0.27847457627118644,0.11627118644067796,0.3947457627118644,0.24362450867969873,25.044151198418092,3552.7271583280935,597.7040824829227,516.6076045885554,206.6430418354222,206.65074811021938,2.4999067717529737,True
33,17,0.2952542372881356,0.11627118644067796,0.41152542372881357,0.2738685426385538,24.791329316335663,5038.946645984007,620.9888522877878,519.473190472042,207.7892761888168,207.77804077371047,2.500135185304767,True
33,18,0.31203389830508477,0.11627118644067796,0.42830508474576273,0.30588165155275693,24.538286293803132,6991.252775208599,642.9515852514197,522.3765305048288,208.95061220193153,208.94183866158534,2.5001049758679543,True
33,19,0.3288135593220339,0.11627118644067796,0.44508474576271184,0.33966383542230805,24.284014349184385,9508.52065403802,663.5577352000676,525.3301708948579,210.13206835794318,210.12539708971167,2.500079372464299,True
33,20,0.34559322033898304,0.11627118644067796,0.461864406779661,0.3752150942472074,24.030184489266915,12704.651510621348,682.9162714446026,528.3155673803783,211.32622695215133,211.3352961720209,2.4998927152724386,True
33,21,0.3623728813559322,0.11627118644067796,0.4786440677966102,0.4125354280274548,23.774984022770354,16698.793936491893,700.9454048221598,531.3549662738596,212.54198650954388,212.548261044877,2.4999261986983297,True
33,22,0.3791525423728813,0.11627118644067796,0.4954237288135593,0.45162483676305026,23.51954777213409,21625.95325579643,717.7280882656867,534.4359572731703,213.77438290926813,213.76707966288342,2.5000854112615962,True
33,23,0.3959322033898305,0.11627118644067796,0.5122033898305085,0.49248332045399384,23.267082708760285,27644.33553398457,733.4875224755593,537.5199909733395,215.00799638933583,215.01469163124844,2.4999221536693397,True
33,24,0.41271186440677965,0.11627118644067796,0.5289830508474576,0.5351108791002855,23.01521180836521,34903.783478965146,748.1091081323202,540.6360453253619,216.25441813014478,216.263888372944,2.4998905244552097,True
33,25,0.4294915254237288,0.11627118644067796,0.5457627118644068,0.5795075127019254,22.58964022267118,42250.72427465844,750.0,545.9923920791199,218.39695683164797,215.84366125193148,2.529573437145512,True
33,26,0.446271186440678,0.11627118644067796,0.5625423728813559,0.6256732212589133,22.16088958160449,50525.11586236593,750.0000000000003,551.5082124108238,220.60328496432953,215.32120941562323,2.561327859469136,True
33,27,0.4630508474576271,0.11627118644067796,0.579322033898305,0.6736080047712492,21.75566044565488,60022.380961654824,750.0000000000002,556.8353953338664,222.73415813354654,214.95207086629242,2.5905095637819517,True
33,28,0.47983050847457626,0.11627118644067796,0.5961016949152542,0.7233118632389332,21.371877918018605,70868.95560879115,750.0,561.9861426328116,224.79445705312466,214.72080652407507,2.6172877781632224,True
33,29,0.4966101694915254,0.11627118644067796,0.6128813559322034,0.7747847966619654,21.00771462568903,83199.1464027207,750.0000000000001,566.971495988066,226.7885983952264,214.613816727966,2.641821969490116,True
33,30,0.5133898305084745,0.11627118644067796,0.6296610169491526,0.8280268050403455,20.661554004279534,97155.31953983328,750.0000000000002,571.8014811299356,228.72059245197426,214.6190768111139,2.664262141213,True
33,31,0.5301694915254237,0.11627118644067796,0.6464406779661016,0.8830378883740738,20.331960026889316,112888.08765630182,749.9999999999999,576.4852300888189,230.59409203552755,214.72591780432,2.6847491722642003,True
33,32,0.5469491525423729,0.11627118644067796,0.6632203389830509,0.9398180466631503,20.01765208163397,130556.49457634146,750.0000000000001,581.0310854428811,232.41243417715248,214.92484333781863,2.7034151865339138,True
33,33,0.563728813559322,0.11627118644067796,0.6799999999999999,0.9983672799075749,19.717483993917128,150328.19805725172,749.9999999999997,585.4466896733221,234.17867586932886,215.2073758101329,2.720383943484509,True
33,34,0.5805084745762712,0.11627118644067796,0.6967796610169492,1.0586855881073476,19.430426408817805,172379.65061544263,749.9999999999999,589.7390621250275,235.89562485001102,215.56592639642295,2.7357712416966353,True
33,35,0.5972881355932204,0.11627118644067796,0.7135593220338983,1.1207729712624683,19.155551915508187,196896.27851160427,750.0000000000001,593.9146655926123,237.56586623704493,215.99368461067155,2.7496853283610725,True
33,36,0.6140677966101695,0.11627118644067796,0.7303389830508475,1.1846294293729371,18.89202242319839,224072.6589678107,749.9999999999999,597.9794641761138,239.1917856704455,216.48452401113687,2.762227308892303,True
33,37,0.6308474576271186,0.11627118644067796,0.7471186440677966,1.2502549624387536,18.639078396636723,254112.69568441733,749.9999999999999,601.9389737529978,240.7755895011991,217.0329213147673,2.7734915519106584,True
33,38,0.6476271186440677,0.11627118644067796,0.7638983050847457,1.3176495704599187,18.396029635880325,287229.79272021237,750.0000000000006,605.7983061757142,242.31932247028567,217.6338867131204,2.7835660858010707,True
33,39,0.6644067796610169,0.11627118644067796,0.7806779661016949,1.386813253436432,18.16224734516432,323647.0267952207,749.9999999999998,609.5622081135208,243.82488324540833,218.28290359588448,2.7925329839025173,True
33,40,0.6811864406779661,0.11627118644067796,0.797457627118644,1.457746011368293,17.937157283143794,363597.3180719062,750.0,613.2350953033502,245.29403812134012,218.9758762150977,2.800468736113086,True
33,41,0.6979661016949152,0.11627118644067796,0.8142372881355933,1.5304478442555023,17.720233824472174,407323.59946715203,749.9999999999999,616.8210828495008,246.72843313980036,219.7090840834837,2.8074446053178437,True
33,42,0.7147457627118644,0.11627118644067796,0.8310169491525423,1.6049187520980597,17.510994792801494,455078.9845443055,749.9999999999999,620.3240121097991,248.12960484391965,220.47914210892117,2.8135269675684174,True
33,43,0.7315254237288136,0.11627118644067796,0.8477966101694916,1.6811587348959653,17.308996949504373,507126.93403179245,750.0000000000001,623.7474746220531,249.49898984882125,221.28296563527923,2.8187776353744276,True
33,44,0.7483050847457626,0.11627118644067796,0.8645762711864406,1.7591677926492184,17.113832041988587,563741.4210121392,750.0000000000002,627.0948334554491,250.83793338217967,222.11773969625847,2.8232541638186515,True
33,45,0.7650847457627118,0.11627118644067796,0.8813559322033897,1.83894592535782,16.925123331378025,625207.0948229289,750.0,630.3692423141994,252.14769692567975,222.98089190017672,2.827010139489445,True
33,46,0.781864406779661,0.11627118644067796,0.898135593220339,1.92049313302177,16.74252253231841,691819.4437089271,750.0000000000001,633.5736626730192,253.42946506920768,223.87006845487383,2.8300954524464736,True
33,47,0.7986440677966101,0.11627118644067796,0.914915254237288,2.0038094156410677,16.56570710831967,763884.9562625862,749.9999999999999,636.710879184098,254.68435167363918,224.7831129171338,2.832556551607243,True
33,48,0.8154237288135593,0.11627118644067796,0.9316949152542373,2.0888947732157135,16.394377874827438,841721.2816883146,750.0000000000001,639.7835135617007,255.9134054246803,225.71804731329698,2.8344366840710804,True
33,49,0.8322033898305085,0.11627118644067796,0.9484745762711864,2.1757492057457077,16.2282568694825,925657.3889239597,750.0,642.7940371223236,257.11761484892946,226.6730553295888,2.83577611899078,True
33,50,0.8489830508474576,0.11627118644067796,0.9652542372881356,2.26437271323105,16.067085455068543,1016033.7246515431,750.0000000000003,645.7447821344032,258.29791285376126,227.64646731397946,2.8366123566669064,True
33,51,0.8657627118644068,0.11627118644067796,0.9820338983050847,2.3547652956717404,15.910622625687273,1113202.3702275087,749.9999999999999,648.6379521113267,259.45518084453073,228.63674686774098,2.8369803235808937,True
33,52,0.882542372881356,0.11627118644067796,0.998813559322034,2.4469269530677784,15.75864349092294,1217527.1975615816,750.0,651.4756311641935,260.5902524656774,229.64247883550473,2.836912554104819,True
33,53,0.899322033898305,0.11627118644067796,1.015593220338983,2.5408576854191645,15.610937916305815,1329384.023971723,750.0,654.2597925160362,261.7039170064145,230.66235852849428,2.836439359633158,True
33,54,0.9161016949152542,0.11627118644067796,1.032372881355932,2.636557492725899,15.467309301378993,1449160.7660416937,749.9999999999999,656.9923062665306,262.79692250661225,231.69518203760555,2.8355889858766967,True
33,55,0.9328813559322033,0.11627118644067796,1.0491525423728814,2.7340263749879816,15.327573479205956,1577257.592506368,749.9999999999999,659.6749464853642,263.8699785941457,232.73983751171372,2.8343877590451743,True
33,56,0.9496610169491525,0.11627118644067796,1.0659322033898304,2.8332643322054123,15.191557723308131,1714087.076188906,749.9999999999999,662.3093977030406,264.92375908121625,233.79529729257504,2.8328602216246312,True
33,57,0.9664406779661017,0.11627118644067796,1.0827118644067797,2.934271364378191,15.059099849854636,1860074.3450129807,750.0000000000001,664.8972608597795,265.9589043439118,234.8606108114139,2.8310292584296834,True
33,58,0.9832203389830508,0.11627118644067796,1.0994915254237287,3.037047471506318,14.930047404491212,2015657.2321120128,750.0,667.4400587661495,266.9760235064598,235.93489816403107,2.8289162135824406,True
33,59,1.0,0.11627118644067796,1.116271186440678,3.141592653589793,14.804256924537686,2181286.425056854,750.0000000000002,669.9392411229445,267.9756964491778,237.0173442914691,2.826540999038008,True
34,0,0.01,0.1194915254237288,0.1294915254237288,0.0003141592653589793,28.51832435499351,1.3942123509381017e-06,27.081395725406225,480.4729159943078,192.18916639772314,192.18225110476112,2.5000899574872584,True
34,1,0.026779661016949154,0.1194915254237288,0.14627118644067796,0.0022529939386445163,28.42714529967892,0.000979038435097971,72.06005826092401,481.35039620256555,192.54015848102622,192.5333763852492,2.5000880638970804,True
34,2,0.043559322033898305,0.1194915254237288,0.1630508474576271,0.0059609035672781455,28.317926783972094,0.024695593723276177,116.3126781764105,482.40613649541785,192.96245459816714,192.95596849730705,2.5000840360227077,True
34,3,0.06033898305084746,0.1194915254237288,0.17983050847457627,0.01143788815125987,28.19292233886179,0.21300012809089258,159.69863766690494,483.6207400434097,193.44829601736387,193.45754954591177,2.4998804191336856,True
34,4,0.0771186440677966,0.1194915254237288,0.1966101694915254,0.01868394769058968,28.05000859963483,1.0714226027980516,202.04514422727405,485.0176312784648,194.00705251138595,194.014682323135,2.4999016851243203,True
34,5,0.09389830508474575,0.1194915254237288,0.21338983050847454,0.02769908218526759,27.89185895212278,3.8915962020648265,243.24039988224288,486.57383133137336,194.62953253254935,194.63587594629132,2.499918522038767,True
34,6,0.1106779661016949,0.1194915254237288,0.2301694915254237,0.03848329163529359,27.718214887483885,11.357996640972052,283.1487960115111,488.29520419354293,195.31808167741718,195.30870823607927,2.500119982378443,True
34,7,0.12745762711864406,0.1194915254237288,0.24694915254237287,0.051036576040667685,27.533084292477067,28.337262467754424,321.7352106594406,490.14527040240745,196.058108160963,196.0502557639561,2.5001001324504304,True
34,8,0.14423728813559322,0.1194915254237288,0.26372881355932204,0.06535893540138989,27.336019139125938,62.79971093517857,358.8980701945337,492.131630536003,196.85265221440122,196.84607636941809,2.5000835150629417,True
34,9,0.1610169491525424,0.1194915254237288,0.2805084745762712,0.08145036971746017,27.129528637580407,126.88565502058681,394.6200297220242,494.23209498643143,197.69283799457259,197.702636420874,2.499876096413295,True
34,10,0.17779661016949153,0.1194915254237288,0.2972881355932203,0.09931087898887854,26.911844989542832,237.9194660195285,428.7789503121889,496.467891462453,198.58715658498122,198.59534359649317,2.4998969385263057,True
34,11,0.19457627118644066,0.1194915254237288,0.3140677966101695,0.11894046321564498,26.685719768187294,419.6440819760442,461.39273677366714,498.8140875171119,199.52563500684477,199.53244763694488,2.4999146425784278,True
34,12,0.21135593220338983,0.1194915254237288,0.33084745762711865,0.14033912239775956,26.45091197654818,703.1129911339781,492.40083115775303,501.2763405787223,200.5105362314889,200.50040043684749,2.500126381226912,True
34,13,0.228135593220339,0.1194915254237288,0.3476271186440678,0.16350685653522223,26.21140026441025,1128.2728048983024,521.9110934442755,503.8156367079043,201.5262546831617,201.51789509089383,2.5001037078154287,True
34,14,0.24491525423728813,0.1194915254237288,0.3644067796610169,0.18844366562803297,25.966563383333735,1744.2003960232914,549.8798701879998,506.4408234385327,202.57632937541308,202.5694902582834,2.500084404580386,True
34,15,0.26169491525423727,0.1194915254237288,0.3811864406779661,0.2151495496761918,25.71862565951715,2610.9135991890225,576.3865444422757,509.1301211387316,203.65204845549266,203.66209934817658,2.4998766229367653,True
34,16,0.27847457627118644,0.1194915254237288,0.39796610169491525,0.24362450867969873,25.465676885867104,3798.022078315317,601.3385353444305,511.9063598581104,204.76254394324417,204.77060875011108,2.49990153852015,True
34,17,0.2952542372881356,0.1194915254237288,0.4147457627118644,0.2738685426385538,25.210127058939968,5388.161949152092,624.8406032953541,514.7451909130465,205.8980763652186,205.90444340644433,2.499922694222616,True
34,18,0.31203389830508477,0.1194915254237288,0.4315254237288136,0.30588165155275693,24.951650718594948,7474.380755293524,646.8794825886974,517.6520008338733,207.06080033354934,207.05178113918475,2.5001089002267327,True
34,19,0.3288135593220339,0.1194915254237288,0.4483050847457627,0.33966383542230805,24.693402011659547,10166.10844717169,667.6280990431935,520.5925598145622,208.23702392582487,208.23023582914516,2.5000814974906582,True
34,20,0.34559322033898304,0.1194915254237288,0.46508474576271186,0.3752150942472074,24.435654642542232,13584.08062128528,687.1257215760926,523.5643003942602,209.42572015770406,209.43474933573702,2.4998922196762763,True
34,21,0.3623728813559322,0.1194915254237288,0.481864406779661,0.4125354280274548,24.17523566279774,17852.006480297354,705.2127520372364,526.6050066722286,210.64200266889145,210.63073499594577,2.5001337372837096,True
34,22,0.3791525423728813,0.1194915254237288,0.49864406779661014,0.45162483676305026,23.917269290908454,23126.27925733094,722.2045067388636,529.6556414574319,211.86225658297278,211.8556077310711,2.50007845971099,True
34,23,0.3959322033898305,0.1194915254237288,0.5154237288135592,0.49248332045399384,23.659795396540268,29558.497845448193,738.0160913213396,532.7394858170131,213.09579432680528,213.0863034329853,2.500111350350387,True
34,24,0.41271186440677965,0.1194915254237288,0.5322033898305084,0.5351108791002855,23.36122634390065,37050.59192720702,750.0000000000002,536.3653943268963,214.54615773075852,213.93604626901907,2.5071296010230584,True
34,25,0.4294915254237288,0.1194915254237288,0.5489830508474576,0.5795075127019254,22.900333905918444,44623.554455652105,749.9999999999998,542.0705110368227,216.8282044147291,213.251079790721,2.541935598022746,True
34,26,0.446271186440678,0.1194915254237288,0.5657627118644067,0.6256732212589133,22.46568630878896,53362.64165333409,750.0,547.5745419273333,219.0298167709333,212.73461554740382,2.5739795120710705,True
34,27,0.4630508474576271,0.1194915254237288,0.5825423728813559,0.6736080047712492,22.05488372715513,63393.27979299974,750.0000000000005,552.8909265748835,221.1563706299534,212.36930209511422,2.603440898097688,True
34,28,0.47983050847457626,0.1194915254237288,0.5993220338983051,0.7233118632389332,21.665822726470946,74849.0056470081,750.0,558.0317838041874,223.21271352167497,212.13991865017715,2.6304892891205105,True
34,29,0.4966101694915254,0.1194915254237288,0.6161016949152542,0.7747847966619654,21.296650800383503,87871.66856669469,750.0,563.0080812549734,225.20323250198936,212.03305827881746,2.655284443969269,True
34,30,0.5133898305084745,0.1194915254237288,0.6328813559322033,0.8280268050403455,20.94572915058219,102611.63013345955,750.0000000000001,567.8297783457627,227.13191133830512,212.03686707095727,2.677976647125902,True
34,31,0.5301694915254237,0.1194915254237288,0.6496610169491525,0.8830378883740738,20.61160199932103,119227.9614943038,749.9999999999997,572.5059475232298,229.00237900929193,212.14082783830034,2.6987070492607383,True
34,32,0.5469491525423729,0.1194915254237288,0.6664406779661016,0.9398180466631503,20.292971121419445,137888.63848567774,750.0,577.044877663635,230.81795106545403,212.3355795251676,2.7176080379653915,True
34,33,0.563728813559322,0.1194915254237288,0.6832203389830508,0.9983672799075749,19.988674578010244,158770.73464161542,750.0000000000001,581.4541627088271,232.58166508353085,212.61276549283755,2.734803629316486,True
34,34,0.5805084745762712,0.1194915254237288,0.7,1.0586855881073476,19.697668856617483,182060.61217507225,750.0000000000001,585.7407780125596,234.29631120502387,212.96490532194017,2.750409872119973,True
34,35,0.5972881355932204,0.1194915254237288,0.7167796610169491,1.1207729712624683,19.41901379097846,207954.11101503222,750.0,589.911146399411,235.9644585597644,213.3852859042427,2.764535257900282,True
34,36,0.6140677966101695,0.1194915254237288,0.7335593220338983,1.1846294293729371,19.15185976335942,236656.73597624258,749.9999999999998,593.971195566242,237.58847822649682,213.86786845872606,2.7772811308533303,True
34,37,0.6308474576271186,0.1194915254237288,0.7503389830508473,1.2502549624387536,18.895436792003007,268383.8421332677,750.0,597.9264081611667,239.1705632644667,214.40720877414074,2.7887420930470204,True
34,38,0.6476271186440677,0.1194915254237288,0.7671186440677965,1.3176495704599187,18.649045184085537,303360.81846586755,750.0000000000001,601.781865639737,240.7127462558948,214.99838850013137,2.7990064011078357,True
34,39,0.6644067796610169,0.1194915254237288,0.7838983050847457,1.386813253436432,18.412047495502872,341823.26983844815,750.0,605.5422868091806,242.21691472367226,215.63695571707478,2.808156351472884,True
34,40,0.6811864406779661,0.1194915254237288,0.8006779661016948,1.457746011368293,18.18386158690214,384017.1973724576,749.9999999999998,609.2120618189671,243.68482472758683,216.31887333745894,2.816268652012587,True
34,41,0.6979661016949152,0.1194915254237288,0.817457627118644,1.5304478442555023,17.96395460358413,430199.1772670425,750.0000000000002,612.7952822320609,245.11811289282437,217.04047414848193,2.8234147784474284,True
34,42,0.7147457627118644,0.1194915254237288,0.8342372881355932,1.6049187520980597,17.75183773743765,480636.53812003,750.0000000000002,616.2957677099986,246.51830708399945,217.79842151138575,2.8296613145003016,True
34,43,0.7315254237288136,0.1194915254237288,0.8510169491525423,1.6811587348959653,17.54706165361418,535607.5367983385,749.9999999999998,619.7170897618017,247.8868359047207,218.58967489900527,2.8350702751542536,True
34,44,0.7483050847457626,0.1194915254237288,0.8677966101694914,1.7591677926492184,17.34921248449179,595401.5329041425,750.0,623.0625929381896,249.22503717527584,219.41145958760896,2.8396994127346686,True
34,45,0.7650847457627118,0.1194915254237288,0.8845762711864406,1.83894592535782,17.157908309598383,660319.1618806073,749.9999999999998,626.3354137956909,250.53416551827638,220.26123992891044,2.843602505814647,True
34,46,0.781864406779661,0.1194915254237288,0.9013559322033897,1.92049313302177,16.972796053328086,730672.5067986734,749.9999999999999,629.5384979079377,251.81539916317507,221.13669571815086,2.8468296311631343,True
34,47,0.7986440677966101,0.1194915254237288,0.9181355932203389,2.0038094156410677,16.793548743084354,806785.2688641889,749.9999999999998,632.6746151618371,253.06984606473486,222.03570124834985,2.84942741912564,True
34,48,0.8154237288135593,0.1194915254237288,0.934915254237288,2.0888947732157135,16.61986307938442,888992.936682704,750.0000000000001,635.7463735431066,254.29854941724267,222.9563067022851,2.85143929295538,True
34,49,0.8322033898305085,0.1194915254237288,0.9516949152542372,2.1757492057457077,16.45145727682685,977642.9543173582,750.0000000000002,638.756231587629,255.50249263505162,223.896721584877,2.852905692705656,True
34,50,0.8489830508474576,0.1194915254237288,0.9684745762711864,2.26437271323105,16.288069140947425,1073094.8881735746,749.9999999999997,641.7065096514165,256.6826038605666,224.85529994138957,2.8538642843583526,True
34,51,0.8657627118644068,0.1194915254237288,0.9852542372881355,2.3547652956717404,16.129454351097895,1175720.5927426661,750.0000000000002,644.5994001318442,257.8397600527377,225.83052714269965,2.8543501549041217,True
34,52,0.882542372881356,0.1194915254237288,1.0020338983050847,2.4469269530677784,15.975384923761773,1285904.3752349028,750.0000000000002,647.4369767556941,258.97479070227763,226.82100804910252,2.854395994111516,True
34,53,0.899322033898305,0.1194915254237288,1.0188135593220338,2.5408576854191645,15.825647834319197,1404043.159131282,750.0000000000002,650.2212030348974,260.08848121395897,227.82545638965254,2.8540322637291964,True
34,54,0.9161016949152542,0.1194915254237288,1.035593220338983,2.636557492725899,15.680043778307382,1530546.6466818121,749.9999999999998,652.9539399783226,261.18157599132905,228.84268521572068,2.8532873548604343,True
34,55,0.9328813559322033,0.1194915254237288,1.052372881355932,2.7340263749879816,15.538386055792202,1665837.4803769602,750.0,655.6369531371583,262.25478125486336,229.87159830590647,2.8521877342352475,True
34,56,0.9496610169491525,0.1194915254237288,1.0691525423728814,2.8332643322054123,15.400499564647484,1810351.403417779,750.0,658.2719190521331,263.30876762085325,230.91118241521238,2.850758080084935,True
34,57,0.9664406779661017,0.1194915254237288,1.0859322033898304,2.934271364378191,15.26621989039623,1964537.4192089909,749.9999999999999,660.8604311627741,264.3441724651097,231.96050027490784,2.849021408298205,True
34,58,0.9832203389830508,0.1194915254237288,1.1027118644067797,3.037047471506318,15.135392481855597,2128857.949898586,749.9999999999999,663.4040052319139,265.36160209276557,233.01868426111247,2.846999189509314,True
34,59,1.0,0.1194915254237288,1.1194915254237288,3.141592653589793,15.007871903186494,2303788.993986095,750.0000000000001,665.9040843326123,266.3616337330449,234.08493066016578,2.8447114577372887,True
35,0,0.01,0.12271186440677966,0.13271186440677965,0.0003141592653589793,28.994671023934036,1.4897234401578279e-06,27.25900233844576,475.9453052425098,190.37812209700394,190.3704805833918,2.5001003505584043,True
35,1,0.026779661016949154,0.12271186440677966,0.14949152542372882,0.0022529939386445163,28.900421521945834,0.0010458838403865718,72.52487940491707,476.83367319114876,190.73346927645952,190.72597554432548,2.500098226422917,True
35,2,0.043559322033898305,0.12271186440677966,0.16627118644067795,0.0059609035672781455,28.787962081865018,0.026376510609907363,117.05138084995988,477.89846945721496,191.159387782886,191.15231360667576,2.500092520148942,True
35,3,0.06033898305084746,0.12271186440677966,0.18305084745762712,0.01143788815125987,28.659709238934365,0.22746082221419386,160.69972448174926,479.1192070340143,191.64768281360574,191.65771810718422,2.499869098754832,True
35,4,0.0771186440677966,0.12271186440677966,0.19983050847457626,0.01868394769058968,28.51322265299928,1.1439684068885534,203.29447768117245,480.521920304805,192.20876812192202,192.21703866643708,2.499892432213964,True
35,5,0.09389830508474575,0.12271186440677966,0.2166101694915254,0.02769908218526759,28.35138301540549,4.154463294251121,244.72584525004382,482.0821971304761,192.83287885219045,192.839751791474,2.499910898307796,True
35,6,0.1106779661016949,0.12271186440677966,0.23338983050847456,0.03848329163529359,28.173809461601547,12.12335993172829,284.8563477329003,483.8070434116841,193.52281736467364,193.51271919182952,2.5001304587740574,True
35,7,0.12745762711864406,0.12271186440677966,0.2501694915254237,0.051036576040667685,27.98483136927346,30.243302434017185,323.6568501828988,485.65765000948784,194.26306000379515,194.25460499018217,2.500108813554425,True
35,8,0.14423728813559322,0.12271186440677966,0.2669491525423729,0.06535893540138989,27.78384799223537,67.01717891125989,361.02387446495453,487.64299527181527,195.0571981087261,195.0501218707113,2.500090697687688,True
35,9,0.1610169491525424,0.12271186440677966,0.28372881355932206,0.08145036971746017,27.573514944762625,135.3979407520326,396.94418338311084,489.7399192267825,195.895967690713,195.90644894156773,2.499866246735223,True
35,10,0.17779661016949153,0.12271186440677966,0.30050847457627117,0.09931087898887854,27.35179356708152,253.8629521661482,431.2892986737746,491.9719767643084,196.7887907057234,196.79754070637551,2.499888845147394,True
35,11,0.19457627118644066,0.12271186440677966,0.31728813559322033,0.11894046321564498,27.12160685694838,447.74122565446805,464.08154130957075,494.3130700489187,197.72522801956748,197.73250147754572,2.4999080391700415,True
35,12,0.21135593220338983,0.12271186440677966,0.3340677966101695,0.14033912239775956,26.88260775636708,750.1499807363748,495.25722306131803,496.7698795510754,198.70795182043017,198.69720222703296,2.500135250940586,True
35,13,0.228135593220339,0.12271186440677966,0.35084745762711866,0.16350685653522223,26.639043262471017,1203.7262273160945,524.9330056674448,499.30142831551257,199.72057132620503,199.7117203944782,2.500110796348223,True
35,14,0.24491525423728813,0.12271186440677966,0.3676271186440678,0.18844366562803297,26.390156163599624,1860.8283728140275,553.0613909184506,501.917803580877,200.7671214323508,200.75989591265093,2.500089977129982,True
35,15,0.26169491525423727,0.12271186440677966,0.38440677966101694,0.2151495496761918,26.138273790186165,2785.537967465776,579.7258628186114,504.5965724622157,201.8386289848863,201.84916044639792,2.499869562728322,True
35,16,0.27847457627118644,0.12271186440677966,0.4011864406779661,0.24362450867969873,25.88128040971411,4052.0950132745425,604.8262808333885,507.36232731126836,202.94493092450736,202.95334956988165,2.499896298270118,True
35,17,0.2952542372881356,0.12271186440677966,0.41796610169491527,0.2738685426385538,25.62171482803697,5748.748047709661,628.4722569102114,510.18984370752133,204.07593748300854,204.08254986548278,2.499918998678738,True
35,18,0.31203389830508477,0.12271186440677966,0.43474576271186444,0.30588165155275693,25.359200835250046,7974.809924846784,650.6485839419645,513.0849772394222,205.2339908957689,205.2247433564427,2.500112651369115,True
35,19,0.3288135593220339,0.12271186440677966,0.45152542372881355,0.33966383542230805,25.09703208076816,10847.271094764905,671.5340458309679,516.012621279805,206.40504851192202,206.3981631199597,2.5000833993851765,True
35,20,0.34559322033898304,0.12271186440677966,0.4683050847457627,0.3752150942472074,24.8354200345876,14495.071920249407,691.1651291588199,518.9709328886385,207.5883731554554,207.5973251389482,2.4998921953415483,True
35,21,0.3623728813559322,0.12271186440677966,0.4850847457627119,0.4125354280274548,24.571158801705586,19050.51521436457,709.3826339016445,521.9973446779751,208.79893787119005,208.78816785491213,2.5001289586520703,True
35,22,0.3791525423728813,0.12271186440677966,0.5018644067796609,0.45162483676305026,24.310682156179798,24685.843601508142,726.5773392231242,525.0186718762878,210.00746875051516,210.01843521861008,2.4998694582682286,True
35,23,0.3959322033898305,0.12271186440677966,0.5186440677966101,0.49248332045399384,24.04836547495978,31548.642360652157,742.4471415218824,528.1004926777066,211.24019707108266,211.23395948406056,2.500073823203396,True
35,24,0.41271186440677965,0.12271186440677966,0.5354237288135593,0.5351108791002855,23.67393014844108,39074.55575481249,750.0000000000005,532.5691649080064,213.0276659632026,211.44292721969603,2.5187371926356743,True
35,25,0.4294915254237288,0.12271186440677966,0.5522033898305084,0.5795075127019254,23.20686839311571,47061.20674079959,750.0,538.2613429814668,215.30453719258674,210.76596806700675,2.553834226265327,True
35,26,0.446271186440678,0.12271186440677966,0.5689830508474576,0.6256732212589133,22.766402781329973,56277.68432428559,750.0,543.7535002405453,217.50140009621816,210.25519882425758,2.5861595969146203,True
35,27,0.4630508474576271,0.12271186440677966,0.5857627118644068,0.6736080047712492,22.350101364647806,66856.266442886,750.0000000000001,549.0589851750394,219.62359407001577,209.89350618249136,2.615893150584952,True
35,28,0.47983050847457626,0.12271186440677966,0.6025423728813559,0.7233118632389332,21.955832552810172,78937.78458634103,750.0000000000003,554.1898355897146,221.67593423588585,209.66587878222396,2.643204696961403,True
35,29,0.4966101694915254,0.12271186440677966,0.6193220338983051,0.7747847966619654,21.58171904257309,92671.83691487508,750.0000000000002,559.1569467876852,223.6627787150741,209.5590945826483,2.668254259741319,True
35,30,0.5133898305084745,0.12271186440677966,0.6361016949152541,0.8280268050403455,21.226100099343203,108216.99881663147,749.9999999999999,563.9702133776407,225.5880853510563,209.56146348800857,2.691192378554428,True
35,31,0.5301694915254237,0.12271186440677966,0.6528813559322033,0.8830378883740738,20.887500458930095,125741.03102306374,750.0000000000001,568.6386495504831,227.45545982019325,209.66261391884098,2.7121604511264916,True
35,32,0.5469491525423729,0.12271186440677966,0.6696610169491525,0.9398180466631503,20.564604518642774,145421.08539181857,750.0000000000001,573.1704916580909,229.26819666323638,209.85331463010786,2.731291105257851,True
35,33,0.563728813559322,0.12271186440677966,0.6864406779661016,0.9983672799075749,20.256234786376453,167443.90845833387,750.0000000000001,577.5732861499065,231.02931445996262,210.12532502524272,2.7487085913157854,True
35,34,0.5805084745762712,0.12271186440677966,0.7032203389830508,1.0586855881073476,19.961333781624724,192006.04284991845,750.0000000000002,581.8539653217373,232.74158612869493,210.47126867981234,2.7645291871495554,True
35,35,0.5972881355932204,0.12271186440677966,0.72,1.1207729712624683,19.678948753444477,219314.02664939495,750.0,586.0189128618587,234.40756514474347,210.88452590085703,2.7788616085438305,True
35,36,0.6140677966101695,0.12271186440677966,0.7367796610169491,1.1846294293729371,19.408218711467075,249584.5907893628,750.0,590.0740208104509,236.02960832418034,211.35914200040816,2.791807419474249,True
35,37,0.6308474576271186,0.12271186440677966,0.7535593220338982,1.2502549624387536,19.148363367274822,283044.85455268406,750.0,594.0247392560215,237.6098957024086,211.88974862040578,2.803461437486526,True
35,38,0.6476271186440677,0.12271186440677966,0.7703389830508474,1.3176495704599187,18.89867366224256,319932.51924986555,749.9999999999999,597.8761198592456,239.15044794369825,212.47149595943756,2.8139121304694195,True
35,39,0.6644067796610169,0.12271186440677966,0.7871186440677965,1.386813253436432,18.65850361970056,360496.06013950665,749.9999999999998,601.6328541074182,240.65314164296728,213.09999415453234,2.823242001926739,True
35,40,0.6811864406779661,0.12271186440677966,0.8038983050847457,1.457746011368293,18.427263308017068,404994.9166539015,749.9999999999998,605.299307051484,242.1197228205936,213.771262389763,2.8315279625745915,True
35,41,0.6979661016949152,0.12271186440677966,0.8206779661016949,1.5304478442555023,18.204412739918176,453699.6809881376,749.9999999999999,608.8795471547429,243.55181886189717,214.4816845569341,2.838841686704097,True
35,42,0.7147457627118644,0.12271186440677966,0.837457627118644,1.6049187520980597,17.989456564307595,506892.2851075994,749.9999999999998,612.3773727819704,244.95094911278818,215.22797049683254,2.845249952263907,True
35,43,0.7315254237288136,0.12271186440677966,0.8542372881355932,1.6811587348959653,17.781939431724624,564866.1862256547,749.9999999999999,615.7963357752933,246.31853431011734,216.00712201330288,2.8508149640425713,True
35,44,0.7483050847457626,0.12271186440677966,0.8710169491525422,1.7591677926492184,17.5814419346849,627926.550800386,750.0000000000001,619.1397624951609,247.65590499806436,216.81640298528495,2.8555946596770223,True
35,45,0.7650847457627118,0.12271186440677966,0.8877966101694914,1.83894592535782,17.387577040485365,696390.4370965827,749.9999999999998,622.4107726483927,248.9643090593571,217.65331301031176,2.8596429984913887,True
35,46,0.781864406779661,0.12271186440677966,0.9045762711864406,1.92049313302177,17.19998694739475,770586.9763567257,750.0,625.6122961783498,250.24491847133993,218.51556410181067,2.8630102333894385,True
35,47,0.7986440677966101,0.12271186440677966,0.9213559322033897,2.0038094156410677,17.018340306095286,850857.5526224138,749.9999999999999,628.7470884530254,251.49883538121017,219.401060035796,2.8657431661927397,True
35,48,0.8154237288135593,0.12271186440677966,0.9381355932203389,2.0888947732157135,16.8423297572616,937555.981245597,749.9999999999999,631.8177439539027,252.72709758156108,220.30787800316966,2.867885386943868,True
35,49,0.8322033898305085,0.12271186440677966,0.9549152542372881,2.1757492057457077,16.671669743628325,1031048.6861269657,749.9999999999999,634.8267086406526,253.93068345626102,221.23425227432628,2.869477497785829,True
35,50,0.8489830508474576,0.12271186440677966,0.9716949152542372,2.26437271323105,16.506094561103577,1131714.8757170618,750.0000000000002,637.7762911432447,255.1105164572979,222.17855962489116,2.8705573220927176,True
35,51,0.8657627118644068,0.12271186440677966,0.9884745762711864,2.3547652956717404,16.345356618662983,1239946.7178139526,750.0000000000002,640.6686729131037,256.2674691652415,223.13930630682316,2.871160099566525,True
35,52,0.882542372881356,0.12271186440677966,1.0052542372881357,2.4469269530677784,16.18922488109614,1356149.5131897426,750.0000000000002,643.505917447942,257.4023669791768,224.11511637889822,2.871318668036673,True
35,53,0.899322033898305,0.12271186440677966,1.0220338983050847,2.5408576854191645,16.037483472322887,1480741.8680766579,750.0000000000006,646.2899786903864,258.51599147615457,225.10472123581368,2.8710636327051993,True
35,54,0.9161016949152542,0.12271186440677966,1.0388135593220338,2.636557492725899,15.88993042007254,1614155.8655421452,750.0,649.0227086880559,259.60908347522235,226.10695019650097,2.8704235235759663,True
35,55,0.9328813559322033,0.12271186440677966,1.055593220338983,2.7340263749879816,15.746376525322196,1756837.2357810494,750.0000000000002,651.7058645920489,260.6823458368196,227.120722030501,2.8694249417916544,True
35,56,0.9496610169491525,0.12271186440677966,1.0723728813559321,2.8332643322054123,15.606644342100301,1909245.5253516752,750.0000000000001,654.341115061569,261.7364460246276,228.14503731675575,2.868092695582434,True
35,57,0.9664406779661017,0.12271186440677966,1.0891525423728814,2.934271364378191,15.470567255145092,2071854.2653816096,750.0,656.9300461344175,262.772018453767,229.17897154255337,2.8664499265040133,True
35,58,0.9832203389830508,0.12271186440677966,1.1059322033898304,3.037047471506318,15.337988644514855,2245151.138767748,750.0000000000001,659.4741666161868,263.78966664647476,230.22166886178232,2.864518226614515,True
35,59,1.0,0.12271186440677966,1.1227118644067797,3.141592653589793,15.208761127625998,2429638.1463943613,750.0,661.9749130349375,264.789965213975,231.27233644156084,2.8623177472079933,True
36,0,0.01,0.12593220338983052,0.13593220338983053,0.0003141592653589793,29.464946048510825,1.5887498035676743e-06,27.430557772961983,471.5664791884987,188.62659167539948,188.6181819143066,2.5001114654086836,True
36,1,0.026779661016949154,0.12593220338983052,0.15271186440677967,0.0022529939386445163,29.367605856805895,0.0011151695845314409,72.97355420189065,472.4655468003961,188.98621872015846,188.97797224224053,2.5001090931104306,True
36,2,0.043559322033898305,0.12593220338983052,0.16949152542372883,0.0059609035672781455,29.25189421560956,0.028118336917184256,117.76397009094312,473.53921953329484,189.41568781331796,189.40799985652419,2.500101473496362,True
36,3,0.06033898305084746,0.12593220338983052,0.18627118644067797,0.01143788815125987,29.120397897104066,0.2424424721542112,161.6649730390124,474.76589366221305,189.90635746488522,189.91720403812366,2.499857219711961,True
36,4,0.0771186440677966,0.12593220338983052,0.20305084745762714,0.01868394769058968,28.97033734378391,1.219110350412722,204.49835926685853,476.1743184221795,190.46972736887182,190.4786625038503,2.4998827278753817,True
36,5,0.09389830508474575,0.12593220338983052,0.21983050847457627,0.02769908218526759,28.804813188013824,4.426680540697492,246.1564484302389,477.7385854753599,191.09543419014398,191.1028560975567,2.499902906900971,True
36,6,0.1106779661016949,0.12593220338983052,0.2366101694915254,0.03848329163529359,28.6233132317189,12.91577049454565,286.4997941038037,479.46688297387226,191.7867531895489,191.77590800351513,2.5001413783689865,True
36,7,0.12745762711864406,0.12593220338983052,0.2533898305084746,0.051036576040667685,28.430506597308604,32.21638664094408,325.5055245231628,481.31798546876445,192.52719418750578,192.5181184058182,2.500117856201831,True
36,8,0.14423728813559322,0.12593220338983052,0.27016949152542374,0.06535893540138989,28.2256289726641,71.38238903874101,363.06814262392805,483.30229701074296,193.3209188042972,193.31332746448356,2.500098174035815,True
36,9,0.1610169491525424,0.12593220338983052,0.2869491525423729,0.08145036971746017,28.009876130695567,144.17444431505825,399.13269847008945,485.41149905049076,194.16459962019633,194.1582627325556,2.500081594359564,True
36,10,0.17779661016949153,0.12593220338983052,0.303728813559322,0.09931087898887854,27.78576130456737,270.36177448764386,433.70199098942186,487.624011063993,195.0496044255972,195.0589297363116,2.499880480853568,True
36,11,0.19457627118644066,0.12593220338983052,0.3205084745762712,0.11894046321564498,27.551548612483753,476.814525287611,466.66501499089236,489.96005857175805,195.98402342870324,195.99176712712602,2.4999012241874197,True
36,12,0.21135593220338983,0.12593220338983052,0.33728813559322035,0.14033912239775956,27.30996889288037,799.0010371790704,498.0583103973774,492.39553610196106,196.95821444078445,196.96460751998993,2.4999188549749367,True
36,13,0.228135593220339,0.12593220338983052,0.3540677966101695,0.16350685653522223,27.06081855178616,1281.7902024122957,527.8350737266248,494.9354103103341,197.97416412413364,197.96481687704758,2.500118041771683,True
36,14,0.24491525423728813,0.12593220338983052,0.3708474576271187,0.18844366562803297,26.807927457970923,1981.4879571537442,556.1163362302166,497.54308181675026,199.01723272670012,199.00961834082483,2.5000956534907552,True
36,15,0.26169491525423727,0.12593220338983052,0.3876271186440678,0.2151495496761918,26.55215156054749,2966.1994146578145,582.9322184806922,500.21144466313183,200.08457786525275,200.0955872609452,2.499862448294798,True
36,16,0.27847457627118644,0.12593220338983052,0.40440677966101696,0.24362450867969873,26.291162875999614,4314.950026267696,608.1748844982345,502.96685781173903,201.18674312469562,201.1955104974976,2.49989105904028,True
36,17,0.2952542372881356,0.12593220338983052,0.4211864406779661,0.2738685426385538,26.027632680579863,6121.8005874340215,631.958872127614,505.7832132036334,202.31328528145337,202.32013572423875,2.499915351445855,True
36,18,0.31203389830508477,0.12593220338983052,0.4379661016949153,0.30588165155275693,25.761134604697293,8492.548494946894,654.2671098616132,508.6668108096584,203.46672432386336,203.45726580825092,2.5001162223867364,True
36,19,0.3288135593220339,0.12593220338983052,0.4547457627118644,0.33966383542230805,25.495100745475227,11552.020760088615,675.284095776807,511.58170724749164,204.63268289899668,204.62571967872623,2.5000850726424,True
36,20,0.34559322033898304,0.12593220338983052,0.47152542372881356,0.3752150942472074,25.22967479201712,15437.641336256773,695.0432938915397,514.5268175041484,205.8107270016594,205.81956541902724,2.499892643620276,True
36,21,0.3623728813559322,0.12593220338983052,0.48830508474576273,0.4125354280274548,24.96163719896176,20290.672319914916,713.386950550696,517.539022728034,207.0156090912136,207.00539938654398,2.5001233023957328,True
36,22,0.3791525423728813,0.12593220338983052,0.5050847457627119,0.45162483676305026,24.69729070433699,26293.99929060103,730.6946677423946,520.5480084914414,208.21920339657655,208.2286633565386,2.499886423417776,True
36,23,0.3959322033898305,0.12593220338983052,0.521864406779661,0.49248332045399384,24.431102941448685,33605.52739531598,746.6727677309397,523.6171154640198,209.4468461856079,209.4371826236065,2.5001153515564947,True
36,24,0.41271186440677965,0.12593220338983052,0.5386440677966102,0.5351108791002855,23.98255701662309,41152.34087384487,750.0000000000002,528.8798983443234,211.55195933772936,209.0506735058913,2.529912434505593,True
36,25,0.4294915254237288,0.12593220338983052,0.5554237288135593,0.5795075127019254,23.509406377623147,49563.681130100726,750.0,534.5590911192767,213.82363644771067,208.3813554083361,2.5652923222030837,True
36,26,0.446271186440678,0.12593220338983052,0.5722033898305086,0.6256732212589133,23.06319860467302,59270.24387522061,750.0000000000005,540.0393090866323,216.01572363465294,207.87600703565428,2.5978914872749423,True
36,27,0.4630508474576271,0.12593220338983052,0.5889830508474576,0.6736080047712492,22.641470045068438,70411.3409113137,750.0000000000001,545.3338117799066,218.13352471196265,207.51774376792454,2.627890039079142,True
36,28,0.47983050847457626,0.12593220338983052,0.6057627118644068,0.7233118632389332,22.242061319922943,83135.29242678979,750.0,550.4545578500905,220.18182314003622,207.2917553611474,2.6554580373497187,True
36,29,0.4966101694915254,0.12593220338983052,0.6225423728813559,0.7747847966619654,21.863070652395756,97599.65144726173,750.0000000000001,555.4123719044109,222.16494876176435,207.18499733059969,2.6807557451573283,True
36,30,0.5133898305084745,0.12593220338983052,0.639322033898305,0.8280268050403455,21.502815657609286,113971.42558934914,750.0000000000003,560.2170851891257,224.08683407565027,207.1859368931379,2.703933932919751,True
36,31,0.5301694915254237,0.12593220338983052,0.6561016949152543,0.8830378883740738,21.159801838986944,132427.29624258162,750.0000000000001,564.8776549202378,225.95106196809513,207.2843422978797,2.7251342221906736,True
36,32,0.5469491525423729,0.12593220338983052,0.6728813559322033,0.9398180466631503,20.832696442890008,153153.83529476367,750.0,569.4022660620492,227.7609064248197,207.47110695636732,2.7444894588710063,True
36,33,0.563728813559322,0.12593220338983052,0.6896610169491526,0.9983672799075749,20.520306626754447,176347.7195074077,750.0000000000001,573.798418583285,229.519367433314,207.73810170596704,2.7621241066091984,True
36,34,0.5805084745762712,0.12593220338983052,0.7064406779661017,1.0586855881073476,20.221561124154245,202215.94263998073,750.0,578.0730026244215,231.22920104976862,208.07804998665864,2.778154652359948,True
36,35,0.5972881355932204,0.12593220338983052,0.7232203389830509,1.1207729712624683,19.93549476354115,230976.02541469288,749.9999999999999,582.2323635446292,232.89294541785168,208.48442180981883,2.792690017270193,True
36,36,0.6140677966101695,0.12593220338983052,0.74,1.1846294293729371,19.661235330184514,262856.2234071703,750.0,586.2823584508636,234.51294338034546,208.95134323938035,2.805831967202061,True
36,37,0.6308474576271186,0.12593220338983052,0.756779661016949,1.2502549624387536,19.397992363381416,298095.7329426656,749.9999999999999,590.2284055217583,236.09136220870334,209.47351875623028,2.8176755182530844,True
36,38,0.6476271186440677,0.12593220338983052,0.7735593220338983,1.3176495704599187,19.145047560813687,336944.8950722077,750.0000000000002,594.075527207748,237.6302108830992,210.04616438348953,2.8283093335764082,True
36,39,0.6644067796610169,0.12593220338983052,0.7903389830508474,1.386813253436432,18.90174652449092,379665.39769839676,750.0000000000003,597.8283882032023,239.13135528128092,210.66494984808543,2.8378161086327265,True
36,40,0.6811864406779661,0.12593220338983052,0.8071186440677967,1.457746011368293,18.66749163209587,426530.4759162383,749.9999999999999,601.4913289363894,240.5965315745558,211.32594836853048,2.8462729427218805,True
36,41,0.6979661016949152,0.12593220338983052,0.8238983050847457,1.5304478442555023,18.44173585677224,477825.1106304377,749.9999999999998,605.0683952012704,242.02735808050818,212.02559290920084,2.853751695251189,True
36,42,0.7147457627118644,0.12593220338983052,0.840677966101695,1.6049187520980597,18.22397738974411,533846.2255070171,750.0000000000005,608.5633644555855,243.42534578223422,212.7606379419982,2.860319325708589,True
36,43,0.7315254237288136,0.12593220338983052,0.857457627118644,1.6811587348959653,18.013754945355203,594902.8823137397,750.0000000000002,611.979769227998,244.79190769119919,213.52812591805295,2.866038216730574,True
36,44,0.7483050847457626,0.12593220338983052,0.8742372881355931,1.7591677926492184,17.8106436484858,661316.4747008684,750.0000000000001,615.3209180096063,246.12836720384254,214.3253577832834,2.870966479999032,True
36,45,0.7650847457627118,0.12593220338983052,0.8910169491525424,1.83894592535782,17.614251420853584,733420.9204708568,749.9999999999995,618.589913949262,247.43596557970483,215.1498669786344,2.875158244976705,True
36,46,0.781864406779661,0.12593220338983052,0.9077966101694914,1.92049313302177,17.424215796219638,811562.8523830818,750.0000000000001,621.7896716255569,248.71586865022277,215.99939645353547,2.8786639307083095,True
36,47,0.7986440677966101,0.12593220338983052,0.9245762711864407,2.0038094156410677,17.240201105607348,896101.8075372612,749.9999999999997,624.9229321294305,249.9691728517722,216.8718782934171,2.8815305010820267,True
36,48,0.8154237288135593,0.12593220338983052,0.9413559322033898,2.0888947732157135,17.061895982779696,987410.4153769938,750.0000000000002,627.9922766586619,251.1969106634648,217.76541562200688,2.8838017040718675,True
36,49,0.8322033898305085,0.12593220338983052,0.958135593220339,2.1757492057457077,16.8890111477838,1085874.5843527871,750.0000000000001,631.0001387979565,252.40005551918262,218.67826648892205,2.8855182955729264,True
36,50,0.8489830508474576,0.12593220338983052,0.9749152542372881,2.26437271323105,16.721277432657537,1191893.687281998,750.0000000000005,633.9488156350336,253.57952625401344,219.60882949471576,2.8867182485041556,True
36,51,0.8657627118644068,0.12593220338983052,0.9916949152542374,2.3547652956717404,16.558444018638614,1305880.74544137,750.0,636.8404778433295,254.73619113733182,220.5556309404225,2.887436947893458,True
36,52,0.882542372881356,0.12593220338983052,1.0084745762711864,2.4469269530677784,16.40027685860971,1428262.6114260906,749.9999999999999,639.6771788450827,255.8708715380331,221.51731331811334,2.8877073726804574,True
36,53,0.899322033898305,0.12593220338983052,1.0252542372881355,2.5408576854191645,16.246557262206874,1559480.1508078368,750.0000000000001,642.4608631541438,256.98434526165755,222.4926249837986,2.8875602649792382,True
36,54,0.9161016949152542,0.12593220338983052,1.0420338983050847,2.636557492725899,16.097080624133607,1699988.422622701,749.9999999999999,645.1933739855175,258.077349594207,223.48041087516444,2.88702428753776,True
36,55,0.9328813559322033,0.12593220338983052,1.0588135593220338,2.7340263749879816,15.951655278860486,1850256.8587186174,749.9999999999999,647.8764602080097,259.1505840832039,224.47960415457158,2.8861261701169814,True
36,56,0.9496610169491525,0.12593220338983052,1.075593220338983,2.8332643322054123,15.810101467129032,2010769.4419906053,749.9999999999997,650.511782707199,260.2047130828796,225.48921867311822,2.884890845491896,True
36,57,0.9664406779661017,0.12593220338983052,1.0923728813559321,2.934271364378191,15.672250401585762,2182024.883530817,749.9999999999998,653.1009202180298,261.24036808721195,226.50834216473328,2.883341575751093,True
36,58,0.9832203389830508,0.12593220338983052,1.1091525423728814,3.037047471506318,15.537943420502044,2364536.798719512,750.0000000000001,655.6453746794505,262.2581498717802,227.53613009053763,2.881500069543093,True
36,59,1.0,0.12593220338983052,1.1259322033898305,3.141592653589793,15.40703121993073,2558833.882281634,749.9999999999998,658.1465761575573,263.25863046302294,228.57180006350663,2.87938659088609,True
37,0,0.01,0.12915254237288135,0.13915254237288135,0.0003141592653589793,29.92934406754952,1.691304111842417e-06,27.596345811680898,467.3284292988242,186.9313717195297,186.92215163263657,2.500123314529773,True
37,1,0.026779661016949154,0.12915254237288135,0.1559322033898305,0.0022529939386445163,29.828893901551915,0.00118690331268555,73.40684433515305,468.2380123753507,187.2952049501403,187.28616457271045,2.500120675991343,True
37,2,0.043559322033898305,0.12915254237288135,0.17271186440677966,0.0059609035672781455,29.709919715289335,0.029921238538616963,118.45168655667158,469.32038506892013,187.72815402756805,187.71982703005682,2.5001108966170884,True
37,3,0.06033898305084746,0.12915254237288135,0.1894915254237288,0.01143788815125987,29.573349464142694,0.25788230641836296,162.575911483362,470.56964742615895,188.2278589704636,188.2211209654321,2.500089495867904,True
37,4,0.0771186440677966,0.12915254237288135,0.20627118644067793,0.01868394769058968,29.42155041657297,1.2968538285304314,205.6589789649683,471.9668307820261,188.78673231281044,188.7963552651072,2.499872574972604,True
37,5,0.09389830508474575,0.12915254237288135,0.2230508474576271,0.02769908218526759,29.252347423671623,4.708264155196915,247.53486605642354,473.5350038023352,189.4140015209341,189.42199131138548,2.499894550384619,True
37,6,0.1106779661016949,0.12915254237288135,0.23983050847457626,0.03848329163529359,29.068699891867848,13.738620885885652,288.1174528722362,475.25008011896097,190.1000320475844,190.10669244260825,2.4999124124072347,True
37,7,0.12745762711864406,0.12915254237288135,0.2566101694915254,0.051036576040667685,28.870307723522302,34.256586636027556,327.2847996676446,477.1182866983252,190.8473146793301,190.8376006645542,2.500127254989872,True
37,8,0.14423728813559322,0.12915254237288135,0.27338983050847454,0.06535893540138989,28.661559511234366,75.89546638617982,365.0348792511292,479.1015469673131,191.64061878692524,191.63249821181387,2.500105939430774,True
37,9,0.1610169491525424,0.12915254237288135,0.2901694915254237,0.08145036971746017,28.44189021386819,153.27712864049937,401.2783099139349,481.2082565646868,192.48330262587473,192.47652846041845,2.5000879869030066,True
37,10,0.17779661016949153,0.12915254237288135,0.30694915254237287,0.09931087898887854,28.213944495250118,287.41624853120715,436.0218692500239,483.41600811892175,193.3664032475687,193.37631550408602,2.499871852759069,True
37,11,0.19457627118644066,0.12915254237288135,0.32372881355932204,0.11894046321564498,27.97574050430573,506.8643916174447,469.1483992863285,485.7470669949924,194.29882679799698,194.30704958130715,2.4998942037444354,True
37,12,0.21135593220338983,0.12915254237288135,0.3405084745762712,0.14033912239775956,27.73016397010791,849.321800201632,500.69873900442184,488.1763209576635,195.27052838306543,195.2773084001428,2.499913200141725,True
37,13,0.228135593220339,0.12915254237288135,0.35728813559322037,0.16350685653522223,27.476919583018766,1362.4651466491077,530.6232975896711,490.7095953496235,196.28383813984942,196.27399019387093,2.5001254362074254,True
37,14,0.24491525423728813,0.12915254237288135,0.3740677966101695,0.18844366562803297,27.220069500600857,2106.1795789808457,559.0510603818308,493.30867063976547,197.3234682559062,197.31546301464746,2.50010142693756,True
37,15,0.26169491525423727,0.12915254237288135,0.3908474576271186,0.2151495496761918,26.958889176616527,3152.1686469645138,585.9444591384274,495.9828241917527,198.39312967670108,198.38670037000963,2.500081019880358,True
37,16,0.27847457627118644,0.12915254237288135,0.40762711864406775,0.24362450867969873,26.695513662495337,4586.58783309116,611.3913583444671,498.71196406210254,199.48478562484104,199.4938962661864,2.49988582806898,True
37,17,0.2952542372881356,0.12915254237288135,0.4244067796610169,0.2738685426385538,26.428068481610723,6507.320489308197,635.3077696082602,501.5173116910525,200.60692467642102,200.61400566271902,2.499911758574948,True
37,18,0.31203389830508477,0.12915254237288135,0.4411864406779661,0.30588165155275693,26.157638462503904,9027.598165308867,657.7426795720085,504.3895131808566,201.75580527234266,201.74615311461196,2.5001196077048022,True
37,19,0.3288135593220339,0.12915254237288135,0.45796610169491525,0.33966383542230805,25.887792781799767,12280.360766543996,678.8861460961274,507.2918294169679,202.91673176678717,202.90971003016676,2.500086513068046,True
37,20,0.34559322033898304,0.12915254237288135,0.4747457627118644,0.3752150942472074,25.618601768821335,16411.792892560872,698.7683733876416,510.2239655550496,204.08958622201985,204.09827558994857,2.4998935639227766,True
37,21,0.3623728813559322,0.12915254237288135,0.4915254237288136,0.4125354280274548,25.34685218059568,21572.49111980838,717.2341076981252,513.2220549442521,205.28882197770088,205.27923280527858,2.500116782056948,True
37,22,0.3791525423728813,0.12915254237288135,0.5083050847457626,0.45162483676305026,25.078671027568852,27956.156712284366,734.6495048497683,516.2190377039212,206.4876150815685,206.49547307027075,2.4999048648792948,True
37,23,0.3959322033898305,0.12915254237288135,0.5250847457627118,0.49248332045399384,24.79657097321414,35661.93736715319,750.0,519.4134243543467,207.7653697417387,207.59584848442807,2.502041481784778,True
37,24,0.41271186440677965,0.12915254237288135,0.541864406779661,0.5351108791002855,24.287262370178453,43283.94728430398,750.0,525.292209949858,210.11688397994322,206.75290596998556,2.5406763086856685,True
37,25,0.4294915254237288,0.12915254237288135,0.5586440677966101,0.5795075127019254,23.808100214865163,52130.977623555504,749.9999999999999,530.9583867067322,212.3833546826929,206.0908852309377,2.5763312439158104,True
37,26,0.446271186440678,0.12915254237288135,0.5754237288135593,0.6256732212589133,23.35622324254143,62340.320306138645,750.0000000000003,536.4266161297852,214.5706464519141,205.5907004645143,2.6091968893426403,True
37,27,0.4630508474576271,0.12915254237288135,0.5922033898305085,0.6736080047712492,22.929136499079746,74058.50319828278,749.9999999999999,541.7100708448658,216.6840283379463,205.2356868784494,2.639453591546644,True
37,28,0.47983050847457626,0.12915254237288135,0.6089830508474576,0.7233118632389332,22.5246531700576,87441.52916835446,749.9999999999999,546.8206321451904,218.7282528580762,205.01122754968543,2.667271635221373,True
37,29,0.4966101694915254,0.12915254237288135,0.6257627118644068,0.7747847966619654,22.140847316007015,102655.11216385468,749.9999999999999,551.769055522416,220.70762220896643,204.9044486666974,2.6928114987875986,True
37,30,0.5133898305084745,0.12915254237288135,0.6425423728813558,0.8280268050403455,21.776015176861822,119874.91045161216,750.0000000000002,556.5651102556366,222.62604410225464,204.90396865955282,2.716224160501095,True
37,31,0.5301694915254237,0.12915254237288135,0.659322033898305,0.8830378883740738,21.428643268032264,139286.75715285656,749.9999999999995,561.2176978217263,224.48707912869054,204.9996901833693,2.737651443861818,True
37,32,0.5469491525423729,0.12915254237288135,0.6761016949152542,0.9398180466631503,21.09738190285755,161086.88819451322,750.0000000000001,565.7349528951287,226.29398115805148,205.1826264711272,2.7572263920441507,True
37,33,0.563728813559322,0.12915254237288135,0.6928813559322033,0.9983672799075749,20.781023083362292,185482.1677888357,749.9999999999997,570.1243299416004,228.04973197664017,205.44475547105617,2.775073662184196,True
37,34,0.5805084745762712,0.12915254237288135,0.7096610169491525,1.0586855881073476,20.47848193236942,212690.31154525987,750.0000000000005,574.3926778193922,229.75707112775692,205.77889661263168,2.791309931555602,True
37,35,0.5972881355932204,0.12915254237288135,0.7264406779661017,1.1207729712624683,20.1887810155457,242940.10731092465,749.9999999999998,578.546304340084,231.41852173603363,206.17860613028282,2.8060443088576545,True
37,36,0.6140677966101695,0.12915254237288135,0.7432203389830508,1.1846294293729371,19.91103703641904,276471.6338296653,749.9999999999997,582.5910323784879,233.03641295139516,206.63808770547445,2.819378744972064,True
37,37,0.6308474576271186,0.12915254237288135,0.7599999999999999,1.2502549624387536,19.64444949125364,313536.47730321274,750.0000000000003,586.5322488335922,234.61289953343692,207.1521158303603,2.8314084385887304,True
37,38,0.6476271186440677,0.12915254237288135,0.7767796610169491,1.3176495704599187,19.38829095149169,354397.9459328908,749.9999999999998,590.3749475132282,236.1499790052913,207.7159697968268,2.8422222330362543,True
37,39,0.6644067796610169,0.12915254237288135,0.7935593220338982,1.386813253436432,19.14189870482628,399331.2825151171,750.0000000000002,594.1237668310232,237.6495067324093,208.3253766076455,2.8519030014762925,True
37,40,0.6811864406779661,0.12915254237288135,0.8103389830508474,1.457746011368293,18.904667535974973,448623.875159466,750.0000000000001,597.7830230555038,239.11320922220153,208.9764614171323,2.8605280183316206,True
37,41,0.6979661016949152,0.12915254237288135,0.8271186440677966,1.5304478442555023,18.67604346794639,502575.4661939433,750.0000000000001,601.3567397303749,240.54269589214996,209.66570435601403,2.868169315422547,True
37,42,0.7147457627118644,0.12915254237288135,0.8438983050847457,1.6049187520980597,18.4555183163383,561498.3593182774,750.0000000000003,604.8486737862883,241.9394695145153,210.38990279334428,2.8748940217934393,True
37,43,0.7315254237288136,0.12915254237288135,0.8606779661016949,1.6811587348959653,18.242624934726223,625717.6250625927,750.0000000000005,608.262338783385,243.304935513354,211.1461382480917,2.8807646866299357,True
37,44,0.7483050847457626,0.12915254237288135,0.877457627118644,1.7591677926492184,18.036933049828576,695571.3046055889,749.9999999999998,611.6010256569813,244.64041026279253,211.9317472925822,2.8858395850086396,True
37,45,0.7650847457627118,0.12915254237288135,0.8942372881355931,1.83894592535782,17.838045601894592,771410.6120034276,750.0000000000001,614.8678212833498,245.94712851333995,212.74429589564588,2.8901730064948548,True
37,46,0.781864406779661,0.12915254237288135,0.9110169491525423,1.92049313302177,17.64559551944649,853600.1348777411,750.0,618.0656251363454,247.22625005453816,213.58155673996862,2.8938155268192385,True
37,47,0.7986440677966101,0.12915254237288135,0.9277966101694914,2.0038094156410677,17.459242868735803,942518.0336087294,750.0000000000002,621.1971642670325,248.478865706813,214.44148911954616,2.896814263030646,True
37,48,0.8154237288135593,0.12915254237288135,0.9445762711864406,2.0888947732157135,17.278672327527026,1038556.2390768931,750.0000000000005,624.2650068060226,249.70600272240904,215.32222108227177,2.8992131126471112,True
37,49,0.8322033898305085,0.12915254237288135,0.9613559322033898,2.1757492057457077,17.103590940481425,1142120.6489948144,749.9999999999999,627.2715741609255,250.9086296643702,216.22203353187666,2.901052977417538,True
37,50,0.8489830508474576,0.12915254237288135,0.9781355932203389,2.26437271323105,16.933726119779752,1253631.3228683812,749.9999999999998,630.2191520581647,252.08766082326588,217.13934604453777,2.902371972368838,True
37,51,0.8657627118644068,0.12915254237288135,0.9949152542372881,2.3547652956717404,16.768823859934475,1373522.6756249147,750.0000000000003,633.1099005588027,253.24396022352107,218.07270418995728,2.903205620852565,True
37,52,0.882542372881356,0.12915254237288135,1.0116949152542374,2.4469269530677784,16.608647140191664,1502243.66994396,750.0000000000003,635.9458631612753,254.37834526451013,219.0207681757653,2.903587036325822,True
37,53,0.899322033898305,0.12915254237288135,1.0284745762711864,2.5408576854191645,16.452974491662737,1640258.0073248344,750.0000000000001,638.728975089646,255.49159003585842,219.98230265865644,2.9035470916074244,True
37,54,0.9161016949152542,0.12915254237288135,1.0452542372881355,2.636557492725899,16.30159870948148,1788044.3179234709,750.0,641.461070853739,256.5844283414956,220.95616758651414,2.9031145763450055,True
37,55,0.9328813559322033,0.12915254237288135,1.0620338983050848,2.7340263749879816,16.154325692952273,1946096.3491896826,750.0000000000001,644.1438911569602,257.6575564627841,221.94130995351657,2.9023163434147063,True
37,56,0.9496610169491525,0.12915254237288135,1.0788135593220338,2.8332643322054123,16.010973398922992,2114923.153334564,750.0000000000001,646.7790892185336,258.71163568741343,222.93675636538902,2.9011774449542775,True
37,57,0.9664406779661017,0.12915254237288135,1.095593220338983,2.934271364378191,15.871370895547841,2295049.273656631,749.9999999999997,649.3682365690146,259.74729462760587,223.9416063249446,2.899721258705119,True
37,58,0.9832203389830508,0.12915254237288135,1.1123728813559322,3.037047471506318,15.735357505254797,2487014.929753862,750.0000000000001,651.9128283711249,260.76513134845,224.95502615921995,2.8979696053099535,True
37,59,1.0,0.12915254237288135,1.1291525423728814,3.141592653589793,15.602782027146738,2691376.201647934,750.0,654.4142883120318,261.76571532481273,225.97624351914317,2.895942857181774,True
38,0,0.01,0.1323728813559322,0.1423728813559322,0.0003141592653589793,30.388048288814158,1.7973975294612247e-06,27.756629844165587,463.22374985342657,185.28949994137065,185.27942748183185,2.500135909038522,True
38,1,0.026779661016949154,0.1323728813559322,0.15915254237288134,0.0022529939386445163,30.28446980803707,0.0012610916315804164,73.82545683633441,464.14366785916303,185.65746714366523,185.6475917496656,2.500132985754172,True
38,2,0.043559322033898305,0.1323728813559322,0.1759322033898305,0.0059609035672781455,30.162223657137034,0.0317853558200811,119.11568202094121,465.2345668251889,186.09382673007556,186.0848359086526,2.5001207892811235,True
38,3,0.06033898305084746,0.1323728813559322,0.19271186440677965,0.01143788815125987,30.02223838762522,0.2738998288535939,163.47270258837233,466.49071785003736,186.59628714001497,186.58901520750715,2.5000974324841647,True
38,4,0.0771186440677966,0.1323728813559322,0.20949152542372879,0.01868394769058968,29.86704815397844,1.3772031827663846,206.7783699400969,467.89206452170777,187.15682580868312,187.16715915913733,2.499861976982225,True
38,5,0.09389830508474575,0.1323728813559322,0.22627118644067795,0.02769908218526759,29.694172231505604,4.999226598123189,248.86356464928278,469.46406126380526,187.78562450552212,187.7942005554645,2.499885831805282,True
38,6,0.1106779661016949,0.1323728813559322,0.24305084745762712,0.03848329163529359,29.50677014901731,14.585704177372135,289.6447326304381,471.1813324271857,188.47253297087428,188.47967898058783,2.4999052151171917,True
38,7,0.12745762711864406,0.1323728813559322,0.2598305084745762,0.051036576040667685,29.30442111824849,36.363947507513224,328.99798682400467,473.0511647420139,189.22046589680556,189.21009686459814,2.5001370042135598,True
38,8,0.14423728813559322,0.1323728813559322,0.2766101694915254,0.06535893540138989,29.091825700628004,80.5564784865729,366.9278028104133,475.03335717466706,190.01334286986685,190.00467949418163,2.5001139889779065,True
38,9,0.1610169491525424,0.1323728813559322,0.29338983050847456,0.08145036971746017,28.868267623189414,162.6771009810804,403.3426592326458,477.13758174929234,190.85503269971696,190.8478104034203,2.5000946080581348,True
38,10,0.17779661016949153,0.1323728813559322,0.3101694915254237,0.09931087898887854,28.63652818840297,305.026479825144,438.25342921666214,479.34058180848336,191.73623272339336,191.74674290199172,2.4998629679644186,True
38,11,0.19457627118644066,0.1323728813559322,0.3269491525423729,0.11894046321564498,28.39436682106759,537.8908700919375,471.5365609028064,481.66670897643064,192.66668359057226,192.67539375986058,2.4998869838914253,True
38,12,0.21135593220338983,0.1323728813559322,0.34372881355932206,0.14033912239775956,28.144830738197218,901.274504763515,503.2373216512774,484.0898158526837,193.6359263410735,193.6430992944033,2.4999073946689045,True
38,13,0.228135593220339,0.1323728813559322,0.3605084745762712,0.16350685653522223,27.887528773080394,1445.7505164987183,533.3032484737307,486.61659506965515,194.64663802786208,194.63628554628673,2.5001329721427106,True
38,14,0.24491525423728813,0.1323728813559322,0.37728813559322033,0.18844366562803297,27.626763572116673,2234.9021989749604,561.8714635561306,489.20718106173206,195.68287242469285,195.6744747703138,2.500107291132235,True
38,15,0.26169491525423727,0.1323728813559322,0.39406779661016944,0.2151495496761918,27.361685668731923,3344.8209060177146,588.9007416439485,491.8719164336736,196.74876657346945,196.74204094125224,2.500085462570494,True
38,16,0.27847457627118644,0.1323728813559322,0.4108474576271186,0.24362450867969873,27.094511374578424,4867.005990795375,614.4822134295497,494.5902561601732,197.8361024640693,197.84555063159448,2.4998806118270664,True
38,17,0.2952542372881356,0.1323728813559322,0.42762711864406777,0.2738685426385538,26.82319941977431,6905.304213221914,638.5257471785828,497.3847482886924,198.95389931547697,198.9612031532462,2.499908225351809,True
38,18,0.31203389830508477,0.1323728813559322,0.44440677966101694,0.30588165155275693,26.54888825497372,9579.954496677905,661.0823679509801,500.2456923550855,200.0982769420342,200.08844835811507,2.500122802990375,True
38,19,0.3288135593220339,0.1323728813559322,0.4611864406779661,0.33966383542230805,26.275282478746455,13032.286106176924,682.3475299801772,503.135595196415,201.254238078566,201.2471769039638,2.5000877176851724,True
38,20,0.34559322033898304,0.1323728813559322,0.47796610169491527,0.3752150942472074,26.002373461211995,17417.519398991404,702.3479439240973,506.0549831771349,202.42199327085396,202.4304990844424,2.499894953902365,True
38,21,0.3623728813559322,0.1323728813559322,0.49474576271186443,0.4125354280274548,25.72697478280905,22895.97033977787,720.9319103316978,509.0390497413483,203.61561989653933,203.60670897506003,2.500109413406908,True
38,22,0.3791525423728813,0.1323728813559322,0.5115254237288135,0.45162483676305026,25.453597017233925,29665.798889362846,738.3689385323086,512.039776199052,204.8159104796208,204.8046832662322,2.5001370478107425,True
38,23,0.3959322033898305,0.1323728813559322,0.5283050847457627,0.49248332045399384,25.10381115556605,37462.52605452934,750.0000000000001,515.9364562668209,206.37458250672836,205.37746779102326,2.5121375865428393,True
38,24,0.41271186440677965,0.1323728813559322,0.5450847457627118,0.5351108791002855,24.588191999823735,45469.37498619008,750.0000000000001,521.8011040271772,208.7204416108709,204.54379368405625,2.551048333606078,True
38,25,0.4294915254237288,0.1323728813559322,0.561864406779661,0.5795075127019254,24.10309281926072,54763.09622116401,750.0000000000001,527.4542481275081,210.98169925100325,203.888747274688,2.586970861206471,True
38,26,0.446271186440678,0.1323728813559322,0.5786440677966102,0.6256732212589133,23.64561689684314,65487.91361704006,750.0000000000001,532.9104542969716,213.16418171878865,203.39348429667848,2.6200959983538383,True
38,27,0.4630508474576271,0.1323728813559322,0.5954237288135593,0.6736080047712492,23.213238364888493,77797.75330379338,750.0000000000001,538.182810224674,215.2731240898696,203.0415514588826,2.650604304181846,True
38,28,0.47983050847457626,0.1323728813559322,0.6122033898305085,0.7233118632389332,22.80374331340273,91856.49481103513,750.0000000000001,543.2831215752655,217.3132486301062,202.8185178350655,2.6786662646705164,True
38,29,0.4966101694915254,0.1323728813559322,0.6289830508474576,0.7747847966619654,22.415181939699302,107838.21906465408,750.0000000000002,548.2220762475506,219.28883049902026,202.7116738194067,2.7044425509305143,True
38,30,0.5133898305084745,0.1323728813559322,0.6457627118644067,0.8280268050403455,22.04582937339182,125927.45340342062,750.0,553.0093828989174,221.20375315956696,202.70978332388447,2.7280843274117323,True
38,31,0.5301694915254237,0.1323728813559322,0.6625423728813559,0.8830378883740738,21.69415337716535,146319.41375388994,750.0000000000001,557.6538884597082,223.0615553838833,202.80287831428973,2.7497335989260234,True
38,32,0.5469491525423729,0.1323728813559322,0.679322033898305,0.9398180466631503,21.35878754116067,169220.2440910668,749.9999999999999,562.163678374724,224.86547134988962,202.9820873017096,2.7695235862814442,True
38,33,0.563728813559322,0.1323728813559322,0.6961016949152542,0.9983672799075749,21.038508899787818,194847.25330261936,750.0,566.546162551866,226.6184650207464,203.23949128308806,2.7875791214352907,True
38,34,0.5805084745762712,0.1323728813559322,0.7128813559322034,1.0586855881073476,20.732219133774716,223429.1495657547,749.9999999999999,570.8081494118226,228.32325976472904,203.56800203635572,2.804017054261212,True
38,35,0.5972881355932204,0.1323728813559322,0.7296610169491525,1.1207729712624683,20.438928697956282,255206.27233809177,749.9999999999999,574.9559099752747,229.9823639901099,203.9612587478461,2.81894666420981,True
38,36,0.6140677966101695,0.1323728813559322,0.7464406779661017,1.1846294293729371,20.157743351437087,290430.8220568486,750.0000000000003,578.9952335642873,231.59809342571495,204.41353977139488,2.8324700712673168,True
38,37,0.6308474576271186,0.1323728813559322,0.7632203389830508,1.2502549624387536,19.887852671895644,329367.08763432485,750.0000000000001,582.931476409477,233.1725905637908,204.91968695345304,2.8446826416531095,True
38,38,0.6476271186440677,0.1323728813559322,0.7799999999999999,1.3176495704599187,19.628520217621386,372291.6718319179,749.9999999999999,586.7696042271233,234.70784169084934,205.47504045320952,2.8556733846257187,True
38,39,0.6644067796610169,0.1323728813559322,0.7967796610169491,1.386813253436432,19.379075065016785,419493.71458966786,749.9999999999999,590.5142296477915,236.2056918591166,206.07538237495598,2.865525337584213,True
38,40,0.6811864406779661,0.1323728813559322,0.8135593220338982,1.457746011368293,19.138904499921697,471275.11438358633,750.0000000000003,594.169645230511,237.66785809220443,206.7168878369086,2.874315937357219,True
38,41,0.6979661016949152,0.1323728813559322,0.8303389830508474,1.5304478442555023,18.90744768133147,527950.7476786529,750.0,597.7398526767173,239.09594107068693,207.39608234505386,2.8821173761721863,True
38,42,0.7147457627118644,0.1323728813559322,0.8471186440677966,1.6049187520980597,18.68419012822051,589848.6865413847,750.0000000000002,601.2285887602264,240.4914355040906,208.109804536368,2.888996941300569,True
38,43,0.7315254237288136,0.1323728813559322,0.8638983050847457,1.6811587348959653,18.468658906019154,657310.4144722132,749.9999999999999,604.6393484091387,241.85573936365552,208.8551735136293,2.8950173377902066,True
38,44,0.7483050847457626,0.1323728813559322,0.8806779661016948,1.7591677926492184,18.26041841017476,730691.040514549,750.0,607.9754053091833,243.19016212367333,209.62956012203708,2.9002369940348434,True
38,45,0.7650847457627118,0.1323728813559322,0.897457627118644,1.83894592535782,18.05906666119541,810359.5116942954,750.0,611.2398303430308,244.49593213721232,210.43056162227379,2.9047103502019636,True
38,46,0.781864406779661,0.1323728813559322,0.9142372881355931,1.92049313302177,17.864232039429798,896698.8238407033,749.9999999999997,614.4355081342743,245.77420325370974,211.25597930022695,2.9084881297540353,True
38,47,0.7986440677966101,0.1323728813559322,0.9310169491525423,2.0038094156410677,17.675570399204073,990106.2308368192,750.0000000000001,617.565151926471,247.0260607705884,212.10379862414788,2.9116175944628346,True
38,48,0.8154237288135593,0.1323728813559322,0.9477966101694915,2.0888947732157135,17.492762511304562,1090993.4523452925,750.0000000000001,620.6313169954651,248.25252679818607,212.97217161841886,2.914142783440491,True
38,49,0.8322033898305085,0.1323728813559322,0.9645762711864406,2.1757492057457077,17.31551179054987,1199786.8800530566,750.0000000000002,623.6364127660922,249.45456510643692,213.85940117170819,2.9161047368002926,True
38,50,0.8489830508474576,0.1323728813559322,0.9813559322033898,2.26437271323105,17.143542271640367,1316927.7824762184,749.9999999999999,626.5827137814209,250.63308551256839,214.76392703788025,2.9175417046220415,True
38,51,0.8657627118644068,0.1323728813559322,0.998135593220339,2.3547652956717404,16.97659680185127,1442872.5083645887,750.0000000000002,629.4723696532025,251.788947861281,215.68431332209786,2.9184893419354205,True
38,52,0.882542372881356,0.1323728813559322,1.0149152542372881,2.4469269530677784,16.81443542363952,1578092.6887433357,749.9999999999999,632.3074141056104,252.92296564224418,216.61923727324123,2.918980890455378,True
38,53,0.899322033898305,0.1323728813559322,1.0316949152542372,2.5408576854191645,16.656833924021754,1723075.437627636,750.0000000000001,635.0897732101488,254.03590928405953,217.56747922803203,2.919047347809332,True
38,54,0.9161016949152542,0.1323728813559322,1.0484745762711865,2.636557492725899,16.503582530774317,1878323.5514444653,750.0,637.8212728974659,255.12850915898636,218.52791357282615,2.918717624990763,True
38,55,0.9328813559322033,0.1323728813559322,1.0652542372881355,2.7340263749879816,16.354484738210427,2044355.707194231,750.0000000000002,640.5036458213285,256.20145832853143,219.4995006065816,2.918018692759264,True
38,56,0.9496610169491525,0.1323728813559322,1.0820338983050848,2.8332643322054123,16.209356247585035,2221706.6593835554,749.9999999999999,643.1385376410044,257.2554150564018,220.48127920345138,2.916975717686859,True
38,57,0.9664406779661017,0.1323728813559322,1.0988135593220338,2.934271364378191,16.0680240091332,2410927.4357590415,750.0000000000003,645.7275127804936,258.29100511219747,221.4723601863152,2.9156121885244315,True
38,58,0.9832203389830508,0.1323728813559322,1.1155932203389831,3.037047471506318,15.930325354418677,2612585.531870816,750.0000000000001,648.2720597162792,259.3088238865117,222.47192033354014,2.9139500335339394,True
38,59,1.0,0.1323728813559322,1.1323728813559322,3.141592653589793,15.796107209100155,2827265.1044932404,750.0,650.7735958393955,260.3094383357582,223.4791969508191,2.912009729400499,True
39,0,0.01,0.13559322033898305,0.14559322033898306,0.0003141592653589793,30.84307274915355,1.907495235781037e-06,27.91498773909675,459.22956964153036,183.69182785661215,183.6982320354419,2.499912843760678,True
39,1,0.026779661016949154,0.13559322033898305,0.1623728813559322,0.0022529939386445163,30.736302499731096,0.001338052739274707,74.23872145287774,460.1599761906712,184.0639904762685,184.0702623831238,2.4999148164025233,True
39,2,0.043559322033898305,0.13559322033898305,0.17915254237288136,0.0059609035672781455,30.60898059343852,0.033710804553642476,119.75702774615297,461.27491017008924,184.5099640680357,184.50028514361742,2.5001311505346826,True
39,3,0.06033898305084746,0.13559322033898305,0.1959322033898305,0.01143788815125987,30.465576714921394,0.29044044904347743,164.33836384028254,462.53781249600223,185.0151249984009,185.00729986644882,2.5001057408539786,True
39,4,0.0771186440677966,0.13559322033898305,0.21271186440677964,0.01868394769058968,30.305199253616905,1.4598135292039676,207.83363696622771,463.9592404803638,185.58369619214554,185.57726840599625,2.5000865917766286,True
39,5,0.09389830508474575,0.13559322033898305,0.2294915254237288,0.02769908218526759,30.13046360032995,5.29957674158912,250.1448384569407,465.5189110214,186.20756440856002,186.21674454859442,2.499876754638034,True
39,6,0.1106779661016949,0.13559322033898305,0.24627118644067797,0.03848329163529359,29.939318751006144,15.459959885325167,291.11672888337677,467.2383200016299,186.89532800065197,186.90297416541898,2.499897725480277,True
39,7,0.12745762711864406,0.13559322033898305,0.2630508474576271,0.051036576040667685,29.734772157849665,38.54756022277921,330.68707754520597,469.09383418809574,187.6375336752383,187.6439096673294,2.499915051971279,True
39,8,0.14423728813559322,0.13559322033898305,0.27983050847457624,0.06535893540138989,29.516603207231157,85.36543812802411,368.7503724110586,471.0908829402221,188.43635317608886,188.42713399370476,2.500122317606131,True
39,9,0.1610169491525424,0.13559322033898305,0.2966101694915254,0.08145036971746017,29.289183621661824,172.3743336298746,405.3295738543538,473.1926302517983,189.27705210071932,189.269371285121,2.500101453493851,True
39,10,0.17779661016949153,0.13559322033898305,0.3133898305084746,0.09931087898887854,29.05198842098531,323.116797354249,440.3493567838595,475.40682672516476,190.16273069006593,190.15635548683395,2.5000838152794795,True
39,11,0.19457627118644066,0.13559322033898305,0.33016949152542374,0.11894046321564498,28.807601565974803,569.8936598258437,473.8340267460362,477.7121405799043,191.08485623196174,191.09406157000535,2.499879570589897,True
39,12,0.21135593220338983,0.13559322033898305,0.3469491525423729,0.14033912239775956,28.55414236558739,954.8584664609219,505.67891769218693,480.12917607242616,192.05167042897048,192.0592418949033,2.499901443613724,True
39,13,0.228135593220339,0.13559322033898305,0.3637288135593221,0.16350685653522223,28.29281838604218,1531.6448601528334,535.8801087445869,482.64956290887187,193.05982516354877,193.0489648128391,2.500140642436495,True
39,14,0.24491525423728813,0.13559322033898305,0.3805084745762712,0.18844366562803297,28.028180873010943,2367.6533888087415,564.5830340775021,485.2317655273731,194.09270621094925,194.08391497633954,2.5001132401236186,True
39,15,0.26169491525423727,0.13559322033898305,0.3972881355932203,0.2151495496761918,27.759250156982954,3543.499647083892,591.742702147855,487.8872040697597,195.1548816279039,195.14786039699928,2.500089947577318,True
39,16,0.27847457627118644,0.13559322033898305,0.41406779661016946,0.24362450867969873,27.48832470277542,5156.199074097385,617.4535063793927,490.5948847215185,196.23795388860742,196.24773361559232,2.4998754160518857,True
39,17,0.2952542372881356,0.13559322033898305,0.4308474576271186,0.2738685426385538,27.21319285622631,7315.744009415165,641.6191283311207,493.3786721779087,197.3514688711635,197.3589877485114,2.4999047563347165,True
39,18,0.31203389830508477,0.13559322033898305,0.4476271186440678,0.30588165155275693,26.93505007921894,10149.607258698963,664.292755943708,496.22849603730475,198.49139841492192,198.4814104284065,2.500125805062724,True
39,19,0.3288135593220339,0.13559322033898305,0.46440677966101696,0.33966383542230805,26.657734469344913,13807.783914503989,685.6750687816921,499.10615116328984,199.64246046531593,199.6353786284168,2.5000886846428196,True
39,20,0.34559322033898304,0.13559322033898305,0.4811864406779661,0.3752150942472074,26.38115282864257,18454.80309866514,705.7890541964756,502.01301494127404,200.80520597650963,200.81349478412918,2.4998968096288987,True
39,21,0.3623728813559322,0.13559322033898305,0.4979661016949153,0.4125354280274548,26.102166565636924,24261.09493962198,724.4876182149284,504.98315353888273,201.9932614155531,201.9850839158761,2.5001012141530263,True
39,22,0.3791525423728813,0.13559322033898305,0.5147457627118643,0.45162483676305026,25.825403788813894,31437.490730521433,742.0452315048524,507.9680913481085,203.1872365392434,203.1792838922563,2.5000978525816553,True
39,23,0.3959322033898305,0.13559322033898305,0.5315254237288135,0.49248332045399384,25.40733628381768,39307.458468490215,750.0,512.5514119760646,205.02056479042585,203.24279002961464,2.521867623945629,True
39,24,0.41271186440677965,0.13559322033898305,0.5483050847457627,0.5351108791002855,24.885482880637564,47708.62397950302,750.0,518.4019374906335,207.3607749962534,202.41799489736363,2.5610466982122317,True
39,25,0.4294915254237288,0.13559322033898305,0.5650847457627118,0.5795075127019254,24.39451846351415,57460.03692292618,750.0000000000001,524.0420447405655,209.61681789622622,201.76961875425292,2.5972296918438804,True
39,26,0.446271186440678,0.13559322033898305,0.581864406779661,0.6256732212589133,23.931511291790898,68713.02380792481,750.0,529.4862058487106,211.79448233948426,201.27904992369258,2.630607636758249,True
39,27,0.4630508474576271,0.13559322033898305,0.5986440677966102,0.6736080047712492,23.493904958027528,81629.09122784525,749.9999999999998,534.7474254645307,213.8989701858123,200.9300387795656,2.6613612813322867,True
39,28,0.47983050847457626,0.13559322033898305,0.6154237288135593,0.7233118632389332,23.079458784289837,96380.18935483164,749.9999999999999,539.8374352897386,215.93497411589544,200.7083334997226,2.6896612904739436,True
39,29,0.4966101694915254,0.13559322033898305,0.6322033898305085,0.7747847966619654,22.686199393219397,113148.9721496597,750.0,544.7668570980833,217.90674283923332,200.60138259747012,2.715668506588616,True
39,30,0.5133898305084745,0.13559322033898305,0.6489830508474576,0.8280268050403455,22.31238105936914,132129.05444477467,750.0,549.54534022313,219.818136089252,200.59809007295613,2.739534259888836,True
39,31,0.5301694915254237,0.13559322033898305,0.6657627118644067,0.8830378883740738,21.95645301945113,153525.26604568085,750.0,554.1816781999725,221.672671279989,200.6886124074263,2.761400717021777,True
39,32,0.5469491525423729,0.13559322033898305,0.6825423728813559,0.9398180466631503,21.61703234261954,177553.90298442476,749.9999999999998,558.6839082680277,223.4735633072111,200.8641891143494,2.7814012578916008,True
39,33,0.563728813559322,0.13559322033898305,0.699322033898305,0.9983672799075749,21.292881276653606,204442.97604875776,749.9999999999998,563.0593966910999,225.22375867643996,201.11700041650624,2.7996608716569145,True
39,34,0.5805084745762712,0.13559322033898305,0.7161016949152542,1.0586855881073476,20.982888222723975,234432.4567014662,749.9999999999999,567.3149122695894,226.92596490783578,201.44004701372933,2.816296564063667,True
39,35,0.5972881355932204,0.13559322033898305,0.7328813559322034,1.1207729712624683,20.686051671274132,267774.5204961937,750.0000000000001,571.4566899660128,228.58267598640515,201.82704796581504,2.831417769449835,True
39,36,0.6140677966101695,0.13559322033898305,0.7496610169491525,1.1846294293729371,20.401466569321943,304733.78808871855,749.9999999999999,575.4904862081042,230.1961944832417,202.27235352732777,2.8451267618753113,True
39,37,0.6308474576271186,0.13559322033898305,0.7664406779661016,1.2502549624387536,20.12831269589277,345587.5639360023,750.0000000000001,579.4216271509863,231.76865086039453,202.77087039859998,2.857519060859083,True
39,38,0.6476271186440677,0.13559322033898305,0.7832203389830508,1.3176495704599187,19.86584470510752,390626.07276928774,750.0000000000001,583.2550509543101,233.30202038172408,203.31799734617252,2.8686838281278693,True
39,39,0.6644067796610169,0.13559322033898305,0.7999999999999999,1.386813253436432,19.61338356136648,440152.6939220502,750.0000000000001,586.9953449490977,234.79813797963908,203.9095695296754,2.8787042525911026,True
39,40,0.6811864406779661,0.13559322033898305,0.8167796610169491,1.457746011368293,19.370309142305906,494484.1935885984,750.0,590.6467784227003,236.25871136908015,204.54181017554635,2.887657921457635,True
39,41,0.6979661016949152,0.13559322033898305,0.8335593220338983,1.5304478442555023,19.13605382590545,553950.9550845675,750.0000000000001,594.2133316313628,237.68533265254516,205.21128847952124,2.895617176004728,True
39,42,0.7147457627118644,0.13559322033898305,0.8503389830508474,1.6049187520980597,18.910096910652975,618897.207176338,750.0000000000002,597.6987215527498,239.07948862109993,205.91488281332445,2.902649451009345,True
39,43,0.7315254237288136,0.13559322033898305,0.8671186440677966,1.6811587348959653,18.691959743822117,689681.2505426033,750.0000000000003,601.1064248110148,240.44256992440592,206.64974846701463,2.908817597263919,True
39,44,0.7483050847457626,0.13559322033898305,0.8838983050847457,1.7591677926492184,18.481201454053256,766675.6824277475,749.9999999999999,604.4396981411483,241.77587925645932,207.4132892849531,2.9141801869346162,True
39,45,0.7650847457627118,0.13559322033898305,0.9006779661016948,1.83894592535782,18.277415201601347,850267.6195434609,749.9999999999999,607.7015967047738,243.08063868190953,208.20313265654133,2.9187918017893524,True
39,46,0.781864406779661,0.13559322033898305,0.917457627118644,1.92049313302177,18.08022487363668,940858.9192719713,750.0000000000002,610.894990524088,244.35799620963522,209.01710740747674,2.922703304534563,True
39,47,0.7986440677966101,0.13559322033898305,0.9342372881355931,2.0038094156410677,17.889282163489305,1038866.3992215317,750.0000000000003,614.0225792626308,245.6090317050523,209.853224206979,2.9259620936632262,True
39,48,0.8154237288135593,0.13559322033898305,0.9510169491525423,2.0888947732157135,17.704263982209383,1144722.055182195,749.9999999999998,617.0869055496393,246.83476221985572,210.70965816416,2.928612342339231,True
39,49,0.8322033898305085,0.13559322033898305,0.9677966101694915,2.1757492057457077,17.524870158663784,1258873.277527506,749.9999999999998,620.0903670178349,248.03614680713395,211.58473333474976,2.9306952219316567,True
39,50,0.8489830508474576,0.13559322033898305,0.9845762711864406,2.26437271323105,17.350821390911996,1381783.066105505,750.0,623.0352272017141,249.21409088068563,212.47690889946367,2.9322491108740274,True
39,51,0.8657627118644068,0.13559322033898305,1.0013559322033898,2.3547652956717404,17.18185741704736,1513930.2436603904,749.9999999999997,625.9236254240815,250.36945016963261,213.3847668090084,2.9333097895611218,True
39,52,0.882542372881356,0.13559322033898305,1.018135593220339,2.4469269530677784,17.01773537824851,1655809.6678242325,750.0,628.7575857820922,251.5030343128369,214.30700071902143,2.9339106220167683,True
39,53,0.899322033898305,0.13559322033898305,1.0349152542372881,2.5408576854191645,16.858228350617974,1807932.4417162545,749.9999999999998,631.5390253299875,252.615610131995,215.2424060622515,2.934082725071083,True
39,54,0.9161016949152542,0.13559322033898305,1.0516949152542372,2.636557492725899,16.70312402561838,1970826.1231856747,750.0000000000003,634.2697615436342,253.7079046174537,216.18987112558142,2.933855125780599,True
39,55,0.9328813559322033,0.13559322033898305,1.0684745762711865,2.7340263749879816,16.552223521652248,2145034.932732272,750.0,636.9515191415985,254.7806076566394,217.14836901684657,2.9332549078099834,True
39,56,0.9496610169491525,0.13559322033898305,1.0852542372881355,2.8332643322054123,16.405340311655472,2331119.9601375726,750.0,639.5859363285273,255.83437453141093,218.11695042116764,2.9323073474736114,True
39,57,0.9664406779661017,0.13559322033898305,1.1020338983050848,2.934271364378191,16.26229925355326,2529659.3698380524,750.0000000000001,642.1745705188642,256.8698282075457,219.09473705920075,2.931036040109648,True
39,58,0.9832203389830508,0.13559322033898305,1.1188135593220339,3.037047471506318,16.122935712118007,2741248.6050703553,749.9999999999999,644.7189035922171,257.88756143688687,220.08091577057664,2.929463017430845,True
39,59,1.0,0.13559322033898305,1.1355932203389831,3.141592653589793,15.987094762217396,2966500.59081757,749.9999999999999,647.2203467258392,258.8881386903357,221.0747331552232,2.92760885646487,True
40,0,0.01,0.1388135593220339,0.1488135593220339,0.0003141592653589793,31.291101208763433,2.0207672654012416e-06,28.065316533209582,455.37010132442964,182.14804052977186,182.15502121519754,2.499904193068916,True
40,1,0.026779661016949154,0.1388135593220339,0.16559322033898305,0.0022529939386445163,31.18116332790327,0.0014172158500954713,74.63077537223202,456.31052305089514,182.52420922035807,182.53104520007844,2.499906372369247,True
40,2,0.043559322033898305,0.1388135593220339,0.18237288135593221,0.0059609035672781455,31.05035538800675,0.035697676920716084,120.37672189888379,457.43505396097464,182.97402158438987,182.96363080489198,2.500141978756272,True
40,3,0.06033898305084746,0.1388135593220339,0.19915254237288135,0.01143788815125987,30.903529928452986,0.30750475884694545,165.17427713625446,458.7045728353884,183.48182913415536,183.47343196074178,2.50011441947376,True
40,4,0.0771186440677966,0.1388135593220339,0.2159322033898305,0.01868394769058968,30.739616837987644,1.5453348839836263,208.8740727013097,460.1310323303663,184.05241293214652,184.04551792169286,2.500093659037877,True
40,5,0.09389830508474575,0.1388135593220339,0.23271186440677966,0.02769908218526759,30.56138782924758,5.609320025612688,251.38082526130873,461.6931992139713,184.67727968558853,184.68708119606416,2.499867322738383,True
40,6,0.1106779661016949,0.1388135593220339,0.24949152542372882,0.03848329163529359,30.366512087744805,16.361395865658285,292.53594886679383,463.4146901674383,185.36587606697535,185.37403646972106,2.499889946794854,True
40,7,0.12745762711864406,0.1388135593220339,0.26627118644067793,0.051036576040667685,30.1581789235427,40.790486888632245,332.2800798090082,465.27075762957804,186.10830305183123,186.11510485068212,2.499908634513352,True
40,8,0.14423728813559322,0.1388135593220339,0.2830508474576271,0.06535893540138989,29.93605809067941,90.32230598537419,370.5058115233592,467.2677719489565,186.90710877958261,186.897321332784,2.5001309201053394,True
40,9,0.1610169491525424,0.1388135593220339,0.29983050847457626,0.08145036971746017,29.704803902358297,182.36869573212917,407.2426204078499,469.3670498845493,187.74681995381974,187.7386706841769,2.500108518793879,True
40,10,0.17779661016949153,0.1388135593220339,0.31661016949152543,0.09931087898887854,29.463753105206063,341.82856556771213,442.41297973452555,471.577474841002,188.63098993640082,188.62423093709938,2.500089582860959,True
40,11,0.19457627118644066,0.1388135593220339,0.3333898305084746,0.11894046321564498,29.21560926179918,602.8721314300474,476.0450149123336,473.877009545403,189.5508038181612,189.56051161447454,2.49987196969149,True
40,12,0.21135593220338983,0.1388135593220339,0.35016949152542376,0.14033912239775956,28.95826259720993,1010.0724583303498,508.02805495703956,476.28804832538,190.515219330152,190.5231944866874,2.499895351894596,True
40,13,0.228135593220339,0.1388135593220339,0.3669491525423729,0.16350685653522223,28.694655001633173,1620.5306922904306,538.4226405054807,478.78590625941416,191.51436250376568,191.52085740567108,2.4999152193918537,True
40,14,0.24491525423728813,0.1388135593220339,0.38372881355932204,0.18844366562803297,28.424483309092757,2504.4294064235123,567.1908858509368,481.3760673962591,192.55042695850364,192.5412413284879,2.5001192683441786,True
40,15,0.26169491525423727,0.1388135593220339,0.40050847457627115,0.2151495496761918,28.15174345503155,3748.1991337362506,594.4757272508065,484.02232900197913,193.60893160079166,193.60161575858513,2.5000944703144374,True
40,16,0.27847457627118644,0.1388135593220339,0.4172881355932203,0.24362450867969873,27.877113194078152,5454.158840728258,620.3108806473062,486.71949053432024,194.68779621372812,194.69790136323786,2.499870245782838,True
40,17,0.2952542372881356,0.1388135593220339,0.4340677966101695,0.2738685426385538,27.598207088258864,7738.628154029263,644.5938052486541,489.4927223490495,195.7970889396198,195.80481497521689,2.499901355393149,True
40,18,0.31203389830508477,0.1388135593220339,0.45084745762711864,0.30588165155275693,27.316281039002096,10736.540755394126,667.3799752954837,492.3315614665421,196.93262458661684,196.92249396354882,2.500128611806403,True
40,19,0.3288135593220339,0.1388135593220339,0.4676271186440678,0.33966383542230805,27.03530447844356,14606.833914580266,688.8751183258848,495.1971329979916,198.07885319919666,198.07176911263366,2.500089413127811,True
40,20,0.34559322033898304,0.1388135593220339,0.484406779661017,0.3752150942472074,26.75509403252198,19523.616273226275,709.098273021317,498.0916939164905,199.2366775665962,199.24471703106192,2.499899125751168,True
40,21,0.3623728813559322,0.1388135593220339,0.5011864406779661,0.4125354280274548,26.47258034532582,25667.836889830694,727.9079951559935,501.0480009039937,200.4192003615975,200.411808879718,2.500092203672039,True
40,22,0.3791525423728813,0.1388135593220339,0.5179661016949152,0.45162483676305026,26.19356583939046,33268.85782595303,745.6439049401331,504.00584970909233,201.60233988363694,201.61057636861963,2.499897866407469,True
40,23,0.3959322033898305,0.1388135593220339,0.5347457627118644,0.49248332045399384,25.707277948932568,41196.73460903588,749.9999999999999,509.25395830931404,203.70158332372563,201.18688880692554,2.5312482405254224,True
40,24,0.41271186440677965,0.1388135593220339,0.5515254237288135,0.5351108791002855,25.179263900773886,50001.69426424287,750.0000000000001,515.0903876384767,206.0361550553907,200.3706055724105,2.57068838099774,True
40,25,0.4294915254237288,0.1388135593220339,0.5683050847457627,0.5795075127019254,24.682503492951593,60221.79972884201,750.0,520.7174648468678,208.2869859387471,199.72861307274033,2.6071250224785,True
40,26,0.446271186440678,0.1388135593220339,0.5850847457627119,0.6256732212589133,24.21403037468064,72015.65087879288,750.0,526.1495705387126,210.45982821548506,199.24252378870264,2.640749376858406,True
40,27,0.4630508474576271,0.1388135593220339,0.601864406779661,0.6736080047712492,23.771257959319918,85552.5169704387,750.0000000000002,531.3996281507438,212.5598512602975,198.89628437380716,2.671742359711594,True
40,28,0.47983050847457626,0.1388135593220339,0.6186440677966102,0.7233118632389332,23.351919117021346,101012.6127997441,749.9999999999999,536.4792970268377,214.59171881073507,198.67581561367237,2.7002747937374947,True
40,29,0.4966101694915254,0.1388135593220339,0.6354237288135594,0.7747847966619654,22.954017174080768,118587.37141887177,750.0000000000001,541.3991342311173,216.55965369244691,198.56871840421292,2.726507672417101,True
40,30,0.5133898305084745,0.1388135593220339,0.6522033898305084,0.8280268050403455,22.57578579620838,138479.71357567422,750.0,546.1687310257724,218.46749241030898,198.56403175021782,2.7505924724212965,True
40,31,0.5301694915254237,0.1388135593220339,0.6689830508474576,0.8830378883740738,22.21565591286367,160904.31402822965,750.0,550.7968286624061,220.31873146496247,198.65203212896841,2.772671503832486,True
40,32,0.5469491525423729,0.1388135593220339,0.6857627118644067,0.9398180466631503,21.87222826726346,186087.86487458728,750.0000000000001,555.29141716485,222.11656686594003,198.8240660265216,2.7928782881383105,True
40,33,0.563728813559322,0.1388135593220339,0.7025423728813559,0.9983672799075749,21.544250495129333,214269.3360272515,750.0000000000002,559.6598200364629,223.86392801458516,199.07240928851851,2.8113379550520223,True
40,34,0.5805084745762712,0.1388135593220339,0.7193220338983051,1.0586855881073476,21.230597874855114,245700.23295239388,749.9999999999998,563.9087672482808,225.56350689931233,199.3901483072535,2.8281676503861988,True
40,35,0.5972881355932204,0.1388135593220339,0.7361016949152542,1.1207729712624683,20.930257073746265,280644.8517852303,750.0,568.0444584142924,227.21778336571697,199.77107911465137,2.843476948373913,True
40,36,0.6140677966101695,0.1388135593220339,0.7528813559322034,1.1846294293729371,20.642312354383073,319380.5319252765,749.9999999999999,572.0726177060407,228.82904708241628,200.20962125383318,2.8573682629404997,True
40,37,0.6308474576271186,0.1388135593220339,0.7696610169491525,1.2502549624387536,20.36593381282207,362197.90620824473,749.9999999999999,575.9985417782218,230.39941671128872,200.70074392247312,2.8699372534499377,True
40,38,0.6476271186440677,0.1388135593220339,0.7864406779661016,1.3176495704599187,20.100367304139628,409401.14874500025,749.9999999999999,579.8271417531091,231.93085670124367,201.23990236457183,2.881273221364807,True
40,39,0.6644067796610169,0.1388135593220339,0.8032203389830508,1.386813253436432,19.84492577650534,461308.2205122627,750.0,583.5629801319155,233.42519205276622,201.82298286668185,2.8914594950635504,True
40,40,0.6811864406779661,0.1388135593220339,0.82,1.457746011368293,19.598981786814253,518251.11277450353,750.0000000000003,587.2103033559919,234.88412134239675,202.4462550145997,2.9005738007534116,True
40,41,0.6979661016949152,0.1388135593220339,0.8367796610169491,1.5304478442555023,19.36196101208797,580576.0884116875,750.0000000000005,590.7730706227859,236.30922824911437,203.10633010533422,2.9086886180081213,True
40,42,0.7147457627118644,0.1388135593220339,0.8535593220338983,1.6049187520980597,19.13333660376782,648643.921223137,750.0000000000003,594.2549794650855,237.70199178603423,203.80012480045644,2.9158715189548037,True
40,43,0.7315254237288136,0.1388135593220339,0.8703389830508474,1.6811587348959653,18.91262425848016,722830.1332737602,749.9999999999999,597.6594885229089,239.06379540916356,204.52482926119777,2.922185490543256,True
40,44,0.7483050847457626,0.1388135593220339,0.8871186440677965,1.7591677926492184,18.699377900239117,803525.2303451851,750.0,600.989837872074,240.3959351488296,205.27787913072308,2.927689239664043,True
40,45,0.7650847457627118,0.1388135593220339,0.9038983050847457,1.83894592535782,18.493185886427373,891134.9355509244,749.9999999999999,604.2490672193127,241.6996268877251,206.0569308310208,2.9324374811485163,True
40,46,0.781864406779661,0.1388135593220339,0.9206779661016948,1.92049313302177,18.293667664083948,986080.4211715417,750.0,607.4400322286793,242.97601289147175,206.85983972546703,2.936481208894101,True
40,47,0.7986440677966101,0.1388135593220339,0.937457627118644,2.0038094156410677,18.100470814668157,1088798.538762865,750.0000000000001,610.5654192062667,244.22616768250668,207.6846407670418,2.939867950519909,True
40,48,0.8154237288135593,0.1388135593220339,0.9542372881355932,2.0888947732157135,17.91326843506262,1199742.0475876015,750.0000000000001,613.6277583385701,245.45110333542803,208.52953130922455,2.942642006079383,True
40,49,0.8322033898305085,0.1388135593220339,0.9710169491525423,2.1757492057457077,17.73175681051874,1319379.8414181692,750.0000000000001,616.6294356531106,246.65177426124424,209.39285580406826,2.9448446714442786,True
40,50,0.8489830508474576,0.1388135593220339,0.9877966101694915,2.26437271323105,17.555653341847982,1448197.1737562402,749.9999999999997,619.5727038473456,247.82908153893823,210.27309215159056,2.94651444703482,True
40,51,0.8657627118644068,0.1388135593220339,1.0045762711864408,2.3547652956717404,17.38469469466935,1586695.881512326,749.9999999999997,622.4596921126841,248.98387684507367,211.16883949790437,2.947687232608301,True
40,52,0.882542372881356,0.1388135593220339,1.0213559322033898,2.4469269530677784,17.218635143135995,1735394.6071866376,750.0,625.2924150640907,250.11696602563632,212.0788073075079,2.948396508838507,True
40,53,0.899322033898305,0.1388135593220339,1.0381355932203389,2.5408576854191645,17.057245084441888,1894829.01959068,750.0000000000001,628.0727808717705,251.2291123487082,213.00180555886269,2.9486735064234173,True
40,54,0.9161016949152542,0.1388135593220339,1.0549152542372882,2.636557492725899,16.900309703680012,2065552.0331471055,750.0000000000001,630.8025986794493,252.32103947177973,213.93673593246638,2.9485473634531627,True
40,55,0.9328813559322033,0.1388135593220339,1.0716949152542372,2.7340263749879816,16.747627771392512,2248134.025803794,749.9999999999999,633.4835853834608,253.3934341533843,214.8825838777516,2.948045271755735,True
40,56,0.9496610169491525,0.1388135593220339,1.0884745762711865,2.8332643322054123,16.59901055850416,2443163.0555966287,750.0000000000003,636.1173718379445,254.44694873517778,215.83841145974958,2.9471926129171413,True
40,57,0.9664406779661017,0.1388135593220339,1.1052542372881355,2.934271364378191,16.454280855332346,2651245.075893656,750.0000000000002,638.7055085437972,255.48220341751892,216.80335089898423,2.946013084647345,True
40,58,0.9832203389830508,0.1388135593220339,1.1220338983050848,3.037047471506318,16.313272083078434,2873004.149352497,749.9999999999997,641.2494708723178,256.49978834892715,217.77659872880568,2.944528818134667,True
40,59,1.0,0.1388135593220339,1.1388135593220339,3.141592653589793,16.17582748766973,3109082.66062091,750.0,643.7506638687245,257.5002655474898,218.75741050367427,2.942760487000334,True
41,0,0.01,0.14203389830508475,0.15203389830508476,0.0003141592653589793,31.733940228754655,2.1376121367351234e-06,28.2108474264203,451.6247868426729,180.64991473706917,180.657500067623,2.499895031612983,True
41,1,0.026779661016949154,0.14203389830508475,0.1688135593220339,0.0022529939386445163,31.62081869552992,0.0014988534941437549,75.01004547999513,452.5750547649806,181.03002190599227,181.03744943660377,2.4998974310200097,True
41,2,0.043559322033898305,0.14203389830508475,0.18559322033898307,0.0059609035672781455,31.488434364796444,0.03775529988114305,120.99053031259724,453.69274242510613,181.47709697004245,181.4836340867798,2.4999099489498016,True
41,3,0.06033898305084746,0.14203389830508475,0.2023728813559322,0.01143788815125987,31.336254569643263,0.32509315943717554,165.98173235373594,454.98508834974376,181.99403533989752,181.9850477267966,2.5001234663673357,True
41,4,0.0771186440677966,0.14203389830508475,0.21915254237288134,0.01868394769058968,31.168808962451976,1.6334642636520362,209.87849079403279,456.41647099829225,182.5665883993169,182.5592113257945,2.5001010230251985,True
41,5,0.09389830508474575,0.14203389830508475,0.2359322033898305,0.02769908218526759,30.98710227591046,5.92845860606495,252.57352042115045,457.981019701817,183.19240788072682,183.20284748997705,2.4998575402976364,True
41,6,0.1106779661016949,0.14203389830508475,0.2527118644067797,0.03848329163529359,30.788507623771235,17.290010616497323,293.9047328087641,459.70453780951385,183.88181512380555,183.89050338988463,2.499881882616028,True
41,7,0.12745762711864406,0.14203389830508475,0.2694915254237288,0.051036576040667685,30.57640476373922,43.10067886884443,333.81573184304284,461.5611264528781,184.62445058115125,184.6316892662586,2.4999019847955664,True
41,8,0.14423728813559322,0.14203389830508475,0.28627118644067795,0.06535893540138989,30.35034754227062,95.42699310612483,372.1971290534988,463.5581191204093,185.42324764816374,185.41288001554474,2.500139791159844,True
41,9,0.1610169491525424,0.14203389830508475,0.3030508474576271,0.08145036971746017,30.115285322836044,192.6599583366868,409.08512802425645,465.65493552431707,186.26197420972684,186.25334699318205,2.5001157994833925,True
41,10,0.17779661016949153,0.14203389830508475,0.3198305084745763,0.09931087898887854,29.870408977585736,361.09440688343886,444.3998949961978,467.86161859784136,187.14464743913655,187.13749721652707,2.500095520976766,True
41,11,0.19457627118644066,0.14203389830508475,0.33661016949152545,0.11894046321564498,29.61854567641082,636.8253438043082,478.1734622381762,470.15541028413656,188.06216411365463,188.07238118933753,2.499864186920771,True
41,12,0.21135593220338983,0.14203389830508475,0.3533898305084746,0.14033912239775956,29.35734647467169,1066.914739123336,510.2889592994972,472.5605257929316,189.02421031717267,189.0325939672081,2.4998891242793175,True
41,13,0.228135593220339,0.14203389830508475,0.3701694915254238,0.16350685653522223,29.089901125505726,1711.678560874331,540.8111933927355,475.05138498678474,190.0205539947139,190.02737113919173,2.499910313650647,True
41,14,0.24491525423728813,0.14203389830508475,0.3869491525423729,0.18844366562803297,28.815824199598364,2645.2252667460566,569.6997916552345,477.634176112399,191.0536704449596,191.04408991978798,2.5001253706039224,True
41,15,0.26169491525423727,0.14203389830508475,0.403728813559322,0.2151495496761918,28.53931785446821,3958.9117885621954,597.1048441548102,480.27137896777765,192.10855158711107,192.10094234753456,2.500099026577948,True
41,16,0.27847457627118644,0.14203389830508475,0.42050847457627116,0.24362450867969873,28.261027947409286,5760.874386642138,623.0596032101145,482.9581598731139,193.18326394924557,193.19368826353082,2.4998651053978658,True
41,17,0.2952542372881356,0.14203389830508475,0.43728813559322033,0.2738685426385538,27.97839203790013,8173.94117009826,647.4552770750571,485.72098299123326,194.2883931964933,194.2963184852728,2.499898025746946,True
41,18,0.31203389830508477,0.14203389830508475,0.4540677966101695,0.30588165155275693,27.69272992646699,11340.734130147075,670.3497483521826,488.54897087454503,195.419588349818,195.4093315416513,2.500131222087576,True
41,19,0.3288135593220339,0.14203389830508475,0.47084745762711866,0.33966383542230805,27.408139997250792,15429.40883292216,691.9536101203704,491.40262102778723,196.5610484111149,196.5539800721045,2.500089903280104,True
41,20,0.34559322033898304,0.14203389830508475,0.4876271186440678,0.3752150942472074,27.124343102502674,20623.921810078038,712.2817317829354,494.28509732348346,197.71403892939338,197.72179787691462,2.4999018956482724,True
41,21,0.3623728813559322,0.14203389830508475,0.504406779661017,0.4125354280274548,26.83836085516052,27116.155898338733,731.1993528623835,497.22767026942375,198.8910681077695,198.88451265408196,2.5000824027673154,True
41,22,0.3791525423728813,0.14203389830508475,0.521186440677966,0.45162483676305026,26.55564063101051,35146.85934633249,749.0238931008914,500.1748333227535,200.06993332910142,200.07618229718273,2.4999219176414504,True
41,23,0.3959322033898305,0.14203389830508475,0.5379661016949152,0.49248332045399384,26.003760152107827,43130.35447616631,749.9999999999999,506.0400551041822,202.4160220416729,199.2052322001771,2.540294998856623,True
41,24,0.41271186440677965,0.14203389830508475,0.5547457627118644,0.5351108791002855,25.469656514510053,52348.58584040957,749.9999999999999,511.862423518657,204.7449694074628,198.39711438373578,2.5799892559355615,True
41,25,0.4294915254237288,0.14203389830508475,0.5715254237288135,0.5795075127019254,24.967166965685205,63048.38463891153,750.0,517.4764872240878,206.99059488963513,197.76123497587866,2.6166730162622893,True
41,26,0.446271186440678,0.14203389830508475,0.5883050847457627,0.6256732212589133,24.493290943905397,75395.79482964426,749.9999999999998,522.8965373162054,209.15861492648216,197.27942265634874,2.6505376499761253,True
41,27,0.4630508474576271,0.14203389830508475,0.6050847457627119,0.6736080047712492,24.04541203140903,89568.03053157343,750.0000000000001,528.1354177791856,211.25416711167424,196.93581338788604,2.681764218979138,True
41,28,0.47983050847457626,0.14203389830508475,0.621864406779661,0.7233118632389332,23.621236951524796,105753.76514577246,749.9999999999998,533.2047171465333,213.28188685861335,196.71649443260293,2.7105236837636646,True
41,29,0.4966101694915254,0.14203389830508475,0.6386440677966102,0.7747847966619654,23.21874600289777,124153.41687228998,749.9999999999998,538.1149291382369,215.24597165529477,196.60921365485015,2.7369771697622682,True
41,30,0.5133898305084745,0.14203389830508475,0.6554237288135593,0.8280268050403455,22.836152480093343,144979.43079611936,750.0000000000001,542.8755881541639,217.15023526166556,196.60314026619488,2.761276281849447,True
41,31,0.5301694915254237,0.14203389830508475,0.6722033898305084,0.8830378883740738,22.471869216470278,168456.55770153616,750.0,547.4953842363794,218.99815369455177,196.68866647451142,2.783563456145189,True
41,32,0.5469491525423729,0.14203389830508475,0.6889830508474576,0.9398180466631503,22.12448081760785,194822.1297615538,749.9999999999998,551.9822611499101,220.79290445996403,196.85724193512738,2.8039723391624634,True
41,33,0.563728813559322,0.14203389830508475,0.7057627118644068,0.9983672799075749,21.792720475702318,224326.33323809996,750.0,556.3435004924245,222.5374001969698,197.10123471606965,2.822628185428946,True
41,34,0.5805084745762712,0.14203389830508475,0.7225423728813559,1.0586855881073476,21.475450497725927,257232.47831853825,750.0,560.5857941711838,224.23431766847352,197.41381385418129,2.839648265876965,True
41,35,0.5972881355932204,0.14203389830508475,0.7393220338983051,1.1207729712624683,21.171645864211595,293817.2662052016,750.0,564.7153071390313,225.88612285561254,197.78884961527586,2.855142280454502,True
41,36,0.6140677966101695,0.14203389830508475,0.7561016949152543,1.1846294293729371,20.880380276534023,334371.05356652196,749.9999999999998,568.7377319298902,227.49509277195608,198.2208283657145,2.8692127695106664,True
41,37,0.6308474576271186,0.14203389830508475,0.7728813559322033,1.2502549624387536,20.600814259462194,379198.114451053,750.0,572.6583362558576,229.06333450234308,198.70477957647563,2.881955519522158,True
41,38,0.6476271186440677,0.14203389830508475,0.7896610169491525,1.3176495704599187,20.33218497051417,428616.8997590558,750.0,576.4820047058923,230.59280188235695,199.23621295889492,2.89345995963509,True
41,39,0.6644067796610169,0.14203389830508475,0.8064406779661016,1.386813253436432,20.073797434086345,482960.2943603061,749.9999999999999,580.2132754077265,232.08531016309064,199.81106410648533,2.903809546294761,True
41,40,0.6811864406779661,0.14203389830508475,0.8232203389830508,1.457746011368293,19.82501697076836,542575.8719412995,749.9999999999999,583.8563723705596,233.54254894822384,200.42564731390846,2.9130821339252977,True
41,41,0.6979661016949152,0.14203389830508475,0.84,1.5304478442555023,19.585262633911203,607826.1476600114,750.0000000000002,587.4152341089889,234.96609364359557,201.0766144803262,2.921350330206912,True
41,42,0.7147457627118644,0.14203389830508475,0.8567796610169491,1.6049187520980597,19.354001498808348,679088.8286817817,750.0000000000001,590.8935390529732,236.3574156211893,201.76091919354874,2.9286818349897112,True
41,43,0.7315254237288136,0.14203389830508475,0.8735593220338983,1.6811587348959653,19.130743676612212,756757.0626656867,750.0,594.2947281700614,237.71789126802457,202.4757852439277,2.935139762288609,True
41,44,0.7483050847457626,0.14203389830508475,0.8903389830508474,1.7591677926492184,18.91503794673968,841239.6842668615,750.0,597.6220251612737,239.04881006450947,203.21867894063095,2.9407829451340204,True
41,45,0.7650847457627118,0.14203389830508475,0.9071186440677965,1.83894592535782,18.70646791909647,932961.4597166869,750.0000000000006,600.8784545382636,240.35138181530544,203.98728470379623,2.9456662233176982,True
41,46,0.781864406779661,0.14203389830508475,0.9238983050847457,1.92049313302177,18.50464865180182,1032363.3295394161,750.0,604.0668578446031,241.62674313784123,204.7794834887645,2.9498407142810574,True
41,47,0.7986440677966101,0.14203389830508475,0.9406779661016949,2.0038094156410677,18.309223661869748,1139902.6494608207,750.0000000000002,607.1899082465899,242.87596329863595,205.59333366671405,2.953354067554064,True
41,48,0.8154237288135593,0.14203389830508475,0.957457627118644,2.0888947732157135,18.119862276007098,1256053.4295615102,750.0000000000003,610.2501236875164,244.10004947500659,206.42705404244978,2.956250703272761,True
41,49,0.8322033898305085,0.14203389830508475,0.9742372881355932,2.1757492057457077,17.936257276721104,1381306.5717250423,750.0000000000001,613.2498787728281,245.29995150913123,207.2790087370239,2.9585720353905294,True
41,50,0.8489830508474576,0.14203389830508475,0.9910169491525423,2.26437271323105,17.758122805604977,1516170.1054284293,750.0000000000003,616.1914155311579,246.47656621246315,208.1476937020669,2.9603566802577506,True
41,51,0.8657627118644068,0.14203389830508475,1.0077966101694915,2.3547652956717404,17.585192491240562,1661169.421920387,749.9999999999998,619.0768531771809,247.63074127087236,209.03172466559334,2.961640651281872,True
41,52,0.882542372881356,0.14203389830508475,1.0245762711864408,2.4469269530677784,17.41721777382327,1816847.5068305624,749.9999999999999,621.9081969859857,248.7632787943943,209.9298263367582,2.962457540399018,True
41,53,0.899322033898305,0.14203389830508475,1.0413559322033898,2.5408576854191645,17.2539664025364,1983765.1712509235,750.0000000000002,624.6873463747983,249.8749385499193,210.84082272044478,2.9628386870937007,True
41,54,0.9161016949152542,0.14203389830508475,1.058135593220339,2.636557492725899,17.095221085011197,2162501.2813287503,750.0000000000002,627.4161022759819,250.96644091039275,211.76362841243355,2.962813335697187,True
41,55,0.9328813559322033,0.14203389830508475,1.0749152542372882,2.7340263749879816,16.940778271009215,2353652.986408813,749.9999999999998,630.0961738750108,252.03846955000432,212.69724076282372,2.9624087816805478,True
41,56,0.9496610169491525,0.14203389830508475,1.0916949152542372,2.8332643322054123,16.790447054841522,2557835.945760702,749.9999999999999,632.7291847782903,253.09167391131615,213.64073280981404,2.961650507637767,True
41,57,0.9664406779661017,0.14203389830508475,1.1084745762711865,2.934271364378191,16.64404818306516,2775684.5539258653,750.0000000000002,635.3166786680482,254.1266714672193,214.59324689833736,2.960562309628629,True
41,58,0.9832203389830508,0.14203389830508475,1.1252542372881356,3.037047471506318,16.501413155727057,3007852.164717229,749.9999999999999,637.8601244949223,255.14404979796893,215.55398890866059,2.959166414522771,True
41,59,1.0,0.14203389830508475,1.1420338983050848,3.141592653589793,16.362383410908834,3255011.313903274,750.0000000000001,640.3609212530872,256.1443685012349,216.52222302924753,2.957483588955154,True
42,0,0.01,0.1452542372881356,0.15525423728813562,0.0003141592653589793,32.17173611929215,2.258036201536939e-06,28.35177970569392,447.988115900103,179.1952463600412,179.2034644202573,2.4998853529388696,True
42,1,0.026779661016949154,0.1452542372881356,0.17203389830508475,0.0022529939386445163,32.055415783540624,0.0015829689708500283,75.3770669194181,448.94806403746446,179.5792256149858,179.58727211827124,2.4998879861697527,True
42,2,0.043559322033898305,0.1452542372881356,0.18881355932203392,0.0059609035672781455,31.919680906081094,0.03986647327636927,121.57086982485349,450.07397328048063,180.02958931219226,180.03659952701602,2.499902655698311,True
42,3,0.06033898305084746,0.1452542372881356,0.20559322033898306,0.01143788815125987,31.763898917367886,0.34320586882479887,166.76193545427446,451.3738562485438,180.54954249941753,180.53994650322574,2.500132879126997,True
42,4,0.0771186440677966,0.1452542372881356,0.2223728813559322,0.01868394769058968,31.592924355811014,1.7242019012270153,210.84842940215128,452.8100555920588,181.12402223682352,181.11614863491002,2.5001086816660587,True
42,5,0.09389830508474575,0.1452542372881356,0.23915254237288136,0.02769908218526759,31.40583905102949,6.255464046040443,253.69381799999644,454.39315694599674,181.7572627783987,181.75074953033763,2.500089590387906,True
42,6,0.1106779661016949,0.1452542372881356,0.2559322033898305,0.03848329163529359,31.205454571577906,18.24579369330199,295.2252685812551,456.1023651595098,182.44094606380395,182.4501753627016,2.499873536722021,True
42,7,0.12745762711864406,0.1452542372881356,0.27271186440677964,0.051036576040667685,30.98959886253669,45.4780938887629,335.2965372369988,457.95944336935946,183.18377734774378,183.19146362146626,2.49989510600589,True
42,8,0.14423728813559322,0.1452542372881356,0.2894915254237288,0.06535893540138989,30.761452907098487,100.7033553458258,373.87167732625795,459.9404397220801,183.97617588883205,183.98257058478183,2.4999131073132435,True
42,9,0.1610169491525424,0.1452542372881356,0.30627118644067797,0.08145036971746017,30.520776568468698,203.2477991702349,410.8602091010667,462.05078900081133,184.82031560032453,184.81120137331072,2.5001232910525184,True
42,10,0.17779661016949153,0.1452542372881356,0.32305084745762713,0.09931087898887854,30.27210428617207,380.91364435007085,446.3135049289446,464.25375925807185,185.70150370322875,185.69395518081473,2.5001016258499997,True
42,11,0.19457627118644066,0.1452542372881356,0.3398305084745763,0.11894046321564498,30.016558478217608,671.752059977924,480.2230488544804,466.5418438461623,186.61673753846492,186.62747027068096,2.499856227861305,True
42,12,0.21135593220338983,0.1452542372881356,0.35661016949152546,0.14033912239775956,29.751540986919583,1125.3830799553498,512.4655809353324,468.94110814225553,187.57644325690222,187.58523985091858,2.4998827653761118,True
42,13,0.228135593220339,0.1452542372881356,0.37338983050847463,0.16350685653522223,29.480294629778655,1805.4293946089547,543.1102728472499,471.4250578381979,188.57002313527917,188.5771652991513,2.4999053151019,True
42,14,0.24491525423728813,0.1452542372881356,0.39016949152542374,0.18844366562803297,29.202348917083288,2790.0348082196188,572.1142128274697,474.000587315681,189.6002349262724,189.59025928729363,2.5001315420820704,True
42,15,0.26169491525423727,0.1452542372881356,0.40694915254237285,0.2151495496761918,28.922117759105323,4175.628292906271,599.6347519115168,476.62884770691966,190.65153908276787,190.64363785455066,2.5001036125347023,True
42,16,0.27847457627118644,0.1452542372881356,0.423728813559322,0.24362450867969873,28.64021224217126,6076.332291915893,625.7045972917178,479.3053847305495,191.7221538922198,191.7328910376329,2.4998599986502708,True
42,17,0.2952542372881356,0.1452542372881356,0.4405084745762712,0.2738685426385538,28.35388987431767,8621.664035172245,650.2086840471993,482.057943787216,192.82317751488642,192.831294169305,2.4998947700053877,True
42,18,0.31203389830508477,0.1452542372881356,0.45728813559322035,0.30588165155275693,28.06453783846938,11962.161651891574,673.2074235648536,484.87521183663586,193.95008473465435,193.93971782869755,2.5001336356739206,True
42,19,0.3288135593220339,0.1452542372881356,0.4740677966101695,0.33966383542230805,27.776380893226165,16275.474789619282,694.9160881215446,487.71710064869166,195.08684025947667,195.07980520476784,2.500090156112026,True
42,20,0.34559322033898304,0.1452542372881356,0.4908474576271187,0.3752150942472074,27.48903853885223,21755.673734704986,715.3451623022765,490.58770704946267,196.23508281978508,196.24253127803965,2.499905111570284,True
42,21,0.3623728813559322,0.1452542372881356,0.5076271186440678,0.4125354280274548,27.201037293577542,28611.856225536994,734.4427549881832,493.5024645070333,197.40098580281335,197.41108786072743,2.4998720682558466,True
42,22,0.3791525423728813,0.1452542372881356,0.5244067796610169,0.45162483676305026,26.872494362728304,36854.56706181355,750.0000000000002,496.87443375896163,198.74977350358466,198.28485960757158,2.5058616918222247,True
42,23,0.3959322033898305,0.1452542372881356,0.5411864406779661,0.49248332045399384,26.296899903848498,45108.31806988153,750.0,502.9059295500807,201.1623718200323,197.29364310588588,2.5490224704309163,True
42,24,0.41271186440677965,0.1452542372881356,0.5579661016949152,0.5351108791002855,25.756775329016513,54749.298708003116,749.9999999999998,508.71428041796605,203.48571216718642,196.49336324199754,2.588964187006373,True
42,25,0.4294915254237288,0.1452542372881356,0.5747457627118644,0.5795075127019254,25.248621227806424,65939.79165313464,749.9999999999998,514.3153557627469,205.72614230509876,195.86334121249092,2.6258888088954295,True
42,26,0.446271186440678,0.1452542372881356,0.5915254237288136,0.6256732212589133,24.769403213231435,78853.455660479,750.0,519.7233591081007,207.8893436432403,195.38561437481633,2.659987843890563,True
42,27,0.4630508474576271,0.1452542372881356,0.6083050847457627,0.6736080047712492,24.31647537271654,93675.63191124964,750.0000000000001,524.951056682334,209.9804226729336,195.04450141343767,2.691442480450091,True
42,28,0.47983050847457626,0.1452542372881356,0.6250847457627119,0.7233118632389332,23.887518577538653,110603.64639291681,749.9999999999999,530.0099677011412,212.0039870804565,194.82625027248417,2.7204237979218346,True
42,29,0.4966101694915254,0.1452542372881356,0.6418644067796611,0.7747847966619654,23.48049035829891,129847.10850991476,750.0,534.910523858239,213.96420954329562,194.7187506679843,2.7470930355870915,True
42,30,0.5133898305084745,0.1452542372881356,0.6586440677966101,0.8280268050403455,23.093583868076053,151628.20610610984,749.9999999999999,539.6622038587795,215.86488154351184,194.71129748399105,2.7716019092479725,True
42,31,0.5301694915254237,0.1452542372881356,0.6754237288135593,0.8830378883740738,22.725194048138167,176181.99706560042,749.9999999999999,544.2736475730796,217.70945902923188,194.79439462786564,2.7940929645992,True
42,32,0.5469491525423729,0.1452542372881356,0.6922033898305084,0.9398180466631503,22.37388954835786,203756.69764532486,750.0000000000001,548.7527534325129,219.50110137300518,194.95959132985203,2.8146999575110847,True
42,33,0.563728813559322,0.1452542372881356,0.7089830508474576,0.9983672799075749,22.038389280238007,234613.9676813034,750.0,553.1067619560905,221.24270478243622,195.1993446667349,2.833548252430935,True
42,34,0.5805084745762712,0.1452542372881356,0.7257627118644068,1.0586855881073476,21.717542725565217,269029.1927998987,749.9999999999999,557.3423277285351,222.93693109141407,195.50690343948048,2.8507552312650764,True
42,35,0.5972881355932204,0.1452542372881356,0.7425423728813559,1.1207729712624683,21.410313309853045,307291.7637561082,750.0000000000003,561.4655817075063,224.58623268300255,195.87620956004173,2.8664307062537926,True
42,36,0.6140677966101695,0.1452542372881356,0.7593220338983051,1.1846294293729371,21.115764292334443,349705.3530124554,750.0,565.4821853889987,226.1928741555995,196.30181388820722,2.8806773314434966,True
42,37,0.6308474576271186,0.1452542372881356,0.7761016949152542,1.2502549624387536,20.833046734394664,396588.1886644262,750.0,569.3973780836856,227.75895123347425,196.77880406647733,2.893591008365552,True
42,38,0.6476271186440677,0.1452542372881356,0.7928813559322033,1.3176495704599187,20.561389194047155,448273.32581145386,749.9999999999999,573.2160183365563,229.28640733462254,197.3027423739107,2.905261282431889,True
42,39,0.6644067796610169,0.1452542372881356,0.8096610169491525,1.386813253436432,20.30008886124534,505108.9154661809,750.0,576.9426203451852,230.7770481380741,197.86961199108754,2.9157717273492807,True
42,40,0.6811864406779661,0.1452542372881356,0.8264406779661017,1.457746011368293,20.048503901853387,567458.4710889886,750.0000000000002,580.5813860889585,232.23255443558344,198.4757703618026,2.9252003155378286,True
42,41,0.6979661016949152,0.1452542372881356,0.8432203389830508,1.5304478442555023,19.806046820224932,635701.1328295401,750.0000000000001,584.136233765379,233.6544935061516,199.11790857070307,2.933619773120322,True
42,42,0.7147457627118644,0.1452542372881356,0.86,1.6049187520980597,19.572178684006285,710231.9295522717,749.9999999999999,587.6108230346011,235.04432921384046,199.7930158432388,2.9410979185361072,True
42,43,0.7315254237288136,0.1452542372881356,0.8767796610169492,1.6811587348959653,19.34640408184487,791462.038718381,749.9999999999997,591.0085774953787,236.40343099815152,200.49834842516162,2.9476979842354147,True
42,44,0.7483050847457626,0.1452542372881356,0.8935593220338982,1.7591677926492184,19.128266706558982,879819.044192776,749.9999999999998,594.3327047512322,237.7330819004929,201.23140222116893,2.953478921237225,True
42,45,0.7650847457627118,0.1452542372881356,0.9103389830508474,1.83894592535782,18.917345474098994,975747.1920407428,749.9999999999999,597.5862143722825,239.034485748913,201.98988867204207,2.958495686596197,True
42,46,0.781864406779661,0.1452542372881356,0.9271186440677965,1.92049313302177,18.71325110314376,1079707.644375595,750.0000000000005,600.7719340137388,240.30877360549553,202.77171343142504,2.9627995140304058,True
42,47,0.7986440677966101,0.1452542372881356,0.9438983050847457,2.0038094156410677,18.5156230920833,1192178.731315398,750.0000000000002,603.8925239148552,241.5570095659421,203.57495747077968,2.966438168120632,True
42,48,0.8154237288135593,0.1452542372881356,0.9606779661016949,2.0888947732157135,18.32412703995252,1313656.2011039187,749.9999999999998,606.9504899709373,242.7801959883749,204.39786029686084,2.9694561826108257,True
42,49,0.8322033898305085,0.1452542372881356,0.977457627118644,2.1757492057457077,18.138452266003394,1444653.4684481237,749.9999999999998,609.9481955446632,243.9792782178653,205.23880501245162,2.9718950834256628,True
42,50,0.8489830508474576,0.1452542372881356,0.9942372881355932,2.26437271323105,17.9583096893543,1585701.8611220662,750.0,612.8878721607043,245.15514886428173,206.09630498987914,2.973793597079781,True
42,51,0.8657627118644068,0.1452542372881356,1.0110169491525425,2.3547652956717404,17.783429935788618,1737350.8648845833,750.0,615.771629208718,246.3086516834872,206.968991959355,2.9751878451900873,True
42,52,0.882542372881356,0.1452542372881356,1.0277966101694915,2.4469269530677784,17.613561643493124,1900168.3667559964,750.0,618.6014627636569,247.44058510546276,207.85560534157653,2.9761115258214326,True
42,53,0.899322033898305,0.1452542372881356,1.0445762711864406,2.5408576854191645,17.448469943493382,2074740.8966969687,749.9999999999999,621.3792636185786,248.55170544743146,208.7549826771757,2.9765960824010427,True
42,54,0.9161016949152542,0.1452542372881356,1.0613559322033899,2.636557492725899,17.2879350938891,2261673.86773062,750.0000000000001,624.1068246133091,249.64272984532363,209.66605102525256,2.976670860930845,True
42,55,0.9328813559322033,0.1452542372881356,1.078135593220339,2.7340263749879816,17.131751249824926,2461591.814547317,750.0000000000003,626.7858473321579,250.71433893286317,210.58781921995302,2.976363256212354,True
42,56,0.9496610169491525,0.1452542372881356,1.0949152542372882,2.8332643322054123,16.97972535353681,2675138.630629817,750.0,629.4179482351184,251.76717929404737,211.5193708883318,2.975698847777915,True
42,57,0.9664406779661017,0.1452542372881356,1.1116949152542372,2.934271364378191,16.831676130862075,2902977.8039346626,749.9999999999999,632.0046642794049,252.80186571176196,212.45985814498385,2.974701526196639,True
42,58,0.9832203389830508,0.1452542372881356,1.1284745762711865,3.037047471506318,16.687433182351867,3145792.6511645652,750.0000000000001,634.5474580815994,253.81898323263977,213.4084958894238,2.973393610394902,True
42,59,1.0,0.1452542372881356,1.1452542372881356,3.141592653589793,16.546836158623112,3404286.550664644,750.0000000000002,637.0477226649697,254.8190890659879,214.36455664128277,2.971795956600251,True
43,0,0.01,0.14847457627118646,0.15847457627118647,0.0003141592653589793,32.60462755889755,2.382044571864283e-06,28.488299933927433,444.4549504574774,177.781980182991,177.7908589606657,2.4998751513755173,True
43,1,0.026779661016949154,0.14847457627118646,0.1752542372881356,0.0022529939386445163,32.485094127203084,0.0016695647330822894,75.73234071447621,445.42441569747274,178.1697662789891,178.17845907890967,2.4998780323956455,True
43,2,0.043559322033898305,0.14847457627118646,0.19203389830508477,0.0059609035672781455,32.34599857180571,0.0420393416022742,122.13222905509025,446.55841396084696,178.62336558433879,178.63086463136267,2.499895048274001,True
43,3,0.06033898305084746,0.14847457627118646,0.2088135593220339,0.01143788815125987,32.186603601860206,0.3618429290317273,167.51601571909296,447.86574556120644,179.1462982244826,179.13607636510704,2.5001426549523544,True
43,4,0.0771186440677966,0.14847457627118646,0.22559322033898305,0.01868394769058968,32.01210409696364,1.8175471708454598,211.7853288960418,449.3066569266077,179.72266277064307,179.71427855436582,2.50011663258402,True
43,5,0.09389830508474575,0.14847457627118646,0.2423728813559322,0.02769908218526759,31.82141490571013,6.593194297065087,254.80313744009072,450.89296770584116,180.35718708233648,180.35025381373515,2.5000961083843065,True
43,6,0.1106779661016949,0.14847457627118646,0.2591525423728814,0.03848329163529359,31.617494501025245,19.228726103064236,296.4996047857135,452.6030459459398,181.04121837837593,181.0510014269978,2.499864913083264,True
43,7,0.12745762711864406,0.14847457627118646,0.2759322033898305,0.051036576040667685,31.39790277831968,47.92266890530606,336.7248401775165,454.46058247945706,181.78423299178283,181.79237718315406,2.4998880014731992,True
43,8,0.14423728813559322,0.14847457627118646,0.29271186440677965,0.06535893540138989,31.165992033000332,106.1061084211817,375.44602000345895,456.4406358598062,182.5762543439225,182.58302690966582,2.499907267314794,True
43,9,0.1610169491525424,0.14847457627118646,0.3094915254237288,0.08145036971746017,30.921418752927973,214.1318071562708,412.5707778517421,458.5494833312204,183.41979333248818,183.41018344756486,2.5001309889770384,True
43,10,0.17779661016949153,0.14847457627118646,0.326271186440678,0.09931087898887854,30.668979738793674,401.2854382032743,448.1569951044287,460.7487691639382,184.2995076655753,184.29155410516955,2.500107893718249,True
43,11,0.19457627118644066,0.14847457627118646,0.34305084745762715,0.11894046321564498,30.40794010590865,707.4787879802375,482.1386245076685,463.04754240349314,185.21901696139727,185.21247288820928,2.500088331972004,True
43,12,0.21135593220338983,0.14847457627118646,0.3598305084745763,0.14033912239775956,30.14098565942245,1185.474789458006,514.561617978891,465.42466586386456,186.16986634554584,186.17908000363047,2.49987627962706,True
43,13,0.228135593220339,0.14847457627118646,0.3766101694915255,0.16350685653522223,29.865974301613225,1901.778699665475,545.3238198556718,467.90179354056335,187.16071741622534,187.16818712097336,2.4999002273721977,True
43,14,0.24491525423728813,0.14847457627118646,0.3933898305084746,0.18844366562803297,29.584195466970876,2938.850755482655,574.4383257965317,470.4701672604575,188.18806690418302,188.17769618167256,2.5001377783169962,True
43,15,0.26169491525423727,0.14847457627118646,0.4101694915254237,0.2151495496761918,29.30028025951123,4398.33768077124,602.069849356718,473.08959942596283,189.23583977038516,189.22764812750418,2.500108224709259,True
43,16,0.27847457627118644,0.14847457627118646,0.42694915254237287,0.24362450867969873,29.013118421631457,6399.031237387367,628.1775608454808,475.7718514611726,190.30874058446906,190.30241093460592,2.5000831525180374,True
43,17,0.2952542372881356,0.14847457627118646,0.44372881355932203,0.2738685426385538,28.724835577650975,9081.77437663838,652.8588380117546,478.49846448490615,191.39938579396247,191.40768598109696,2.4998915902058485,True
43,18,0.31203389830508477,0.14847457627118646,0.4605084745762712,0.30588165155275693,28.431838735031935,12600.792984024063,675.9580072412678,481.30514188865027,192.5220567554601,192.51159543215635,2.500135853158355,True
43,19,0.3288135593220339,0.14847457627118646,0.47728813559322036,0.33966383542230805,28.14015996275418,17144.99166472788,697.7677416184108,484.1354270015969,193.65417080063878,193.64718606812855,2.5000901734315386,True
43,20,0.34559322033898304,0.14847457627118646,0.49406779661016953,0.3752150942472074,27.849311858258925,22918.817710861935,718.2939307058876,486.9943744032224,194.79774976128897,194.80485898784835,2.4999087647685445,True
43,21,0.3623728813559322,0.14847457627118646,0.5108474576271187,0.4125354280274548,27.557747182977913,30142.482454349254,737.4815472166333,489.89791649262304,195.95916659704923,195.96757959393608,2.499892673613356,True
43,22,0.3791525423728813,0.14847457627118646,0.5276271186440677,0.45162483676305026,27.168747812941227,38506.84016674572,750.0,493.8316329172241,197.53265316688965,196.4298088085684,2.514036112505155,True
43,23,0.3959322033898305,0.14847457627118646,0.5444067796610169,0.49248332045399384,26.586807763582744,47130.62539018152,750.0000000000001,499.8480532719376,199.93922130877505,195.44826435091875,2.557444318740444,True
43,24,0.41271186440677965,0.14847457627118646,0.5611864406779661,0.5351108791002855,26.040728632888587,57203.83286702364,750.0000000000001,505.64243707449333,202.25697482979734,194.65551255934776,2.597627112770978,True
43,25,0.4294915254237288,0.14847457627118646,0.5779661016949152,0.5795075127019254,25.526972431490428,68896.02077151158,750.0000000000001,511.2305568069288,204.49222272277154,194.031105919955,2.634786594567112,True
43,26,0.446271186440678,0.14847457627118646,0.5947457627118644,0.6256732212589133,25.042471320069055,82388.63337129701,749.9999999999999,516.6265302872674,206.65061211490698,193.5572833507349,2.6691143900336516,True
43,27,0.4630508474576271,0.14847457627118646,0.6115254237288136,0.6736080047712492,24.58455021641904,97875.32110946716,749.9999999999999,521.8430476242091,208.73721904968366,193.21854002428623,2.700791795438559,True
43,28,0.47983050847457626,0.14847457627118646,0.6283050847457627,0.7233118632389332,24.150864424786704,115562.25654117703,749.9999999999998,526.8915601558915,210.75662406235662,193.0012790835933,2.729989991038778,True
43,29,0.4966101694915254,0.14847457627118646,0.6450847457627119,0.7747847966619654,23.73934895874895,135668.4463317459,750.0000000000003,531.7824388221796,212.71297552887188,192.89352725452258,2.756870312815079,True
43,30,0.5133898305084745,0.14847457627118646,0.661864406779661,0.8280268050403455,23.348177051959578,158426.039505646,750.0,536.525107761527,214.6100431046108,192.8847008029553,2.7815845711351854,True
43,31,0.5301694915254237,0.14847457627118646,0.6786440677966101,0.8830378883740738,22.975725950857885,184080.63212042264,750.0000000000001,541.1281576757016,216.45126307028065,192.96541152124877,2.8042754056786707,True
43,32,0.5469491525423729,0.14847457627118646,0.6954237288135593,0.9398180466631503,22.6205485255229,212891.56852590016,750.0000000000001,545.5994425572802,218.2397770229121,193.12730481337113,2.8250766668365257,True
43,33,0.563728813559322,0.14847457627118646,0.7122033898305085,0.9983672799075749,22.281349564210064,245132.23935686186,749.9999999999999,549.9461626470519,219.97846505882077,193.3629237239567,2.8441138148704788,True
43,34,0.5805084745762712,0.14847457627118646,0.7289830508474576,1.0586855881073476,21.95696586491915,281090.3763964756,750.0,554.1749359250457,221.66997437001828,193.66559409249737,2.86150432926338,True
43,35,0.5972881355932204,0.14847457627118646,0.7457627118644068,1.1207729712624683,21.64634942553946,321068.3444379486,750.0,558.2918599990815,223.3167439996326,194.0293270284467,2.8773581218329443,True
43,36,0.6140677966101695,0.14847457627118646,0.762542372881356,1.1846294293729371,21.348553178287784,365383.4302630761,750.0000000000001,562.3025659087201,224.92102636348807,194.44873568046918,2.891777948264638,True
43,37,0.6308474576271186,0.14847457627118646,0.779322033898305,1.2502549624387536,21.062718825500273,414368.12884836487,749.9999999999999,566.2122650883008,226.48490603532034,194.91896387381942,2.9048598137164205,True
43,38,0.6476271186440677,0.14847457627118646,0.7961016949152542,1.3176495704599187,20.788066420496065,468370.42690219526,750.0,570.0257905139565,228.01031620558263,195.43562465782358,2.9166933690414947,True
43,39,0.6644067796610169,0.14847457627118646,0.8128813559322033,1.386813253436432,20.523885405161046,527754.0838298864,750.0000000000002,573.747632883812,229.4990531535248,195.99474717274123,2.9273622949605675,True
43,40,0.6811864406779661,0.14847457627118646,0.8296610169491525,1.457746011368293,20.269526869515413,592898.9102175696,750.0,577.3819725385978,230.95278901543912,196.5927305356709,2.9369446721929235,True
43,41,0.6979661016949152,0.14847457627118646,0.8464406779661017,1.5304478442555023,20.024396841118733,664201.0439202735,750.0,580.9327077145555,232.3730830858222,197.22630367629517,2.9455133361320422,True
43,42,0.7147457627118644,0.14847457627118646,0.8632203389830508,1.6049187520980597,19.78795044620499,742073.2238346081,749.9999999999999,584.4034796262523,233.76139185050093,197.89249023843902,2.953136215134336,True
43,43,0.7315254237288136,0.14847457627118646,0.88,1.6811587348959653,19.559686811802734,826945.0614318443,749.9999999999999,587.7976947994988,235.11907791979954,198.58857781270143,2.9598766518882043,True
43,44,0.7483050847457626,0.14847457627118646,0.8967796610169491,1.7591677926492184,19.33914460021187,919263.310122931,750.0000000000001,591.1185450106673,236.44741800426692,199.3120908864564,2.9657937076552683,True
43,45,0.7650847457627118,0.14847457627118646,0.9135593220338982,1.83894592535782,19.1258980851787,1019492.132523099,750.0,594.3690251357244,237.7476100542898,200.06076699624236,2.9709424494353165,True
43,46,0.781864406779661,0.14847457627118646,0.9303389830508474,1.92049313302177,18.919553693784408,1128113.3656800757,750.0,597.5519491681617,239.02077966726472,200.8325356484606,2.9753742203112097,True
43,47,0.7986440677966101,0.14847457627118646,0.9471186440677966,2.0038094156410677,18.719746950100724,1245626.7843265955,749.9999999999998,600.669964628083,240.26798585123322,201.6254996409912,2.979136893387093,True
43,48,0.8154237288135593,0.14847457627118646,0.9638983050847457,2.0888947732157135,18.526139766588543,1372550.3622148319,749.9999999999999,603.7255655537157,241.4902262214863,202.4379184735257,2.982275109851366,True
43,49,0.8322033898305085,0.14847457627118646,0.9806779661016949,2.1757492057457077,18.33841803742725,1509420.531587421,750.0000000000003,606.7211042404687,242.68844169618748,203.26819358033052,2.9848305017808685,True
43,50,0.8489830508474576,0.14847457627118646,0.997457627118644,2.26437271323105,18.156289494788453,1656792.4408371528,749.9999999999999,609.6588018705447,243.8635207482179,204.1148551575091,2.986841900360902,True
43,51,0.8657627118644068,0.14847457627118646,1.0142372881355932,2.3547652956717404,17.979481794763206,1815240.210404903,750.0000000000001,612.5407581573237,245.01630326292948,204.97655038900766,2.988345530231797,True
43,52,0.882542372881356,0.14847457627118646,1.0310169491525425,2.4469269530677784,17.807740804422096,1985357.1869629517,750.0000000000002,615.3689601127434,246.14758404509735,205.85203290268583,2.9893751906917134,True
43,53,0.899322033898305,0.14847457627118646,1.0477966101694915,2.5408576854191645,17.640829065498306,2167756.195928834,750.0000000000001,618.1452900322046,247.25811601288183,206.7401533107067,2.9899624244894665,True
43,54,0.9161016949152542,0.14847457627118646,1.0645762711864406,2.636557492725899,17.478524413566287,2363069.7923527,749.9999999999998,620.87153277981,248.348613111924,207.639850707897,2.990136674935477,True
43,55,0.9328813559322033,0.14847457627118646,1.0813559322033899,2.7340263749879816,17.320618734452246,2571950.5102193123,750.0000000000001,623.5493824466403,249.4197529786561,208.5501450183018,2.989925432043786,True
43,56,0.9496610169491525,0.14847457627118646,1.098135593220339,2.8332643322054123,17.166916842043733,2795071.1102039544,750.0000000000002,626.1804484460816,250.47217937843266,209.47013009425444,2.989354368397641,True
43,57,0.9664406779661017,0.14847457627118646,1.1149152542372882,2.934271364378191,17.01723546373706,3033124.8259200705,750.0000000000001,628.7662611026743,251.50650444106975,210.39896748440506,2.9884474654053563,True
43,58,0.9832203389830508,0.14847457627118646,1.1316949152542373,3.037047471506318,16.871402321529583,3286825.608694483,749.9999999999999,631.3082767844303,252.52331071377213,211.33588079753545,2.9872271305847864,True
43,59,1.0,0.14847457627118646,1.1484745762711865,3.141592653589793,16.729255298280624,3556908.370905041,750.0000000000002,633.8078826228893,253.52315304915575,212.28015059795445,2.985714306483994,True
44,0,0.01,0.15169491525423728,0.1616949152542373,0.0003141592653589793,33.03274615226922,2.5096411612347312e-06,28.620583028704438,441.02049260025206,176.40819704010084,176.41776438654495,2.499864422008784,True
44,1,0.026779661016949154,0.15169491525423728,0.17847457627118643,0.0022529939386445163,32.90998617397147,0.0017586424169359505,76.076336657978,441.9993145783916,176.79972583135665,176.80909211540865,2.4998675650112228,True
44,2,0.043559322033898305,0.15169491525423728,0.1952542372881356,0.0059609035672781455,32.767520429297434,0.04427391929209123,122.67537269412679,443.1412719047964,177.25650876191855,177.26451206005157,2.499887127744296,True
44,3,0.06033898305084746,0.15169491525423728,0.21203389830508473,0.01143788815125987,32.60649482711989,0.38109736371528136,168.26559787275167,444.439842974132,177.7759371896528,177.7823860199469,2.4999093156746506,True
44,4,0.0771186440677966,0.15169491525423728,0.2288135593220339,0.01868394769058968,32.42648217054364,1.913498622717565,212.69054010517613,445.90148545228993,178.360594180916,178.35168564774017,2.5001248731283847,True
44,5,0.09389830508474575,0.15169491525423728,0.24559322033898304,0.02769908218526759,32.2321983587302,6.940290319149096,255.8743331605001,447.4909253733246,178.99637014932986,178.98900572997434,2.500102861336727,True
44,6,0.1106779661016949,0.15169491525423728,0.2623728813559322,0.03848329163529359,32.024761892096265,20.238780679213352,297.72966246834505,449.20179335575125,179.6807173423005,179.6910664096298,2.4998560158340632,True
44,7,0.12745762711864406,0.15169491525423728,0.27915254237288134,0.051036576040667685,31.801450994302293,50.43432104954099,338.1028388413798,451.05975725542675,180.4239029021707,180.43251497177133,2.499880674644451,True
44,8,0.14423728813559322,0.15169491525423728,0.2959322033898305,0.06535893540138989,31.565796356023395,111.656385976305,376.96425059100403,453.03885797576817,181.21554319030727,181.22270166337609,2.499901247567177,True
44,9,0.1610169491525424,0.15169491525423728,0.31271186440677967,0.08145036971746017,31.317345962942852,225.31148669838282,414.21956691718304,455.14623075200063,182.05849230080025,182.04837851308957,2.5001388887365175,True
44,10,0.17779661016949153,0.15169491525423728,0.32949152542372884,0.09931087898887854,31.061169044668382,422.2087939108494,449.9333524598529,457.3418597955143,182.93674391820574,182.9283789072956,2.5001143208473184,True
44,11,0.19457627118644066,0.15169491525423728,0.34627118644067795,0.11894046321564498,30.796393396218026,744.3288514340092,484.0371670843202,459.63582841224354,183.85433136489743,183.84745456858127,2.500093512259012,True
44,12,0.21135593220338983,0.15169491525423728,0.3630508474576271,0.14033912239775956,30.52581308882781,1247.1867375500979,516.5805375264854,462.0064083887316,184.80256335549265,184.81219788862052,2.499869671303654,True
44,13,0.228135593220339,0.15169491525423728,0.3798305084745763,0.16350685653522223,30.247072042143024,2000.721289798929,547.4555290917455,464.47679967100987,185.79071986840395,185.7985193997547,2.499895053908719,True
44,14,0.24491525423728813,0.15169491525423728,0.3966101694915254,0.18844366562803297,29.961495013579146,3091.6647784947936,576.6760458573867,467.0381209992018,186.81524839968074,186.804482842778,2.500144075194809,True
44,15,0.26169491525423727,0.15169491525423728,0.41338983050847455,0.2151495496761918,29.673935654535917,4627.027427332706,604.4142601425789,469.64883701991585,187.85953480796636,187.85105446223022,2.500112859969836,True
44,16,0.27847457627118644,0.15169491525423728,0.4301694915254237,0.24362450867969873,29.383162547123163,6731.7927678611595,630.6258133413006,472.3216066608599,188.92864266434398,188.92211537034316,2.500086375462026,True
44,17,0.2952542372881356,0.15169491525423728,0.4469491525423729,0.2738685426385538,29.091357450881745,9554.246655697914,655.4102497752754,475.0377432085776,190.01509728343103,190.02357325818787,2.499888487851645,True
44,18,0.31203389830508477,0.15169491525423728,0.46372881355932205,0.30588165155275693,28.794759946444536,13256.593437405994,678.6061920090971,477.8339568749029,191.1335827499612,191.1230422463943,2.500137875886693,True
44,19,0.3288135593220339,0.15169491525423728,0.48050847457627116,0.33966383542230805,28.499603433041603,18037.913442822857,700.5134347140448,480.65279336959793,192.2611173478392,192.25419944424164,2.5000899577696813,True
44,20,0.34559322033898304,0.15169491525423728,0.4972881355932203,0.3752150942472074,28.20528808944322,24113.291511127958,721.1330677899182,483.50028857956465,193.40011543182587,193.40685793404543,2.4999128456160813,True
44,21,0.3623728813559322,0.15169491525423728,0.5140677966101694,0.4125354280274548,27.91019700280871,31714.347337653337,740.407159797037,486.39282106223607,194.55712842489444,194.56379264633904,2.499914369711934,True
44,22,0.3791525423728813,0.15169491525423728,0.5308474576271186,0.45162483676305026,27.46180551550704,40195.34314933943,750.0,490.861700856454,196.3446803425816,194.63776595869405,2.521924244448143,True
44,23,0.3959322033898305,0.15169491525423728,0.5476271186440678,0.49248332045399384,26.87358832687551,49197.27643706623,750.0,496.86312181202845,198.7452487248114,193.66552790449182,2.565573373786282,True
44,24,0.41271186440677965,0.15169491525423728,0.5644067796610169,0.5351108791002855,26.321618873353003,59712.18831747098,750.0000000000001,502.6435952719238,201.05743810876953,192.88001059769007,2.6059911222233385,True
44,25,0.4294915254237288,0.15169491525423728,0.5811864406779661,0.5795075127019254,25.802321002787853,71917.07199404207,749.9999999999999,508.218798860766,203.2875195443064,192.26099007849905,2.6433797030446127,True
44,26,0.446271186440678,0.15169491525423728,0.5979661016949153,0.6256732212589133,25.312593784385726,86001.32796209844,750.0000000000001,513.6027664907053,205.44110659628214,191.79090008245748,2.6779308417129797,True
44,27,0.4630508474576271,0.15169491525423728,0.6147457627118644,0.6736080047712492,24.849733280969623,102167.09812622624,750.0,518.8081137295727,207.5232454918291,191.454406364425,2.7098259245182605,True
44,28,0.47983050847457626,0.15169491525423728,0.6315254237288135,0.7233118632389332,24.411369505552152,120629.5955905531,750.0000000000002,523.846225428339,209.53849017133564,191.23806207135553,2.7392362156069088,True
44,29,0.4966101694915254,0.15169491525423728,0.6483050847457628,0.7747847966619654,23.99541519758183,141617.4303377831,749.9999999999999,528.7274130020768,211.49096520083071,191.1300263516833,2.7663231314016934,True
44,30,0.5133898305084745,0.15169491525423728,0.6650847457627118,0.8280268050403455,23.60002388616251,165372.9309947276,749.9999999999999,533.46104711273,213.384418845092,191.1198327880716,2.7912385613285497,True
44,31,0.5301694915254237,0.15169491525423728,0.681864406779661,0.8830378883740738,23.223555313782477,192152.46286600252,750.0000000000001,538.0556702636271,215.22226810545087,191.1981974439712,2.814125224278326,True
44,32,0.5469491525423729,0.15169491525423728,0.6986440677966101,0.9398180466631503,22.864546740947116,222226.74240327964,750.0,542.5190928743842,217.0076371497537,191.35685867475652,2.835117051103392,True
44,33,0.563728813559322,0.15169491525423728,0.7154237288135593,0.9983672799075749,22.521688985014837,255881.1482647754,749.9999999999999,546.8584756824935,218.7433902729974,191.58844261194625,2.8543395845130943,True
44,34,0.5805084745762712,0.15169491525423728,0.7322033898305085,1.0586855881073476,22.193806297021222,293416.0291082688,749.9999999999999,551.0804007586634,220.43216030346537,191.8863495513362,2.8719103888691695,True
44,35,0.5972881355932204,0.15169491525423728,0.7489830508474576,1.1207729712624683,21.879839370503497,335147.00825072447,750.0,555.1909329863867,222.07637319455466,192.2446574800645,2.8879394635138778,True
44,36,0.6140677966101695,0.15169491525423728,0.7657627118644068,1.1846294293729371,21.578830922061936,381405.2853183842,749.9999999999999,559.1956735127546,223.67826940510187,192.65803974711667,2.9025296543386196,True
44,37,0.6308474576271186,0.15169491525423728,0.7825423728813559,1.2502549624387536,21.289913395941635,432537.93500286905,750.0,563.0998064053375,225.239922562135,193.12169447639056,2.915777059289304,True
44,38,0.6476271186440677,0.15169491525423728,0.799322033898305,1.3176495704599187,21.012298432509308,488908.20303127955,750.0,566.9081395327644,226.76325581310576,193.63128378462548,2.9277714243909663,True
44,39,0.6644067796610169,0.15169491525423728,0.8161016949152542,1.386813253436432,20.74526780916332,550895.7994514222,749.9999999999999,570.6251405122064,228.25005620488255,194.18288123003663,2.938596527652824,True
44,40,0.6811864406779661,0.15169491525423728,0.8328813559322034,1.457746011368293,20.488165616408516,618897.1893270424,749.9999999999999,574.2549684260416,229.70198737041665,194.77292620489334,2.948330548887212,True
44,41,0.6979661016949152,0.15169491525423728,0.8496610169491525,1.5304478442555023,20.24039147487691,693325.8809322123,750.0000000000002,577.801501895438,231.12060075817521,195.3981842140425,2.957046424047137,True
44,42,0.7147457627118644,0.15169491525423728,0.8664406779661017,1.6049187520980597,20.001394633481404,774612.7115287906,749.9999999999999,581.2683640050087,232.5073456020035,196.05571216463107,2.964812183166122,True
44,43,0.7315254237288136,0.15169491525423728,0.8832203389830509,1.6811587348959653,19.770668816547296,863206.1308060756,750.0,584.6589444958328,233.86357779833313,196.74282794004307,2.9716912713789307,True
44,44,0.7483050847457626,0.15169491525423728,0.8999999999999999,1.7591677926492184,19.547747710121353,959572.4820573226,749.9999999999999,587.976419580682,235.1905678322728,197.45708365083226,2.977742852823724,True
44,45,0.7650847457627118,0.15169491525423728,0.9167796610169491,1.83894592535782,19.33220099582225,1064196.2811637518,750.0,591.2237696826925,236.489507873077,198.19624205313696,2.983022097483482,True
44,46,0.781864406779661,0.15169491525423728,0.9335593220338982,1.92049313302177,19.12363085542783,1177580.4934528605,749.9999999999999,594.4037953548888,237.76151814195552,198.9582557051301,2.987580451227097,True
44,47,0.7986440677966101,0.15169491525423728,0.9503389830508474,2.0038094156410677,18.921668881563345,1300246.8084944168,750.0,597.5191316013194,239.00765264052777,199.74124849802843,2.991465889466578,True
44,48,0.8154237288135593,0.15169491525423728,0.9671186440677966,2.0888947732157135,18.725973339883502,1432735.9128942483,750.0000000000001,600.5722607897742,240.2289043159097,200.5434992528208,2.9947231549632325,True
44,49,0.8322033898305085,0.15169491525423728,0.9838983050847457,2.1757492057457077,18.536226736442075,1575607.7611429244,750.0,603.5655243200978,241.4262097280391,201.3634271192953,2.9973939804000396,True
44,50,0.8489830508474576,0.15169491525423728,1.000677966101695,2.26437271323105,18.3521336508422,1729441.8445736913,750.0,606.501133190145,242.600453276058,202.1995785518922,2.9995172963948264,True
44,51,0.8657627118644068,0.15169491525423728,1.017457627118644,2.3547652956717404,18.173418801517236,1894837.4584813507,750.0,609.3811775827754,243.75247103311017,203.05061566875415,3.001129425664422,True
44,52,0.882542372881356,0.15169491525423728,1.0342372881355932,2.4469269530677784,17.999825314314208,2072413.9674514127,750.0,612.2076355813879,244.88305423255517,203.9153058271338,3.002264264068426,True
44,53,0.899322033898305,0.15169491525423728,1.0510169491525423,2.5408576854191645,17.83111316960517,2262811.0689465012,749.9999999999999,614.9823811079028,245.99295244316113,204.7925122710008,3.002953449265274,True
44,54,0.9161016949152542,0.15169491525423728,1.0677966101694913,2.636557492725899,17.667057806571624,2466689.0551950014,749.9999999999999,617.7071911654556,247.08287646618226,205.6811857258855,3.0032265177072808,True
44,55,0.9328813559322033,0.15169491525423728,1.0845762711864406,2.7340263749879816,17.507448866200864,2684729.0734247905,750.0000000000001,620.3837524580296,248.15350098321184,206.58035683239035,3.0031110506861016,True
44,56,0.9496610169491525,0.15169491525423728,1.10135593220339,2.8332643322054123,17.35208905699107,2917633.384483131,750.0000000000003,623.0136674506257,249.2054669802503,207.48912932374566,3.002632810119591,True
44,57,0.9664406779661017,0.15169491525423728,1.118135593220339,2.934271364378191,17.20079312945504,3166125.619882065,749.9999999999999,625.5984599260725,250.239383970429,208.40667386477827,3.0018158647452107,True
44,58,0.9832203389830508,0.15169491525423728,1.134915254237288,3.037047471506318,17.053386947300808,3430951.037307,750.0000000000001,628.1395800881032,251.2558320352413,209.33222247992953,3.0006827073568587,True
44,59,1.0,0.15169491525423728,1.1516949152542373,3.141592653589793,16.90970664469916,3712876.7746244427,750.0000000000001,630.6384092546833,252.25536370187334,210.2650635068358,2.999254363691194,True
45,0,0.01,0.15491525423728814,0.16491525423728814,0.0003141592653589793,33.456216937170105,2.6408287241150506e-06,28.748793229979526,437.68025575841347,175.0721023033654,175.08238589655195,2.499853160654427,True
45,1,0.026779661016949154,0.15491525423728814,0.18169491525423728,0.0022529939386445163,33.33021779040287,0.0018502028702817213,76.40949590241266,438.66827674829767,175.46731069931909,175.47737748273406,2.4998565800395554,True
45,2,0.043559322033898305,0.15491525423728814,0.19847457627118645,0.0059609035672781455,33.184372956411465,0.04657020144381919,123.20101885107503,439.8180656592062,175.92722626368248,175.93574890631515,2.499878895524564,True
45,3,0.06033898305084746,0.15491525423728814,0.21525423728813559,0.01143788815125987,33.01987803930666,0.4007941222621808,168.9720496827909,441.1228721645872,176.4491488658349,176.45601378759784,2.4999027389090402,True
45,4,0.0771186440677966,0.15491525423728814,0.23203389830508475,0.01868394769058968,32.83618597184087,2.012054016518838,213.5653317165803,442.5900625277622,177.0360250111049,177.02657884439304,2.5001334004019835,True
45,5,0.09389830508474575,0.15491525423728814,0.2488135593220339,0.02769908218526759,32.638317106430044,7.296741485349117,256.9089443082391,444.18255248841535,177.67302099536616,177.66521461152456,2.5001098468242455,True
45,6,0.1106779661016949,0.15491525423728814,0.265593220338983,0.03848329163529359,32.42539812593889,21.270709440055764,298.8806232336002,445.91031958348987,178.36412783339597,178.35765253399276,2.5000907628480076,True
45,7,0.12745762711864406,0.15491525423728814,0.2823728813559322,0.051036576040667685,32.200371418947995,53.01294852330289,339.4325974150144,447.7524918596911,179.10099674387644,179.1100862895999,2.4998731290639213,True
45,8,0.14423728813559322,0.15491525423728814,0.29915254237288136,0.06535893540138989,31.96099367074163,117.35393532256175,378.42868698017475,449.73063005341555,179.89225202136623,179.89980414241862,2.499895051010639,True
45,9,0.1610169491525424,0.15491525423728814,0.3159322033898305,0.08145036971746017,31.708685753527963,236.7862617454452,415.8091422761146,451.8365540779024,180.73462163116096,180.72399608452724,2.5001469858301046,True
45,10,0.17779661016949153,0.15491525423728814,0.3327118644067797,0.09931087898887854,31.44879940681251,443.6825697997652,451.6453815945017,454.02855315135804,181.61142126054324,181.60263869957015,2.5001209035429763,True
45,11,0.19457627118644066,0.15491525423728814,0.3494915254237288,0.11894046321564498,31.18031887238855,782.14563796343,485.8664790523514,456.31776316689746,182.527105266759,182.51989115701647,2.5000988126512786,True
45,12,0.21135593220338983,0.15491525423728814,0.36627118644067796,0.14033912239775956,30.906149429140733,1310.515377931549,518.525594586101,458.6818555179727,183.47274220718907,183.48280113770852,2.4998629445041023,True
45,13,0.228135593220339,0.15491525423728814,0.38305084745762713,0.16350685653522223,30.62371334897457,2102.2513224723007,549.5088690822807,461.14559411400114,184.45823764560046,184.46636907223373,2.4998897979795154,True
45,14,0.24491525423728813,0.15491525423728814,0.39983050847457624,0.18844366562803297,30.33619762550857,3249.249480582973,578.9007089693727,463.6837523640652,185.47350094562609,185.47998554668413,2.499912597024432,True
45,15,0.26169491525423727,0.15491525423728814,0.4166101694915254,0.2151495496761918,30.043207925695533,4861.683532477401,606.6718552208871,466.3020735878924,186.52082943515697,186.51206221084527,2.500117515513578,True
45,16,0.27847457627118644,0.15491525423728814,0.43338983050847457,0.24362450867969873,29.74886384574644,7073.235593049486,632.9833347920046,468.96548349369544,187.58619339747818,187.5794715171654,2.500089587099516,True
45,17,0.2952542372881356,0.15491525423728814,0.45016949152542374,0.2738685426385538,29.453577585485885,10039.052340861206,657.8671536724859,471.67128804947987,188.66851521979197,188.67715935449783,2.4998854639489028,True
45,18,0.31203389830508477,0.15491525423728814,0.4669491525423729,0.30588165155275693,29.153422634677963,13929.524208683148,681.1563823897302,474.45716256843383,189.78286502737353,189.7722601064272,2.5001397058893167,True
45,19,0.3288135593220339,0.15491525423728814,0.483728813559322,0.33966383542230805,28.85483141883962,18954.18853740139,703.1577328172385,477.2647028393812,190.90588113575248,190.8990460097551,2.500089512312139,True
45,20,0.34559322033898304,0.15491525423728814,0.5005084745762711,0.3752150942472074,28.557086224114826,25339.02546007594,723.867296304241,480.1009483777604,192.04037935110418,192.0467288984914,2.4999173437185878,True
45,21,0.3623728813559322,0.15491525423728814,0.5172881355932204,0.4125354280274548,28.25725415464632,33321.45844661546,743.1586909889163,482.9948217624941,193.19792870499765,193.18937829437553,2.5001106480425785,True
45,22,0.3791525423728813,0.15491525423728814,0.5340677966101695,0.45162483676305026,27.751768711559034,41920.076009594646,750.0,487.96153369201267,195.18461347680508,192.9054060905843,2.5295378889634446,True
45,23,0.3959322033898305,0.15491525423728814,0.5508474576271186,0.49248332045399384,27.15734066632917,51308.27121053576,750.0000000000002,493.94803621511136,197.57921448604455,191.9421276335309,2.5734216990560346,True
45,24,0.41271186440677965,0.15491525423728814,0.5676271186440678,0.5351108791002855,26.59954308811267,62274.36505934521,750.0,499.71466152315617,199.88586460926248,191.163566344692,2.6140685229846974,True
45,25,0.4294915254237288,0.15491525423728814,0.584406779661017,0.5795075127019254,26.07476206494974,75002.9453207263,749.9999999999999,505.27699437041275,202.1107977481651,190.5497144811077,2.651680668986303,True
45,26,0.446271186440678,0.15491525423728814,0.6011864406779661,0.6256732212589133,25.57986392399624,89691.53943288309,750.0,510.64898649955074,204.2595945998203,190.08319419990804,2.686449944451732,True
45,27,0.4630508474576271,0.15491525423728814,0.6179661016949152,0.6736080047712492,25.11211617779411,106550.9629615265,750.0000000000001,515.8431804614728,206.33727218458912,189.74883623631143,2.7185578088028244,True
45,28,0.47983050847457626,0.15491525423728814,0.6347457627118644,0.7233118632389332,24.669123815181912,125805.66354104524,750.0,520.8708959628281,208.34835838513123,189.53333881374493,2.7481755939238197,True
45,29,0.4966101694915254,0.15491525423728814,0.6515254237288135,0.7747847966619654,24.24877753668063,147694.06052802654,749.9999999999999,525.7423860815625,210.296954432625,189.42498915207682,2.7754647812569155,True
45,30,0.5133898305084745,0.15491525423728814,0.6683050847457627,0.8280268050403455,23.849211374911967,172468.8805733547,750.0,530.4669690571488,212.18678762285955,189.4134342949728,2.800577324579072,True
45,31,0.5301694915254237,0.15491525423728814,0.6850847457627118,0.8830378883740738,23.468767753243977,200397.48930234023,750.0000000000002,535.0531401329265,214.02125605317062,189.48949114914083,2.8236560079830713,True
45,32,0.5469491525423729,0.15491525423728814,0.701864406779661,0.9398180466631503,23.10596848743576,231762.21927746348,749.9999999999999,539.5086669935854,215.80346679743417,189.64498796496588,2.8448348294511834,True
45,33,0.563728813559322,0.15491525423728814,0.7186440677966102,0.9983672799075749,22.759490571472664,266860.69440504385,749.9999999999998,543.8406716237798,217.53626864951195,189.87263122824902,2.8642394014649746,True
45,34,0.5805084745762712,0.15491525423728814,0.7354237288135593,1.0586855881073476,22.428145841914198,306006.1509352785,750.0000000000002,548.0557008586879,219.22228034347518,190.16589324186535,2.8819873612227354,True
45,35,0.5972881355932204,0.15491525423728814,0.7522033898305085,1.1207729712624683,22.110863807312395,349527.7551944349,750.0,552.1597874639154,220.8639149855662,190.51891667031748,2.8981887841583607,True
45,36,0.6140677966101695,0.15491525423728814,0.7689830508474577,1.1846294293729371,21.806677076521574,397770.9181783801,749.9999999999999,556.1585032411612,222.46340129646447,190.92643308195616,2.9129465955215705,True
45,37,0.6308474576271186,0.15491525423728814,0.7857627118644067,1.2502549624387536,21.51470893345542,451097.6071279383,750.0,560.0570053858215,224.02280215432862,191.38369311229232,2.926356975759759,True
45,38,0.6476271186440677,0.15491525423728814,0.8025423728813559,1.3176495704599187,21.23416269436377,509886.6541987065,750.0000000000001,563.8600771070762,225.5440308428305,191.886406330379,2.9385097563203844,True
45,39,0.6644067796610169,0.15491525423728814,0.819322033898305,1.386813253436432,20.964312553089673,574534.0623307887,749.9999999999999,567.5721633478207,227.0288653391283,192.43068925012346,2.9494888032650777,True
45,40,0.6811864406779661,0.15491525423728814,0.8361016949152542,1.457746011368293,20.70449567453313,645453.3084174081,750.0000000000001,571.1974023018662,228.4789609207465,193.01302021290658,2.9593723867529573,True
45,41,0.6979661016949152,0.15491525423728814,0.8528813559322034,1.5304478442555023,20.454105340051754,723075.6438653558,750.0000000000001,574.7396533121213,229.8958613248485,193.63020009433714,2.968233535017299,True
45,42,0.7147457627118644,0.15491525423728814,0.8696610169491525,1.6049187520980597,20.21258498329823,807850.3926348188,750.0,578.2025216405241,231.28100865620965,194.27931796939197,2.976140371934072,True
45,43,0.7315254237288136,0.15491525423728814,0.8864406779661017,1.6811587348959653,19.979422982943767,900245.2468410761,750.0000000000001,581.5893805241826,232.63575220967306,194.9577210164365,2.9831564376727093,True
45,44,0.7483050847457626,0.15491525423728814,0.9032203389830508,1.7591677926492184,19.754148101328127,1000746.559995955,750.0,584.90339086917,233.96135634766802,195.6629880591974,2.989340992238189,True
45,45,0.7650847457627118,0.15491525423728814,0.9199999999999999,1.83894592535782,19.536325476432342,1109859.6379627024,749.9999999999999,588.1475188811779,235.2590075524712,196.39290624245933,2.9947493019685396,True
45,46,0.781864406779661,0.15491525423728814,0.9367796610169491,1.92049313302177,19.325553089558692,1228109.0276939494,750.0,591.3245518887178,236.52982075548712,197.1454504165086,2.9994329092526772,True
45,47,0.7986440677966101,0.15491525423728814,0.9535593220338983,2.0038094156410677,19.121458643399567,1356038.8038188599,750.0000000000001,594.4371125781503,237.77484503126013,197.9187648706504,3.0034398858877482,True
45,48,0.8154237288135593,0.15491525423728814,0.9703389830508474,2.0888947732157135,18.92369679531148,1494212.8531421658,750.0000000000001,597.4876718292504,238.99506873170017,198.711147110203,3.0068150706104593,True
45,49,0.8322033898305085,0.15491525423728814,0.9871186440677966,2.1757492057457077,18.7319466989991,1643215.1571146415,750.0000000000003,600.4785603142391,240.19142412569565,199.52103341631164,3.009600291420441,True
45,50,0.8489830508474576,0.15491525423728814,1.0038983050847459,2.26437271323105,18.545909814786228,1803650.072331683,750.0000000000002,603.4119790013947,241.36479160055788,200.3469859655091,3.011834573370001,True
45,51,0.8657627118644068,0.15491525423728814,1.020677966101695,2.3547652956717404,18.365307954468378,1976142.6091139347,750.0000000000002,606.2900086858281,242.51600347433123,201.18768131743235,3.0135543325300738,True
45,52,0.882542372881356,0.15491525423728814,1.037457627118644,2.4469269530677784,18.189881531614592,2161338.7082213904,750.0000000000003,609.1146186542227,243.64584746168907,202.04190010563718,3.01479355685998,True
45,53,0.899322033898305,0.15491525423728814,1.0542372881355933,2.5408576854191645,18.019387992282226,2359905.51574999,750.0000000000001,611.8876745768403,244.75506983073612,202.90851778889484,3.015583974712415,True
45,54,0.9161016949152542,0.15491525423728814,1.0710169491525423,2.636557492725899,17.85360040456418,2572531.6562575274,749.9999999999999,614.6109457085196,245.84437828340785,203.7864963393477,3.015955211698925,True
45,55,0.9328813559322033,0.15491525423728814,1.0877966101694914,2.7340263749879816,17.692306188312983,2799927.5041637584,750.0000000000005,617.2861114704336,246.91444458817347,204.67487676011157,3.015934936625962,True
45,56,0.9496610169491525,0.15491525423728814,1.1045762711864406,2.8332643322054123,17.53530596886901,3042825.453467327,750.0000000000002,619.9147674757951,247.96590699031805,205.57277233873836,3.015548997190703,True
45,57,0.9664406779661017,0.15491525423728814,1.12135593220339,2.934271364378191,17.382412540736276,3301980.1858206685,749.9999999999999,622.4984310552569,248.99937242210277,206.47936255479053,3.0148215461003915,True
45,58,0.9832203389830508,0.15491525423728814,1.138135593220339,3.037047471506318,17.233449928955775,3578168.9370021215,750.0000000000002,625.0385463313165,250.0154185325266,207.3938875699501,3.0137751582505183,True
45,59,1.0,0.15491525423728814,1.154915254237288,3.141592653589793,17.088252537474844,3872191.761822858,750.0,627.5364888854334,251.01459555417338,208.31564323787126,3.0124309395663706,True
46,0,0.01,0.158135593220339,0.168135593220339,0.0003141592653589793,33.87300931576268,2.774904461790228e-06,28.869420833822524,434.44657975211976,173.77863190084793,173.77201554823114,2.5000951872572217,True
46,1,0.026779661016949154,0.158135593220339,0.18491525423728813,0.0022529939386445163,33.74381747874428,0.001943764282690619,76.72272334098177,435.4432774320295,174.17731097281182,174.17084147341518,2.500092861401798,True
46,2,0.043559322033898305,0.158135593220339,0.2016949152542373,0.0059609035672781455,33.596676502982284,0.048928164527700206,123.70984283746607,436.5845990637423,174.63383962549693,174.64289637198115,2.4998703533514335,True
46,3,0.06033898305084746,0.158135593220339,0.21847457627118644,0.01143788815125987,33.428710772314176,0.4210154130798967,169.65542441335003,437.8955270253252,175.15821081013007,175.16550350590123,2.4998959170666426,True
46,4,0.0771186440677966,0.158135593220339,0.2352542372881356,0.01868394769058968,33.241336766539,2.113210353334863,214.41089692722582,439.3681946306707,175.7472778522683,175.7372811222865,2.500142211287183,True
46,5,0.09389830508474575,0.158135593220339,0.2520338983050847,0.02769908218526759,33.03989271598168,7.662534507908171,257.90841840151853,440.96365664442664,176.38546265777066,176.3772038122999,2.500117062257653,True
46,6,0.1106779661016949,0.158135593220339,0.2688135593220339,0.03848329163529359,32.82334976215692,22.334298119540286,300.025023883417,442.692989900571,177.0771959602284,177.07034752907273,2.500096690824455,True
46,7,0.12745762711864406,0.158135593220339,0.28559322033898304,0.051036576040667685,32.59478584172832,55.65843145321064,340.71605690517544,444.53459539353156,177.81383815741265,177.82341442098058,2.499865368354343,True
46,8,0.14423728813559322,0.158135593220339,0.3023728813559322,0.06535893540138989,32.35170566808152,123.19846488774407,379.8415086399268,446.5117609663525,178.60470438654102,178.61265760559314,2.499888680634973,True
46,9,0.1610169491525424,0.158135593220339,0.3191525423728814,0.08145036971746017,32.09755306442688,248.61723684551697,417.3937607450692,448.5997983405982,179.4399193362393,179.44650439374823,2.499908258765876,True
46,10,0.17779661016949153,0.158135593220339,0.33593220338983054,0.09931087898887854,31.831991970605973,465.7054842955356,453.29571943146505,450.80465604875644,180.3218624195026,180.31265650915034,2.500127638160993,True
46,11,0.19457627118644066,0.158135593220339,0.35271186440677965,0.11894046321564498,31.559837245211213,820.9268076845639,487.6294138099487,453.08915226572543,181.23566090629018,181.22810513062467,2.5001042301863174,True
46,12,0.21135593220338983,0.158135593220339,0.3694915254237288,0.14033912239775956,31.28211483469278,1375.4567693937431,520.3998491110857,455.4468117637113,182.17872470548454,182.18921128676618,2.4998561031522177,True
46,13,0.228135593220339,0.158135593220339,0.386271186440678,0.16350685653522223,30.996017755844004,2206.3623330501755,551.4871003550891,457.90397942481525,183.1615917699261,183.1700569612838,2.4998844626750394,True
46,14,0.24491525423728813,0.158135593220339,0.4030508474576271,0.18844366562803297,30.70487250886208,3410.1043799175045,580.9796767421689,460.4346511570449,184.17386046281797,184.18059834620692,2.499908542438109,True
46,15,0.26169491525423727,0.158135593220339,0.41983050847457626,0.2151495496761918,30.408215169529235,5102.290599734689,608.8462730815387,463.0451068445195,185.21804273780782,185.20899054828163,2.5001221888513534,True
46,16,0.27847457627118644,0.158135593220339,0.4366101694915254,0.24362450867969873,30.11033957158937,7423.337411690817,635.2539390179242,465.69927719282117,186.27971087712848,186.2727974942935,2.5000927857278135,True
46,17,0.2952542372881356,0.158135593220339,0.4533898305084746,0.2738685426385538,29.81161228587467,10536.160071738219,660.2335296843751,468.39489153998255,187.35795661599303,187.3667614266277,2.4998825190422296,True
46,18,0.31203389830508477,0.158135593220339,0.47016949152542376,0.30588165155275693,29.507942214054765,14619.542605032444,683.6127178265909,471.17054916892505,188.46821966757003,188.45756459221025,2.5001413458168003,True
46,19,0.3288135593220339,0.158135593220339,0.48694915254237287,0.33966383542230805,29.20595833887368,19893.760096662074,705.7049264997164,473.9669428334365,189.58677713337462,189.5800401537507,2.500088840834964,True
46,20,0.34559322033898304,0.158135593220339,0.5037288135593221,0.3752150942472074,28.903249346350215,26590.16392369479,726.4221219485858,476.8069658572462,190.7227863428985,190.71242514654148,2.5001358222510808,True
46,21,0.3623728813559322,0.158135593220339,0.5205084745762711,0.4125354280274548,28.60337393953627,34984.3029909776,745.9689055494628,479.6575902385186,191.86303609540744,191.87226667268408,2.4998797301788747,True
46,22,0.3791525423728813,0.158135593220339,0.5372881355932203,0.45162483676305026,28.038733406989007,43681.038747511404,749.9999999999999,485.1282171461495,194.0512868584598,191.22964328967254,2.536888156044315,True
46,23,0.3959322033898305,0.158135593220339,0.5540677966101695,0.49248332045399384,27.438158731440645,53463.60971059005,750.0000000000002,491.0998864635063,196.43995458540255,190.27499512947713,2.581000651868764,True
46,24,0.41271186440677965,0.158135593220339,0.5708474576271186,0.5351108791002855,26.87459329699097,64890.36309264628,750.0,496.8527305918054,198.74109223672218,189.50312544770213,2.6218709027515414,True
46,25,0.4294915254237288,0.158135593220339,0.5876271186440678,0.5795075127019254,26.344385822345092,78153.64075156422,750.0000000000001,502.4022433319716,200.96089733278865,188.8942357508029,2.6597012944045653,True
46,26,0.446271186440678,0.158135593220339,0.604406779661017,0.6256732212589133,25.844370231193597,93459.26778365106,750.0,507.76229593323603,203.10491837329442,188.43113054396662,2.6946836993835257,True
46,27,0.4630508474576271,0.158135593220339,0.6211864406779661,0.6736080047712492,25.371785781034976,111026.91561536843,749.9999999999998,512.9453594012931,205.17814376051726,188.09880022327252,2.7269996341945246,True
46,28,0.47983050847457626,0.158135593220339,0.6379661016949152,0.7233118632389332,24.924212695307926,131090.4603926531,750.0,517.9626895959615,207.1850758383846,187.88408340955002,2.7568204831215297,True
46,29,0.4966101694915254,0.158135593220339,0.6547457627118645,0.7747847966619654,24.499519863509864,153898.33690247685,750.0,522.824482406197,209.12979296247883,187.77539126235,2.7843077779863807,True
46,30,0.5133898305084745,0.158135593220339,0.6715254237288135,0.8280268050403455,24.095822023392763,179713.88824152743,750.0000000000002,527.5400046684852,211.01600186739407,187.76248062499505,2.809613522959915,True
46,31,0.5301694915254237,0.158135593220339,0.6883050847457627,0.8830378883740738,23.71144445830102,208815.71142943564,750.0,532.1177052743269,212.84708210973076,187.8362659924833,2.832880554043918,True
46,32,0.5469491525423729,0.158135593220339,0.7050847457627119,0.9398180466631503,23.3448936989611,241497.99914845178,750.0,536.5653099848874,214.626123993955,187.9886626079738,2.854242923701338,True
46,33,0.563728813559322,0.158135593220339,0.721864406779661,0.9983672799075749,22.994833058932347,278070.87777766766,750.0000000000001,540.8899027589716,216.35596110358867,188.2124547167933,2.873826302158688,True
46,34,0.5805084745762712,0.158135593220339,0.7386440677966102,1.0586855881073476,22.660062088675907,318860.74187750433,750.0000000000001,545.0979958492918,218.03919833971673,188.50118430323843,2.891748388022871,True
46,35,0.5972881355932204,0.158135593220339,0.7554237288135593,1.1207729712624683,22.33949922742225,364210.5852690799,749.9999999999998,549.1955904916662,219.6782361966665,188.84905661988455,2.908119321967741,True
46,36,0.6140677966101695,0.158135593220339,0.7722033898305085,1.1846294293729371,22.03216708080362,414480.3288430639,750.0000000000002,553.1882296732191,221.27529186928766,189.25085957346298,2.9230420983027754,True
46,37,0.6308474576271186,0.158135593220339,0.7889830508474576,1.2502549624387536,21.737179867128987,470047.1452235727,749.9999999999998,557.0810441973304,222.83241767893216,189.70189461426617,2.9366129702082384,True
46,38,0.6476271186440677,0.158135593220339,0.8057627118644067,1.3176495704599187,21.453732664610765,531305.780404476,750.0000000000001,560.87879304895,224.35151721958002,190.19791723009394,2.9489218452924537,True
46,39,0.6644067796610169,0.158135593220339,0.8225423728813559,1.386813253436432,21.181092161958006,598668.872467987,750.0,564.5858988919414,225.83435955677658,190.735085502113,2.9600526688923563,True
46,40,0.6811864406779661,0.158135593220339,0.8393220338983051,1.457746011368293,20.918588670083313,672567.2674886653,750.0,568.2064793911452,227.2825917564581,191.3099154617167,2.9700837931991546,True
46,41,0.6979661016949152,0.158135593220339,0.8561016949152542,1.5304478442555023,20.665609196624168,753450.3327197033,749.9999999999999,571.7443749389325,228.69774997557303,191.9192422117053,2.9790883308524307,True
46,42,0.7147457627118644,0.158135593220339,0.8728813559322034,1.6049187520980597,20.42159142010846,841786.2671526928,750.0000000000002,575.203173273726,230.08126930949038,192.56018595472847,2.9871344921164447,True
46,43,0.7315254237288136,0.158135593220339,0.8896610169491526,1.6811587348959653,20.186018428832554,938062.4095368445,750.0000000000001,578.5862314021662,231.4344925608665,193.23012221673972,2.9942859051405324,True
46,44,0.7483050847457626,0.158135593220339,0.9064406779661016,1.7591677926492184,19.958414112345114,1042785.5439388257,750.0000000000002,581.8966951740368,232.75867806961475,193.92665567061718,3.0006019191213382,True
46,45,0.7650847457627118,0.158135593220339,0.9232203389830508,1.83894592535782,19.73833911197515,1156482.2029199507,750.0000000000001,585.1375168071696,234.05500672286786,194.64759706083248,3.0061378904374494,True
46,46,0.781864406779661,0.158135593220339,0.94,1.92049313302177,19.52538725198637,1279698.9684033426,750.0000000000001,588.3114706163233,235.32458824652932,195.39094280852535,3.0109454520255987,True
46,47,0.7986440677966101,0.158135593220339,0.9567796610169491,2.0038094156410677,19.319182385363963,1413002.770299924,750.0,591.4211671638909,236.5684668655564,196.15485694099286,3.01507276642047,True
46,48,0.8154237288135593,0.158135593220339,0.9735593220338983,2.0888947732157135,19.119375598479575,1556981.1829585866,750.0000000000002,594.4690660198968,237.78762640795873,196.9376550431183,3.018564762994367,True
46,49,0.8322033898305085,0.158135593220339,0.9903389830508474,2.1757492057457077,18.925642727355292,1712242.7195025668,750.0000000000001,597.4574872931631,238.98299491726527,197.73778997278913,3.0214633600151988,True
46,50,0.8489830508474576,0.158135593220339,1.0071186440677966,2.26437271323105,18.737682145291956,1879417.1241111185,750.0000000000001,600.3886220738381,240.15544882953523,198.55383911951247,3.02380767219744,True
46,51,0.8657627118644068,0.158135593220339,1.0238983050847459,2.3547652956717404,18.555212787504722,2059155.6623026484,750.0000000000002,603.2645419090859,241.30581676363437,199.38449301664176,3.025634204455078,True
46,52,0.882542372881356,0.158135593220339,1.040677966101695,2.4469269530677784,18.377972383332196,2252131.4092728854,750.0,606.0872074180501,242.43488296722003,200.22854514387683,3.0269770325831327,True
46,53,0.899322033898305,0.158135593220339,1.057457627118644,2.5408576854191645,18.205715870724283,2459039.5363392793,749.9999999999998,608.8584761387933,243.54339045551734,201.08488277889407,3.0278679715982078,True
46,54,0.9161016949152542,0.158135593220339,1.0742372881355933,2.636557492725899,18.038213971204723,2680597.5955402735,749.9999999999998,611.5801096884253,244.63204387537013,201.95247877579746,3.028336732461631,True
46,55,0.9328813559322033,0.158135593220339,1.0910169491525423,2.7340263749879816,17.87525190645989,2917545.802436219,750.0,614.2537803077288,245.70151212309153,202.83038416410406,3.028411067893823,True
46,56,0.9496610169491525,0.158135593220339,1.1077966101694914,2.8332643322054123,17.716628240214252,3170647.3171565547,750.0000000000003,616.8810768530711,246.75243074122847,203.71772147565278,3.028116907967662,True
46,57,0.9664406779661017,0.158135593220339,1.1245762711864407,2.934271364378191,17.562153831190056,3440688.5237358655,750.0000000000002,619.4635102910012,247.78540411640049,204.61367871857152,3.027478486142756,True
46,58,0.9832203389830508,0.158135593220339,1.14135593220339,3.037047471506318,17.411650884774872,3728479.307779828,749.9999999999994,622.0025187445359,248.80100749781437,205.5175039274735,3.02651845637459,True
46,59,1.0,0.158135593220339,1.158135593220339,3.141592653589793,17.264952092584803,4034853.3325002985,749.9999999999995,624.4994721345619,249.79978885382477,206.42850022776193,3.0252580019014976,True
47,0,0.01,0.16135593220338984,0.17135593220338985,0.0003141592653589793,34.28734010606483,2.91318516953043e-06,28.989638134317993,431.2836604156325,172.51346416625302,172.50636125640165,2.5001029369264938,True
47,1,0.026779661016949154,0.16135593220338984,0.188135593220339,0.0022529939386445163,34.15489193578904,0.0020402266058956475,77.03464934931381,432.2892209599203,172.91568838396813,172.9087436136951,2.5001004109180354,True
47,2,0.043559322033898305,0.16135593220338984,0.20491525423728815,0.0059609035672781455,34.00454571176811,0.0513477670656905,124.20248057674254,433.43693802612773,173.3747752104511,173.38438047922477,2.499861503257284,True
47,3,0.06033898305084746,0.16135593220338984,0.2216949152542373,0.01143788815125987,33.833108215053365,0.44176069837175647,170.31660266747093,434.7538751663207,173.9015500665283,173.90928194533777,2.4998888518381106,True
47,4,0.0771186440677966,0.16135593220338984,0.23847457627118646,0.01868394769058968,33.644086160217014,2.2175006463700715,215.25441189262395,436.2161404342782,174.4864561737113,174.49278006226155,2.499909396128768,True
47,5,0.09389830508474575,0.16135593220338984,0.25525423728813557,0.02769908218526759,33.43704104378277,8.037653550122846,258.87411859482665,437.8303072963817,175.13212291855268,175.1234014299888,2.500124504899012,True
47,6,0.1106779661016949,0.16135593220338984,0.27203389830508473,0.03848329163529359,33.216888403483786,23.424832613494978,301.1301691226834,439.5611511942226,175.82446047768906,175.8172306273523,2.5001028034952966,True
47,7,0.12745762711864406,0.16135593220338984,0.2888135593220339,0.051036576040667685,32.98481034899136,58.37063270509216,341.9550448831291,441.4021387268914,176.56085549075658,176.57092736485146,2.4998573961998556,True
47,8,0.14423728813559322,0.16135593220338984,0.30559322033898306,0.06535893540138989,32.73804834935524,129.18964602459837,381.20476755471935,443.37832132125425,177.3513285285017,177.35969001160404,2.499882139466107,True
47,9,0.1610169491525424,0.16135593220338984,0.32237288135593223,0.08145036971746017,32.48021067396739,260.6867053489777,418.87503028063287,445.46412147924394,178.1856485916976,178.1925683460854,2.4999029174665917,True
47,10,0.17779661016949153,0.16135593220338984,0.3391525423728814,0.09931087898887854,32.21086223319254,488.2761228013909,454.8868484367089,447.666236996087,179.0664947984348,179.05686002700958,2.5001345211155797,True
47,11,0.19457627118644066,0.16135593220338984,0.3559322033898305,0.11894046321564498,31.935063601996546,860.6697918750957,489.32865742601336,449.9460629735915,179.97842518943662,179.97052362166173,2.5001097619712365,True
47,12,0.21135593220338983,0.16135593220338984,0.37271186440677967,0.14033912239775956,31.651913885405335,1441.658587120109,522.1431638364533,452.31340394459716,180.92536157783888,180.91893730202014,2.500088772849246,True
47,13,0.228135593220339,0.16135593220338984,0.38949152542372883,0.16350685653522223,31.364099233993343,2313.0472672004234,553.3932918055799,454.74801975412487,181.89920790164996,181.90800854484078,2.4998790509106605,True
47,14,0.24491525423728813,0.16135593220338984,0.40627118644067794,0.18844366562803297,31.069359652160056,3574.9312013981676,582.9826685814546,457.2712993738669,182.90851974954677,182.91551144325265,2.499904440940373,True
47,15,0.26169491525423727,0.16135593220338984,0.4230508474576271,0.2151495496761918,30.769069992398666,5348.831910935635,610.9409380090632,459.8739960836266,183.94959843345066,183.94026325963932,2.5001268777923586,True
47,16,0.27847457627118644,0.16135593220338984,0.4398305084745763,0.24362450867969873,30.467701529719363,7782.074022774038,637.441215154326,462.5190445350078,185.00761781400314,185.00051601900168,2.500095969935034,True
47,17,0.2952542372881356,0.16135593220338984,0.45661016949152544,0.2738685426385538,30.16557245700436,11045.535813829141,662.5131233926368,465.20460766973713,186.08184306789485,186.09080123721958,2.4998796532490433,True
47,18,0.31203389830508477,0.16135593220338984,0.4733898305084746,0.30588165155275693,29.85842873549836,15326.602256336651,685.9790934650266,467.9701683378321,187.18806733513284,187.17737584731822,2.500142798879488,True
47,19,0.3288135593220339,0.16135593220338984,0.4901694915254237,0.33966383542230805,29.55309329625272,20856.56629204144,708.1590530261808,470.7555621737351,188.30222486949404,188.2956008076825,2.5000879476443307,True
47,20,0.34559322033898304,0.16135593220338984,0.5069491525423728,0.3752150942472074,29.247121191119895,27878.33518340049,728.9649835263773,473.58362311259543,189.4334492450382,189.42389469735133,2.500126100084972,True
47,21,0.3623728813559322,0.16135593220338984,0.5237288135593221,0.4125354280274548,28.94402308498595,36680.880672032894,748.5980381028561,476.4222446033582,190.5688978413433,190.57915590239833,2.499865435689878,True
47,22,0.3791525423728813,0.16135593220338984,0.5405084745762712,0.45162483676305026,28.32279074379034,45478.231363089704,750.0000000000001,482.3590115388779,192.94360461555118,189.60760907255798,2.5439855177662802,True
47,23,0.3959322033898305,0.16135593220338984,0.5572881355932203,0.49248332045399384,27.716131711990556,55663.29193722905,750.0000000000001,488.31593654366145,195.32637461746458,188.66127820566962,2.5883209378626306,True
47,24,0.41271186440677965,0.16135593220338984,0.5740677966101695,0.5351108791002855,27.14685685785707,67560.18241737425,750.0,494.05507063477114,197.62202825390847,187.89584880647217,2.6294091847853167,True
47,25,0.4294915254237288,0.16135593220338984,0.5908474576271187,0.5795075127019254,26.61127790936414,81369.15828655576,749.9999999999999,499.59181851015944,199.8367274040638,187.29172500756857,2.6674527050779773,True
47,26,0.446271186440678,0.16135593220338984,0.6076271186440678,0.6256732212589133,26.106196715030084,97304.51301440244,750.0000000000002,504.93997254417366,201.97598901766946,186.83188788867724,2.702643420512024,True
47,27,0.4630508474576271,0.16135593220338984,0.6244067796610169,0.6736080047712492,25.6288245635735,115594.95608775168,750.0000000000002,510.1119336192308,204.04477344769234,186.50148245001725,2.735162889420687,True
47,28,0.47983050847457626,0.16135593220338984,0.6411864406779662,0.7233118632389332,25.176717163941824,136483.9861453772,750.0,515.1188950025253,206.04755800101012,186.28748326190987,2.765182533913439,True
47,29,0.4966101694915254,0.16135593220338984,0.6579661016949152,0.7747847966619654,24.74772181558538,160230.25946113296,750.0,519.9709965044021,207.98839860176088,186.17842149598332,2.7928639222866125,True
47,30,0.5133898305084745,0.16135593220338984,0.6747457627118644,0.8280268050403455,24.339934156870864,187107.9539992455,750.0000000000001,524.6774545447968,209.87098181791873,186.16416031479272,2.8183590958517355,True
47,31,0.5301694915254237,0.16135593220338984,0.6915254237288135,0.8830378883740738,23.95166250477165,217407.12924728892,750.0000000000002,529.246672542522,211.6986690170088,186.23570870752553,2.841810929898944,True
47,32,0.5469491525423729,0.16135593220338984,0.7083050847457627,0.9398180466631503,23.581398259840594,251434.0820162443,750.0000000000001,533.6863351210985,213.4745340484394,186.38506615132832,2.8633535193629305,True
47,33,0.563728813559322,0.16135593220338984,0.7250847457627119,0.9983672799075749,23.227791193813125,289511.6983826463,750.0000000000002,538.0034889179561,215.20139556718246,186.60509218457005,2.883112580796133,True
47,34,0.5805084745762712,0.16135593220338984,0.741864406779661,1.0586855881073476,22.889628695527616,331979.8019349467,750.0000000000002,542.2046122365002,216.8818448946001,186.8893962622991,2.901205863362716,True
47,35,0.5972881355932204,0.16135593220338984,0.7586440677966102,1.1207729712624683,22.565818247040855,379195.49847466045,750.0000000000002,546.2956753532249,218.51827014128995,187.23224423918523,2.9177435626704535,True
47,36,0.6140677966101695,0.16135593220338984,0.7754237288135594,1.1846294293729371,22.25537255210979,431533.51731243497,750.0000000000001,550.282192955848,220.11287718233922,187.6284785723871,2.932828732305416,True
47,37,0.6308474576271186,0.16135593220338984,0.7922033898305084,1.2502549624387536,21.957396855286134,489386.54928977316,750.0000000000002,554.1692699219724,221.66770796878896,188.0734499140818,2.9465576888983285,True
47,38,0.6476271186440677,0.16135593220338984,0.8089830508474576,1.3176495704599187,21.671078080207817,553165.5816485883,749.9999999999999,557.9616414351451,223.18465657405807,188.56295821312128,2.95902040741488,True
47,39,0.6644067796610169,0.16135593220338984,0.8257627118644068,1.386813253436432,21.39567548648755,623300.2298630156,750.0000000000002,561.6637082643928,224.6654833057571,189.0932017981989,2.970300904121359,True
47,40,0.6811864406779661,0.16135593220338984,0.8425423728813559,1.457746011368293,21.13051260049114,700239.0665408149,750.0,565.2795678953162,226.1118271581265,189.6607331939356,2.9804776053317026,True
47,41,0.6979661016949152,0.16135593220338984,0.8593220338983051,1.5304478442555023,20.87497021969759,784449.9474952567,750.0,568.813042088656,227.5252168354624,190.2624206433553,2.9896237005987083,True
47,42,0.7147457627118644,0.16135593220338984,0.8761016949152542,1.6049187520980597,20.628480325817545,876420.3350824114,749.9999999999998,572.2677013505908,228.9070805402363,190.89541448811732,2.9978074794783125,True
47,43,0.7315254237288136,0.16135593220338984,0.8928813559322034,1.6811587348959653,20.390520770371545,976657.6188933812,750.0000000000003,575.6468867237367,230.25875468949468,191.55711770128198,3.00509265138042,True
47,44,0.7483050847457626,0.16135593220338984,0.9096610169491525,1.7591677926492184,20.160610619485396,1085689.4338859343,750.0,578.9537292456754,231.58149169827016,192.2451599836436,3.0115386483328543,True
47,45,0.7650847457627118,0.16135593220338984,0.9264406779661016,1.83894592535782,19.938306063393565,1204063.9760354965,750.0000000000001,582.1911673702906,232.87646694811625,192.9573749294784,3.017200910735174,True
47,46,0.781864406779661,0.16135593220338984,0.9432203389830508,1.92049313302177,19.723196811437845,1332350.3155810386,750.0,585.3619626042683,234.14478504170734,193.6917798452531,3.022131156376041,True
47,47,0.7986440677966101,0.16135593220338984,0.96,2.0038094156410677,19.514902905899238,1471138.7079376108,750.0,588.4687135751951,235.38748543007807,194.44655786886378,3.0263776331389876,True
47,48,0.8154237288135593,0.16135593220338984,0.9767796610169491,2.0888947732157135,19.31307189834363,1621040.9023435083,750.0000000000001,591.5138687175228,236.60554748700912,195.22004208997035,3.029985355934479,True
47,49,0.8322033898305085,0.16135593220338984,0.9935593220338983,2.1757492057457077,19.117376340723364,1782690.4483067053,750.0000000000003,594.499737737233,237.7998950948932,196.010701416073,3.0329963284774184,True
47,50,0.8489830508474576,0.16135593220338984,1.0103389830508474,2.26437271323105,18.927511550592218,1956742.999912005,750.0000000000001,597.4285019945054,238.97140079780218,196.81712796577514,3.035449750584681,True
47,51,0.8657627118644068,0.16135593220338984,1.0271186440677966,2.3547652956717404,18.743193615728813,2143876.618047483,750.0000000000001,600.3022239254163,240.12088957016655,197.63802580156903,3.037382211701138,True
47,52,0.882542372881356,0.16135593220338984,1.043898305084746,2.4469269530677784,18.564157608436435,2344792.070605898,750.0000000000002,603.1228556081069,241.24914224324277,198.4722008404696,3.0388278713797923,True
47,53,0.899322033898305,0.16135593220338984,1.0606779661016947,2.5408576854191645,18.390155983968146,2560213.130714383,750.0000000000001,605.8922465655429,242.35689862621717,199.31855180280215,3.0398186274451193,True
47,54,0.9161016949152542,0.16135593220338984,1.077457627118644,2.636557492725899,18.220957141052608,2790886.8730432354,750.0000000000003,608.6121508855667,243.4448603542267,200.17606207807842,3.0403842725619126,True
47,55,0.9328813559322033,0.16135593220338984,1.0942372881355933,2.7340263749879816,18.05634412548061,3037583.968242169,749.9999999999998,611.2842337291098,244.51369349164395,201.0437924027807,3.040552639916551,True
47,56,0.9496610169491525,0.16135593220338984,1.1110169491525423,2.8332643322054123,17.89611346024777,3301098.975550817,749.9999999999998,613.910077288962,245.56403091558482,201.92087425839205,3.0403497386969502,True
47,57,0.9664406779661017,0.16135593220338984,1.1277966101694914,2.934271364378191,17.740074087906766,3582250.6336276564,750.0000000000001,616.4911862541529,246.5964745016612,202.80650390964607,3.0397998800315142,True
47,58,0.9832203389830508,0.16135593220338984,1.1445762711864407,3.037047471506318,17.588046412627456,3881882.1496401336,750.0,619.0289928286508,247.61159713146031,203.69993701290377,3.038925794019451,True
47,59,1.0,0.16135593220338984,1.16135593220339,3.141592653589793,17.439861431043006,4200861.48665676,749.9999999999997,621.5248613475386,248.60994453901546,204.6004837331851,3.0377487384538897,True
48,0,0.01,0.1645762711864407,0.1745762711864407,0.0003141592653589793,34.697351940327984,3.0550493770790174e-06,29.106205045275043,428.20317154939465,171.28126861975787,171.27366043434913,2.5001110530566906,True
48,1,0.026779661016949154,0.1645762711864407,0.19135593220338984,0.0022529939386445163,34.56163757928454,0.0021391635581004117,77.33687529259669,429.21744339586786,171.68697735834715,171.67953907128174,2.5001083164468176,True
48,2,0.043559322033898305,0.1645762711864407,0.208135593220339,0.0059609035672781455,34.408089903137146,0.05382895028493498,124.67953168246524,430.3713895847961,172.14855583391844,172.15872369713148,2.499852347545993,True
48,3,0.06033898305084746,0.1645762711864407,0.22491525423728814,0.01143788815125987,34.23318022703951,0.4630292968236531,170.95641477750974,431.6942252608623,172.67769010434495,172.68587229806806,2.4998815451198433,True
48,4,0.0771186440677966,0.1645762711864407,0.2416949152542373,0.01868394769058968,34.04062381958575,2.323907567071732,216.0465460299016,433.1609127810308,173.26436511241232,173.27105539870416,2.4999034708036425,True
48,5,0.09389830508474575,0.1645762711864407,0.2584745762711864,0.02769908218526759,33.82987261784815,8.422080333468458,259.8073302393327,434.778814852189,173.9115259408756,173.90233194163125,2.50013217187978,True
48,6,0.1106779661016949,0.1645762711864407,0.2752542372881356,0.03848329163529359,33.60612475037183,24.542254048803745,302.19756603074364,436.51111448245405,174.60444579298164,174.59682649232838,2.5001090984986143,True
48,7,0.12745762711864406,0.1645762711864407,0.29203389830508475,0.051036576040667685,33.36854301018472,61.13464746700957,343.10989224598103,438.36723082301177,175.3468923292047,175.34057344295368,2.5000900944676827,True
48,8,0.14423728813559322,0.1645762711864407,0.3088135593220339,0.06535893540138989,33.12013240477178,135.3271147352624,382.5203981044109,440.32662257774894,176.13064903109958,176.1394256673645,2.4998754305540674,True
48,9,0.1610169491525424,0.1645762711864407,0.3255932203389831,0.08145036971746017,32.85863337846932,273.04958469976066,420.303986488773,442.4101941215537,176.96407764862147,176.9713375858392,2.499897441906176,True
48,10,0.17779661016949153,0.1645762711864407,0.34237288135593225,0.09931087898887854,32.58552041781476,511.39294424205224,456.4211085618861,444.60960533688143,177.84384213475258,177.83377326571943,2.500141548886472,True
48,11,0.19457627118644066,0.1645762711864407,0.35915254237288136,0.11894046321564498,32.306107778654,901.3718044803919,490.9667415680709,446.88480337900364,178.75392135160146,178.74567008059037,2.5001154051872607,True
48,12,0.21135593220338983,0.1645762711864407,0.3759322033898305,0.14033912239775956,32.01936327398371,1509.778675451316,523.8811193308438,449.24651164852634,179.69860465941053,179.6919027639617,2.500093241478132,True
48,13,0.228135593220339,0.1645762711864407,0.3927118644067797,0.16350685653522223,31.72806655926582,2422.2985116292903,555.2303354870476,451.6740200350828,180.66960801403312,180.67874562983502,2.4998735654300392,True
48,14,0.24491525423728813,0.1645762711864407,0.4094915254237288,0.18844366562803297,31.42976719836769,3743.71806780295,584.9127467822162,454.1899997159791,181.67599988639165,181.6832458072958,2.4999002945913924,True
48,15,0.26169491525423727,0.1645762711864407,0.42627118644067796,0.2151495496761918,31.125879871648458,5601.289496902541,612.9590765848784,456.7850413970977,182.7140165588391,182.70440042951168,2.500131580428616,True
48,16,0.27847457627118644,0.1645762711864407,0.44305084745762713,0.24362450867969873,30.821056434210686,8149.419428151992,639.5485449500231,459.42108307853005,183.76843323141202,183.76114610352832,2.500099138583403,True
48,17,0.2952542372881356,0.1645762711864407,0.4598305084745763,0.2738685426385538,30.515563958991876,11567.143004951622,664.7094640186873,462.09673114839296,184.8386924593572,184.8477968571761,2.499876866292516,True
48,18,0.31203389830508477,0.1645762711864407,0.47661016949152546,0.30588165155275693,30.204987238150487,16050.65331569598,688.2591789413203,464.85231247610335,185.94092499044135,185.9302102942053,2.500144068790907,True
48,19,0.3288135593220339,0.1645762711864407,0.49338983050847457,0.33966383542230805,29.896340426602055,21842.54059075583,710.5239158234581,467.6268503831866,187.05074015327466,187.04424316997446,2.5000868375202314,True
48,20,0.34559322033898304,0.1645762711864407,0.5101694915254238,0.3752150942472074,29.587149352270167,29197.5783500913,731.4158782437565,470.44308207081434,188.17723282832574,188.1685170516532,2.5001157974884576,True
48,21,0.3623728813559322,0.1645762711864407,0.5269491525423728,0.4125354280274548,29.258787587100702,38302.707566650744,750.0,473.47510647392784,189.39004258957115,189.17648890475078,2.502822148857619,True
48,22,0.3791525423728813,0.1645762711864407,0.543728813559322,0.45162483676305026,28.60402733820659,47311.6538563295,750.0,479.65133823049746,191.860535292199,188.03663310708296,2.5508398566004207,True
48,23,0.3959322033898305,0.1645762711864407,0.5605084745762712,0.49248332045399384,27.991344368948855,57907.31789045285,750.0000000000001,485.5936109552713,194.23744438210852,187.09832172360896,2.595392660296625,True
48,24,0.41271186440677965,0.1645762711864407,0.5772881355932203,0.5351108791002855,27.41641679073491,70283.82303352913,750.0000000000001,491.31910977832547,196.5276439113302,186.3390934844845,2.636693678126298,True
48,25,0.4294915254237288,0.1645762711864407,0.5940677966101695,0.5795075127019254,26.87551970813303,84649.49792570103,750.0,496.84315208153805,198.73726083261522,185.73954884589028,2.674945401605197,True
48,26,0.446271186440678,0.1645762711864407,0.6108474576271187,0.6256732212589133,26.3654232130017,101227.27512513704,750.0000000000002,502.1794529281362,200.8717811712545,185.28283996811982,2.7103397865368555,True
48,27,0.4630508474576271,0.1645762711864407,0.6276271186440678,0.6736080047712492,25.88331090301487,120255.08437867649,750.0000000000001,507.3403444516963,202.93613778067854,184.9542616436912,2.7430584185676787,True
48,28,0.47983050847457626,0.1645762711864407,0.6444067796610169,0.7233118632389332,25.42671421606213,141986.2407992168,750.0,512.3369585396691,204.93478341586766,184.74092015992878,2.7732727437762192,True
48,29,0.4966101694915254,0.1645762711864407,0.6611864406779662,0.7747847966619654,24.99345907594,166689.8282039959,750.0000000000001,517.1793799980819,206.87175199923277,184.63146296317595,2.8011443537184744,True
48,30,0.5133898305084745,0.1645762711864407,0.6779661016949152,0.8280268050403455,24.58162221129025,194651.07784650914,749.9999999999999,521.8767757851522,208.75071031406088,184.6158562234045,2.826825314254842,True
48,31,0.5301694915254237,0.1645762711864407,0.6947457627118644,0.8830378883740738,24.189495141194538,226171.74275590002,750.0000000000002,526.4375046983853,210.57500187935412,184.68520047980195,2.8504585279747903,True
48,32,0.5469491525423729,0.1645762711864407,0.7115254237288136,0.9398180466631503,23.81555428627753,261570.46788084094,749.9999999999999,530.869210985077,212.3476843940308,184.83157681840518,2.872178120877309,True
48,33,0.563728813559322,0.1645762711864407,0.7283050847457627,0.9983672799075749,23.458436010923595,301183.1562199797,750.0,535.1789046441562,214.0715618576625,185.04791772368364,2.892109844993195,True
48,34,0.5805084745762712,0.1645762711864407,0.7450847457627119,1.0586855881073476,23.11691566311551,345363.331107605,749.9999999999999,539.3730306437624,215.74921225750495,185.3278980179267,2.910371489734314,True
48,35,0.5972881355932204,0.1645762711864407,0.761864406779661,1.1207729712624683,22.789889876543153,394482.4948111748,749.9999999999999,543.4575288545741,217.38301154182966,185.6658422682082,2.9270732958489427,True
48,36,0.6140677966101695,0.1645762711864407,0.7786440677966102,1.1846294293729371,22.47636155141568,448930.4835864937,750.0000000000002,547.4378861650006,218.97515446600025,186.05664578085683,2.9423183669009574,True
48,37,0.6308474576271186,0.1645762711864407,0.7954237288135593,1.2502549624387536,22.17542704763858,509115.81932653784,749.9999999999998,551.3191819796972,220.5276727918789,186.49570687526173,2.956203074146092,True
48,38,0.6476271186440677,0.1645762711864407,0.8122033898305084,1.3176495704599187,21.886265215251793,575466.0579310438,749.9999999999999,555.1061280916755,222.04245123667022,186.97886857433778,2.968817451534531,True
48,39,0.6644067796610169,0.1645762711864407,0.8289830508474576,1.386813253436432,21.60812795854397,648428.1345158746,750.0,558.8031037486445,223.5212414994578,187.50236819860038,2.9802455783212647,True
48,40,0.6811864406779661,0.1645762711864407,0.8457627118644068,1.457746011368293,21.340332086705956,728468.7055738565,750.0000000000001,562.414186597151,224.9656746388604,188.06279362718348,2.9905659474147948,True
48,41,0.6979661016949152,0.1645762711864407,0.8625423728813559,1.5304478442555023,21.082252248726302,816074.4881920145,750.0000000000002,565.9431800766685,226.3772720306674,188.65704520911825,2.9998518181462277,True
48,42,0.7147457627118644,0.1645762711864407,0.8793220338983051,1.6049187520980597,20.83331478606888,911752.5964239783,750.0000000000002,569.3936377447507,227.75745509790028,189.28230248440016,3.0081715526029047,True
48,43,0.7315254237288136,0.1645762711864407,0.8961016949152543,1.6811587348959653,20.592992365480523,1016030.8749106854,750.0000000000001,572.7688849395703,229.10755397582813,189.93599501642757,3.0155889350516816,True
48,44,0.7483050847457626,0.1645762711864407,0.9128813559322033,1.7591677926492184,20.360799277561732,1129458.2298372823,750.0000000000001,576.0720381244332,230.4288152497733,190.6157767525525,3.022163474287126,True
48,45,0.7650847457627118,0.1645762711864407,0.9296610169491525,1.83894592535782,20.136287305652576,1252604.9573093392,750.0,579.3060222076612,231.72240888306447,191.31950342339283,3.027950688987774,True
48,46,0.781864406779661,0.1645762711864407,0.9464406779661017,1.92049313302177,19.919042085034917,1386063.0692270393,750.0000000000001,582.473586088578,232.98943443543124,192.04521256851106,3.0330023763585556,True
48,47,0.7986440677966101,0.1645762711864407,0.9632203389830508,2.0038094156410677,19.708679885126546,1530446.6167319189,749.9999999999999,585.5773166446637,234.2309266578655,192.79110583949083,3.0373668644869385,True
48,48,0.8154237288135593,0.1645762711864407,0.98,2.0888947732157135,19.504844757788884,1686392.0112969324,750.0,588.6196513449631,235.44786053798526,193.5555332839072,3.0410892489525265,True
48,49,0.8322033898305085,0.1645762711864407,0.9967796610169491,2.1757492057457077,19.307206003515955,1854558.3435270523,750.0000000000002,591.6028896495706,236.64115585982825,194.336979357364,3.044211614309796,True
48,50,0.8489830508474576,0.1645762711864407,1.0135593220338983,2.26437271323105,19.11545591445862,2035627.6997343458,750.0,594.5292033336192,237.8116813334477,195.13405044720358,3.0467732411185606,True
48,51,0.8657627118644068,0.1645762711864407,1.0303389830508474,2.3547652956717404,18.92930775923452,2230305.476348449,750.0000000000002,597.4006458560457,238.96025834241829,195.94546372209135,3.0488107992300173,True
48,52,0.882542372881356,0.1645762711864407,1.0471186440677966,2.4469269530677784,18.748493979496466,2439320.6922204145,750.0,600.2191608779125,240.08766435116502,196.77003714741292,3.0503585280529792,True
48,53,0.899322033898305,0.1645762711864407,1.0638983050847457,2.5408576854191645,18.572764572454396,2663426.2988753025,749.9999999999998,602.9865900218446,241.19463600873783,197.60668052818397,3.0514484045282195,True
48,54,0.9161016949152542,0.1645762711864407,1.0806779661016948,2.636557492725899,18.40188563710759,2903399.488766411,750.0000000000005,605.7046799527756,242.28187198111024,198.45438745963045,3.0521102995316136,True
48,55,0.9328813559322033,0.1645762711864407,1.097457627118644,2.7340263749879816,18.235638064958355,3160042.0015816027,750.0000000000001,608.3750888504414,243.35003554017658,199.31222808130917,3.052372123411593,True
48,56,0.9496610169491525,0.1645762711864407,1.1142372881355933,2.8332643322054123,18.073816358538277,3434180.4286501147,750.0000000000002,610.9993923356361,244.39975693425447,200.17934254404562,3.052259961345399,True
48,57,0.9664406779661017,0.1645762711864407,1.1310169491525424,2.934271364378191,17.916227563258374,3726666.515496055,750.0,613.5790889049495,245.4316355619798,201.05493511045736,3.051798199173056,True
48,58,0.9832203389830508,0.1645762711864407,1.1477966101694914,3.037047471506318,17.76269029995719,4038377.4625830296,750.0000000000002,616.1156049223936,246.44624196895745,201.9382688197019,3.0510096403395672,True
48,59,1.0,0.1645762711864407,1.1645762711864407,3.141592653589793,17.6130338871165,4370216.224292229,750.0,618.6102992108234,247.4441196843294,202.8286606555902,3.0499156145454425,True
49,0,0.01,0.16779661016949154,0.17779661016949155,0.0003141592653589793,35.103147589920255,3.2004949713340094e-06,29.2192508869625,425.2016377557517,170.08065510230068,170.0725230422603,2.500119538122545,True
49,1,0.026779661016949154,0.16779661016949154,0.1945762711864407,0.0022529939386445163,34.964157963753294,0.0022405726946742874,77.62974864655945,426.2244716296813,170.48978865187254,170.4818387200591,2.50011658033303,True
49,2,0.043559322033898305,0.16779661016949154,0.21135593220338986,0.0059609035672781455,34.805225973012334,0.056357469494804226,125.12583382128547,427.4007207484057,170.9602882993623,170.95379319839248,2.5000949832824455,True
49,3,0.06033898305084746,0.16779661016949154,0.228135593220339,0.01143788815125987,34.62903169014318,0.4848203891035178,171.57564465319575,428.71310814013185,171.48524325605274,171.49388661682576,2.499873998995773,True
49,4,0.0771186440677966,0.16779661016949154,0.24491525423728816,0.01868394769058968,34.43294595447345,2.432907138718272,216.81269320633632,430.18412760126597,172.0736510405064,172.08071646069916,2.499897353109371,True
49,5,0.09389830508474575,0.16779661016949154,0.26169491525423727,0.02769908218526759,34.21849298790446,8.815794240295626,260.70926681862187,431.8057117843435,172.7222847137374,172.712608647515,2.500140060217638,True
49,6,0.1106779661016949,0.16779661016949154,0.27847457627118644,0.03848329163529359,33.991164526634506,25.686496983944746,303.22863732095027,433.53941281707205,173.41576512682883,173.40774859836688,2.50011557338883,True
49,7,0.12745762711864406,0.16779661016949154,0.2952542372881356,0.051036576040667685,33.74997879906001,63.97826415569237,344.2625608657979,435.3956293941102,174.15825175764408,174.1516055147295,2.5000954088665295,True
49,8,0.14423728813559322,0.16779661016949154,0.31203389830508477,0.06535893540138989,33.498063560077256,141.61047331722065,383.79022600612524,437.3531981839266,174.94127927357067,174.95047768246974,2.4998685569622197,True
49,9,0.1610169491525424,0.16779661016949154,0.32881355932203393,0.08145036971746017,33.232926732850245,285.70503473295827,421.68264874746353,439.4345490490138,175.77381961960555,175.78142500898272,2.499891834569881,True
49,10,0.17779661016949153,0.16779661016949154,0.3455932203389831,0.09931087898887854,32.956071816686205,535.0542872946464,457.9007080553986,441.6312924051049,176.65251696204197,176.6420090217757,2.500148718024728,True
49,11,0.19457627118644066,0.16779661016949154,0.3623728813559322,0.11894046321564498,32.67307470053027,943.0298530575209,492.5460552062007,443.9019035600023,177.56076142400093,177.5521567427173,2.500121157093238,True
49,12,0.21135593220338983,0.16779661016949154,0.3791525423728814,0.14033912239775956,32.38276691316797,1579.4952953632308,525.5563731464084,446.2580369166703,178.50321476666812,178.4962326452649,2.5000977908791087,True
49,13,0.228135593220339,0.16779661016949154,0.39593220338983054,0.16350685653522223,32.08802364843403,2534.107923263351,557.0009600027053,448.67850717395294,179.4714028695812,179.4808788275517,2.4998680088091776,True
49,14,0.24491525423728813,0.16779661016949154,0.41271186440677965,0.18844366562803297,31.786198461914996,3916.4522979241597,586.7728003984731,451.18727686397386,180.47491074558957,180.4824112130027,2.49989610528579,True
49,15,0.26169491525423727,0.16779661016949154,0.4294915254237288,0.2151495496761918,31.47874748657175,5859.644204444188,614.9037326331069,453.7747648911508,181.50990595646033,181.50001093018454,2.5001362951195576,True
49,16,0.27847457627118644,0.16779661016949154,0.446271186440678,0.24362450867969873,31.17050623626776,8525.345929725358,641.5791184358768,456.4019123950844,182.5607649580338,182.55329554949967,2.5001022907928285,True
49,17,0.2952542372881356,0.16779661016949154,0.46305084745762715,0.2738685426385538,30.861687932111842,12100.942693885361,666.8258807630641,459.06777865847715,183.62711146339086,183.6363551641755,2.499874157533017,True
49,18,0.31203389830508477,0.16779661016949154,0.4798305084745763,0.30588165155275693,30.5477180716888,16791.642649101334,690.4564354046757,461.8134959888118,184.72539839552473,184.71467314380988,2.5001451597148767,True
49,19,0.3288135593220339,0.16779661016949154,0.4966101694915254,0.33966383542230805,30.235799217213604,22851.61201348637,712.803102120295,464.5773189699644,185.83092758798577,185.82457122334947,2.500085515663973,True
49,20,0.34559322033898304,0.16779661016949154,0.5133898305084745,0.3752150942472074,29.92343234079368,30547.80194444867,733.7785062766569,467.3818527077634,186.95274108310537,186.94489397421717,2.5001049387966874,True
49,21,0.3623728813559322,0.16779661016949154,0.5301694915254238,0.4125354280274548,29.54366080002527,39816.34621964304,750.0000000000002,470.842190487023,188.3368761948092,187.64436393404054,2.5092263930321415,True
49,22,0.3791525423728813,0.16779661016949154,0.5469491525423729,0.45162483676305026,28.882525589241745,49181.30622723084,750.0,477.0027673506691,190.80110694026766,186.51422598027753,2.557460509211284,True
49,23,0.3959322033898305,0.16779661016949154,0.563728813559322,0.49248332045399384,28.26387733637692,60195.687570261376,750.0,482.93048249905524,193.1721929996221,185.58365045586385,2.602225364749507,True
49,24,0.41271186440677965,0.16779661016949154,0.5805084745762712,0.5351108791002855,27.683352073504405,73061.28494111086,750.0000000000001,488.6424239650116,195.45696958600465,184.83039564793418,2.6437341231243154,True
49,25,0.4294915254237288,0.16779661016949154,0.5972881355932204,0.5795075127019254,27.13718863838113,87994.65966899994,750.0,494.1538235407653,197.66152941630614,184.23525233295612,2.682189305702005,True
49,26,0.446271186440678,0.16779661016949154,0.6140677966101695,0.6256732212589133,26.62212567541387,105227.55411585495,750.0000000000001,499.47832048993877,199.79132819597552,183.7815385187386,2.7177828878552526,True
49,27,0.4630508474576271,0.16779661016949154,0.6308474576271186,0.6736080047712492,26.135319360853956,125007.30048814235,750.0000000000001,504.62817952637596,201.8512718105504,183.45469420678944,2.7506964687290094,True
49,28,0.47983050847457626,0.16779661016949154,0.6476271186440679,0.7233118632389332,25.67427709785555,147597.2243541727,749.9999999999999,509.6144723311892,203.84578893247567,183.2419533699841,2.78110150518984,True
49,29,0.4966101694915254,0.16779661016949154,0.6644067796610169,0.7747847966619654,25.23680364269163,173277.04313106457,749.9999999999999,514.4472297458856,205.77889189835423,183.1320761695667,2.8091595994878893,True
49,30,0.5133898305084745,0.16779661016949154,0.6811864406779661,0.8280268050403455,24.820956998399307,202343.25978331838,750.0000000000001,519.1355701915495,207.6542280766198,183.11512862846268,2.8350228300626448,True
49,31,0.5301694915254237,0.16779661016949154,0.6979661016949152,0.8830378883740738,24.42501204972607,235109.55195526854,749.9999999999999,523.6878086691671,209.47512346766686,183.18230003158052,2.858834115407895,True
49,32,0.5469491525423729,0.16779661016949154,0.7147457627118644,0.9398180466631503,24.047430383224967,271907.1567422421,750.0,528.1115497877789,211.24461991511157,183.3257505735163,2.8807276017451704,True
49,33,0.563728813559322,0.16779661016949154,0.7315254237288136,0.9983672799075749,23.686835086473916,313085.25128966843,750.0000000000002,532.4137675699598,212.9655070279839,183.53848344946357,2.9008290662734897,True
49,34,0.5805084745762712,0.16779661016949154,0.7483050847457627,1.0586855881073476,23.34198958383945,359011.3293954801,750.0000000000001,536.6008742442607,214.6403496977043,183.8142368454536,2.91925632885238,True
49,35,0.5972881355932204,0.16779661016949154,0.7650847457627119,1.1207729712624683,23.011779766272895,410071.5742786245,750.0000000000001,540.678779812749,216.27151192509962,184.1473922411316,2.936119666059445,True
49,36,0.6140677966101695,0.16779661016949154,0.7818644067796611,1.1846294293729371,22.69519882589073,466671.22766523995,750.0000000000003,544.65294385012,217.861177540048,184.53289617165535,2.951522222593176,True
49,37,0.6308474576271186,0.16779661016949154,0.7986440677966101,1.2502549624387536,22.391334324460264,529234.9553338689,750.0000000000002,548.5284207279844,219.41136829119378,184.96619316195464,2.96556041593881,True
49,38,0.6476271186440677,0.16779661016949154,0.8154237288135593,1.3176495704599187,22.099357117034373,598207.2092518427,750.0000000000002,552.3098992481501,220.92395969926008,185.44316798801006,2.978324331063305,True
49,39,0.6644067796610169,0.16779661016949154,0.8322033898305085,1.386813253436432,21.818511824194957,674052.5864265648,750.0,556.0017375002142,222.40069500008568,185.96009576620634,2.9898981026511913,True
49,40,0.6811864406779661,0.16779661016949154,0.8489830508474576,1.457746011368293,21.548108603361655,757256.18458779,750.0,559.607993622623,223.8431974490492,186.5135986456721,3.000360283036168,True
49,41,0.6979661016949152,0.16779661016949154,0.8657627118644068,1.5304478442555023,21.28751601489918,848323.9548099766,750.0,563.1324530356735,225.25298121426943,187.1006080964595,3.0097841945299892,True
49,42,0.7147457627118644,0.16779661016949154,0.882542372881356,1.6049187520980597,21.036154814942545,947783.0511773892,750.0000000000001,566.5786526244908,226.63146104979634,187.71833196101238,3.018238265307859,True
49,43,0.7315254237288136,0.16779661016949154,0.8993220338983051,1.6811587348959653,20.793492535947994,1056182.177588759,750.0000000000001,569.9499022757183,227.97996091028733,188.364225577098,3.0257863483872427,True
49,44,0.7483050847457626,0.16779661016949154,0.9161016949152542,1.7591677926492184,20.559038739488997,1174091.9317928695,750.0000000000002,573.2493041103244,229.29972164412976,189.03596639448193,3.032488023543957,True
49,45,0.7650847457627118,0.16779661016949154,0.9328813559322033,1.83894592535782,20.33234084492028,1302105.146741479,750.0,576.4797697040655,230.59190788162618,189.73143160064274,3.0383988822551666,True
49,46,0.781864406779661,0.16779661016949154,0.9496610169491525,1.92049313302177,20.112980453132064,1440837.2293413435,750.0000000000002,579.644035544767,231.85761421790681,190.44867834708592,3.0435707959515814,True
49,47,0.7986440677966101,0.16779661016949154,0.9664406779661017,2.0038094156410677,19.90057009741452,1590926.496682848,750.0,582.7446769401371,233.09787077605483,191.1859262306134,3.0480521680095607,True
49,48,0.8154237288135593,0.16779661016949154,0.9832203389830508,2.0888947732157135,19.694750364000527,1753034.5098188613,750.0000000000001,585.7841205600497,234.3136482240199,191.94154173591932,3.0518881700241547,True
49,49,0.8322033898305085,0.16779661016949154,1.0,2.1757492057457077,19.49518733358455,1927846.4051636097,750.0000000000001,588.7646557721258,235.50586230885034,192.71402438910738,3.0551209629837612,True
49,50,0.8489830508474576,0.16779661016949154,1.0167796610169493,2.26437271323105,19.3015703023723,2116071.223578138,749.9999999999999,591.6884449081853,236.67537796327412,193.50199440785246,3.0577899040206176,True
49,51,0.8657627118644068,0.16779661016949154,1.0335593220338983,2.3547652956717404,19.113609747270015,2318442.2372055496,750.0,594.5575325811016,237.82301303244063,194.30418166419923,3.0599317394446457,True
49,52,0.882542372881356,0.16779661016949154,1.0503389830508474,2.4469269530677784,18.931035504894133,2535717.274116449,750.0000000000002,597.3738541561994,238.94954166247976,195.11941580151029,3.0615807847840815,True
49,53,0.899322033898305,0.16779661016949154,1.0671186440677967,2.5408576854191645,18.75359513834494,2768679.040822036,750.0000000000001,600.1392434681921,240.05569738727687,195.94661736861178,3.06276909255963,True
49,54,0.9161016949152542,0.16779661016949154,1.0838983050847457,2.636557492725899,18.581052469284337,3018135.4427098134,750.0000000000002,602.8554398633705,241.1421759453482,196.78478985248242,3.06352660851123,True
49,55,0.9328813559322033,0.16779661016949154,1.1006779661016948,2.7340263749879816,18.413186255901987,3284919.9024545224,750.0,605.524094637051,242.20963785482041,197.63301250636968,3.0638813169815697,True
49,56,0.9496610169491525,0.16779661016949154,1.117457627118644,2.8332643322054123,18.249788999938325,3569891.676454433,750.0000000000001,608.1467769279265,243.2587107711706,198.49043388351788,3.0638593761390602,True
49,57,0.9664406779661017,0.16779661016949154,1.1342372881355933,2.934271364378191,18.090665868134796,3873936.169341058,750.0000000000003,610.7249791237127,244.2899916494851,199.35626599806523,3.0634852436975315,True
49,58,0.9832203389830508,0.16779661016949154,1.1510169491525424,3.037047471506318,17.935633715362535,4197965.246608528,750.0,613.2601218262038,245.30404873048153,200.2297790444264,3.062781793761733,True
49,59,1.0,0.16779661016949154,1.1677966101694914,3.141592653589793,17.784520198291737,4542917.54540671,749.9999999999999,615.7535584183914,246.3014233673566,201.11029661492958,3.061770425396909,True
50,0,0.01,0.17101694915254237,0.18101694915254238,0.0003141592653589793,35.50482521267071,3.349518840397857e-06,29.328897901512562,422.2757888419934,168.91031553679738,168.90164114192183,2.500128394176884,True
50,1,0.026779661016949154,0.17101694915254237,0.19779661016949152,0.0022529939386445163,35.36255201605047,0.0023444508990552544,77.91359788311277,423.30703768646316,169.32281507458526,169.31433550702974,2.5001252045128095,True
50,2,0.043559322033898305,0.17101694915254237,0.21457627118644068,0.0059609035672781455,35.20026627854904,0.05895999645274431,125.5723422312673,424.4901344066749,169.79605376266997,169.78918104667923,2.5001011948456955,True
50,3,0.06033898305084746,0.17101694915254237,0.23135593220338982,0.01143788815125987,35.02076283114817,0.5071330231547545,172.17503326940906,425.80725968273094,170.3229038730924,170.3320189716888,2.4998662157201643,True
50,4,0.0771186440677966,0.17101694915254237,0.24813559322033896,0.01868394769058968,34.82115319742106,2.5444938676551025,217.55379848334528,427.2825219626141,170.91300878504566,170.92045784802164,2.4998910448890994,True
50,5,0.09389830508474575,0.17101694915254237,0.2649152542372881,0.02769908218526759,34.603003046452095,9.218772412382606,261.5810753294244,428.9077355341594,171.56309421366376,171.55292683218659,2.5001481668320227,True
50,6,0.1106779661016949,0.17101694915254237,0.2816949152542373,0.03848329163529359,34.3721087996177,26.857489696522872,304.22472764840245,430.6427841944152,172.25711367776609,172.2486923944739,2.5001222256490765,True
50,7,0.12745762711864406,0.17101694915254237,0.29847457627118645,0.051036576040667685,34.1273373383522,66.88797632532597,345.3755785035072,432.4990672268254,172.99962689073016,172.9926471751034,2.5001008672296297,True
50,8,0.14423728813559322,0.17101694915254237,0.3152542372881356,0.06535893540138989,33.87194289454021,148.03929193586828,385.01597642249186,434.4547865002851,173.78191460011405,173.7915411389722,2.499861521757689,True
50,9,0.1610169491525424,0.17101694915254237,0.3320338983050848,0.08145036971746017,33.60319165809118,298.6521525136161,423.01292505705226,436.5339239539253,174.61356958157012,174.62152548258808,2.4998860979338606,True
50,10,0.17779661016949153,0.17101694915254237,0.3488135593220339,0.09931087898887854,33.324696772205506,559.3980027996195,459.3850684021445,438.71168203590963,175.48467281436388,175.49121378607276,2.4999068190998313,True
50,11,0.19457627118644066,0.17101694915254237,0.365593220338983,0.11894046321564498,33.0360646951543,985.6407491941645,494.0688552289475,440.99409853280775,176.3976394131231,176.38867780796272,2.5001270150282853,True
50,12,0.21135593220338983,0.17101694915254237,0.38237288135593217,0.14033912239775956,32.742224698846144,1650.8030385779366,527.1713463198746,443.34471319657416,177.33788527862967,177.33062047020465,2.500102418978823,True
50,13,0.228135593220339,0.17101694915254237,0.39915254237288134,0.16350685653522223,32.444069867858246,2648.4668569820797,558.7077426546273,445.7582130190562,178.30328520762248,178.31310074033524,2.499862383461002,True
50,14,0.24491525423728813,0.17101694915254237,0.4159322033898305,0.18844366562803297,32.138752234994726,4093.1204492944694,588.5655581114005,448.2598604574767,179.30394418299068,179.31169943130462,2.499891874758611,True
50,15,0.26169491525423727,0.17101694915254237,0.43271186440677967,0.2151495496761918,31.827771022214318,6123.875759906582,616.777780782274,450.8398936758446,180.33595747033786,180.32578561902963,2.5001410204768177,True
50,16,0.27847457627118644,0.17101694915254237,0.44949152542372883,0.24362450867969873,31.516148425447103,8909.824221566914,643.5359481435412,453.458257072094,181.3833028288376,181.37565415040817,2.500105425924792,True
50,17,0.2952542372881356,0.17101694915254237,0.466271186440678,0.2738685426385538,31.20404109514806,12646.893671760963,668.8655176331915,456.11447187538045,182.4457887501522,182.4551650482438,2.4998715259980564,True
50,18,0.31203389830508477,0.17101694915254237,0.48305084745762716,0.30588165155275693,30.888521918192364,17553.616081096297,692.6550682185942,458.83477581737014,183.53391032694807,183.54017532568685,2.4999146644770325,True
50,19,0.3288135593220339,0.17101694915254237,0.4998305084745762,0.33966383542230805,30.573328248583795,23889.216555474508,715.0824875090774,461.5881773904757,184.6352709561903,184.64592120546303,2.4998558017257677,True
50,20,0.34559322033898304,0.17101694915254237,0.5166101694915254,0.3752150942472074,30.256064347313043,31928.908854439036,736.0563608489914,464.39664997783404,185.75865999113364,185.75170927551574,2.5000935484745335,True
50,21,0.3623728813559322,0.17101694915254237,0.5333898305084745,0.4125354280274548,29.825813247367115,41359.31596331021,749.9999999999999,468.2659694894789,187.30638779579158,186.1588141208748,2.515411218645973,True
50,22,0.3791525423728813,0.17101694915254237,0.5501694915254237,0.45162483676305026,29.158363960646664,51087.18847579368,749.9999999999998,474.411006670439,189.76440266817562,185.03806376205645,2.5638563062381157,True
50,23,0.3959322033898305,0.17101694915254237,0.5669491525423729,0.49248332045399384,28.533807397374037,62528.40097665475,750.0000000000001,480.3242612006173,192.12970448024691,184.11495373488606,2.60882807972379,True
50,24,0.41271186440677965,0.17101694915254237,0.583728813559322,0.5351108791002855,27.94773791218012,75892.56814011943,749.9999999999999,486.0227259297932,194.40909037191727,183.36745528273983,2.6505397328025304,True
50,25,0.4294915254237288,0.17101694915254237,0.6005084745762712,0.5795075127019254,27.396358422387397,91404.6435164526,750.0000000000001,491.52154872930976,196.6086194917239,182.77654377874993,2.689193802265427,True
50,26,0.446271186440678,0.17101694915254237,0.6172881355932204,0.6256732212589133,26.876376425299078,109305.34998655625,750.0000000000002,496.83429452484927,198.73371780993972,182.32569808899495,2.724982269270345,True
50,27,0.4630508474576271,0.17101694915254237,0.6340677966101694,0.6736080047712492,26.38492093764026,129851.60441614983,750.0000000000001,501.97316189634984,200.78926475853996,182.00049905422608,2.758086733304998,True
50,28,0.47983050847457626,0.17101694915254237,0.6508474576271186,0.7233118632389332,25.91947555738047,153316.93681024428,750.0000000000001,506.94916345426725,202.7796653817069,181.7883044892971,2.7886786494788733,True
50,29,0.4966101694915254,0.17101694915254237,0.6676271186440678,0.7747847966619654,25.477824075435887,179991.90424234018,750.0000000000002,511.7722770823915,204.7089108329566,181.67798387645962,2.816919618782179,True
50,30,0.5133898305084745,0.17101694915254237,0.6844067796610169,0.8280268050403455,25.058005948083277,210184.4998096731,750.0000000000002,516.4515735603098,206.58062942412394,181.65970008418452,2.842961720849349,True
50,31,0.5301694915254237,0.17101694915254237,0.7011864406779661,0.8830378883740738,24.658279584607154,244220.55684539533,750.0000000000001,520.9953248917956,208.39812995671824,181.72472846957407,2.866947879242671,True
50,32,0.5469491525423729,0.17101694915254237,0.7179661016949153,0.9398180466631503,24.277091879166054,282444.1486004474,749.9999999999999,525.4110967631199,210.16443870524796,181.8653059520535,2.8890122500969917,True
50,33,0.563728813559322,0.17101694915254237,0.7347457627118644,0.9983672799075749,23.91305276933554,325217.9835917118,749.9999999999999,529.7058278627562,211.8823311451025,182.07450430642825,2.9092806259753448,True
50,34,0.5805084745762712,0.17101694915254237,0.7515254237288136,1.0586855881073476,23.56491386974592,372923.79679857154,750.0000000000002,533.8858982577033,213.55435930308133,182.3461231724375,2.9278708478645776,True
50,35,0.5972881355932204,0.17101694915254237,0.7683050847457628,1.1207729712624683,23.23155043121162,425962.73687700887,750.0000000000001,537.9571886029421,215.18287544117686,182.67459922644656,2.944893219314422,True
50,36,0.6140677966101695,0.17101694915254237,0.7850847457627119,1.1846294293729371,22.911946030476486,484755.7495486738,750.0000000000003,541.9251316310884,216.7700526524354,183.05492868771805,2.960450917743842,True
50,37,0.6308474576271186,0.17101694915254237,0.801864406779661,1.2502549624387536,22.605179515198802,549743.9573117644,750.0,545.7947571081569,218.31790284326277,183.48260089327883,2.974640398876916,True
50,38,0.6476271186440677,0.17101694915254237,0.8186440677966101,1.3176495704599187,22.310413821802914,621389.0356109835,750.0,549.5707312329523,219.82829249318092,183.95354111284638,2.9875517911113105,True
50,39,0.6644067796610169,0.17101694915254237,0.8354237288135593,1.386813253436432,22.026886356729143,700173.5855950856,750.0,553.257391290206,221.30295651608242,184.46406111856615,2.999269277361264,True
50,40,0.6811864406779661,0.17101694915254237,0.8522033898305085,1.457746011368293,21.753900689155625,786601.5035826163,750.0000000000001,556.8587762322921,222.74351049291687,185.0108162956912,3.009871462554382,True
50,41,0.6979661016949152,0.17101694915254237,0.8689830508474576,1.5304478442555023,21.490819348974405,881198.3473491432,749.9999999999999,560.3786537544115,224.15146150176463,185.59076829631866,3.019431725503165,True
50,42,0.7147457627118644,0.17101694915254237,0.8857627118644068,1.6049187520980597,21.237057560336005,984511.6993426457,750.0,563.8205443382618,225.52821773530474,186.2011524113054,3.028018554325708,True
50,43,0.7315254237288136,0.17101694915254237,0.902542372881356,1.6811587348959653,20.992077770442606,1097111.5269275995,749.9999999999999,567.1877426654019,226.87509706616075,186.8394489749461,3.0356958649640307,True
50,44,0.7483050847457626,0.17101694915254237,0.919322033898305,1.7591677926492184,20.755384857006632,1219590.5397526952,750.0000000000002,570.483336740577,228.1933346962308,187.50335823005005,3.0425233026527683,True
50,45,0.7650847457627118,0.17101694915254237,0.9361016949152542,1.83894592535782,20.526521917076998,1352564.544331919,750.0000000000002,573.710225014731,229.48409000589243,188.19077817324137,3.048556526434015,True
50,46,0.781864406779661,0.17101694915254237,0.9528813559322034,1.92049313302177,20.30506655568389,1496672.7959239495,749.9999999999999,576.8711317553272,230.74845270213086,188.89978497585088,3.053847477005201,True
50,47,0.7986440677966101,0.17101694915254237,0.9696610169491525,2.0038094156410677,20.090627605672903,1652578.3477903996,750.0,579.9686208763737,231.9874483505495,189.6286156380142,3.0584446283333486,True
50,48,0.8154237288135593,0.17101694915254237,0.9864406779661017,2.0888947732157135,19.88284222074784,1820968.3979092888,749.9999999999998,583.0051084109654,233.20204336438616,190.37565258510227,3.0623932235785705,True
50,49,0.8322033898305085,0.17101694915254237,1.0032203389830507,2.1757492057457077,19.681373292555282,2002554.633216376,749.9999999999999,585.9828737841937,234.39314951367749,191.13940995845923,3.06573549594794,True
50,50,0.8489830508474576,0.17101694915254237,1.02,2.26437271323105,19.485907149969414,2198073.5714433733,750.0,588.9040700231675,235.561628009267,191.91852138819561,3.0685108751540713,True
50,51,0.8657627118644068,0.17101694915254237,1.036779661016949,2.3547652956717404,19.29615150484816,2408286.9006187725,750.0,591.7707330229476,236.70829320917906,192.7117290657909,3.0707561801851706,True
50,52,0.882542372881356,0.17101694915254237,1.0535593220338983,2.4469269530677784,19.11183361365177,2633981.816294002,750.0000000000001,594.5847899719103,237.83391598876412,193.5178739595256,3.0725057991091207,True
50,53,0.899322033898305,0.17101694915254237,1.0703389830508474,2.5408576854191645,18.932698628618482,2875971.3565545697,749.9999999999999,597.3480670269872,238.9392268107949,194.3358870371183,3.07379185663682,True
50,54,0.9161016949152542,0.17101694915254237,1.0871186440677965,2.636557492725899,18.758508115823286,3135094.7348734257,750.0000000000002,600.0622963180167,240.0249185272067,195.1647813780389,3.0746443701626758,True
50,55,0.9328813559322033,0.17101694915254237,1.1038983050847457,2.7340263749879816,18.58903872051802,3412217.6708609415,750.0000000000002,602.7291223508022,241.09164894032088,196.00364507339367,3.0750913949845673,True
50,56,0.9496610169491525,0.17101694915254237,1.1206779661016948,2.8332643322054123,18.42408096276104,3708232.7189637795,750.0000000000001,605.3501078701471,242.14004314805885,196.8516348244306,3.0751591593844316,True
50,57,0.9664406779661017,0.17101694915254237,1.137457627118644,2.934271364378191,18.263438148567065,4024059.5951626427,750.0000000000001,607.9267392369426,243.17069569477704,197.70797016198523,3.0748721902251015,True
50,58,0.9832203389830508,0.17101694915254237,1.1542372881355931,3.037047471506318,18.10692538370623,4360645.501716613,750.0,610.4604313671417,244.1841725468567,198.57192821885883,3.074253429690798,True
50,59,1.0,0.17101694915254237,1.1710169491525424,3.141592653589793,17.95436867890876,4718965.450000223,750.0000000000002,612.9525322750172,245.1810129100069,199.44283899547744,3.0733243437680735,True
51,0,0.01,0.17423728813559322,0.18423728813559323,0.0003141592653589793,35.90247864943386,3.502116906043283e-06,29.43526177887452,419.42254429174255,167.76901771669702,167.75978268381658,2.5001376228666476,True
51,1,0.026779661016949154,0.17423728813559322,0.20101694915254237,0.0022529939386445163,35.756914331951585,0.002450794405978598,78.18873387895596,420.4620632034895,168.1848252813958,168.17579824163818,2.5001341905293746,True
51,2,0.043559322033898305,0.17423728813559322,0.21779661016949153,0.0059609035672781455,35.5912739378904,0.06162370225034435,126.00483657891805,421.65187204137203,168.66074881654882,168.65348895378418,2.50010761506936,True
51,3,0.06033898305084746,0.17423728813559322,0.23457627118644067,0.01143788815125987,35.40846951801193,0.529966119296647,172.7552818331403,422.9736053001243,169.18944212004973,169.19903924512326,2.499858197701412,True
51,4,0.0771186440677966,0.17423728813559322,0.2513559322033898,0.01868394769058968,35.205341816773085,2.6586616459082877,218.27075616428954,424.4530224276495,169.7812089710598,169.78904995823652,2.499884548102798,True
51,5,0.09389830508474575,0.17423728813559322,0.268135593220339,0.02769908218526759,34.985689130626746,9.633401495573485,262.4566952592386,426.06566798379066,170.42626719351628,170.43272520393938,2.499905270387254,True
51,6,0.1106779661016949,0.17423728813559322,0.28491525423728814,0.03848329163529359,34.749054274317125,28.055154459026713,305.1871093389013,427.8181560588558,171.12726242354233,171.11842910524794,2.500129052702572,True
51,7,0.12745762711864406,0.17423728813559322,0.3016949152542373,0.051036576040667685,34.50071539566475,69.86358019833297,346.4504002134666,429.6744719227681,171.86978876910723,171.86246966469844,2.5001064674623708,True
51,8,0.14423728813559322,0.17423728813559322,0.31847457627118647,0.06535893540138989,34.24186713312128,154.61311012830825,386.1992813273992,431.62831531407727,172.65132612563093,172.6613868972561,2.499854328002833,True
51,9,0.1610169491525424,0.17423728813559322,0.33525423728813564,0.08145036971746017,33.96952473203628,311.88997536151413,424.29662019093763,433.70524596009176,173.4820983840367,173.49040965315533,2.4998802344588493,True
51,10,0.17779661016949153,0.17423728813559322,0.35203389830508475,0.09931087898887854,33.687455203650174,584.1560864722144,460.7644074673057,435.8796834650338,174.35187338601352,174.35870289573148,2.4999020767302613,True
51,11,0.19457627118644066,0.17423728813559322,0.36881355932203386,0.11894046321564498,33.39517377967001,1029.201118436237,495.53727608997707,438.1583127861119,175.26332511444477,175.25400325491452,2.500132976413621,True
51,12,0.21135593220338983,0.17423728813559322,0.385593220338983,0.14033912239775956,33.09783223657872,1723.6961932090016,528.728328336248,440.503463427268,176.20138537090722,176.19383555045988,2.500107123788181,True
51,13,0.228135593220339,0.17423728813559322,0.4023728813559322,0.16350685653522223,32.79630031720814,2765.366191994934,560.3531204850282,442.91005891165344,177.1640235646614,177.17417978108924,2.49985669164039,True
51,14,0.24491525423728813,0.17423728813559322,0.41915254237288135,0.18844366562803297,32.48752306913943,4273.708358790998,590.2935999252829,445.4046696548745,178.16186786194982,178.16987805243704,2.499887604591545,True
51,15,0.26169491525423727,0.17423728813559322,0.4359322033898305,0.2151495496761918,32.17304444869852,6393.962829508221,618.5839387934762,447.97734443226864,179.19093777290746,179.18049116687914,2.500145755349261,True
51,16,0.27847457627118644,0.17423728813559322,0.4527118644067797,0.24362450867969873,31.85807630663045,9302.82347732359,645.4218820320089,450.587031290325,180.23481251613,180.22698752411506,2.500108543566677,True
51,17,0.2952542372881356,0.17423728813559322,0.46949152542372885,0.2738685426385538,31.542716019726374,13204.952596674393,670.8313469237613,453.2337220598594,181.2934888239438,181.30299124653638,2.499868970410702,True
51,18,0.31203389830508477,0.17423728813559322,0.486271186440678,0.30588165155275693,31.223910085023498,18328.513284462755,694.6969456761906,455.9443547671508,182.37774190686034,182.384019409262,2.499913952132127,True
51,19,0.3288135593220339,0.17423728813559322,0.5030508474576271,0.33966383542230805,30.905468503791607,24944.359508928053,717.1985761677679,458.68776052633905,183.47510421053562,183.48543624716118,2.4998592253854466,True
51,20,0.34559322033898304,0.17423728813559322,0.5198305084745762,0.3752150942472074,30.586850429080048,33348.274991413906,738.3355338164478,461.4693066621897,184.58772266487588,184.5980725650039,2.4998598319583705,True
51,21,0.3623728813559322,0.17423728813559322,0.5366101694915254,0.4125354280274548,30.105321427725872,42931.61679765248,750.0000000000001,465.74427740271193,186.2977109610848,184.7176520013385,2.5213847856800227,True
51,22,0.3791525423728813,0.17423728813559322,0.5533898305084746,0.45162483676305026,29.431617239116722,53029.30060201808,750.0,471.87389149196514,188.74955659678608,183.60597414770186,2.5700356084947766,True
51,23,0.3959322033898305,0.17423728813559322,0.5701694915254237,0.49248332045399384,28.80120773674454,64905.45810963283,750.0000000000001,477.77278424602304,191.10911369840923,182.69007167194889,2.6152093535982917,True
51,24,0.41271186440677965,0.17423728813559322,0.5869491525423729,0.5351108791002855,28.209645988388786,78777.67263055491,749.9999999999999,483.4578551819542,193.38314207278168,181.9481224747357,2.657119230505302,True
51,25,0.4294915254237288,0.17423728813559322,0.6037288135593221,0.5795075127019254,27.65309932757541,94879.44946805881,750.0,488.94416986398426,195.5776679455937,181.36128106393417,2.6959677776626414,True
51,26,0.446271186440678,0.17423728813559322,0.6205084745762712,0.6256732212589133,27.12824439640747,113460.66273724074,750.0,494.2452202939318,197.69808811757275,180.91318240279085,2.7319469688700107,True
51,27,0.4630508474576271,0.17423728813559322,0.6372881355932203,0.6736080047712492,26.632183306616586,134787.99616269875,750.0000000000002,499.3731401623055,199.7492560649222,180.58954400139993,2.765238391423339,True
51,28,0.47983050847457626,0.17423728813559322,0.6540677966101694,0.7233118632389332,26.16237607408427,159145.37816743183,750.0,504.3388841085213,201.73555364340854,180.37784384882823,2.7960134867295543,True
51,29,0.4966101694915254,0.17423728813559322,0.6708474576271186,0.7747847966619654,25.716585720852347,186834.41153782175,750.0000000000001,509.15237803388646,203.6609512135546,180.26705750970925,2.824433843141104,True
51,30,0.5133898305084745,0.17423728813559322,0.6876271186440678,0.8280268050403455,25.292833330253178,218174.79792557328,750.0000000000001,513.8226459444022,205.5290583777609,180.24744182826052,2.850651530655129,True
51,31,0.5301694915254237,0.17423728813559322,0.704406779661017,0.8830378883740738,24.889360990512465,253504.7574262795,749.9999999999999,518.3579176215198,207.34316704860794,180.31035568260808,2.874809467593537,True
51,32,0.5469491525423729,0.17423728813559322,0.7211864406779661,0.9398180466631503,24.504601041087973,293181.4434554574,750.0000000000002,522.7657205226576,209.10628820906305,180.44811044239023,2.89704181019704,True
51,33,0.563728813559322,0.17423728813559322,0.7379661016949153,0.9983672799075749,24.137150392791625,337581.35312611057,750.0000000000002,527.0529586253438,210.8211834501375,180.65384442848068,2.91747435706523,True
51,34,0.5805084745762712,0.17423728813559322,0.7547457627118644,1.0586855881073476,23.785748961195594,387100.7333168786,749.9999999999999,531.2259803961085,212.49039215844343,180.92141691175866,2.9362249614439233,True
51,35,0.5972881355932204,0.17423728813559322,0.7715254237288136,1.1207729712624683,23.449261456694348,442155.9826063278,750.0,535.2906376492933,214.11625505971733,181.24531812804503,2.9534039454256393,True
51,36,0.6140677966101695,0.17423728813559322,0.7883050847457628,1.1846294293729371,23.12666193077207,503184.0492367948,750.0,539.2523367336286,215.70093469345144,181.6205925067464,2.9691145111400172,True
51,37,0.6308474576271186,0.17423728813559322,0.8050847457627118,1.2502549624387536,22.817020598644667,570642.8252602256,750.0000000000001,543.1160832249786,217.24643328999147,182.042772867387,2.9834531449409605,True
51,38,0.6476271186440677,0.17423728813559322,0.821864406779661,1.3176495704599187,22.519492552319456,645011.5370084676,750.0,546.8865210966134,218.75460843864536,182.50782377180536,2.9965100114305283,True
51,39,0.6644067796610169,0.17423728813559322,0.8386440677966102,1.386813253436432,22.233308051704448,726791.1320214373,749.9999999999999,550.5679671720249,220.22718686880995,183.01209256005524,3.008369334891663,True
51,40,0.6811864406779661,0.17423728813559322,0.8554237288135593,1.457746011368293,21.957764139479742,816504.6625583348,750.0000000000002,554.1644415309146,221.66577661236585,183.55226686704015,3.0191097663333952,True
51,41,0.6979661016949152,0.17423728813559322,0.8722033898305085,1.5304478442555023,21.692217371580913,914697.665809516,750.0,557.6796944297166,223.07187777188665,184.12533763097835,3.028804734888857,True
51,42,0.7147457627118644,0.17423728813559322,0.8889830508474577,1.6049187520980597,21.436077492018427,1021938.5409197487,750.0000000000001,561.1172302087306,224.44689208349223,184.72856677627166,3.037522782755688,True
51,43,0.7315254237288136,0.17423728813559322,0.9057627118644068,1.6811587348959653,21.18880191039825,1138818.92292721,750.0,564.4803285845984,225.79213143383936,185.3594588915776,3.0453278832389135,True
51,44,0.7483050847457626,0.17423728813559322,0.9225423728813559,1.7591677926492184,20.94989086446779,1265954.053716759,750.0,567.7720636663003,227.1088254665201,186.01573633592503,3.0522797417577783,True
51,45,0.7650847457627118,0.17423728813559322,0.939322033898305,1.83894592535782,20.71888316947781,1403983.1500806536,750.0000000000001,570.9953209826176,228.39812839304705,186.69531729708498,3.0584340799185807,True
51,46,0.781864406779661,0.17423728813559322,0.9561016949152542,1.92049313302177,20.495352472046743,1553569.7689748607,749.9999999999999,574.1528127671828,229.66112510687313,187.39629640127302,3.0638429029448124,True
51,47,0.7986440677966101,0.17423728813559322,0.9728813559322034,2.0038094156410677,20.278903939255283,1715402.1700545733,749.9999999999999,577.2470917122185,230.89883668488744,188.11692753494393,3.0685547509008257,True
51,48,0.8154237288135593,0.17423728813559322,0.9896610169491525,2.0888947732157135,20.069171324447037,1890193.6755682218,750.0000000000001,580.2805633726724,232.11222534906898,188.85560859049744,3.072614934253375,True
51,49,0.8322033898305085,0.17423728813559322,1.0064406779661017,2.1757492057457077,19.865814360107713,2078683.02768536,750.0000000000002,583.2554973776545,233.3021989510618,189.6108678901617,3.0760657543929617,True
51,50,0.8489830508474576,0.17423728813559322,1.0232203389830508,2.26437271323105,19.668516435589087,2281634.7433300605,749.9999999999999,586.1740375850935,234.46961503403742,190.38135207777952,3.0789467097891734,True
51,51,0.8657627118644068,0.17423728813559322,1.04,2.3547652956717404,19.476982523614208,2499839.4665881335,750.0000000000001,589.0382112977117,235.61528451908467,191.16581529795673,3.0812946884861145,True
51,52,0.882542372881356,0.17423728813559322,1.056779661016949,2.4469269530677784,19.290937324667677,2734114.3187530623,750.0,591.849937643215,236.739975057286,191.96310950705836,3.083144147659543,True
51,53,0.899322033898305,0.17423728813559322,1.0735593220338981,2.5408576854191645,19.110123602719828,2985303.2460729163,749.9999999999999,594.6110352086113,237.84441408344452,192.772175781705,3.0845272809596143,True
51,54,0.9161016949152542,0.17423728813559322,1.0903389830508474,2.636557492725899,18.93430068939751,3254277.3652572664,750.0000000000003,597.3232290074271,238.92929160297086,193.59203650835263,3.0854741743555927,True
51,55,0.9328813559322033,0.17423728813559322,1.1071186440677965,2.7340263749879816,18.763243136816673,3541935.306800839,750.0000000000002,599.9881568490038,239.99526273960151,194.42178835281763,3.086012951183249,True
51,56,0.9496610169491525,0.17423728813559322,1.1238983050847458,2.8332643322054123,18.59673950192555,3849203.5561781675,750.0000000000002,602.6073751707909,241.04295006831637,195.2605959216355,3.0861699070745283,True
51,57,0.9664406779661017,0.17423728813559322,1.1406779661016948,2.934271364378191,18.43459124745033,4177036.7929608272,750.0,605.1823643873964,242.0729457549586,196.1076860383192,3.0859696354233894,True
51,58,0.9832203389830508,0.17423728813559322,1.157457627118644,3.037047471506318,18.27661174645238,4526418.227907305,750.0000000000001,607.7145338039454,243.0858135215782,196.96234256716122,3.0854351440135,True
51,59,1.0,0.17423728813559322,1.1742372881355931,3.141592653589793,18.122625379147262,4898359.938072734,749.9999999999999,610.2052261359078,244.0820904543631,197.82390172549256,3.084587963403179,True
52,0,0.01,0.17745762711864407,0.18745762711864408,0.0003141592653589793,36.296197696844544,3.6582841552238674e-06,29.538452135070585,416.6389991600765,166.6555996640306,166.64578586376928,2.5001472254490333,True
52,1,0.026779661016949154,0.17745762711864407,0.20423728813559322,0.0022529939386445163,36.147335448934165,0.0025595988239777256,78.45545119653109,417.68664533028203,167.07465813211283,167.0650659544308,2.500143539548906,True
52,2,0.043559322033898305,0.17745762711864407,0.22101694915254239,0.0059609035672781455,35.978340173058875,0.06434845861391564,126.42379689162524,418.8830325512582,167.5532130205033,167.54555668789152,2.500114242549357,True
52,3,0.06033898305084746,0.17745762711864407,0.23779661016949152,0.01143788815125987,35.7922435323921,0.5533184751435761,173.3170546641782,420.20924584410426,168.08369833764172,168.0937874957502,2.499849947486775,True
52,4,0.0771186440677966,0.17745762711864407,0.25457627118644066,0.01868394769058968,35.58560398877304,2.7754037760260566,218.96441346440736,421.69273096623186,168.67709238649275,168.68533335224004,2.499877864815163,True
52,5,0.09389830508474575,0.17745762711864407,0.2713559322033898,0.02769908218526759,35.36240833710628,10.055073938922776,263.27334588450964,423.30808192671265,169.32323277068508,169.33001860193497,2.4998998135223465,True
52,6,0.1106779661016949,0.17745762711864407,0.288135593220339,0.03848329163529359,35.122093563980556,29.27940780351859,306.1169876013822,425.0626312256324,170.02505249025296,170.0158000996306,2.50013605192307,True
52,7,0.12745762711864406,0.17745762711864407,0.30491525423728816,0.051036576040667685,34.87020564947894,72.9048582633234,347.4884041494669,426.9189464484881,170.76757857939526,170.75991436643662,2.50011220743737,True
52,8,0.14423728813559322,0.17745762711864407,0.3216949152542373,0.06535893540138989,34.60581061589113,161.29194244705405,387.2942704522827,428.8867327705857,171.5546931082343,171.54835510840485,2.5000923646254933,True
52,9,0.1610169491525424,0.17745762711864407,0.3384745762711865,0.08145036971746017,34.33201845702299,325.41748374240416,425.5354431136017,430.94561755964986,172.37824702385996,172.38691832135652,2.499874246584645,True
52,10,0.17779661016949153,0.17745762711864407,0.3552542372881356,0.09931087898887854,34.046399849217856,609.4539093699964,462.09507243423894,433.11675763599595,173.24670305439838,173.25382473985826,2.4998972362447036,True
52,11,0.19457627118644066,0.17745762711864407,0.3720338983050847,0.11894046321564498,33.75049392541571,1073.7074097547986,496.9533385893648,435.39164622874495,174.15665849149798,174.1469732202466,2.500139038753765,True
52,12,0.21135593220338983,0.17745762711864407,0.3888135593220339,0.14033912239775956,33.44968110452701,1798.168759512574,530.2294865584265,437.731385992916,175.0925543971664,175.0847173669544,2.500111903402105,True
52,13,0.228135593220339,0.17745762711864407,0.40559322033898304,0.16350685653522223,33.14480609066935,2884.7963569492435,561.9394003285098,440.13114164708344,176.0524566588334,176.06295455690457,2.4998509354495155,True
52,14,0.24491525423728813,0.17745762711864407,0.4223728813559322,0.18844366562803297,32.832601534475934,4458.20118125317,591.9593678167171,442.6187991015413,177.04751964061654,177.05578487241073,2.499883296219322,True
52,15,0.26169491525423727,0.17745762711864407,0.43915254237288137,0.2151495496761918,32.51661514533914,6671.489316831023,620.3994675468758,445.16831573265955,178.06732629306384,178.07368375458196,2.4999107467568464,True
52,16,0.27847457627118644,0.17745762711864407,0.45593220338983054,0.24362450867969873,32.19637925509774,9704.311433204784,647.2396152599488,447.7853248062235,179.1141299224894,179.1061315071453,2.5001116435165676,True
52,17,0.2952542372881356,0.17745762711864407,0.4727118644067797,0.2738685426385538,31.877801382955024,13775.074111967208,672.7261814936027,450.4226160528862,180.1690464211545,180.17866873924783,2.4998664892165,True
52,18,0.31203389830508477,0.17745762711864407,0.48949152542372887,0.30588165155275693,31.555744255382304,19120.172171515478,696.665176497558,453.1237038027336,181.24948152109346,181.25576452758912,2.4999133405975797,True
52,19,0.3288135593220339,0.17745762711864407,0.5062711864406779,0.33966383542230805,31.23408898308442,26022.34340872167,719.2384145422454,455.8572577225319,182.3429030890128,182.35289990657546,2.499862946824978,True
52,20,0.34559322033898304,0.17745762711864407,0.5230508474576271,0.3752150942472074,30.912197889164776,34789.955748450055,740.4409925489841,458.6294104034608,183.45176416138432,183.46046311017324,2.499881460170744,True
52,21,0.3623728813559322,0.17745762711864407,0.5398305084745763,0.4125354280274548,30.382258320713444,44533.248722669756,750.0,463.27506678922794,185.31002671569118,183.31883022158706,2.5271548276259623,True
52,22,0.3791525423728813,0.17745762711864407,0.5566101694915254,0.45162483676305026,29.70235677110836,55007.642605903966,749.9999999999999,469.3893754464179,187.75575017856715,182.2159239918439,2.5760063399696507,True
52,23,0.3959322033898305,0.17745762711864407,0.5733898305084746,0.49248332045399384,29.06614817274194,67326.85896919567,749.9999999999999,475.27400682031976,190.10960272812792,181.30698275995064,2.6213772883175697,True
52,24,0.41271186440677965,0.17745762711864407,0.5901694915254238,0.5351108791002855,28.469144686353495,81716.59841241737,750.0000000000002,480.9457688847243,192.37830755388973,180.5703850676194,2.6634808842248483,True
52,25,0.4294915254237288,0.17745762711864407,0.6069491525423729,0.5795075127019254,27.907478389019435,98419.07752381882,750.0000000000001,486.4196464580127,194.5678585832051,179.98745934072667,2.7025196546454504,True
52,26,0.446271186440678,0.17745762711864407,0.6237288135593221,0.6256732212589133,27.377795351489773,117693.49236790868,750.0000000000001,491.70905998676074,196.6836239947043,179.54199209234494,2.738685553482424,True
52,27,0.4630508474576271,0.17745762711864407,0.6405084745762711,0.6736080047712492,26.8771710280105,139816.47572778916,750.0000000000002,496.8260794770028,198.73043179080113,179.2198335192546,2.7721601438918086,True
52,28,0.47983050847457626,0.17745762711864407,0.6572881355932203,0.7233118632389332,26.40304206931449,165082.54842573532,750.0000000000001,501.7816026622346,200.71264106489386,179.00857828169708,2.803114842198262,True
52,29,0.4966101694915254,0.17745762711864407,0.6740677966101695,0.7747847966619654,25.953150919628882,193804.56501750977,750.0000000000001,506.5855044062943,202.63420176251773,178.89730493354088,2.8317112132823206,True
52,30,0.5133898305084745,0.17745762711864407,0.6908474576271186,0.8280268050403455,25.525500458360366,226314.1541310189,750.0,511.24676278295385,204.49870511318156,178.8763615538909,2.858101307192165,True
52,31,0.5301694915254237,0.17745762711864407,0.7076271186440678,0.8830378883740738,25.118316602818627,262962.1536979219,750.0000000000002,515.7735661028212,206.3094264411285,178.9371881053697,2.8824280271974576,True
52,32,0.5469491525423729,0.17745762711864407,0.724406779661017,0.9398180466631503,24.730017271654074,304119.04130727117,750.0,520.1734042676874,208.06936170707496,179.07216823545073,2.904825520310583,True
52,33,0.563728813559322,0.17745762711864407,0.7411864406779661,0.9983672799075749,24.359186468752515,350175.35989286436,750.0000000000003,524.4531471489506,209.78125885958025,179.27450486895464,2.925419582289815,True
52,34,0.5805084745762712,0.17745762711864407,0.7579661016949153,1.0586855881073476,24.00455251825144,401542.1389504029,750.0,528.6191121574662,211.44764486298652,179.53811516728405,2.944328070197947,True
52,35,0.5972881355932204,0.17745762711864407,0.7747457627118645,1.1207729712624683,23.664969687090103,458651.3114665818,750.0000000000001,532.6771227588796,213.07084910355184,179.8575413620865,2.9616613166444994,True
52,36,0.6140677966101695,0.17745762711864407,0.7915254237288136,1.1846294293729371,23.33940258911906,521956.1267296047,750.0000000000005,536.6325593632885,214.6530237453154,180.2278746852562,2.9775225408413943,True
52,37,0.6308474576271186,0.17745762711864407,0.8083050847457627,1.2502549624387536,23.026912886524467,591931.5591792524,750.0000000000003,540.4904037602906,216.19616150411628,180.64469016903757,2.992008252523386,True
52,38,0.6476271186440677,0.17745762711864407,0.8250847457627118,1.3176495704599187,22.72664789906,669074.7134442945,750.0000000000001,544.255278064731,217.7021112258924,181.10399051984606,3.0052086456101,True
52,39,0.6644067796610169,0.17745762711864407,0.841864406779661,1.386813253436432,22.437830805844655,753905.2257056201,750.0,547.9314789732047,219.17259158928186,181.60215760675558,3.0172079792119257,True
52,40,0.6811864406779661,0.17745762711864407,0.8586440677966102,1.457746011368293,22.159752183099865,846965.6615149443,750.0,551.5230079977999,220.60920319911997,182.13591037225464,3.028084944207769,True
52,41,0.6979661016949152,0.17745762711864407,0.8754237288135593,1.5304478442555023,21.891762667761142,948821.9101910922,749.9999999999999,555.0335982350127,222.0134392940051,182.70226818509886,3.037913014154255,True
52,42,0.7147457627118644,0.17745762711864407,0.8922033898305085,1.6049187520980597,21.633266574112504,1060063.5759086974,750.0,558.466738139021,223.3866952556084,183.29851882506338,3.0467607797311826,True
52,43,0.7315254237288136,0.17745762711864407,0.9089830508474577,1.6811587348959653,21.38371632050618,1181304.3655875884,750.0,561.8256926956318,224.73027707825273,183.92219042643254,3.054692266294848,True
52,44,0.7483050847457626,0.17745762711864407,0.9257627118644067,1.7591677926492184,21.14260754740914,1313182.473685062,749.9999999999999,565.1135223330236,226.04540893320947,184.57102681812108,3.0617672344094102,True
52,45,0.7650847457627118,0.17745762711864407,0.9425423728813559,1.83894592535782,20.90947482766364,1456360.9639876867,750.0000000000002,568.3330998555068,227.33323994220274,185.24296578889536,3.068041463464716,True
52,46,0.781864406779661,0.17745762711864407,0.9593220338983051,1.92049313302177,20.683887885891107,1611528.1484940767,750.0,571.4871256449311,228.59485025797244,185.93611988037384,3.073567018676146,True
52,47,0.7986440677966101,0.17745762711864407,0.9761016949152542,2.0038094156410677,20.465448257129893,1779397.9634753703,750.0000000000005,574.5781413395923,229.83125653583693,186.64875937162196,3.0783925019056464,True
52,48,0.8154237288135593,0.17745762711864407,0.9928813559322034,2.0888947732157135,20.25378632564443,1960710.3427956556,749.9999999999998,577.6085421712563,231.04341686850253,187.37929716977283,3.0825632868497785,True
52,49,0.8322033898305085,0.17745762711864407,1.0096610169491524,2.1757492057457077,20.04855869382172,2156231.5885705473,750.0000000000001,580.5805881162765,232.23223524651064,188.12627536316762,3.086121739217433,True
52,50,0.8489830508474576,0.17745762711864407,1.0264406779661017,2.26437271323105,19.84944583853281,2366754.739238205,750.0000000000002,583.4964139959244,233.39856559836977,188.8883532286611,3.0891074225712885,True
52,51,0.8657627118644068,0.17745762711864407,1.0432203389830508,2.3547652956717404,19.65615001856396,2593099.935113616,749.9999999999999,586.3580386433338,234.54321545733353,189.6642965142015,3.091557290538491,True
52,52,0.882542372881356,0.17745762711864407,1.06,2.4469269530677784,19.468393401937508,2836114.7814936447,750.0000000000001,589.1673732393491,235.66694929573964,190.45296784259955,3.093505866111093,True
52,53,0.899322033898305,0.17745762711864407,1.076779661016949,2.5408576854191645,19.28591638632625,3096674.7093770835,750.0000000000001,591.9262289066779,236.77049156267117,191.2533181033798,3.094985408758864,True
52,54,0.9161016949152542,0.17745762711864407,1.0935593220338982,2.636557492725899,19.108476089464318,3375683.3338613175,750.0000000000002,594.6363236406472,237.8545294562589,192.0643787173672,3.096026070069379,True
52,55,0.9328813559322033,0.17745762711864407,1.1103389830508474,2.7340263749879816,18.93584498958729,3674072.810274232,750.0,597.2992886453527,238.9197154581411,192.8852546738181,3.0966560386143867,True
52,56,0.9496610169491525,0.17745762711864407,1.1271186440677965,2.8332643322054123,18.767809698592483,3992804.1880975734,750.0,599.9166741357666,239.96666965430666,193.71511825279973,3.096901674720456,True
52,57,0.9664406779661017,0.17745762711864407,1.1438983050847458,2.934271364378191,18.60416985287466,4332867.762735618,749.9999999999997,602.4899546592495,240.99598186369982,194.55320335660315,3.0967876357960824,True
52,58,0.9832203389830508,0.17745762711864407,1.1606779661016948,3.037047471506318,18.444737108726077,4695283.425180576,749.9999999999999,605.0205339837553,242.00821359350212,195.3988003834649,3.096336992839356,True
52,59,1.0,0.17745762711864407,1.177457627118644,3.141592653589793,18.289334230847377,5081101.009624278,750.0000000000001,607.509749594639,243.00389983785558,196.2512515850671,3.095571338719884,True
53,0,0.01,0.18067796610169493,0.19067796610169493,0.0003141592653589793,36.68837521972205,3.818975085473125e-06,29.642300478502975,413.90645317428255,165.56258126971304,165.56896449594055,2.4999036168063418,True
53,1,0.026779661016949154,0.18067796610169493,0.20745762711864407,0.0022529939386445163,36.53614166036,0.0026715141222432163,78.72368003626754,414.96246427023374,165.98498570809352,165.99121755976267,2.4999061418465267,True
53,2,0.043559322033898305,0.18067796610169493,0.22423728813559324,0.0059609035672781455,36.36155238548959,0.06713412282238336,126.8296784979699,416.18087748454553,166.47235099381822,166.4642890794766,2.5001210757332126,True
53,3,0.06033898305084746,0.18067796610169493,0.24101694915254238,0.01143788815125987,36.169879038305766,0.5770423794221425,173.83893246056618,417.52761813616263,167.01104725446507,167.00457791358895,2.500096843765556,True
53,4,0.0771186440677966,0.18067796610169493,0.2577966101694915,0.01868394769058968,35.96202804824739,2.894712995017346,219.6355738549451,418.9989121368899,167.59956485475595,167.6082136273545,2.499870997184276,True
53,5,0.09389830508474575,0.18067796610169493,0.2745762711864407,0.02769908218526759,35.735300085626925,10.485947119502702,264.06300865408974,420.6169008599451,168.24676034397805,168.25388035370756,2.4998942073473347,True
53,6,0.1106779661016949,0.18067796610169493,0.29135593220338984,0.03848329163529359,35.49131543944643,30.530160775902495,307.0155052784423,422.37347507109325,168.9493900284373,168.93971176668242,2.500143220644419,True
53,7,0.12745762711864406,0.18067796610169493,0.308135593220339,0.051036576040667685,35.23589693771333,76.01157990520278,348.4908970012221,424.22975632948584,169.69190253179434,169.68388768291197,2.500118085001938,True
53,8,0.14423728813559322,0.18067796610169493,0.3249152542372882,0.06535893540138989,34.96797163373375,168.15056463617964,388.394774347648,426.1963343211075,170.478533728443,170.47190782908334,2.5000971699596146,True
53,9,0.1610169491525424,0.18067796610169493,0.34169491525423734,0.08145036971746017,34.690761506557244,339.23360403370714,426.7310137433036,428.2523038146407,171.3009215258563,171.30995732264,2.4998681367253117,True
53,10,0.17779661016949153,0.18067796610169493,0.35847457627118645,0.09931087898887854,34.401619165287855,635.289417702592,463.3788329261756,430.4201686461831,172.16806745847325,172.17548480951436,2.4998922995476196,True
53,11,0.19457627118644066,0.18067796610169493,0.37525423728813556,0.11894046321564498,34.10211330183427,1119.1559045805682,498.31895788075167,432.69136139975564,173.07654455990226,173.066492883117,2.5001451996371133,True
53,12,0.21135593220338983,0.18067796610169493,0.3920338983050847,0.14033912239775956,33.79785909586352,1874.2144649035092,531.6768748262652,435.0257419376336,174.01029677505346,174.00217045616708,2.500116755998863,True
53,13,0.228135593220339,0.18067796610169493,0.4088135593220339,0.16350685653522223,33.487599723181305,3006.002311853939,563.3989526849392,437.434929185826,174.97397167433041,174.96748827828148,2.5000926371538035,True
53,14,0.24491525423728813,0.18067796610169493,0.42559322033898306,0.18844366562803297,33.17407445878454,4646.583426238311,593.5651754471303,439.8995061564049,175.95980246256198,175.9683227828508,2.4998789509362527,True
53,15,0.26169491525423727,0.18067796610169493,0.4423728813559322,0.2151495496761918,32.85473745761984,6953.34015958655,622.079992687263,442.44140013533206,176.97656005413285,176.98309741605814,2.49990765556117,True
53,16,0.27847457627118644,0.18067796610169493,0.4591525423728814,0.24362450867969873,32.53114295178348,10114.254466838389,648.9917009249534,445.05039018944007,178.02015607577604,178.0119870509641,2.500114725768574,True
53,17,0.2952542372881356,0.18067796610169493,0.47593220338983055,0.2738685426385538,32.209382200436565,14357.210958575237,674.5526859653304,447.67840352365494,179.07136140946199,179.08109764696383,2.4998640806088726,True
53,18,0.31203389830508477,0.18067796610169493,0.4927118644067797,0.30588165155275693,31.88410876147245,19928.52774765263,698.5625316231801,450.37006975601156,180.14802790240464,180.1543097156623,2.499912827324703,True
53,19,0.3288135593220339,0.18067796610169493,0.5094915254237288,0.33966383542230805,31.559273346096226,27123.080373163444,721.2048781044755,453.0939121533541,181.23756486134164,181.24721057231326,2.4998669536631604,True
53,20,0.34559322033898304,0.18067796610169493,0.5262711864406779,0.3752150942472074,31.234139856634762,36262.065577178044,742.4706021540629,455.8568225084354,182.3427290033742,182.34975119749333,2.4999037262996926,True
53,21,0.3623728813559322,0.18067796610169493,0.5430508474576271,0.4125354280274548,30.65669360949468,46164.21173836202,750.0,460.85640042729705,184.34256017091883,181.96043022528144,2.5327286809375,True
53,22,0.3791525423728813,0.18067796610169493,0.5598305084745763,0.45162483676305026,29.970650680399665,57022.214487451405,749.9999999999999,466.95552210403133,186.78220884161254,180.86600807183038,2.58177601796011,True
53,23,0.3959322033898305,0.18067796610169493,0.5766101694915254,0.49248332045399384,29.32869536996942,69792.60355534329,749.9999999999998,472.8259937536269,189.13039750145077,179.96379269885674,2.6273395701591626,True
53,24,0.41271186440677965,0.18067796610169493,0.5933898305084746,0.5351108791002855,28.726299301421317,84709.34548570657,750.0000000000001,478.4845335379041,191.39381341516165,179.23235753812912,2.6696325379534964,True
53,25,0.4294915254237288,0.18067796610169493,0.6101694915254238,0.5795075127019254,28.159559613857983,102023.5276837324,749.9999999999999,483.94604704053825,193.5784188162153,178.653199946804,2.708857424242267,True
53,26,0.446271186440678,0.18067796610169493,0.6269491525423729,0.6256732212589133,27.62509208283108,122003.83887855985,750.0000000000002,489.2238844780475,195.68955379121903,178.21025364096087,2.745206151065157,True
53,27,0.4630508474576271,0.18067796610169493,0.643728813559322,0.6736080047712492,27.119945745901244,144937.04311142096,750.0000000000006,494.3300533391515,197.73202133566062,177.88949769706608,2.7788602460442187,True
53,28,0.47983050847457626,0.18067796610169493,0.6605084745762712,0.7233118632389332,26.64153409971288,171128.44758515464,749.9999999999998,499.2753954835313,199.71015819341255,177.67864009802685,2.8099910895765343,True
53,29,0.4966101694915254,0.18067796610169493,0.6772881355932203,0.7747847966619654,26.18757919656034,200902.36468140403,749.9999999999998,504.0697356536342,201.6278942614537,177.56685943027895,2.8387602127499223,True
53,30,0.5133898305084745,0.18067796610169493,0.6940677966101695,0.8280268050403455,25.756065876362882,234602.56842601008,749.9999999999999,508.72200680690673,203.4888027227627,177.54459238791156,2.8653196358434623,True
53,31,0.5301694915254237,0.18067796610169493,0.7108474576271187,0.8830378883740738,25.345204031587983,272592.7456603218,750.0000000000001,513.2403565121429,205.29614260485715,177.6033576890702,2.889812237731854,True
53,32,0.5469491525423729,0.18067796610169493,0.7276271186440678,0.9398180466631503,24.953397290343613,315256.9421558895,749.9999999999999,517.6322377688701,207.05289510754807,177.73560918259727,2.912372147311679,True
53,33,0.563728813559322,0.18067796610169493,0.744406779661017,0.9983672799075749,24.579216866179234,363000.0038919725,749.9999999999999,521.9044869295594,208.7617947718238,177.9346125409034,2.933125149046449,True
53,34,0.5805084745762712,0.18067796610169493,0.7611864406779661,1.0586855881073476,24.221379596504523,416248.0136991432,750.0,526.0633908785233,210.4253563514093,178.19434115218078,2.9521890957763737,True
53,35,0.5972881355932204,0.18067796610169493,0.7779661016949153,1.1207729712624683,23.87872939914047,475448.72345776967,749.9999999999997,530.1147452106999,212.04589808427997,178.50938774935418,2.9696743229831495,True
53,36,0.6140677966101695,0.18067796610169493,0.7947457627118645,1.1846294293729371,23.550221535555295,541071.9820271006,750.0000000000001,534.0639048303507,213.62556193214027,178.87488902135036,2.985684059692723,True
53,37,0.6308474576271186,0.18067796610169493,0.8115254237288135,1.2502549624387536,23.23490919216595,613610.1590688437,750.0,537.9158281335415,215.16633125341662,179.28646099947636,3.0003148321116817,True
53,38,0.6476271186440677,0.18067796610169493,0.8283050847457627,1.3176495704599187,22.931931986680173,693578.5649184642,750.0,541.6751157338168,216.67004629352675,179.74014343790952,3.013656856910967,True
53,39,0.6644067796610169,0.18067796610169493,0.8450847457627119,1.386813253436432,22.640506081389546,781515.866647634,750.0000000000002,545.3460445262499,218.13841781049996,180.23235174178777,3.025794421789197,True
53,40,0.6811864406779661,0.18067796610169493,0.861864406779661,1.457746011368293,22.359915644469147,877984.5004524468,750.0,548.9325977523162,219.57303910092648,180.75983526078087,3.0368062515678615,True
53,41,0.6979661016949152,0.18067796610169493,0.8786440677966102,1.5304478442555023,22.08950544732146,983571.0804938745,750.0000000000001,552.4384916201466,220.97539664805865,181.31964097643962,3.046765858597357,True
53,42,0.7147457627118644,0.18067796610169493,0.8954237288135594,1.6049187520980597,21.828674423551416,1098886.8043094922,750.0000000000001,555.8671989465347,222.34687957861388,181.90908178016664,3.055741876693593,True
53,43,0.7315254237288136,0.18067796610169493,0.9122033898305085,1.6811587348959653,21.576870045344116,1224567.8549087348,749.9999999999999,559.2219702146311,223.68878808585248,182.5257086744969,3.0637983781885048,True
53,44,0.7483050847457626,0.18067796610169493,0.9289830508474576,1.7591677926492184,21.333583397413875,1361275.7996576047,750.0000000000002,562.5058523814487,225.0023409525795,183.16728634050054,3.0709951739732233,True
53,45,0.7650847457627118,0.18067796610169493,0.9457627118644067,1.83894592535782,21.09834484851662,1509697.9860530163,750.0000000000001,565.7217057196953,226.28868228787812,183.83177160390954,3.0773880966485994,True
53,46,0.781864406779661,0.18067796610169493,0.9625423728813559,1.92049313302177,20.870720236704653,1670547.9344815952,750.0000000000001,568.8722189371259,227.54888757485037,184.5172944061459,3.083029267083042,True
53,47,0.7986440677966101,0.18067796610169493,0.9793220338983051,2.0038094156410677,20.650307497782645,1844565.7280527866,750.0000000000002,571.9599227820189,228.78396911280757,185.22214094703935,3.087967344819536,True
53,48,0.8154237288135593,0.18067796610169493,0.9961016949152542,2.0888947732157135,20.43673367736918,2032518.3995915928,749.9999999999999,574.9872023143431,229.99488092573725,185.94473871619115,3.0922477628794347,True
53,49,0.8322033898305085,0.18067796610169493,1.0128813559322034,2.1757492057457077,20.22965227602709,2235200.315871952,750.0000000000002,577.9563079976766,231.18252319907066,186.68364317165808,3.0959129475860836,True
53,50,0.8489830508474576,0.18067796610169493,1.0296610169491525,2.26437271323105,20.028740884455424,2453433.5591677916,750.0000000000001,580.8693657462155,232.34774629848621,187.43752585945344,3.099002524082449,True
53,51,0.8657627118644068,0.18067796610169493,1.0464406779661017,2.3547652956717404,19.833699072019094,2688068.306195233,749.9999999999998,583.7283860435809,233.49135441743238,188.20516379658352,3.101553508247457,True
53,52,0.882542372881356,0.18067796610169493,1.0632203389830508,2.4469269530677784,19.644246497154093,2939983.2045157347,750.0000000000001,586.5352722351445,234.6141088940578,188.98542996492395,3.103600485730601,True
53,53,0.899322033898305,0.18067796610169493,1.0799999999999998,2.5408576854191645,19.460121212610797,3210085.7464670544,750.0000000000002,589.2918280827352,235.71673123309407,189.77728478402497,3.1051757788260885,True
53,54,0.9161016949152542,0.18067796610169493,1.0967796610169491,2.636557492725899,19.281078142228992,3499312.640685595,750.0000000000001,591.9997646595979,236.79990586383917,190.57976844855173,3.106309601899911,True
53,55,0.9328813559322033,0.18067796610169493,1.1135593220338982,2.7340263749879816,19.10688770909742,3808630.181281109,750.0000000000002,594.6607066539887,237.86428266159547,191.39199403107696,3.107030206067196,True
53,56,0.9496610169491525,0.18067796610169493,1.1303389830508475,2.8332643322054123,18.93733459763244,4139034.6147220237,750.0000000000003,597.276198141633,238.91047925665322,192.21314126372414,3.1073640137962584,True
53,57,0.9664406779661017,0.18067796610169493,1.1471186440677965,2.934271364378191,18.772216634394773,4491552.5044869995,749.9999999999997,599.8477078801925,239.93908315207702,193.04245092315338,3.107335744089681,True
53,58,0.9832203389830508,0.18067796610169493,1.1638983050847458,3.037047471506318,18.611343774415456,4867241.093536459,750.0000000000001,602.376634172752,240.9506536691008,193.87921975276637,3.106968528865028,True
53,59,1.0,0.18067796610169493,1.1806779661016948,3.141592653589793,18.454537181473235,5267188.664654819,749.9999999999999,604.8643093420183,241.9457237368073,194.72279586414754,3.106284021127216,True
54,0,0.01,0.18389830508474578,0.1938983050847458,0.0003141592653589793,37.07465773502915,3.982369110245617e-06,29.73970899383658,411.2532428705438,164.50129714821753,164.50807574613182,2.499896986851807,True
54,1,0.026779661016949154,0.18389830508474578,0.21067796610169492,0.0022529939386445163,36.91910926647167,0.002785297581604876,78.97505152561051,412.31712614970684,164.92685045988276,164.9334678936574,2.4998996954065906,True
54,2,0.043559322033898305,0.18389830508474578,0.2274576271186441,0.0059609035672781455,36.74099438765506,0.06998053824357339,127.22291375821118,413.54281934989035,165.41712773995616,165.408651345034,2.5001281129320203,True
54,3,0.06033898305084746,0.18389830508474578,0.24423728813559323,0.01143788815125987,36.54589680645453,0.6014146165912869,174.3643307735062,414.89461713190315,165.95784685276126,165.95104660788712,2.500102443537012,True
54,4,0.0771186440677966,0.18389830508474578,0.26101694915254237,0.01868394769058968,36.334698719893005,3.016581497438213,220.2850001153699,416.36898140362456,166.54759256144985,166.55665674453167,2.4998639474509905,True
54,5,0.09389830508474575,0.18389830508474578,0.27779661016949153,0.02769908218526759,36.10444937495964,10.925990877442278,264.82660855480475,417.98954099467255,167.19581639786904,167.20327676246882,2.4998884536723165,True
54,6,0.1106779661016949,0.18389830508474578,0.2945762711864407,0.03848329163529359,35.85680505922051,31.807319180359357,307.8837471829859,419.7481038569641,167.89924154278566,167.88913084502298,2.5001505561692974,True
54,7,0.12745762711864406,0.18389830508474578,0.31135593220338986,0.051036576040667685,35.59787448710395,79.18350200999537,349.45911895773594,421.6043179775408,168.64172719101634,168.6333563671336,2.5001240979848687,True
54,8,0.14423728813559322,0.18389830508474578,0.32813559322033903,0.06535893540138989,35.326440151539,175.15239019975647,389.457178961171,423.5696725951182,169.4278690380473,169.42095092271364,2.5001020847081774,True
54,9,0.1610169491525424,0.18389830508474578,0.3449152542372882,0.08145036971746017,35.04583895300262,353.33721117200406,427.88486912742746,425.62272069036436,170.24908827614576,170.2584928605172,2.4998619072650436,True
54,10,0.17779661016949153,0.18389830508474578,0.3616949152542373,0.09931087898887854,34.75319801773106,661.6604646618822,464.6173678519468,427.7873315201445,171.1149326080578,171.1226489725752,2.4998872685094033,True
54,11,0.19457627118644066,0.18389830508474578,0.3784745762711864,0.11894046321564498,34.45220358253399,1165.8251979748663,499.6964912025985,430.03916658581164,172.01566663432467,172.02194872333519,2.499908702217113,True
54,12,0.21135593220338983,0.18389830508474578,0.3952542372881356,0.14033912239775956,34.142450442589464,1951.8267782808841,533.0724413110963,432.38394330909654,172.95357732363863,172.94515974796067,2.500121679839005,True
54,13,0.228135593220339,0.18389830508474578,0.41203389830508474,0.16350685653522223,33.8288138858865,3130.4034496888416,564.8706416055942,434.7869761445433,173.91479045781733,173.9080826205933,2.500096427910695,True
54,14,0.24491525423728813,0.18389830508474578,0.4288135593220339,0.18844366562803297,33.512025148255866,4838.838993029371,595.1132170354989,437.2441992449274,174.89767969797097,174.9064551114398,2.4998745699027625,True
54,15,0.26169491525423727,0.18389830508474578,0.4455932203389831,0.2151495496761918,33.18936991451919,7240.982564678477,623.6999558752959,439.7785616798393,175.91142467193572,175.91814121070365,2.4999045502254384,True
54,16,0.27847457627118644,0.18389830508474578,0.46237288135593224,0.24362450867969873,32.862449600570805,10532.617672254311,650.6805598763317,442.3796311841453,176.95185247365814,176.943515567681,2.500117790498713,True
54,17,0.2952542372881356,0.18389830508474578,0.4791525423728814,0.2738685426385538,32.53754004148738,14951.314081815783,676.3133869589343,444.9984853396516,177.99939413586065,178.0092385770029,2.49986174255307,True
54,18,0.31203389830508477,0.18389830508474578,0.4959322033898306,0.30588165155275693,32.20908451696831,20753.51255081889,700.3916383549896,447.68085070207155,179.07234028082863,179.0786145111278,2.499912409553811,True
54,19,0.3288135593220339,0.18389830508474578,0.5127118644067796,0.33966383542230805,31.88110186577688,28246.479204728894,723.1006933441215,450.39511829559035,180.15804731823616,180.16732713380486,2.499871233373493,True
54,20,0.34559322033898304,0.18389830508474578,0.5294915254237288,0.3752150942472074,31.55118012354842,37756.938155456766,744.3528300617811,453.1622393883553,181.26489575534214,181.2558421373741,2.5001248734642325,True
54,21,0.3623728813559322,0.18389830508474578,0.546271186440678,0.4125354280274548,30.928693885553965,47824.50584472936,750.0000000000003,458.4864436173987,183.3945774469595,180.64065203701594,2.5381133119661685,True
54,22,0.3791525423728813,0.18389830508474578,0.5630508474576271,0.45162483676305026,30.236564068274614,59073.016246660394,750.0,464.5704973119152,185.82819892476607,179.554438939774,2.5873517806359607,True
54,23,0.3959322033898305,0.18389830508474578,0.5798305084745763,0.49248332045399384,29.588913035276278,72302.69186807572,750.0000000000003,470.42691189097025,188.1707647563881,178.65872430383916,2.6331034978786163,True
54,24,0.41271186440677965,0.18389830508474578,0.5966101694915255,0.5351108791002855,28.98117223193617,87755.91385042266,750.0,476.072317380215,190.42892695208602,177.9322709491335,2.6755816403664765,True
54,25,0.4294915254237288,0.18389830508474578,0.6133898305084746,0.5795075127019254,28.409404169381247,105692.79994779974,750.0000000000001,481.5215415918542,192.6086166367417,177.35674039338858,2.714988674937353,True
54,26,0.446271186440678,0.18389830508474578,0.6301694915254238,0.6256732212589133,27.870194596768393,126391.70226919437,750.0000000000001,486.7878657960006,194.71514631840023,176.91620939720744,2.7515164803417065,True
54,27,0.4630508474576271,0.18389830508474578,0.6469491525423728,0.6736080047712492,27.36056636936316,150149.69831359392,750.0,491.88323609505824,196.75329443802332,176.59678227471804,2.7853465377974627,True
54,28,0.47983050847457626,0.18389830508474578,0.663728813559322,0.7233118632389332,26.877910035163413,177283.07564569009,750.0,496.8184394753936,198.72737579015745,176.38627712812524,2.8166501814339537,True
54,29,0.4966101694915254,0.18389830508474578,0.6805084745762712,0.7747847966619654,26.41992743546444,208127.8105295049,750.0000000000001,501.60325144641536,200.64130057856616,176.27396974794496,2.845588898710685,True
54,30,0.5133898305084745,0.18389830508474578,0.6972881355932203,0.8280268050403455,25.984585530759077,243040.04081054695,750.0000000000001,506.2465606407506,202.49862425630025,176.2503829369588,2.8723146707818774,True
54,31,0.5301694915254237,0.18389830508474578,0.7140677966101695,0.8830378883740738,25.570078330857996,282396.5333134795,750.0000000000001,510.7564745928691,204.30258983714765,176.30711194087536,2.8969703432278524,True
54,32,0.5469491525423729,0.18389830508474578,0.7308474576271187,0.9398180466631503,25.17479530012404,326595.1460013124,750.0000000000002,515.1404100343315,206.0561640137326,176.43667882352585,2.9196900183639327,True
54,33,0.563728813559322,0.18389830508474578,0.7476271186440678,0.9983672799075749,24.79729497525657,376055.2851234364,750.0000000000002,519.4051703689594,207.76206814758376,176.63241022910532,2.940599461306407,True
54,34,0.5805084745762712,0.18389830508474578,0.764406779661017,1.0586855881073476,24.43628280885699,431218.3575630999,750.0,523.5570124685988,209.42280498743955,176.8883341810744,2.959816513013525,True
54,35,0.5972881355932204,0.18389830508474578,0.7811864406779662,1.1207729712624683,24.09059246145387,492548.2185798935,750.0,527.6017045220416,211.04068180881666,177.19909248396687,2.977451504554288,True
54,36,0.6140677966101695,0.18389830508474578,0.7979661016949153,1.1846294293729371,23.75916992511496,560531.6151292843,749.9999999999998,531.5445763485103,212.61783053940414,177.55986599670894,2.9936076678406733,True
54,37,0.6308474576271186,0.18389830508474578,0.8147457627118644,1.2502549624387536,23.44105998569197,635678.6249290009,750.0000000000001,535.3905633325323,214.15622533301294,177.96631058872188,3.008381538963371,True
54,38,0.6476271186440677,0.18389830508474578,0.8315254237288136,1.3176495704599187,23.135394627185466,718523.0914309765,749.9999999999999,539.14424493384,215.65769797353602,178.41450201277448,3.0218633510813895,True
54,39,0.6644067796610169,0.18389830508474578,0.8483050847457627,1.386813253436432,22.841383057318627,809623.0548474784,750.0000000000002,542.8098785627046,217.12395142508186,178.90088826025573,3.0341374145278306,True
54,40,0.6811864406779661,0.18389830508474578,0.8650847457627119,1.457746011368293,22.558303093077573,909561.1793708418,750.0000000000002,546.3914294791995,218.5565717916798,179.4222482267387,3.0452824824082914,True
54,41,0.6979661016949152,0.18389830508474578,0.881864406779661,1.5304478442555023,22.2854936923755,1018945.1767178605,750.0000000000001,549.8925972676465,219.9570389070586,179.97565572437225,3.0553721004900343,True
54,42,0.7147457627118644,0.18389830508474578,0.8986440677966102,1.6049187520980597,22.022348455880042,1138408.2261221325,750.0000000000001,553.3168393498592,221.32673573994367,180.55844804477255,3.0644749406167624,True
54,43,0.7315254237288136,0.18389830508474578,0.9154237288135594,1.6811587348959653,21.768309953495567,1268609.390890651,750.0000000000001,556.667391928792,222.6669567715168,181.16819841080027,3.0726551172438357,True
54,44,0.7483050847457626,0.18389830508474578,0.9322033898305084,1.7591677926492184,21.522864754606058,1410234.0316343848,750.0,559.9472886947535,223.9789154779014,181.80269176481534,3.079972486981193,True
54,45,0.7650847457627118,0.18389830508474578,0.9489830508474576,1.83894592535782,21.28553906118322,1563994.2162766452,750.0000000000002,563.1593775770398,225.2637510308159,182.45990343001884,3.0864829312651447,True
54,46,0.781864406779661,0.18389830508474578,0.9657627118644068,1.92049313302177,21.05589485919498,1730629.1269374192,750.0000000000003,566.3063357827558,226.52253431310234,183.13798025446926,3.0922386224631078,True
54,47,0.7986440677966101,0.18389830508474578,0.9825423728813559,2.0038094156410677,20.833526517147675,1910905.4637868253,750.0000000000002,569.3906833302267,227.7562733320907,183.83522390744284,3.0972882738560643,True
54,48,0.8154237288135593,0.18389830508474578,0.9993220338983051,2.0888947732157135,20.61805777163722,2105617.845956033,750.0000000000001,572.4147952555201,228.96591810220804,184.5500760475582,3.101677374047843,True
54,49,0.8322033898305085,0.18389830508474578,1.0161016949152541,2.1757492057457077,20.409139048924153,2315589.2095895605,750.0,575.3809126462539,230.15236505850157,185.2811051234441,3.1054484064249546,True
54,50,0.8489830508474576,0.18389830508474578,1.0328813559322034,2.26437271323105,20.206445079144068,2541671.2031188346,750.0,578.2911526362496,231.31646105449988,186.02699460226023,3.1086410543409566,True
54,51,0.8657627118644068,0.18389830508474578,1.0496610169491525,2.3547652956717404,20.009672766103147,2784744.579832977,750.0000000000001,581.1475174770829,232.4590069908332,186.78653245034465,3.11129239272952,True
54,52,0.882542372881356,0.18389830508474578,1.0664406779661018,2.4469269530677784,19.818539280918216,3045719.587819346,750.0000000000002,583.9519027876619,233.58076111506477,187.5586017146425,3.113437066864598,True
54,53,0.899322033898305,0.18389830508474578,1.0832203389830508,2.5408576854191645,19.63278035222322,3325536.357342837,749.9999999999998,586.7061050702009,234.68244202808037,188.34217207417663,3.1151074589876386,True
54,54,0.9161016949152542,0.18389830508474578,1.0999999999999999,2.636557492725899,19.452148729429638,3625165.2857300825,750.0000000000001,589.411828570015,235.76473142800603,189.13629224827656,3.116333843513768,True
54,55,0.9328813559322033,0.18389830508474578,1.1167796610169491,2.7340263749879816,19.276412798714347,3945607.4198214794,750.0,592.0706915471409,236.82827661885636,189.9400831631699,3.1171445315126913,True
54,56,0.9496610169491525,0.18389830508474578,1.1335593220338982,2.8332643322054123,19.10535533411484,4287894.836051488,750.0,594.6842320196678,237.87369280786712,190.75273179121945,3.1175660051388148,True
54,57,0.9664406779661017,0.18389830508474578,1.1503389830508475,2.934271364378191,18.938772368416227,4653091.018214995,749.9999999999999,597.2539130316264,238.90156521265058,191.57348558795604,3.117623042659589,True
54,58,0.9832203389830508,0.18389830508474578,1.1671186440677965,3.037047471506318,18.776472170483164,5042291.232974924,750.0000000000002,599.7811274921993,239.91245099687973,192.40164746140155,3.1173388347026694,True
54,59,1.0,0.18389830508474578,1.1838983050847458,3.141592653589793,18.618274317377303,5456622.903164399,750.0000000000002,602.2672026276913,240.90688105107654,193.2365712162063,3.1167350923124872,True
55,0,0.01,0.18711864406779663,0.19711864406779664,0.0003141592653589793,37.457261962991076,4.149320886779318e-06,29.834250723608992,408.6619168271941,163.46476673087764,163.4719530941105,2.4998900979174588,True
55,1,0.026779661016949154,0.18711864406779663,0.21389830508474578,0.0022529939386445163,37.29839361928985,0.0029015312732539786,79.21882738566528,409.73353628175465,163.89341451270187,163.90042959009685,2.4998929978796802,True
55,2,0.043559322033898305,0.18711864406779663,0.23067796610169494,0.0059609035672781455,37.11674661701998,0.072887534853831,127.60391364579651,410.966410946048,164.3865643784192,164.3776648183286,2.5001353523317844,True
55,3,0.06033898305084746,0.18711864406779663,0.24745762711864408,0.01143788815125987,36.91822947736824,0.6263007682652784,174.873013809326,412.3231607515304,164.92926430061218,164.9221262854161,2.5001082028130006,True
55,4,0.0771186440677966,0.18711864406779663,0.2642372881355932,0.01868394769058968,36.70369733196326,3.141000957672565,220.91341712353162,413.80049447055154,165.52019778822063,165.529684762636,2.499856717929038,True
55,5,0.09389830508474575,0.18711864406779663,0.2810169491525424,0.02769908218526759,36.46993780312331,11.375173256876046,265.56502452529145,415.4235587688614,166.1694235075446,166.1772302239326,2.499882554361125,True
55,6,0.1106779661016949,0.18711864406779663,0.29779661016949155,0.03848329163529359,36.220934008454776,33.11915796966619,308.7617816278866,417.1679578342529,166.86718313370116,166.8736296285033,2.4999034225057533,True
55,7,0.12745762711864406,0.18711864406779663,0.3145762711864407,0.051036576040667685,35.95622012517931,82.42036954577974,350.39424824588525,419.04018803408445,167.6160752136338,167.60734325972487,2.500130244202597,True
55,8,0.14423728813559322,0.18711864406779663,0.3313559322033899,0.06535893540138989,35.68129797092332,182.29684070391215,390.4828059760143,421.004304044558,168.40172161782323,168.3945071169696,2.5001071071286276,True
55,9,0.1610169491525424,0.18711864406779663,0.34813559322033905,0.08145036971746017,35.39733247803783,367.72713118905307,428.9984690904215,423.0544244035007,169.2217697614003,169.23154724572922,2.4998555605546358,True
55,10,0.17779661016949153,0.18711864406779663,0.36491525423728816,0.09931087898887854,35.10121789133253,688.5648151315161,465.8122715839639,425.21580156031115,170.08632062412448,170.09433921390254,2.4998821449641544,True
55,11,0.19457627118644066,0.18711864406779663,0.38169491525423727,0.11894046321564498,34.79678109190463,1213.1701121684437,500.96928198089023,427.4634209220717,170.9853683688287,170.9918925147569,2.4999046132270912,True
55,12,0.21135593220338983,0.18711864406779663,0.39847457627118643,0.14033912239775956,34.48353602247432,2030.9989237035559,534.4180357015118,429.80354251441275,171.9214170057651,171.9127063083141,2.5001266732639786,True
55,13,0.228135593220339,0.18711864406779663,0.4152542372881356,0.16350685653522223,34.166552760990854,3257.300919275867,566.289426073176,432.2004836159769,172.88019344639076,172.87326003675844,2.5001002672366863,True
55,14,0.24491525423728813,0.18711864406779663,0.43203389830508476,0.18844366562803297,33.84653359163041,5034.951203998845,596.6055754766252,434.65042722236234,173.86017088894494,173.86920136650485,2.4998701541519583,True
55,15,0.26169491525423727,0.18711864406779663,0.44881355932203393,0.2151495496761918,33.520591991392315,7534.391635394721,625.2615497576516,437.1773469880099,174.87093879520398,174.87783379064967,2.4999014312549472,True
55,16,0.27847457627118644,0.18711864406779663,0.4655932203389831,0.24362450867969873,33.19037812927413,10959.36493123224,652.3084896954324,439.77059207843433,175.90823683137376,175.89973467890457,2.5001208380513575,True
55,17,0.2952542372881356,0.18711864406779663,0.48237288135593226,0.2738685426385538,32.862353228200696,15557.332732952602,678.0106824573286,442.3804029433334,176.95216117733338,176.96210837255597,2.499859472808698,True
55,18,0.31203389830508477,0.18711864406779663,0.4991525423728814,0.30588165155275693,32.52882058424329,21589.936077208513,702.0717361271395,445.0692367638417,178.02769470553667,178.01714008979584,2.5001482247121753,True
55,19,0.3288135593220339,0.18711864406779663,0.5159322033898305,0.33966383542230805,32.19965162348919,29392.445581659074,724.9284478591835,447.7584113168465,179.1033645267386,179.11226473485513,2.499875773329513,True
55,20,0.34559322033898304,0.18711864406779663,0.5327118644067796,0.3752150942472074,31.86887541333009,39300.790880994784,746.3486807268555,450.4970006964713,180.19880027858852,180.20916564102893,2.499856203728546,True
55,21,0.3623728813559322,0.18711864406779663,0.5494915254237288,0.4125354280274548,31.198322837392617,49514.13104177166,750.0000000000001,456.1634571456081,182.46538285824326,179.35780501846742,2.543315341635897,True
55,22,0.3791525423728813,0.18711864406779663,0.566271186440678,0.45162483676305026,30.500159197997796,61160.04788353087,750.0000000000001,462.2325621852912,184.8930248741165,178.2795377408248,2.59274041229154,True
55,23,0.3959322033898305,0.18711864406779663,0.5830508474576271,0.49248332045399384,29.846862098281264,74857.1239073929,750.0000000000002,468.0750231120091,187.23000924480365,177.39010837433653,2.6386760084968,True
55,24,0.41271186440677965,0.18711864406779663,0.5998305084745763,0.5351108791002855,29.233823156054317,90856.3035065656,749.9999999999999,473.7073834380089,189.48295337520358,176.66846385938584,2.6813352711044263,True
55,25,0.4294915254237288,0.18711864406779663,0.6166101694915255,0.5795075127019254,28.65707055635819,109426.89431602071,750.0,479.1443946214632,191.6577578485853,176.09642530669424,2.720920619410488,True
55,26,0.446271186440678,0.18711864406779663,0.6333898305084746,0.6256732212589133,28.113160283727964,130857.08253981212,750.0,484.3992702300003,193.75970809200012,175.65820853998991,2.757623877962544,True
55,27,0.4630508474576271,0.18711864406779663,0.6501694915254237,0.6736080047712492,27.59908923939386,155454.44133430842,750.0,489.48389607609334,195.79355843043734,175.3400396241649,2.791626471200101,True
55,28,0.47983050847457626,0.18711864406779663,0.6669491525423729,0.7233118632389332,27.11222522277565,183546.43260734144,750.0000000000001,494.40900524301986,197.76360209720795,175.12984371382476,2.8230996771225416,True
55,29,0.4966101694915254,0.18711864406779663,0.683728813559322,0.7747847966619654,26.650250040370974,215480.9025618118,750.0,499.1843248689315,199.6737299475726,175.01699109561028,2.852204930184358,True
55,30,0.5133898305084745,0.18711864406779663,0.7005084745762712,0.8280268050403455,26.21111292912079,251626.57128462908,750.0,503.8187000297381,201.52748001189525,174.99208828152865,2.8790941634983556,True
55,31,0.5301694915254237,0.18711864406779663,0.7172881355932204,0.8830378883740738,25.792992154645482,292373.5166573949,749.9999999999999,508.320198912405,203.328079564962,175.04680491187892,2.9039101808702004,True
55,32,0.5469491525423729,0.18711864406779663,0.7340677966101695,0.9398180466631503,25.394263141043616,338133.6528435391,750.0,512.6962025965103,205.0784810386041,175.17372936380517,2.926787049967578,True
55,33,0.563728813559322,0.18711864406779663,0.7508474576271187,0.9983672799075749,25.013471858682454,389341.2035872548,750.0,516.9534820912395,206.7813928364958,175.36624755322944,2.9478505088861358,True
55,34,0.5805084745762712,0.18711864406779663,0.7676271186440679,1.0586855881073476,24.649312474608976,446453.17054227256,749.9999999999999,521.0982647555658,208.43930590222632,175.61844061525733,2.967218379402316,True
55,35,0.5972881355932204,0.18711864406779663,0.784406779661017,1.1207729712624683,24.300608481483344,509949.7968329517,749.9999999999999,525.1362918237734,210.05451672950937,175.92499805737256,2.9850009812278993,True
55,36,0.6140677966101695,0.18711864406779663,0.8011864406779662,1.1846294293729371,23.9662966827844,580335.0260361565,750.0,529.0728684392857,211.6291473757143,176.2811436764016,3.0013015425546707,True
55,37,0.6308474576271186,0.18711864406779663,0.8179661016949152,1.2502549624387536,23.64541353703548,658136.9567597231,750.0000000000001,532.912907346731,213.16516293869242,176.682572068495,3.0162166030735347,True
55,38,0.6476271186440677,0.18711864406779663,0.8347457627118644,1.3176495704599187,23.337083461081402,743908.292981832,750.0,536.6609671902219,214.66438687608877,177.1253939806423,3.029836406454924,True
55,39,0.6644067796610169,0.18711864406779663,0.8515254237288136,1.386813253436432,23.04050876870751,838226.7903051529,750.0,540.3212862035903,216.12851448143613,177.6060890812356,3.0422452799827804,True
55,40,0.6811864406779661,0.18711864406779663,0.8683050847457627,1.457746011368293,22.754960981081243,941695.6982701275,750.0,543.8978119471911,217.55912477887648,178.12146498726645,3.053521999642622,True
55,41,0.6979661016949152,0.18711864406779663,0.8850847457627119,1.5304478442555023,22.479773293309076,1054944.1988630511,750.0,547.3942276393051,218.95769105572205,178.6686215927027,3.0637401394810007,True
55,42,0.7147457627118644,0.18711864406779663,0.9018644067796611,1.6049187520980597,22.214334019614373,1178627.841346619,750.0000000000002,550.8139755430409,220.32559021721636,179.24491990836123,3.07296840448613,True
55,43,0.7315254237288136,0.18711864406779663,0.9186440677966102,1.6811587348959653,21.958080870359325,1313428.973533335,750.0000000000002,554.1602777980742,221.6641111192297,179.8479547571996,3.0812709465960175,True
55,44,0.7483050847457626,0.18711864406779663,0.9354237288135593,1.7591677926492184,21.71049593896267,1460057.169615404,750.0,557.4361550274554,222.97446201098217,180.47553077725874,3.0887076637299824,True
55,45,0.7650847457627118,0.18711864406779663,0.9522033898305085,1.83894592535782,21.471101296938286,1619249.654658569,749.9999999999999,560.6444430007109,224.25777720028438,181.12564127278043,3.095334481970801,True
55,46,0.781864406779661,0.18711864406779663,0.9689830508474576,1.92049313302177,21.239455111752594,1791771.7258615429,750.0,563.78780759362,225.515123037448,181.79644952638256,3.101203621206047,True
55,47,0.7986440677966101,0.18711864406779663,0.9857627118644068,2.0038094156410677,21.015148215713648,1978417.1706774852,750.0000000000001,566.8687582508757,226.74750330035027,182.48627224477528,3.1063638446760233,True
55,48,0.8154237288135593,0.18711864406779663,1.0025423728813558,2.0888947732157135,20.79780106524303,2180008.681888974,750.0000000000001,569.8896601291423,227.95586405165693,183.19356485983013,3.1108606929789877,True
55,49,0.8322033898305085,0.18711864406779663,1.0193220338983051,2.1757492057457077,20.58706103910109,2397398.2697233865,750.0,572.8527450738015,229.14109802952063,183.91690844782937,3.114736703157988,True
55,50,0.8489830508474576,0.18711864406779663,1.0361016949152542,2.26437271323105,20.382600031798557,2631467.671091325,750.0000000000002,575.7601215621944,230.30404862487777,184.65499806395954,3.118031613543255,True
55,51,0.8657627118644068,0.18711864406779663,1.0528813559322034,2.3547652956717404,20.184112304821564,2883128.7560268557,750.0000000000003,578.613783728758,231.44551349150322,185.40663231784993,3.1207825550534647,True
55,52,0.882542372881356,0.18711864406779663,1.0696610169491525,2.4469269530677784,19.99131256365237,3153323.931404463,750.0000000000001,581.4156195726217,232.5662478290487,186.17070404010963,3.1230242296734203,True
55,53,0.899322033898305,0.18711864406779663,1.0864406779661016,2.5408576854191645,19.80393423307045,3443026.542004431,750.0000000000002,584.1674184355288,233.66696737421154,186.94619191026553,3.12478907682661,True
55,54,0.9161016949152542,0.18711864406779663,1.1032203389830508,2.636557492725899,19.621727907015785,3753241.2689947984,750.0,586.8708778270894,234.74835113083577,187.73215293380622,3.126107428353087,True
55,55,0.9328813559322033,0.18711864406779663,1.1199999999999999,2.7340263749879816,19.44445995251136,4085004.52589533,750.0,589.5276096649836,235.81104386599347,188.52771567079728,3.127007652786729,True
55,56,0.9496610169491525,0.18711864406779663,1.1367796610169492,2.8332643322054123,19.27191124987075,4439384.852085997,750.0000000000001,592.1391459896714,236.85565839586857,189.3320741310957,3.1275162896048316,True
55,57,0.9664406779661017,0.18711864406779663,1.1535593220338982,2.934271364378191,19.103876053741654,4817483.30391958,750.0000000000002,594.7069442061692,237.8827776824677,190.14448226198803,3.127658174097107,True
55,58,0.9832203389830508,0.18711864406779663,1.1703389830508475,3.037047471506318,18.940160961522597,5220433.843495986,749.9999999999998,597.2323918993922,238.89295675975688,190.96424896331055,3.127456553473194,True
55,59,1.0,0.18711864406779663,1.1871186440677965,3.141592653589793,18.78058397739122,5649403.725152973,750.0000000000001,599.7168112642861,239.88672450571445,191.79073357309719,3.1269331947975267,True
56,0,0.01,0.19033898305084745,0.20033898305084746,0.0003141592653589793,37.8362639778698,4.3198224409043066e-06,29.92601500243906,406.13015512907486,162.45206205162995,162.45966846064957,2.499882949271476,True
56,1,0.026779661016949154,0.19033898305084745,0.2171186440677966,0.0022529939386445163,37.674071471887146,0.003020208835805514,79.4552476643184,407.20937664363987,162.88375065745595,162.89117532916018,2.499886048589047,True
56,2,0.043559322033898305,0.19033898305084745,0.23389830508474577,0.0059609035672781455,37.48888633393485,0.07585492974183099,127.97306919490501,408.4493356063765,163.37973424255063,163.37040304763832,2.500142792004216,True
56,3,0.06033898305084746,0.19033898305084745,0.2506779661016949,0.01143788815125987,37.28695479042258,0.6516991419401242,175.36552282729457,409.81093374133553,163.92437349653423,163.91689101437393,2.500114120059775,True
56,4,0.0771186440677966,0.19033898305084745,0.26745762711864407,0.01868394769058968,37.069102013954605,3.2679625514494166,221.5215144101444,411.29113753068134,164.51645501227256,164.52637193833252,2.4998493109958124,True
56,5,0.09389830508474575,0.19033898305084745,0.28423728813559324,0.02769908218526759,36.83184376471004,11.833460583616885,266.2790925541452,412.9166410984901,165.16665643939606,165.1748153270917,2.4998765113240857,True
56,6,0.1106779661016949,0.19033898305084745,0.30101694915254235,0.03848329163529359,36.57933592622767,34.44958337793283,309.57451349484046,414.6622328841364,165.86489315365458,165.87162907291872,2.499898476923061,True
56,7,0.12745762711864406,0.19033898305084745,0.3177966101694915,0.051036576040667685,36.31101247641394,85.72191612102608,351.29740528693094,416.53505362618347,166.6140214504734,166.60492339120248,2.500136521464758,True
56,8,0.14423728813559322,0.19033898305084745,0.3345762711864407,0.06535893540138989,36.03262369323872,189.58331366820298,391.4729120560909,418.4979156202271,167.39916624809086,167.3916513352322,2.5001122354788707,True
56,9,0.1610169491525424,0.19033898305084745,0.35135593220338984,0.08145036971746017,35.74532056744802,382.4021436425077,430.07320140726495,420.5451016817656,168.21804067270625,168.22819500000713,2.499849098908466,True
56,10,0.17779661016949153,0.19033898305084745,0.36813559322033895,0.09931087898887854,35.44575708364412,716.0001501954447,466.96505961772743,422.70326460860645,169.08130584344258,169.08962973986078,2.499876930707829,True
56,11,0.19457627118644066,0.19033898305084745,0.3849152542372881,0.11894046321564498,35.13790451077382,1261.4465449230559,502.1968550643745,424.9467029112503,169.97868116450013,169.9854497017095,2.4999004541679706,True
56,12,0.21135593220338983,0.19033898305084745,0.4016949152542373,0.14033912239775956,34.821193550648225,2111.7238934531274,535.7154157873834,427.28222258544986,170.91288903417995,170.90388344583025,2.500131734694498,True
56,13,0.228135593220339,0.19033898305084745,0.41847457627118645,0.16350685653522223,34.50089366976281,3386.683479698438,567.6571772228995,429.6731329763106,171.86925319052426,171.86209313858106,2.500104154031474,True
56,14,0.24491525423728813,0.19033898305084745,0.4352542372881356,0.18844366562803297,34.17767664922708,5234.902836425773,598.0442297804805,432.1158696447873,172.84634785791494,172.85563334475216,2.4998657045961195,True
56,15,0.26169491525423727,0.19033898305084745,0.4520338983050847,0.2151495496761918,33.84848005488828,7833.541675932233,626.7668574448902,434.6354334336812,173.8541733734725,173.86124611566308,2.4998982990409218,True
56,16,0.27847457627118644,0.19033898305084745,0.4688135593220339,0.24362450867969873,33.51500437578614,11394.458981233087,653.8776729266255,437.220947979692,174.88837919187682,174.87971432690017,2.500123868926279,True
56,17,0.2952542372881356,0.19033898305084745,0.48559322033898306,0.2738685426385538,33.18389701981446,16175.214565852015,679.646850390521,439.8218286335041,175.92873145340164,175.9387762238476,2.4998572689508594,True
56,18,0.31203389830508477,0.19033898305084745,0.5023728813559323,0.30588165155275693,32.84723022336306,22447.764927348755,703.7715093907676,442.501546142902,177.0006184571608,176.99012594342912,2.5001482076143478,True
56,19,0.3288135593220339,0.19033898305084745,0.5191525423728813,0.33966383542230805,32.51499668972759,30560.882240070376,726.6905996064203,445.1814573660402,178.0725829464161,178.08109088836653,2.499880560845792,True
56,20,0.34559322033898304,0.19033898305084745,0.5359322033898305,0.3752150942472074,32.17908433162368,40853.48070714781,748.0747113421514,447.9276255019081,179.17105020076326,179.16201679237392,2.500126050830291,True
56,21,0.3623728813559322,0.19033898305084745,0.5527118644067797,0.4125354280274548,31.465641424672153,51233.08732948897,750.0,453.88579083786493,181.55431633514598,178.11029948971955,2.5483410680810348,True
56,22,0.3791525423728813,0.19033898305084745,0.5694915254237287,0.45162483676305026,30.761495665060618,63283.3093980628,749.9999999999999,459.94006668651986,183.97602667460797,177.03972589083477,2.597948366515917,True
56,23,0.3959322033898305,0.19033898305084745,0.586271186440678,0.49248332045399384,30.10260087797223,77455.89967329476,750.0,465.76867793544244,186.30747117417698,176.15637541777778,2.644063700963484,True
56,24,0.41271186440677965,0.19033898305084745,0.603050847457627,0.5351108791002855,29.48430919492208,94010.51445413537,749.9999999999999,471.38808315554263,188.55523326221706,175.4393740841622,2.68690016489347,True
56,25,0.4294915254237288,0.19033898305084745,0.6198305084745763,0.5795075127019254,28.902614768994976,113225.8107883954,750.0000000000002,476.81295882458943,190.7251835298358,174.87069821730924,2.726660119078732,True
56,26,0.446271186440678,0.19033898305084745,0.6366101694915254,0.6256732212589133,28.354044075147744,135399.97969041328,750.0000000000003,482.0564520136205,192.8225808054482,174.4346988893682,2.7635353234355935,True
56,27,0.4630508474576271,0.19033898305084745,0.6533898305084745,0.6736080047712492,27.835568282967134,160851.2721735645,750.0000000000001,487.13038930841213,194.85215572336486,174.11772057511936,2.797707135720572,True
56,28,0.47983050847457626,0.19033898305084745,0.6701694915254237,0.7233118632389332,27.344532638220123,189918.51847010857,750.0000000000001,492.04545083036953,196.81818033214782,173.90779254313915,2.8293467683934512,True
56,29,0.4966101694915254,0.19033898305084745,0.6869491525423729,0.7747847966619654,26.87859908427855,222961.64077832524,750.0000000000001,496.8113161826859,198.72452647307438,173.79437698169656,2.858615593961411,True
56,30,0.5133898305084745,0.19033898305084745,0.703728813559322,0.8280268050403455,26.435699286398922,260362.15984825697,750.0000000000002,501.43678763020716,200.57471505208287,173.7681618131164,2.8856654889949906,True
56,31,0.5301694915254237,0.19033898305084745,0.7205084745762711,0.8830378883740738,26.01399590091828,302523.695692068,750.0000000000001,505.92989467936457,202.37195787174585,173.82088902872886,2.9106392074415477,True
56,32,0.5469491525423729,0.19033898305084745,0.7372881355932204,0.9398180466631503,25.611850431977494,349872.4626825705,750.0000000000002,510.2979833561459,204.11919334245837,173.94521149705383,2.933670774632327,True
56,33,0.563728813559322,0.19033898305084745,0.7540677966101694,0.9983672799075749,25.227796391288585,402857.7592834281,750.0000000000001,514.5477928134777,205.8191171253911,174.1345727769824,2.9548858943276546,True
56,34,0.5805084745762712,0.19033898305084745,0.7708474576271187,1.0586855881073476,24.86051675704646,461952.45263666223,750.0000000000002,518.6855213831221,207.47420855324887,174.38310565555955,2.97440236216246,True
56,35,0.5972881355932204,0.19033898305084745,0.7876271186440678,1.1207729712624683,24.508824941168076,527653.4582169441,750.0,522.7168837840536,209.08675351362146,174.68554603198953,2.99233047986884,True
56,36,0.6140677966101695,0.19033898305084745,0.804406779661017,1.1846294293729371,24.171648637277464,600482.2147477155,749.9999999999999,526.6471608820024,210.65886435280095,175.03715946060998,3.0087734656166996,True
56,37,0.6308474576271186,0.19033898305084745,0.8211864406779661,1.2502549624387536,23.84801604792382,680985.1545610107,750.0,530.4812431433529,212.1924972573412,175.43367819957106,3.0238278567008345,True
56,38,0.6476271186440677,0.19033898305084745,0.8379661016949151,1.3176495704599187,23.53704408763674,769734.1695710293,749.9999999999999,534.2236687258235,213.6894674903294,175.871247027884,3.0375839015977606,True
56,39,0.6644067796610169,0.19033898305084745,0.8547457627118644,1.386813253436432,23.237928235335723,867327.0730206588,750.0000000000001,537.8786569870973,215.15146279483895,176.34637641988078,3.050125939114326,True
56,40,0.6811864406779661,0.19033898305084745,0.8715254237288135,1.457746011368293,22.949933770316342,974388.0571503056,750.0,541.4501380622231,216.58005522488926,176.8559019241187,3.061532762952611,True
56,41,0.6979661016949152,0.19033898305084745,0.8883050847457628,1.5304478442555023,22.672388174258046,1091568.146929448,750.0000000000002,544.9417790546416,217.97671162185668,177.39694879906494,3.0718779705274954,True
56,42,0.7147457627118644,0.19033898305084745,0.9050847457627118,1.6049187520980597,22.404674520237744,1219545.6499829493,750.0,548.357007299099,219.3428029196396,177.96690112234097,3.081230295301587,True
56,43,0.7315254237288136,0.19033898305084745,0.9218644067796611,1.6811587348959653,22.146225700715362,1359026.6028367851,749.9999999999999,551.6990310835389,220.67961243341557,178.56337472283772,3.0896539222551906,True
56,44,0.7483050847457626,0.19033898305084745,0.9386440677966101,1.7591677926492184,21.896519371497508,1510745.2136006635,750.0000000000002,554.9708581583342,221.9883432633337,179.1841933924474,3.09720878639581,True
56,45,0.7650847457627118,0.19033898305084745,0.9554237288135592,1.83894592535782,21.655073509032782,1675464.301198791,750.0000000000001,558.1753123124732,223.27012492498932,179.82736792173495,3.1039508544405994,True
56,46,0.781864406779661,0.19033898305084745,0.9722033898305085,1.92049313302177,21.421442495005643,1853975.7312539725,750.0000000000001,561.3150482557255,224.52601930229022,180.49107757565295,3.1099323899844853,True
56,47,0.7986440677966101,0.19033898305084745,0.9889830508474575,2.0038094156410677,21.19521365582639,2047100.8487247648,750.0,564.3925650118352,225.75702600473412,181.17365368450328,3.115202202604311,True
56,48,0.8154237288135593,0.19033898305084745,1.0057627118644068,2.0888947732157135,20.976004195849086,2255690.90739042,750.0,567.4102179992507,226.9640871997003,181.87356507429638,3.119805881450998,True
56,49,0.8322033898305085,0.19033898305084745,1.0225423728813559,2.1757492057457077,20.7634584724469,2480627.4962734175,750.0000000000001,570.370229951829,228.14809198073158,182.58940510131583,3.123786013954862,True
56,50,0.8489830508474576,0.19033898305084745,1.0393220338983051,2.26437271323105,20.55724556880332,2722822.9630852686,750.0000000000001,573.2747008115815,229.30988032463262,183.3198800896776,3.1271823903176417,True
56,51,0.8657627118644068,0.19033898305084745,1.0561016949152542,2.3547652956717404,20.357057126725554,2983220.8347768504,749.9999999999998,576.1256167082184,230.4502466832874,184.06379899914262,3.1300321944941607,True
56,52,0.882542372881356,0.19033898305084745,1.0728813559322035,2.4469269530677784,20.16260540718864,3262796.235271102,750.0,578.9248581254943,231.56994325019775,184.82006417442474,3.132370182379828,True
56,53,0.899322033898305,0.19033898305084745,1.0896610169491525,2.5408576854191645,19.973621550858457,3562556.300451841,750.0000000000001,581.6742073417514,232.66968293670058,185.58766304749219,3.134228847921319,True
56,54,0.9161016949152542,0.19033898305084745,1.1064406779661016,2.636557492725899,19.789854014673086,3883540.5904797222,749.9999999999998,584.3753552212256,233.75014208849026,186.36566068153476,3.135638577859134,True
56,55,0.9328813559322033,0.19033898305084745,1.1232203389830508,2.7340263749879816,19.611067163803153,4226821.4995026775,749.9999999999999,587.029907423375,234.81196296935002,187.15319305989473,3.1366277957945794,True
56,56,0.9496610169491525,0.19033898305084745,1.14,2.8332643322054123,19.437040001064943,4593504.662825524,749.9999999999999,589.6393900894647,235.85575603578587,187.9494610357255,3.137223096252379,True
56,57,0.9664406779661017,0.19033898305084745,1.1567796610169492,2.934271364378191,19.267565018205122,4984729.361600767,750.0000000000001,592.2052550586728,236.88210202346914,188.7537248688383,3.1374493693842918,True
56,58,0.9832203389830508,0.19033898305084745,1.1735593220338982,3.037047471506318,19.102447155478288,5401668.925099649,750.0000000000003,594.7288846599754,237.89155386399017,189.56529928536506,3.13732991693111,True
56,59,1.0,0.19033898305084745,1.1903389830508475,3.141592653589793,18.941502857655642,5845531.130620579,750.0000000000001,597.2115961208025,238.884638448321,190.383549003773,3.136886560030284,True
57,0,0.01,0.1935593220338983,0.20355932203389832,0.0003141592653589793,38.21173688090224,4.493865018276497e-06,30.015086913841674,403.65575954959587,161.46230381983835,161.4703424327475,2.4998755404121273,True
57,1,0.026779661016949154,0.1935593220338983,0.22033898305084745,0.0022529939386445163,38.046210269529695,0.003141321303274353,79.6845145016877,404.74249248281166,161.89699699312467,161.90479954140903,2.4998795195030277,True
57,2,0.043559322033898305,0.1935593220338983,0.23711864406779662,0.0059609035672781455,37.857487804907414,0.07888252759736104,128.33075282730826,405.98939826643556,162.39575930657423,162.38598822228718,2.500150429916922,True
57,3,0.06033898305084746,0.1935593220338983,0.25389830508474576,0.01143788815125987,37.65214748057543,0.677607944225161,175.8423732717963,407.3557424251889,162.94229697007557,162.93446349385823,2.5001201936663575,True
57,4,0.0771186440677966,0.1935593220338983,0.2706779661016949,0.01868394769058968,37.42861818502819,3.396596708527448,222.08182655510393,408.85467257890036,163.54186903156017,163.53548733487378,2.5000975582852134,True
57,5,0.09389830508474575,0.1935593220338983,0.2874576271186441,0.02769908218526759,37.19024263368722,12.30081754008277,266.9696085208609,410.4665964508703,164.18663858034813,164.19515528379677,2.4998703265112496,True
57,6,0.1106779661016949,0.1935593220338983,0.3042372881355932,0.03848329163529359,36.934245733991396,35.80615142038069,310.3599593916562,412.21333334280547,164.8853333371222,164.89236328573477,2.4998934160977426,True
57,7,0.12745762711864406,0.1935593220338983,0.32101694915254236,0.051036576040667685,36.66232714397666,89.08786452151345,352.16965650874755,414.08672344370626,165.63468937748252,165.62522041275733,2.5001429275792293,True
57,8,0.14423728813559322,0.1935593220338983,0.33779661016949153,0.06535893540138989,36.3804929007148,197.01118373969572,392.4286931301728,416.04831585038346,166.4193263401534,166.41150712798736,2.5001174680210068,True
57,9,0.1610169491525424,0.1935593220338983,0.3545762711864407,0.08145036971746017,36.08760538444596,397.26087407986637,431.0560768361077,418.1086389641091,167.24345558564366,167.23702433754286,2.50009613971736,True
57,10,0.17779661016949153,0.1935593220338983,0.3713559322033898,0.09931087898887854,35.78689088465767,743.9640714564498,468.07717376403383,420.2475281278118,168.09901125112472,168.10764341072172,2.499871627496795,True
57,11,0.19457627118644066,0.1935593220338983,0.38813559322033897,0.11894046321564498,35.47564887681863,1310.650234580233,503.38076917215517,422.4868188735569,168.99472754942278,169.00174271927955,2.499896226368085,True
57,12,0.21135593220338983,0.1935593220338983,0.40491525423728814,0.14033912239775956,35.15549775721697,2193.994460518889,536.9662535014342,424.817788262711,169.9271153050844,169.91781314565762,2.5001368626286817,True
57,13,0.228135593220339,0.1935593220338983,0.4216949152542373,0.16350685653522223,34.8319109627719,3518.539548247085,568.9756745887468,427.20272735498855,170.88109094199544,170.87370323324055,2.5001080872687704,True
57,14,0.24491525423728813,0.1935593220338983,0.43847457627118647,0.18844366562803297,34.5055282282069,5438.676152854247,599.4310618994165,429.6383278572863,171.85533114291454,171.86487156589655,2.499861222033114,True
57,15,0.26169491525423727,0.1935593220338983,0.4552542372881356,0.2151495496761918,34.17310753689077,8138.406236456467,628.2178597076401,432.15062023290193,172.86024809316078,172.86749788860777,2.4998951538673326,True
57,16,0.27847457627118644,0.1935593220338983,0.47203389830508474,0.24362450867969873,33.836401260708286,11837.861480115136,655.3901846325227,434.72849590560276,173.89139836224112,173.8825732119286,2.5001268837662898,True
57,17,0.2952542372881356,0.1935593220338983,0.4888135593220339,0.2738685426385538,33.50224378369154,16804.905729018763,681.2240565151579,437.3205566612498,174.9282226644999,174.93836010525354,2.499855128389972,True
57,18,0.31203389830508477,0.1935593220338983,0.505593220338983,0.30588165155275693,33.162477221494775,23322.008365581572,705.4102310945269,439.9912568234563,175.99650272938254,175.98608042439727,2.500148055814416,True
57,19,0.3288135593220339,0.1935593220338983,0.5223728813559322,0.33966383542230805,32.82720829173766,31751.689147143108,728.389485394014,442.66204467629217,177.0648178705169,177.07292191629892,2.499885583214893,True
57,20,0.34559322033898304,0.1935593220338983,0.5391525423728813,0.3752150942472074,32.49026835772151,42456.826637289516,749.9250472387517,445.38235419648566,178.1529416785943,178.160630986321,2.499892101474886,True
57,21,0.3623728813559322,0.1935593220338983,0.5559322033898305,0.4125354280274548,31.73070803915215,52981.374707881325,750.0000000000001,451.6518776466864,180.66075105867458,176.89663912169343,2.5531964874469955,True
57,22,0.3791525423728813,0.1935593220338983,0.5727118644067797,0.45162483676305026,31.020630554517716,65442.800790256406,750.0,457.69144373384216,183.0765774935369,175.83351751997762,2.602981787484521,True
57,23,0.3959322033898305,0.1935593220338983,0.5894915254237287,0.49248332045399384,30.356185236672452,80099.0191657814,750.0000000000002,463.5063096503919,185.40252386015678,174.95604813505142,2.6492728579043114,True
57,24,0.41271186440677965,0.1935593220338983,0.606271186440678,0.5351108791002855,29.73268506347983,97218.54669313222,749.9999999999999,469.11285054947524,187.6451402197901,174.24353121426867,2.6922827337136748,True
57,25,0.4294915254237288,0.1935593220338983,0.6230508474576271,0.5795075127019254,29.14609044276369,117089.54936492357,750.0000000000001,474.5256692601608,189.81026770406433,173.67809410532473,2.7322137066542838,True
57,26,0.446271186440678,0.1935593220338983,0.6398305084745763,0.6256732212589133,28.592898588500304,140020.39372099785,750.0000000000002,479.7578475263726,191.90313901054904,173.2442194711626,2.7692574620432326,True
57,27,0.4630508474576271,0.1935593220338983,0.6566101694915254,0.6736080047712492,28.070055155404063,166340.19083136215,750.0000000000007,484.8211537386627,193.9284614954651,172.92836699317758,2.803595281494736,True
57,28,0.47983050847457626,0.1935593220338983,0.6733898305084746,0.7233118632389332,27.574883025587962,196399.33323399158,749.9999999999999,489.72621596996595,195.89048638798639,172.71866723654196,2.8353983029482,True
57,29,0.4966101694915254,0.1935593220338983,0.6901694915254237,0.7747847966619654,27.10502444663104,230570.02517904498,750.0000000000001,494.48266710037586,197.79306684015035,172.60467180357227,2.864827828432752,True
57,30,0.5133898305084745,0.1935593220338983,0.7069491525423728,0.8280268050403455,26.658393660134536,269246.8065014298,749.9999999999999,499.09926730777363,199.63970692310946,172.57714782276412,2.89203566986949,True
57,31,0.5301694915254237,0.1935593220338983,0.7237288135593221,0.8830378883740738,26.233137844649526,312847.07041749917,749.9999999999999,503.58400806596626,201.4336032263865,172.6279076771765,2.917164523639454,True
57,32,0.5469491525423729,0.1935593220338983,0.7405084745762711,0.9398180466631503,25.82760470162505,361811.5755184055,750.0000000000001,507.94420092883627,203.1776803715345,172.74966697990826,2.9403483654061864,True
57,33,0.563728813559322,0.1935593220338983,0.7572881355932204,0.9983672799075749,25.440315389073472,416604.9522119575,750.0000000000003,512.1865537163902,204.8746214865561,172.93592537125045,2.961712857619682,True
57,34,0.5805084745762712,0.1935593220338983,0.7740677966101694,1.0586855881073476,25.06994179059579,477716.20384626684,749.9999999999998,516.3172362054362,206.5268944821745,173.1808658907131,2.981375763135758,True
57,35,0.5972881355932204,0.1935593220338983,0.7908474576271187,1.1207729712624683,24.715287322289115,545659.2027318726,750.0000000000001,520.3419370268547,208.13677481074188,173.47926957210882,2.999447359389348,True
57,36,0.6140677966101695,0.1935593220338983,0.8076271186440678,1.1846294293729371,24.37527064466674,620973.1812639616,749.9999999999998,524.2659131560629,209.70636526242515,173.8264425956265,3.0160308485151814,True
57,37,0.6308474576271186,0.1935593220338983,0.8244067796610168,1.2502549624387536,24.048911773854616,704223.2183328627,750.0,528.0940331332284,211.23761325329139,174.2181538606493,3.0312227596880144,True
57,38,0.6476271186440677,0.1935593220338983,0.8411864406779661,1.3176495704599187,23.735320185268893,796000.7211985715,750.0,531.8308149502465,212.7323259800986,174.65058125574944,3.04511334074211,True
57,39,0.6644067796610169,0.1935593220338983,0.8579661016949152,1.386813253436432,23.433684580542135,896923.9029939943,750.0000000000001,535.4804593811509,214.19218375246038,175.12026522611924,3.0577869368215405,True
57,40,0.6811864406779661,0.1935593220338983,0.8747457627118644,1.457746011368293,23.143264049681573,1007638.2560113771,749.9999999999998,539.0468794030643,215.61875176122572,175.62406849466274,3.069322354409789,True
57,41,0.6979661016949152,0.1935593220338983,0.8915254237288135,1.5304478442555023,22.86338040907117,1128817.0209170466,750.0,542.5337262494414,217.0134904997766,176.15914099666918,3.0797932095939298,True
57,42,0.7147457627118644,0.1935593220338983,0.9083050847457628,1.6049187520980597,22.593411534794498,1261161.6520311283,750.0000000000001,545.944412551262,218.3777650205048,176.72288925113463,3.0892682598428984,True
57,43,0.7315254237288136,0.1935593220338983,0.9250847457627118,1.6811587348959653,22.332785541996575,1405402.278801004,749.9999999999999,549.2821329510848,219.71285318043394,177.31294952328378,3.097811718928944,True
57,44,0.7483050847457626,0.1935593220338983,0.9418644067796609,1.7591677926492184,22.080975686255716,1562298.163590158,750.0000000000001,552.5498825164674,221.01995300658697,177.92716423943213,3.105483554905168,True
57,45,0.7650847457627118,0.1935593220338983,0.9586440677966102,1.83894592535782,21.837495883453354,1732638.1558973128,750.0,555.750473230808,222.3001892923232,178.5635612022123,3.112339771278725,True
57,46,0.781864406779661,0.1935593220338983,0.9754237288135592,1.92049313302177,21.601896761384484,1917241.143114704,750.0,558.8865487992933,223.55461951971733,179.2203352253907,3.1184326716967004,True
57,47,0.7986440677966101,0.1935593220338983,0.9922033898305085,2.0038094156410677,21.373762170096477,2116956.4979286743,750.0000000000003,561.9605979738602,224.7842391895441,179.89583186614064,3.123811108597622,True
57,48,0.8154237288135593,0.1935593220338983,1.0089830508474575,2.0888947732157135,21.15270608927218,2332664.5224603633,750.0,564.9749665727074,225.98998662908298,180.5885329811824,3.128520716382245,True
57,49,0.8322033898305085,0.1935593220338983,1.0257627118644068,2.1757492057457077,20.938369880350763,2565276.8892396614,749.9999999999995,567.9318683459451,227.17274733837803,181.2970438735413,3.132604129729165,True
57,50,0.8489830508474576,0.1935593220338983,1.0425423728813559,2.26437271323105,20.730419838871875,2815737.0791006563,750.0000000000001,570.8333948187309,228.33335792749236,182.0200818303712,3.136101187728857,True
57,51,0.8657627118644068,0.1935593220338983,1.0593220338983051,2.3547652956717404,20.52854500903284,3085020.816082991,750.0000000000001,573.6815242260166,229.47260969040664,182.75646588054295,3.1390491245382153,True
57,52,0.882542372881356,0.1935593220338983,1.0761016949152542,2.4469269530677784,20.332455227894624,3374136.4994192463,749.9999999999999,576.4781296383641,230.59125185534563,183.50510762447848,3.141482747270765,True
57,53,0.899322033898305,0.1935593220338983,1.0928813559322033,2.5408576854191645,20.141879371251697,3684125.6326850536,750.0000000000001,579.2249863657486,231.68999454629943,184.26500300879937,3.1434346018385724,True
57,54,0.9161016949152542,0.1935593220338983,1.1096610169491525,2.636557492725899,19.956563777042973,4016063.2501848806,750.0000000000003,581.9237787155054,232.76951148620216,185.03522493540348,3.1449351274529334,True
57,55,0.9328813559322033,0.1935593220338983,1.1264406779661016,2.7340263749879816,19.77627082545084,4371058.3406435065,750.0,584.5761061713137,233.83044246852546,185.81491660907548,3.1460128004748253,True
57,56,0.9496610169491525,0.1935593220338983,1.1432203389830509,2.8332643322054123,19.60077765761101,4750254.268270091,749.9999999999998,587.1834890521259,234.87339562085037,186.60328554011343,3.1466942682844734,True
57,57,0.9664406779661017,0.1935593220338983,1.16,2.934271364378191,19.429875017220244,5154829.191258542,750.0000000000001,589.7473737030449,235.89894948121798,187.39959812905485,3.1470044738138054,True
57,58,0.9832203389830508,0.1935593220338983,1.1767796610169492,3.037047471506318,19.26336620134956,5585996.477785907,750.0000000000001,592.2691372641399,236.90765490565596,188.20317476967034,3.146966771357495,True
57,59,1.0,0.1935593220338983,1.1935593220338983,3.141592653589793,19.10106610850058,6045005.1195671875,749.9999999999999,594.7500920579919,237.90003682319676,189.01338541425605,3.1466030342480376,True
58,0,0.01,0.19677966101694916,0.20677966101694917,0.0003141592653589793,38.58375097029202,4.671439110752371e-06,30.101547570033667,401.236645353739,160.49465814149562,160.50314098555026,2.4998678710584326,True
58,1,0.026779661016949154,0.19677966101694916,0.2235593220338983,0.0022529939386445163,38.414885684093825,0.003264862720441988,79.90686602396121,402.33076855702666,160.93230742281068,160.94048996370495,2.4998728949300433,True
58,2,0.043559322033898305,0.19677966101694916,0.24033898305084747,0.0059609035672781455,38.22504217772007,0.08199087982024161,128.69361206999903,403.56868493386986,161.42747397354796,161.43380690937158,2.499901926740983,True
58,3,0.06033898305084746,0.19677966101694916,0.2571186440677966,0.01143788815125987,38.013879448230995,0.7040252849084805,176.30405645740214,404.9555065160078,161.98220260640312,161.97401177810337,2.500126421952044,True
58,4,0.0771186440677966,0.19677966101694916,0.2738983050847458,0.01868394769058968,37.78691759653021,3.5285369952822347,222.64976972031369,406.4578369192068,162.58313476768274,162.57646320639128,2.5001025911309647,True
58,5,0.09389830508474575,0.19677966101694916,0.29067796610169494,0.02769908218526759,37.54520693295559,12.777207237612766,267.63733080462686,408.07134665895506,163.22853866358204,163.23741865469466,2.4998640019061527,True
58,6,0.1106779661016949,0.19677966101694916,0.30745762711864405,0.03848329163529359,37.28573611396042,37.18875101620306,311.1190077136039,409.8191814527117,163.9276725810847,163.9350010255058,2.499888241614431,True
58,7,0.12745762711864406,0.19677966101694916,0.3242372881355932,0.051036576040667685,37.010236878342035,92.51792722691405,353.0120178472909,411.6931195566997,164.67724782267987,164.66740332314814,2.50014946035665,True
58,8,0.14423728813559322,0.19677966101694916,0.3410169491525424,0.06535893540138989,36.724978324526234,204.5798038209755,393.3512883271834,413.6534266591729,165.4613706636692,165.45324340017558,2.500122803024688,True
58,9,0.1610169491525424,0.19677966101694916,0.35779661016949155,0.08145036971746017,36.428687260907076,412.4939837170868,432.0545355518772,415.7114299100382,166.2845719640153,166.2778894475466,2.500100472114646,True
58,10,0.17779661016949153,0.19677966101694916,0.37457627118644066,0.09931087898887854,36.124691743545725,772.4541051748505,469.14998691928236,417.84651302194754,167.13860520877904,167.14754846866677,2.499866237046704,True
58,11,0.19457627118644066,0.19677966101694916,0.3913559322033898,0.11894046321564498,35.81008639622663,1360.7767915698626,504.522508327967,420.08168860732087,168.03267544292837,168.0399393984693,2.4998919311152017,True
58,12,0.21135593220338983,0.19677966101694916,0.408135593220339,0.14033912239775956,35.486520552127004,2277.803190536614,538.1721404709862,422.4081578172275,168.963263126891,168.9536627986098,2.5001420556400227,True
58,13,0.228135593220339,0.19677966101694916,0.42491525423728815,0.16350685653522223,35.15967618372148,3652.857219341981,570.246612025192,424.78718345766123,169.9148733830645,169.9072570528259,2.500112065993688,True
58,14,0.24491525423728813,0.19677966101694916,0.4416949152542373,0.18844366562803297,34.830159445279186,5646.252930075568,600.7678630025605,427.2157168189735,170.8862867275894,170.89608200206283,2.4998567071526936,True
58,15,0.26169491525423727,0.19677966101694916,0.45847457627118643,0.2151495496761918,34.49454509600922,8448.95815608519,629.6164415905638,429.7208202703335,171.8883281081334,171.89575428542003,2.499891995917562,True
58,16,0.27847457627118644,0.19677966101694916,0.4752542372881356,0.24362450867969873,34.154638947648465,12289.53306782161,656.8479993387957,432.2911466107531,172.91645864430126,172.9074755237513,2.500129883345453,True
58,17,0.2952542372881356,0.19677966101694916,0.49203389830508476,0.2738685426385538,33.81746315408403,17446.350953277804,682.7443616575605,434.8744950605431,173.94979802421724,173.96002350640816,2.4998530483903023,True
58,18,0.31203389830508477,0.19677966101694916,0.508813559322034,0.30588165155275693,33.47463061253865,24212.590745510985,706.9900403374728,437.53627505687393,175.0145100227496,175.0041654783548,2.5001477756881743,True
58,19,0.3288135593220339,0.19677966101694916,0.525593220338983,0.33966383542230805,33.13635496918116,32964.763665905666,730.0273286895862,440.1980754006733,176.07923016026933,176.0869196830141,2.4998908277406606,True
58,20,0.34559322033898304,0.19677966101694916,0.5423728813559322,0.3752150942472074,32.76106855393772,43890.10002826141,750.0,443.1931416893723,177.27725667574893,176.97936316143927,2.5042080261363284,True
58,21,0.3623728813559322,0.19677966101694916,0.5591525423728814,0.4125354280274548,31.993578653626507,54758.993176948665,749.9999999999999,449.4602282185098,179.78409128740395,175.71541401723061,2.557887313030124,True
58,22,0.3791525423728813,0.19677966101694916,0.5759322033898304,0.45162483676305026,31.277618586590187,67638.52206011141,750.0000000000001,455.4852037883522,182.19408151534088,174.6595126004137,2.6078465295526843,True
58,23,0.3959322033898305,0.19677966101694916,0.5927118644067797,0.49248332045399384,30.607668722525197,82786.48238485293,750.0000000000001,461.28642892358465,184.51457156943388,173.78773458625759,2.654309465635104,True
58,24,0.41271186440677965,0.19677966101694916,0.6094915254237288,0.5351108791002855,29.97900321001994,100480.40022355576,749.9999999999999,466.8801968367338,186.75207873469353,173.0795498123184,2.6974890872029818,True
58,25,0.4294915254237288,0.19677966101694916,0.626271186440678,0.5795075127019254,29.38754899120708,121018.11004560569,750.0000000000001,472.28103799972087,188.91241519988836,172.5172326203853,2.737587606908519,True
58,26,0.446271186440678,0.19677966101694916,0.6430508474576271,0.6256732212589133,28.829774261500965,144718.32463156537,750.0000000000002,477.50196996394556,191.00078798557823,172.08539375473688,2.77479662593852,True
58,27,0.4630508474576271,0.19677966101694916,0.6598305084745762,0.6736080047712492,28.302599372127023,171921.1973077005,749.9999999999998,482.55470392575955,193.02188157030383,171.7706050299055,2.8092973407280373,True
58,28,0.47983050847457626,0.19677966101694916,0.6766101694915254,0.7233118632389332,27.803325026820676,202988.87689899065,749.9999999999999,487.4498167963522,194.9799267185409,171.56109560447894,2.8412608061219817,True
58,29,0.4966101694915254,0.19677966101694916,0.6933898305084746,0.7747847966619654,27.329573940542016,238306.05576397118,750.0000000000003,492.196895521119,196.8787582084476,171.44650410809325,2.8708482455308606,True
58,30,0.5133898305084745,0.19677966101694916,0.7101694915254237,0.8280268050403455,26.879243075586984,278280.5112441489,750.0,496.8046588943813,198.72186355775253,171.4176747606551,2.8982113984923283,True
58,31,0.5301694915254237,0.19677966101694916,0.7269491525423728,0.8830378883740738,26.450464260949616,323343.64083368785,750.0,501.2810609869181,200.51242439476724,171.46648845713003,2.9234928964690856,True
58,32,0.5469491525423729,0.19677966101694916,0.7437288135593221,0.9398180466631503,26.041571509738503,373950.9913510459,750.0000000000001,505.6333794457343,202.25335177829373,171.58572187927686,2.946826658464534,True
58,33,0.563728813559322,0.19677966101694916,0.7605084745762711,0.9983672799075749,25.651073728613046,430582.78237284,749.9999999999999,509.8682912667934,203.94731650671736,171.768929250599,2.96833829896518,True
58,34,0.5805084745762712,0.19677966101694916,0.7772881355932204,1.0586855881073476,25.277631798495996,493744.42417108983,750.0000000000001,513.991938131299,205.5967752525196,172.01034252041234,2.9881455417153417,True
58,35,0.5972881355932204,0.19677966101694916,0.7940677966101695,1.1207729712624683,24.9200392224769,563967.0303777341,750.0,518.009982997718,207.20399319908722,172.30478665107353,3.0063586338243526,True
58,36,0.6140677966101695,0.19677966101694916,0.8108474576271187,1.1846294293729371,24.577205702795176,641807.9255848972,750.0000000000001,521.9276593281901,208.77106373127606,172.647607362928,3.0230807556517676,True
58,37,0.6308474576271186,0.19677966101694916,0.8276271186440678,1.2502549624387536,24.24814313697556,727851.1480752821,750.0000000000001,525.7498140794127,210.29992563176506,173.0346092172961,3.038408422786556,True
58,38,0.6476271186440677,0.19677966101694916,0.8444067796610168,1.3176495704599187,23.93195362295167,822707.9478644547,750.0,529.4809453896752,211.7923781558701,173.46200232733588,3.0524318772159953,True
58,39,0.6644067796610169,0.19677966101694916,0.8611864406779661,1.386813253436432,23.627819141217074,927017.2802251624,749.9999999999999,533.1252357343335,213.2500942937334,173.92635630795974,3.0652354654654204,True
58,40,0.6811864406779661,0.19677966101694916,0.8779661016949152,1.457746011368293,23.334992643767006,1041446.2948533393,749.9999999999999,536.6865811931726,214.67463247726906,174.4245603299829,3.0768980020809504,True
58,41,0.6979661016949152,0.19677966101694916,0.8947457627118645,1.5304478442555023,23.052790328625374,1166690.8208258534,750.0000000000001,540.1686173683722,216.0674469473489,174.95378834580183,3.0874931173294256,True
58,42,0.7147457627118644,0.19677966101694916,0.9115254237288135,1.6049187520980597,22.780584917937883,1303475.8474911496,749.9999999999999,543.574742406184,217.4298969624736,175.51146871579135,3.097089588409767,True
58,43,0.7315254237288136,0.19677966101694916,0.9283050847457628,1.6811587348959653,22.517799789113443,1452556.001425994,750.0,546.9081375050863,218.76325500203453,176.09525759507946,3.105751653816078,True
58,44,0.7483050847457626,0.19677966101694916,0.9450847457627118,1.7591677926492184,22.263903833956597,1614716.019583896,750.0000000000001,550.1717852351122,220.0687140940449,176.70301554611015,3.113539310773938,True
58,45,0.7650847457627118,0.19677966101694916,0.9618644067796609,1.83894592535782,22.018406941422228,1790771.218754129,750.0000000000002,553.3684859448622,221.34739437794488,177.3327869286249,3.120508595895404,True
58,46,0.781864406779661,0.19677966101694916,0.9786440677966102,1.92049313302177,21.780856016515834,1981567.9614437434,750.0000000000001,556.5008724925857,222.6003489970343,177.98278168932706,3.126711849374118,True
58,47,0.7986440677966101,0.19677966101694916,0.9954237288135592,2.0038094156410677,21.550831461722396,2187984.118289194,749.9999999999999,559.5714235041166,223.82856940164666,178.65135923169026,3.132197963175958,True
58,48,0.8154237288135593,0.19677966101694916,1.0122033898305085,2.0888947732157135,21.327944058769166,2410929.5270988164,750.0000000000001,562.5824753322325,225.03299013289302,179.33701409451328,3.137012613780573,True
58,49,0.8322033898305085,0.19677966101694916,1.0289830508474576,2.1757492057457077,21.111832197981613,2651346.4486221164,750.0,565.5362328682172,226.2144931472869,180.03836320787138,3.141198480099777,True
58,50,0.8489830508474576,0.19677966101694916,1.0457627118644068,2.26437271323105,20.90215941035045,2910210.0191374994,750.0,568.4347793362417,227.3739117344967,180.75413452852445,3.1447954472462603,True
58,51,0.8657627118644068,0.19677966101694916,1.062542372881356,2.3547652956717404,20.698612163983505,3188528.699945251,750.0000000000002,571.2800851840876,228.51203407363505,181.4831568848812,3.1478407968540205,True
58,52,0.882542372881356,0.19677966101694916,1.0793220338983052,2.4469269530677784,20.50089789210919,3487344.7238489185,750.0000000000002,574.0740161691277,229.62960646765112,182.2243508852022,3.1503693846646392,True
58,53,0.899322033898305,0.19677966101694916,1.0961016949152542,2.5408576854191645,20.30874322441427,3807734.5387040866,750.0000000000001,576.8183407260186,230.72733629040746,182.97672076266562,3.152413806093917,True
58,54,0.9161016949152542,0.19677966101694916,1.1128813559322033,2.636557492725899,20.12189239739379,4150809.248110239,749.9999999999998,579.5147366918518,231.80589467674073,183.7393470478093,3.154004550484557,True
58,55,0.9328813559322033,0.19677966101694916,1.1296610169491526,2.7340263749879816,19.94010582268706,4517715.049317835,750.0,582.164797455302,232.86591898212083,184.51137997325512,3.15517014473409,True
58,56,0.9496610169491525,0.19677966101694916,1.1464406779661016,2.8332643322054123,19.763158795172576,4909633.6684196815,750.0,584.770037588375,233.90801503535,185.2920335278875,3.1559372869657873,True
58,57,0.9664406779661017,0.19677966101694916,1.1632203389830509,2.934271364378191,19.590840324979364,5327782.792892935,750.0000000000005,587.3318980124665,234.9327592049866,186.08058008817682,3.156330970884502,True
58,58,0.9832203389830508,0.19677966101694916,1.18,3.037047471506318,19.422952079608084,5773416.5015547415,749.9999999999997,589.8517507445005,235.9407002978002,186.87634556335098,3.1563746014315175,True
58,59,1.0,0.19677966101694916,1.1967796610169492,3.141592653589793,19.259307424101273,6247825.691992826,749.9999999999999,592.3309032637054,236.93236130548217,187.67870499891254,3.1560901023221444,True
59,0,0.01,0.2,0.21000000000000002,0.0003141592653589793,38.9523738990141,4.852534482106787e-06,30.185474369083963,398.8708337713818,159.54833350855273,159.55727247237238,2.499859941140865,True
59,1,0.026779661016949154,0.2,0.22677966101694916,0.0022529939386445163,38.780166798093234,0.003390825458396459,80.1225135736005,399.9722224409209,159.98888897636837,159.9974591934104,2.499866088232194,True
59,2,0.043559322033898305,0.2,0.24355932203389832,0.0059609035672781455,38.58692561939827,0.08514014102365765,129.03027181204195,401.21613865574653,160.48645546229864,160.4930867461551,2.4998967045249283,True
59,3,0.06033898305084746,0.2,0.26033898305084746,0.01143788815125987,38.37221991694821,0.7309491808972631,176.7510411179566,402.60825159671094,161.0433006386844,161.03474626854754,2.5001328031734618,True
59,4,0.0771186440677966,0.2,0.2771186440677966,0.01868394769058968,38.141835457472595,3.6629851856019227,223.1992373052494,404.11389958277965,161.64555983311186,161.63859341904072,2.500107746762759,True
59,5,0.09389830508474575,0.2,0.2938983050847458,0.02769908218526759,37.89680649181207,13.262591286297367,268.28298268325017,405.7289194046459,162.29156776185837,162.30081634273458,2.499857539520062,True
59,6,0.1106779661016949,0.2,0.3106779661016949,0.03848329163529359,37.63387705153155,38.59726694291255,311.85250561248637,407.47780530728795,162.9911221229152,162.9987533935707,2.4998829550763944,True
59,7,0.12745762711864406,0.2,0.32745762711864407,0.051036576040667685,37.35714443154385,96.03579176942412,353.86965005604736,409.3365226377773,163.73460905511092,163.74090796044212,2.499903828166558,True
59,8,0.14423728813559322,0.2,0.34423728813559323,0.06535893540138989,37.06615000091946,212.28850615441198,394.2417835960974,411.3112758530813,164.52451034123254,164.51607140576925,2.5001282387700967,True
59,9,0.1610169491525424,0.2,0.3610169491525424,0.08145036971746017,36.76647853318858,428.0077915556604,433.01785981630627,413.36695936008704,165.34678374403484,165.3398470533618,2.500104885343682,True
59,10,0.17779661016949153,0.2,0.3777966101694915,0.09931087898887854,36.45922942358848,801.467706236757,470.1848074542315,415.4982461240012,166.1992984496005,166.20855553271946,2.499860761031685,True
59,11,0.19457627118644066,0.2,0.3945762711864407,0.11894046321564498,36.141286597829684,1411.821705312186,505.62348661506695,417.72933787728033,167.09173515091214,167.09924996134498,2.4998875696564378,True
59,12,0.21135593220338983,0.2,0.41135593220338984,0.14033912239775956,35.814331178382155,2363.1424532106084,539.334593126648,420.0513555389734,168.02054221558936,168.01064219688476,2.5001473123752036,True
59,13,0.228135593220339,0.2,0.428135593220339,0.16350685653522223,35.48425822172076,3789.624282619956,571.4716031567694,422.4245240551992,168.96980962207968,168.9619637502874,2.5001160893200183,True
59,14,0.24491525423728813,0.2,0.44491525423728817,0.18844366562803297,35.151638777934274,5857.61448681002,602.056339250122,424.84605759355526,169.93842303742213,169.94847307343682,2.499852160542649,True
59,15,0.26169491525423727,0.2,0.4616949152542373,0.2151495496761918,34.81286076769474,8765.16960391297,630.964398499611,427.3440525906539,170.9376210362616,170.94522295112063,2.4998888252808733,True
59,16,0.27847457627118644,0.2,0.47847457627118645,0.24362450867969873,34.469784992247845,12749.43342521112,658.2529974266566,429.90691707775267,171.96276683110108,171.95362793887142,2.5001328685579245,True
59,17,0.2952542372881356,0.2,0.4952542372881356,0.2738685426385538,34.12962217973463,18099.493635349452,684.2097283808448,432.48165814256555,172.99266325702624,173.00297242891156,2.4998510260872893,True
59,18,0.31203389830508477,0.2,0.5120338983050847,0.30588165155275693,33.78375685972216,25119.43457130674,708.5129738212134,435.1346134308996,174.05384537235986,174.04358559323418,2.5001473737037,True
59,19,0.3288135593220339,0.2,0.5288135593220339,0.33966383542230805,33.44250271887694,34200.00071210086,731.6062468086806,437.7875581101379,175.11502324405518,175.12228859371336,2.499896281768064,True
59,20,0.34559322033898304,0.2,0.545593220338983,0.3752150942472074,33.02805143851504,45338.395409932185,750.0,441.057837996481,176.4231351985924,175.82056581966216,2.508567959273153,True
59,21,0.3623728813559322,0.2,0.5623728813559322,0.4125354280274548,32.254306959934155,56565.9427366911,750.0000000000002,447.30942589563585,178.92377035825436,174.56529440837463,2.562418992913958,True
59,22,0.3791525423728813,0.2,0.5791525423728814,0.45162483676305026,31.53251225158799,69870.47320762808,750.0000000000001,453.3199298734381,181.32797194937527,173.51639068603276,2.612548175311534,True
59,23,0.3959322033898305,0.2,0.5959322033898304,0.49248332045399384,30.857102701525992,85518.28933050901,750.0,459.10761883686877,183.64304753474752,172.6501219651664,2.659179232607189,True
59,24,0.41271186440677965,0.2,0.6127118644067797,0.5351108791002855,30.2233139455073,103796.0750454064,750.0000000000001,464.6887054905516,185.87548219622067,171.94612321501546,2.7025250514631667,True
59,25,0.4294915254237288,0.2,0.6294915254237288,0.5795075127019254,29.627039732707523,125011.49283044113,749.9999999999999,470.0776492023535,188.0310596809414,171.38681190564782,2.7427877558113485,True
59,26,0.446271186440678,0.2,0.646271186440678,0.6256732212589133,29.064719476470877,149493.77242211666,750.0000000000002,475.28740443229384,190.11496177291755,170.9569234931218,2.7801588535922406,True
59,27,0.4630508474576271,0.2,0.6630508474576271,0.6736080047712492,28.533248430748735,177594.2916025809,750.0000000000001,480.3296261543468,192.13185046173874,170.64313897418901,2.814819447425894,True
59,28,0.47983050847457626,0.2,0.6798305084745763,0.7233118632389332,28.029905301645357,209687.14946510553,749.9999999999999,485.21484097908433,194.08593639163374,170.43378350549335,2.8469405008746116,True
59,29,0.4966101694915254,0.2,0.6966101694915254,0.7747847966619654,27.552293430686298,246169.73253310323,749.9999999999999,489.95259068308326,195.98103627323331,170.31858045249243,2.876683150959842,True
59,30,0.5133898305084745,0.2,0.7133898305084745,0.8280268050403455,27.098292641682796,287463.2740764131,750.0000000000002,494.55155336062916,197.82062134425166,170.28844909614654,2.9041990574557435,True
59,31,0.5301694915254237,0.2,0.7301694915254238,0.8830378883740738,26.66601953916563,334013.4069406349,750.0000000000001,499.01964629146596,199.6078585165864,170.33533703855355,2.9296307798922445,True
59,32,0.5469491525423729,0.2,0.7469491525423728,0.9398180466631503,26.253794559458306,386290.71018048923,749.9999999999999,503.3641137653186,201.34564550612745,170.45208042113956,2.9531121739414754,True
59,33,0.563728813559322,0.2,0.7637288135593221,0.9983672799075749,25.860114457711852,444791.2497660794,750.0,507.59160244906104,203.03664097962442,170.6322866122775,2.9747687997784724,True
59,34,0.5805084745762712,0.2,0.7805084745762711,1.0586855881073476,25.483629201838774,510037.1136111279,750.0000000000002,511.70822637522053,204.68329055008823,170.87023518207585,2.9947183359931278,True
59,35,0.5972881355932204,0.2,0.7972881355932204,1.1207729712624683,25.12312246270892,582576.9411545318,749.9999999999999,515.7196232344104,206.28784929376417,171.16079386357345,3.0130709936147717,True
59,36,0.6140677966101695,0.2,0.8140677966101695,1.1846294293729371,24.777495057294686,662986.4477105188,750.0000000000001,519.6310033425639,207.85240133702555,171.49934687497844,3.0299299257470085,True
59,37,0.6308474576271186,0.2,0.8308474576271185,1.2502549624387536,24.44575083068356,751868.9437882645,750.0,523.4471924066944,209.37887696267777,171.8817334994091,3.045391629172124,True
59,38,0.6476271186440677,0.2,0.8476271186440678,1.3176495704599187,24.12698456345067,849855.8495686827,750.0000000000001,527.1726690156426,210.86906760625703,172.30419522502675,3.0595463350568033,True
59,39,0.6644067796610169,0.2,0.8644067796610169,1.386813253436432,23.820371569725545,957607.2047141598,749.9999999999999,530.8115976237887,212.32463904951547,172.76333006737275,3.0724783865695766,True
59,40,0.6811864406779661,0.2,0.8811864406779661,1.457746011368293,23.525158713514294,1075812.173676196,750.0000000000001,534.3678576675999,213.74714306703996,173.25605294780254,3.0842666018057723,True
59,41,0.6979661016949152,0.2,0.8979661016949152,1.5304478442555023,23.240656620268435,1205189.5466558624,750.0,537.845069350752,215.13802774030083,173.77956120250468,3.094984620912946,True
59,42,0.7147457627118644,0.2,0.9147457627118645,1.6049187520980597,22.9662329001988,1346488.2363630214,750.0000000000002,541.2466165484242,216.49864661936968,174.3313044572539,3.104701236725605,True
59,43,0.7315254237288136,0.2,0.9315254237288135,1.6811587348959653,22.701306231589033,1500487.77071175,750.0,544.5756672114395,217.83026688457582,174.90895823252592,3.113480708560819,True
59,44,0.7483050847457626,0.2,0.9483050847457626,1.7591677926492184,22.445341178033317,1667998.78158187,750.0000000000002,547.8351915931598,219.13407663726395,175.51040074855055,3.1213830591044567,True
59,45,0.7650847457627118,0.2,0.9650847457627119,1.83894592535782,22.197843634378078,1849863.4897692464,750.0000000000001,551.0279785741504,220.4111914296602,176.13369248543987,3.1284643545396706,True
59,46,0.781864406779661,0.2,0.9818644067796609,1.92049313302177,21.958356813178753,2046956.186241081,749.9999999999998,554.1566503197006,221.66266012788026,176.77705812361728,3.1347769682431754,True
59,47,0.7986440677966101,0.2,0.9986440677966102,2.0038094156410677,21.72645769745454,2260183.7098063463,750.0000000000001,557.2236754718973,222.88947018875893,177.43887054753006,3.14036982850742,True
59,48,0.8154237288135593,0.2,1.0154237288135592,2.0888947732157135,21.501753897039205,2490485.9213057617,749.9999999999998,560.2313810498815,224.09255241995263,178.117636643395,3.1452886508454365,True
59,49,0.8322033898305085,0.2,1.0322033898305085,2.1757492057457077,21.283880855358277,2738836.174420786,750.0000000000001,563.1819632082439,225.2727852832976,178.8119846614582,3.1495761555049406,True
59,50,0.8489830508474576,0.2,1.0489830508474576,2.26437271323105,21.072499361383567,3006241.783195791,750.0000000000001,566.0774969834956,226.43099879339826,179.52065294641739,3.15327227086488,True
59,51,0.8657627118644068,0.2,1.0657627118644069,2.3547652956717404,20.867293328127754,3293744.486363646,750.0000000000002,568.9199451415124,227.56797805660494,180.2424798674517,3.156414323415267,True
59,52,0.882542372881356,0.2,1.082542372881356,2.4469269530677784,20.66796780457706,3602420.9085600907,750.0000000000001,571.7111662243581,228.68446648974324,180.97639480273372,3.1590372150330963,True
59,53,0.899322033898305,0.2,1.099322033898305,2.5408576854191645,20.47424719261565,3933383.018508924,750.0000000000003,574.4529218824727,229.78116875298906,181.7214100530483,3.1611735882677654,True
59,54,0.9161016949152542,0.2,1.1161016949152542,2.636557492725899,20.285873644420768,4287778.584255834,750.0000000000001,577.14688356758,230.85875342703198,182.47661357593418,3.162853980339849,True
59,55,0.9328813559322033,0.2,1.1328813559322033,2.7340263749879816,20.10260561913152,4666791.625525641,750.0000000000001,579.7946386525001,231.91785546100004,183.24116244601393,3.16410696654098,True
59,56,0.9496610169491525,0.2,1.1496610169491526,2.8332643322054123,19.92421658041569,5071642.86327431,749.9999999999999,582.3976960361607,232.9590784144643,184.0142769593651,3.1649592937007194,True
59,57,0.9664406779661017,0.2,1.1664406779661016,2.934271364378191,19.75049381896248,5503590.1665039025,750.0000000000001,584.9574912852537,233.9829965141015,184.7952353102151,3.1654360043606515,True
59,58,0.9832203389830508,0.2,1.183220338983051,3.037047471506318,19.581237385982746,5963928.996406201,750.0000000000002,587.4753913580631,234.99015654322525,185.58336877717744,3.1655605522681367,True
59,59,1.0,0.2,1.2,3.141592653589793,19.416259125556994,6453992.847897473,750.0000000000002,589.9526989508173,235.98107958032693,186.3780573639863,3.165354909771763,True
