candidate_rank,source_file,pareto_rank,row_i,col_j,schema,solenoid_length_m,n_pc,n_par,ri,rf,th,v,valid,b0,v_bore,scan,je_coil,je_tape,je_max,j_crit,je_mech,b0_mech,je_closed,stress,sigma_struct,sigma_tape,util,f_struct,f_struct_tape,f_filler,f_tape_min,f_tape_built,fill,n_tp_min,n_tp,n_bund,n_tape,n_tot,n_par_min,pitch,pitch_turn,i0,i_tape,i_max,i_margin,length_tape,em_tot,em_dump,l_self,l_dump,r_ee,u_ee,tau_ee,miits,j_cu_max,j_cu,gamma_op,f_cu_req,f_cu_have,f_cu_add,t_cu_add,m_cu,n_eval,binding_code,feasible,converged,binding,length_tape_km,pancake_length_m,piece_length_m,scan_error_yrs,abs_scan_error_yrs,target_scan_yrs,scan_margin_yrs,search_pool,pick_rule
0,thickness_grids_L10000mm.csv,113,39,151,2,10.0,2500,10,1.1384321608040202,1.2314321608040202,0.093,40.715913674279975,1,6.569965031345051,40.715913674279975,1.9606876531750324,57.77508766532366,2686.5415764375493,2686.541577839855,4477.569296399759,103.213145037608,11.737009515248666,58.18237521941162,235.00249119101952,728.5866036541178,21855.231680764813,0.9714488048721572,0.3225457207316186,0.010752688172043,0.3117930325595756,0.0215053763328607,0.021505376344086,0.6882069674404244,20.0,20.0,2.0,50000.0,5000.0,10.0,4.649999999999999,46.499999999999986,10746.166305750196,1074.6166305750198,1074.616631135942,1.0000000005219742,372257.4171384189,396.9409255016213,396.9409255016213,6.874620977012699,6.874620977012699,1.0,10746.166305750196,6.874620977012699,396.9409255016213,85.28263741682763,85.28263741682763,2.5000000000000004e+16,0.6774542792683814,0.010752688172043,0.6667015910963384,31.001623985979727,42028.540039580344,32.0,0,1,1,mechanical,372.2574171384189,148.90296685536757,14.890296685536756,-0.03931234682496765,0.03931234682496765,2,0.25,pareto,closest
1,thickness_grids_L10000mm.csv,112,39,150,2,10.0,2500,10,1.1308994974874371,1.223899497487437,0.093,40.178886328365174,1,6.571699616881264,40.178886328365174,2.0472496049565194,57.77086647853892,2686.345291252059,2686.3452933390163,4477.242155565027,103.51357360229304,11.775141233806956,58.45469817268653,233.60623076013457,714.6972937864135,21725.379460692508,0.9529297250485514,0.3268603824179968,0.010752688172043,0.3161076942459538,0.021505376327379,0.021505376344086,0.6838923057540461,20.0,20.0,2.0,50000.0,5000.0,10.0,4.649999999999999,46.499999999999986,10745.381165008235,1074.5381165008237,1074.5381173356066,1.000000000776876,369890.9611646847,391.9008455215793,391.9008455215793,6.788323724281829,6.788323724281829,1.0,10745.381165008235,6.788323724281829,391.9008455215793,85.82300754494095,85.82300754494095,2.5000000000000004e+16,0.6731396175820031,0.010752688172043,0.6623869294099601,30.800992217563135,41495.38748279771,32.0,0,1,1,mechanical,369.89096116468465,147.95638446587387,14.795638446587388,0.04724960495651942,0.04724960495651942,2,0.25,pareto,closest
2,thickness_grids_L10000mm.csv,114,39,152,2,10.0,2500,10,1.145964824120603,1.238964824120603,0.093,41.25650616341551,1,6.568220959177124,41.25650616341551,1.878345259294205,57.77933263291115,2686.738967430367,2686.738967551388,4477.898279252313,102.91555166840736,11.69920199300944,57.91247335397071,236.3982696086355,742.8698396604981,21985.03907360309,0.9904931195473308,0.3182230008377683,0.010752688172043,0.3074703126657253,0.0215053763431173,0.021505376344086,0.6925296873342747,20.0,20.0,2.0,50000.0,5000.0,10.0,4.649999999999999,46.499999999999986,10746.955869721469,1074.6955869721469,1074.6955870205552,1.0000000000450435,374623.8731121531,402.0227112598,402.0227112598,6.961609406138086,6.961609406138086,1.0,10746.955869721469,6.961609406138086,402.0227112598,84.74814008672989,84.74814008672989,2.5000000000000004e+16,0.6817769991622317,0.010752688172043,0.6710243109901887,31.202630461043764,42565.59896479581,32.0,0,1,1,mechanical,374.6238731121531,149.84954924486124,14.984954924486123,-0.12165474070579507,0.12165474070579507,2,0.25,pareto,closest
3,thickness_grids_L10000mm.csv,111,39,149,2,10.0,2500,10,1.1233668341708545,1.2163668341708542,0.093,39.64542412567109,1,6.573424689148851,39.64542412567109,2.138278495467691,57.766669134855405,2686.1501147707754,2686.1501165386294,4476.916860897716,103.8168810700868,11.813602193046831,58.72951557899804,232.2094884300157,701.1837295043777,21595.48242399145,0.9349116393391704,0.3311678218690982,0.010752688172043,0.3204151336970552,0.0215053763299325,0.021505376344086,0.6795848663029448,20.0,20.0,2.0,50000.0,5000.0,10.0,4.649999999999999,46.499999999999986,10744.600459083103,1074.4600459083103,1074.4600466154518,1.0000000006581369,367524.5051909504,386.9013237171269,386.9013237171269,6.702698272611788,6.702698272611788,1.0,10744.600459083103,6.702698272611788,386.9013237171269,86.36945264249754,86.36945264249754,2.5e+16,0.6688321781309018,0.010752688172043,0.6580794899588588,30.60069628308693,40966.080556927445,32.0,0,1,1,mechanical,367.5245051909504,147.00980207638017,14.700980207638016,0.138278495467691,0.138278495467691,2,0.25,pareto,closest
4,thickness_grids_L10000mm.csv,115,39,153,2,10.0,2500,10,1.153497487437186,1.246497487437186,0.093,41.80066379577176,1,6.5507082698162975,41.80066379577176,1.817373949995648,57.64492388334975,2680.488960575762,2688.722774154394,4481.204623590656,102.62075069937944,11.66171372906179,57.644923918288406,236.65355286064928,749.999998104787,22008.780416040372,0.9999999974730494,0.3155380712782148,0.010752688172043,0.3047853831061718,0.0214395193277146,0.021505376344086,0.6952146168938281,20.0,20.0,2.0,50000.0,5000.0,10.0,4.649999999999999,46.499999999999986,10721.95584230305,1072.195584230305,1075.4891096617575,1.0030717580634478,376990.3290858873,405.1953852539702,405.1953852539702,7.049307535639081,7.049307535639081,1.0,10721.95584230305,7.049307535639081,405.1953852539702,84.21932829923813,84.21932829923813,2.5000000000000004e+16,0.6844619287217851,0.010752688172043,0.6737092405497421,31.327479685563,43003.16891363507,32.0,0,1,1,mechanical,376.9903290858873,150.7961316343549,15.079613163435493,-0.18262605000435195,0.18262605000435195,2,0.25,pareto,closest
5,thickness_grids_L10000mm.csv,116,40,153,2,10.0,2500,10,1.153497487437186,1.249497487437186,0.096,41.80066379577176,1,6.56611326401779,41.80066379577176,1.8003786517510656,55.97869898150432,2686.9775511122098,2686.97755364334,4478.2959227389,100.87934257858558,11.8328078612456,57.13821085599987,230.94171047611965,690.2157281265693,22170.404205707506,0.9202876375020924,0.3345935206416658,0.0104166666666666,0.3241768539749992,0.0208333333137083,0.0208333333333333,0.6758231460250008,20.0,20.0,2.0,50000.0,5000.0,10.0,4.800000000000004,48.00000000000004,10747.91020444884,1074.791020444884,1074.791021457336,1.000000000941999,377461.5679839258,408.0529454027249,408.0529454027249,7.064776935849955,7.064776935849955,1.0,10747.91020444884,7.064776935849955,408.0529454027249,84.12707227540945,84.12707227540945,2.5000000000000004e+16,0.6654064793583342,0.0104166666666666,0.6549898126916676,31.439511009200068,43208.48145572231,32.0,0,1,1,mechanical,377.4615679839258,150.98462719357033,15.098462719357032,-0.1996213482489344,0.1996213482489344,2,0.25,pareto,closest
6,thickness_grids_L10000mm.csv,117,39,154,2,10.0,2500,10,1.1610301507537688,1.2540301507537688,0.093,42.348386571348755,1,6.518329417588174,42.348386571348755,1.7750332024034263,57.379662619321394,2668.154311798444,2692.399065887128,4487.331776478547,102.32870022318396,11.624539888872391,57.379662637743586,235.820919588408,749.9999989933915,21931.345521721934,0.9999999986578554,0.3144278932065517,0.010752688172043,0.3036752050345087,0.0213117228223428,0.021505376344086,0.6963247949654913,20.0,20.0,2.0,50000.0,5000.0,10.0,4.649999999999999,46.499999999999986,10672.617247193775,1067.2617247193775,1076.9596263548513,1.009086713606284,379356.7850596215,406.51088236406264,406.51088236406264,7.137733072289897,7.137733072289897,1.0,10672.617247193775,7.137733072289897,406.51088236406264,83.69602854424319,83.69602854424319,2.5000000000000004e+16,0.6855721067934483,0.010752688172043,0.6748194186214053,31.379102965895335,43343.297578028505,32.0,0,1,1,mechanical,379.3567850596215,151.7427140238486,15.17427140238486,-0.22496679759657368,0.22496679759657368,2,0.25,pareto,closest
7,thickness_grids_L10000mm.csv,110,39,148,2,10.0,2500,10,1.1158341708542714,1.2088341708542714,0.093,39.11552706619776,1,6.575140218881815,39.11552706619776,2.234038047198859,57.76249567233616,2685.9560487636304,2685.9560502270124,4476.593417045021,104.12311208608044,11.85239754660063,59.00690585887069,230.81226417297336,688.0287141203213,21465.54056808651,0.9173716188270952,0.3354689411009223,0.010752688172043,0.3247162529288793,0.0215053763323693,0.021505376344086,0.6752837470711207,20.0,20.0,2.0,50000.0,5000.0,10.0,4.649999999999999,46.499999999999986,10743.824195054522,1074.3824195054522,1074.382420090805,1.0000000005448273,365158.0492172162,381.9411617760985,381.9411617760985,6.617724359608342,6.617724359608342,1.0,10743.824195054522,6.617724359608342,381.9411617760985,86.92219106813567,86.92219106813567,2.4999999999999996e+16,0.6645310588990777,0.010752688172043,0.6537783707270347,30.400694238807105,40440.55582407851,32.0,0,1,1,mechanical,365.1580492172162,146.06321968688647,14.606321968688649,0.234038047198859,0.234038047198859,2,0.25,pareto,closest
0,thickness_grids_L10000mm.csv,89,19,192,2,10.0,2500,10,1.4472713567839195,1.4822713567839194,0.035,65.8036231698364,1,3.692917983190649,65.8036231698364,3.9648788705885054,87.49268336944746,3062.2439179306543,3062.2439180626225,5103.739863437704,154.44514673701835,6.518868068010605,90.0312088921394,240.68897913214084,671.5167401115568,16848.22853924982,0.8953556534820758,0.3584258809276385,0.0142857142857143,0.3441401666419241,0.0285714285701973,0.0285714285714286,0.6558598333580758,10.0,10.0,1.0,25000.0,2500.0,10.0,3.499999999999992,34.99999999999992,12248.975671722616,1224.8975671722617,1224.897567225049,1.0000000000430953,230085.74668305577,201.69250162910265,201.69250162910265,2.6885629169663203,2.6885629169663203,1.0,12248.975671722616,2.6885629169663203,201.69250162910265,136.37190274438018,136.37190274438018,2.4999999999999996e+16,0.6415741190723615,0.0142857142857143,0.6272884047866472,21.9550941675326,18517.08403641619,32.0,0,1,1,mechanical,230.08574668305576,92.03429867322232,9.20342986732223,-0.03512112941149459,0.03512112941149459,4,0.25,pareto,closest
1,thickness_grids_L10000mm.csv,88,19,191,2,10.0,2500,10,1.4397386934673368,1.4747386934673368,0.035,65.12042495187163,1,3.694185506481222,65.12042495187163,4.099608412545676,87.48722366885909,3062.052828410061,3062.0528311280336,5103.42138521339,154.81324448511947,6.537055583715272,90.39106536813811,239.5158775291872,661.5004109070442,16766.111427043066,0.8820005478760589,0.3620797108814565,0.0142857142857143,0.3477939965957421,0.0285714285460677,0.0285714285714286,0.6522060034042578,10.0,10.0,1.0,25000.0,2500.0,10.0,3.499999999999992,34.99999999999992,12248.211313640246,1224.8211313640245,1224.8211324512135,1.0000000008876309,228902.51869618864,199.40172468185125,199.40172468185125,2.658358601368818,2.658358601368818,1.0,12248.211313640246,2.658358601368818,199.40172468185125,137.14444447243707,137.14444447243707,2.5e+16,0.6379202891185435,0.0142857142857143,0.6236345748328291,21.827210119148972,18316.944600128292,32.0,0,1,1,mechanical,228.90251869618868,91.56100747847546,9.156100747847546,0.09960841254567576,0.09960841254567576,4,0.25,pareto,closest
2,thickness_grids_L10000mm.csv,90,19,193,2,10.0,2500,10,1.4548040201005026,1.4898040201005025,0.035,66.49038653102193,1,3.691645342245295,66.49038653102193,3.83529273272328,87.49816578655162,3062.4358025293,3062.4358027932076,5104.059671322013,154.07997239435514,6.500806129016364,89.67374007258988,241.86151980736133,681.7584870278746,16930.306386515254,0.909011316037166,0.3547612892385929,0.0142857142857143,0.3404755749528786,0.0285714285689664,0.0285714285714286,0.6595244250471213,10.0,10.0,1.0,25000.0,2500.0,10.0,3.499999999999992,34.99999999999992,12249.7432101172,1224.97432101172,1224.9743211172831,1.000000000086176,231268.97466992287,204.00316699386997,204.00316699386997,2.7190233412193603,2.7190233412193603,1.0,12249.7432101172,2.7190233412193603,204.00316699386997,135.60588403522837,135.60588403522837,2.4999999999999996e+16,0.645238710761407,0.0142857142857143,0.6309529964756927,22.083354876649192,18718.620307715897,32.0,0,1,1,mechanical,231.26897466992287,92.50758986796914,9.250758986796916,-0.1647072672767198,0.1647072672767198,4,0.25,pareto,closest
3,thickness_grids_L10000mm.csv,87,19,190,2,10.0,2500,10,1.4322060301507538,1.4672060301507537,0.035,64.44079187712757,1,3.695447900690369,64.44079187712757,4.239715339219182,87.4817869403906,3061.862542913664,3061.86254338989,5103.10423898315,155.18430355224237,6.555370310085146,90.75332927188072,238.34221521370583,651.7020389636334,16683.95506495937,0.8689360519515112,0.3657226784079556,0.0142857142857143,0.3514369641222412,0.0285714285669847,0.0285714285714286,0.6485630358777588,10.0,10.0,1.0,25000.0,2500.0,10.0,3.499999999999992,34.99999999999992,12247.450171654657,1224.7450171654657,1224.7450173559562,1.000000000155535,227719.29070932156,197.1307831361282,197.1307831361282,2.62840981612798,2.62840981612798,1.0,12247.450171654657,2.62840981612798,197.1307831361282,137.92356113381155,137.92356113381155,2.5000000000000004e+16,0.6342773215920444,0.0142857142857143,0.6199916073063301,21.6997062557215,18118.200083229287,32.0,0,1,1,mechanical,227.71929070932157,91.08771628372862,9.108771628372862,0.23971533921918198,0.23971533921918198,4,0.25,pareto,closest
0,thickness_grids_L10000mm.csv,74,18,180,2,10.0,2500,10,1.3568793969849249,1.388879396984925,0.032,57.84054400682728,1,3.7080263536850935,57.84054400682728,5.996006811250594,95.6239979667327,3059.967934935449,3059.967936547167,5099.946560911945,166.53703290472566,6.4578319250997955,96.81390136404607,247.2711293000461,714.474637101091,15825.352275202964,0.9526328494681212,0.3460880435214941,0.0156249999999999,0.3304630435214941,0.0312499999835402,0.0312499999999999,0.6695369564785059,10.0,10.0,1.0,25000.0,2500.0,10.0,3.200000000000003,32.00000000000003,12239.871739741797,1223.9871739741798,1223.987174618867,1.000000000526711,215651.3913916312,175.1453068597445,175.1453068597445,2.338162906567192,2.338162906567192,1.0,12239.871739741797,2.338162906567192,175.1453068597445,146.23375061329966,146.23375061329966,2.4999999999999996e+16,0.6539119564785059,0.0156249999999999,0.6382869564785059,20.425182607312205,16172.960363896796,32.0,0,1,1,mechanical,215.6513913916312,86.26055655665249,8.62605565566525,-0.003993188749405796,0.003993188749405796,6,0.25,pareto,closest
1,thickness_grids_L10000mm.csv,75,18,181,2,10.0,2500,10,1.3644120603015075,1.3964120603015076,0.032,58.484525649364016,1,3.706817405244503,58.484525649364016,5.786286261835008,95.62968498464842,3060.149919508752,3060.1499206935146,5100.249867822525,166.11415821269944,6.438950970289418,96.41111809761726,248.56124424334945,726.3023170703839,15907.919631574376,0.9684030894271786,0.3422283509240988,0.0156249999999999,0.3266033509240988,0.0312499999879012,0.0312499999999999,0.6733966490759011,10.0,10.0,1.0,25000.0,2500.0,10.0,3.200000000000003,32.00000000000003,12240.599678035009,1224.059967803501,1224.059968277406,1.0000000003871583,216834.61937849832,177.2189869375616,177.2189869375616,2.3655648351916843,2.3655648351916843,1.0,12240.599678035009,2.3655648351916843,177.21898693756157,145.38432162437817,145.38432162437817,2.5000000000000004e+16,0.6577716490759011,0.0156249999999999,0.6421466490759011,20.548692770428858,16357.681662482542,32.0,0,1,1,mechanical,216.83461937849833,86.73384775139932,8.673384775139933,-0.21371373816499162,0.21371373816499162,6,0.25,pareto,closest
2,thickness_grids_L10000mm.csv,73,18,179,2,10.0,2500,10,1.3493467336683418,1.3813467336683418,0.032,57.20012750751128,1,3.709229955921343,57.20012750751128,6.214643760236668,95.61833681383128,3059.7867780426036,3059.786780714866,5099.644634524777,166.9635120796644,6.476854557275076,97.21947051580258,245.98039292651887,702.9315358134913,15742.74514729722,0.9372420477513218,0.3499350653571826,0.0156249999999999,0.3343100653571826,0.0312499999727078,0.0312499999999999,0.6656899346428173,10.0,10.0,1.0,25000.0,2500.0,10.0,3.200000000000003,32.00000000000003,12239.147112170414,1223.9147112170417,1223.9147122859465,1.0000000008733492,214468.1634047641,173.09057812568926,173.09057812568926,2.311006219310379,2.311006219310379,1.0,12239.147112170414,2.311006219310379,173.09057812568926,147.09043930568174,147.09043930568174,2.5000000000000004e+16,0.6500649346428173,0.0156249999999999,0.6344399346428173,20.302077908570173,15989.59826348906,32.0,0,1,1,mechanical,214.4681634047641,85.78726536190564,8.578726536190565,0.21464376023666798,0.21464376023666798,6,0.25,pareto,closest
0,thickness_grids_L3000mm.csv,231,183,191,2,3.0,750,10,1.4397386934673368,2.328738693467337,0.889,19.53612748556149,1,12.056505722466454,19.53612748556149,1.9992195982658625,17.247172893455073,2190.3909574687937,2190.5575759373837,3650.9292932289727,27.565082500185344,19.26916236978524,17.24717289369774,293.61517935777056,749.9999999624922,74578.2555568737,0.9999999999499896,0.3914869058299391,0.0039370078740157,0.3875498979559234,0.0078734168336454,0.0078740157480314,0.6124501020440766,70.0,70.0,7.0,52500.0,5250.0,10.0,12.7,127.0,8761.563829875176,876.1563829875176,876.2230303749535,1.000076067912909,621548.5958856946,2388.951259355159,2388.951259355159,62.24063664876544,62.24063664876544,1.0,8761.563829875176,62.24063664876544,2388.951259355159,28.3431417642346,28.3431417642346,2.5e+16,0.6085130941700608,0.0039370078740157,0.6045760862960451,76.78116295959772,172153.85000021022,32.0,0,1,1,mechanical,621.5485958856946,828.7314611809261,82.87314611809262,-0.0007804017341375147,0.0007804017341375147,2,0.25,pareto,closest
1,thickness_grids_L3000mm.csv,232,182,192,2,3.0,750,10,1.4472713567839195,2.3292713567839196,0.882,19.74108695095092,1,11.958395858855363,19.74108695095092,1.9950143386318848,17.266339447020826,2175.558770324624,2197.6773615594566,3662.7956025990943,27.680124747441624,19.170820205872825,17.2663394521745,291.82717203691794,749.9999992008142,73540.44735330333,0.999999998934419,0.3891028964638446,0.0039682539682539,0.3851346424955907,0.007856630708872,0.0079365079365079,0.6148653575044093,70.0,70.0,7.0,52500.0,5250.0,10.0,12.6,126.00000000000004,8702.235081298497,870.2235081298497,879.0709446237827,1.010166855309329,622878.8393579213,2369.939249649731,2369.939249649731,62.590091584277275,62.590091584277275,1.0,8702.235081298497,62.590091584277275,2369.939249649731,28.263907861201595,28.263907861201595,2.5000000000000004e+16,0.6108971035361553,0.0039682539682539,0.6069288495679014,76.47303504555559,171834.43103601958,32.0,0,1,1,mechanical,622.8788393579213,830.5051191438951,83.0505119143895,-0.00498566136811518,0.00498566136811518,2,0.25,pareto,closest
2,thickness_grids_L3000mm.csv,230,182,191,2,3.0,750,10,1.4397386934673368,2.3217386934673367,0.882,19.53612748556149,1,12.01378682396569,19.53612748556149,2.0278071088850416,17.304100607611005,2180.3166765589863,2193.6514310577677,3656.0857184296137,27.706564905688783,19.235947128908236,17.304100613510123,292.5458602056694,749.9999990888277,73721.55677182868,0.9999999987851036,0.3900611474147764,0.0039682539682539,0.3860928934465224,0.0078882635420646,0.0079365079365079,0.6139071065534776,70.0,70.0,7.0,52500.0,5250.0,10.0,12.599999999999998,125.99999999999996,8721.266706235945,872.1266706235945,877.4605724231071,1.006115971428438,620394.0605855004,2362.5101248819738,2362.5101248819738,62.12187254910497,62.12187254910497,1.0,8721.266706235945,62.12187254910497,2362.5101248819738,28.37022192350534,28.37022192350534,2.5e+16,0.6099388525852236,0.0039682539682539,0.6059705986169697,76.35229542573816,170880.48812617277,32.0,0,1,1,mechanical,620.3940605855005,827.1920807806672,82.71920807806673,0.027807108885041565,0.027807108885041565,2,0.25,pareto,closest
3,thickness_grids_L3000mm.csv,233,183,192,2,3.0,750,10,1.4472713567839195,2.3362713567839197,0.889,19.74108695095092,1,12.00105727854841,19.74108695095092,1.966797693508776,17.20971829306338,2185.6342232190495,2194.575207012889,3657.625345021482,27.538943580148025,19.20405864105751,17.2097183001473,292.8965347506312,749.9999989007705,74395.71982666034,0.9999999985343608,0.3905287135732158,0.0039370078740157,0.3865917056992001,0.0078419359874606,0.0078740157480314,0.6134082943007999,70.0,70.0,7.0,52500.0,5250.0,10.0,12.700000000000005,127.00000000000004,8742.5368928762,874.25368928762,877.8300828051557,1.0040907960256364,624033.3746581156,2396.480684311106,2396.480684311106,62.70887090594278,62.70887090594278,1.0,8742.5368928762,62.70887090594278,2396.480684311106,28.23712728775252,28.23712728775252,2.5e+16,0.6094712864267842,0.0039370078740157,0.6055342785527684,76.9028533762016,173114.23826105794,32.0,0,1,1,mechanical,624.0333746581156,832.0444995441541,83.20444995441541,-0.03320230649122391,0.03320230649122391,2,0.25,pareto,closest
4,thickness_grids_L3000mm.csv,234,184,192,2,3.0,750,10,1.4472713567839195,2.3442713567839197,0.897,19.74108695095092,1,12.02575979635801,19.74108695095092,1.950687157096718,17.112021586738038,2192.783337614861,2192.7833381366167,3654.638896894361,27.379668598123917,19.24152071664664,17.145544208550014,292.95946100406474,744.8128040832281,75081.3247201846,0.9930837387776374,0.3933330085062936,0.003901895206243,0.3894311133000506,0.0078037904106292,0.007803790412486,0.6105688866999494,70.0,70.0,7.0,52500.0,5250.0,10.0,12.814285714285717,128.14285714285717,8771.133350459442,877.1133350459443,877.1133352546467,1.0000000002379423,625352.8435726232,2417.4056286969794,2417.4056286969794,62.844618920386154,62.844618920386154,1.0,8771.133350459442,62.844618920386154,2417.4056286969794,28.206613886484313,28.206613886484313,2.5000000000000004e+16,0.6066669914937064,0.003901895206243,0.6027650962874633,77.24004162426496,174236.00262365048,32.0,0,1,1,mechanical,625.3528435726232,833.8037914301643,83.38037914301643,-0.049312842903282084,0.049312842903282084,2,0.25,pareto,closest
5,thickness_grids_L3000mm.csv,229,183,190,2,3.0,750,10,1.4322060301507538,2.321206030150754,0.889,19.33223756313827,1,12.078199407341248,19.33223756313827,2.0555374953390837,17.236142574108705,2188.990106911806,2188.99010728292,3648.3168454715337,27.591298582194018,19.334558457634703,17.28482417136476,292.682756825259,742.5437386027137,74341.4202336158,0.9900583181369516,0.394162312076076,0.0039370078740157,0.3902253042020602,0.0078740157466965,0.0078740157480314,0.6097746957979397,70.0,70.0,7.0,52500.0,5250.0,10.0,12.700000000000005,127.00000000000004,8755.960427647224,875.5960427647224,875.5960429131682,1.0000000001695368,619063.8171132737,2367.990774389664,2367.990774389664,61.77353028778312,61.77353028778312,1.0,8755.960427647224,61.77353028778312,2367.990774389664,28.45009961855175,28.45009961855175,2.4999999999999996e+16,0.605837687923924,0.0039370078740157,0.6019006800499083,76.44138636633836,170711.7559631505,32.0,0,1,1,mechanical,619.0638171132737,825.4184228176982,82.54184228176982,0.0555374953390837,0.0555374953390837,2,0.25,pareto,closest
6,thickness_grids_L3000mm.csv,228,182,190,2,3.0,750,10,1.4322060301507538,2.314206030150754,0.882,19.33223756313827,1,12.069537378564451,19.33223756313827,2.061444698255435,17.342061164367546,2185.099706710311,2189.6156832722977,3649.359472120496,27.733084055214363,19.301367435782932,17.342061167823907,293.26913264837435,749.9999994682471,73903.82142739034,0.9999999992909964,0.391025510475071,0.0039682539682539,0.3870572565068171,0.0079201392723176,0.0079365079365079,0.6129427434931829,70.0,70.0,7.0,52500.0,5250.0,10.0,12.6,126.00000000000004,8740.398826841243,874.0398826841243,875.8462733089191,1.0020667141861392,617909.2818130795,2355.0453884366952,2355.0453884366952,61.65478351412164,61.65478351412164,1.0,8740.398826841243,61.65478351412164,2355.0453884366952,28.47748380707437,28.47748380707437,2.4999999999999996e+16,0.6089744895249289,0.0039682539682539,0.605006235556675,76.23078568014107,169926.99018648828,32.0,0,1,1,mechanical,617.9092818130795,823.8790424174393,82.38790424174393,0.06144469825543508,0.06144469825543508,2,0.25,pareto,closest
7,thickness_grids_L3000mm.csv,235,183,193,2,3.0,750,10,1.4548040201005026,2.3438040201005026,0.889,19.947115959306576,1,11.945965062361134,19.947115959306576,1.9351854654770968,17.17245892888679,2180.9022839686218,2198.5830883039266,3664.305147173211,27.51288164513947,19.13924640954253,17.17245893182413,292.1824162688102,749.9999995424137,74214.33373227778,0.9999999993898848,0.3895765552627668,0.0039370078740157,0.385639547388751,0.0078106936327497,0.0078740157480314,0.6143604526112489,70.0,70.0,7.0,52500.0,5250.0,10.0,12.7,127.0,8723.609135874489,872.3609135874489,879.4332353215707,1.008107105240465,626518.1534305365,2403.974430008427,2403.974430008427,63.17822822442458,63.17822822442458,1.0,8723.609135874489,63.17822822442458,2403.974430008427,28.132043546064903,28.132043546064903,2.5e+16,0.6104234447372332,0.0039370078740157,0.6064864368632175,77.02377748162861,174075.07323046317,32.0,0,1,1,mechanical,626.5181534305365,835.357537907382,83.5357537907382,-0.0648145345229032,0.0648145345229032,2,0.25,pareto,closest
8,thickness_grids_L3000mm.csv,227,181,190,2,3.0,750,10,1.4322060301507538,2.3072060301507538,0.875,19.33223756313827,1,12.02634861735361,19.33223756313827,2.0912166549775004,17.39974846707882,2174.9685583848523,2192.740665498629,3654.567775831048,27.87660772481645,19.267738461976737,17.39974846975262,292.19135069488846,749.9999995889187,73047.83767372213,0.9999999994518918,0.3895884678067213,0.004,0.3855884678067213,0.0079351602042378,0.008,0.6144115321932787,70.0,70.0,7.0,52500.0,5250.0,10.0,12.5,125.0,8699.874233539409,869.9874233539409,877.0962661994516,1.0081712018526716,616754.7465128852,2328.763991465913,2328.763991465913,61.53603703935979,61.53603703935979,1.0,8699.874233539409,61.53603703935979,2328.763991465913,28.50494715353677,28.504947153536772,2.500000000000001e+16,0.6104115321932787,0.004,0.6064115321932787,75.80144152415984,168660.44599327052,32.0,0,1,1,mechanical,616.7547465128852,822.3396620171803,82.23396620171803,0.09121665497750042,0.09121665497750042,2,0.25,pareto,closest
9,thickness_grids_L3000mm.csv,236,184,193,2,3.0,750,10,1.4548040201005026,2.3518040201005026,0.897,19.947115959306576,1,11.994162010270196,19.947115959306576,1.9042673079041237,17.108627965255806,2192.348469262065,2195.07594956649,3658.4599159441505,27.35394363539452,19.176735402102455,17.108627968499068,293.394341042366,749.9999994943789,75192.77826142922,0.9999999993258386,0.3911924549868816,0.003901895206243,0.3872905597806386,0.0077940938529414,0.007803790412486,0.6127094402193614,70.0,70.0,7.0,52500.0,5250.0,10.0,12.814285714285711,128.14285714285714,8769.39387704826,876.939387704826,878.0303798265961,1.0012440906829667,627837.6223450442,2434.494790164412,2434.494790164412,63.313991192858865,63.313991192858865,1.0,8769.39387704826,63.313991192858865,2434.494790164412,28.10186586121752,28.10186586121752,2.5e+16,0.6088075450131184,0.003901895206243,0.6049056498068753,77.5143382681096,175545.52654310575,32.0,0,1,1,mechanical,627.8376223450441,837.1168297933922,83.71168297933922,-0.09573269209587632,0.09573269209587632,2,0.25,pareto,closest
10,thickness_grids_L3000mm.csv,237,185,193,2,3.0,750,10,1.4548040201005026,2.3588040201005027,0.904,19.947115959306576,1,11.995770578300007,19.947115959306576,1.90324610549939,16.996364793154065,2194.9591104301826,2194.9591110112447,3658.265185018741,27.216647638538397,19.209087646426696,17.053235119133085,292.4853307964282,741.1818578206672,75544.78258284889,0.988242477094223,0.3946201970680136,0.0038716814159292,0.3907485156520844,0.0077433628298085,0.0077433628318584,0.6092514843479155,70.0,70.0,7.0,52500.0,5250.0,10.0,12.914285714285716,129.14285714285717,8779.83644172073,877.983644172073,877.9836444044979,1.0000000002647258,628992.1576452386,2444.8748190481183,2444.8748190481183,63.43278392915211,63.43278392915211,1.0,8779.83644172073,63.43278392915211,2444.8748190481183,28.075539869082125,28.075539869082125,2.5e+16,0.6053798029319863,0.0038716814159292,0.6015081215160571,77.68047740721654,176242.8672976382,32.0,0,1,1,mechanical,628.9921576452385,838.6562101936514,83.86562101936514,-0.0967538945006099,0.0967538945006099,2,0.25,pareto,closest
11,thickness_grids_L3000mm.csv,226,182,189,2,3.0,750,10,1.424673366834171,2.306673366834171,0.882,19.129417183681277,1,12.108476858274727,19.129417183681277,2.1078711974884596,17.355607413965124,2186.8065341596057,2186.806535121093,3644.677558535155,27.759682387152235,19.367081990309696,17.38022261829084,293.1648604065731,746.2378208544121,73877.54482245643,0.9949837611392164,0.392857145823715,0.0039682539682539,0.388888891855461,0.0079365079330184,0.0079365079365079,0.611111108144539,70.0,70.0,7.0,52500.0,5250.0,10.0,12.6,126.00000000000004,8747.226136638425,874.7226136638425,874.7226140484372,1.0000000004396763,615424.5030406585,2340.8999771241697,2340.8999771241697,61.18882937274632,61.18882937274632,1.0,8747.226136638425,61.18882937274632,2340.8999771241697,28.58570646855689,28.58570646855689,2.5e+16,0.607142854176285,0.0039682539682539,0.603174600208031,75.99999962621193,168734.62772121813,32.0,0,1,1,mechanical,615.4245030406586,820.5660040542114,82.05660040542114,0.10787119748845964,0.10787119748845964,2,0.25,pareto,closest
12,thickness_grids_L3000mm.csv,225,181,189,2,3.0,750,10,1.424673366834171,2.299673366834171,0.875,19.129417183681277,1,12.082403458642474,19.129417183681277,2.1261250241972105,17.4382255165518,2179.778189568975,2188.686630079032,3647.81105013172,27.903515430749955,19.33347696580556,17.438225526904276,292.91930846167196,749.9999984147199,73229.82711541798,0.9999999978862932,0.3905590787744233,0.004,0.3865590787744233,0.007967438223864,0.008,0.6134409212255767,70.0,70.0,7.0,52500.0,5250.0,10.0,12.5,125.0,8719.1127582759,871.91127582759,875.4746520316129,1.00408685643002,614269.9677404643,2321.3639779017467,2321.3639779017467,61.07010241791602,61.07010241791602,1.0,8719.1127582759,61.07010241791602,2321.3639779017467,28.61347984556696,28.61347984556696,2.5e+16,0.6094409212255767,0.004,0.6054409212255767,75.6801151531971,167713.8422493873,32.0,0,1,1,mechanical,614.2699677404643,819.0266236539524,81.90266236539523,0.1261250241972105,0.1261250241972105,2,0.25,pareto,closest
13,thickness_grids_L3000mm.csv,238,184,194,2,3.0,750,10,1.4623366834170854,2.3593366834170855,0.897,20.15421451062845,1,11.939358434846978,20.15421451062845,1.8738336993684328,17.07190252891629,2187.6423669197015,2199.0647909325007,3665.107984887501,27.32829346375191,19.112239571644977,17.07190253061296,292.68474219529674,749.9999997344596,75010.91821405175,0.9999999996459462,0.3902463230652305,0.003901895206243,0.3863444278589875,0.0077632558164314,0.007803790412486,0.6136555721410124,70.0,70.0,7.0,52500.0,5250.0,10.0,12.814285714285711,128.14285714285714,8750.569467678804,875.0569467678804,879.6259163730003,1.0052213397333694,630322.4011174651,2442.0674394968073,2442.0674394968073,63.78447937722736,63.78447937722736,1.0,8750.569467678804,63.78447937722736,2442.0674394968073,27.998031294762676,27.998031294762676,2.5e+16,0.6097536769347695,0.003901895206243,0.6058517817285264,77.63557831578402,176514.16952675692,32.0,0,1,1,mechanical,630.3224011174651,840.4298681566202,84.04298681566202,-0.1261663006315672,0.1261663006315672,2,0.25,pareto,closest
14,thickness_grids_L3000mm.csv,239,185,194,2,3.0,750,10,1.4623366834170854,2.3663366834170856,0.904,20.15421451062845,1,11.9749217432717,20.15421451062845,1.8516729026685024,17.008099207958516,2196.4745262849287,2196.474528422057,3660.7908807034287,27.191286108596923,19.144615707379945,17.016803760943567,293.4359534967539,748.6380681906248,75790.31484601872,0.9981840909208332,0.3919597011757043,0.0038716814159292,0.3880880197597751,0.0077433628243242,0.0077433628318584,0.6119119802402249,70.0,70.0,7.0,52500.0,5250.0,10.0,12.914285714285716,129.14285714285717,8785.898105139715,878.5898105139715,878.5898113688229,1.0000000009729813,631476.9364176594,2466.411290526152,2466.411290526152,63.90328309534852,63.90328309534852,1.0,8785.898105139715,63.90328309534852,2466.411290526152,27.971993370908653,27.971993370908653,2.5e+16,0.6080402988242957,0.0038716814159292,0.6041686174083665,78.02406144816621,177716.70338996232,32.0,0,1,1,mechanical,631.4769364176594,841.9692485568792,84.19692485568793,-0.14832709733149763,0.14832709733149763,2,0.25,pareto,closest
15,thickness_grids_L3000mm.csv,240,184,195,2,3.0,750,10,1.4698693467336683,2.3668693467336683,0.897,20.36238260491654,1,11.88490512480161,20.36238260491654,1.8441506987523688,17.035366492580152,2182.9605348349137,2203.0439382065315,3671.7398970108857,27.302717920140545,19.048032355008303,17.03536649498756,291.97956793089276,749.9999996217613,74830.19212400308,0.9999999994956816,0.3893060907708578,0.003901895206243,0.3854041955646148,0.007732649447949,0.007803790412486,0.6145958044353851,70.0,70.0,7.0,52500.0,5250.0,10.0,12.814285714285711,128.14285714285714,8731.842139339655,873.1842139339655,881.2175752826126,1.0092000762501814,632807.179889886,2449.604518960443,2449.604518960443,64.25607873775172,64.25607873775172,1.0,8731.842139339655,64.25607873775172,2449.604518960443,27.895098076355975,27.895098076355975,2.5000000000000004e+16,0.6106939092291421,0.003901895206243,0.6067920140228991,77.75606236836292,177483.25732161303,32.0,0,1,1,mechanical,632.807179889886,843.7429065198481,84.37429065198481,-0.1558493012476312,0.1558493012476312,2,0.25,pareto,closest
16,thickness_grids_L3000mm.csv,224,180,189,2,3.0,750,10,1.424673366834171,2.292673366834171,0.868,19.129417183681277,1,12.03873657532389,19.129417183681277,2.157140772663818,17.496688019730982,2169.5893144466413,2191.843316357647,3653.072193929412,28.049125624681544,19.299425936092113,17.496688022479397,291.83293602117544,749.9999995794169,72374.5681332515,0.9999999994392228,0.3891105815797716,0.0040322580645161,0.3850783235152555,0.0079826362993895,0.0080645161290322,0.6149216764847445,70.0,70.0,7.0,52500.0,5250.0,10.0,12.4,124.0,8678.357257786567,867.8357257786568,876.7373265430588,1.010257241664504,613115.43244027,2295.242445810115,2295.242445810115,60.95137583574339,60.95137583574339,1.0,8678.357257786567,60.95137583574339,2295.242445810115,28.641334245038568,28.641334245038568,2.5e+16,0.6108894184202284,0.0040322580645161,0.6068571603557122,75.25028788410832,166454.1151205274,32.0,0,1,1,mechanical,613.11543244027,817.4872432536934,81.74872432536932,0.15714077266381787,0.15714077266381787,2,0.25,pareto,closest
17,thickness_grids_L3000mm.csv,223,181,188,2,3.0,750,10,1.4171407035175878,2.292140703517588,0.875,18.927666347190492,1,12.13882395829432,18.927666347190492,2.1619446491970815,17.476907802459756,2184.61347530747,2184.62273427009,3641.0378904501504,27.93050440507426,19.399511622521825,17.476907812016748,293.6519547036031,749.9999985423927,73412.9886759008,0.9999999980565236,0.391535940365745,0.0039999999999999,0.387535940365745,0.0079999660940537,0.0079999999999999,0.612464059634255,70.0,70.0,7.0,52500.0,5250.0,10.0,12.500000000000002,125.00000000000004,8738.453901229883,873.8453901229883,873.849093708036,1.000004238261241,611785.1889680433,2313.9281991662406,2313.9281991662406,60.605309773250575,60.605309773250575,1.0,8738.453901229883,60.605309773250575,2313.9281991662406,28.722991154095524,28.72299115409552,2.499999999999999e+16,0.608464059634255,0.0039999999999999,0.604464059634255,75.55800745428189,166767.6862672153,32.0,0,1,1,mechanical,611.7851889680433,815.7135852907244,81.57135852907244,0.1619446491970815,0.1619446491970815,2,0.25,pareto,closest
18,thickness_grids_L3000mm.csv,241,185,195,2,3.0,750,10,1.4698693467336683,2.3738693467336685,0.904,20.36238260491654,1,11.926541488080058,20.36238260491654,1.8185330198260217,16.98055926366333,2192.9179391930934,2199.9999618447055,3666.6666030745096,27.165997491455833,19.080431398996744,16.98055927086935,293.03124522274413,749.9999988671093,75685.78448038879,0.9999999984894792,0.390708327553832,0.0038716814159292,0.3868366461379028,0.0077184361628011,0.0077433628318584,0.6131633538620972,70.0,70.0,7.0,52500.0,5250.0,10.0,12.914285714285716,129.14285714285717,8771.671756772374,877.1671756772373,879.9999847378822,1.0032294973400684,633961.7151900803,2476.573702494721,2476.573702494721,64.37489140310872,64.37489140310872,1.0,8771.671756772374,64.37489140310872,2476.573702494721,27.869344078658145,27.869344078658145,2.4999999999999996e+16,0.609291672446168,0.0038716814159292,0.6054199910302388,78.185667413048,178783.1832158027,32.0,0,1,1,mechanical,633.9617151900803,845.2822869201071,84.52822869201071,-0.18146698017397833,0.18146698017397833,2,0.25,pareto,closest
19,thickness_grids_L3000mm.csv,242,186,195,2,3.0,750,10,1.4698693467336683,2.380869346733668,0.911,20.36238260491654,1,11.945109460284238,20.36238260491654,1.8072521453437416,16.894092435819257,2198.6454584330486,2198.645458927265,3664.409098212108,27.03089252587798,19.11241880896774,16.926168751091232,292.96127967641996,744.9713098790078,76253.63593863386,0.993295079838677,0.3932517612309129,0.0038419319429198,0.389409829287993,0.0076838638841125,0.0076838638858397,0.610590170712007,70.0,70.0,7.0,52500.0,5250.0,10.0,13.01428571428571,130.1428571428571,8794.581833732194,879.4581833732194,879.4581835709059,1.0000000002247822,635116.2504902745,2494.122119399168,2494.122119399168,64.49370412527861,64.49370412527861,1.0,8794.581833732194,64.49370412527861,2494.122119399168,27.84366126895132,27.843661268951315,2.499999999999999e+16,0.6067482387690871,0.0038419319429198,0.6029063068261673,78.46394935980547,179742.21418963195,32.0,0,1,1,mechanical,635.1162504902745,846.821667320366,84.6821667320366,-0.19274785465625843,0.19274785465625843,2,0.25,pareto,closest
20,thickness_grids_L3000mm.csv,222,180,188,2,3.0,750,10,1.4171407035175878,2.285140703517588,0.868,18.927666347190492,1,12.09509791341234,18.927666347190492,2.193377932133369,17.5356924176834,2174.4258597927414,2187.770817894786,3646.28469649131,28.076430456733505,19.365484256034076,17.535692419341157,292.565638455543,749.9999997473379,72556.27833697466,0.9999999996631171,0.3900875180721378,0.0040322580645161,0.3860552600076217,0.0080153242168927,0.0080645161290322,0.6139447399923783,70.0,70.0,7.0,52500.0,5250.0,10.0,12.400000000000002,124.0,8697.703439170966,869.7703439170966,875.1083271579145,1.0061372329812692,610630.653667849,2287.9071963043843,2287.9071963043843,60.48660493997656,60.48660493997656,1.0,8697.703439170966,60.48660493997656,2287.9071963043843,28.75116174414913,28.751161744149133,2.5000000000000004e+16,0.6099124819278622,0.0040322580645161,0.6058802238633461,75.12914775905492,165514.40974191527,32.0,0,1,1,mechanical,610.6306536678491,814.1742048904654,81.41742048904653,0.19337793213336907,0.19337793213336907,2,0.25,pareto,closest
21,thickness_grids_L3000mm.csv,243,185,196,2,3.0,750,10,1.4774020100502514,2.3814020100502513,0.904,20.571620242170855,1,11.872379637954053,20.571620242170855,1.7898988916664444,16.9445002834904,2188.2611794679024,2203.9614697823554,3673.269116303926,27.140781636008484,19.016533852429973,16.944500289381082,292.3304751448807,749.9999990703279,75504.78558027773,0.9999999987604372,0.3897739673429902,0.0038716814159292,0.385902285927061,0.0076882016840175,0.0077433628318584,0.614097714072939,70.0,70.0,7.0,52500.0,5250.0,10.0,12.914285714285713,129.14285714285714,8753.044717871611,875.3044717871611,881.5845879129422,1.007174778980574,636446.4939625013,2484.175271076424,2484.175271076424,64.84760417249879,64.84760417249879,1.0,8753.044717871611,64.84760417249879,2484.175271076424,27.767580169780143,27.767580169780143,2.5e+16,0.6102260326570098,0.0038716814159292,0.6063543512410806,78.30633336027671,179759.15621597052,32.0,0,1,1,mechanical,636.4464939625013,848.595325283335,84.8595325283335,-0.21010110833355555,0.21010110833355555,2,0.25,pareto,closest
22,thickness_grids_L3000mm.csv,221,181,187,2,3.0,750,10,1.409608040201005,2.2846080402010047,0.875,18.72698505366594,1,12.160082226650433,18.72698505366594,2.224516695868384,17.464766570437384,2183.095821304672,2183.0958229074345,3638.4930381790577,27.957574854141605,19.46584328585059,17.515796888504514,292.6764922633312,742.2893780411486,73169.12306583277,0.9897191707215314,0.3942889402993812,0.004,0.3902889402993812,0.0079999999941266,0.008,0.6097110597006188,70.0,70.0,7.0,52500.0,5250.0,10.0,12.499999999999996,124.99999999999996,8732.383285218688,873.2383285218688,873.2383291629739,1.0000000007341696,609300.4101956222,2293.036799022789,2293.036799022789,60.14166410008973,60.14166410008973,1.0,8732.383285218688,60.14166410008973,2293.036799022789,28.833494602310196,28.833494602310196,2.5e+16,0.6057110597006188,0.004,0.6017110597006188,75.21388246257733,165338.87871675417,32.0,0,1,1,mechanical,609.3004101956222,812.4005469274963,81.24005469274964,0.2245166958683842,0.2245166958683842,2,0.25,pareto,closest
23,thickness_grids_L3000mm.csv,220,180,187,2,3.0,750,10,1.409608040201005,2.277608040201005,0.868,18.72698505366594,1,12.151828401951404,18.72698505366594,2.230566645012381,17.57490649229281,2179.2884050443085,2183.688389524923,3639.480649208205,28.103818711472485,19.43184065139291,17.57490650005449,293.303090312297,749.9999988218034,72739.16639744966,0.9999999984290712,0.391070787697407,0.0040322580645161,0.3870385296328908,0.0080482666742191,0.0080645161290322,0.6129614703671091,70.0,70.0,7.0,52500.0,5250.0,10.0,12.400000000000002,124.0,8717.153620177234,871.7153620177235,873.4753558099692,1.002019000546431,608145.8748954281,2280.536249326294,2280.536249326294,60.022983191462785,60.022983191462785,1.0,8717.153620177234,60.022983191462785,2280.536249326294,28.861986150796415,28.861986150796415,2.5e+16,0.608929212302593,0.0040322580645161,0.6048969542380769,75.00722232552154,164575.15032296718,32.0,0,1,1,mechanical,608.145874895428,810.8611665272374,81.08611665272375,0.2305666450123809,0.2305666450123809,2,0.25,pareto,closest
24,thickness_grids_L3000mm.csv,244,186,196,2,3.0,750,10,1.4774020100502514,2.388402010050251,0.911,20.571620242170855,1,11.913573011646733,20.571620242170855,1.7652713708497685,16.89039561503525,2198.164343613873,2200.947078258464,3668.2451304307738,27.00595789312283,19.048544417916208,16.890395620841886,293.3740760980381,749.9999990830102,76361.08095008934,0.9999999987773468,0.3911654352756437,0.0038419319429198,0.3873235033327238,0.0076741489070241,0.0076838638858397,0.6126764966672762,70.0,70.0,7.0,52500.0,5250.0,10.0,13.014285714285714,130.14285714285714,8792.657374455493,879.2657374455493,880.3788313033856,1.0012659356670377,637601.0292626956,2511.3038685381302,2511.3038685381302,64.96642379946066,64.96642379946066,1.0,8792.657374455493,64.96642379946066,2511.3038685381302,27.74217594344731,27.74217594344731,2.5e+16,0.6088345647243563,0.0038419319429198,0.6049926327814364,78.7354697805555,181065.89163692435,32.0,0,1,1,mechanical,637.6010292626955,850.1347056835941,85.01347056835941,-0.23472862915023152,0.23472862915023152,2,0.25,pareto,closest
25,thickness_grids_L3000mm.csv,245,187,196,2,3.0,750,10,1.4774020100502514,2.3954020100502516,0.918,20.571620242170855,1,11.915404704146413,20.571620242170855,1.7641861575823117,16.78180039146283,2200.8132513375544,2200.813251417244,3668.0220856954065,26.8727153073789,19.08015057488232,16.836699516708425,292.4928561177669,741.3761080660624,76716.69769031715,0.9885014774214166,0.3945269518878311,0.0038126361655773,0.3907143157222538,0.0076252723308785,0.0076252723311546,0.6092856842777462,70.0,70.0,7.0,52500.0,5250.0,10.0,13.114285714285716,131.14285714285717,8803.253005350216,880.3253005350216,880.3253005668976,1.0000000000362093,638755.5645628897,2521.964130341744,2521.964130341744,65.08524345807412,65.08524345807412,1.0,8803.253005350216,65.08524345807412,2521.964130341744,27.716841309101284,27.71684130910128,2.499999999999999e+16,0.6054730481121688,0.0038126361655773,0.6016604119465915,78.90346545242444,181778.34896547484,32.0,0,1,1,mechanical,638.7555645628897,851.674086083853,85.1674086083853,-0.23581384241768832,0.23581384241768832,2,0.25,pareto,closest
26,thickness_grids_L3000mm.csv,246,185,197,2,3.0,750,10,1.4849346733668345,2.388934673366834,0.904,20.781927422391387,1,11.818562338443307,20.781927422391387,1.7619621796615326,16.908625460742382,2183.62820235873,2207.9133258170204,3679.8555430283673,27.11563838919532,18.952922187166426,16.908625468322345,291.63403371070433,749.9999987991274,75324.90470699333,0.9999999983988366,0.3888453789035441,0.0038716814159292,0.3849736974876149,0.0076581925852933,0.0077433628318584,0.6150263025123851,70.0,70.0,7.0,52500.0,5250.0,10.0,12.914285714285713,129.14285714285714,8734.51280943492,873.4512809434921,883.1653303268082,1.0111214553063832,638931.2727349221,2491.741423419119,2491.741423419119,65.3214167615964,65.3214167615964,1.0,8734.51280943492,65.3214167615964,2491.741423419119,27.666690027487764,27.666690027487764,2.5e+16,0.6111546210964559,0.0038716814159292,0.6072829396805267,78.4262539244566,180735.5715097953,32.0,0,1,1,mechanical,638.9312727349221,851.9083636465629,85.19083636465628,-0.23803782033846743,0.23803782033846743,2,0.25,pareto,closest
0,thickness_grids_L3000mm.csv,173,117,195,2,3.0,750,10,1.4698693467336683,1.9278693467336685,0.458,20.36238260491654,1,9.777982160424791,20.36238260491654,4.025152341211555,25.63884468032444,2348.5181727177182,2370.192445325822,3950.320742209703,41.443354950278305,15.805407397430592,25.63884468704204,287.04392196823727,749.9999992900529,52586.44650458106,0.999999999053404,0.3827252296532692,0.0054585152838427,0.3772667143694265,0.0108171995615317,0.0109170305676855,0.6227332856305735,50.0,50.0,5.0,37500.0,3750.0,10.0,9.16,91.59999999999998,9394.072690870871,939.4072690870872,948.0769781303288,1.0092289141552702,400286.6594330537,1278.8157952136116,1278.8157952136116,28.98212028902882,28.98212028902882,1.0,9394.072690870871,28.98212028902882,1278.8157952136116,41.53554610035785,41.53554610035785,2.5e+16,0.6172747703467307,0.0054585152838427,0.611816255062888,56.04236896376053,81117.23106434259,32.0,0,1,1,mechanical,400.28665943305367,533.7155459107382,53.371554591073824,0.025152341211555296,0.025152341211555296,4,0.25,pareto,closest
1,thickness_grids_L3000mm.csv,172,118,194,2,3.0,750,10,1.4623366834170854,1.9263366834170856,0.464,20.15421451062845,1,9.855568877949514,20.15421451062845,4.035786815227493,25.469210067882045,2363.542694299453,2363.542696138676,3939.2378268977936,41.179231551752785,15.93472085775923,25.585040890698423,286.9034286786461,737.9109900933067,53249.2763627567,0.983881320124409,0.3888049270581645,0.0053879310344827,0.3834169960236817,0.0107758620605801,0.0107758620689655,0.6165830039763183,50.0,50.0,5.0,37500.0,3750.0,10.0,9.28,92.8,9454.170777197814,945.4170777197814,945.4170784554703,1.0000000007781635,399218.6757998108,1286.813572527816,1286.813572527816,28.793784011919136,28.793784011919136,1.0,9454.170777197814,28.793784011919136,1286.813572527816,41.67116391382597,41.67116391382597,2.5e+16,0.6111950729418355,0.0053879310344827,0.6058071419073527,56.21890276900233,81153.39099843346,32.0,0,1,1,mechanical,399.2186757998108,532.291567733081,53.229156773308105,0.035786815227493385,0.035786815227493385,4,0.25,pareto,closest
2,thickness_grids_L3000mm.csv,174,118,195,2,3.0,750,10,1.4698693467336683,1.9338693467336685,0.464,20.36238260491654,1,9.837517594747236,20.36238260491654,3.928594422334231,25.485842282640014,2365.086163828993,2365.0861657761147,3941.810276293525,41.12255825407508,15.873279206512304,25.51837071972709,288.0706395179331,746.5694624076729,53465.91069452837,0.9954259498768973,0.3858591250021271,0.0053879310344827,0.3804711939676444,0.0107758620600939,0.0107758620689655,0.6195288060323556,50.0,50.0,5.0,37500.0,3750.0,10.0,9.28,92.8,9460.344655315974,946.0344655315972,946.034466310446,1.0000000008232772,400993.51778011146,1299.2476817923753,1299.2476817923753,29.034077303826756,29.034077303826756,1.0,9460.344655315974,29.034077303826756,1299.2476817923753,41.49836514745625,41.49836514745625,2.5e+16,0.6141408749978728,0.0053879310344827,0.6087529439633901,56.4922731998026,81907.05910615964,32.0,0,1,1,mechanical,400.99351778011146,534.6580237068152,53.46580237068153,-0.07140557766576894,0.07140557766576894,4,0.25,pareto,closest
3,thickness_grids_L3000mm.csv,171,117,194,2,3.0,750,10,1.4623366834170854,1.9203366834170856,0.458,20.15421451062845,1,9.828077001860754,20.15421451062845,4.081133534701392,25.70619492364073,2354.687455005491,2365.894262336007,3943.1571038933457,41.50077747628224,15.866713758514669,25.70619493398296,287.75600166497964,749.9999989118005,52716.89950502426,0.9999999985490672,0.3836746694433256,0.0054585152838427,0.3782161541594828,0.0108653185955399,0.0109170305676855,0.6217838458405172,50.0,50.0,5.0,37500.0,3750.0,10.0,9.16,91.59999999999998,9418.749820021963,941.8749820021964,946.3577049344028,1.0047593608683367,398511.8174527531,1274.8848882644552,1274.8848882644552,28.741831978842665,28.741831978842665,1.0,9418.749820021963,28.741831978842665,1274.8848882644552,41.708808074499395,41.708808074499395,2.4999999999999996e+16,0.6163253305566744,0.0054585152838427,0.6108668152728316,55.95540027899137,80633.34870600939,32.0,0,1,1,mechanical,398.51181745275306,531.3490899370041,53.134908993700414,0.08113353470139195,0.08113353470139195,4,0.25,pareto,closest
4,thickness_grids_L3000mm.csv,170,117,193,2,3.0,750,10,1.4548040201005026,1.9128040201005023,0.458,19.947115959306576,1,9.878545727504232,19.947115959306576,4.138428883072252,25.773997481552616,2360.8981693102196,2361.581262434086,3935.9687707234766,41.55849674637799,15.928359998066554,25.773997494538666,288.472997405034,749.9999986396631,52848.253124602226,0.9999999981862174,0.3846306639043484,0.0054585152838427,0.3791721486205056,0.010913872790042,0.0109170305676855,0.6208278513794944,50.0,50.0,5.0,37500.0,3750.0,10.0,9.16,91.59999999999998,9443.592677240878,944.359267724088,944.6325049736344,1.000289336123322,396736.9754724524,1270.9329570616674,1270.9329570616674,28.50218429405119,28.50218429405119,1.0,9443.592677240878,28.50218429405119,1270.9329570616674,41.883785833531306,41.883785833531306,2.5e+16,0.6153693360956516,0.0054585152838427,0.6099108208118088,55.86783118636168,80149.71904600698,32.0,0,1,1,mechanical,396.7369754724524,528.9826339632699,52.89826339632699,0.13842888307225198,0.13842888307225198,4,0.25,pareto,closest
5,thickness_grids_L3000mm.csv,175,118,196,2,3.0,750,10,1.4774020100502514,1.9414020100502511,0.464,20.571620242170855,1,9.80012709564383,20.571620242170855,3.855251978797477,25.452141532479235,2361.9587342140726,2368.290277749661,3947.1504629161022,41.066173746363816,15.812175236122664,25.4521415391628,288.0987951140514,749.9999992903532,53471.13637316794,0.9999999990538044,0.384131727182199,0.0053879310344827,0.3787437961477162,0.0107470531681039,0.0107758620689655,0.6212562038522838,50.0,50.0,5.0,37500.0,3750.0,10.0,9.28,92.8,9447.834936856292,944.7834936856292,947.3161110998644,1.0026806325800162,402768.35976041213,1306.5667644574596,1306.5667644574596,29.27500703788936,29.27500703788936,1.0,9447.834936856292,29.27500703788936,1306.5667644574596,41.3272491145343,41.3272491145343,2.5000000000000004e+16,0.615868272817801,0.0053879310344827,0.6104803417833182,56.65257571749193,82500.98905329609,32.0,0,1,1,mechanical,402.7683597604121,537.0244796805495,53.70244796805495,-0.14474802120252317,0.14474802120252317,4,0.25,pareto,closest
6,thickness_grids_L3000mm.csv,176,119,196,2,3.0,750,10,1.4774020100502514,1.9474020100502512,0.47,20.571620242170855,1,9.81256367734142,20.571620242170855,3.835744301369464,25.183228598281893,2367.223488238498,2367.2234900702897,3945.372483450483,40.75219434864528,15.878960891645033,25.333739671092392,286.40597985208495,734.1896340845109,53844.32421219197,0.9789195121126812,0.3900980980332357,0.0053191489361702,0.3847789490970655,0.0106382978641083,0.0106382978723404,0.6152210509029344,50.0,50.0,5.0,37500.0,3750.0,10.0,9.4,94.0,9468.893952953991,946.8893952953993,946.889396028116,1.0000000007738143,403475.21810746985,1314.727278432148,1314.727278432148,29.32696792612122,29.32696792612122,1.0,9468.893952953991,29.32696792612122,1314.727278432148,41.29062151974435,41.29062151974435,2.4999999999999996e+16,0.6099019019667643,0.0053191489361702,0.6045827530305941,56.83077878487585,82903.46973260402,32.0,0,1,1,mechanical,403.47521810746986,537.9669574766265,53.796695747662646,-0.1642556986305359,0.1642556986305359,4,0.25,pareto,closest
7,thickness_grids_L3000mm.csv,177,118,197,2,3.0,750,10,1.4849346733668345,1.9489346733668345,0.464,20.781927422391387,1,9.75054807747432,20.781927422391387,3.803111611748032,25.38634892768402,2355.8531804890763,2372.5535868771985,3954.255978128664,41.01007580433872,15.751407062518105,25.38634893026776,287.3959272046105,749.9999997244669,53340.68408917569,0.9999999996326224,0.3831945697469243,0.0053879310344827,0.3778066387124416,0.0107000107681858,0.0107758620689655,0.6221933612875584,50.0,50.0,5.0,37500.0,3750.0,10.0,9.28,92.8,9423.412721956309,942.3412721956308,949.0214347508796,1.0070888994808476,404543.2017407128,1310.546155610613,1310.546155610613,29.51657019498854,29.51657019498854,1.0,9423.412721956309,29.51657019498854,1310.546155610613,41.157790905420505,41.157790905420505,2.4999999999999996e+16,0.6168054302530757,0.0053879310344827,0.6114174992185929,56.73954392748542,82990.6322259056,32.0,0,1,1,mechanical,404.5432017407128,539.3909356542837,53.93909356542837,-0.19688838825196786,0.19688838825196786,4,0.25,pareto,closest
8,thickness_grids_L3000mm.csv,169,117,192,2,3.0,750,10,1.4472713567839195,1.9052713567839197,0.458,19.74108695095092,1,9.898792248657484,19.74108695095092,4.249216764295779,25.76261857557315,2359.8558615225,2359.8558635970553,3933.093105995092,41.6165151043463,15.990348027806228,25.84225700279641,287.4152780761585,741.7422858904312,52654.47894355222,0.9889897145205748,0.3874867100655158,0.0054585152838427,0.382028194781673,0.0109170305580884,0.0109170305676855,0.617971805218327,50.0,50.0,5.0,37500.0,3750.0,10.0,9.16,91.59999999999998,9439.42344609,943.942344609,943.942345438822,1.0000000008791026,394962.13349215174,1259.1630504891996,1259.1630504891996,28.263180320949825,28.263180320949825,1.0,9439.42344609,28.263180320949825,1259.1630504891996,42.06050545993668,42.06050545993668,2.5e+16,0.6125132899344842,0.0054585152838427,0.6070547746506414,55.606217357998744,79420.83541464424,32.0,0,1,1,mechanical,394.96213349215174,526.6161779895357,52.66161779895357,0.24921676429577921,0.24921676429577921,4,0.25,pareto,closest
0,thickness_grids_L3000mm.csv,145,111,180,2,3.0,750,10,1.3568793969849249,1.7808793969849246,0.424,17.352163202048185,1,10.12562522955062,17.352163202048185,5.965888331269356,27.475183908814813,2329.8955954674957,2340.7126819386126,3901.187803231021,44.35196015023144,16.34534378978719,27.47518391520888,287.817265585693,749.9999993706363,48813.808243333515,0.9999999991608484,0.3837563544362871,0.0058962264150943,0.3778601280211927,0.0117379566150166,0.0117924528301886,0.6221398719788073,50.0,50.0,5.0,37500.0,3750.0,10.0,8.479999999999999,84.79999999999998,9319.582381869985,931.9582381869984,936.2850727754452,1.0046427344178683,369658.4990952168,1092.3368980784255,1092.3368980784255,25.153226189845583,25.153226189845583,1.0,9319.582381869985,25.153226189845583,1092.3368980784255,44.584936666862845,44.584936666862845,2.5000000000000004e+16,0.6162436455637129,0.0058962264150943,0.6103474191486186,51.75746114380285,69233.61411615406,32.0,0,1,1,mechanical,369.6584990952168,492.8779987936224,49.28779987936224,-0.03411166873064442,0.03411166873064442,6,0.25,pareto,closest
1,thickness_grids_L3000mm.csv,144,111,179,2,3.0,750,10,1.3493467336683418,1.7733467336683415,0.424,17.160038252253383,1,10.178783492682117,17.160038252253383,6.0631305080011115,27.550420393889425,2336.275649401822,2336.2756515836136,3893.792752639356,44.41921159489288,16.411130257755744,27.554592308620403,288.52007201708165,749.5914707064609,48933.00421409703,0.9994552942752812,0.3849030882717524,0.0058962264150943,0.3790068618566581,0.0117924528191759,0.0117924528301886,0.6209931381433419,50.0,50.0,5.0,37500.0,3750.0,10.0,8.479999999999999,84.79999999999998,9345.10259760729,934.510259760729,934.5102606334456,1.0000000009338756,367883.65711491613,1088.2753415031964,1088.2753415031964,24.923018339299773,24.923018339299773,1.0,9345.10259760729,24.923018339299773,1088.2753415031964,44.79037346567156,44.79037346567156,2.4999999999999996e+16,0.6150969117282475,0.0058962264150943,0.6092006853131532,51.66021811455538,68772.98819648527,32.0,0,1,1,mechanical,367.8836571149161,490.5115428198882,49.051154281988815,0.06313050800111153,0.06313050800111153,6,0.25,pareto,closest
2,thickness_grids_L3000mm.csv,146,112,180,2,3.0,750,10,1.3568793969849249,1.7868793969849246,0.43,17.352163202048185,1,10.152878327285672,17.352163202048185,5.902089493694216,27.191111660250144,2338.4356027815115,2338.4356034667167,3897.392672444528,43.979295812178016,16.421411705410208,27.334114783266795,286.69402871512847,736.05514529285,49311.37293900208,0.9814068603904668,0.3895007467151977,0.005813953488372,0.3836867932268256,0.0116279069733369,0.0116279069767441,0.6163132067731744,50.0,50.0,5.0,37500.0,3750.0,10.0,8.599999999999998,86.0,9353.742411126048,935.3742411126048,935.3742413866868,1.0000000002930185,370365.35744227446,1102.623306312233,1102.623306312233,25.20497969400515,25.20497969400515,1.0,9353.742411126048,25.20497969400515,1102.623306312233,44.539139915319915,44.539139915319915,2.4999999999999996e+16,0.6104992532848023,0.005813953488372,0.6046852997964302,52.00293578249299,69691.84258302084,32.0,0,1,1,mechanical,370.3653574422744,493.8204765896993,49.38204765896993,-0.09791050630578368,0.09791050630578368,6,0.25,pareto,closest
3,thickness_grids_L3000mm.csv,147,111,181,2,3.0,750,10,1.3644120603015075,1.7884120603015077,0.424,17.545357694809205,1,10.071350374787302,17.545357694809205,5.874663842283006,27.39634966692816,2323.2104517555076,2345.262041113962,3908.7700685232703,44.28508258189465,16.279927380145043,27.39634966986592,287.03294491436674,749.9999997094334,48680.78745747658,0.999999999612578,0.3827105933674262,0.0058962264150943,0.3768143669523318,0.0116815729699506,0.0117924528301886,0.6231856330476682,50.0,50.0,5.0,37500.0,3750.0,10.0,8.479999999999999,84.79999999999998,9292.84180702203,929.284180702203,938.1048164455848,1.0094918604303762,371433.3410755174,1096.0474196153268,1096.0474196153268,25.38412813072932,25.38412813072932,1.0,9292.84180702203,25.38412813072932,1096.0474196153268,44.381694181956306,44.381694181956306,2.4999999999999996e+16,0.6172894066325738,0.0058962264150943,0.6113931802174795,51.84614168244224,69684.07863431859,32.0,0,1,1,mechanical,371.43334107551743,495.24445476735656,49.52444547673566,-0.12533615771699402,0.12533615771699402,6,0.25,pareto,closest
4,thickness_grids_L3000mm.csv,143,111,178,2,3.0,750,10,1.3418140703517587,1.7658140703517586,0.424,16.968982845424797,1,10.197483213209162,16.968982845424797,6.247648161953656,27.532066054207068,2334.7192013967588,2334.7192033827628,3891.1986723046048,44.4868403197202,16.477288935595233,27.634581257819057,287.2603907835115,740.0763469993615,48719.36227688354,0.9867684626658152,0.3881496712443363,0.0058962264150943,0.3822534448292419,0.0117924528201575,0.0117924528301886,0.617746555170758,50.0,50.0,5.0,37500.0,3750.0,10.0,8.479999999999999,84.79999999999998,9338.876805587037,933.8876805587036,933.8876813531052,1.0000000008506391,366108.8151346154,1076.817466223354,1076.817466223354,24.693508183551497,24.693508183551497,1.0,9338.876805587037,24.693508183551497,1076.817466223354,44.99804079569551,44.99804079569551,2.5000000000000004e+16,0.6118503287556637,0.0058962264150943,0.6059541023405693,51.38490787848028,68079.95137398456,32.0,0,1,1,mechanical,366.1088151346154,488.14508684615384,48.81450868461539,0.2476481619536557,0.2476481619536557,6,0.25,pareto,closest
0,thickness_grids_L4000mm.csv,176,94,192,2,4.0,1000,10,1.4472713567839195,1.7792713567839196,0.332,26.32144926793456,1,9.402487359941087,26.32144926793456,2.0008025679040613,28.951380015453953,2402.9645412826785,2402.9645413691073,4004.9409022818454,48.67784722791187,15.80901646226442,29.185765044687155,265.2998940335651,727.5910674768511,44039.782409571824,0.970121423302468,0.3646277502465433,0.0060240963855421,0.3586036538610012,0.0120481927706509,0.0120481927710843,0.6413963461389989,40.0,40.0,4.0,40000.0,4000.0,10.0,8.300000000000002,83.00000000000001,9611.858165130714,961.1858165130714,961.185816547643,1.0000000000359677,405459.3154175359,1112.4299215473527,1112.4299215473527,24.081744823399653,24.081744823399653,1.0,9611.858165130714,24.081744823399653,1112.4299215473527,45.566012721971966,45.566012721971966,2.5000000000000004e+16,0.6353722497534566,0.0060240963855421,0.6293481533679145,52.23589672953691,76634.02193982225,32.0,0,1,1,mechanical,405.45931541753595,405.45931541753595,40.5459315417536,0.0008025679040613021,0.0008025679040613021,2,0.25,pareto,closest
1,thickness_grids_L4000mm.csv,175,93,192,2,4.0,1000,10,1.4472713567839195,1.7742713567839197,0.327,26.32144926793456,1,9.389635327478238,26.32144926793456,2.011779446794857,29.33610992241083,2398.2269861570853,2404.1038567817877,4006.83976130298,49.11129711812363,15.719097440602912,29.3361099381925,267.6107174378047,749.9999984657724,43754.35230108105,0.9999999979543632,0.3568142906469853,0.0061162079510703,0.350698082695915,0.0122025135643187,0.0122324159021406,0.6493019173040849,40.0,40.0,4.0,40000.0,4000.0,10.0,8.174999999999999,81.74999999999999,9592.90794462834,959.290794462834,961.6415427127152,1.0024505064193776,404830.996886818,1105.8807207694704,1105.8807207694704,24.03464593562046,24.03464593562046,1.0,9592.90794462834,24.03464593562046,1105.8807207694704,45.610637014805945,45.610637014805945,2.5000000000000004e+16,0.6431857093530147,0.0061162079510703,0.6370695014019443,52.08043173960894,76289.69993482044,32.0,0,1,1,mechanical,404.830996886818,404.830996886818,40.48309968868181,0.011779446794856874,0.011779446794856874,2,0.25,pareto,closest
2,thickness_grids_L4000mm.csv,177,93,193,2,4.0,1000,10,1.4548040201005026,1.7818040201005023,0.327,26.596154612408768,1,9.343400625705454,26.596154612408768,1.9820984212597137,29.24532558878227,2390.8053668829502,2408.212324027783,4013.687206712971,49.031336303636195,15.66470569485783,29.245325596248776,266.82512740032666,749.9999992703041,43625.9083299534,0.9999999990270722,0.3557668368799044,0.0061162079510703,0.3496506289288341,0.0121439979760044,0.0122324159021406,0.6503493710711659,40.0,40.0,4.0,40000.0,4000.0,10.0,8.174999999999999,81.74999999999999,9563.2214675318,956.32214675318,963.2849296111132,1.0072807922325888,406724.16166580544,1109.4855960864372,1109.4855960864372,24.26292955251973,24.26292955251973,1.0,9563.2214675318,24.26292955251973,1109.4855960864372,45.39556058732491,45.39556058732491,2.5e+16,0.6442331631200956,0.0061162079510703,0.6381169551690252,52.16606108506781,76771.28540234246,32.0,0,1,1,mechanical,406.72416166580547,406.72416166580547,40.67241616658055,-0.017901578740286306,0.017901578740286306,2,0.25,pareto,closest
3,thickness_grids_L4000mm.csv,174,93,191,2,4.0,1000,10,1.4397386934673368,1.7667386934673368,0.327,26.048169980748657,1,9.41954024246127,26.048169980748657,2.0566720597468393,29.375592091012656,2401.4546534402843,2401.4546541432333,4002.4244235720553,49.19174705845229,15.773763455676232,29.427585044339615,267.4545726927365,744.9903484177617,43728.82263526241,0.9933204645570156,0.3590040773827023,0.0061162079510703,0.352887869431632,0.01223241589856,0.0122324159021406,0.6471121305683679,40.0,40.0,4.0,40000.0,4000.0,10.0,8.174999999999999,81.74999999999999,9605.818613761136,960.5818613761136,960.5818616572932,1.000000000292718,402937.8321078307,1098.3633877753605,1098.3633877753605,23.80714298816742,23.80714298816742,1.0,9605.818613761136,23.80714298816742,1098.3633877753605,45.82804828315758,45.82804828315758,2.5000000000000004e+16,0.6409959226172977,0.0061162079510703,0.6348797146662273,51.90141667396407,75674.41543060658,32.0,0,1,1,mechanical,402.9378321078307,402.9378321078307,40.29378321078307,0.05667205974683931,0.05667205974683931,2,0.25,pareto,closest
4,thickness_grids_L4000mm.csv,178,94,193,2,4.0,1000,10,1.4548040201005026,1.7868040201005029,0.332,26.596154612408768,1,9.389667315262349,26.596154612408768,1.943319814676368,28.96507250504009,2404.101017918328,2404.1010196359784,4006.835032726631,48.5989362203183,15.754417424815305,29.095923570127862,266.4139594467177,737.3340722465872,44224.71726815514,0.983112096328783,0.3613205593971529,0.0060240963855421,0.3552964630116107,0.0120481927624763,0.0120481927710843,0.6447035369883893,40.0,40.0,4.0,40000.0,4000.0,10.0,8.300000000000002,83.00000000000001,9616.40407167331,961.6404071673312,961.6404078543916,1.0000000007144672,407352.4801965234,1124.040730580059,1124.040730580059,24.310093930386422,24.310093930386422,1.0,9616.40407167331,24.310093930386422,1124.040730580059,45.3515029037103,45.3515029037103,2.5e+16,0.6386794406028471,0.0060240963855421,0.632655344217305,52.51039357003633,77392.5924242621,32.0,0,1,1,mechanical,407.3524801965234,407.3524801965234,40.73524801965234,-0.05668018532363206,0.05668018532363206,2,0.25,pareto,closest
5,thickness_grids_L4000mm.csv,179,94,194,2,4.0,1000,10,1.4623366834170854,1.7943366834170855,0.332,26.872286014171262,1,9.37684945458138,26.872286014171262,1.8878382351830925,28.978776916985208,2405.238484109773,2405.238484290928,4008.7308071515463,48.52050063687158,15.700090836690748,29.00675481914805,267.5289715720156,747.2579665566112,44409.8092809546,0.996343955408815,0.3580142113503288,0.0060240963855421,0.3519901149647866,0.0120481927701769,0.0120481927710843,0.6480098850352134,40.0,40.0,4.0,40000.0,4000.0,10.0,8.300000000000002,83.00000000000001,9620.953936439091,962.0953936439092,962.0953937163712,1.0000000000753169,409245.6449755108,1135.7088364932238,1135.7088364932238,24.539218626830618,24.539218626830618,1.0,9620.953936439091,24.539218626830618,1135.7088364932238,45.13928100797695,45.13928100797695,2.4999999999999996e+16,0.6419857886496712,0.0060240963855421,0.635961692264129,52.78482045792272,78154.78528509344,32.0,0,1,1,mechanical,409.2456449755108,409.2456449755108,40.924564497551074,-0.11216176481690754,0.11216176481690754,2,0.25,pareto,closest
6,thickness_grids_L4000mm.csv,173,93,190,2,4.0,1000,10,1.4322060301507538,1.7592060301507535,0.327,25.776316750851027,1,9.4323648737782,25.776316750851027,2.11830923831076,29.36171880197262,2400.3205120612615,2400.320513457749,4000.534189096248,49.27269155035672,15.828705674576128,29.519758987325392,266.3248190069742,734.9632707671618,43544.10790764028,0.9799510276895492,0.3623648005280342,0.0061162079510703,0.3562485925769639,0.0122324158950239,0.0122324159021406,0.643751407423036,40.0,40.0,4.0,40000.0,4000.0,10.0,8.174999999999999,81.74999999999999,9601.282048245046,960.1282048245046,960.1282053830996,1.0000000005817922,401044.66732884326,1086.8762052456232,1086.8762052456232,23.580424608151024,23.580424608151024,1.0,9601.282048245046,23.580424608151024,1086.8762052456232,46.04783240681733,46.04783240681733,2.5e+16,0.6376351994719658,0.0061162079510703,0.6315189915208954,51.626677556833194,74923.97179810116,32.0,0,1,1,mechanical,401.0446673288433,401.0446673288433,40.104466732884326,0.11830923831076001,0.11830923831076001,2,0.25,pareto,closest
7,thickness_grids_L4000mm.csv,180,94,195,2,4.0,1000,10,1.4698693467336683,1.8018693467336684,0.332,27.149843473222052,1,9.340055401236832,27.149843473222052,1.853186038564142,28.91825109872557,2400.214841194223,2408.510182337353,4014.1836372289217,48.44253533316856,15.646034825671284,28.918251107194024,267.2708425893086,749.9999991640531,44366.95986982524,0.999999998885404,0.3563611238496101,0.0060240963855421,0.350337027464068,0.0120066966337927,0.0120481927710843,0.6496629725359321,40.0,40.0,4.0,40000.0,4000.0,10.0,8.300000000000002,83.00000000000001,9600.85936477689,960.0859364776892,963.4040729349412,1.0034560827642425,411138.8097544982,1141.5651755695728,1141.5651755695728,24.769115096675772,24.769115096675772,1.0,9600.85936477689,24.769115096675772,1141.5651755695728,44.9293107832235,44.9293107832235,2.5e+16,0.6436388761503898,0.0060240963855421,0.6376147797648477,52.92202672048237,78718.5046342271,32.0,0,1,1,mechanical,411.1388097544982,411.1388097544982,41.11388097544982,-0.1468139614358579,0.1468139614358579,2,0.25,pareto,closest
8,thickness_grids_L4000mm.csv,172,92,190,2,4.0,1000,10,1.4322060301507538,1.7542060301507538,0.322,25.776316750851027,1,9.39261441029391,25.776316750851027,2.154397091163687,29.67404094703484,2388.7602962363053,2403.8396595496088,4006.399432582681,49.7181517725114,15.737102662397364,29.674040957306353,267.16815733446066,749.999999011613,43014.07333084817,0.9999999986821508,0.3562242102487307,0.0062111801242236,0.3500130301245071,0.0123444343840282,0.0124223602484472,0.6499869698754929,40.0,40.0,4.0,40000.0,4000.0,10.0,8.05,80.50000000000001,9555.04118494522,955.504118494522,961.5358638198436,1.006312631425205,400416.34879812534,1074.2887620086517,1074.2887620086517,23.533466382177885,23.533466382177885,1.0,9555.04118494522,23.533466382177885,1074.2887620086517,46.093750991319155,46.093750991319155,2.5e+16,0.6437757897512693,0.0062111801242236,0.6375646096270456,51.32395107497718,74372.1476547304,32.0,0,1,1,mechanical,400.41634879812534,400.41634879812534,40.041634879812534,0.15439709116368716,0.15439709116368716,2,0.25,pareto,closest
9,thickness_grids_L4000mm.csv,181,95,195,2,4.0,1000,10,1.4698693467336683,1.8068693467336685,0.337,27.149843473222052,1,9.359810522008724,27.149843473222052,1.8375899228918728,28.566793563467375,2406.7523577221264,2406.7523593507126,4011.253932251187,48.02161817950867,15.734116120587618,28.77259765757147,265.40596260318387,729.9859264841325,44720.90469863647,0.97331456864551,0.3635768211059517,0.0059347181008902,0.3576421030050615,0.0118694361937486,0.0118694362017804,0.6423578969949385,40.0,40.0,4.0,40000.0,4000.0,10.0,8.424999999999999,84.24999999999999,9627.009430888504,962.7009430888504,962.7009437402852,1.0000000006766738,411767.1282852161,1149.9839721708988,1149.9839721708988,24.816411881878675,24.816411881878675,1.0,9627.009430888504,24.816411881878675,1149.9839721708988,44.886475714334686,44.886475714334686,2.5e+16,0.6364231788940483,0.0059347181008902,0.6304884607931581,53.11865282182357,79128.98092275197,32.0,0,1,1,mechanical,411.7671282852162,411.7671282852162,41.17671282852161,-0.16241007710812716,0.16241007710812716,2,0.25,pareto,closest
10,thickness_grids_L4000mm.csv,182,94,196,2,4.0,1000,10,1.4774020100502514,1.8094020100502517,0.332,27.42882698956114,1,9.294541130500091,27.42882698956114,1.826439668021843,28.83040486194397,2392.92360354135,2412.570815373798,4020.951358956329,48.36503524616755,15.592247543043351,28.830404864452785,266.50154341485006,749.999999751064,44239.25620686512,0.9999999996680854,0.355335391337741,0.0060240963855421,0.3493112949521988,0.0119500761089481,0.0120481927710843,0.6506887050478012,40.0,40.0,4.0,40000.0,4000.0,10.0,8.300000000000002,83.00000000000001,9571.6944141654,957.16944141654,965.028326149519,1.0082105470493796,413031.97453348554,1145.2065763324804,1145.2065763324804,24.999779558209188,24.999779558209188,1.0,9571.6944141654,24.999779558209188,1145.2065763324804,44.721556720431465,44.721556720431465,2.5e+16,0.6446646086622589,0.0060240963855421,0.6386405122767168,53.007162518967505,79207.00564902546,32.0,0,1,1,mechanical,413.03197453348554,413.03197453348554,41.30319745334855,-0.1735603319781569,0.1735603319781569,2,0.25,pareto,closest
11,thickness_grids_L4000mm.csv,171,93,189,2,4.0,1000,10,1.424673366834171,1.7516733668341709,0.327,25.5058895782417,1,9.445190531057628,25.5058895782417,2.1822112296871072,29.347858794673137,2399.1874564645286,2399.1874570554023,3998.645761759004,49.3541361071475,15.883926057064524,29.61263996334785,265.196016447337,725.121399186642,43359.54868913959,0.966828532248856,0.3657263690532419,0.0061162079510703,0.3596101611021716,0.012232415899128,0.0122324159021406,0.6403898388978283,40.0,40.0,4.0,40000.0,4000.0,10.0,8.174999999999999,81.74999999999999,9596.749825858114,959.6749825858114,959.6749828221608,1.0000000002462808,399151.5025498559,1075.4465412019044,1075.4465412019044,23.354494729307177,23.354494729307177,1.0,9596.749825858114,23.354494729307177,1075.4465412019044,46.27002820670097,46.27002820670097,2.5000000000000004e+16,0.634273630946758,0.0061162079510703,0.6281574229956877,51.35186932989746,74177.15756612174,32.0,0,1,1,mechanical,399.15150254985593,399.15150254985593,39.91515025498559,0.18221122968710723,0.18221122968710723,2,0.25,pareto,closest
12,thickness_grids_L4000mm.csv,170,92,189,2,4.0,1000,10,1.424673366834171,1.746673366834171,0.322,25.5058895782417,1,9.439590361148367,25.5058895782417,2.1873943500130357,29.767913402631955,2396.317028911873,2399.682048183272,3999.4700803054534,49.800696365532225,15.792110351577096,29.767913409946782,267.9706437074467,749.9999992998916,43143.27363689892,0.999999999066522,0.3572941919434551,0.0062111801242236,0.3510830118192315,0.0124049406566875,0.0124223602484472,0.6489169881807685,40.0,40.0,4.0,40000.0,4000.0,10.0,8.05,80.50000000000001,9585.268115647492,958.5268115647492,959.8728192733088,1.0014042462791022,398523.184019138,1070.720705874897,1070.720705874897,23.30760590786181,23.30760590786181,1.0,9585.268115647492,23.30760590786181,1070.720705874897,46.31654643459047,46.31654643459047,2.5e+16,0.6427058080565449,0.0062111801242236,0.6364946279323213,51.23781754855187,73897.49170460203,32.0,0,1,1,mechanical,398.523184019138,398.523184019138,39.8523184019138,0.18739435001303573,0.18739435001303573,2,0.25,pareto,closest
13,thickness_grids_L4000mm.csv,183,95,196,2,4.0,1000,10,1.4774020100502514,1.8144020100502511,0.337,27.42882698956114,1,9.34699986120062,27.42882698956114,1.7857810101920566,28.580319738766217,2407.8919379910535,2407.8919388811437,4013.1532314685737,47.945120726774846,15.68012677515823,28.68564877582881,266.5057579402541,739.6313687703362,44906.220212932814,0.9861751583604482,0.360322410856275,0.0059347181008902,0.3543876927553848,0.0118694361973928,0.0118694362017804,0.6456123072446152,40.0,40.0,4.0,40000.0,4000.0,10.0,8.424999999999999,84.24999999999999,9631.567751964214,963.1567751964214,963.1567755524576,1.0000000003696554,413660.29306420346,1161.7751470207577,1161.7751470207577,25.047138049470153,25.047138049470153,1.0,9631.567751964214,25.047138049470153,1161.7751470207577,44.67925752569188,44.67925752569189,2.500000000000001e+16,0.639677589143725,0.0059347181008902,0.6337428710428348,53.392836885358825,79899.28289301094,32.0,0,1,1,mechanical,413.6602930642035,413.6602930642035,41.366029306420344,-0.2142189898079434,0.2142189898079434,2,0.25,pareto,closest
14,thickness_grids_L4000mm.csv,169,92,188,2,4.0,1000,10,1.4171407035175878,1.739140703517588,0.322,25.236888462920657,1,9.462252330400444,25.236888462920657,2.2444527506456615,29.784869383600363,2397.6819853798297,2397.681985454338,3996.136642423896,49.88375566530337,15.847398127353708,29.86251215608411,267.3833600580943,742.6480016685819,43048.720969353184,0.9901973355581092,0.3600405029803315,0.0062111801242236,0.3538293228561079,0.0124223602480611,0.0124223602484472,0.6461706771438921,40.0,40.0,4.0,40000.0,4000.0,10.0,8.05,80.50000000000001,9590.72794151932,959.072794151932,959.0727941817352,1.0000000000310751,396630.0192401505,1061.5897798999122,1061.5897798999122,23.08253917435903,23.08253917435903,1.0,9590.72794151932,23.08253917435903,1061.5897798999122,46.54180385213496,46.54180385213496,2.5e+16,0.6399594970196685,0.0062111801242236,0.6337483168954449,51.01673951008332,73232.17801293783,32.0,0,1,1,mechanical,396.63001924015055,396.63001924015055,39.66300192401505,0.24445275064566152,0.24445275064566152,2,0.25,pareto,closest
0,thickness_grids_L4000mm.csv,135,66,197,2,4.0,1000,10,1.4849346733668345,1.6829346733668342,0.198,27.709236563188515,1,7.58861107333986,27.709236563188515,3.973228545642544,38.903832478338536,2567.652943570343,2576.4366272605,4294.061045434167,64.72759069789007,12.625812940000506,38.90383248407259,270.9362730755052,749.9999995834547,35763.58804596667,0.9999999994446064,0.3612483643013087,0.0075757575757575,0.3536726067255511,0.0150998600418534,0.0151515151515151,0.6463273932744489,30.0,30.0,3.0,30000.0,3000.0,10.0,6.599999999999998,65.99999999999999,10270.611774281371,1027.0611774281374,1030.5746509042,1.0034208998969862,298564.6520169237,710.9055634325499,710.9055634325499,13.478739563293374,13.478739563293374,1.0,10270.611774281371,13.478739563293374,710.9055634325499,60.90603969379118,60.906039693791186,2.5000000000000012e+16,0.6387516356986913,0.0075757575757575,0.6311758781229337,41.657607956113615,45110.98923263011,32.0,0,1,1,mechanical,298.56465201692373,298.56465201692373,29.85646520169237,-0.026771454357456204,0.026771454357456204,4,0.25,pareto,closest
1,thickness_grids_L4000mm.csv,134,66,196,2,4.0,1000,10,1.4774020100502514,1.6754020100502514,0.198,27.42882698956114,1,7.619187717856234,27.42882698956114,4.044664011642436,38.989151435565816,2573.283994747343,2573.283995762484,4288.80665960414,64.84346795630218,12.671590338464927,39.02883576282101,271.1542166703982,747.1382825622428,35792.35660049256,0.9961843767496572,0.3629237358049697,0.0075757575757575,0.3553479782292121,0.015151515145538,0.0151515151515151,0.6446520217707878,30.0,30.0,3.0,30000.0,3000.0,10.0,6.599999999999998,65.99999999999999,10293.135978989372,1029.3135978989371,1029.3135983049935,1.0000000003944924,297144.7784326832,707.1812083365724,707.1812083365724,13.34950883855586,13.34950883855586,1.0,10293.135978989372,13.34950883855586,707.1812083365724,61.20013195724701,61.20013195724701,2.5e+16,0.6370762641950303,0.0075757575757575,0.6295005066192727,41.54703343687199,44778.69826071382,32.0,0,1,1,mechanical,297.1447784326832,297.1447784326832,29.71447784326832,0.044664011642436385,0.044664011642436385,4,0.25,pareto,closest
2,thickness_grids_L4000mm.csv,136,67,197,2,4.0,1000,10,1.4849346733668345,1.6869346733668342,0.202,27.709236563188515,1,7.605679012768058,27.709236563188515,3.937683059159783,38.23775906890198,2574.6757773060663,2574.6757785711397,4291.126297618566,64.0149258916374,12.732884724771871,38.66083834734524,267.5984750182569,719.9524602135979,36036.59463579192,0.9599366136181304,0.37168909033086,0.0074257425742574,0.3642633477566026,0.0148514851412175,0.0148514851485148,0.6357366522433974,30.0,30.0,3.0,30000.0,3000.0,10.0,6.733333333333332,67.33333333333331,10298.703109224263,1029.8703109224264,1029.870311428456,1.0000000004913527,298941.6431353545,715.9281220504321,715.9281220504321,13.500017788621076,13.500017788621076,1.0,10298.703109224263,13.500017788621076,715.9281220504321,60.858021849465366,60.85802184946536,2.4999999999999996e+16,0.6283109096691399,0.0074257425742574,0.6208851670948825,41.80626791772208,45327.22520255416,32.0,0,1,1,mechanical,298.9416431353545,298.9416431353545,29.894164313535452,-0.06231694084021688,0.06231694084021688,4,0.25,pareto,closest
3,thickness_grids_L4000mm.csv,137,66,198,2,4.0,1000,10,1.4924673366834171,1.690467336683417,0.198,27.99107219410418,1,7.550570939144734,27.99107219410418,3.919436617817356,38.77981559579017,2559.4678293221505,2580.370636334588,4300.617727224314,64.61247675218345,12.580283886758917,38.77981561627649,270.1717679798105,749.9999985039269,35662.67337333498,0.999999998005236,0.3602290246916526,0.0075757575757575,0.352653267115895,0.0150287772809555,0.0151515151515151,0.6473467328841049,30.0,30.0,3.0,30000.0,3000.0,10.0,6.599999999999998,65.99999999999999,10237.871317288602,1023.7871317288602,1032.1482545338354,1.008166856708636,299984.5256011642,713.1763440358019,713.1763440358019,13.608416472108976,13.608416472108976,1.0,10237.871317288602,13.608416472108976,713.1763440358019,60.615153066454205,60.615153066454205,2.5e+16,0.6397709753083474,0.0075757575757575,0.6321952177325898,41.72488437035092,45397.853872550986,32.0,0,1,1,mechanical,299.9845256011642,299.9845256011642,29.99845256011642,-0.08056338218264392,0.08056338218264392,4,0.25,pareto,closest
4,thickness_grids_L4000mm.csv,133,66,195,2,4.0,1000,10,1.4698693467336683,1.6678693467336685,0.198,27.149843473222052,1,7.629870454732081,27.149843473222052,4.161483449749077,38.97249294297825,2572.1845342365636,2572.1845364275273,4286.974227379213,64.96011760855625,12.717618110871824,39.15483764391141,269.9504355551891,737.0157462933233,35633.45749328495,0.9826876617244312,0.3662749906129577,0.0075757575757575,0.3586992330372002,0.0151515151386092,0.0151515151515151,0.6413007669627998,30.0,30.0,3.0,30000.0,3000.0,10.0,6.599999999999998,65.99999999999999,10288.738136946256,1028.8738136946254,1028.873814571011,1.0000000008517913,295724.90484844265,699.7607120193896,699.7607120193896,13.220726567145816,13.220726567145816,1.0,10288.738136946256,13.220726567145816,699.7607120193896,61.4974829235059,61.4974829235059,2.5e+16,0.6337250093870422,0.0075757575757575,0.6261492518112847,41.32585061954478,44330.30136969745,32.0,0,1,1,mechanical,295.72490484844263,295.72490484844263,29.572490484844263,0.1614834497490767,0.1614834497490767,4,0.25,pareto,closest
5,thickness_grids_L4000mm.csv,138,67,198,2,4.0,1000,10,1.4924673366834171,1.694467336683417,0.202,27.99107219410418,1,7.594998694856604,27.99107219410418,3.828529521904319,38.25411868531869,2575.7773248114577,2575.777326058557,4292.962210097595,63.901469111190984,12.687041060631664,38.53827307665639,268.7793997204702,729.5702216215069,36195.62582902332,0.9727602954953426,0.368407854041924,0.0074257425742574,0.3609821114676665,0.0148514851413242,0.0148514851485148,0.6390178885323334,30.0,30.0,3.0,30000.0,3000.0,10.0,6.733333333333332,67.33333333333331,10303.10929924583,1030.310929924583,1030.3109304234229,1.0000000004841645,300361.516719595,723.4252488471637,723.4252488471637,13.629723450047052,13.629723450047052,1.0,10303.10929924583,13.629723450047052,723.4252488471637,60.5677555209148,60.5677555209148,2.5000000000000004e+16,0.631592145958076,0.0074257425742574,0.6241664033838186,42.027204494510435,45780.35174743489,32.0,0,1,1,mechanical,300.361516719595,300.361516719595,30.0361516719595,-0.17147047809568106,0.17147047809568106,4,0.25,pareto,closest
0,thickness_grids_L4000mm.csv,115,63,183,2,4.0,1000,10,1.3794773869346733,1.5644773869346733,0.185,23.91327374563987,1,7.767194431426771,23.91327374563987,5.915903812950554,41.483391002628885,2558.1424451621156,2558.142447461378,4263.570745768964,68.9793521201657,12.915434990288624,41.64503033612644,271.25112079802983,739.1869454434625,33454.304898423696,0.9855825939246168,0.366958754439714,0.0081081081081081,0.3588506463316059,0.016216216201641,0.0162162162162162,0.641149353668394,30.0,30.0,3.0,30000.0,3000.0,10.0,6.166666666666669,61.666666666666686,10232.56978064846,1023.256978064846,1023.2569789845512,1.000000000898802,277461.2007026562,609.571920263033,609.571920263033,11.643552852003104,11.643552852003104,1.0,10232.56978064846,11.643552852003104,609.571920263033,65.53031306184981,65.53031306184981,2.5e+16,0.633041245560286,0.0081081081081081,0.6249331374521778,38.53754347621764,38819.75080845026,32.0,0,1,1,mechanical,277.4612007026562,277.4612007026562,27.74612007026562,-0.08409618704944588,0.08409618704944588,6,0.25,pareto,closest
1,thickness_grids_L4000mm.csv,114,63,182,2,4.0,1000,10,1.3719447236180904,1.5569447236180904,0.185,23.652828974048592,1,7.77785514670478,23.652828974048592,6.102271899266096,41.46582745789545,2557.0593599035537,2557.059362168503,4261.765603614172,69.11344602185693,12.963792230926478,41.79107601493186,269.9708293341494,728.5338966851399,33296.40228454511,0.9713785289135198,0.3705672866595887,0.0081081081081081,0.3624591785514806,0.0162162162018524,0.0162162162162162,0.6375408214485193,30.0,30.0,3.0,30000.0,3000.0,10.0,6.166666666666669,61.666666666666686,10228.237439614211,1022.8237439614212,1022.8237448674012,1.0000000008857637,276041.3271184157,602.6422279033183,602.6422279033183,11.520941015712298,11.520941015712298,1.0,10228.237439614211,11.520941015712298,602.6422279033183,65.87809400282917,65.87809400282919,2.500000000000001e+16,0.6294327133404113,0.0081081081081081,0.6213246052323032,38.315017322658704,38400.94323563368,32.0,0,1,1,mechanical,276.04132711841567,276.04132711841567,27.60413271184157,0.10227189926609626,0.10227189926609626,6,0.25,pareto,closest
0,thickness_grids_L5000mm.csv,151,67,187,2,5.0,1250,10,1.409608040201005,1.611608040201005,0.202,31.211641756109895,1,8.135074623849153,31.211641756109895,2.0232042085444606,37.44563954526285,2521.3397293810312,2521.339730694293,4202.232884490489,63.95111095178647,13.893394963704251,37.64746839388942,257.138781424329,734.55490087519,34628.02256514296,0.9794065345002534,0.3500606709150798,0.0074257425742574,0.3426349283408224,0.0148514851407793,0.0148514851485148,0.6573650716591776,30.0,30.0,3.0,37500.0,3750.0,10.0,6.733333333333332,67.33333333333331,10085.358917524123,1008.5358917524125,1008.5358922777172,1.000000000520859,355928.6341161864,766.0654155277017,766.0654155277017,15.06305753717506,15.06305753717506,1.0,10085.358917524123,15.06305753717506,766.0654155277017,57.61405391174636,57.61405391174637,2.500000000000001e+16,0.6499393290849201,0.0074257425742574,0.6425135865106627,43.262581491717945,55825.65938699176,32.0,0,1,1,mechanical,355.9286341161864,284.74290729294916,28.47429072929491,0.02320420854446059,0.02320420854446059,2,0.25,pareto,closest
1,thickness_grids_L5000mm.csv,152,67,188,2,5.0,1250,10,1.4171407035175878,1.6191407035175878,0.202,31.546110578650826,1,8.126842674257123,31.546110578650826,1.96050422123061,37.45768152588357,2522.15055607616,2522.150556871681,4203.584261452802,63.82807427223856,13.848180044267854,37.51139266743272,258.297121077487,745.8296806064254,34784.012305101576,0.9944395741419004,0.3463218584536199,0.0074257425742574,0.3388961158793625,0.0148514851438304,0.0148514851485148,0.6611038841206375,30.0,30.0,3.0,37500.0,3750.0,10.0,6.733333333333332,67.33333333333331,10088.60222430464,1008.860222430464,1008.8602227486724,1.0000000003154137,357703.476096487,774.9044346693571,774.9044346693571,15.227062984996405,15.227062984996405,1.0,10088.60222430464,15.227062984996405,774.9044346693571,57.30294336792637,57.30294336792637,2.5000000000000004e+16,0.65367814154638,0.0074257425742574,0.6462523989721226,43.51432819745624,56426.77624830573,32.0,0,1,1,mechanical,357.703476096487,286.1627808771896,28.61627808771896,-0.03949577876938992,0.03949577876938992,2,0.25,pareto,closest
2,thickness_grids_L5000mm.csv,153,67,189,2,5.0,1250,10,1.424673366834171,1.6266733668341709,0.202,31.882361972802123,1,8.09838466039452,31.882361972802123,1.9191666890722117,37.37645449539055,2516.681269356296,2524.9580118711547,4208.263353118591,63.70591436542491,13.803208641338337,37.37645449935783,258.16535489419834,749.9999996891227,34766.2677924187,0.9999999995854968,0.3442204733349449,0.0074257425742574,0.3367947307606874,0.0148028023910354,0.0148514851485148,0.6632052692393126,30.0,30.0,3.0,37500.0,3750.0,10.0,6.733333333333332,67.33333333333331,10066.725077425186,1006.6725077425186,1009.983204748462,1.0032887527775718,359478.31807678775,779.8946275976244,779.8946275976244,15.391803417595773,15.391803417595773,1.0,10066.725077425186,15.391803417595773,779.8946275976244,56.99545803978856,56.99545803978855,2.499999999999999e+16,0.6557795266650551,0.0074257425742574,0.6483537840907977,43.6558214621137,56889.04859007842,32.0,0,1,1,mechanical,359.47831807678773,287.5826544614302,28.75826544614302,-0.08083331092778834,0.08083331092778834,2,0.25,pareto,closest
3,thickness_grids_L5000mm.csv,150,67,186,2,5.0,1250,10,1.402075376884422,1.604075376884422,0.202,30.878955505179334,1,8.143294507882205,30.878955505179334,2.088327897999146,37.43362367383759,2520.5306607050634,2520.53066334141,4200.884438902351,64.07503524108989,13.938855802939544,37.784695733689986,255.9807433937902,723.5182085237958,34472.073443697074,0.9646909446983944,0.3538000016835392,0.0074257425742574,0.3463742591092817,0.0148514851329809,0.0148514851485148,0.6536257408907182,30.0,30.0,3.0,37500.0,3750.0,10.0,6.733333333333332,67.33333333333331,10082.122642820255,1008.2122642820256,1008.212265336564,1.0000000010459489,354153.79213588574,757.2758827101514,757.2758827101514,14.899790754330832,14.899790754330832,1.0,10082.122642820255,14.899790754330832,757.2758827101514,57.92885139486703,57.92885139486704,2.500000000000001e+16,0.6461999983164608,0.0074257425742574,0.6387742557422034,43.01079988664168,55227.70096693183,32.0,0,1,1,mechanical,354.15379213588574,283.3230337087086,28.33230337087086,0.0883278979991462,0.0883278979991462,2,0.25,pareto,closest
4,thickness_grids_L5000mm.csv,154,68,189,2,5.0,1250,10,1.424673366834171,1.631673366834171,0.207,31.882361972802123,1,8.115849033466596,31.882361972802123,1.9027006307215768,36.56861294318498,2523.234293079764,2523.2342952071112,4205.390492011852,62.83982774846773,13.946346723294404,37.09227529050485,253.985116092338,710.2212624314266,35049.94602074265,0.9469616832419022,0.357614069765844,0.0072463768115942,0.3503676929542498,0.0144927536109695,0.0144927536231884,0.6496323070457501,30.0,30.0,3.0,37500.0,3750.0,10.0,6.900000000000002,69.00000000000001,10092.937172319058,1009.2937172319058,1009.2937180828444,1.0000000008431031,360067.3666993358,785.8691009961206,785.8691009961206,15.429259005173462,15.429259005173462,1.0,10092.937172319058,15.429259005173462,785.8691009961206,56.92623580634052,56.92623580634052,2.5e+16,0.642385930234156,0.0072463768115942,0.6351395534225618,43.82462918615678,57200.11139936667,32.0,0,1,1,mechanical,360.0673666993358,288.05389335946865,28.805389335946863,-0.0972993692784232,0.0972993692784232,2,0.25,pareto,closest
5,thickness_grids_L5000mm.csv,155,67,190,2,5.0,1250,10,1.4322060301507538,1.6342060301507535,0.202,32.22039593856378,1,8.058584818225816,32.22039593856378,1.88974509828201,37.242640023108606,2507.671094889312,2528.8958869541416,4214.826478256903,63.58462057131439,13.7584783917226,37.24264004241888,257.2989499427308,749.9999984775978,34649.59192562107,0.9999999979701304,0.3430652672866855,0.0074257425742574,0.3356395247124281,0.0147268379909322,0.0148514851485148,0.6643604752875719,30.0,30.0,3.0,37500.0,3750.0,10.0,6.733333333333332,67.33333333333331,10030.68437955725,1003.0684379557248,1011.5583547816568,1.0084639457335878,361253.1600570884,782.6447364094586,782.6447364094586,15.557275184271257,15.557275184271257,1.0,10030.68437955725,15.557275184271257,782.6447364094586,56.691537482402005,56.691537482402005,2.5e+16,0.6569347327133145,0.0074257425742574,0.649508990139057,43.73360533602983,57270.63447475815,32.0,0,1,1,mechanical,361.2531600570884,289.0025280456707,28.90025280456707,-0.1102549017179899,0.1102549017179899,2,0.25,pareto,closest
6,thickness_grids_L5000mm.csv,149,66,186,2,5.0,1250,10,1.402075376884422,1.600075376884422,0.198,30.878955505179334,1,8.110206822632918,30.878955505179334,2.122616513968905,38.02120733900915,2509.3996843746036,2523.790893587443,4206.318155979072,64.79629145835584,13.821531767290892,38.021207349669965,258.23361199961516,749.9999991789418,34086.83678394919,0.9999999989052558,0.3443114830430865,0.0075757575757575,0.336735725467329,0.0150651178889721,0.0151515151515151,0.663264274532671,30.0,30.0,3.0,37500.0,3750.0,10.0,6.599999999999998,65.99999999999999,10037.598737498412,1003.7598737498412,1009.5163574349772,1.0057349211058126,353682.5532378473,749.1055562433778,749.1055562433778,14.870081652392969,14.870081652392969,1.0,10037.598737498412,14.870081652392969,749.1055562433778,57.9866908688102,57.986690868810186,2.4999999999999996e+16,0.6556885169569134,0.0075757575757575,0.6481127593811559,42.77544211915628,54855.87559854033,32.0,0,1,1,mechanical,353.6825532378473,282.94604259027784,28.294604259027786,0.12261651396890505,0.12261651396890505,2,0.25,pareto,closest
7,thickness_grids_L5000mm.csv,156,68,190,2,5.0,1250,10,1.4322060301507538,1.6392060301507538,0.207,32.22039593856378,1,8.107590335378184,32.22039593856378,1.844468180604054,36.58042169174488,2524.049096730397,2524.049098834841,4206.748498058068,62.720695149910895,13.901253137832892,36.96039673514923,255.11556267344045,720.7305906213865,35205.94764893479,0.9609741208285154,0.3539679957992202,0.0072463768115942,0.346721618987626,0.0144927536111049,0.0144927536231884,0.6532783810123739,30.0,30.0,3.0,37500.0,3750.0,10.0,6.900000000000002,69.00000000000001,10096.19638692159,1009.619638692159,1009.6196395339364,1.000000000833757,361842.2086796365,794.8153382001731,794.8153382001731,15.59483039054322,15.59483039054322,1.0,10096.19638692159,15.59483039054322,794.8153382001731,56.623234536188825,56.623234536188825,2.5e+16,0.6460320042007798,0.0072463768115942,0.6387856273891855,44.07620828985381,57808.3203251966,32.0,0,1,1,mechanical,361.8422086796365,289.47376694370917,28.947376694370917,-0.15553181939594607,0.15553181939594607,2,0.25,pareto,closest
8,thickness_grids_L5000mm.csv,148,67,185,2,5.0,1250,10,1.3945427135678392,1.5965427135678392,0.202,30.548051825859144,1,8.151502080478297,30.548051825859144,2.1559844547965743,37.42163428789722,2519.7233753850787,2519.72337586227,4199.538959770451,64.19985815784511,13.98456500627334,37.92308895272407,254.82300141447575,712.7122250510672,34316.16419048273,0.9502829667347564,0.3575398210634274,0.0074257425742574,0.35011407848917,0.0148514851457022,0.0148514851485148,0.64988592151083,30.0,30.0,3.0,37500.0,3750.0,10.0,6.733333333333332,67.33333333333331,10078.893501540317,1007.8893501540316,1007.889350344908,1.0000000001893825,352378.9501555851,748.5359265026648,748.5359265026648,14.737266346353849,14.737266346353849,1.0,10078.893501540317,14.737266346353849,748.5359265026648,58.24739885021216,58.24739885021216,2.5000000000000004e+16,0.6424601789365726,0.0074257425742574,0.6350344363623152,42.75898538172921,54632.904179336576,32.0,0,1,1,mechanical,352.3789501555851,281.90316012446806,28.190316012446807,0.1559844547965743,0.1559844547965743,2,0.25,pareto,closest
9,thickness_grids_L5000mm.csv,147,66,185,2,5.0,1250,10,1.3945427135678392,1.5925427135678392,0.198,30.548051825859144,1,8.150890191464956,30.548051825859144,2.1566319284976316,38.16126270270224,2518.643338378347,2519.7835409989248,4199.639234998208,64.92296211372864,13.866939865597528,38.1612627075787,259.1254585847362,749.9999996267683,34204.56053318517,0.999999999502358,0.3455006116182506,0.0075757575757575,0.337924854042493,0.015144659087492,0.0151515151515151,0.6620751459575069,30.0,30.0,3.0,37500.0,3750.0,10.0,6.599999999999998,65.99999999999999,10074.573353513388,1007.4573353513388,1007.91341639957,1.000452705074674,351907.7112575466,746.3909286207667,746.3909286207667,14.707641030497458,14.707641030497458,1.0,10074.573353513388,14.707641030497458,746.3909286207667,58.306032641307745,58.30603264130775,2.5000000000000004e+16,0.6544993883817494,0.0075757575757575,0.6469236308059918,42.696959633195455,54481.61402092392,32.0,0,1,1,mechanical,351.9077112575466,281.5261690060373,28.15261690060373,0.15663192849763163,0.15663192849763163,2,0.25,pareto,closest
10,thickness_grids_L5000mm.csv,157,68,191,2,5.0,1250,10,1.4397386934673368,1.646738693467337,0.207,32.56021247593581,1,8.099320413606481,32.56021247593581,1.7883650504261484,36.592254874271,2524.8655863246995,2524.8655884367195,4208.109314061199,62.60239977440591,13.856399289296352,36.82960653152688,256.2463244633377,731.4583562931507,35361.99277594062,0.9752778083908678,0.3503225060712006,0.0072463768115942,0.3430761292596064,0.0144927536110653,0.0144927536231884,0.6569238707403935,30.0,30.0,3.0,37500.0,3750.0,10.0,6.900000000000002,69.00000000000001,10099.462345298798,1009.9462345298798,1009.9462353746878,1.0000000008364882,363617.05065993726,803.8107633463676,803.8107633463676,15.761128299579465,15.761128299579465,1.0,10099.462345298798,15.761128299579465,803.8107633463676,56.323722487270395,56.323722487270395,2.5e+16,0.6496774939287994,0.0072463768115942,0.6424311171172051,44.32774708108717,58419.67732197462,32.0,0,1,1,mechanical,363.61705065993726,290.8936405279498,29.08936405279498,-0.21163494957385165,0.21163494957385165,2,0.25,pareto,closest
11,thickness_grids_L5000mm.csv,146,66,184,2,5.0,1250,10,1.3870100502512563,1.5850100502512563,0.198,30.218930718149313,1,8.16188139847285,30.218930718149313,2.223906378585222,38.16217104798727,2518.7032891671593,2518.703289859643,4197.838816432739,65.05055892338238,13.9125980586741,38.302517712017824,258.12219291974947,739.4085403252316,34072.12946540692,0.9858780537669752,0.3490927935539039,0.0075757575757575,0.3415170359781463,0.0151515151473494,0.0151515151515151,0.6584829640218537,30.0,30.0,3.0,37500.0,3750.0,10.0,6.599999999999998,65.99999999999999,10074.81315666864,1007.481315666864,1007.4813159438572,1.0000000002749363,350132.86927724595,738.2203655013898,738.2203655013898,14.545947521950872,14.545947521950872,1.0,10074.81315666864,14.545947521950872,738.2203655013898,58.6292034717972,58.6292034717972,2.5e+16,0.6509072064460961,0.0075757575757575,0.6433314488703386,42.459875625442336,53909.32562724259,32.0,0,1,1,mechanical,350.13286927724596,280.10629542179674,28.010629542179675,0.22390637858522222,0.22390637858522222,2,0.25,pareto,closest
0,thickness_grids_L5000mm.csv,119,61,167,2,5.0,1250,10,1.2589547738693467,1.434954773869347,0.176,24.89660534346811,1,8.272414689440604,24.89660534346811,4.019866440722247,42.4888878635081,2492.681421325807,2507.8959342382877,4179.826557063813,71.9912976371121,14.016414597582877,42.48888786846237,261.2474062047105,749.9999996614908,30653.028994686018,0.9999999995486546,0.3483298750968311,0.0085227272727272,0.3398071478241038,0.0169420458334978,0.0170454545454545,0.6601928521758962,30.0,30.0,3.0,37500.0,3750.0,10.0,5.8666666666666645,58.66666666666664,9970.725685303229,997.0725685303228,1003.1583736953152,1.0061036732501454,317368.74167292303,584.6533478928914,584.6533478928914,11.761830063617994,11.761830063617994,1.0,9970.725685303229,11.761830063617994,584.6533478928914,65.19999343198599,65.19999343198597,2.499999999999999e+16,0.6516701249031689,0.0085227272727272,0.6431473976304416,37.73131399431923,43486.191669328146,32.0,0,1,1,mechanical,317.368741672923,253.8949933383384,25.389499333833843,0.019866440722246637,0.019866440722246637,4,0.25,pareto,closest
1,thickness_grids_L5000mm.csv,120,62,167,2,5.0,1250,10,1.2589547738693467,1.4399547738693468,0.181,24.89660534346811,1,8.307953260752543,24.89660534346811,3.951524091651996,41.51010059763981,2504.442736057603,2504.442737025025,4174.071228375042,70.87003457837775,14.1841365447945,42.11398713194567,257.3022274063786,709.9952500638724,31047.80210703636,0.9466603334184966,0.3623999278632234,0.0082872928176795,0.3541126350455438,0.0165745856289566,0.0165745856353591,0.6458873649544561,30.0,30.0,3.0,37500.0,3750.0,10.0,6.033333333333335,60.33333333333335,10017.770944230411,1001.7770944230411,1001.77709481001,1.0000000003862826,317957.79029547115,591.9313566669258,591.9313566669258,11.796662313102772,11.796662313102772,1.0,10017.770944230411,11.796662313102772,591.9313566669258,65.1036635841772,65.10366358417718,2.4999999999999996e+16,0.6376000721367766,0.0082872928176795,0.629312779319097,37.96853768558553,43837.23451845011,32.0,0,1,1,mechanical,317.95779029547117,254.36623223637693,25.436623223637692,-0.04847590834800419,0.04847590834800419,4,0.25,pareto,closest
2,thickness_grids_L5000mm.csv,121,61,168,2,5.0,1250,10,1.2664874371859296,1.4424874371859295,0.176,25.195422733801728,1,8.227705875464464,25.195422733801728,3.9477902058489462,42.31249273814703,2482.3329073046243,2512.255049669886,4187.09174944981,71.83276430029885,13.96795174753642,42.31249276635074,260.22758266362933,749.999998059271,30533.36969919916,0.9999999974123612,0.3469701111160057,0.0085227272727272,0.3384473838432784,0.0168424351435603,0.0170454545454545,0.6615526161567216,30.0,30.0,3.0,37500.0,3750.0,10.0,5.8666666666666645,58.66666666666664,9929.3316292185,992.93316292185,1004.9020198679544,1.0120540408892018,319143.5836532237,587.0957491641097,587.0957491641097,11.909647287353954,11.909647287353954,1.0,9929.3316292185,11.909647287353954,587.0957491641097,64.79411349832337,64.79411349832337,2.5e+16,0.6530298888839943,0.0085227272727272,0.644507161611267,37.81108681452765,43820.627342063046,32.0,0,1,1,mechanical,319.1435836532237,255.31486692257897,25.531486692257896,-0.05220979415105376,0.05220979415105376,4,0.25,pareto,closest
3,thickness_grids_L5000mm.csv,118,61,166,2,5.0,1250,10,1.251422110552764,1.4274221105527638,0.176,24.599570524744863,1,8.317514580084982,24.599570524744863,4.093943982493674,42.666943539335875,2503.127354307703,2503.5154666689104,4172.525777781518,72.15113042947266,14.06517621220011,42.666943546912435,262.27569714085405,749.9999994859777,30773.68179786019,0.999999999314637,0.3497009297608108,0.0085227272727272,0.3411782024880835,0.0170428120406649,0.0170454545454545,0.6588217975119165,30.0,30.0,3.0,37500.0,3750.0,10.0,5.8666666666666645,58.66666666666664,10012.509417230816,1001.2509417230816,1001.4061866675644,1.0001550509847368,315593.89969262236,582.1958208993095,582.1958208993095,11.614839268349302,11.614839268349302,1.0,10012.509417230816,11.614839268349302,582.1958208993095,65.61126332787524,65.61126332787524,2.4999999999999996e+16,0.6502990702391892,0.0085227272727272,0.6417763429664619,37.650878787365755,43152.02165372782,32.0,0,1,1,mechanical,315.59389969262236,252.4751197540979,25.24751197540979,0.0939439824936743,0.0939439824936743,4,0.25,pareto,closest
4,thickness_grids_L5000mm.csv,122,62,168,2,5.0,1250,10,1.2664874371859296,1.4474874371859296,0.181,25.195422733801728,1,8.300035716996103,25.195422733801728,3.8119680567455214,41.52283691214724,2505.2111603662174,2505.211162243313,4175.351937072189,70.714710811231,14.135224592001896,41.94052663910655,258.59240143664584,721.8869676643177,31203.483106688604,0.962515956885757,0.3582173013502759,0.0082872928176795,0.3499300085325964,0.0165745856229401,0.0165745856353591,0.6500699914674035,30.0,30.0,3.0,37500.0,3750.0,10.0,6.033333333333335,60.33333333333335,10020.84464146487,1002.084464146487,1002.0844648973252,1.0000000007492764,319732.6322757718,599.7229130100295,599.7229130100295,11.944610137827564,11.944610137827564,1.0,10020.84464146487,11.944610137827564,599.7229130100295,64.69921516972806,64.69921516972806,2.5e+16,0.641782698649724,0.0082872928176795,0.6334954058320444,38.220889485200026,44371.10959827753,32.0,0,1,1,mechanical,319.73263227577183,255.78610582061745,25.578610582061746,-0.18803194325447858,0.18803194325447858,4,0.25,pareto,closest
5,thickness_grids_L5000mm.csv,117,61,165,2,5.0,1250,10,1.243889447236181,1.419889447236181,0.176,24.304318277631985,1,8.326365834583063,24.304318277631985,4.243991403443188,42.65893857716162,2502.657729860147,2502.6577305547953,4171.0962175913255,72.3122806645936,14.11424013884865,42.846681851231075,261.01005368556946,737.4690954181548,30625.179632440133,0.9832921272242064,0.3539267683313201,0.0085227272727272,0.3454040410585928,0.0170454545407233,0.0170454545454545,0.6545959589414072,30.0,30.0,3.0,37500.0,3750.0,10.0,5.8666666666666645,58.66666666666664,10010.63091944059,1001.0630919440588,1001.0630922219182,1.0000000002775642,313819.0577123217,574.6538393843051,574.6538393843051,11.468679305035744,11.468679305035744,1.0,10010.63091944059,11.468679305035744,574.6538393843051,66.02802358330491,66.02802358330491,2.5e+16,0.6460732316686799,0.0085227272727272,0.6375505043959526,37.402962924562544,42630.504840416776,32.0,0,1,1,mechanical,313.8190577123217,251.05524616985736,25.105524616985736,0.2439914034431876,0.2439914034431876,4,0.25,pareto,closest
0,thickness_grids_L5000mm.csv,101,41,192,2,5.0,1250,10,1.4472713567839195,1.5472713567839196,0.1,32.9018115849182,1,5.948626623682676,32.9018115849182,5.935742472853003,55.178730114910366,2758.9365057455207,2758.936507550503,4598.227512584172,92.79214313766693,10.003597617918754,55.45009640093704,265.205334492053,736.190653892054,26520.53344920533,0.9815875385227388,0.3602400181121281,0.0099999999999999,0.3502400181121281,0.0199999999869153,0.0199999999999999,0.6497599818878719,20.0,20.0,2.0,25000.0,2500.0,10.0,5.000000000000004,50.00000000000004,11035.746022982084,1103.5746022982082,1103.5746030202013,1.0000000006542311,235190.83474513915,409.2928344251709,409.2928344251709,6.721415497272674,6.721415497272674,1.0,11035.746022982084,6.721415497272674,409.2928344251709,86.24911166228793,86.24911166228793,2.5000000000000004e+16,0.6397599818878719,0.0099999999999999,0.6297599818878719,31.487999094393626,26963.450604472484,32.0,0,1,1,mechanical,235.19083474513917,188.15266779611133,18.815266779611132,-0.06425752714699673,0.06425752714699673,6,0.25,pareto,closest
1,thickness_grids_L5000mm.csv,100,41,191,2,5.0,1250,10,1.4397386934673368,1.539738693467337,0.1,32.56021247593581,1,5.954897579325812,32.56021247593581,6.12002660059839,55.163689076652,2758.1844538326022,2758.18445424456,4596.974090407601,92.98330968236998,10.03751009066584,55.654395264629386,263.9720020019987,725.3760374119736,26397.200200199888,0.9671680498826316,0.3639105627803874,0.0099999999999999,0.3539105627803874,0.0199999999970128,0.0199999999999999,0.6460894372196125,20.0,20.0,2.0,25000.0,2500.0,10.0,5.000000000000004,50.00000000000004,11032.73781533041,1103.273781533041,1103.273781697824,1.000000000149358,234007.6067582721,404.60977214236414,404.60977214236414,6.648134054389181,6.648134054389181,1.0,11032.73781533041,6.648134054389181,404.60977214236414,86.72316477660122,86.72316477660122,2.4999999999999996e+16,0.6360894372196125,0.0099999999999999,0.6260894372196125,31.304471860980655,26673.878226325614,32.0,0,1,1,mechanical,234.0076067582721,187.2060854066177,18.720608540661768,0.12002660059838988,0.12002660059838988,6,0.25,pareto,closest
2,thickness_grids_L5000mm.csv,102,41,193,2,5.0,1250,10,1.4548040201005026,1.554804020100503,0.1,33.24519326551096,1,5.942346438544159,33.24519326551096,5.75810860946588,55.193802354954926,2759.6901177477484,2759.69011839805,4599.483530663417,92.60241590641904,9.96988090842584,55.24755754634038,266.43867008404055,747.2256968797573,26643.86700840408,0.9963009291730096,0.3565705397935687,0.0099999999999999,0.3465705397935686,0.0199999999952871,0.0199999999999999,0.6534294602064313,20.0,20.0,2.0,25000.0,2500.0,10.0,5.000000000000004,50.00000000000004,11038.760470990996,1103.8760470990997,1103.87604735922,1.0000000002356426,236374.0627320063,414.0014702615403,414.0014702615403,6.7950281408570925,6.7950281408570925,1.0,11038.760470990996,6.7950281408570925,414.0014702615403,85.78065781639391,85.78065781639391,2.5000000000000004e+16,0.6434294602064313,0.0099999999999999,0.6334294602064313,31.671473010321595,27254.534377809716,32.0,0,1,1,mechanical,236.3740627320063,189.09925018560503,18.909925018560504,-0.24189139053411957,0.24189139053411957,6,0.25,pareto,closest
0,thickness_grids_L6000mm.csv,140,63,166,2,6.0,1500,10,1.251422110552764,1.436422110552764,0.185,29.519484629693835,1,8.539389186951954,29.519484629693835,2.0066492339252493,40.252009755529286,2482.2072682576395,2482.2072682881594,4137.012113813599,69.33773590253372,14.7098720240296,40.36850358304464,252.75344810767007,741.5045216074224,31172.925266612645,0.9886726954765632,0.3408656869141606,0.0081081081081081,0.3327575788060525,0.0162162162160168,0.0162162162162162,0.6672424211939474,30.0,30.0,3.0,45000.0,4500.0,10.0,6.166666666666669,61.666666666666686,9928.82907303056,992.882907303056,992.8829073152638,1.0000000000122953,379985.0246558508,660.8589560429965,660.8589560429965,13.40734259881276,13.40734259881276,1.0,9928.82907303056,13.40734259881276,660.8589560429965,61.067993209279706,61.067993209279706,2.5e+16,0.6591343130858394,0.0081081081081081,0.6510262049777312,40.146615973626766,55355.25765652906,32.0,0,1,1,mechanical,379.9850246558508,253.3233497705672,25.33233497705672,0.006649233925249298,0.006649233925249298,2,0.25,pareto,closest
1,thickness_grids_L6000mm.csv,141,63,167,2,6.0,1500,10,1.2589547738693467,1.4439547738693468,0.185,29.875926412161732,1,8.518958801564299,29.875926412161732,1.9465127546252945,40.193383639976744,2478.5919911318997,2484.152704530813,4140.254507551354,69.18086043927514,14.662833694667643,40.19338364479341,253.1619788078833,749.9999996438556,31223.310719638943,0.999999999525141,0.337549305237466,0.0081081081081081,0.329441197129358,0.016179916623752,0.0162162162162162,0.670558802870642,30.0,30.0,3.0,45000.0,4500.0,10.0,6.166666666666669,61.666666666666686,9914.3679645276,991.43679645276,993.661081812325,1.002243496880006,382114.8350322115,667.5258039724195,667.5258039724195,13.582133266127675,13.582133266127675,1.0,9914.3679645276,13.582133266127675,667.5258039724195,60.67377384876123,60.67377384876124,2.5000000000000004e+16,0.6624506947625339,0.0081081081081081,0.6543425866544258,40.351126177022934,55945.59968260723,32.0,0,1,1,mechanical,382.11483503221154,254.7432233548077,25.47432233548077,-0.053487245374705505,0.053487245374705505,2,0.25,pareto,closest
2,thickness_grids_L6000mm.csv,142,64,167,2,6.0,1500,10,1.2589547738693467,1.4479547738693468,0.189,29.875926412161732,1,8.531734570603533,29.875926412161732,1.934879764904655,39.41167886971427,2482.9357687919996,2482.935769727624,4138.226282879374,68.35053846908365,14.796341305423695,39.92284246606795,249.36026665407277,713.280492838321,31419.393598413175,0.9510406571177614,0.3495963637836302,0.0079365079365079,0.3416598558471223,0.0158730158670345,0.0158730158730158,0.6583401441528777,30.0,30.0,3.0,45000.0,4500.0,10.0,6.300000000000002,63.000000000000014,9931.743075168,993.1743075168,993.1743078910496,1.0000000003768217,382680.3217098578,671.5943153695188,671.5943153695188,13.61714476893914,13.61714476893914,1.0,9931.743075168,13.61714476893914,671.5943153695188,60.59572344795931,60.59572344795931,2.5000000000000004e+16,0.6504036362163698,0.0079365079365079,0.6424671282798619,40.475429081631304,56198.87753323872,32.0,0,1,1,mechanical,382.6803217098577,255.1202144732385,25.51202144732385,-0.06512023509534504,0.06512023509534504,2,0.25,pareto,closest
3,thickness_grids_L6000mm.csv,139,63,165,2,6.0,1500,10,1.243889447236181,1.428889447236181,0.185,29.16518193315838,1,8.545402033459728,29.16518193315838,2.0831903928419435,40.2427352889588,2481.6353428191264,2481.635345373195,4136.058908955325,69.49590576364413,14.757208976118172,40.54521192342568,251.488313264946,728.3218308404696,31016.89196934334,0.9710957744539594,0.3452983318854156,0.0081081081081081,0.3371902237773075,0.0162162161995266,0.0162162162162162,0.6628097762226924,30.0,30.0,3.0,45000.0,4500.0,10.0,6.166666666666669,61.666666666666686,9926.541371276506,992.6541371276504,992.654138149278,1.0000000010291876,377855.21427949,652.0003571373722,652.0003571373722,13.233719201840056,13.233719201840056,1.0,9926.541371276506,13.233719201840056,652.0003571373722,61.467286932153655,61.467286932153655,2.5e+16,0.6547016681145844,0.0081081081081081,0.6465935600064763,39.87326953373271,54674.81747242251,32.0,0,1,1,mechanical,377.85521427949,251.90347618632663,25.190347618632668,0.08319039284194352,0.08319039284194352,2,0.25,pareto,closest
4,thickness_grids_L6000mm.csv,143,63,168,2,6.0,1500,10,1.2664874371859296,1.4514874371859297,0.185,30.23450728056207,1,8.474194643063433,30.23450728056207,1.9104596548603312,40.019833955285776,2467.8897605759566,2488.4269868991123,4147.378311498521,69.02526208774265,14.616090283471577,40.019833980612354,252.11326658997524,749.9999981133836,31093.96954609695,0.9999999974845116,0.336151022965551,0.0081081081081081,0.3280429148574429,0.0160823822302118,0.0162162162162162,0.671957085142557,30.0,30.0,3.0,45000.0,4500.0,10.0,6.166666666666669,61.666666666666686,9871.559042303828,987.1559042303828,995.3707947596448,1.0083217762200052,384244.64540857234,670.3467673777315,670.3467673777315,13.75808601388963,13.75808601388963,1.0,9871.559042303828,13.75808601388963,670.3467673777315,60.28454564178537,60.28454564178537,2.5e+16,0.663848977034449,0.0081081081081081,0.6557408689263409,40.43735358379103,56376.17273978055,32.0,0,1,1,mechanical,384.2446454085723,256.1630969390482,25.61630969390482,-0.0895403451396688,0.0895403451396688,2,0.25,pareto,closest
5,thickness_grids_L6000mm.csv,144,64,168,2,6.0,1500,10,1.2664874371859296,1.4554874371859297,0.189,30.23450728056207,1,8.525679414794341,30.23450728056207,1.8647285420850983,39.420831416308374,2483.512379227428,2483.512380505537,4139.187300842562,68.19737269051734,14.74928142307178,39.75149745335279,250.59796225889207,725.8414241697176,31575.34324462041,0.9677885655596236,0.3452516678082247,0.0079365079365079,0.3373151598717168,0.015873015864847,0.0158730158730158,0.6626848401282832,30.0,30.0,3.0,45000.0,4500.0,10.0,6.300000000000002,63.000000000000014,9934.049516909714,993.4049516909714,993.4049522022148,1.0000000005146374,384810.1320862185,680.5967829191604,680.5967829191604,13.793270292589456,13.793270292589456,1.0,9934.049516909714,13.793270292589456,680.5967829191604,60.207608753040766,60.207608753040766,2.5e+16,0.6547483321917753,0.0079365079365079,0.6468118242552674,40.749144928081854,56889.15064705602,32.0,0,1,1,mechanical,384.8101320862185,256.540088057479,25.6540088057479,-0.1352714579149017,0.1352714579149017,2,0.25,pareto,closest
6,thickness_grids_L6000mm.csv,138,62,165,2,6.0,1500,10,1.243889447236181,1.424889447236181,0.181,29.16518193315838,1,8.483786134421408,29.16518193315838,2.1443719362839304,40.82527676876444,2463.125031715455,2487.509790410228,4145.849650683714,70.35800748144555,14.620899980604602,40.8252767846744,252.5180779187187,749.9999988396175,30470.5147355254,0.9999999984528236,0.3366907710792116,0.0082872928176795,0.3284034782615321,0.016412106969851,0.0165745856353591,0.6715965217384678,30.0,30.0,3.0,45000.0,4500.0,10.0,6.033333333333335,60.33333333333335,9852.50012686182,985.250012686182,995.0039161640912,1.0098999272796925,377289.7276018438,640.6291725258318,640.6291725258318,13.199084487115496,13.199084487115496,1.0,9852.50012686182,13.199084487115496,640.6291725258318,61.54787991595959,61.54787991595959,2.4999999999999996e+16,0.6633092289207884,0.0082872928176795,0.6550219361031088,39.51965681155424,54114.83541506763,32.0,0,1,1,mechanical,377.2897276018438,251.5264850678959,25.15264850678959,0.1443719362839304,0.1443719362839304,2,0.25,pareto,closest
7,thickness_grids_L6000mm.csv,137,63,164,2,6.0,1500,10,1.236356783919598,1.421356783919598,0.185,28.813018322555344,1,8.55139581973346,28.813018322555344,2.163203487985811,40.23349496174668,2481.0655226410454,2481.065523092894,4135.109205154825,69.65538762397051,14.80484832639744,40.723526978999686,250.22307495696785,715.4802605828548,30860.84591135937,0.9539736807771398,0.3497274330854739,0.0081081081081081,0.3416193249773658,0.0162162162132629,0.0162162162162162,0.6583806750226341,30.0,30.0,3.0,45000.0,4500.0,10.0,6.166666666666669,61.666666666666686,9924.262090564183,992.4262090564184,992.426209237158,1.000000000182119,375725.4039031291,643.2085433827999,643.2085433827999,13.06126827387471,13.06126827387471,1.0,9924.262090564183,13.06126827387471,643.2085433827999,61.87173965011367,61.87173965011367,2.5e+16,0.6502725669145261,0.0081081081081081,0.6421644588064179,39.60014162639578,53998.844602394434,32.0,0,1,1,mechanical,375.7254039031292,250.4836026020861,25.04836026020861,0.16320348798581108,0.16320348798581108,2,0.25,pareto,closest
8,thickness_grids_L6000mm.csv,136,62,164,2,6.0,1500,10,1.236356783919598,1.417356783919598,0.181,28.813018322555344,1,8.529255645196162,28.813018322555344,2.1857520014090053,41.00593412209362,2474.0246920329823,2483.171793391239,4138.619655652065,70.52007376980148,14.668212057060668,41.00593414259279,253.5882734457903,749.9999985161936,30599.651662458706,0.9999999980215916,0.3381176985966553,0.0082872928176795,0.3298304057789757,0.0165135308927185,0.0165745856353591,0.6701695942210242,30.0,30.0,3.0,45000.0,4500.0,10.0,6.033333333333335,60.33333333333335,9896.09876813193,989.609876813193,993.2687173564956,1.0036972554832266,375159.917225483,637.875861992217,637.875861992217,13.026811282782342,13.026811282782342,1.0,9896.09876813193,13.026811282782342,637.875861992217,61.95351354032504,61.95351354032504,2.5e+16,0.6618823014033447,0.0082872928176795,0.6535950085856651,39.43356551800181,53693.59971315902,32.0,0,1,1,mechanical,375.159917225483,250.1066114836553,25.010661148365532,0.18575200140900527,0.18575200140900527,2,0.25,pareto,closest
9,thickness_grids_L6000mm.csv,145,64,169,2,6.0,1500,10,1.274020100502513,1.4630201005025127,0.189,30.59522723489486,1,8.519605793549628,30.59522723489486,1.7975638184070746,39.4300165649056,2484.0910435890532,2484.09104491741,4140.151741529016,68.0454434324511,14.70251358219666,39.581678430064535,251.83557818442895,738.7288988784454,31731.282851238055,0.9849718651712608,0.3409039210010212,0.0079365079365079,0.3329674130645133,0.0158730158645278,0.0158730158730158,0.6670325869354867,30.0,30.0,3.0,45000.0,4500.0,10.0,6.300000000000002,63.000000000000014,9936.364174356211,993.6364174356212,993.636417966964,1.0000000005347456,386939.94246257935,689.6655714101624,689.6655714101624,13.970551200240251,13.970551200240251,1.0,9936.364174356211,13.970551200240251,689.6655714101624,59.82438345679597,59.82438345679597,2.499999999999999e+16,0.6590960789989788,0.0079365079365079,0.6511595710624709,41.02305297693567,57583.868983481785,32.0,0,1,1,mechanical,386.9399424625793,257.9599616417196,25.795996164171957,-0.20243618159292542,0.20243618159292542,2,0.25,pareto,closest
10,thickness_grids_L6000mm.csv,135,62,163,2,6.0,1500,10,1.228824120603015,1.409824120603015,0.181,28.462993797884764,1,8.55897219812482,28.462993797884764,2.2451888283883097,41.110701463348136,2480.345654955338,2480.345656276343,4133.909427127239,70.68349593372739,14.715829577911824,41.188245350931496,253.7084869923172,744.4525814448815,30614.157430406285,0.9926034419265088,0.3407987201816178,0.0082872928176795,0.3325114273639383,0.0165745856265316,0.0165745856353591,0.6674885726360617,30.0,30.0,3.0,45000.0,4500.0,10.0,6.033333333333335,60.33333333333335,9921.382619821354,992.1382619821354,992.1382625105372,1.0000000005325889,373030.1068491222,632.7187657395683,632.7187657395683,12.85571730541419,12.85571730541419,1.0,9921.382619821354,12.85571730541419,632.7187657395683,62.36441390810804,62.36441390810804,2.4999999999999996e+16,0.6592012798183822,0.0082872928176795,0.6509139870007026,39.2718105490424,53172.520535473326,32.0,0,1,1,mechanical,373.0301068491222,248.6867378994148,24.86867378994148,0.2451888283883097,0.2451888283883097,2,0.25,pareto,closest
0,thickness_grids_L6000mm.csv,111,41,181,2,6.0,1500,10,1.3644120603015075,1.4644120603015076,0.1,35.09071538961841,1,6.203158182775863,35.09071538961841,4.049944744089083,54.57536378844836,2728.76818942242,2728.7681896971976,4547.946982828663,93.84295621450592,10.666400759038163,55.56972654208444,253.65952877240105,700.1968051543934,25365.95287724012,0.933595740205858,0.3622689034070486,0.0099999999999999,0.3522689034070486,0.019999999997986,0.0199999999999999,0.6477310965929514,20.0,20.0,2.0,30000.0,3000.0,10.0,5.000000000000004,50.00000000000004,10915.07275768968,1091.5072757689682,1091.507275878879,1.0000000001006963,266610.3922675212,406.70095156164894,406.70095156164894,6.827346022294644,6.827346022294644,1.0,10915.07275768968,6.827346022294644,406.70095156164894,85.57739159971138,85.57739159971138,2.5000000000000004e+16,0.6377310965929514,0.0099999999999999,0.6277310965929513,31.386554829647597,30468.612218032747,32.0,0,1,1,mechanical,266.6103922675212,177.7402615116808,17.77402615116808,0.04994474408908278,0.04994474408908278,4,0.25,pareto,closest
1,thickness_grids_L6000mm.csv,112,41,182,2,6.0,1500,10,1.3719447236180904,1.4719447236180905,0.1,35.47924346107289,1,6.198407969510566,35.47924346107289,3.915970974074752,54.58649172855853,2729.324586427929,2729.3245883777513,4548.874313962919,93.63315869954025,10.632237000679728,55.34264889478215,254.90143515107985,711.5385969012957,25490.143515108004,0.9487181292017276,0.3582397866555081,0.0099999999999999,0.3482397866555081,0.019999999985712,0.0199999999999999,0.6517602133444919,20.0,20.0,2.0,30000.0,3000.0,10.0,5.000000000000004,50.00000000000004,10917.298345711712,1091.7298345711713,1091.7298353511003,1.0000000007143977,268030.2658517617,411.8561714319683,411.8561714319683,6.911068795533978,6.911068795533978,1.0,10917.298345711712,6.911068795533978,411.8561714319683,85.05745696524961,85.05745696524961,2.4999999999999996e+16,0.6417602133444918,0.0099999999999999,0.6317602133444918,31.588010667224623,30824.399978768717,32.0,0,1,1,mechanical,268.03026585176167,178.68684390117446,17.868684390117444,-0.08402902592524786,0.08402902592524786,4,0.25,pareto,closest
2,thickness_grids_L6000mm.csv,110,41,180,2,6.0,1500,10,1.3568793969849249,1.4568793969849247,0.1,34.70432640409637,1,6.207895419513914,34.70432640409637,4.189398085148414,54.56427116079477,2728.2135580397407,2728.2135585833153,4547.022597638859,94.05446071800284,10.700779895978298,55.79883410532776,252.4173396178791,689.1064706150519,25241.73396178793,0.918808627486736,0.3662965744503714,0.0099999999999999,0.3562965744503714,0.0199999999960151,0.0199999999999999,0.6437034255496286,20.0,20.0,2.0,30000.0,3000.0,10.0,5.000000000000004,50.00000000000004,10912.854232158965,1091.2854232158963,1091.285423433326,1.0000000001992415,265190.5186832807,401.5800315533344,401.5800315533344,6.744121671098457,6.744121671098457,1.0,10912.854232158965,6.744121671098457,401.5800315533344,86.1037970774257,86.1037970774257,2.5e+16,0.6337034255496286,0.0099999999999999,0.6237034255496285,31.185171277481455,30114.943508227712,32.0,0,1,1,mechanical,265.1905186832807,176.79367912218711,17.679367912218712,0.18939808514841427,0.18939808514841427,4,0.25,pareto,closest
3,thickness_grids_L6000mm.csv,113,41,183,2,6.0,1500,10,1.3794773869346733,1.4794773869346731,0.1,35.869910618459805,1,6.193644929707454,35.869910618459805,3.7872304273046233,54.59765477408117,2729.882738704061,2729.8827392542103,4549.804565423684,93.42504552349254,10.598285986982775,55.117576898961936,256.14306580634377,723.1404006204656,25614.3065806344,0.9641872008272876,0.3542093147977475,0.0099999999999999,0.3442093147977475,0.0199999999959694,0.0199999999999999,0.6557906852022525,20.0,20.0,2.0,30000.0,3000.0,10.0,5.000000000000004,50.00000000000004,10919.530954816242,1091.953095481624,1091.953095701684,1.0000000002015288,269450.13943600224,417.04560909399544,417.04560909399544,6.995287706834054,6.995287706834054,1.0,10919.530954816242,6.995287706834054,417.04560909399544,84.54388709087984,84.54388709087984,2.4999999999999996e+16,0.6457906852022525,0.0099999999999999,0.6357906852022525,31.78953426011265,31182.303519219975,32.0,0,1,1,mechanical,269.45013943600225,179.63342629066815,17.963342629066815,-0.21276957269537666,0.21276957269537666,4,0.25,pareto,closest
0,thickness_grids_L6000mm.csv,96,39,170,2,6.0,1500,10,1.2815527638190956,1.3745527638190955,0.093,30.95808627516008,1,6.256668398253071,30.95808627516008,5.941850073833419,58.54876564588485,2722.5176025336445,2722.5176031750143,4537.529338625024,100.07570065019438,10.694341149361437,59.47732267375351,256.70804047895535,706.5662871202394,23873.847764542843,0.9420883828269858,0.3633177030356534,0.010752688172043,0.3525650148636104,0.0215053763390198,0.021505376344086,0.6474349851363895,20.0,20.0,2.0,30000.0,3000.0,10.0,4.649999999999999,46.499999999999986,10890.070410134578,1089.007041013458,1089.007041270006,1.0000000002355798,250332.04838362147,350.5996239519168,350.5996239519168,5.912621335453008,5.912621335453008,1.0,10890.070410134578,5.912621335453008,350.5996239519168,91.95915439307952,91.95915439307952,2.4999999999999996e+16,0.6366822969643465,0.010752688172043,0.6259296087923035,29.105726808842107,26561.963853620924,32.0,0,1,1,mechanical,250.33204838362147,166.88803225574765,16.688803225574766,-0.05814992616658099,0.05814992616658099,6,0.25,pareto,closest
1,thickness_grids_L6000mm.csv,95,39,169,2,6.0,1500,10,1.274020100502513,1.3670201005025129,0.093,30.59522723489486,1,6.261246871786568,30.59522723489486,6.161961888908827,58.53729553760628,2721.984242498691,2721.9842440554,4536.640406759,100.31833797438506,10.730216933602998,59.740320788823304,255.36767025471585,694.6410523211275,23749.193333688563,0.9261880697615034,0.3676253647857559,0.010752688172043,0.3568726766137129,0.021505376331787,0.021505376344086,0.6431273233862871,20.0,20.0,2.0,30000.0,3000.0,10.0,4.649999999999999,46.499999999999986,10887.936969994766,1088.7936969994769,1088.79369762216,1.000000000571902,248912.17479938097,345.87150279400487,345.87150279400487,5.835170903308889,5.835170903308889,1.0,10887.936969994766,5.835170903308889,345.87150279400487,92.5674311996626,92.5674311996626,2.4999999999999996e+16,0.6323746352142441,0.010752688172043,0.6216219470422011,28.905420537462344,26232.611961902538,32.0,0,1,1,mechanical,248.91217479938095,165.94144986625395,16.594144986625395,0.16196188890882723,0.16196188890882723,6,0.25,pareto,closest
0,thickness_grids_L7000mm.csv,128,42,185,2,7.0,1750,10,1.3945427135678392,1.4975427135678392,0.103,42.7672725562028,1,6.285703384953838,42.7672725562028,1.9864938028637669,52.545629332621445,2706.0999106300037,2719.139112425916,4531.89852070986,90.76464857085158,10.857604447830957,52.54562935153229,251.36279584355972,749.9999989247093,25890.367971886644,0.9999999985662792,0.3351503949385918,0.0097087378640776,0.3254416570745141,0.0193243622926456,0.0194174757281553,0.6745583429254859,20.0,20.0,2.0,35000.0,3500.0,10.0,5.1499999999999995,51.49999999999999,10824.399642520017,1082.4399642520016,1087.6556449703664,1.0048184480346392,318001.40160052414,468.9443196889443,468.9443196889443,8.004673803004362,8.004673803004362,1.0,10824.399642520017,8.004673803004362,468.9443196889443,79.03385808248787,79.03385808248787,2.5e+16,0.6648496050614082,0.0097087378640776,0.6551408671973306,33.73975466066251,39023.631261614755,32.0,0,1,1,mechanical,318.00140160052416,181.71508662887095,18.171508662887096,-0.013506197136233133,0.013506197136233133,2,0.25,pareto,closest
1,thickness_grids_L7000mm.csv,127,42,184,2,7.0,1750,10,1.3870100502512563,1.4900100502512563,0.103,42.30650300540904,1,6.313327830792985,42.30650300540904,2.023721759083282,52.73656838039064,2715.933271590117,2715.9332724884293,4526.555454147382,90.96853990932654,10.89024622523039,52.764496701375855,252.0591967728648,748.424929664942,25962.097267605062,0.9978999062199227,0.3367862116588068,0.0097087378640776,0.3270774737947292,0.0194174757217328,0.0194174757281553,0.6729225262052708,20.0,20.0,2.0,35000.0,3500.0,10.0,5.1499999999999995,51.49999999999999,10863.73308636047,1086.3733086360469,1086.373308995372,1.0000000003307563,316344.88241891016,466.6395480647708,466.6395480647708,7.907757903824,7.907757903824,1.0,10863.73308636047,7.907757903824,466.6395480647708,79.51669477845668,79.51669477845668,2.5e+16,0.6632137883411932,0.0097087378640776,0.6535050504771155,33.655510099571444,38724.83624184205,32.0,0,1,1,mechanical,316.3448824189102,180.7685042393772,18.076850423937724,0.023721759083282112,0.023721759083282112,2,0.25,pareto,closest
2,thickness_grids_L7000mm.csv,129,43,185,2,7.0,1750,10,1.3945427135678392,1.5015427135678392,0.107,42.7672725562028,1,6.30854952641601,42.7672725562028,1.957873734096813,50.775461746290574,2716.487203426545,2716.4872058447104,4527.478676407851,88.93431393637621,11.049560255480028,51.97538302205713,244.47266575246476,685.2714394947043,26158.57523551372,0.9136952526596058,0.3567530348743711,0.0093457943925233,0.3474072404818478,0.0186915887684078,0.0186915887850467,0.6525927595181522,20.0,20.0,2.0,35000.0,3500.0,10.0,5.349999999999999,53.49999999999999,10865.948813706182,1086.5948813706182,1086.5948823378842,1.0000000008901808,318441.22457202664,473.72144690830066,473.72144690830066,8.024495410907864,8.024495410907864,1.0,10865.948813706182,8.024495410907864,473.72144690830066,78.93618547640394,78.93618547640394,2.5000000000000004e+16,0.6432469651256288,0.0093457943925233,0.6339011707331055,33.91371263422114,39276.141339227375,32.0,0,1,1,mechanical,318.4412245720266,181.9664140411581,18.19664140411581,-0.04212626590318691,0.04212626590318691,2,0.25,pareto,closest
3,thickness_grids_L7000mm.csv,130,42,186,2,7.0,1750,10,1.402075376884422,1.505075376884422,0.103,43.23053770725107,1,6.2549795885845665,43.23053770725107,1.9543494334162907,52.32858824949658,2694.9222948490733,2722.714395165046,4537.857325275077,90.56236987903092,10.825168307356996,52.328588273331704,250.40543001213905,749.9999986351912,25791.759291250313,0.999999998180255,0.3338739072904174,0.0097087378640776,0.3241651694263397,0.0192192718936737,0.0194174757281553,0.6758348305736602,20.0,20.0,2.0,35000.0,3500.0,10.0,5.1499999999999995,51.49999999999999,10779.689179396297,1077.9689179396296,1089.0857580660183,1.0103127649984909,319657.92078213807,470.7467612460971,470.7467612460971,8.102235442160303,8.102235442160303,1.0,10779.689179396297,8.102235442160303,470.7467612460971,78.55658083688186,78.55658083688186,2.4999999999999996e+16,0.6661260927095826,0.0097087378640776,0.6564173548455049,33.8054937745435,39302.22575596854,32.0,0,1,1,mechanical,319.6579207821381,182.66166901836465,18.26616690183646,-0.04565056658370925,0.04565056658370925,2,0.25,pareto,closest
4,thickness_grids_L7000mm.csv,126,42,183,2,7.0,1750,10,1.3794773869346733,1.4824773869346732,0.103,41.848229054869776,1,6.31708455071041,41.848229054869776,2.093554269212627,52.72811534391254,2715.497940211495,2715.4979419763476,4525.829903293913,91.17406498119426,10.923096218432605,52.98520930888449,250.84365740971697,735.7388535873532,25836.896713200844,0.9809851381164708,0.3409411589270305,0.0097087378640776,0.3312324210629528,0.0194174757155355,0.0194174757281553,0.6687675789370472,20.0,20.0,2.0,35000.0,3500.0,10.0,5.1499999999999995,51.49999999999999,10861.991760845982,1086.199176084598,1086.199176790539,1.0000000006499186,314688.3632372961,460.8109920566291,460.8109920566291,7.811490117773981,7.811490117773981,1.0,10861.991760845982,7.811490117773981,460.8109920566291,80.00517109833385,80.00517109833385,2.5e+16,0.6590588410729695,0.0097087378640776,0.6493501032088919,33.44153031525792,38280.72056050845,32.0,0,1,1,mechanical,314.68836323729613,179.8219218498835,17.98219218498835,0.093554269212627,0.093554269212627,2,0.25,pareto,closest
5,thickness_grids_L7000mm.csv,131,43,186,2,7.0,1750,10,1.402075376884422,1.509075376884422,0.107,43.23053770725107,1,6.304765605820143,43.23053770725107,1.8933461605791808,50.78366425652165,2716.9260377239075,2716.9260392948972,4528.210065491496,88.7367744421971,11.016624571409055,51.76252940002638,245.64167761373164,696.3698804025917,26283.659504669275,0.9284931738701224,0.3527459824536337,0.0093457943925233,0.3434001880611104,0.0186915887742388,0.0186915887850467,0.6565998119388896,20.0,20.0,2.0,35000.0,3500.0,10.0,5.349999999999999,53.49999999999999,10867.704150895632,1086.7704150895631,1086.770415717959,1.0000000005782232,320097.7437536406,479.6418451219259,479.6418451219259,8.122158237406211,8.122158237406211,1.0,10867.704150895632,8.122158237406211,479.64184512192594,78.46017619022928,78.46017619022928,2.5000000000000004e+16,0.6472540175463662,0.0093457943925233,0.6379082231538429,34.12808993873059,39726.39448023072,32.0,0,1,1,mechanical,320.0977437536406,182.9129964306518,18.291299643065177,-0.10665383942081919,0.10665383942081919,2,0.25,pareto,closest
6,thickness_grids_L7000mm.csv,125,42,182,2,7.0,1750,10,1.3719447236180904,1.4749447236180904,0.103,41.39245070458504,1,6.3208290856283496,41.39245070458504,2.1662468263154713,52.71969268062904,2715.064173052395,2715.0641756889895,4525.106959481649,91.38124524846737,10.956157053997416,53.20778632344649,249.62774844268304,723.3661169028637,25711.658089596345,0.964488155870485,0.3450918457605942,0.0097087378640776,0.3353831078965166,0.019417475709299,0.0194174757281553,0.6646168921034834,20.0,20.0,2.0,35000.0,3500.0,10.0,5.1499999999999995,51.49999999999999,10860.25669220958,1086.025669220958,1086.0256702755958,1.0000000009710983,313031.8440556822,455.0249861400612,455.0249861400612,7.715872811534566,7.715872811534566,1.0,10860.25669220958,7.715872811534566,455.0249861400612,80.49936825394454,80.49936825394454,2.4999999999999996e+16,0.6549081542394057,0.0097087378640776,0.6451994163753281,33.22776994332939,37839.39182014644,32.0,0,1,1,mechanical,313.0318440556822,178.87533946038982,17.88753394603898,0.16624682631547127,0.16624682631547127,2,0.25,pareto,closest
7,thickness_grids_L7000mm.csv,132,43,187,2,7.0,1750,10,1.409608040201005,1.516608040201005,0.107,43.696298458553855,1,6.300969802569366,43.696298458553855,1.8313140986180056,50.79189543753126,2717.3664059079215,2717.366407011288,4528.94401168548,88.54078522422297,10.983894363220976,51.55143896313669,246.81034835768483,707.7298657400513,26408.70727427227,0.9436398209867352,0.348735245332063,0.0093457943925233,0.3393894509395396,0.0186915887774571,0.0186915887850467,0.6606105490604604,20.0,20.0,2.0,35000.0,3500.0,10.0,5.349999999999999,53.49999999999999,10869.465623631688,1086.9465623631688,1086.9465628045152,1.0000000004060423,321754.26293525455,485.6045042921603,485.6045042921603,8.220463690034334,8.220463690034334,1.0,10869.465623631688,8.220463690034334,485.6045042921603,77.98962721916179,77.98962721916179,2.5e+16,0.651264754667937,0.0093457943925233,0.6419189602754136,34.34266437473462,40179.420447821976,32.0,0,1,1,mechanical,321.75426293525453,183.85957882014543,18.385957882014544,-0.16868590138199435,0.16868590138199435,2,0.25,pareto,closest
8,thickness_grids_L7000mm.csv,133,43,188,2,7.0,1750,10,1.4171407035175878,1.5241407035175878,0.107,44.16455481011115,1,6.297162206768258,44.16455481011115,1.7716674979754714,50.80015509701875,2717.8082976905025,2717.808300090116,4529.680500150193,88.34632650913821,10.951367123538615,51.34209356145728,247.97868223911095,719.3606393979782,26533.718999584868,0.9591475191973042,0.3447209489340986,0.0093457943925233,0.3353751545415753,0.0186915887685435,0.0186915887850467,0.6646248454584247,20.0,20.0,2.0,35000.0,3500.0,10.0,5.349999999999999,53.49999999999999,10871.233190762014,1087.1233190762014,1087.1233200360464,1.000000000882922,323410.7821168685,491.6093377433966,491.6093377433966,8.31940938760422,8.31940938760422,1.0,10871.233190762014,8.31940938760422,491.6093377433966,77.5244607841275,77.5244607841275,2.5e+16,0.6552790510659013,0.0093457943925233,0.645933256673378,34.55742923202572,40635.21497525936,32.0,0,1,1,mechanical,323.41078211686846,184.80616120963913,18.480616120963912,-0.2283325020245286,0.2283325020245286,2,0.25,pareto,closest
9,thickness_grids_L7000mm.csv,124,42,181,2,7.0,1750,10,1.3644120603015075,1.4674120603015075,0.103,40.93916795455481,1,6.324561345161594,40.93916795455481,2.2419344932299765,52.711300590851906,2714.6319804288723,2714.6319825259143,4524.386637543191,91.59010255693438,10.989431407266505,53.43224705702911,248.41146546754172,711.2953736785838,25586.38094315679,0.9483938315714452,0.3492381289967344,0.0097087378640776,0.3395293911326568,0.0194174757131554,0.0194174757281553,0.6604706088673432,20.0,20.0,2.0,35000.0,3500.0,10.0,5.1499999999999995,51.49999999999999,10858.52792171549,1085.852792171549,1085.8527930103658,1.0000000007724958,311375.32487406826,449.28161542824733,449.28161542824733,7.620908344290181,7.620908344290181,1.0,10858.52792171549,7.620908344290181,449.28161542824733,80.99936849340608,80.99936849340608,2.5e+16,0.6507618710032655,0.0097087378640776,0.6410531331391879,33.01423635666817,37400.85434073447,32.0,0,1,1,mechanical,311.37532487406827,177.92875707089615,17.792875707089614,0.2419344932299765,0.2419344932299765,2,0.25,pareto,closest
0,thickness_grids_L7000mm.csv,103,39,165,2,7.0,1750,10,1.243889447236181,1.336889447236181,0.093,34.02604558868478,1,6.384881401328968,34.02604558868478,3.9984498985605614,58.22941544484539,2707.6678181853094,2707.6678192916233,4512.779698819372,100.54082720573098,11.024346591769325,59.0611913073818,251.57137058737743,710.0454388023553,23396.137464626092,0.9467272517364738,0.3543031992596231,0.010752688172043,0.3435505110875801,0.0215053763352992,0.021505376344086,0.6564494889124198,20.0,20.0,2.0,35000.0,3500.0,10.0,4.649999999999999,46.499999999999986,10830.67127274124,1083.067127274124,1083.067127716649,1.0000000004085854,283771.4605394886,360.5978776548507,360.5978776548507,6.148121094899604,6.148121094899604,1.0,10830.67127274124,6.148121094899604,360.5978776548507,90.1807402144128,90.1807402144128,2.4999999999999996e+16,0.6456968007403768,0.010752688172043,0.6349441125683338,29.524901234427514,30536.43291183704,32.0,0,1,1,mechanical,283.7714605394886,162.15512030827918,16.21551203082792,-0.001550101439438567,0.001550101439438567,4,0.25,pareto,closest
1,thickness_grids_L7000mm.csv,104,39,166,2,7.0,1750,10,1.251422110552764,1.3444221105527638,0.093,34.43939873464281,1,6.381367325401936,34.43939873464281,3.849175828099241,58.2381173270122,2708.072455706066,2708.072457163779,4513.454095272965,100.28602602296776,10.988713217907296,58.78979118624914,252.9269303372747,723.0320153977552,23522.20452136654,0.964042687197007,0.3498142889262439,0.010752688172043,0.3390616007542009,0.02150537633251,0.021505376344086,0.6609383992457991,20.0,20.0,2.0,35000.0,3500.0,10.0,4.649999999999999,46.499999999999986,10832.289822824265,1083.2289822824264,1083.2289828655116,1.0000000005382843,285427.9797211025,365.6290877891916,365.6290877891916,6.2320394251962155,6.2320394251962155,1.0,10832.289822824265,6.2320394251962155,365.6290877891916,89.57151216201635,89.57151216201635,2.4999999999999996e+16,0.6501857110737561,0.010752688172043,0.6394330229017131,29.73363556492965,30928.219459816253,32.0,0,1,1,mechanical,285.42797972110253,163.10170269777288,16.310170269777288,-0.15082417190075903,0.15082417190075903,4,0.25,pareto,closest
2,thickness_grids_L7000mm.csv,102,39,164,2,7.0,1750,10,1.236356783919598,1.329356783919598,0.093,33.61518804298123,1,6.388381548164528,33.61518804298123,4.154569793978844,58.22075086623176,2707.264915279776,2707.2649170798863,4512.108195133144,100.79790276463662,11.060239734708944,59.33497985466115,250.21530771342256,697.3984528915006,23270.023617348288,0.929864603855334,0.3587838583180086,0.010752688172043,0.3480311701459656,0.0215053763297867,0.021505376344086,0.6519688298540344,20.0,20.0,2.0,35000.0,3500.0,10.0,4.649999999999999,46.499999999999986,10829.059661119103,1082.9059661119104,1082.9059668319546,1.0000000006649186,282114.9413578746,355.6106755917761,355.6106755917761,6.064895092613979,6.064895092613979,1.0,10829.059661119103,6.064895092613979,355.6106755917761,90.79738809056076,90.79738809056074,2.4999999999999996e+16,0.6412161416819914,0.010752688172043,0.6304634535099484,29.31655058821259,30147.51280374472,32.0,0,1,1,mechanical,282.1149413578746,161.20853791878548,16.12085379187855,0.15456979397884396,0.15456979397884396,4,0.25,pareto,closest
0,thickness_grids_L7000mm.csv,89,37,155,2,7.0,1750,10,1.1685628140703517,1.2545628140703518,0.086,30.029772143102537,1,6.420814872229415,30.029772143102537,5.92935172013043,62.87297104096369,2703.5377547614407,2703.537757082112,4505.89626180352,107.6395266173298,10.992537204802842,63.361526537838785,255.88549693998235,727.8936662651453,22006.1527368385,0.970524888353527,0.3515424145025773,0.0116279069767441,0.3399145075258331,0.0232558139335259,0.0232558139534883,0.6600854924741668,20.0,20.0,2.0,35000.0,3500.0,10.0,4.300000000000003,43.000000000000036,10814.151019045768,1081.4151019045769,1081.415102832845,1.000000000858383,266436.57852321956,310.99975884389386,310.99975884389386,5.318696238182538,5.318696238182538,1.0,10814.151019045768,5.318696238182538,310.99975884389386,96.95772313733475,96.95772313733475,2.5e+16,0.6484575854974227,0.0116279069767441,0.6368296785206785,27.3836761763892,26626.36489707816,32.0,0,1,1,mechanical,266.43657852321957,152.24947344183974,15.224947344183976,-0.07064827986956956,0.07064827986956956,6,0.25,pareto,closest
1,thickness_grids_L7000mm.csv,88,37,154,2,7.0,1750,10,1.1610301507537688,1.2470301507537689,0.086,29.64387059994413,1,6.4241637751579415,29.64387059994413,6.177676321673549,62.86403601613604,2703.153548693852,2703.153549853583,4505.255916422639,107.93535547053146,11.03006495629078,63.67280240222277,254.41243324509423,714.0747738405147,21879.46925907812,0.9520996984540198,0.3562826227242079,0.0116279069767441,0.3446547157474638,0.0232558139435109,0.0232558139534883,0.6553452842525361,20.0,20.0,2.0,35000.0,3500.0,10.0,4.300000000000003,43.000000000000036,10812.61419477541,1081.261419477541,1081.2614199414334,1.0000000004290288,264780.0593416056,306.4695769123278,306.4695769123278,5.242711384021891,5.242711384021891,1.0,10812.61419477541,5.242711384021891,306.4695769123278,97.65782039654772,97.65782039654772,2.5e+16,0.643717377275792,0.0116279069767441,0.6320894702990478,27.17984722285908,26267.392579402953,32.0,0,1,1,mechanical,264.7800593416056,151.30289105234604,15.130289105234604,0.17767632167354908,0.17767632167354908,6,0.25,pareto,closest
0,thickness_grids_L8000mm.csv,122,41,170,2,8.0,2000,10,1.2815527638190956,1.3815527638190956,0.1,41.2774483668801,1,6.441223849016688,41.2774483668801,2.027487649421637,54.023963341141965,2701.1981670571004,2701.1981676290725,4501.996946048454,94.96371095072512,11.322429565272396,55.0848187747382,242.72739362585347,694.995564315608,24272.73936258537,0.9266607524208108,0.3492502773954788,0.0099999999999999,0.3392502773954788,0.019999999995765,0.0199999999999999,0.6607497226045211,20.0,20.0,2.0,40000.0,4000.0,10.0,5.000000000000004,50.00000000000004,10804.792668228403,1080.4792668228404,1080.479267051629,1.0000000002117473,334655.71045450045,423.47520146986216,423.47520146986216,7.254794308472981,7.254794308472981,1.0,10804.792668228403,7.254794308472981,423.47520146986216,83.01803514401779,83.01803514401779,2.5000000000000004e+16,0.6507497226045211,0.0099999999999999,0.6407497226045211,32.037486130226085,39025.6582457343,32.0,0,1,1,mechanical,334.6557104545005,167.32785522725024,16.732785522725024,0.027487649421637173,0.027487649421637173,2,0.25,pareto,closest
1,thickness_grids_L8000mm.csv,123,41,171,2,8.0,2000,10,1.2890854271356784,1.3890854271356785,0.1,41.76411253514364,1,6.438363085628204,41.76411253514364,1.953268198818077,54.03051684039504,2701.5258420197542,2701.5258445919903,4502.543074319984,94.72783967198346,11.287921378339083,54.8395702381627,243.99686204105916,707.332154278483,24399.686204105936,0.9431095390379772,0.3449537258629916,0.0099999999999999,0.3349537258629916,0.0199999999809571,0.0199999999999999,0.6650462741370083,20.0,20.0,2.0,40000.0,4000.0,10.0,5.000000000000004,50.00000000000004,10806.103368079015,1080.6103368079016,1080.610337836796,1.000000000952142,336548.8752334878,429.08562126077726,429.08562126077726,7.349126484912268,7.349126484912268,1.0,10806.103368079015,7.349126484912268,429.08562126077726,82.4835114306659,82.4835114306659,2.5e+16,0.6550462741370083,0.0099999999999999,0.6450462741370083,32.252313706850444,39505.551552176126,32.0,0,1,1,mechanical,336.5488752334878,168.2744376167439,16.82744376167439,-0.046731801181923105,0.046731801181923105,2,0.25,pareto,closest
2,thickness_grids_L8000mm.csv,121,41,169,2,8.0,2000,10,1.274020100502513,1.3740201005025128,0.1,40.79363631319315,1,6.444072759390778,40.79363631319315,2.105029187788611,54.01743866078422,2700.871933039213,2700.87193492608,4501.4532248768,95.20161377070282,11.35718651530971,55.33200771841521,241.45745448420627,682.9785444560332,24145.74544842065,0.910638059274711,0.3535359294141781,0.0099999999999999,0.3435359294141781,0.0199999999860277,0.0199999999999999,0.6564640705858219,20.0,20.0,2.0,40000.0,4000.0,10.0,5.000000000000004,50.00000000000004,10803.487732156857,1080.3487732156857,1080.348773970432,1.0000000006986138,332762.5456755131,417.91579455839127,417.91579455839127,7.161282636086318,7.161282636086318,1.0,10803.487732156857,7.161282636086318,417.91579455839127,83.55829986318334,83.55829986318334,2.4999999999999996e+16,0.6464640705858219,0.0099999999999999,0.6364640705858219,31.82320352929112,38549.330143007974,32.0,0,1,1,mechanical,332.7625456755131,166.38127283775654,16.638127283775656,0.10502918778861092,0.10502918778861092,2,0.25,pareto,closest
3,thickness_grids_L8000mm.csv,124,41,172,2,8.0,2000,10,1.2966180904522613,1.3966180904522614,0.1,42.25362881798375,1,6.435490543308959,42.25362881798375,1.882209352341488,54.037099142203445,2701.8549571101744,2701.854958444772,4503.0915974079535,94.49397211014026,11.253658571016167,54.59624636212803,245.26586357571867,720.0011505675002,24526.586357571887,0.9600015340900004,0.3406464883874167,0.0099999999999999,0.3306464883874167,0.0199999999901208,0.0199999999999999,0.6693535116125833,20.0,20.0,2.0,40000.0,4000.0,10.0,5.000000000000004,50.00000000000004,10807.419828440698,1080.7419828440698,1080.7419833779088,1.000000000493956,338442.04001247516,434.7470532758457,434.7470532758457,7.444278248783554,7.444278248783554,1.0,10807.419828440698,7.444278248783554,434.7470532758457,81.95466952173305,81.95466952173305,2.5e+16,0.6593535116125833,0.0099999999999999,0.6493535116125833,32.46767558062919,39989.00820267175,32.0,0,1,1,mechanical,338.44204001247516,169.22102000623758,16.92210200062376,-0.117790647658512,0.117790647658512,2,0.25,pareto,closest
4,thickness_grids_L8000mm.csv,120,40,169,2,8.0,2000,10,1.274020100502513,1.3700201005025128,0.096,40.79363631319315,1,6.412218320329017,40.79363631319315,2.1471711392165527,55.98160257209943,2687.116923460775,2704.524556049501,4507.540926749169,97.308084659315,11.145816741580049,55.98160258045817,248.22988625891156,749.9999995496679,23830.069080855537,0.9999999993995572,0.3309731818772792,0.0104166666666666,0.3205565152106125,0.0206992398892734,0.0208333333333333,0.6794434847893875,20.0,20.0,2.0,40000.0,4000.0,10.0,4.800000000000004,48.00000000000004,10748.4676938431,1074.84676938431,1081.8098224198004,1.0064781820384303,332259.89085093874,412.5052877114078,412.5052877114078,7.141121210701543,7.141121210701543,1.0,10748.4676938431,7.141121210701543,412.5052877114078,83.67617120219928,83.67617120219928,2.5000000000000004e+16,0.6690268181227208,0.0104166666666666,0.6586101514560542,31.613287269890627,38241.127046200774,32.0,0,1,1,mechanical,332.25989085093875,166.12994542546937,16.612994542546936,0.14717113921655267,0.14717113921655267,2,0.25,pareto,closest
5,thickness_grids_L8000mm.csv,125,41,173,2,8.0,2000,10,1.3041507537688442,1.4041507537688442,0.1,42.745997215400465,1,6.432606275040559,42.745997215400465,1.814158404800042,54.04371005237998,2702.185502619001,2702.1855042323255,4503.642507053876,94.262080957893,11.21963782428037,54.354831511990966,246.53440050883853,733.0160712718789,24653.440050883873,0.9773547616958386,0.3363287793691467,0.0099999999999999,0.3263287793691467,0.019999999988059,0.0199999999999999,0.6736712206308533,20.0,20.0,2.0,40000.0,4000.0,10.0,5.000000000000004,50.00000000000004,10808.742010476006,1080.8742010476003,1080.8742016929302,1.0000000005970442,340335.2047914626,440.45948909364745,440.45948909364745,7.540248595721267,7.540248595721267,1.0,10808.742010476006,7.540248595721267,440.45948909364745,81.4314503512879,81.4314503512879,2.4999999999999996e+16,0.6636712206308533,0.0099999999999999,0.6536712206308533,32.683561031542695,40476.02599713821,32.0,0,1,1,mechanical,340.33520479146256,170.16760239573128,17.016760239573127,-0.1858415951999579,0.1858415951999579,2,0.25,pareto,closest
6,thickness_grids_L8000mm.csv,119,41,168,2,8.0,2000,10,1.2664874371859296,1.3664874371859297,0.1,40.31267637408276,1,6.446909763769241,40.31267637408276,2.1860635828051764,54.01094299186329,2700.5471495931665,2700.547151433951,4500.911919056585,95.44157648584996,11.392195677991587,55.58115293605586,240.1870423941207,671.2689142198008,24018.704239412094,0.8950252189597344,0.3578104650850459,0.0099999999999999,0.3478104650850459,0.0199999999863673,0.0199999999999999,0.6521895349149541,20.0,20.0,2.0,40000.0,4000.0,10.0,5.000000000000004,50.00000000000004,10802.188598372668,1080.2188598372668,1080.2188605735803,1.000000000681634,330869.3808965257,412.4073987542859,412.4073987542859,7.068592292208346,7.068592292208346,1.0,10802.188598372668,7.068592292208346,412.4073987542859,84.10436491933181,84.10436491933181,2.5000000000000004e+16,0.6421895349149541,0.0099999999999999,0.6321895349149541,31.60947674574773,38076.569007328566,32.0,0,1,1,mechanical,330.8693808965257,165.43469044826284,16.543469044826285,0.18606358280517643,0.18606358280517643,2,0.25,pareto,closest
7,thickness_grids_L8000mm.csv,118,40,168,2,8.0,2000,10,1.2664874371859296,1.3624874371859297,0.096,40.31267637408276,1,6.4449494846087525,40.31267637408276,2.188724426244147,56.235874550377886,2699.321978418141,2700.771557280876,4501.285928801461,97.55422947461798,11.18026679589743,56.2358745639668,249.22750179965965,749.9999992733905,23925.840172767348,0.9999999990311874,0.3323033360548192,0.0104166666666666,0.3218866693881526,0.0208221515065849,0.0208333333333333,0.6781133306118474,20.0,20.0,2.0,40000.0,4000.0,10.0,4.800000000000004,48.00000000000004,10797.287913672562,1079.7287913672562,1080.3086229123503,1.0005370159152285,330366.7260719513,410.8666383761119,410.8666383761119,7.048578001635726,7.048578001635726,1.0,10797.287913672562,7.048578001635726,410.8666383761119,84.22368657363093,84.22368657363093,2.4999999999999996e+16,0.6676966639451808,0.0104166666666666,0.6572799972785142,31.549439869368708,37947.6375831462,32.0,0,1,1,mechanical,330.36672607195135,165.18336303597567,16.518336303597568,0.1887244262441472,0.1887244262441472,2,0.25,pareto,closest
0,thickness_grids_L8000mm.csv,99,38,153,2,8.0,2000,10,1.153497487437186,1.242497487437186,0.089,33.44053103661741,1,6.4899406547290415,33.44053103661741,3.968878544725098,60.575986565218,2695.6314021522,2695.631404632826,4492.719007721377,105.74165165395485,11.32886285274697,61.65970593489307,246.1331308190446,699.9885776598967,21905.84864289496,0.933318103546529,0.3516244959908949,0.0112359550561797,0.3403885409347151,0.02247191009168,0.0224719101123595,0.6596114590652848,20.0,20.0,2.0,40000.0,4000.0,10.0,4.449999999999998,44.499999999999986,10782.5256086088,1078.25256086088,1078.2525618531306,1.0000000009202394,301089.6084441355,332.991548085076,332.991548085076,5.728253242357766,5.728253242357766,1.0,10782.5256086088,5.728253242357766,332.991548085076,93.42732134489668,93.42732134489668,2.4999999999999996e+16,0.648375504009105,0.0112359550561797,0.6371395489529252,28.35270992840516,31135.1080674663,32.0,0,1,1,mechanical,301.08960844413554,150.54480422206777,15.054480422206776,-0.031121455274901955,0.031121455274901955,4,0.25,pareto,closest
1,thickness_grids_L8000mm.csv,98,37,153,2,8.0,2000,10,1.153497487437186,1.239497487437186,0.086,33.44053103661741,1,6.4471680271711955,33.44053103661741,4.07525468152534,62.26947038613088,2677.58722660363,2700.5175893982355,4500.862648997059,107.7026345322809,11.151162479668088,62.26947041949968,250.70266685076172,749.9999983957468,21560.42934916553,0.9999999978609958,0.3342702231826877,0.0116279069767441,0.3226423162059436,0.0230583465297874,0.0232558139534883,0.6773576837940564,20.0,20.0,2.0,40000.0,4000.0,10.0,4.300000000000003,43.000000000000036,10710.34890641452,1071.034890641452,1080.2070357592945,1.0085638154256105,300712.6173257048,327.787861994213,327.787861994213,5.714991982581451,5.714991982581451,1.0,10710.34890641452,5.714991982581451,327.787861994213,93.53565448705878,93.53565448705878,2.5e+16,0.6657297768173123,0.0116279069767441,0.6541018698405681,28.126380403144452,30852.19657171753,32.0,0,1,1,mechanical,300.7126173257048,150.3563086628524,15.035630866285238,0.07525468152534032,0.07525468152534032,4,0.25,pareto,closest
2,thickness_grids_L8000mm.csv,97,38,152,2,8.0,2000,10,1.145964824120603,1.234964824120603,0.089,33.005204930732404,1,6.492569451792252,33.005204930732404,4.139361927854526,60.56925237200608,2695.3317305542696,2695.331732869141,4492.219554781902,106.04002947615832,11.366695626612255,61.959577102177384,244.69551535498448,686.982244971941,21777.90086659361,0.9159763266292548,0.3561889949062349,0.0112359550561797,0.3449530398500551,0.0224719100930596,0.0224719101123595,0.6550469601499449,20.0,20.0,2.0,40000.0,4000.0,10.0,4.449999999999998,44.499999999999986,10781.326922217078,1078.132692221708,1078.1326931476565,1.0000000008588448,299196.44366514817,328.31959660266415,328.31959660266415,5.649140424848073,5.649140424848073,1.0,10781.326922217078,5.649140424848073,328.31959660266415,94.07924358668696,94.07924358668696,2.4999999999999996e+16,0.6438110050937651,0.0112359550561797,0.6325750500375853,28.149589726672534,30721.529605530584,32.0,0,1,1,mechanical,299.1964436651482,149.5982218325741,14.959822183257408,0.13936192785452572,0.13936192785452572,4,0.25,pareto,closest
3,thickness_grids_L8000mm.csv,96,37,152,2,8.0,2000,10,1.145964824120603,1.2319648241206032,0.086,33.005204930732404,1,6.4820826829138065,33.005204930732404,4.166213782526176,62.57441837704074,2690.6999902127545,2696.527615982119,4494.212693303532,108.0074292015588,11.188487318171264,62.57441838414311,251.7373454825949,749.9999996612546,21649.411711503177,0.9999999995483396,0.3356497941283929,0.0116279069767441,0.3240218871516487,0.0232055544345872,0.0232558139534883,0.6759781128483512,20.0,20.0,2.0,40000.0,4000.0,10.0,4.300000000000003,43.000000000000036,10762.799960851018,1076.279996085102,1078.6110463928478,1.0021658400381177,298819.4525467174,326.4307405924025,326.4307405924025,5.6359938304460275,5.6359938304460275,1.0,10762.799960851018,5.6359938304460275,326.4307405924025,94.18890492393996,94.18890492393996,2.5e+16,0.6643502058716071,0.0116279069767441,0.6527222988948629,28.06705885247913,30594.43210760893,32.0,0,1,1,mechanical,298.8194525467174,149.4097262733587,14.94097262733587,0.16621378252617625,0.16621378252617625,4,0.25,pareto,closest
4,thickness_grids_L8000mm.csv,100,38,154,2,8.0,2000,10,1.1610301507537688,1.2500301507537688,0.089,33.878709257079,1,6.487298930490897,33.878709257079,3.806531559719071,60.58275553507908,2695.932621311018,2695.932623646217,4493.221039410362,105.44609510324484,11.291337509262547,61.362235244720225,247.57016493928583,713.3690980521571,22033.74467959643,0.9511587974028762,0.3470435790045745,0.0112359550561797,0.3358076239483947,0.0224719100928945,0.0224719101123595,0.6641923760516053,20.0,20.0,2.0,40000.0,4000.0,10.0,4.449999999999998,44.499999999999986,10783.73048524407,1078.373048524407,1078.3730494584868,1.0000000008661936,302982.7732231229,337.71348868234264,337.71348868234264,5.808183819737617,5.808183819737617,1.0,10783.73048524407,5.808183819737617,337.71348868234264,92.7822341385682,92.7822341385682,2.5e+16,0.6529564209954255,0.0112359550561797,0.6417204659392457,28.556560734296426,31552.236268145967,32.0,0,1,1,mechanical,302.9827732231229,151.49138661156144,15.149138661156144,-0.1934684402809288,0.1934684402809288,4,0.25,pareto,closest
0,thickness_grids_L8000mm.csv,85,36,143,2,8.0,2000,10,1.0781708542713568,1.1611708542713568,0.083,29.21561513371363,1,6.516642791484841,29.21561513371363,6.124380283041806,64.8817076299895,2692.590866644563,2692.590867325573,4487.651445542622,113.02359149583756,11.351957272601709,66.11611622267637,247.15397492023976,697.2324435002715,20513.77991837989,0.929643258000362,0.3544785920739265,0.0120481927710843,0.3424303993028422,0.0240963855360742,0.0240963855421686,0.6575696006971578,20.0,20.0,2.0,40000.0,4000.0,10.0,4.149999999999999,41.49999999999998,10770.363466578252,1077.036346657825,1077.0363469302292,1.00000000025292,281403.9784174002,287.0631751057933,287.0631751057933,4.949333975399534,4.949333975399534,1.0,10770.363466578252,4.949333975399534,287.0631751057933,100.51054362153688,100.51054362153688,2.5000000000000004e+16,0.6455214079260735,0.0120481927710843,0.6334732151549891,26.28913842893203,27018.235354076955,32.0,0,1,1,mechanical,281.4039784174002,140.7019892087001,14.070198920870013,0.12438028304180637,0.12438028304180637,6,0.25,pareto,closest
1,thickness_grids_L8000mm.csv,86,36,144,2,8.0,2000,10,1.0857035175879397,1.1687035175879397,0.083,29.625272208409378,1,6.514138352648683,29.625272208409378,5.855610549714552,64.88857166386678,2692.87572405047,2692.87572489272,4488.126208154534,112.6832132857972,11.312223748229767,65.78225124478655,248.70198218860455,711.0747016395096,20642.26452165417,0.9480996021860127,0.3497550701989225,0.0120481927710843,0.3377068774278381,0.024096385534632,0.0240963855421686,0.6622931225721618,20.0,20.0,2.0,40000.0,4000.0,10.0,4.149999999999999,41.49999999999998,10771.502896201882,1077.1502896201882,1077.150289957088,1.0000000003127696,283297.14319638757,291.2796431094803,291.2796431094803,5.020968819182037,5.020968819182037,1.0,10771.502896201882,5.020968819182037,291.2796431094803,99.79096904872054,99.79096904872054,2.5e+16,0.6502449298010775,0.0120481927710843,0.6381967370299931,26.485164586744705,27399.035009415005,32.0,0,1,1,mechanical,283.29714319638754,141.64857159819377,14.16485715981938,-0.14438945028544836,0.14438945028544836,6,0.25,pareto,closest
0,thickness_grids_L9000mm.csv,115,39,160,2,9.0,2250,10,1.2062261306532664,1.2992261306532664,0.093,41.138632109201474,1,6.457806185688491,41.138632109201474,2.0294035353927047,57.35957684075662,2667.220323095182,2699.300512329847,4498.834187216412,100.92512067943512,11.362616401868426,57.35957686580542,242.25602455071987,749.9999986584969,22529.810283216942,0.9999999982113292,0.3230080333120482,0.010752688172043,0.3122553451400052,0.021249792892177,0.021505376344086,0.6877446548599948,20.0,20.0,2.0,45000.0,4500.0,10.0,4.649999999999999,46.499999999999986,10668.881292380727,1066.888129238073,1079.720204931939,1.0120275737841702,354199.9688118243,396.39934454812186,396.39934454812186,6.9650647384944495,6.9650647384944495,1.0,10668.881292380727,6.9650647384944495,396.39934454812186,84.72711592336451,84.72711592336451,2.5e+16,0.6769919666879518,0.010752688172043,0.6662392785159088,30.98012645098975,39962.531148764145,32.0,0,1,1,mechanical,354.1999688118243,157.4222083608108,15.74222083608108,0.029403535392704683,0.029403535392704683,2,0.25,pareto,closest
1,thickness_grids_L9000mm.csv,114,40,159,2,9.0,2250,10,1.1986934673366834,1.2946934673366834,0.096,40.62642983779022,1,6.520435948248468,40.62642983779022,2.0358191704730015,56.086657349553434,2692.159552778566,2692.159555391386,4486.932592318977,99.48752731461738,11.566067228104252,57.110537515842935,238.36533931198304,697.8921167423911,22883.07257395039,0.9305228223231882,0.3415504110071062,0.0104166666666666,0.3311337443404396,0.0208333333131139,0.0208333333333333,0.6688662556595605,20.0,20.0,2.0,45000.0,4500.0,10.0,4.800000000000004,48.00000000000004,10768.638211114268,1076.863821111427,1076.8638221565543,1.000000000970529,352494.27344369807,399.5650817233104,399.5650817233104,6.891217395913621,6.891217395913621,1.0,10768.638211114268,6.891217395913621,399.5650817233104,85.17988056661805,85.17988056661805,2.5000000000000004e+16,0.6584495889928937,0.0104166666666666,0.6480329223262271,31.10558027165893,39928.5772197756,32.0,0,1,1,mechanical,352.4942734436981,156.66412153053247,15.666412153053248,0.03581917047300154,0.03581917047300154,2,0.25,pareto,closest
2,thickness_grids_L9000mm.csv,116,40,160,2,9.0,2250,10,1.2062261306532664,1.3022261306532663,0.096,41.138632109201474,1,6.518228871554152,41.138632109201474,1.955194725254526,56.091885396447815,2692.4104990294973,2692.4104990421124,4487.350831736854,99.21849290651058,11.529811139068329,56.849446274104984,239.7044450028591,710.7657368707335,23011.62672027449,0.947687649160978,0.3372481713288523,0.0104166666666666,0.3268315046621856,0.0208333333332357,0.0208333333333333,0.6731684953378144,20.0,20.0,2.0,45000.0,4500.0,10.0,4.800000000000004,48.00000000000004,10769.641996117987,1076.964199611799,1076.964199616845,1.0000000000046856,354624.0838200589,404.8035714726459,404.8035714726459,6.98026318574191,6.98026318574191,1.0,10769.641996117987,6.98026318574191,404.8035714726459,84.63482554082876,84.63482554082876,2.5e+16,0.6627518286711477,0.0104166666666666,0.652335162004481,31.312087776215115,40432.29561564419,32.0,0,1,1,mechanical,354.6240838200589,157.61070392002617,15.761070392002615,-0.04480527474547391,0.04480527474547391,2,0.25,pareto,closest
3,thickness_grids_L9000mm.csv,113,39,159,2,9.0,2250,10,1.1986934673366834,1.291693467336683,0.093,40.62642983779022,1,6.490448223844716,40.62642983779022,2.073704990745786,57.624650628126155,2679.5462542078653,2695.5735382060843,4492.622563676808,101.19953548146516,11.39842650948745,57.62465064260604,243.17607026156492,749.9999992302961,22615.37453432553,0.9999999989737282,0.3242347606815062,0.010752688172043,0.3134820725094632,0.021377510133326,0.021505376344086,0.6865179274905368,20.0,20.0,2.0,45000.0,4500.0,10.0,4.649999999999999,46.499999999999986,10718.18501683146,1071.8185016831462,1078.2294152824338,1.0059813425400104,352070.1584354634,394.9640738847043,394.9640738847043,6.876146015193934,6.876146015193934,1.0,10718.18501683146,6.876146015193934,394.9640738847043,85.27317961225758,85.27317961225758,2.5e+16,0.6757652393184937,0.010752688172043,0.6650125511464507,30.92308362830995,39650.25803307484,32.0,0,1,1,mechanical,352.0701584354634,156.47562597131707,15.647562597131706,0.07370499074578607,0.07370499074578607,2,0.25,pareto,closest
4,thickness_grids_L9000mm.csv,112,39,158,2,9.0,2250,10,1.1911608040201005,1.2841608040201005,0.093,40.11743619527764,1,6.52307270790299,40.11743619527764,2.1197687399556653,57.88945858479399,2691.8598241929194,2691.8598242024523,4486.433040337421,101.47646097091966,11.434522782492603,57.891703027597295,244.07854951308244,749.8815922488683,22699.30510471666,0.9998421229984912,0.3254894533163556,0.010752688172043,0.3147367651443126,0.0215053763440098,0.021505376344086,0.6852632348556874,20.0,20.0,2.0,45000.0,4500.0,10.0,4.649999999999999,46.499999999999986,10767.43929677168,1076.743929677168,1076.743929680981,1.0000000000035414,349940.3480591026,393.4987766654015,393.4987766654015,6.78810447894076,6.78810447894076,1.0,10767.43929677168,6.78810447894076,393.4987766654015,85.82439350936497,85.82439350936497,2.4999999999999996e+16,0.6745105466836444,0.010752688172043,0.6637578585116014,30.864740420789456,39337.22483580991,32.0,0,1,1,mechanical,349.9403480591026,155.52904358182337,15.55290435818234,0.11976873995566528,0.11976873995566528,2,0.25,pareto,closest
5,thickness_grids_L9000mm.csv,117,40,161,2,9.0,2250,10,1.213758793969849,1.3097587939698494,0.096,41.654043009511376,1,6.516011057267476,41.654043009511376,1.8782647512243515,56.097139876577856,2692.662714075739,2692.662715223564,4487.771192039274,98.95187842790315,11.493839710762408,56.590276359064845,241.04305111118063,724.0048531495504,23140.13290667336,0.9653398041994006,0.3329301593250381,0.0104166666666666,0.3225134926583714,0.0208333333244525,0.0208333333333333,0.6774865073416286,20.0,20.0,2.0,45000.0,4500.0,10.0,4.800000000000004,48.00000000000004,10770.650856302957,1077.0650856302957,1077.0650860894257,1.0000000004262788,356753.8941964197,410.0955700268112,410.0955700268112,7.070191510853006,7.070191510853006,1.0,10770.650856302957,7.070191510853006,410.0955700268112,84.09485252671149,84.09485252671149,2.5000000000000004e+16,0.6670698406749619,0.0104166666666666,0.6566531740082953,31.5193523523982,40940.13465065339,32.0,0,1,1,mechanical,356.7538941964197,158.55728630951987,15.855728630951988,-0.12173524877564845,0.12173524877564845,2,0.25,pareto,closest
6,thickness_grids_L9000mm.csv,118,40,162,2,9.0,2250,10,1.2212914572864322,1.3172914572864325,0.096,42.172662538719926,1,6.513782554102739,42.172662538719926,1.80483775259346,56.10242077518595,2692.9161972089273,2692.9161991629308,4488.193665271551,98.68764909096794,11.458148829800283,56.33300701830673,242.38115950636112,737.6256646539639,23268.59131261069,0.9835008862052852,0.3285964292200535,0.0104166666666666,0.3181797625533868,0.0208333333182164,0.0208333333333333,0.6818202374466132,20.0,20.0,2.0,45000.0,4500.0,10.0,4.800000000000004,48.00000000000004,10771.664788835713,1077.1664788835712,1077.1664796651723,1.0000000007256085,358883.70457278047,415.4413868753482,415.4413868753482,7.1610069530637785,7.1610069530637785,1.0,10771.664788835713,7.1610069530637785,415.4413868753482,83.55990825311473,83.55990825311473,2.5000000000000004e+16,0.6714035707799465,0.0104166666666666,0.6609869041132799,31.727371397437462,41452.108313746736,32.0,0,1,1,mechanical,358.88370457278046,159.50386869901354,15.950386869901354,-0.19516224740653998,0.19516224740653998,2,0.25,pareto,closest
7,thickness_grids_L9000mm.csv,111,39,157,2,9.0,2250,10,1.1836281407035174,1.2766281407035174,0.093,39.611651181663696,1,6.525256062420288,39.611651181663696,2.208383738266815,57.88412229579503,2691.611686754468,2691.6116887933636,4486.019481322272,101.75593426912027,11.470909476415304,58.16075736786924,242.69491445383477,735.6707671123335,22570.627044206623,0.980894356149778,0.3298960966010171,0.010752688172043,0.3191434084289741,0.0215053763277957,0.021505376344086,0.6808565915710258,20.0,20.0,2.0,45000.0,4500.0,10.0,4.649999999999999,46.499999999999986,10766.446747017872,1076.6446747017872,1076.6446755173454,1.0000000007574998,347810.53768274176,388.37403984409315,388.37403984409315,6.700934841690622,6.700934841690622,1.0,10766.446747017872,6.700934841690622,388.37403984409315,86.38081647068181,86.38081647068181,2.4999999999999996e+16,0.6701039033989828,0.010752688172043,0.6593512152269398,30.659831508052697,38842.3804192953,32.0,0,1,1,mechanical,347.81053768274177,154.58246119232967,15.458246119232967,0.20838373826681522,0.20838373826681522,2,0.25,pareto,closest
0,thickness_grids_L9000mm.csv,93,37,143,2,9.0,2250,10,1.0781708542713568,1.164170854271357,0.086,32.86756702542783,1,6.555612935905272,32.86756702542783,4.038277794103437,62.5155083271582,2688.1668580678047,2688.1668584729346,4480.278097454891,110.52764488423496,11.590347386865316,63.57949203204105,239.93575156537077,701.3741141226458,20634.4746346219,0.9351654854968612,0.342093822304104,0.0116279069767441,0.3304659153273598,0.0232558139499835,0.0232558139534883,0.6695340846726401,20.0,20.0,2.0,45000.0,4500.0,10.0,4.300000000000003,43.000000000000036,10752.66743227122,1075.266743227122,1075.2667433891738,1.0000000001507083,317003.59072780993,320.12886238585406,320.12886238585406,5.537610423402321,5.537610423402321,1.0,10752.66743227122,5.537610423402321,320.12886238585406,95.02192021679838,95.02192021679838,2.5e+16,0.657906177695896,0.0116279069767441,0.6462782707191518,27.78996564092355,32141.386152025072,32.0,0,1,1,mechanical,317.0035907278099,140.89048476791552,14.089048476791552,0.038277794103437124,0.038277794103437124,4,0.25,pareto,closest
1,thickness_grids_L9000mm.csv,94,37,144,2,9.0,2250,10,1.0857035175879397,1.1717035175879398,0.086,33.328431234460545,1,6.553590538379093,33.328431234460545,3.859885970475021,62.52083848587962,2688.3960548928258,2688.396055057651,4480.660091762752,110.19202005850671,11.550602927748765,63.26755823700804,241.44074453764023,715.234952265837,20763.90403023708,0.953646603021116,0.337568436459607,0.0116279069767441,0.3259405294828628,0.0232558139520625,0.0232558139534883,0.6740594705171371,20.0,20.0,2.0,45000.0,4500.0,10.0,4.300000000000003,43.000000000000036,10753.584219571305,1075.3584219571303,1075.3584220230605,1.0000000000613098,319133.4011041707,324.5480002866323,324.5480002866323,5.613095764270258,5.613095764270258,1.0,10753.584219571305,5.613095764270258,324.5480002866323,94.3808265290597,94.3808265290597,2.5000000000000004e+16,0.662431563540393,0.0116279069767441,0.6508036565636488,27.984557232236924,32579.899084437107,32.0,0,1,1,mechanical,319.13340110417073,141.8370671574092,14.18370671574092,-0.14011402952497898,0.14011402952497898,4,0.25,pareto,closest
2,thickness_grids_L9000mm.csv,92,36,143,2,9.0,2250,10,1.0781708542713568,1.1611708542713568,0.083,32.86756702542783,1,6.499940608136129,32.86756702542783,4.178417689801688,64.21994395713506,2665.1276742211035,2694.4918416199916,4490.81973603332,112.65693221839273,11.402429267193613,64.21994396026942,243.71668733754737,749.9999998507488,20228.48504901642,0.9999999998009984,0.3249555831813965,0.0120481927710843,0.3129073904103122,0.0238337867516141,0.0240963855421686,0.6870926095896878,20.0,20.0,2.0,45000.0,4500.0,10.0,4.149999999999999,41.49999999999998,10660.510696884416,1066.0510696884417,1077.7967366479968,1.0110179214612935,316579.47571957525,313.9213721666522,313.9213721666522,5.52452393050956,5.52452393050956,1.0,10660.510696884416,5.52452393050956,313.9213721666522,95.13439761459742,95.13439761459742,2.5e+16,0.6750444168186035,0.0120481927710843,0.6629962240475191,27.514343297972033,31785.657752218245,32.0,0,1,1,mechanical,316.57947571957527,140.7019892087001,14.070198920870013,0.17841768980168826,0.17841768980168826,4,0.25,pareto,closest
3,thickness_grids_L9000mm.csv,91,37,142,2,9.0,2250,10,1.0706381909547735,1.1566381909547738,0.086,32.40991144529377,1,6.557623898885616,32.40991144529377,4.226320500834151,62.51020930425322,2687.9390000828907,2687.939000234928,4479.89833372488,110.86666147625442,11.630450081325842,63.89412774156359,238.4301817607156,687.9024698449647,20504.995631421556,0.9172032931266196,0.3466046310524973,0.0116279069767441,0.3349767240757531,0.0232558139521729,0.0232558139534883,0.6650232759242468,20.0,20.0,2.0,45000.0,4500.0,10.0,4.300000000000003,43.000000000000036,10751.756000331565,1075.1756000331566,1075.175600093971,1.0000000000565623,314873.780351449,315.7541058366478,315.7541058366478,5.4628616541743575,5.4628616541743575,1.0,10751.756000331565,5.4628616541743575,315.7541058366478,95.6698077076142,95.6698077076142,2.5000000000000004e+16,0.6533953689475027,0.0116279069767441,0.6417674619707585,27.59600086474264,31706.55131406012,32.0,0,1,1,mechanical,314.873780351449,139.94390237842177,13.994390237842175,0.22632050083415134,0.22632050083415134,4,0.25,pareto,closest
0,thickness_grids_L9000mm.csv,80,19,191,2,9.0,2250,10,1.4397386934673368,1.4747386934673368,0.035,58.60838245668447,1,3.6658399245875426,58.60838245668447,6.006868952595859,87.60949569587476,3066.332349355609,3066.332350109291,5110.5539168488185,155.3750671738138,6.501351480306004,92.3552841313502,238.4519978145798,616.88072176607,16691.639847020546,0.8225076290214267,0.3865447393653586,0.0142857142857143,0.3722590250796442,0.0285714285644059,0.0285714285714286,0.6277409749203557,10.0,10.0,1.0,22500.0,2250.0,10.0,3.499999999999992,34.99999999999992,12265.329397422438,1226.5329397422438,1226.5329400437165,1.0000000002457925,206012.26682656983,184.40040483215392,184.40040483215392,2.451508670661645,2.451508670661645,1.0,12265.329397422438,2.451508670661645,184.40040483215392,142.81317859307228,142.81317859307228,2.5000000000000004e+16,0.6134552606346414,0.0142857142857143,0.599169546348927,20.9709341222124,15853.02050089289,32.0,0,1,1,mechanical,206.01226682656983,91.56100747847547,9.156100747847548,0.006868952595858957,0.006868952595858957,6,0.25,pareto,closest
1,thickness_grids_L9000mm.csv,81,19,192,2,9.0,2250,10,1.4472713567839195,1.4822713567839194,0.035,59.22326085285275,1,3.664313857278318,59.22326085285275,5.8111606578290065,87.61608916744274,3066.5631208604887,3066.563122208596,5110.938537014326,155.00982742752922,6.4828807591663296,91.983127441515,239.6130824451056,625.8101318128661,16772.915771157353,0.8344135090838215,0.3828846326776255,0.0142857142857143,0.3685989183919111,0.0285714285588682,0.0285714285714286,0.6314010816080888,10.0,10.0,1.0,22500.0,2250.0,10.0,3.499999999999992,34.99999999999992,12266.252483441956,1226.6252483441954,1226.6252488834384,1.0000000004396152,207077.17201475025,186.60737452685945,186.60737452685945,2.480475825020452,2.480475825020452,1.0,12266.252483441956,2.480475825020452,186.60737452685945,141.9768390270421,141.9768390270421,2.5000000000000004e+16,0.6171153673223745,0.0142857142857143,0.6028296530366601,21.099037856283054,16030.040956226712,32.0,0,1,1,mechanical,207.07717201475023,92.03429867322232,9.203429867322232,-0.18883934217099352,0.18883934217099352,6,0.25,pareto,closest
2,thickness_grids_L9000mm.csv,79,19,190,2,9.0,2250,10,1.4322060301507538,1.4672060301507537,0.035,57.996712689414814,1,3.6673601674742384,57.996712689414814,6.210345298130485,87.60292840307424,3066.102494107591,3066.1024965950724,5110.170827658454,155.74325631852707,6.519948875992743,92.73013020622304,237.2903134085715,608.1308332589978,16610.321938599966,0.8108411110119971,0.3901961558780421,0.0142857142857143,0.3759104415923278,0.028571428548249,0.0285714285714286,0.6240895584076722,10.0,10.0,1.0,22500.0,2250.0,10.0,3.499999999999992,34.99999999999992,12264.409976430366,1226.4409976430366,1226.440998638029,1.0000000008112844,204947.36163838944,182.21175686989852,182.21175686989852,2.422774933640516,2.422774933640516,1.0,12264.409976430366,2.422774933640516,182.21175686989852,143.65755356824886,143.65755356824886,2.4999999999999996e+16,0.6098038441219579,0.0142857142857143,0.5955181298362435,20.843134544268477,15677.201304364464,32.0,0,1,1,mechanical,204.94736163838945,91.08771628372864,9.108771628372864,0.21034529813048497,0.21034529813048497,6,0.25,pareto,closest
