source_file,pareto_rank,solenoid_length_m,length_tape_km,scan,row_i,col_j,ri,rf,th,v,v_bore,b0,je_tape,je_max,je_coil,stress,length_tape,j_crit,converged,f_tape_min,pancake_length_m
thickness_grids_L2000mm.csv,0,2.0,522.0704574942658,10.94758279503332,121,148,1.49,1.7544709697761365,0.2644709697761361,13.9492997004694,13.9492997004694,10.435471709383204,1028.9366476078756,1028.9366476078756,59.78155890806123,750.0,522070.45749426587,2572.341619019689,True,0.058100330129211,1044.1409149885317
thickness_grids_L2000mm.csv,1,2.0,522.9412500156193,10.747618961716926,121,149,1.5,1.764470969776136,0.2644709697761361,14.137166941154067,14.137166941154067,10.36744949426408,1031.4115219173727,1031.4115219173727,59.65755395711077,750.0000000000001,522941.2500156193,2578.528804793432,True,0.0578406898598617,1045.8825000312386
thickness_grids_L2000mm.csv,2,2.0,527.8553367290165,10.67161888270824,122,148,1.49,1.758827260033332,0.2688272600333318,13.9492997004694,13.9492997004694,10.502291490380994,1026.5181790926338,1026.5181790926338,59.24517920826615,750.0,527855.3367290165,2566.2954477315843,True,0.057714690703904,1055.710673458033
thickness_grids_L2000mm.csv,3,2.0,528.7329228270605,10.476266275884475,122,149,1.5,1.7688272600333317,0.2688272600333318,14.137166941154067,14.137166941154067,10.433940635944872,1028.992209749654,1028.992209749654,59.122739036607776,749.9999999999999,528732.9228270606,2572.480524374135,True,0.0574569355107089,1057.465845654121
thickness_grids_L2000mm.csv,4,2.0,533.6616163851086,10.405778842584764,123,148,1.49,1.7632194045313274,0.2732194045313274,13.9492997004694,13.9492997004694,10.568734713234605,1024.1256791655626,1024.1256791655626,58.717250442433155,749.9999999999999,533661.6163851086,2560.3141979139064,True,0.0573340280758068,1067.3232327702171
thickness_grids_L2000mm.csv,5,2.0,534.5460462790388,10.21487135190364,123,149,1.5,1.7732194045313274,0.2732194045313274,14.137166941154067,14.137166941154067,10.500059696947972,1026.5987549725803,1026.5987549725803,58.596352012084125,749.9999999999999,534546.0462790388,2566.4968874314504,True,0.0570781444339947,1069.0920925580776
thickness_grids_L2000mm.csv,6,2.0,539.4892401164366,10.149604820163038,124,148,1.49,1.767647403270123,0.277647403270123,13.9492997004694,13.9492997004694,10.634800843969304,1021.7588617544052,1021.7588617544052,58.19757522869318,750.0000000000001,539489.2401164366,2554.3971543860125,True,0.0569582289981467,1078.9784802328732
thickness_grids_L2000mm.csv,7,2.0,540.380565163028,9.96298375033412,124,149,1.5,1.777647403270123,0.277647403270123,14.137166941154067,14.137166941154067,10.565806140528592,1024.2308738741556,1024.2308738741556,58.07819599605395,750.0,540380.565163028,2560.577184685389,True,0.0567042035907129,1080.761130326056
thickness_grids_L2000mm.csv,8,2.0,545.3381531130938,9.902663348681216,125,148,1.49,1.7721112562497183,0.2821112562497185,13.9492997004694,13.9492997004694,10.700489393946542,1019.417444235612,1019.417444235612,57.68596236266677,749.9999999999999,545338.1531130938,2548.54361058903,True,0.0565871838753174,1090.6763062261875
thickness_grids_L2000mm.csv,9,2.0,546.2364257899768,9.72017702759836,125,149,1.5,1.7821112562497186,0.2821112562497185,14.137166941154067,14.137166941154067,10.631179474556426,1021.8882861463304,1021.8882861463304,57.568080262890355,750.0,546236.4257899768,2554.720715365826,True,0.0563350035843808,1092.4728515799536
thickness_grids_L2000mm.csv,10,2.0,551.2083020956638,9.664543864182006,126,148,1.49,1.776610963470114,0.286610963470114,13.9492997004694,13.9492997004694,10.765799919178477,1017.1011473957736,1017.1011473957736,57.182226576736134,750.0,551208.3020956639,2542.7528684894337,True,0.0562207866180741,1102.4166041913277
thickness_grids_L2000mm.csv,11,2.0,552.1135759842729,9.486047274783024,126,149,1.5,1.786610963470114,0.286610963470114,14.137166941154067,14.137166941154067,10.696179250838842,1019.5707148474283,1019.5707148474283,57.065820008721474,750.0,552113.5759842729,2548.9267871185707,True,0.055970438516627,1104.2271519685455
thickness_grids_L2000mm.csv,12,2.0,557.0996353089082,9.434857321924548,127,148,1.49,1.7811465249313094,0.2911465249313094,13.9492997004694,13.9492997004694,10.830732019644849,1014.8096953932592,1014.8096953932592,56.68618831042911,750.0,557099.6353089082,2537.024238483148,True,0.0558589345054119,1114.1992706178164
thickness_grids_L2000mm.csv,13,2.0,558.011965077099,9.26021175617177,127,149,1.5,1.7911465249313094,0.2911465249313094,14.137166941154067,14.137166941154067,10.760805064446616,1017.2778863647528,1017.2778863647528,56.57123612240811,749.9999999999998,558011.965077099,2543.1947159118818,True,0.0556104058494436,1116.023930154198
thickness_grids_L2000mm.csv,14,2.0,563.0121025148009,9.213234906501404,128,148,1.49,1.7857179406333048,0.2957179406333048,13.9492997004694,13.9492997004694,10.895285338611725,1012.542815720094,1012.542815720094,56.197673491321105,750.0000000000001,563012.1025148008,2531.357039300234,True,0.0555015280527715,1126.0242050296015
thickness_grids_L2000mm.csv,15,2.0,563.9315438991397,9.042307639991826,128,149,1.5,1.7957179406333048,0.2957179406333048,14.137166941154067,14.137166941154067,10.825056553041255,1015.0095303774178,1015.0095303774178,56.08415496701174,749.9999999999999,563931.5438991397,2537.5238259435446,True,0.0552548062737475,1127.8630877982794
thickness_grids_L2000mm.csv,16,2.0,568.9456549849463,8.999326828647646,129,148,1.49,1.7903252105761005,0.3003252105761002,13.9492997004694,13.9492997004694,10.95945956195229,1010.3002391640777,1010.3002391640777,55.716513325902426,750.0,568945.6549849462,2525.750597910194,True,0.0551484708862409,1137.8913099698923
thickness_grids_L2000mm.csv,17,2.0,569.8722647727186,8.831990814468737,129,149,1.5,1.8003252105761,0.3003252105761002,14.137166941154067,14.137166941154067,10.888933396205308,1012.765379819376,1012.765379819376,55.60440817120463,750.0,569872.2647727187,2531.9134495484395,True,0.0549035435839261,1139.7445295454372
thickness_grids_L2000mm.csv,18,2.0,574.9002454923676,8.79280120230323,130,148,1.49,1.7949683347596954,0.3049683347596955,13.9492997004694,13.9492997004694,11.02325441746962,1008.0816997711744,1008.0816997711744,55.24254409988952,750.0,574900.2454923677,2520.204249427936,True,0.0547996696224414,1149.8004909847352
thickness_grids_L2000mm.csv,19,2.0,575.8340815032702,8.628934782858645,130,149,1.5,1.8049683347596956,0.3049683347596955,14.137166941154067,14.137166941154067,10.952435314773902,1010.545170842715,1010.545170842715,55.13183243009566,750.0000000000002,575834.0815032702,2526.3629271067875,True,0.0545565245580462,1151.6681630065405
thickness_grids_L2000mm.csv,20,2.0,580.8758283026904,8.593342996011591,131,148,1.49,1.7996473131840909,0.3096473131840908,13.9492997004694,13.9492997004694,11.086669674221824,1005.88693480816,1005.88693480816,54.77560698748873,749.9999999999998,580875.8283026904,2514.7173370204,True,0.0544550337538039,1161.7516566053807
thickness_grids_L2000mm.csv,21,2.0,581.816949370264,8.43282963162923,131,149,1.5,1.8096473131840909,0.3096473131840908,14.137166941154067,14.137166941154067,11.015562070169535,1008.3486427811742,1008.3486427811742,54.666269314990046,750.0000000000001,581816.949370264,2520.8716069529355,True,0.0542136588434456,1163.633898740528
thickness_grids_L2000mm.csv,22,2.0,586.8723591647132,8.400653053216152,132,148,1.49,1.804362145849286,0.314362145849286,13.9492997004694,13.9492997004694,11.14970514184912,1003.7156847255636,1003.7156847255636,54.315547869152674,750.0000000000001,586872.3591647132,2509.2892118139093,True,0.0541144755389606,1173.7447183294264
thickness_grids_L2000mm.csv,23,2.0,587.820825117495,8.243381066441906,132,149,1.5,1.814362145849286,0.314362145849286,14.137166941154067,14.137166941154067,11.07831346373841,1006.1755381139408,1006.1755381139408,54.20756509161484,750.0000000000001,587820.825117495,2515.438845284852,True,0.0538748588474194,1175.64165023499
thickness_grids_L2000mm.csv,24,2.0,592.8897953003953,8.214447176448456,133,148,1.49,1.8091128327552812,0.3191128327552813,13.9492997004694,13.9492997004694,11.21236066990354,1001.5676931208924,1001.5676931208924,53.86221715739258,749.9999999999999,592889.7953003953,2503.919232802231,True,0.0537779098979895,1185.7795906007907
thickness_grids_L2000mm.csv,25,2.0,593.8456669428348,8.060309511005453,133,149,1.5,1.8191128327552812,0.3191128327552813,14.137166941154067,14.137166941154067,11.14068933608996,1004.0256024296978,1004.0256024296978,53.755570546384384,750.0000000000001,593845.6669428347,2510.0640060742444,True,0.0535400396327526,1187.6913338856696
thickness_grids_L2000mm.csv,26,2.0,598.9280953942528,8.034455270802372,134,148,1.49,1.8138993739020768,0.3238993739020765,13.9492997004694,13.9492997004694,11.274636147180836,999.4427067021556,999.4427067021556,53.415469630237745,750.0,598928.0953942528,2498.606766755389,True,0.0534452543122675,1197.8561907885055
thickness_grids_L2000mm.csv,27,2.0,599.8914344873826,7.88334926427074,134,149,1.5,1.8238993739020768,0.3238993739020765,14.137166941154067,14.137166941154067,11.20268956643849,1001.8985843909576,1001.8985843909576,53.31014082028985,749.9999999999999,599891.4344873826,2504.746460977394,True,0.0532091188178456,1199.7828689747653
thickness_grids_L2000mm.csv,28,2.0,604.9872195821956,7.86042054244899,135,148,1.49,1.8187217692896716,0.3287217692896717,13.9492997004694,13.9492997004694,11.336531501055187,997.3404752516924,997.3404752516924,52.97516427195689,750.0,604987.2195821956,2493.351188129231,True,0.0531164287287025,1209.9744391643912
thickness_grids_L2000mm.csv,29,2.0,605.9580888240738,7.712247711788318,135,149,1.5,1.828721769289672,0.3287217692896717,14.137166941154067,14.137166941154067,11.264314071947656,999.7942356986758,999.7942356986758,52.87113525003249,750.0,605958.0888240738,2499.4855892466894,True,0.0528820164812063,1211.9161776481476
thickness_grids_L2000mm.csv,30,2.0,611.0671294398135,7.692098748280978,136,148,1.49,1.8235800189180669,0.3335800189180668,13.9492997004694,13.9492997004694,11.398046696816689,995.2607515903018,995.260751590302,52.54116412067581,750.0000000000001,611067.1294398134,2488.1518789757547,True,0.0527913554681239,1222.134258879627
thickness_grids_L2000mm.csv,31,2.0,612.0455924457608,7.54676458737877,136,149,1.5,1.8335800189180669,0.3335800189180668,14.137166941154067,14.137166941154067,11.325562807078096,997.7123110571436,997.7123110571436,52.438417216036584,750.0000000000003,612045.5924457608,2494.280777642859,True,0.0525586550700918,1224.0911848915216
thickness_grids_L2000mm.csv,32,2.0,617.1677879701089,7.529257493079123,137,148,1.49,1.8284741227872616,0.3384741227872618,13.9492997004694,13.9492997004694,11.45918173701155,993.203291541692,993.203291541692,52.11333612254882,750.0,617167.7879701089,2483.00822885423,True,0.0524699591376266,1234.3355759402175
thickness_grids_L2000mm.csv,33,2.0,618.1539092527397,7.386671281567671,137,149,1.5,1.838474122787262,0.3384741227872618,14.137166941154067,14.137166941154067,11.386435762937596,995.6525681391868,995.6525681391868,52.011853996997125,750.0000000000001,618153.9092527397,2489.1314203479665,True,0.0522389593130905,1236.3078185054794
thickness_grids_L2000mm.csv,34,2.0,623.2891595907214,7.371675570870877,138,148,1.49,1.833404080897257,0.3434040808972569,13.9492997004694,13.9492997004694,11.519936660785516,991.1678538972404,991.1678538972404,51.69155099215966,749.9999999999999,623289.1595907214,2477.919634743101,True,0.0521521665466753,1246.5783191814428
thickness_grids_L2000mm.csv,35,2.0,624.2830045398026,7.231750193505961,138,149,1.5,1.843404080897257,0.3434040808972569,14.137166941154067,14.137166941154067,11.446932966634954,993.6147675516422,993.6147675516422,51.59131663064328,749.9999999999998,624283.0045398027,2484.0369188791055,True,0.0519228561364571,1248.5660090796052
thickness_grids_L2000mm.csv,36,2.0,629.4312101206343,7.219142347406888,139,148,1.49,1.838369893248052,0.3483698932480519,13.9492997004694,13.9492997004694,11.580311543230534,989.1542003810704,989.1542003810704,51.27568307884575,749.9999999999999,629431.2101206343,2472.885500952676,True,0.0518379066267846,1258.8624202412686
thickness_grids_L2000mm.csv,37,2.0,630.4328449827573,7.08179412335287,139,149,1.5,1.848369893248052,0.3483698932480519,14.137166941154067,14.137166941154067,11.507054480636771,991.5986728011504,991.5986728011504,51.17667978040726,750.0000000000001,630432.8449827572,2478.996682002876,True,0.05161027458401,1260.8656899655143
thickness_grids_L2000mm.csv,38,2.0,635.593906766404,7.07145718091522,140,148,1.49,1.843371559839647,0.3533715598396468,13.9492997004694,13.9492997004694,11.640306494734876,987.1620956154462,987.1620956154462,50.86561023865749,750.0000000000002,635593.9067664039,2467.9052390386155,True,0.0515271103546022,1271.187813532808
thickness_grids_L2000mm.csv,39,2.0,636.6033986245064,6.936605702324513,140,149,1.5,1.8533715598396467,0.3533715598396468,14.137166941154067,14.137166941154067,11.56680040212806,989.6040502602328,989.6040502602328,50.767821607715504,750.0000000000001,636603.3986245064,2474.010125650582,True,0.0513011457404254,1273.2067972490129
thickness_grids_L2000mm.csv,40,2.0,641.7772181078986,6.928428878508091,141,148,1.49,1.8484090806720417,0.3584090806720418,13.9492997004694,13.9492997004694,11.699921660336695,985.191307086494,985.191307086494,50.46121371167793,750.0,641777.2181078986,2462.978267716235,True,0.0512197106782304,1283.5544362157973
thickness_grids_L2000mm.csv,41,2.0,642.7946348606438,6.795996857825277,141,149,1.5,1.858409080672042,0.3584090806720418,14.137166941154067,14.137166941154067,11.62617086237641,987.6306691336804,987.6306691336804,50.36462364962538,750.0000000000001,642794.6348606438,2469.076672834201,True,0.0509954026577604,1285.5892697212876
thickness_grids_L2000mm.csv,42,2.0,647.9811140836056,6.789875185811233,142,148,1.49,1.8534824557452367,0.3634824557452367,13.9492997004694,13.9492997004694,11.759157219081684,983.2416051102342,983.2416051102342,50.06237800444667,749.9999999999998,647981.1140836056,2458.1040127755855,True,0.0509156424466334,1295.9622281672112
thickness_grids_L2000mm.csv,43,2.0,649.0065244246261,6.659788311271568,142,149,1.5,1.8634824557452367,0.3634824557452367,14.137166941154067,14.137166941154067,11.685166026100124,985.6783014252388,985.6783014252388,49.96697070155332,750.0000000000002,649006.5244246261,2464.1957535630972,True,0.0506929802850521,1298.0130488492523
thickness_grids_L2000mm.csv,44,2.0,654.2055659754908,6.655622307569688,143,148,1.49,1.8585916850592317,0.3685916850592315,13.9492997004694,13.9492997004694,11.81801338338448,981.3127627989388,981.3127627989388,49.66899077724276,750.0,654205.5659754908,2453.2819069973466,True,0.0506148423419816,1308.4111319509816
thickness_grids_L2000mm.csv,45,2.0,655.2390393725032,6.5278091063966395,143,149,1.5,1.8685916850592317,0.3685916850592315,14.137166941154067,14.137166941154067,11.743786090840256,983.7467219046064,983.7467219046064,49.57475070484791,750.0000000000002,655239.0393725032,2459.366804761516,True,0.0503938154008457,1310.4780787450063
thickness_grids_L2000mm.csv,46,2.0,660.4505463934364,6.525504457148059,144,148,1.49,1.8637367686140265,0.3737367686140264,13.9492997004694,13.9492997004694,11.876490398394274,979.4045560278124,979.4045560278124,49.28094273599482,750.0,660450.5463934364,2448.511390069531,True,0.0503172488147945,1320.9010927868728
thickness_grids_L2000mm.csv,47,2.0,661.4921530672759,6.3998961659874825,144,149,1.5,1.8737367686140265,0.3737367686140264,14.137166941154067,14.137166941154067,11.80203128633715,981.8357080747228,981.8357080747228,49.18785463898099,750.0000000000002,661492.1530672759,2454.5892701868065,True,0.0500978465485159,1322.9843061345518
thickness_grids_L2000mm.csv,48,2.0,666.7160292593095,6.399363432996698,145,148,1.49,1.8689177064096212,0.3789177064096211,13.9492997004694,13.9492997004694,11.934588541365011,977.5167634019832,977.5167634019832,48.89812752860293,750.0,666716.0292593095,2443.7919085049575,True,0.0500228020217537,1333.432058518619
thickness_grids_L2000mm.csv,49,2.0,667.7658401628427,6.275893875157383,145,149,1.5,1.8789177064096212,0.3789177064096211,14.137166941154067,14.137166941154067,11.859901873911223,979.9450401393688,979.9450401393688,48.806176418135536,750.0000000000001,667765.8401628427,2449.862600348422,True,0.0498050139742472,1335.531680325685
thickness_grids_L2000mm.csv,50,2.0,674.0600765875965,6.155653689394859,146,149,1.5,1.884134498446016,0.384134498446016,14.137166941154067,14.137166941154067,11.917398145848304,978.0745009710716,978.0745009710716,48.429612791986045,749.9999999999998,674060.0765875966,2445.186252427679,True,0.0495152595675515,1348.120153175193
thickness_grids_L2000mm.csv,51,2.0,680.3748395276887,6.039033765757041,147,149,1.5,1.889387144723211,0.3893871447232107,14.137166941154067,14.137166941154067,11.974520424790088,976.2238760792984,976.2238760792984,48.058063250475755,749.9999999999999,680374.8395276887,2440.559690198246,True,0.0492285268042061,1360.749679055377
thickness_grids_L2000mm.csv,52,2.0,686.710107409952,5.9258986156952185,148,149,1.5,1.8946756452412052,0.3946756452412053,14.137166941154067,14.137166941154067,12.03126906312921,974.3929535789656,974.3929535789656,47.69142993240465,750.0000000000001,686710.107409952,2435.9823839474143,True,0.0489447606914982,1373.420214819904
thickness_grids_L2000mm.csv,53,2.0,693.0658598845341,5.816118778106168,149,149,1.5,1.9,0.4,14.137166941154067,14.137166941154067,12.087644442409593,972.5815241592404,972.5815241592404,47.32961753765375,749.9999999999999,693065.8598845341,2431.453810398101,True,0.0486639077156728,1386.1317197690682
thickness_grids_L3000mm.csv,0,3.0,355.2289884451425,10.864790696732152,65,147,1.48,1.5577420836899238,0.0777420836899238,20.644033645269246,20.644033645269246,7.541675515096431,1147.2411018280216,1147.2411018280216,109.85912751212156,750.0,355228.98844514246,2868.102754570054,True,0.0957594069259472,473.63865126018993
thickness_grids_L3000mm.csv,1,3.0,356.0207918546266,10.635383058964344,65,148,1.49,1.5677420836899238,0.0777420836899238,20.9239495507041,20.9239495507041,7.497399356368887,1149.2851711570036,1149.2851711570036,109.57872951481546,749.9999999999999,356020.7918546266,2873.212927892509,True,0.0953451173519456,474.69438913950216
thickness_grids_L3000mm.csv,2,3.0,356.8098128498896,10.413185464638149,65,149,1.5,1.577742083689924,0.0777420836899238,21.205750411731103,21.205750411731103,7.453519239182403,1151.31885497332,1151.31885497332,109.30099868844204,750.0000000000002,356809.8128498896,2878.2971374332997,True,0.0949354717994042,475.7464171331862
thickness_grids_L3000mm.csv,3,3.0,362.13189801309414,10.278625069425404,66,147,1.48,1.5600905364623214,0.0800905364623215,20.644033645269246,20.644033645269246,7.646970725562075,1142.4118810871892,1142.4118810871892,108.1687708788258,750.0000000000001,362131.89801309415,2856.0297027179727,True,0.0946845640084605,482.8425306841255
thickness_grids_L3000mm.csv,4,3.0,362.9340835903653,10.06137413666008,66,148,1.49,1.5700905364623214,0.0800905364623215,20.9239495507041,20.9239495507041,7.602117958680764,1144.4635306703683,1144.4635306703683,107.89327050710718,750.0,362934.0835903653,2861.1588266759204,True,0.0942741010226064,483.91211145382033
thickness_grids_L3000mm.csv,5,3.0,363.7334258513356,9.850955567500684,66,149,1.5,1.5800905364623214,0.0800905364623215,21.205750411731103,21.205750411731103,7.5576658719070275,1146.504843548245,1146.504843548245,107.62038585016782,750.0000000000003,363733.4258513356,2866.2621088706123,True,0.0938682347970727,484.9779011351141
thickness_grids_L3000mm.csv,6,3.0,369.0793319219721,9.732922926003734,67,147,1.48,1.5624748434755191,0.0824748434755191,20.644033645269246,20.644033645269246,7.751974986963312,1137.6401894197957,1137.6401894197957,106.52616164607194,750.0,369079.3319219721,2844.100473549489,True,0.0936378326265011,492.1057758959628
thickness_grids_L3000mm.csv,7,3.0,369.8919007524733,9.526994892854136,67,148,1.49,1.5724748434755191,0.0824748434755191,20.9239495507041,20.9239495507041,7.706549027641165,1139.6990987170702,1139.6990987170702,106.25542675701536,750.0,369891.9007524733,2849.2477467926756,True,0.0932311229136044,493.1892010032977
thickness_grids_L3000mm.csv,8,3.0,370.7015644584993,9.327547345675516,67,149,1.5,1.5824748434755191,0.0824748434755191,21.205750411731103,21.205750411731103,7.661528335933108,1141.7477215660847,1141.7477215660847,105.98725747972574,750.0000000000001,370701.5644584993,2854.3693039152117,True,0.092828963419649,494.2687526113325
thickness_grids_L3000mm.csv,9,3.0,376.0709961975128,9.224353274010234,68,147,1.48,1.5648950047295167,0.0848950047295167,20.644033645269246,20.644033645269246,7.856682481169464,1132.9253036856878,1132.9253036856878,104.92930147260974,750.0000000000001,376070.9961975128,2832.313259214219,True,0.0926180226809734,501.4279949300171
thickness_grids_L3000mm.csv,10,3.0,376.8939510458215,9.028982737263313,68,148,1.49,1.5748950047295167,0.0848950047295167,20.9239495507041,20.9239495507041,7.8106867939657425,1134.9911601242177,1134.9911601242177,104.66320537281982,750.0,376893.9510458215,2837.477900310544,True,0.0922149960721853,502.5252680610953
thickness_grids_L3000mm.csv,11,3.0,377.7139380425738,8.839764498909027,68,149,1.5,1.5848950047295167,0.0848950047295167,21.205750411731103,21.205750411731103,7.76510091027301,1137.046781743624,1137.046781743624,104.39962608016565,749.9999999999999,377713.93804257375,2842.61695435906,True,0.0918164738306301,503.618584056765
thickness_grids_L3000mm.csv,12,3.0,383.1065996144842,8.749900937697472,69,147,1.48,1.5673510202243142,0.0873510202243142,20.644033645269246,20.644033645269246,7.961087545537875,1128.2665072534037,1128.2665072534037,103.3763009545664,750.0000000000001,383106.5996144842,2820.6662681335088,True,0.0916240093009767,510.8087994859789
thickness_grids_L3000mm.csv,13,3.0,383.9399449335153,8.564384424253118,69,148,1.49,1.5773510202243142,0.0873510202243142,20.9239495507041,20.9239495507041,7.9145256424679165,1130.3390060370584,1130.3390060370584,103.11472210249356,749.9999999999999,383939.9449335153,2825.847515092646,True,0.0912245985954349,511.9199265780203
thickness_grids_L3000mm.csv,14,3.0,384.7702587423443,8.384713799125544,69,149,1.5,1.5873510202243142,0.0873510202243142,21.205750411731103,21.205750411731103,7.868378026667561,1132.4013229282496,1132.4013229282496,102.85561249954924,750.0,384770.25874234433,2831.0033073206237,True,0.090829647066799,513.0270116564591
thickness_grids_L3000mm.csv,15,3.0,390.1858535226208,8.306832859566804,70,147,1.48,1.5698428899599115,0.0898428899599117,20.644033645269246,20.644033645269246,8.065184665933732,1123.6630903461416,1123.6630903461416,101.86537240434257,749.9999999999999,390185.8535226208,2809.1577258653538,True,0.0906547285209512,520.2478046968278
thickness_grids_L3000mm.csv,16,3.0,391.02959546140346,8.130523044050298,70,148,1.49,1.5798428899599115,0.0898428899599117,20.9239495507041,20.9239495507041,8.018060105120046,1125.741934268436,1125.741934268436,101.608194132362,749.9999999999997,391029.5954614035,2814.3548356710903,True,0.0902588693192744,521.372793948538
thickness_grids_L3000mm.csv,17,3.0,391.8702412872551,7.959772750064885,70,149,1.5,1.5898428899599115,0.0898428899599117,21.205750411731103,21.205750411731103,7.97135426268752,1127.8106504508069,1127.8106504508069,101.35343874916784,750.0000000000002,391870.24128725514,2819.526626127017,True,0.0898674247389444,522.4936550496735
thickness_grids_L3000mm.csv,18,3.0,397.3084716913864,7.892668381330188,71,147,1.48,1.5723706139363092,0.0923706139363091,20.644033645269246,20.644033645269246,8.168968470338989,1119.114350336999,1119.114350336999,100.39482318804409,750.0,397308.4716913864,2797.7858758424973,True,0.0897091732920877,529.7446289218485
thickness_grids_L3000mm.csv,19,3.0,398.1626181014096,7.72496891201601,71,148,1.49,1.5823706139363092,0.0923706139363091,20.9239495507041,20.9239495507041,8.121284854698503,1121.1992495976824,1121.1992495976824,100.1419334427558,750.0000000000001,398162.6181014096,2802.998123994206,True,0.0893168038407888,530.8834908018795
thickness_grids_L3000mm.csv,20,3.0,399.0136028393255,7.562561066119036,71,149,1.5,1.5923706139363092,0.0923706139363091,21.205750411731103,21.205750411731103,8.074024335414945,1123.2740764280277,1123.2740764280277,99.8914213772314,750.0000000000001,399013.6028393255,2808.185191070069,True,0.0889288050649959,532.0181371191006
thickness_grids_L3000mm.csv,21,3.0,404.47417017169954,7.5051529908678205,72,147,1.48,1.5749341921535065,0.0949341921535066,20.644033645269246,20.644033645269246,8.272433722992252,1114.6195919990437,1114.6195919990437,98.96304957246892,750.0,404474.17017169954,2786.548979997609,True,0.0887863897986765,539.298893562266
thickness_grids_L3000mm.csv,22,3.0,405.3387306119127,7.345513853032059,72,148,1.49,1.5849341921535065,0.0949341921535066,20.9239495507041,20.9239495507041,8.224194698957465,1116.710264024372,1116.710264024372,98.7143406718254,750.0000000000001,405338.7306119127,2791.77566006093,True,0.0883974508446633,540.4516408158836
thickness_grids_L3000mm.csv,23,3.0,406.2000628522365,7.190915477583471,72,149,1.5,1.5949341921535063,0.0949341921535066,21.205750411731103,21.205750411731103,8.176383095650882,1118.7909200198444,1118.7909200198444,98.4679653493492,750.0,406200.0628522365,2796.9773000496107,True,0.0880128392064557,541.600083802982
thickness_grids_L3000mm.csv,24,3.0,411.6826671730329,7.142235093384417,73,147,1.48,1.577533624611504,0.097533624611504,20.644033645269246,20.644033645269246,8.375575319009766,1110.1781277150585,1110.1781277150585,97.5685310374438,749.9999999999997,411682.6671730329,2775.4453192876463,True,0.0878854740529404,548.9102228973771
thickness_grids_L3000mm.csv,25,3.0,412.5576529136219,6.990148448234662,73,148,1.49,1.587533624611504,0.097533624611504,20.9239495507041,20.9239495507041,8.326784575281428,1112.2742969817798,1112.2742969817798,97.32389944344396,750.0,412557.6529136219,2780.6857424544496,True,0.0874999087073556,550.0768705514959
thickness_grids_L3000mm.csv,26,3.0,413.4293429459105,6.842867438314001,73,149,1.5,1.597533624611504,0.097533624611504,21.205750411731103,21.205750411731103,8.278425522598289,1114.3605076464987,1114.3605076464987,97.08155839182815,750.0000000000002,413429.34294591047,2785.9012691162466,True,0.0871186278817991,551.2391239278807
thickness_grids_L3000mm.csv,27,3.0,418.93368295458896,6.802045425884298,74,147,1.48,1.5801689113103012,0.1001689113103013,20.644033645269246,20.644033645269246,8.47838827944435,1105.7892776512251,1105.7892776512251,96.20982501358256,750.0000000000001,418933.68295458896,2764.473194128063,True,0.0870055687444709,558.5782439394519
thickness_grids_L3000mm.csv,28,3.0,419.8191069794866,6.657041871005389,74,148,1.49,1.5901689113103012,0.1001689113103013,20.9239495507041,20.9239495507041,8.429049545772083,1107.8906755143475,1107.8906755143475,95.9691711193502,750.0,419819.1069794866,2769.7266887858686,True,0.0866233223551554,559.7588093059821
thickness_grids_L3000mm.csv,29,3.0,420.7011667952954,6.51662337023557,74,149,1.5,1.6001689113103013,0.1001689113103013,21.205750411731103,21.205750411731103,8.380146718978224,1109.9821731696234,1109.9821731696234,95.7307657580768,750.0,420701.16679529543,2774.955432924058,True,0.0862453182330952,560.9348890603939
thickness_grids_L3000mm.csv,30,3.0,426.22693972913686,6.482878786008861,75,147,1.48,1.5828400522498989,0.1028400522498986,20.644033645269246,20.644033645269246,8.580867746739873,1101.4523698986966,1101.4523698986966,94.88556200929573,749.9999999999998,426226.9397291369,2753.6309247467416,True,0.0861458603226053,568.3025863055159
thickness_grids_L3000mm.csv,31,3.0,427.122816737452,6.344523989976752,75,148,1.49,1.5928400522498989,0.1028400522498986,20.9239495507041,20.9239495507041,8.530984792730152,1103.558734422979,1103.558734422979,94.64878993950084,750.0,427122.81673745194,2758.8968360574468,True,0.0857668803545741,569.4970889832692
thickness_grids_L3000mm.csv,32,3.0,428.0152600318996,6.210547128989648,75,149,1.5,1.602840052249899,0.1028400522498986,21.205750411731103,21.205750411731103,8.481541906536593,1105.655258041262,1105.655258041262,94.41422538213968,750.0000000000002,428015.2600318995,2764.138145103155,True,0.0853921009242975,570.6870133758661
thickness_grids_L3000mm.csv,33,3.0,433.5621615784709,6.183177790583501,76,147,1.48,1.585547047430296,0.1055470474302959,20.644033645269246,20.644033645269246,8.683008980546386,1097.1667405864544,1097.1667405864544,93.59444109434672,749.9999999999998,433562.1615784709,2742.916851466136,True,0.0853055762921859,578.0828821046279
thickness_grids_L3000mm.csv,34,3.0,434.4685079847633,6.051069460229373,76,148,1.49,1.595547047430296,0.1055470474302959,20.9239495507041,20.9239495507041,8.632585614494294,1099.2778163816856,1099.2778163816856,93.36145851797096,750.0,434468.5079847633,2748.194540954214,True,0.0849298122155086,579.2913439796844
thickness_grids_L3000mm.csv,35,3.0,435.37135015706104,5.923144417521039,76,149,1.5,1.605547047430296,0.1055470474302959,21.205750411731103,21.205750411731103,8.582606421908297,1101.3791114241392,1101.3791114241392,93.13064338683677,750.0000000000001,435371.35015706107,2753.4477785603476,True,0.0845582074517593,580.4951335427481
thickness_grids_L3000mm.csv,36,3.0,440.93907437940777,5.901518417135389,77,147,1.48,1.5882898968514931,0.1082898968514931,20.644033645269246,20.644033645269246,8.784807353863187,1092.93173396854,1092.93173396854,92.335225710269,750.0,440939.07437940774,2732.3293349213504,True,0.0844839827049315,587.9187658392103
thickness_grids_L3000mm.csv,37,3.0,441.8559083129429,5.775283560977674,77,148,1.49,1.5982898968514931,0.1082898968514931,20.9239495507041,20.9239495507041,8.733847421607011,1095.047272028554,1095.047272028554,92.10594366483843,750.0000000000001,441855.9083129429,2737.6181800713853,True,0.0841113858895004,589.1412110839238
thickness_grids_L3000mm.csv,38,3.0,442.76916646586216,5.653048910802649,77,149,1.5,1.6082898968514932,0.1082898968514931,21.205750411731103,21.205750411731103,8.683335712805132,1097.1530902863003,1097.1530902863003,91.87878991699024,750.0,442769.1664658622,2742.8827257157513,True,0.0837429076493004,590.3588886211495
thickness_grids_L3000mm.csv,39,3.0,448.3574057393935,5.636597114132032,78,147,1.48,1.5910686005134904,0.1110686005134904,20.644033645269246,20.644033645269246,8.88625834947967,1088.746702488457,1088.746702488457,91.1067397807294,749.9999999999999,448357.4057393935,2721.8667562211426,True,0.083680381830314,597.8098743191914
thickness_grids_L3000mm.csv,40,3.0,449.2847470423726,5.515889569878122,78,148,1.49,1.6010686005134904,0.1110686005134904,20.9239495507041,20.9239495507041,8.83476573327645,1090.866460033868,1090.866460033868,90.88107250718495,749.9999999999999,449284.7470423726,2727.16615008467,True,0.0833109054469998,599.0463293898301
thickness_grids_L3000mm.csv,41,3.0,450.2084399807352,5.399009886070674,78,149,1.5,1.6110686005134904,0.1110686005134904,21.205750411731103,21.205750411731103,8.783725334498605,1092.976559472863,1092.976559472863,90.65749527096092,750.0,450208.4399807352,2732.441398682158,True,0.0829455073717999,600.2779199743136
thickness_grids_L3000mm.csv,42,3.0,455.8168849408762,5.387219293579816,79,147,1.48,1.5938831584162876,0.1138831584162875,20.644033645269246,20.644033645269246,8.98735755668794,1084.6110068231912,1084.6110068231912,89.90786409738512,749.9999999999999,455816.8849408762,2711.527517057978,True,0.0828941099913081,607.755846587835
thickness_grids_L3000mm.csv,43,3.0,456.7547551657312,5.2717174914075695,79,148,1.49,1.6038831584162876,0.1138831584162875,20.9239495507041,20.9239495507041,8.935336174108949,1086.7347471477976,1086.7347471477976,89.68572888484337,749.9999999999999,456754.7551657312,2716.836867869494,True,0.0825277089190615,609.006340220975
thickness_grids_L3000mm.csv,44,3.0,457.6889033938931,5.1598811797148905,79,149,1.5,1.6138831584162876,0.1138831584162875,21.205750411731103,21.205750411731103,8.883770946571214,1088.8488917573331,1088.8488917573331,89.4656463061766,749.9999999999999,457688.9033938931,2722.122229393333,True,0.0821653463427645,610.2518711918575
thickness_grids_L3000mm.csv,45,3.0,463.31724289369015,5.152289043614954,80,147,1.48,1.5967335705598846,0.1167335705598847,20.644033645269246,20.644033645269246,9.088100668243277,1080.5240159090613,1080.5240159090613,88.73753295900151,749.9999999999998,463317.2428936901,2701.310039772653,True,0.0821245355517112,617.7563238582535
thickness_grids_L3000mm.csv,46,3.0,464.26566529939817,5.041693980268629,80,148,1.49,1.6067335705598846,0.1167335705598847,20.9239495507041,20.9239495507041,9.03555447108681,1082.6515082299363,1082.6515082299363,88.51884999870357,750.0000000000001,464265.6652993982,2706.628770574841,True,0.0817611662901814,619.0208870658643
thickness_grids_L3000mm.csv,47,3.0,465.2102910178997,4.934611314991897,80,149,1.5,1.6167335705598846,0.1167335705598847,21.205750411731103,21.205750411731103,8.983468309913553,1084.7694678746554,1084.7694678746554,88.30218309654957,750.0000000000002,465210.2910178997,2711.9236696866383,True,0.0814017961526483,620.2803880238663
thickness_grids_L3000mm.csv,48,3.0,470.8582120947261,4.93079991939403,81,147,1.48,1.5996198369442818,0.1196198369442817,20.644033645269246,20.644033645269246,9.188483477549925,1076.4851069514275,1076.4851069514275,87.59473104360202,749.9999999999997,470858.2120947261,2691.2127673785694,True,0.0813710570429233,627.8109494596348
thickness_grids_L3000mm.csv,49,3.0,471.8172116422868,4.824833321018643,81,148,1.49,1.6096198369442818,0.1196198369442817,20.9239495507041,20.9239495507041,9.135416450772189,1078.6161262625617,1078.6161262625617,87.37942329142471,750.0000000000001,471817.2116422868,2696.5403156564043,True,0.0810106776302308,629.089615523049
thickness_grids_L3000mm.csv,50,3.0,472.7723387435313,4.722234664578353,81,149,1.5,1.6196198369442818,0.1196198369442817,21.205750411731103,21.205750411731103,9.082813283943343,1080.737676538069,1080.737676538069,87.16609582164821,749.9999999999999,472772.3387435313,2701.8441913451725,True,0.080654258395865,630.3631183247085
thickness_grids_L3000mm.csv,51,3.0,478.4395265942915,4.721826688430002,82,147,1.48,1.6025419575694788,0.1225419575694788,20.644033645269246,20.644033645269246,9.288501876053612,1072.4936654199953,1072.4936654199953,86.47849049522237,750.0,478439.5265942915,2681.2341635499884,True,0.0806331014191648,637.9193687923887
thickness_grids_L3000mm.csv,52,3.0,479.4091299413009,4.6202293426110765,82,148,1.49,1.6125419575694788,0.1225419575694788,20.9239495507041,20.9239495507041,9.23491803671449,1074.6279923495308,1074.6279923495308,86.26648354215479,750.0,479409.1299413009,2686.569980873827,True,0.0802756713544606,639.2121732550679
thickness_grids_L3000mm.csv,53,3.0,480.37478400444695,4.5218635290930145,82,149,1.5,1.6225419575694788,0.1225419575694788,21.205750411731103,21.205750411731103,9.181801824030131,1076.7529144414173,1076.7529144414173,86.05642186931294,750.0000000000001,480374.78400444693,2691.8822861035433,True,0.0799221629355478,640.4997120059293
thickness_grids_L3000mm.csv,54,3.0,487.04115746297424,4.427048161636739,83,148,1.49,1.615499932435476,0.1254999324354758,20.9239495507041,20.9239495507041,9.334055247046235,1070.686505702294,1070.686505702294,85.17911015851824,749.9999999999999,487041.15746297425,2676.7162642557346,True,0.0795556026015727,649.3882099506324
thickness_grids_L3000mm.csv,55,3.0,488.01736574797786,4.332681027537696,83,149,1.5,1.625499932435476,0.1254999324354758,21.205750411731103,21.205750411731103,9.280429979104934,1072.814586248623,1072.814586248623,84.9722431349935,750.0,488017.36574797786,2682.0364656215575,True,0.0792049662860394,650.6898209973039
thickness_grids_L3000mm.csv,56,3.0,494.71303297065674,4.244521661151313,84,148,1.49,1.6184937615422728,0.1284937615422728,20.9239495507041,20.9239495507041,9.432824192248988,1066.7910736145598,1066.7910736145598,84.11642465057196,749.9999999999997,494713.0329706568,2666.9776840363993,True,0.0788499517206908,659.6173772942091
thickness_grids_L3000mm.csv,57,3.0,495.6998244115617,4.1539347084185145,84,149,1.5,1.628493761542273,0.1284937615422728,21.205750411731103,21.205750411731103,9.37869388944094,1068.9221045716884,1068.9221045716884,83.91268350256826,750.0000000000001,495699.82441156165,2672.3052614292205,True,0.0785021501039981,660.9330992154155
thickness_grids_L3000mm.csv,58,3.0,502.4244967068764,4.071941623319607,85,148,1.49,1.62152344488987,0.1315234448898698,20.9239495507041,20.9239495507041,9.53122107307668,1062.9411114268196,1062.9411114268196,83.0775882727733,750.0000000000001,502424.4967068765,2657.352778567049,True,0.0781582228588897,669.8993289425019
thickness_grids_L3000mm.csv,59,3.0,503.4219019042949,3.984930801440352,85,149,1.5,1.63152344488987,0.1315234448898698,21.205750411731103,21.205750411731103,9.476589784589034,1065.0748899385685,1065.0748899385685,82.87690649271032,749.9999999999998,503421.9019042949,2662.687224846421,True,0.0778132197797757,671.2292025390599
thickness_grids_L3000mm.csv,60,3.0,510.17529038032467,3.908654443978689,86,148,1.49,1.6245889824782669,0.1345889824782667,20.9239495507041,20.9239495507041,9.629242178621032,1059.1360424819827,1059.1360424819827,82.06179982118661,750.0000000000001,510175.29038032464,2647.840106204957,True,0.0774799426416296,680.2337205070995
thickness_grids_L3000mm.csv,61,3.0,511.18334159322904,3.825029039325029,86,149,1.5,1.634588982478267,0.1345889824782667,21.205750411731103,21.205750411731103,9.574113981456511,1061.2723707520172,1061.2723707520172,81.86411306607825,750.0000000000001,511183.34159322904,2653.180926880043,True,0.077137703121461,681.577788790972
thickness_grids_L3000mm.csv,62,3.0,517.9651571571457,3.754056365798476,87,148,1.49,1.6276903743074635,0.1376903743074636,20.9239495507041,20.9239495507041,9.72688388450833,1055.3752980730976,1055.3752980730976,81.06829357424773,750.0000000000002,517965.1571571457,2638.438245182744,True,0.0768146589391111,690.620209542861
thickness_grids_L3000mm.csv,63,3.0,518.9838882939392,3.6736379877195544,87,149,1.5,1.6376903743074636,0.1376903743074636,21.205750411731103,21.205750411731103,9.67126288251536,1057.51398324051,1057.51398324051,80.87353956967269,750.0000000000001,518983.8882939392,2643.784958101275,True,0.0764751491246046,691.9785177252522
thickness_grids_L3000mm.csv,64,3.0,525.7938416561352,3.607589174203099,88,148,1.49,1.6308276203774603,0.1408276203774605,20.9239495507041,20.9239495507041,9.824142651215915,1051.6583173841443,1051.6583173841443,80.09633736639353,750.0000000000002,525793.8416561352,2629.1457934603604,True,0.0761619397121511,701.0584555415136
thickness_grids_L3000mm.csv,65,3.0,526.823288265039,3.530210828485078,88,149,1.5,1.6408276203774603,0.1408276203774605,21.205750411731103,21.205750411731103,9.76803297413004,1053.7991714021507,1053.7991714021507,79.90445581569539,750.0000000000001,526823.288265039,2634.497928505377,True,0.0758251268212491,702.431051020052
thickness_grids_L3000mm.csv,66,3.0,533.661089947477,3.468736306744217,89,148,1.49,1.6340007206882574,0.1440007206882573,20.9239495507041,20.9239495507041,9.921015022497896,1047.984547424741,1047.984547424741,79.14523078474257,750.0,533661.089947477,2619.961368561853,True,0.0755213719317041,711.5481199299693
thickness_grids_L3000mm.csv,67,3.0,534.7012892062778,3.3942415480569323,89,149,1.5,1.6440007206882572,0.1440007206882573,21.205750411731103,21.205750411731103,9.8644208249941,1050.127386942433,1050.127386942433,78.95616328312919,750.0000000000001,534701.2892062778,2625.3184673560827,True,0.0751872242024076,712.935052275037
thickness_grids_L3000mm.csv,68,3.0,541.5666495547964,3.3370193323227073,90,148,1.49,1.6372096752398542,0.1472096752398541,20.9239495507041,20.9239495507041,10.01749762391194,1044.3534429595054,1044.3534429595054,78.21430347984355,750.0,541566.6495547964,2610.8836073987636,True,0.0748925605666589,722.0888660730619
thickness_grids_L3000mm.csv,69,3.0,542.6176402599198,3.2652614881556334,90,149,1.5,1.6472096752398542,0.1472096752398541,21.205750411731103,21.205750411731103,9.96042308466703,1046.4980892065976,1046.4980892065976,78.02799343306776,750.0000000000001,542617.6402599198,2616.245223016494,True,0.0745610472086238,723.4901870132264
thickness_grids_L3000mm.csv,70,3.0,549.5102694601156,3.211994761654599,91,148,1.49,1.6404544840322508,0.1504544840322508,20.9239495507041,20.9239495507041,10.113587161436913,1040.7644664328143,1040.7644664328143,77.30291358221939,750.0,549510.2694601156,2601.911166082036,True,0.0742751276349514,732.6803592801541
thickness_grids_L3000mm.csv,71,3.0,550.5720920151148,3.1428362210256258,91,149,1.5,1.6504544840322508,0.1504544840322508,21.205750411731103,21.205750411731103,10.056036482201923,1042.910745107314,1042.910745107314,77.11930612956465,750.0,550572.0920151147,2607.276862768286,True,0.0739462187836881,734.0961226868196
thickness_grids_L3000mm.csv,72,3.0,557.4917001115651,3.093251154751246,92,148,1.49,1.6437351470654475,0.1537351470654475,20.9239495507041,20.9239495507041,10.209280420175403,1037.2170878895272,1037.2170878895272,76.41044621713142,750.0000000000001,557491.7001115652,2593.0427197238178,True,0.0736687113134698,743.3222668154202
thickness_grids_L3000mm.csv,73,3.0,558.564396515021,3.0265627156652286,92,149,1.5,1.6537351470654476,0.1537351470654475,21.205750411731103,21.205750411731103,10.151257824857918,1039.364829048247,1039.364829048247,76.22948815842827,750.0000000000001,558564.396515021,2598.4120726206174,True,0.0733423779869789,744.7525286866946
thickness_grids_L3000mm.csv,74,3.0,565.5106934335457,2.9804064950315547,93,148,1.49,1.6470516643394442,0.1570516643394441,20.9239495507041,20.9239495507041,10.304574263132972,1033.7107848922672,1033.7107848922672,75.53631211057979,750.0000000000002,565510.6934335458,2584.276962230668,True,0.073072965102567,754.0142579113943
thickness_grids_L3000mm.csv,75,3.0,566.5943072663779,2.916066765282357,93,149,1.5,1.6570516643394442,0.1570516643394441,21.205750411731103,21.205750411731103,10.246083996888192,1035.8598228441467,1035.8598228441467,75.3579518370073,750.0000000000001,566594.3072663778,2589.649557110367,True,0.0727491791602631,755.4590763551705
thickness_grids_L3000mm.csv,76,3.0,573.5670028391397,2.8731058030609455,94,148,1.49,1.650404035854241,0.1604040358542408,20.9239495507041,20.9239495507041,10.39946563006783,1030.2450424357571,1030.2450424357571,74.67994628011989,749.9999999999999,573567.0028391397,2575.6126060893935,True,0.0724875570413401,764.7560037855195
thickness_grids_L3000mm.csv,77,3.0,574.6615792513561,2.8110006495158744,94,149,1.5,1.660404035854241,0.1604040358542408,21.205750411731103,21.205750411731103,10.34051195839882,1032.3952156379062,1032.3952156379062,74.50413370856015,750.0000000000002,574661.5792513561,2580.9880390947656,True,0.0721662911451258,766.2154390018081
thickness_grids_L3000mm.csv,78,3.0,581.6603832445343,2.771018965885827,95,148,1.49,1.6537922616098375,0.1637922616098374,20.9239495507041,20.9239495507041,10.49395153640498,1026.819352858672,1026.819352858672,73.84080680457878,750.0,581660.3832445343,2567.0483821466796,True,0.0719121689701362,775.547177659379
thickness_grids_L3000mm.csv,79,3.0,582.7659689414659,2.7110410078792264,95,149,1.5,1.6637922616098373,0.1637922616098374,21.205750411731103,21.205750411731103,10.434538744271688,1028.97050381507,1028.97050381507,73.66749331531386,750.0000000000001,582765.9689414658,2572.426259537675,True,0.0715933965475006,777.0212919219545
thickness_grids_L3000mm.csv,80,3.0,589.7905910853076,2.6738387605527825,96,148,1.49,1.657216341606234,0.1672163416062339,20.9239495507041,20.9239495507041,10.588029072209537,1023.4332157534012,1023.4332157534012,73.01837366722255,750.0000000000002,589790.5910853076,2558.583039383503,True,0.0713464958370244,786.3874547804102
thickness_grids_L3000mm.csv,81,3.0,590.9072343133305,2.615886903449105,96,149,1.5,1.667216341606234,0.1672163416062339,21.205750411731103,21.205750411731103,10.52816146314655,1025.585190916188,1025.585190916188,72.84751204477213,749.9999999999999,590907.2343133305,2563.9629772904696,True,0.0710301910460457,787.876312417774
thickness_grids_L3000mm.csv,82,3.0,597.9573843344052,2.581279052714464,97,148,1.49,1.6606762758434304,0.1706762758434304,20.9239495507041,20.9239495507041,10.681695401214334,1020.0861378740956,1020.0861378740956,72.21214766734766,750.0,597957.3843344052,2550.215344685239,True,0.0707902450452282,797.2765124458735
thickness_grids_L3000mm.csv,83,3.0,599.0851348661246,2.5252580580892032,97,149,1.5,1.6706762758434304,0.1706762758434304,21.205750411731103,21.205750411731103,10.621377296456288,1022.2387875474154,1022.2387875474152,72.04369204425896,750.0000000000001,599085.1348661246,2555.596968868538,True,0.0704763827413634,798.7801798214995
thickness_grids_L3000mm.csv,84,3.0,606.1605225215333,2.493073153268884,98,148,1.49,1.6641720643214268,0.1741720643214269,20.9239495507041,20.9239495507041,10.774947759895785,1016.7776330433744,1016.7776330433744,71.42164939564478,750.0,606160.5225215333,2541.9440826084356,True,0.0702431358387267,808.214030028711
thickness_grids_L3000mm.csv,85,3.0,607.2994316405209,2.438893242498919,98,149,1.5,1.6741720643214268,0.1741720643214269,21.205750411731103,21.205750411731103,10.71418349751169,1018.9308112896676,1018.9308112896676,71.25555519906571,750.0,607299.4316405209,2547.3270282241688,True,0.0699316915432924,809.7325755206946
thickness_grids_L3000mm.csv,86,3.0,614.3997667539874,2.4089723177823137,99,148,1.49,1.6677037070402234,0.1777037070402234,20.9239495507041,20.9239495507041,10.867783456596184,1013.5072220579073,1013.5072220579074,70.64641826906066,749.9999999999998,614399.7667539874,2533.7680551447684,True,0.0697048987234787,819.1996890053166
thickness_grids_L3000mm.csv,87,3.0,615.5498872390535,2.3565488061489592,99,149,1.5,1.6777037070402234,0.1777037070402234,21.205750411731103,21.205750411731103,10.806577390631444,1015.6607866066186,1015.6607866066188,70.48264216993441,750.0000000000002,615549.8872390535,2539.1519665165465,True,0.0693958485937229,820.7331829854047
thickness_grids_L3000mm.csv,88,3.0,622.6748797386384,2.328744375051564,100,148,1.49,1.67127120399982,0.1812712039998198,20.9239495507041,20.9239495507041,10.960199870686376,1010.27443259322,1010.2744325932198,69.88601162118437,749.9999999999999,622674.8797386384,2525.6860814830493,True,0.069175274921882,830.2331729848512
thickness_grids_L3000mm.csv,89,3.0,623.836265847626,2.277997333734773,100,149,1.5,1.68127120399982,0.1812712039998198,21.205750411731103,21.205750411731103,10.89855637031262,1012.4282447518592,1012.4282447518592,69.72451148590959,750.0000000000002,623836.265847626,2531.070611879648,True,0.0688685957225528,831.7816877968347
thickness_grids_L3000mm.csv,90,3.0,630.9856258049858,2.252172472577846,101,148,1.49,1.6748745552002162,0.1848745552002162,20.9239495507041,20.9239495507041,11.052194451765978,1007.0787991079304,1007.0787991079304,69.14000384449199,750.0,630985.6258049859,2517.696997769826,True,0.0686540158582785,841.3141677399811
thickness_grids_L3000mm.csv,91,3.0,632.1583332581619,2.2030264161678375,101,149,1.5,1.6848745552002162,0.1848745552002162,21.205750411731103,21.205750411731103,10.990117900438994,1009.2327236754112,1009.2327236754112,68.9807386889142,749.9999999999997,632158.3332581619,2523.081809188528,True,0.0683496849346115,842.8777776775493
thickness_grids_L3000mm.csv,92,3.0,639.3317709291867,2.179053927985064,102,148,1.49,1.6785137606414129,0.1885137606414125,20.9239495507041,20.9239495507041,11.143764718898243,1003.9198627476288,1003.9198627476288,68.40798558105999,749.9999999999999,639331.7709291867,2509.7996568690724,True,0.0681408826734776,852.4423612389156
thickness_grids_L3000mm.csv,93,3.0,640.5158568922135,2.1314375253605973,102,149,1.5,1.6885137606414125,0.1885137606414125,21.205750411731103,21.205750411731103,11.081259513523683,1006.0737679298328,1006.0737679298328,68.25091552665864,750.0000000000001,640515.8568922135,2515.1844198245817,True,0.0678388779255187,854.0211425229513
thickness_grids_L3000mm.csv,94,3.0,647.71308275888,2.109199176536452,103,148,1.49,1.6821888203234088,0.1921888203234088,20.9239495507041,20.9239495507041,11.234908259875745,1000.7971712486138,1000.7971712486138,67.6895629585952,749.9999999999997,647713.08275888,2501.9929281215345,True,0.0676356457664087,863.6174436785067
thickness_grids_L3000mm.csv,95,3.0,648.9086058253512,2.06304498315878,103,149,1.5,1.6921888203234088,0.1921888203234088,21.205750411731103,21.205750411731103,11.171978809981947,1002.950928576146,1002.950928576146,67.5346491907419,750.0000000000003,648908.6058253512,2507.377321440365,True,0.0673359456245964,865.2114744338016
thickness_grids_L3000mm.csv,96,3.0,656.1293306387572,2.0424308058989245,104,148,1.49,1.6858997342462052,0.1958997342462051,20.9239495507041,20.9239495507041,11.325622730514388,997.71027884165,997.7102788416502,66.98435686887129,749.9999999999998,656129.3306387572,2494.275697104126,True,0.0671380843611641,874.839107518343
thickness_grids_L3000mm.csv,97,3.0,657.3363508124005,1.997675015748425,104,149,1.5,1.6958997342462052,0.1958997342462051,21.205750411731103,21.205750411731103,11.262273457433736,999.86376308968,999.86376308968,66.83156159705034,749.9999999999999,657336.3508124005,2499.6594077242,True,0.0668406677631101,876.4484677498673
thickness_grids_L3000mm.csv,98,3.0,664.5802856367619,1.9785826701923488,105,148,1.49,1.6896465024098013,0.1996465024098013,20.9239495507041,20.9239495507041,11.41590585397354,994.658746155898,994.6587461558984,66.29200228586762,749.9999999999998,664580.2856367619,2486.6468653897455,True,0.0666479860978142,886.1070475156826
thickness_grids_L3000mm.csv,99,3.0,665.7988643132121,1.9351648857388104,105,149,1.5,1.6996465024098013,0.1996465024098013,21.205750411731103,21.205750411731103,11.352141190030435,996.8118352660886,996.8118352660886,66.141288705742,750.0000000000003,665798.8643132121,2492.0295881652214,True,0.0663528324662059,887.7318190842828
thickness_grids_L3000mm.csv,100,3.0,673.0657205707736,1.917499076153419,106,148,1.49,1.6934291248141975,0.2034291248141975,20.9239495507041,20.9239495507041,11.505755420098737,991.6421401231815,991.6421401231815,65.61214762109365,749.9999999999998,673065.7205707736,2479.105350307954,True,0.0661651466454857,897.4209607610314
thickness_grids_L3000mm.csv,101,3.0,674.2959205190447,1.875362094893659,106,149,1.5,1.7034291248141975,0.2034291248141975,21.205750411731103,21.205750411731103,11.441579807806075,993.7947151275966,993.7947151275964,65.4634798783245,750.0000000000001,674295.9205190446,2484.486787818991,True,0.0658722358670617,899.0612273587261
thickness_grids_L3000mm.csv,102,3.0,681.5854100357863,1.8590340349486123,107,148,1.49,1.6972476014593938,0.2072476014593937,20.9239495507041,20.9239495507041,11.595169284786234,988.6600338826792,988.6600338826792,64.94445411377752,750.0000000000002,681585.4100357862,2471.6500847066977,True,0.0656893693363195,908.7805467143816
thickness_grids_L3000mm.csv,103,3.0,682.8272953793548,1.8181236511787584,107,149,1.5,1.7072476014593938,0.2072476014593937,21.205750411731103,21.205750411731103,11.530587176048725,990.8119788296624,990.8119788296626,64.79779726949472,750.0000000000002,682827.2953793549,2477.029947074157,True,0.065398681741851,910.4363938391398
thickness_grids_L3000mm.csv,104,3.0,690.1391304313909,1.8030505738040603,108,148,1.49,1.7011019323453898,0.2111019323453898,20.9239495507041,20.9239495507041,11.684145369366025,985.712006686187,985.7120066861872,64.2885952537426,750.0000000000001,690139.1304313908,2464.280016715468,True,0.0652204648190002,920.1855072418545
thickness_grids_L3000mm.csv,105,3.0,691.3927666289803,1.7633153944102788,108,149,1.5,1.7111019323453898,0.2111019323453898,21.205750411731103,21.205750411731103,11.619161224691425,987.8632085681344,987.8632085681344,64.14391525158307,750.0000000000001,691392.7666289803,2469.658021420336,True,0.0649319811642311,921.8570221719738
thickness_grids_L3000mm.csv,106,3.0,698.7266599895784,1.7494201021833355,109,148,1.49,1.7049921174721858,0.2149921174721858,20.9239495507041,20.9239495507041,11.772681660002332,982.7976438040292,982.7976438040292,63.64425623496344,750.0000000000003,698726.6599895784,2456.994109510073,True,0.0647582507306602,931.6355466527712
thickness_grids_L3000mm.csv,107,3.0,699.9921138156085,1.710811375342712,109,149,1.5,1.7149921174721858,0.2149921174721858,21.205750411731103,21.205750411731103,11.70729994772019,984.9479924870064,984.9479924870064,63.501519869589785,750.0000000000001,699992.1138156084,2462.369981217516,True,0.0644719521781527,933.3228184208112
thickness_grids_L3000mm.csv,108,3.0,707.3477788027062,1.698021827750961,110,148,1.49,1.708918156839782,0.2189181568397819,20.9239495507041,20.9239495507041,11.860776207109224,979.9165364317126,979.9165364317124,63.01113343792086,749.9999999999999,707347.7788027062,2449.791341079281,True,0.0643025513860301,943.1303717369416
thickness_grids_L3000mm.csv,109,3.0,708.6251183274568,1.660493283530608,110,149,1.5,1.718918156839782,0.2189181568397819,21.205750411731103,21.205750411731103,11.795001402597116,982.065924586884,982.065924586884,62.87030832494587,750.0000000000002,708625.1183274568,2455.16481146721,True,0.0640184194878698,944.8334911032756
thickness_grids_L3000mm.csv,110,3.0,716.002268851632,1.648742217811875,111,148,1.49,1.712880050448178,0.222880050448178,20.9239495507041,20.9239495507041,11.94842712478029,977.0682815973978,977.0682815973978,62.388933939014734,750.0,716002.268851632,2442.6707039934945,True,0.0638531974827959,954.669691802176
thickness_grids_L3000mm.csv,111,3.0,717.2915634211099,1.612249919741746,111,149,1.5,1.722880050448178,0.222880050448178,21.205750411731103,21.205750411731103,11.88226370969766,979.2166046342012,979.2166046342012,62.24998848625476,750.0000000000002,717291.5634211099,2448.041511585503,True,0.0635712141641113,956.3887512281466
thickness_grids_L3000mm.csv,112,3.0,724.6899140338836,1.6014745023246155,112,148,1.49,1.716877798297374,0.226877798297374,20.9239495507041,20.9239495507041,12.035632590230035,974.2524820702728,974.2524820702728,61.77737504540286,750.0000000000001,724689.9140338836,2435.6312051756818,True,0.063410025822184,966.2532187118449
thickness_grids_L3000mm.csv,113,3.0,725.9912342494206,1.5659767090987158,112,149,1.5,1.726877798297374,0.226877798297374,21.205750411731103,21.205750411731103,11.969085051759771,976.399638071297,976.399638071297,61.64027842539299,750.0000000000001,725991.2342494206,2440.9990951782424,True,0.0631301733654391,967.9883123325608
thickness_grids_L3000mm.csv,114,3.0,733.4105001918855,1.5561182149498618,113,148,1.49,1.72091140038737,0.2309114003873699,20.9239495507041,20.9239495507041,12.122390843247109,971.4687462698408,971.4687462698408,61.176183853754615,750.0000000000001,733410.5001918855,2428.6718656746016,True,0.062972879043874,977.880666922514
thickness_grids_L3000mm.csv,115,3.0,734.7239178894573,1.521575251482668,113,149,1.5,1.73091140038737,0.2309114003873699,21.205750411731103,21.205750411731103,12.055463673344358,973.6146359273812,973.614635927381,61.04090597745938,750.0,734723.9178894573,2434.0365898184523,True,0.0626951400738928,979.6318905192765
thickness_grids_L3000mm.csv,116,3.0,742.1638151410745,1.5125787689261292,114,148,1.49,1.724980856718166,0.2349808567181658,20.9239495507041,20.9239495507041,12.208700185655944,968.7166881762496,968.7166881762496,60.585096831499314,750.0,742163.8151410745,2421.791720440624,True,0.0625416053743841,989.5517535214326
thickness_grids_L3000mm.csv,117,3.0,743.4894033703937,1.4789529060554658,114,149,1.5,1.734980856718166,0.2349808567181658,21.205750411731103,21.205750411731103,12.141397880305137,970.861214730456,970.861214730456,60.45160832315917,750.0000000000002,743489.4033703937,2427.15303682614,True,0.062265962844074,991.3192044938584
thickness_grids_L3000mm.csv,118,3.0,750.949648697947,1.4707670648575295,115,148,1.49,1.7290861672897615,0.2390861672897617,20.9239495507041,20.9239495507041,12.294558980787729,965.995927241636,965.995927241636,60.00385941925281,750.0000000000001,750949.648697947,2414.98981810409,True,0.0621160583881461,1001.2661982639294
thickness_grids_L3000mm.csv,119,3.0,752.2874817013218,1.438022407045183,115,149,1.5,1.7390861672897615,0.2390861672897617,21.205750411731103,21.205750411731103,12.226886039267075,968.138996420245,968.138996420245,59.87213159230866,750.0000000000001,752287.4817013218,2420.3474910506125,True,0.0618424955648823,1003.0499756017624
thickness_grids_L3000mm.csv,120,3.0,759.7677927079721,1.430599127766124,116,148,1.49,1.7332273321021576,0.2432273321021575,20.9239495507041,20.9239495507041,12.379965652958507,963.3060883025556,963.3060883025556,59.43222565319056,750.0000000000001,759767.7927079721,2408.265220756389,True,0.0616960967805323,1013.0237236106296
thickness_grids_L3000mm.csv,121,3.0,761.1179458989028,1.3987015082008565,116,149,1.5,1.7432273321021576,0.2432273321021575,21.205750411731103,21.205750411731103,12.311926577111963,965.44760826216,965.44760826216,59.30223048722894,750.0000000000001,761117.9458989028,2413.6190206554,True,0.0614245972331684,1014.8239278652038
thickness_grids_L3000mm.csv,122,3.0,768.6180410732298,1.391995771000549,117,148,1.49,1.7374043511553534,0.2474043511553533,20.9239495507041,20.9239495507041,12.464918686953345,960.6468014935424,960.6468014935424,58.86995780620844,750.0000000000002,768618.0410732299,2401.6170037338557,True,0.0612815841521377,1024.8240547643063
thickness_grids_L3000mm.csv,123,3.0,769.9805910148493,1.360912653556691,117,149,1.5,1.7474043511553534,0.2474043511553533,21.205750411731103,21.205750411731103,12.396517980470872,962.7866827623355,962.7866827623355,58.741667924882385,750.0000000000002,769980.5910148494,2406.9667069058387,True,0.0610121317386177,1026.6407880197992
thickness_grids_L3000mm.csv,124,3.0,777.5001897798778,1.3548822848084614,118,148,1.49,1.741617224449349,0.2516172244493491,20.9239495507041,20.9239495507041,12.549416627516225,958.017702161798,958.017702161798,58.31682604680452,749.9999999999997,777500.1897798778,2395.044255404495,True,0.0608723888036836,1036.6669197065037
thickness_grids_L3000mm.csv,125,3.0,778.8752141631411,1.3245826723586858,118,149,1.5,1.751617224449349,0.2516172244493491,21.205750411731103,21.205750411731103,12.480658795221386,960.1558575837812,960.1558575837812,58.190214696674985,750.0000000000001,778875.2141631411,2400.389643959453,True,0.0606049676592192,1038.5002855508549
thickness_grids_L3000mm.csv,126,3.0,786.4140369252649,1.3191881475762088,119,148,1.49,1.7458659519841448,0.2558659519841448,20.9239495507041,20.9239495507041,12.633458078844356,955.418430783056,955.418430783056,57.772608114665246,750.0000000000002,786414.0369252649,2388.5460769576403,True,0.060468383540932,1048.5520492336866
thickness_grids_L3000mm.csv,127,3.0,787.801614546992,1.2896424961966677,119,149,1.5,1.7558659519841449,0.2558659519841448,21.205750411731103,21.205750411731103,12.564347625990251,957.5547754636444,957.5547754636444,57.647649144923555,750.0000000000003,787801.614546992,2393.886938659111,True,0.0602029780667228,1050.4021527293228
thickness_grids_L3000mm.csv,128,3.0,795.3593827447511,1.2848467579150833,120,148,1.49,1.7501505337597405,0.2601505337597405,20.9239495507041,20.9239495507041,12.717041704086396,952.8486328786256,952.8486328786256,57.23708901202035,749.9999999999999,795359.382744751,2382.121582196564,True,0.060069445489052,1060.4791769930014
thickness_grids_L3000mm.csv,129,3.0,796.7595934854701,1.2560268965589585,120,149,1.5,1.7601505337597405,0.2601505337597405,21.205750411731103,21.205750411731103,12.64758313565918,954.9830841316352,954.9830841316352,57.11375685504494,750.0,796759.59348547,2387.4577103290876,True,0.0598060403415191,1062.3461246472934
thickness_grids_L3000mm.csv,130,3.0,804.3360296381321,1.2517951859334269,121,148,1.49,1.7544709697761365,0.2644709697761361,20.9239495507041,20.9239495507041,12.800166224843649,950.3079589336376,950.3079589336376,56.7100607098794,750.0,804336.0296381321,2375.7698973340935,True,0.0596754559159065,1072.4480395175094
thickness_grids_L3000mm.csv,131,3.0,805.7489544397506,1.223674241182099,121,149,1.5,1.764470969776136,0.2644709697761361,21.205750411731103,21.205750411731103,12.730364044874005,952.44043622961,952.44043622961,56.58833036258738,749.9999999999999,805748.9544397506,2381.1010905740245,True,0.0594140359964151,1074.3319392530009
thickness_grids_L3000mm.csv,132,3.0,813.343782195647,1.2199739421781144,122,148,1.49,1.758827260033332,0.2688272600333318,20.9239495507041,20.9239495507041,12.882830420673562,947.7960643165078,947.7960643165078,56.19132186832518,750.0000000000002,813343.782195647,2369.4901607912693,True,0.0592863000637662,1084.458376260863
thickness_grids_L3000mm.csv,133,3.0,814.7695030390175,1.192526267710008,122,149,1.5,1.7688272600333317,0.2688272600333318,21.205750411731103,21.205750411731103,12.812689131556652,949.9264892323212,949.9264892323212,56.07116887428284,749.9999999999999,814769.5030390176,2374.816223080803,True,0.0590268505088183,1086.3593373853566
thickness_grids_L3000mm.csv,134,3.0,822.3824472235816,1.1893267628596529,123,148,1.49,1.7632194045313274,0.2732194045313274,20.9239495507041,20.9239495507041,12.965033128595357,945.31260919961,945.31260919961,55.68067757009051,750.0000000000002,822382.4472235816,2363.2815229990247,True,0.05890186698899,1096.5099296314422
thickness_grids_L3000mm.csv,135,3.0,823.8210471058596,1.1625278733055222,123,149,1.5,1.7732194045313274,0.2732194045313274,21.205750411731103,21.205750411731103,12.894557230418298,947.4409053693709,947.4409053693709,55.5620780023416,750.0000000000002,823821.0471058596,2368.602263423427,True,0.058644373160857,1098.428062807813
thickness_grids_L3000mm.csv,136,3.0,831.4518337693324,1.1598004100942527,124,148,1.49,1.767647403270123,0.277647403270123,20.9239495507041,20.9239495507041,13.046773242596409,942.8572584811878,942.8572584811878,55.17793906668676,750.0,831451.8337693324,2357.1431462029695,True,0.0585220494092295,1108.6024450257764
thickness_grids_L3000mm.csv,137,3.0,832.9033966812596,1.1336269189726804,124,149,1.5,1.777647403270123,0.277647403270123,21.205750411731103,21.205750411731103,12.975967232474254,944.9833515483432,944.9833515483432,55.06086951127024,750.0000000000003,832903.3966812595,2362.458378870858,True,0.0582664968870125,1110.5378622416792
thickness_grids_L3000mm.csv,138,3.0,840.5517531460414,1.1313444860030928,125,148,1.49,1.7721112562497183,0.2821112562497185,20.9239495507041,20.9239495507041,13.128049713140111,940.429681708474,940.429681708474,54.682923536409895,750.0000000000003,840551.7531460414,2351.074204271185,True,0.0581467435577614,1120.7356708613886
thickness_grids_L3000mm.csv,139,3.0,842.0163640490726,1.1057740474541171,125,149,1.5,1.7821112562497186,0.2821112562497185,21.205750411731103,21.205750411731103,13.05691808455976,942.5534992791296,942.5534992791296,54.567361076529835,750.0,842016.3640490726,2356.383748197824,True,0.0578931181288523,1122.6884853987635
thickness_grids_L3000mm.csv,140,3.0,849.6820189566126,1.1039112596077592,126,148,1.49,1.776610963470114,0.286610963470114,20.9239495507041,20.9239495507041,13.208861546673187,938.029553002064,938.029553002064,54.1954538535756,750.0,849682.0189566127,2345.07388250516,True,0.0577758490445517,1132.909358608817
thickness_grids_L3000mm.csv,141,3.0,851.1597637599574,1.0789225136638023,126,149,1.5,1.786610963470114,0.286610963470114,21.205750411731103,21.205750411731103,13.137408788845628,940.1510245994656,940.1510245994656,54.08137605439644,750.0000000000002,851159.7637599574,2350.3775614986635,True,0.0575241366964811,1134.8796850132765
thickness_grids_L3000mm.csv,142,3.0,858.8424471172259,1.077455505548606,127,148,1.49,1.7811465249313094,0.2911465249313094,20.9239495507041,20.9239495507041,13.289207805133303,935.6565509815032,935.6565509815032,53.71535836838997,749.9999999999998,858842.4471172258,2339.1413774537577,True,0.0574092687237027,1145.1232628229675
thickness_grids_L3000mm.csv,143,3.0,860.3334126547832,1.053028026701737,127,149,1.5,1.7911465249313094,0.2911465249313094,21.205750411731103,21.205750411731103,13.217438402354333,937.7756080016449,937.7756080016449,53.60274326242561,750.0000000000001,860333.4126547831,2344.4390200041116,True,0.0571594556363547,1147.1112168730442
thickness_grids_L3000mm.csv,144,3.0,868.0328558802349,1.0519343537342356,128,148,1.49,1.7857179406333048,0.2957179406333048,20.9239495507041,20.9239495507041,13.369087605456269,933.3103586920934,933.3103586920934,53.24247069688642,750.0000000000001,868032.855880235,2333.2758967302334,True,0.0570469085669406,1157.3771411736466
thickness_grids_L3000mm.csv,145,3.0,869.5371298874265,1.0280486025771824,128,149,1.5,1.7957179406333048,0.2957179406333048,21.205750411731103,21.205750411731103,13.297006036475087,935.426934360447,935.426934360447,53.13129676995677,750.0000000000001,869537.1298874265,2338.5673359011175,True,0.0567989811051172,1159.382839849902
thickness_grids_L3000mm.csv,146,3.0,877.2530658564472,1.0273071491037211,129,148,1.49,1.7903252105761005,0.3003252105761002,20.9239495507041,20.9239495507041,13.448500119082006,930.990663532933,930.990663532933,52.77662952039961,749.9999999999999,877253.0658564472,2327.4766588323323,True,0.0566886775428255,1169.670754475263
thickness_grids_L3000mm.csv,147,3.0,878.7707369470103,1.0039444268381752,129,149,1.5,1.8003252105761,0.3003252105761002,21.205750411731103,21.205750411731103,13.376110856478713,933.1046928622349,933.1046928622349,52.666875698129914,750.0000000000001,878770.7369470103,2332.7617321555867,True,0.0564426222491475,1171.694315929347
thickness_grids_L3000mm.csv,148,3.0,886.5029000367903,1.0035353207498643,130,148,1.49,1.7949683347596954,0.3049683347596955,20.9239495507041,20.9239495507041,13.527444571459696,928.697157186154,928.697157186154,52.317678394078264,750.0,886502.9000367903,2321.7428929653847,True,0.0563344875013883,1182.0038667157205
thickness_grids_L3000mm.csv,149,3.0,888.034057679454,0.980677726371515,130,149,1.5,1.8049683347596956,0.3049683347596955,21.205750411731103,21.205750411731103,13.454752081030762,930.8085769352522,930.8085769352522,52.209324028913066,750.0,888034.057679454,2327.0214423381303,True,0.0560902910895123,1184.045410239272
thickness_grids_L3000mm.csv,150,3.0,895.7821838132928,0.9805822597131514,131,148,1.49,1.7996473131840909,0.3096473131840908,20.9239495507041,20.9239495507041,13.605920241551203,926.4295355473748,926.4295355473748,51.86546556396464,749.9999999999999,895782.1838132928,2316.0738388684367,True,0.0559842530639097,1194.3762450843903
thickness_grids_L3000mm.csv,151,3.0,897.3269183084419,0.9582126496964392,131,149,1.5,1.8096473131840909,0.3096473131840908,21.205750411731103,21.205750411731103,13.532928981703678,928.5382841810872,928.5382841810874,51.75849042267822,749.9999999999999,897326.9183084419,2321.3457104527183,True,0.0557419024120539,1196.4358910779224
thickness_grids_L3000mm.csv,152,3.0,960.8928180110248,0.9515300738759028,139,142,1.43,1.7783698932480518,0.3483698932480519,19.2727284519773,19.2727284519773,14.680595883735622,896.5549971808504,896.5549971808504,49.06897183212689,749.9999999999998,960892.8180110249,2241.3874929521257,True,0.0547305764692858,1281.1904240146996
thickness_grids_L3000mm.csv,153,3.0,1025.859609869604,0.9507986961716602,147,136,1.37,1.7593871447232108,0.3893871447232107,17.68936575456805,17.68936575456805,15.770772000174826,868.3308960297766,868.3308960297766,46.53850246166686,750.0000000000002,1025859.609869604,2170.8272400744413,True,0.0535953548059298,1367.812813159472
thickness_grids_L4000mm.csv,0,4.0,302.15067385823033,10.852055228836434,45,147,1.48,1.5183024188099634,0.0383024188099635,27.52537819369233,27.52537819369233,5.935804259565196,1226.878065825917,1226.878065825917,154.1220297474056,750.0000000000001,302150.67385823035,3067.1951645647923,True,0.1256213099250843,302.15067385823033
thickness_grids_L4000mm.csv,1,4.0,302.9401987722208,10.590341037646732,45,148,1.49,1.5283024188099634,0.0383024188099635,27.8985994009388,27.8985994009388,5.905488504646448,1228.4987185103562,1228.4987185103562,153.70360291239425,749.9999999999998,302940.1987722208,3071.24679627589,True,0.1251149883971967,302.9401987722208
thickness_grids_L4000mm.csv,2,4.0,303.72694561692015,10.337419795559024,45,149,1.5,1.5383024188099634,0.0383024188099635,28.274333882308134,28.274333882308134,5.875416053914863,1230.1110084674774,1230.1110084674774,153.28929052296806,750.0000000000001,303726.94561692013,3075.2775211686935,True,0.124614192920639,303.72694561692015
thickness_grids_L4000mm.csv,3,4.0,309.35302836917407,10.260603453865528,46,146,1.47,1.5099337867663618,0.0399337867663618,27.154670260568732,27.154670260568732,6.087957964944946,1218.8143328242782,1218.8143328242782,151.28163237524183,750.0000000000001,309353.02836917405,3047.035832060695,True,0.1241219669813751,309.35302836917407
thickness_grids_L4000mm.csv,4,4.0,310.16096582818216,10.01057470999398,46,147,1.48,1.5199337867663618,0.0399337867663618,27.52537819369233,27.52537819369233,6.056794198029448,1220.456455403849,1220.456455403849,150.86852754902904,749.9999999999999,310160.9658281822,3051.1411385096226,True,0.123616477163953,310.16096582818216
thickness_grids_L4000mm.csv,5,4.0,310.96601677843375,9.769018122336265,46,148,1.49,1.5299337867663618,0.0399337867663618,27.8985994009388,27.8985994009388,6.025881488306529,1222.090148644262,1222.090148644262,150.4595105550202,750.0,310966.01677843375,3055.2253716106547,True,0.1231165399065968,310.96601677843375
thickness_grids_L4000mm.csv,6,4.0,311.7682103114548,9.535580690374992,46,149,1.5,1.5399337867663618,0.0399337867663618,28.274333882308134,28.274333882308134,5.995216589058769,1223.7154897890157,1223.7154897890157,150.0545106128324,750.0000000000002,311768.21031145484,3059.2887244725384,True,0.1226220570589522,311.7682103114548
thickness_grids_L4000mm.csv,7,4.0,317.41993739748864,9.480976841403962,47,146,1.47,1.51160100896356,0.0416010089635602,27.154670260568732,27.154670260568732,6.209428055745515,1212.4596319654518,1212.4596319654518,148.14584839890506,750.0,317419.9373974886,3031.1490799136295,True,0.1221862109823433,317.41993739748864
thickness_grids_L4000mm.csv,8,4.0,318.24348364939533,9.249812933848398,47,147,1.48,1.52160100896356,0.0416010089635602,27.52537819369233,27.52537819369233,6.177664696367565,1214.1143078610432,1214.1143078610432,147.7418921436183,750.0000000000003,318243.48364939535,3035.285769652608,True,0.1216869706476826,318.24348364939533
thickness_grids_L4000mm.csv,9,4.0,319.0640618929912,9.02648537062506,47,148,1.49,1.53160100896356,0.0416010089635602,27.8985994009388,27.8985994009388,6.146156920747051,1215.760568707842,1215.760568707842,147.34192821897292,750.0,319064.06189299125,3039.401421769605,True,0.1211932118966267,319.0640618929912
thickness_grids_L4000mm.csv,10,4.0,319.8817022086739,8.810667508133278,47,149,1.5,1.54160100896356,0.0416010089635602,28.274333882308134,28.274333882308134,6.114901429803171,1217.398491006705,1217.398491006705,146.9458875745849,749.9999999999999,319881.70220867393,3043.4962275167622,True,0.1207048379475735,319.8817022086739
thickness_grids_L4000mm.csv,11,4.0,325.5584443223372,8.774757894561308,48,146,1.47,1.5133040854015585,0.0433040854015584,27.154670260568732,27.154670260568732,6.33076343578508,1206.1840524778022,1206.1840524778022,145.1301150842455,750.0000000000002,325558.4443223372,3015.4601311945053,True,0.1203216994836833,325.5584443223372
thickness_grids_L4000mm.csv,12,4.0,326.3976027501298,8.560687371849435,48,147,1.48,1.5233040854015585,0.0433040854015584,27.52537819369233,27.52537819369233,6.29840249708313,1207.8508178071213,1207.8508178071213,144.73496718857112,750.0000000000001,326397.6027501298,3019.627044517803,True,0.1198285128053649,326.3976027501298
thickness_grids_L4000mm.csv,13,4.0,327.2337104750166,8.353876963026767,48,148,1.49,1.5333040854015585,0.0433040854015584,27.8985994009388,27.8985994009388,6.266301634850716,1209.5091851810464,1209.5091851810464,144.34371960416567,750.0,327233.7104750166,3023.772962952616,True,0.1193407386836499,327.2337104750166
thickness_grids_L4000mm.csv,14,4.0,328.0667985869612,8.154023916355465,48,149,1.5,1.5433040854015585,0.0433040854015584,28.274333882308134,28.274333882308134,6.234457498430444,1211.1592303356597,1211.1592303356597,143.95630494840404,750.0000000000003,328066.79858696123,3027.898075839149,True,0.1188582816716082,328.0667985869612
thickness_grids_L4000mm.csv,15,4.0,333.7679444512865,8.133830659680402,49,146,1.47,1.5150430160803567,0.0450430160803567,27.154670260568732,27.154670260568732,6.451951430372509,1199.9867497620246,1199.9867497620246,142.22777104391236,750.0,333767.9444512865,2999.9668744050614,True,0.1185244512675813,333.7679444512865
thickness_grids_L4000mm.csv,16,4.0,334.6227194801404,7.935277643741321,49,147,1.48,1.5250430160803568,0.0450430160803567,27.52537819369233,27.52537819369233,6.418995012984074,1201.6651524492424,1201.6651524492424,141.8411100901621,750.0000000000002,334622.7194801404,3004.162881123106,True,0.1180371335567654,334.6227194801404
thickness_grids_L4000mm.csv,17,4.0,335.4743599043618,7.743461521851188,49,148,1.49,1.5350430160803568,0.0450430160803567,27.8985994009388,27.8985994009388,6.386303129965573,1203.3351769457545,1203.3351769457545,141.4582607193734,749.9999999999999,335474.3599043618,3008.337942364386,True,0.1175551612132005,335.4743599043618
thickness_grids_L4000mm.csv,18,4.0,336.32289784447215,7.558101240649605,49,149,1.5,1.5450430160803568,0.0450430160803567,28.274333882308134,28.274333882308134,6.3538723798871795,1204.996898202309,1204.996898202309,141.07915715785086,750.0000000000002,336322.89784447214,3012.4922455057726,True,0.1170784400925195,336.32289784447215
thickness_grids_L4000mm.csv,19,4.0,342.04785181503894,7.551100422280061,50,146,1.47,1.516817800999955,0.0468178009999549,27.154670260568732,27.154670260568732,6.572979980247472,1193.8668571006554,1193.8668571006554,139.43262615908486,750.0000000000001,342047.85181503894,2984.6671427516385,True,0.1167907671863021,342.04785181503894
thickness_grids_L4000mm.csv,20,4.0,342.91824900240215,7.366660019903171,50,147,1.48,1.526817800999955,0.0468178009999549,27.52537819369233,27.52537819369233,6.539430268728657,1195.556456664051,1195.556456664051,139.0541481924085,749.9999999999998,342918.2490024021,2988.8911416601272,True,0.1163091440954698,342.91824900240215
thickness_grids_L4000mm.csv,21,4.0,343.7854264641913,7.188480557080769,50,148,1.49,1.536817800999955,0.0468178009999549,27.8985994009388,27.8985994009388,6.506149513749351,1197.237700345761,1197.237700345761,138.6793961939152,750.0,343785.4264641913,2993.094250864402,True,0.1158328009165304,343.7854264641913
thickness_grids_L4000mm.csv,22,4.0,344.6494173726087,7.016300722828669,50,149,1.5,1.546817800999955,0.0468178009999549,28.274333882308134,28.274333882308134,6.47313426392487,1198.910662292297,1198.910662292297,138.30830594312826,750.0000000000002,344649.4173726087,2997.2766557307423,True,0.115361644777339,344.6494173726087
thickness_grids_L4000mm.csv,23,4.0,351.2836234213477,6.848767735919447,51,147,1.48,1.5286284401603532,0.0486284401603531,27.52537819369233,27.52537819369233,6.659696848777509,1189.523857433196,1189.523857433196,136.3683392021384,750.0000000000001,351283.6234213477,2973.80964358299,True,0.1146411132067579,351.2836234213477
thickness_grids_L4000mm.csv,24,4.0,352.16634346091183,6.683012109645021,51,148,1.49,1.5386284401603532,0.0486284401603531,27.8985994009388,27.8985994009388,6.625829450384361,1191.2158936131232,1191.2158936131232,136.00139981364163,749.9999999999997,352166.3434609118,2978.0397340328077,True,0.1141702360947607,352.16634346091183
thickness_grids_L4000mm.csv,25,4.0,353.04579166771555,6.522840382054146,51,149,1.5,1.5486284401603532,0.0486284401603531,28.274333882308134,28.274333882308134,6.592231893577405,1192.899671967442,1192.899671967442,135.63804100687852,750.0,353045.79166771553,2982.2491799186055,True,0.1137044834484458,353.04579166771555
thickness_grids_L4000mm.csv,26,4.0,359.71829011834393,6.37627276524092,52,147,1.48,1.5304749335615513,0.0504749335615512,27.52537819369233,27.52537819369233,6.779783850957106,1183.566467724353,1183.566467724353,133.77833540346805,749.9999999999998,359718.29011834395,2958.9161693108827,True,0.113029845852835,359.71829011834393
thickness_grids_L4000mm.csv,27,4.0,360.61655955221056,6.221855341613686,52,148,1.49,1.5404749335615513,0.0504749335615512,27.8985994009388,27.8985994009388,6.745332114378223,1185.2688807420973,1185.2688807420973,133.41893883572155,750.0000000000002,360616.55955221056,2963.172201855243,True,0.1125642805640758,360.61655955221056
thickness_grids_L4000mm.csv,28,4.0,361.511470651729,6.072642328758499,52,149,1.5,1.5504749335615513,0.0504749335615512,28.274333882308134,28.274333882308134,6.711154519195306,1186.9630621325666,1186.9630621325666,133.06304442828284,750.0000000000002,361511.470651729,2967.407655331416,True,0.1121037786881203,361.511470651729
thickness_grids_L4000mm.csv,29,4.0,368.22171026950986,5.944485482053084,53,147,1.48,1.5323572812035493,0.0523572812035493,27.52537819369233,27.52537819369233,6.899680844959676,1177.6833898877735,1177.6833898877735,131.27915126428994,749.9999999999999,368221.7102695099,2944.2084747194344,True,0.11147236378769,368.22171026950986
thickness_grids_L4000mm.csv,30,4.0,369.1355372581866,5.800432590421483,53,148,1.49,1.542357281203549,0.0523572812035493,27.8985994009388,27.8985994009388,6.864647149273282,1179.395774880655,1179.395774880655,130.92704168596322,749.9999999999999,369135.5372581866,2948.489437201637,True,0.111011964324878,369.1355372581866
thickness_grids_L4000mm.csv,31,4.0,370.04591817656967,5.661237130594878,53,149,1.5,1.552357281203549,0.0523572812035493,28.274333882308134,28.274333882308134,6.8298918573641325,1181.099956621787,1181.099956621787,130.5783584502565,749.9999999999999,370045.9181765697,2952.7498915544675,True,0.1105565686614197,370.04591817656967
thickness_grids_L4000mm.csv,32,4.0,376.7933575242451,5.549269282107965,54,147,1.48,1.5342754830863474,0.0542754830863474,27.52537819369233,27.52537819369233,7.019377835186638,1171.8737186292735,1171.8737186292735,128.8661340813446,750.0,376793.3575242451,2929.684296573184,True,0.1099658879901136,376.7933575242451
thickness_grids_L4000mm.csv,33,4.0,377.7227516337172,5.414706024696911,54,148,1.49,1.5442754830863474,0.0542754830863474,27.8985994009388,27.8985994009388,6.983764630678582,1173.5956813000053,1173.5956813000053,128.52106868614808,750.0,377722.7516337171,2933.989203250013,True,0.1095105160439784,377.7227516337172
thickness_grids_L4000mm.csv,34,4.0,378.64861069046424,5.284682435501014,54,149,1.5,1.5542754830863474,0.0542754830863474,28.274333882308134,28.274333882308134,6.948434054123039,1175.309471164467,1175.309471164467,128.1793562882609,750.0,378648.61069046427,2938.2736779111674,True,0.1090600896470816,378.64861069046424
thickness_grids_L4000mm.csv,35,4.0,385.4327168255924,5.18696774455306,55,147,1.48,1.5362295392099454,0.0562295392099454,27.52537819369233,27.52537819369233,7.138865227427941,1166.1365436120386,1166.1365436120386,126.5349373494228,750.0000000000001,385432.7168255924,2915.341359030097,True,0.1085078227267351,385.4327168255924
thickness_grids_L4000mm.csv,36,4.0,386.37768908331213,5.0611065423036115,55,148,1.49,1.5462295392099454,0.0562295392099454,27.8985994009388,27.8985994009388,7.102675033116785,1167.8676999943923,1167.8676999943923,126.19668549791456,749.9999999999999,386377.6890833121,2919.6692499859814,True,0.108057347162286,386.37768908331213
thickness_grids_L4000mm.csv,37,4.0,387.3190360471965,4.939493548135225,55,149,1.5,1.5562295392099454,0.0562295392099454,28.274333882308134,28.274333882308134,7.066771651977887,1169.5907159828685,1169.5907159828685,125.86171564806185,749.9999999999998,387319.0360471964,2923.976789957171,True,0.1076117601893698,387.3190360471965
thickness_grids_L4000mm.csv,38,4.0,394.1392833560719,4.854342336849596,56,147,1.48,1.5382194495743435,0.0582194495743435,27.52537819369233,27.52537819369233,7.258133798928414,1160.470951733026,1160.470951733026,124.28149657503164,750.0000000000001,394139.2833560719,2901.1773793325647,True,0.1070957410777339,394.1392833560719
thickness_grids_L4000mm.csv,39,4.0,395.0998463018367,4.736472960264307,56,148,1.49,1.5482194495743435,0.0582194495743435,27.8985994009388,27.8985994009388,7.221369200241724,1162.2109279566132,1162.2109279566132,123.94983900420878,750.0000000000001,395099.8463018368,2905.527319891533,True,0.1066500374610451,395.0998463018367
thickness_grids_L4000mm.csv,40,4.0,396.0566924418516,4.6225840553502895,56,149,1.5,1.5582194495743436,0.0582194495743435,28.274333882308134,28.274333882308134,7.184895560269017,1163.9427980666458,1163.9427980666458,123.62139467432682,750.0000000000001,396056.69244185154,2909.856995166614,True,0.1062091667044693,396.0566924418516
thickness_grids_L4000mm.csv,41,4.0,402.9125615948013,4.548519006579752,57,147,1.48,1.5402452141795415,0.0602452141795414,27.52537819369233,27.52537819369233,7.377174671457906,1154.8760291133422,1154.8760291133422,122.10200728562684,750.0000000000001,402912.56159480126,2887.1900727833554,True,0.1057273717763203,402.9125615948013
thickness_grids_L4000mm.csv,42,4.0,403.8887293270104,4.437999879821829,57,148,1.49,1.5502452141795415,0.0602452141795414,27.8985994009388,27.8985994009388,7.339838318043638,1156.6244611685502,1156.6244611685502,121.77673538017464,750.0,403888.72932701034,2891.561152921375,True,0.1052863219381875,403.8887293270104
thickness_grids_L4000mm.csv,43,4.0,404.8610874586667,4.331214922102701,57,149,1.5,1.5602452141795415,0.0602452141795414,28.274333882308134,28.274333882308134,7.302797028510591,1158.3648231633908,1158.3648231633908,121.4546100825278,750.0000000000001,404861.0874586667,2895.912057908477,True,0.1048500503933174,404.8610874586667
thickness_grids_L4000mm.csv,44,4.0,411.7520644733683,4.266942283469862,58,147,1.48,1.5423068330255394,0.0623068330255393,27.52537819369233,27.52537819369233,7.495979287044158,1149.350862837198,1149.350862837198,119.99290501275988,750.0000000000001,411752.06447336834,2873.3771570929953,True,0.1044005872293467,411.7520644733683
thickness_grids_L4000mm.csv,45,4.0,412.7438526910303,4.1631928827532185,58,148,1.49,1.5523068330255394,0.0623068330255393,27.8985994009388,27.8985994009388,7.458073890703938,1151.1073963411004,1151.1073963411004,119.67382013242012,749.9999999999999,412743.8526910303,2877.768490852751,True,0.103964078862506,412.7438526910303
thickness_grids_L4000mm.csv,46,4.0,413.73173721839055,4.0629507456115554,58,149,1.5,1.5623068330255394,0.0623068330255393,28.274333882308134,28.274333882308134,7.420467622365835,1152.8558975194271,1152.8558975194271,119.35781725375163,749.9999999999999,413731.73721839057,2882.1397437985675,True,0.1035322953289921,413.73173721839055
thickness_grids_L4000mm.csv,47,4.0,420.65731261965726,4.007335744193063,59,147,1.48,1.5444043061123374,0.0644043061123372,27.52537819369233,27.52537819369233,7.614539386074332,1143.8945424693884,1143.8945424693884,117.95084705171264,750.0,420657.31261965726,2859.736356173471,True,0.1031133926009347,420.65731261965726
thickness_grids_L4000mm.csv,48,4.0,421.66473866046096,3.909829938836044,59,148,1.49,1.5544043061123372,0.0644043061123372,27.8985994009388,27.8985994009388,7.576067718806081,1145.6588324333577,1145.6588324333577,117.6377599097822,750.0000000000001,421664.738660461,2864.1470810833944,True,0.1026813188878593,421.66473866046096
thickness_grids_L4000mm.csv,49,4.0,422.6681656143183,3.81562207408829,59,149,1.5,1.5644043061123374,0.0644043061123372,28.274333882308134,28.274333882308134,7.537899201966929,1147.415129400533,1147.415129400533,117.32769209609772,750.0000000000001,422668.16561431834,2868.5378235013327,True,0.1022539176012046,422.6681656143183
thickness_grids_L4000mm.csv,50,4.0,429.6278336799611,3.7676678810793898,60,147,1.48,1.546537633439935,0.0665376334399351,27.52537819369233,27.52537819369233,7.73284698750428,1138.5061613776058,1138.5061613776058,115.97269582154028,750.0000000000001,429627.8336799611,2846.2654034440147,True,0.1018639158537464,429.6278336799611
thickness_grids_L4000mm.csv,51,4.0,430.6509165547184,3.675928088436659,60,148,1.49,1.5565376334399352,0.0665376334399351,27.8985994009388,27.8985994009388,7.693811879643222,1140.2778719772327,1140.2778719772327,115.66542591001712,749.9999999999998,430650.91655471845,2850.6946799430816,True,0.1014361751223447,430.6509165547184
thickness_grids_L4000mm.csv,52,4.0,431.66990362715785,3.587292876091786,60,149,1.5,1.566537633439935,0.0665376334399351,28.274333882308134,28.274333882308134,7.655083902320659,1142.0416304187208,1142.0416304187208,115.36111449754232,749.9999999999999,431669.90362715785,2855.104076046802,True,0.1010130554130903,431.66990362715785
thickness_grids_L4000mm.csv,53,4.0,438.66316171100846,3.546122571363494,61,147,1.48,1.548706815008333,0.0687068150083329,27.52537819369233,27.52537819369233,7.850894370947348,1133.18481788256,1133.18481788256,114.05550366843768,750.0,438663.16171100846,2832.9620447064,True,0.1006503986539096,438.66316171100846
thickness_grids_L4000mm.csv,54,4.0,439.7019221348254,3.459714615986365,61,148,1.49,1.558706815008333,0.0687068150083329,27.8985994009388,27.8985994009388,7.811298709397437,1134.9636222302918,1134.9636222302918,113.75387872579154,749.9999999999999,439701.9221348254,2837.4090555757293,True,0.1002268940587332,439.7019221348254
thickness_grids_L4000mm.csv,55,4.0,440.73648871044503,3.3762323947763737,61,149,1.5,1.568706815008333,0.0687068150083329,28.274333882308134,28.274333882308134,7.772014115575795,1136.73451668774,1136.73451668774,113.4551532140964,750.0000000000001,440736.488710445,2841.8362917193494,True,0.0998079600368662,440.73648871044503
thickness_grids_L4000mm.csv,56,4.0,447.76283663463954,3.3410734721864532,62,147,1.48,1.5509118508175308,0.0709118508175307,27.52537819369233,27.52537819369233,7.968674060445226,1127.929616255873,1127.929616255873,112.1964989721788,749.9999999999999,447762.83663463953,2819.8240406396826,True,0.0994711880556976,447.76283663463954
thickness_grids_L4000mm.csv,57,4.0,448.81729705489175,3.259602055647162,62,148,1.49,1.5609118508175308,0.0709118508175307,27.8985994009388,27.8985994009388,7.928520786989723,1129.7151961769111,1129.7151961769111,111.90035449004802,750.0,448817.29705489177,2824.287990442278,True,0.0990518272824265,448.81729705489175
thickness_grids_L4000mm.csv,58,4.0,449.86746423897415,3.180890743873722,62,149,1.5,1.5709118508175308,0.0709118508175307,28.274333882308134,28.274333882308134,7.888682474953523,1131.4929098272764,1131.4929098272764,111.60705205374336,750.0000000000001,449867.46423897415,2828.732274568191,True,0.0986369875448713,449.86746423897415
thickness_grids_L4000mm.csv,59,4.0,456.9264037484126,3.151061773197717,63,147,1.48,1.5531527408675283,0.0731527408675285,27.52537819369233,27.52537819369233,8.086178809739398,1122.7396675836285,1122.7396675836285,110.39307343018793,749.9999999999999,456926.4037484126,2806.849168959071,True,0.0983247288908719,456.9264037484126
thickness_grids_L4000mm.csv,60,4.0,457.99658836990614,3.074166474539516,63,148,1.49,1.5631527408675283,0.0731527408675285,27.8985994009388,27.8985994009388,8.045470919425465,1124.5317133952983,1124.5317133952983,110.1022521957445,750.0000000000002,457996.5883699061,2811.3292834882454,True,0.0979094238821534,457.99658836990614
thickness_grids_L4000mm.csv,61,4.0,459.06237901367666,2.9998777038706894,63,149,1.5,1.5731527408675283,0.0731527408675285,28.274333882308134,28.274333882308134,8.005081840164735,1126.3159378333955,1126.3159378333955,109.814217231456,750.0,459062.37901367666,2815.7898445834885,True,0.0974985912413677,459.06237901367666
thickness_grids_L4000mm.csv,62,4.0,466.1534132864855,2.9747768272060924,64,147,1.48,1.555429485158326,0.0754294851583262,27.52537819369233,27.52537819369233,8.203401588890332,1117.6140905109255,1117.6140905109255,108.64277040708004,749.9999999999998,466153.4132864855,2794.0352262773135,True,0.0972095567955958,466.1534132864855
thickness_grids_L4000mm.csv,63,4.0,467.2393480939134,2.902128565414851,64,148,1.49,1.565429485158326,0.0754294851583262,27.8985994009388,27.8985994009388,8.162142128479594,1119.412300805847,1119.412300805847,108.35712207805489,750.0,467239.3480939134,2798.5307520146175,True,0.0967982234964278,467.2393480939134
thickness_grids_L4000mm.csv,64,4.0,468.32078681716933,2.8319442613075902,64,149,1.5,1.575429485158326,0.0754294851583262,28.274333882308134,28.274333882308134,8.121205284161586,1121.2027358305384,1121.2027358305384,108.07420578374054,750.0,468320.78681716934,2803.006839576346,True,0.0963913147283607,468.32078681716933
thickness_grids_L4000mm.csv,65,4.0,475.44342002573234,2.811039253183229,65,147,1.48,1.5577420836899238,0.0777420836899238,27.52537819369233,27.52537819369233,8.320335572105733,1112.5520118811332,1112.5520118811332,106.9432742492175,749.9999999999999,475443.4200257323,2781.380029702833,True,0.0961242918148113,475.44342002573234
thickness_grids_L4000mm.csv,66,4.0,476.5451328035661,2.742337152741659,65,148,1.49,1.5677420836899238,0.0777420836899238,27.8985994009388,27.8985994009388,8.278527638583983,1114.3560933144383,1114.3560933144383,106.66265495887542,750.0000000000002,476545.1328035661,2785.8902332860957,True,0.0957168499358475,476.5451328035661
thickness_grids_L4000mm.csv,67,4.0,477.64224601478406,2.675966504515126,65,149,1.5,1.577742083689924,0.0777420836899238,28.274333882308134,28.274333882308134,8.237046081084213,1116.152446718724,1116.152446718724,106.38471494279352,750.0000000000005,477642.2460147841,2790.38111679681,True,0.0953137855456432,477.64224601478406
thickness_grids_L4000mm.csv,68,4.0,484.7959829324016,2.658786167610679,66,147,1.48,1.5600905364623214,0.0800905364623215,27.52537819369233,27.52537819369233,8.436974126653736,1107.552567281949,1107.552567281949,105.2924004741878,749.9999999999998,484795.98293240153,2768.8814182048723,True,0.0950676325301529,484.7959829324016
thickness_grids_L4000mm.csv,69,4.0,485.9135032825099,2.593754776389609,66,148,1.49,1.5700905364623214,0.0800905364623215,27.8985994009388,27.8985994009388,8.394620865796742,1109.3622343626064,1109.3622343626064,105.01667246382388,750.0,485913.5032825099,2773.405585906516,True,0.0946640053274953,485.9135032825099
thickness_grids_L4000mm.csv,70,4.0,487.0263191966191,2.5309315478973,66,149,1.5,1.5800905364623214,0.0800905364623215,28.274333882308134,28.274333882308134,8.352597695283801,1111.1642217277938,1111.1642217277938,104.7435723807326,750.0000000000002,487026.3191966191,2777.910554319484,True,0.0942647093314997,487.0263191966191
thickness_grids_L4000mm.csv,71,4.0,494.2106648454302,2.5170582518100435,67,147,1.48,1.5624748434755191,0.0824748434755191,27.52537819369233,27.52537819369233,8.553310802753607,1102.614901508829,1102.614901508829,103.68808675441716,750.0,494210.6648454301,2756.5372537720723,True,0.0940383506630731,494.2106648454302
thickness_grids_L4000mm.csv,72,4.0,495.3440242024349,2.4554450675257,67,148,1.49,1.5724748434755191,0.0824748434755191,27.8985994009388,27.8985994009388,8.510415407741634,1104.4298763953136,1104.4298763953136,103.4171180311222,749.9999999999997,495344.0242024349,2761.074690988284,True,0.0936384647331884,495.3440242024349
thickness_grids_L4000mm.csv,73,4.0,496.4725728563582,2.3959252061086604,67,149,1.5,1.5824748434755191,0.0824748434755191,28.274333882308134,28.274333882308134,8.467853771311509,1106.2372208893692,1106.2372208893692,103.14872724349632,750.0000000000001,496472.57285635825,2765.5930522234225,True,0.0932428644559337,496.4725728563582
thickness_grids_L4000mm.csv,74,4.0,503.6870321928161,2.384988406251391,68,147,1.48,1.5648950047295167,0.0848950047295167,27.52537819369233,27.52537819369233,8.669339324347629,1097.73816895517,1097.73816895517,102.12838462232422,750.0000000000002,503687.0321928161,2744.3454223879253,True,0.093035286109738,503.6870321928161
thickness_grids_L4000mm.csv,75,4.0,504.83626383738056,2.326561673646156,68,148,1.49,1.5748950047295167,0.0848950047295167,27.8985994009388,27.8985994009388,8.625905034425644,1099.558181255508,1099.558181255508,101.86204864001138,750.0,504836.26383738057,2748.8954531387703,True,0.0926390711983082,504.83626383738056
thickness_grids_L4000mm.csv,76,4.0,505.9805771035612,2.2701211807874184,68,149,1.5,1.5848950047295167,0.0848950047295167,28.274333882308134,28.274333882308134,8.582808124781211,1101.3706134356871,1101.3706134356871,101.59824190229062,750.0000000000001,505980.5771035612,2753.426533589218,True,0.0922470970832955,505.9805771035612
thickness_grids_L4000mm.csv,77,4.0,513.2246547378363,2.2617917793074143,69,147,1.48,1.5673510202243142,0.0873510202243142,27.52537819369233,27.52537819369233,8.785053580666945,1092.9215339375912,1092.9215339375912,100.61145183174212,749.9999999999999,513224.6547378363,2732.303834843978,True,0.0920573423686309,513.2246547378363
thickness_grids_L4000mm.csv,78,4.0,514.389793807948,2.2063385252803016,69,148,1.49,1.5773510202243142,0.0873510202243142,27.8985994009388,27.8985994009388,8.741083679845557,1094.7463205138872,1094.7463205138872,100.34962719358458,749.9999999999999,514389.793807948,2736.865801284718,True,0.0916647311922265,514.389793807948
thickness_grids_L4000mm.csv,79,4.0,515.5499054058849,2.1527715572778026,69,149,1.5,1.5873510202243142,0.0873510202243142,28.274333882308134,28.274333882308134,8.697454734016906,1096.5635781337248,1096.5635781337248,100.09028435761633,750.0,515549.9054058849,2741.408945334312,True,0.0912763166254008,515.5499054058849
thickness_grids_L4000mm.csv,80,4.0,522.8231053522247,2.146756988668803,70,147,1.48,1.5698428899599115,0.0898428899599117,27.52537819369233,27.52537819369233,8.900447618514843,1088.1641709636606,1088.1641709636606,99.13554531685816,750.0,522823.1053522248,2720.4104274091515,True,0.0911034823257094,522.8231053522247
thickness_grids_L4000mm.csv,81,4.0,524.0041888526724,2.0940812669122,70,148,1.49,1.5798428899599115,0.0898428899599117,27.8985994009388,27.8985994009388,8.855945434309481,1089.9934757410977,1089.9934757410977,98.87811549747772,750.0,524004.18885267247,2724.983689352744,True,0.0907144104053003,524.0041888526724
thickness_grids_L4000mm.csv,82,4.0,525.1801343586241,2.0431984380750494,70,149,1.5,1.5898428899599115,0.0898428899599117,28.274333882308134,28.274333882308134,8.81178773241193,1091.815303561786,1091.815303561786,98.62312123750468,750.0,525180.1343586241,2729.538258904465,True,0.0903294915502378,525.1801343586241
thickness_grids_L4000mm.csv,83,4.0,532.4819598138491,2.0392383796199054,71,147,1.48,1.5723706139363092,0.0923706139363091,27.52537819369233,27.52537819369233,9.015515635199089,1083.4652649485886,1083.4652649485886,97.69901469575584,750.0,532481.9598138492,2708.6631623714716,True,0.0901727243654569,532.4819598138491
thickness_grids_L4000mm.csv,84,4.0,533.6790266239375,1.989159700034204,71,148,1.49,1.5823706139363092,0.0923706139363091,27.8985994009388,27.8985994009388,8.970484537404335,1085.29883872891,1085.29883872891,97.44586778162468,750.0000000000001,533679.0266239375,2713.247096822275,True,0.0897871298708401,533.6790266239375
thickness_grids_L4000mm.csv,85,4.0,534.8708434788508,1.9407865644987257,71,149,1.5,1.5923706139363092,0.0923706139363091,28.274333882308134,28.274333882308134,8.925801401429846,1087.124988335124,1087.124988335124,97.1951113373019,750.0,534870.8434788508,2717.81247083781,True,0.0894056455147362,534.8708434788508
thickness_grids_L4000mm.csv,86,4.0,542.2007966265992,1.938649186376638,72,147,1.48,1.5749341921535065,0.0949341921535066,27.52537819369233,27.52537819369233,9.130251972052394,1078.8240113866448,1078.8240113866448,96.30029627081284,749.9999999999999,542200.7966265992,2697.060028466612,True,0.0892641387792576,542.2007966265992
thickness_grids_L4000mm.csv,87,4.0,543.4138875061183,1.8910011077255109,72,148,1.49,1.5849341921535065,0.0949341921535066,27.8985994009388,27.8985994009388,9.084695371546696,1080.6616116662003,1080.6616116662003,96.0513247174702,750.0000000000001,543413.8875061183,2701.654029165501,True,0.0888819623835578,543.4138875061183
thickness_grids_L4000mm.csv,88,4.0,544.6216150219459,1.844976799067348,72,149,1.5,1.5949341921535063,0.0949341921535066,28.274333882308134,28.274333882308134,9.039490164188216,1082.4918412862733,1082.4918412862733,95.8046996535377,749.9999999999999,544621.6150219459,2706.229603215683,True,0.088503853793205,544.6216150219459
thickness_grids_L4000mm.csv,89,4.0,551.9791968603031,1.8444554813620289,73,147,1.48,1.577533624611504,0.097533624611504,27.52537819369233,27.52537819369233,9.244651108484398,1074.239616482526,1074.239616482526,94.93790748284049,749.9999999999998,551979.196860303,2685.5990412063147,True,0.0883768444452865,551.9791968603031
thickness_grids_L4000mm.csv,90,4.0,553.2083544540023,1.7990843483714145,73,148,1.49,1.587533624611504,0.097533624611504,27.8985994009388,27.8985994009388,9.19857245606502,1076.081007274748,1076.081007274748,94.69300788767144,749.9999999999998,553208.3544540023,2690.20251818687,True,0.0879980291887952,553.2083544540023
thickness_grids_L4000mm.csv,91,4.0,554.4320338183577,1.7552603588482398,73,149,1.5,1.597533624611504,0.097533624611504,28.274333882308134,28.274333882308134,9.152848579568106,1077.91508160531,1077.91508160531,94.45041186901298,750.0000000000002,554432.0338183577,2694.787704013275,True,0.0876232399757785,554.4320338183577
thickness_grids_L4000mm.csv,92,4.0,563.0620128495055,1.7129346216426886,74,148,1.49,1.5901689113103012,0.1001689113103013,27.8985994009388,27.8985994009388,9.312110441761725,1071.5562489095234,1071.5562489095234,93.3695146694295,750.0,563062.0128495055,2678.8906222738083,True,0.0871344969192682,563.0620128495055
thickness_grids_L4000mm.csv,93,4.0,564.3016871289145,1.6711737051838518,74,149,1.5,1.6001689113103013,0.1001689113103013,28.274333882308134,28.274333882308134,9.26587133680414,1073.393938944445,1073.393938944445,93.13084925038484,750.0000000000001,564301.6871289145,2683.4848473611123,True,0.0867629729137169,564.3016871289145
thickness_grids_L4000mm.csv,94,4.0,572.9744503751982,1.632118823056017,75,148,1.49,1.5928400522498989,0.1028400522498986,27.8985994009388,27.8985994009388,9.425304105913211,1067.0865706274255,1067.0865706274255,92.0795134963272,750.0,572974.4503751983,2667.7164265685637,True,0.0862905747583219,572.9744503751982
thickness_grids_L4000mm.csv,95,4.0,574.2301645168142,1.5922940080961296,75,149,1.5,1.602840052249899,0.1028400522498986,28.274333882308134,28.274333882308134,9.378553250507712,1068.9276534911385,1068.9276534911385,91.84468392318097,749.9999999999999,574230.1645168142,2672.3191337278463,True,0.0859222638905583,574.2301645168142
thickness_grids_L4000mm.csv,96,4.0,582.9452569029107,1.5562414147149144,76,148,1.49,1.595547047430296,0.1055470474302959,27.8985994009388,27.8985994009388,9.5381483476649,1062.6712172282275,1062.6712172282275,90.82173946682504,750.0,582945.2569029108,2656.6780430705685,True,0.08546551181062,582.9452569029107
thickness_grids_L4000mm.csv,97,4.0,584.2170577349088,1.5182351146738928,76,149,1.5,1.605547047430296,0.1055470474302959,28.274333882308134,28.274333882308134,9.490889256085458,1064.5154760132805,1064.5154760132805,90.5906544925256,750.0,584217.0577349089,2661.288690033201,True,0.0851003640001523,584.2170577349088
thickness_grids_L4000mm.csv,98,4.0,592.9740243963264,1.4849407494683189,77,148,1.49,1.5982898968514931,0.1082898968514931,27.8985994009388,27.8985994009388,9.6506381837897,1058.309444270774,1058.309444270774,89.59499027059204,750.0000000000001,592974.0243963264,2645.7736106769353,True,0.0846585946630451,592.9740243963264
thickness_grids_L4000mm.csv,99,4.0,594.2619606269595,1.448643960165296,77,149,1.5,1.6082898968514932,0.1082898968514931,28.274333882308134,28.274333882308134,9.60287440551814,1060.156667879624,1060.156667879624,89.36756198080852,749.9999999999998,594261.9606269596,2650.3916696990605,True,0.0842965617143633,594.2619606269595
thickness_grids_L4000mm.csv,100,4.0,603.0603468261369,1.4178857939943743,78,148,1.49,1.6010686005134904,0.1110686005134904,27.8985994009388,27.8985994009388,9.762768744774291,1054.000518067465,1054.000518067465,88.39812240647542,750.0000000000001,603060.3468261369,2635.001295168662,True,0.0838691451201138,603.0603468261369
thickness_grids_L4000mm.csv,101,4.0,604.364469041543,1.3831973685681898,78,149,1.5,1.6110686005134904,0.1110686005134904,28.274333882308134,28.274333882308134,9.71450386346634,1055.8505010584106,1055.8505010584106,88.17426605618245,750.0,604364.469041543,2639.6262526460264,True,0.0835101806248085,604.364469041543
thickness_grids_L4000mm.csv,102,4.0,613.2038200967869,1.3547732034085629,79,148,1.49,1.6038831584162876,0.1138831584162875,27.8985994009388,27.8985994009388,9.874535271205524,1049.7437156595113,1049.7437156595113,87.23004766834674,749.9999999999999,613203.820096787,2624.3592891487783,True,0.0830965180996998,613.2038200967869
thickness_grids_L4000mm.csv,103,4.0,614.5241807575418,1.3215991964376372,79,149,1.5,1.6138831584162876,0.1138831584162875,28.274333882308134,28.274333882308134,9.82577290367472,1051.5962580967084,1051.5962580967084,87.00968152818805,750.0000000000002,614524.1807575418,2628.990645241771,True,0.0827405773444529,614.5241807575418
thickness_grids_L4000mm.csv,104,4.0,623.404041983691,1.2953247060998596,80,148,1.49,1.6067335705598846,0.1167335705598847,27.8985994009388,27.8985994009388,9.98593311043032,1045.538324775294,1045.538324775294,86.08972987719504,750.0,623404.0419836909,2613.845811938235,True,0.082340099676114,623.404041983691
thickness_grids_L4000mm.csv,105,4.0,624.7406954202527,1.2635777795891954,80,149,1.5,1.6167335705598846,0.1167335705598847,28.274333882308134,28.274333882308134,9.936676905648891,1047.3932320827616,1047.3932320827616,85.87277508894924,749.9999999999999,624740.6954202526,2618.483080206904,True,0.0819871395561622,624.7406954202527
thickness_grids_L4000mm.csv,106,4.0,633.6606120801806,1.2392847627564474,81,148,1.49,1.6096198369442818,0.1196198369442817,27.8985994009388,27.8985994009388,10.09695771346606,1041.3836437738246,1041.3836437738246,84.97618183981488,750.0000000000001,633660.6120801807,2603.4591094345615,True,0.0815993052587934,633.6606120801806
thickness_grids_L4000mm.csv,107,4.0,635.0136144871445,1.2088836475114737,81,149,1.5,1.6196198369442818,0.1196198369442817,28.274333882308134,28.274333882308134,10.047211351580716,1043.240726593402,1043.240726593402,84.76256228032098,750.0,635013.6144871445,2608.1018164835045,True,0.0812492841964717,635.0136144871445
thickness_grids_L4000mm.csv,108,4.0,643.9731317531277,1.1864184680830836,82,148,1.49,1.6125419575694788,0.1225419575694788,27.8985994009388,27.8985994009388,10.207604632137569,1037.2789815752462,1037.2789815752462,83.88846251614972,750.0,643973.1317531278,2593.1974539381154,True,0.0808735778958462,643.9731317531277
thickness_grids_L4000mm.csv,109,4.0,645.3425411824526,1.1572874747327528,82,149,1.5,1.6225419575694788,0.1225419575694788,28.274333882308134,28.274333882308134,10.157371823500728,1039.1380556283527,1039.1380556283527,83.67810466912265,750.0000000000001,645342.5411824526,2597.8451390708815,True,0.0805264557638817,645.3425411824526
thickness_grids_L4000mm.csv,110,4.0,654.3412041067535,1.1365096676333823,83,148,1.49,1.615499932435476,0.1254999324354758,27.8985994009388,27.8985994009388,10.317869516424542,1033.2236575798686,1033.2236575798686,82.82567437897701,750.0000000000001,654341.2041067535,2583.0591439496716,True,0.0801623866927132,654.3412041067535
thickness_grids_L4000mm.csv,111,4.0,655.727080459891,1.108578242218101,83,149,1.5,1.625499932435476,0.1254999324354758,28.274333882308134,28.274333882308134,10.267154000638254,1035.0845435330627,1035.0845435330627,82.61850721416856,750.0,655727.080459891,2587.711358832657,True,0.0798181247419327,655.727080459891
thickness_grids_L4000mm.csv,112,4.0,664.7644339536841,1.0893592655824798,84,148,1.49,1.6184937615422728,0.1284937615422728,27.8985994009388,27.8985994009388,10.427748111998124,1029.2170015773504,1029.2170015773504,81.78696095100798,750.0,664764.4339536842,2573.042503943376,True,0.0794652253369925,664.7644339536841
thickness_grids_L4000mm.csv,113,4.0,666.1668389727556,1.0625615851918429,84,149,1.5,1.628493761542273,0.1284937615422728,28.274333882308134,28.274333882308134,10.376553656971506,1031.0795249115324,1031.0795249115324,81.58291581022914,749.9999999999999,666166.8389727556,2577.698812278831,True,0.0791237861281641,666.1668389727556
thickness_grids_L4000mm.csv,114,4.0,675.2424277928484,1.0447837022103372,85,148,1.49,1.62152344488987,0.1315234448898698,27.8985994009388,27.8985994009388,10.537236257933092,1025.25835364723,1025.25835364723,80.77150450580146,750.0,675242.4277928484,2563.145884118075,True,0.0787816107213043,675.2424277928484
thickness_grids_L4000mm.csv,115,4.0,676.6614250507689,1.0190583066586645,85,149,1.5,1.63152344488987,0.1315234448898698,28.274333882308134,28.274333882308134,10.485566658951118,1027.1223445304622,1027.1223445304622,80.57051499533817,750.0000000000005,676661.4250507689,2567.8058613261555,True,0.0784429580608239,676.6614250507689
thickness_grids_L4000mm.csv,116,4.0,685.7747937934688,1.0026135824294538,86,148,1.49,1.6245889824782669,0.1345889824782667,27.8985994009388,27.8985994009388,10.646329884579004,1021.347064052064,1021.347064052064,79.7785239200353,750.0,685774.7937934689,2553.36766013016,True,0.078111081656733,685.7747937934688
thickness_grids_L4000mm.csv,117,4.0,687.2104486831972,0.9779030383968528,86,149,1.5,1.634588982478267,0.1345889824782667,28.274333882308134,28.274333882308134,10.594188963383507,1023.2123572158596,1023.2123572158596,79.580525809047,750.0000000000001,687210.4486831973,2558.030893039649,True,0.0777751805359192,687.2104486831972
thickness_grids_L4000mm.csv,118,4.0,696.3611417847561,0.9626924389177756,87,148,1.49,1.6276903743074635,0.1376903743074636,27.8985994009388,27.8985994009388,10.755025011578708,1017.4824931241488,1017.4824931241488,78.80727266574743,749.9999999999999,696361.1417847561,2543.7062328103716,True,0.0774531976700376,696.3611417847561
thickness_grids_L4000mm.csv,119,4.0,713.1906224366427,0.9598024257901452,89,145,1.46,1.6040007206882572,0.1440007206882573,26.786475601568007,26.786475601568007,11.134230517791655,1004.2477530754936,1004.2477530754936,77.50582625218718,750.0000000000001,713190.6224366426,2510.6193826887343,True,0.0771779931942359,713.1906224366427
thickness_grids_L4000mm.csv,120,4.0,739.101423492466,0.951135015368701,92,141,1.42,1.5737351470654477,0.1537351470654475,25.338829706793835,25.338829706793835,11.688334873574949,985.5736723467352,985.5736723467352,75.56974817817785,750.0000000000001,739101.423492466,2463.9341808668382,True,0.076675899832267,739.101423492466
thickness_grids_L4000mm.csv,121,4.0,863.1160007636676,0.9503972175920604,106,125,1.26,1.4634291248141975,0.2034291248141975,19.950369987356623,19.950369987356623,14.268113805151774,907.7681574419366,907.7681574419366,67.52370913656678,750.0,863116.0007636675,2269.4203936048416,True,0.0743843112175762,863.1160007636676
thickness_grids_L5000mm.csv,0,5.0,280.21851061605486,10.7646089700864,35,146,1.47,1.4939607224899778,0.0239607224899779,33.94333782571091,33.94333782571091,4.994671871668036,1279.4814163191313,1279.4814163191313,192.83675857720465,750.0,280218.5106160549,3198.703540797828,True,0.1507147787515085,224.1748084928439
thickness_grids_L5000mm.csv,1,5.0,281.0118593220307,10.480178470887594,35,147,1.48,1.5039607224899778,0.0239607224899779,34.40672274211541,34.40672274211541,4.971724514162999,1280.8260038667993,1280.8260038667993,192.2884269172155,750.0000000000001,281011.85932203074,3202.065009666998,True,0.1501284533080207,224.80948745762456
thickness_grids_L5000mm.csv,2,5.0,281.80279795781234,10.20572783078097,35,148,1.49,1.5139607224899778,0.0239607224899779,34.8732492511735,34.8732492511735,4.948960359409975,1282.1629200982188,1282.1629200982188,191.74574178173285,749.9999999999999,281802.7979578123,3205.4073002455466,True,0.1495486562402259,225.44223836624985
thickness_grids_L5000mm.csv,3,5.0,282.59134775258997,9.940833480027829,35,149,1.5,1.5239607224899778,0.0239607224899779,35.34291735288517,35.34291735288517,4.926376727545125,1283.4922599021063,1283.4922599021063,191.2086049436189,750.0000000000001,282591.34775258997,3208.7306497552654,True,0.1489752692066897,226.07307820207197
thickness_grids_L5000mm.csv,4,5.0,289.2615527896488,9.725799639619575,36,146,1.47,1.4952335480383767,0.0252335480383766,33.94333782571091,33.94333782571091,5.123009924797061,1272.0181689069025,1272.0181689069022,187.83571662701684,749.9999999999999,289261.5527896488,3180.045422267255,True,0.1476674793005762,231.40924223171905
thickness_grids_L5000mm.csv,5,5.0,290.07507892673755,9.468714763478788,36,147,1.48,1.5052335480383767,0.0252335480383766,34.40672274211541,34.40672274211541,5.099486744991739,1273.378966462591,1273.378966462591,187.30217939670223,750.0000000000001,290075.07892673754,3183.447416156477,True,0.1470906810382004,232.06006314139003
thickness_grids_L5000mm.csv,6,5.0,290.88611360627954,9.220653348478956,36,148,1.49,1.5152335480383767,0.0252335480383766,34.8732492511735,34.8732492511735,5.076151168877108,1274.7320676295149,1274.7320676295149,186.77413143256393,750.0,290886.11360627954,3186.8301690737867,True,0.1465203050707653,232.70889088502364
thickness_grids_L5000mm.csv,7,5.0,291.6946788240036,8.981232290097244,36,149,1.5,1.5252335480383767,0.0252335480383766,35.34291735288517,35.34291735288517,5.053000455589079,1276.0775672182074,1276.0775672182074,186.2514773171806,750.0000000000001,291694.67882400355,3190.1939180455183,True,0.1459562350298192,233.35574305920284
thickness_grids_L5000mm.csv,8,5.0,298.4072669740893,8.808775574886724,37,146,1.47,1.4965422278275753,0.0265422278275753,33.94333782571091,33.94333782571091,5.251430721327046,1264.644949106444,1264.644949106444,183.07180978742824,750.0000000000001,298407.26697408926,3161.61237276611,True,0.1447614288237823,238.7258135792714
thickness_grids_L5000mm.csv,9,5.0,299.24100844641026,8.575835255440246,37,147,1.48,1.5065422278275753,0.0265422278275753,34.40672274211541,34.40672274211541,5.227332413736824,1266.0213967257205,1266.0213967257205,182.55237867476905,750.0000000000002,299241.00844641024,3165.0534918143003,True,0.144193754660782,239.3928067571282
thickness_grids_L5000mm.csv,10,5.0,300.07217575304776,8.351073810682818,37,148,1.49,1.5165422278275753,0.0265422278275753,34.8732492511735,34.8732492511735,5.203426090186457,1267.3901270613133,1267.3901270613133,182.03828678575485,749.9999999999999,300072.17575304775,3168.4753176532827,True,0.1436324008676361,240.0577406024382
thickness_grids_L5000mm.csv,11,5.0,300.90079167243357,8.13414387645954,37,149,1.5,1.526542227827575,0.0265422278275753,35.34291735288517,35.34291735288517,5.17970894936773,1268.7512347948923,1268.7512347948923,181.52944138509596,750.0000000000002,300900.79167243355,3171.8780869872303,True,0.1430772529765791,240.72063333794685
thickness_grids_L5000mm.csv,12,5.0,307.6543548255432,7.996995658106448,38,146,1.47,1.497886761857574,0.0278867618575739,33.94333782571091,33.94333782571091,5.379907539040839,1257.3616009047985,1257.3616009047985,178.5291834840943,750.0,307654.3548255432,3143.404002261995,True,0.1419871446333533,246.12348386043453
thickness_grids_L5000mm.csv,13,5.0,308.5083483073133,7.785433262385767,38,147,1.48,1.507886761857574,0.0278867618575739,34.40672274211541,34.40672274211541,5.355234948078584,1258.7531509042365,1258.7531509042365,178.02321611114863,750.0000000000001,308508.34830731334,3146.882877260591,True,0.1414282188555111,246.80667864585067
thickness_grids_L5000mm.csv,14,5.0,309.35968358334674,7.581301802135442,38,148,1.49,1.517886761857574,0.0278867618575739,34.8732492511735,34.8732492511735,5.330758699368108,1260.1369667333256,1260.1369667333256,177.52244465481516,750.0,309359.6835833467,3150.3424168333136,True,0.1408755153933858,247.48774686667736
thickness_grids_L5000mm.csv,15,5.0,310.2083842312895,7.384285569097655,38,149,1.5,1.527886761857574,0.0278867618575739,35.34291735288517,35.34291735288517,5.306475931741727,1261.513142896788,1261.513142896788,177.02677894286398,750.0000000000001,310208.3842312895,3153.7828572419694,True,0.1403289216126285,248.1667073850316
thickness_grids_L5000mm.csv,16,5.0,317.0015988816576,7.276445591120832,39,146,1.47,1.4992671501283723,0.0292671501283726,33.94333782571091,33.94333782571091,5.5084156725511555,1250.1678219301084,1250.1678219301084,174.19329472140458,750.0,317001.59888165764,3125.4195548252706,True,0.1393359288775095,253.6012791053261
thickness_grids_L5000mm.csv,17,5.0,317.8758801605075,7.083862586659302,39,147,1.48,1.5092671501283723,0.0292671501283726,34.40672274211541,34.40672274211541,5.483169782838995,1251.5739390386052,1251.5739390386052,173.70019084316084,750.0,317875.8801605075,3128.934847596513,True,0.1387854008661992,254.300704128406
thickness_grids_L5000mm.csv,18,5.0,318.7474178498174,6.898046375880584,39,148,1.49,1.5192671501283723,0.0292671501283726,34.8732492511735,34.8732492511735,5.4581245699925365,1252.9723089330732,1252.9723089330732,173.2121458695303,750.0000000000001,318747.4178498174,3132.430772332683,True,0.1382410007265231,254.9979342798539
thickness_grids_L5000mm.csv,19,5.0,319.616236343102,6.718709364643078,39,149,1.5,1.5292671501283726,0.0292671501283726,35.34291735288517,35.34291735288517,5.433277113594001,1254.3630258958433,1254.3630258958433,172.7290720799531,750.0000000000003,319616.236343102,3135.907564739608,True,0.1377026175947693,255.6929890744816
thickness_grids_L5000mm.csv,20,5.0,326.4478531664133,6.635212846485381,40,146,1.47,1.5006833926399712,0.0306833926399711,33.94333782571091,33.94333782571091,5.636932211661686,1243.063184858086,1243.063184858086,170.050787983892,750.0,326447.8531664133,3107.6579621452147,True,0.1367997942946929,261.15828253313066
thickness_grids_L5000mm.csv,21,5.0,327.34245744934634,6.459523623187421,40,147,1.48,1.5106833926399712,0.0306833926399711,34.40672274211541,34.40672274211541,5.611114139365206,1244.483346292679,1244.483346292679,169.56998604676517,750.0,327342.4574493463,3111.2083657316975,True,0.1362573364697204,261.87396595947706
thickness_grids_L5000mm.csv,22,5.0,328.234231402487,6.290009924790021,40,148,1.49,1.5206833926399712,0.0306833926399711,34.8732492511735,34.8732492511735,5.585501053565172,1245.8957511518245,1245.8957511518245,169.09411189274522,749.9999999999998,328234.231402487,3114.739377879561,True,0.1357209154429,262.5873851219896
thickness_grids_L5000mm.csv,23,5.0,329.1232002523483,6.126409190873495,40,149,1.5,1.5306833926399712,0.0306833926399711,35.34291735288517,35.34291735288517,5.560089975230721,1247.3004934523144,1247.3004934523144,168.6230801487752,750.0000000000001,329123.20025234827,3118.251233630786,True,0.1351904220626541,263.2985602018786
thickness_grids_L5000mm.csv,24,5.0,335.99203501391537,6.063139085658169,41,146,1.47,1.5021354893923695,0.0321354893923697,33.94333782571091,33.94333782571091,5.765435848346004,1236.047155872052,1236.047155872052,166.0893836552085,749.9999999999999,335992.0350139154,3090.1178896801302,True,0.1343713974553257,268.7936280111323
thickness_grids_L5000mm.csv,25,5.0,336.9069972005228,5.902524899869252,41,147,1.48,1.5121354893923695,0.0321354893923697,34.40672274211541,34.40672274211541,5.739046833396856,1237.480851350928,1237.480851350928,165.62035767884512,750.0000000000002,336906.9972005228,3093.70212837732,True,0.1338367034108377,269.52559776041824
thickness_grids_L5000mm.csv,26,5.0,337.8190409474436,5.747558525914287,41,148,1.49,1.5221354893923698,0.0321354893923697,34.8732492511735,34.8732492511735,5.712867088278971,1238.906784418984,1238.906784418984,165.1561338827283,750.0,337819.04094744363,3097.26696104746,True,0.1333079582417351,270.2552327579549
thickness_grids_L5000mm.csv,27,5.0,338.72819233140365,5.597999750265482,41,149,1.5,1.5321354893923698,0.0321354893923697,35.34291735288517,35.34291735288517,5.686893576006377,1240.3250487868272,1240.3250487868272,164.69662914359995,749.9999999999999,338728.19233140367,3100.812621967068,True,0.1327850544538233,270.98255386512295
thickness_grids_L5000mm.csv,28,5.0,345.6331179360135,5.551534947247116,42,146,1.47,1.5036234403855682,0.0336234403855682,33.94333782571091,33.94333782571091,5.893906708224637,1229.1191106092228,1229.1191106092228,162.29777774290466,750.0,345633.1179360135,3072.7977765230567,True,0.1320439787665985,276.5064943488108
thickness_grids_L5000mm.csv,29,5.0,346.5684728630482,5.404405351496301,42,147,1.48,1.5136234403855682,0.0336234403855682,34.40672274211541,34.40672274211541,5.866948107319819,1230.5658423124453,1230.5658423124453,161.840034492595,749.9999999999999,346568.4728630482,3076.414605781113,True,0.1315167615805666,277.25477829043854
thickness_grids_L5000mm.csv,30,5.0,347.50081985693794,5.2624514389569,42,148,1.49,1.5236234403855682,0.0336234403855682,34.8732492511735,34.8732492511735,5.840203032033675,1232.0048091442177,1232.0048091442177,161.38697299598002,749.9999999999999,347500.8198569379,3080.012022860544,True,0.1309954082955922,278.0006558855503
thickness_grids_L5000mm.csv,31,5.0,348.43018586232927,5.125452992870952,42,149,1.5,1.5336234403855682,0.0336234403855682,35.34291735288517,35.34291735288517,5.813668388109181,1233.43610447037,1233.43610447037,160.9385122880035,750.0000000000001,348430.18586232926,3083.5902611759243,True,0.1304798130237232,278.74414868986344
thickness_grids_L5000mm.csv,32,5.0,355.3701253857686,5.092945218938524,43,146,1.47,1.5051472456195667,0.0351472456195666,33.94333782571091,33.94333782571091,6.022326203067128,1222.278347957408,1222.278347957408,158.66555177691114,750.0000000000001,355370.1253857686,3055.69586989352,True,0.1298113085632767,284.2961003086149
thickness_grids_L5000mm.csv,33,5.0,356.32590804646645,4.957905655303808,43,147,1.48,1.5151472456195667,0.0351472456195666,34.40672274211541,34.40672274211541,5.994799483344439,1223.737630444507,1223.737630444507,158.21862819709375,750.0000000000001,356325.9080464665,3059.344076111267,True,0.129291299262917,285.0607264371732
thickness_grids_L5000mm.csv,34,5.0,357.2785918826921,4.82761839039572,43,148,1.49,1.5251472456195667,0.0351472456195666,34.8732492511735,34.8732492511735,5.9674905162899545,1225.1891488276622,1225.1891488276622,157.77627080528796,750.0,357278.5918826921,3062.972872069155,True,0.1287770716515553,285.8228735061537
thickness_grids_L5000mm.csv,35,5.0,358.2282047249455,4.701881143079826,43,149,1.5,1.5351472456195667,0.0351472456195666,35.34291735288517,35.34291735288517,5.940396151080225,1226.6329960915357,1226.6329960915357,157.3384007085626,750.0000000000002,358228.2047249455,3066.582490228839,True,0.128268521399551,286.5825637799564
thickness_grids_L5000mm.csv,36,5.0,365.2021252920307,4.680954846725131,44,146,1.47,1.5067069050943651,0.0367069050943651,33.94333782571091,33.94333782571091,6.15067690138307,1215.5241020094215,1215.5241020094215,155.18309183889943,750.0000000000001,365202.12529203075,3038.810255023554,True,0.1276676386608553,292.1617002336246
thickness_grids_L5000mm.csv,37,5.0,366.1783710332015,4.556779332199317,44,147,1.48,1.5167069050943651,0.0367069050943651,34.40672274211541,34.40672274211541,6.122583634691626,1216.995462101287,1216.995462101287,154.74655272133054,750.0,366178.37103320146,3042.488655253218,True,0.1271545848282312,292.9426968265612
thickness_grids_L5000mm.csv,38,5.0,367.15142564595806,4.436975589072277,44,148,1.49,1.5267069050943651,0.0367069050943651,34.8732492511735,34.8732492511735,6.094712317843037,1218.45906194312,1218.45906194312,154.31446879590135,750.0000000000001,367151.4256459581,3046.1476548578003,True,0.1266472330632188,293.72114051676647
thickness_grids_L5000mm.csv,39,5.0,368.1213178648583,4.321357459403229,44,149,1.5,1.5367069050943651,0.0367069050943651,35.34291735288517,35.34291735288517,6.067059744172935,1219.9149941040705,1219.9149941040705,153.8867631608517,750.0,368121.3178648583,3049.7874852601763,True,0.1261454805495436,294.4970542918866
thickness_grids_L5000mm.csv,40,5.0,375.12822525931415,4.310028154125582,45,146,1.47,1.5083024188099634,0.0383024188099635,33.94333782571091,33.94333782571091,6.278942414619289,1208.8555524348324,1208.8555524348324,151.84151577132096,750.0000000000002,375128.2252593142,3022.138881087081,True,0.1256076588021516,300.10258020745135
thickness_grids_L5000mm.csv,41,5.0,376.1249699588626,4.1956361864869285,45,147,1.48,1.5183024188099634,0.0383024188099635,34.40672274211541,34.40672274211541,6.250284272312768,1210.338529066344,1210.338529066344,151.414951634229,750.0000000000001,376124.9699588626,3025.84632266586,True,0.125101323305828,300.8999759670901
thickness_grids_L5000mm.csv,42,5.0,377.1184297982595,4.085273239165427,45,148,1.49,1.5283024188099634,0.0383024188099635,34.8732492511735,34.8732492511735,6.221852246061417,1211.8137522512686,1211.8137522512686,150.99273599432993,749.9999999999995,377118.4297982595,3029.534380628171,True,0.124600612688064,301.6947438386076
thickness_grids_L5000mm.csv,43,5.0,378.1086344346459,3.978767679663595,45,149,1.5,1.5383024188099634,0.0383024188099635,35.34291735288517,35.34291735288517,6.19364307410503,1213.2813141108588,1213.2813141108588,150.5747938648203,750.0000000000002,378108.63443464594,3033.203285277147,True,0.1241054256037624,302.4869075477167
thickness_grids_L5000mm.csv,44,5.0,385.14756834358246,3.9753751577858982,46,146,1.47,1.5099337867663618,0.0399337867663618,33.94333782571091,33.94333782571091,6.4071072968583,1202.2718334890103,1202.2718334890103,148.63260770506133,750.0,385147.5683435825,3005.679583722526,True,0.1236264574823543,308.11805467486596
thickness_grids_L5000mm.csv,45,5.0,386.16484857048,3.8698121308867224,46,147,1.48,1.5199337867663618,0.0399337867663618,34.40672274211541,34.40672274211541,6.3778860450459,1203.7659775379766,1203.7659775379766,148.2156328620228,749.9999999999998,386164.84857048,3009.4149438449413,True,0.123126617322383,308.931878856384
thickness_grids_L5000mm.csv,46,5.0,387.1787487621952,3.767968752178657,46,148,1.49,1.5299337867663618,0.0399337867663618,34.8732492511735,34.8732492511735,6.348895043497092,1205.252377761275,1205.252377761275,147.80290387347284,750.0000000000003,387178.7487621952,3013.1309444031876,True,0.1226323271379998,309.74299900975615
thickness_grids_L5000mm.csv,47,5.0,388.1892995173631,3.669686502662479,46,149,1.5,1.5399337867663618,0.0399337867663618,35.34291735288517,35.34291735288517,6.320130976121728,1206.7311258016491,1206.7311258016491,147.3943475957524,749.9999999999999,388189.29951736314,3016.827814504123,True,0.1221434870156648,310.5514396138905
thickness_grids_L5000mm.csv,48,5.0,396.2971824858367,3.5752606097314428,47,147,1.48,1.52160100896356,0.0416010089635602,34.40672274211541,34.40672274211541,6.505374451417905,1197.2769159438444,1197.2769159438444,145.14100992968207,750.0000000000003,396297.1824858367,2993.192289859611,True,0.1212259319434582,317.0377459886693
thickness_grids_L5000mm.csv,49,5.0,397.33155897541496,3.4811209952935043,47,148,1.49,1.53160100896356,0.0416010089635602,34.8732492511735,34.8732492511735,6.475826298092413,1198.7740585260606,1198.7740585260606,144.737407763083,750.0,397331.55897541496,2996.9351463151515,True,0.120737854421911,317.86524718033195
thickness_grids_L5000mm.csv,50,5.0,398.3624903549792,3.3902745638709693,47,149,1.5,1.54160100896356,0.0416010089635602,35.34291735288517,35.34291735288517,6.446509126599618,1200.2635607291215,1200.2635607291215,144.337881261949,750.0000000000001,398362.4903549792,3000.6589018228037,True,0.1202551556045477,318.6899922839833
thickness_grids_L5000mm.csv,51,5.0,406.52117588860983,3.308461758472011,48,147,1.48,1.5233040854015585,0.0433040854015584,34.40672274211541,34.40672274211541,6.6327357615718014,1190.870421743299,1190.870421743299,142.18404903287473,750.0000000000001,406521.17588860984,2977.1760543582473,True,0.1193950630033563,325.21694071088785
thickness_grids_L5000mm.csv,52,5.0,407.5760655718243,3.221301814679352,48,148,1.49,1.5333040854015585,0.0433040854015584,34.8732492511735,34.8732492511735,6.602632365459877,1192.3778834294374,1192.3778834294374,141.7892340739326,749.9999999999997,407576.0655718243,2980.9447085735933,True,0.1189130023664376,326.0608524574595
thickness_grids_L5000mm.csv,53,5.0,408.62741301603046,3.1371922406704935,48,149,1.5,1.5433040854015585,0.0433040854015584,35.34291735288517,35.34291735288517,6.572763965681956,1193.8777190804608,1193.8777190804608,141.39840127961088,749.9999999999998,408627.4130160305,2984.694297701152,True,0.1184362510664137,326.90193041282436
thickness_grids_L5000mm.csv,54,5.0,416.8360586033132,3.066346174100158,49,147,1.48,1.5250430160803568,0.0450430160803567,34.40672274211541,34.40672274211541,6.759956948013326,1184.5455473529298,1184.5455473529298,139.3382213202448,750.0000000000001,416836.0586033132,2961.3638683823247,True,0.1176301085522797,333.4688468826506
thickness_grids_L5000mm.csv,55,5.0,417.9114994442856,2.985521789624432,49,148,1.49,1.5350430160803568,0.0450430160803567,34.8732492511735,34.8732492511735,6.7293002999452245,1186.062916099533,1186.062916099533,138.95187271737484,750.0,417911.4994442856,2965.1572902488315,True,0.1171538801451863,334.3291995554285
thickness_grids_L5000mm.csv,56,5.0,418.98329944580945,2.9075273215043587,49,149,1.5,1.5450430160803568,0.0450430160803567,35.34291735288517,35.34291735288517,6.698882628650693,1187.572675578824,1187.572675578824,138.569416128172,750.0,418983.29944580945,2968.9316889470597,True,0.1166828935842879,335.18663955664755
thickness_grids_L5000mm.csv,57,5.0,427.2410835017521,2.846230759095427,50,147,1.48,1.526817800999955,0.0468178009999549,34.40672274211541,34.40672274211541,6.887025624054326,1178.3013253114225,1178.3013253114225,136.5974598324289,750.0,427241.08350175206,2945.753313278556,True,0.1159274430895904,341.79286680140166
thickness_grids_L5000mm.csv,58,5.0,428.337114639983,2.7711677461059727,50,148,1.49,1.536817800999955,0.0468178009999549,34.8732492511735,34.8732492511735,6.855817793349437,1179.8282000644444,1179.8282000644444,136.2192741682225,750.0,428337.114639983,2949.570500161111,True,0.1154568725860103,342.6696917119864
thickness_grids_L5000mm.csv,59,5.0,429.42940485084614,2.6987341312390742,50,149,1.5,1.546817800999955,0.0468178009999549,35.34291735288517,35.34291735288517,6.824852884927967,1181.3474846295428,1181.3474846295428,135.84489353579878,750.0000000000001,429429.40485084616,2953.3687115738567,True,0.1149914782088,343.5435238806769
thickness_grids_L5000mm.csv,60,5.0,437.73552420013925,2.6457645724067604,51,147,1.48,1.5286284401603532,0.0486284401603531,34.40672274211541,34.40672274211541,7.013929988997913,1172.1367727828006,1172.1367727828006,133.95612060473923,750.0,437735.5242001393,2930.341931957001,True,0.1142836942882617,350.1884193601114
thickness_grids_L5000mm.csv,61,5.0,438.8521860475591,2.5759500170494496,51,148,1.49,1.5386284401603532,0.0486284401603531,34.8732492511735,34.8732492511735,6.9821731203621455,1173.6727632486288,1173.6727632486288,133.58581067931337,749.9999999999999,438852.1860475591,2934.181908121572,True,0.1138186169623285,351.08174883804725
thickness_grids_L5000mm.csv,62,5.0,439.9650053760172,2.5085821518935107,51,149,1.5,1.5486284401603532,0.0486284401603531,35.34291735288517,35.34291735288517,6.9506630837541605,1175.2011848096197,1175.2011848096197,133.21922180465853,750.0000000000003,439965.0053760172,2938.002962024049,True,0.1133586517156547,351.97200430081375
thickness_grids_L5000mm.csv,63,5.0,448.31867301086186,2.462882999334236,52,147,1.48,1.5304749335615513,0.0504749335615512,34.40672274211541,34.40672274211541,7.140658779229718,1166.0508954838465,1166.0508954838465,131.40894749435705,749.9999999999999,448318.67301086185,2915.127238709616,True,0.1126957219477367,358.6549384086895
thickness_grids_L5000mm.csv,64,5.0,449.4560073398581,2.3978578050536132,52,148,1.49,1.5404749335615513,0.0504749335615512,34.8732492511735,34.8732492511735,7.108355089873319,1167.5956218955068,1167.5956218955068,131.0462412098761,750.0000000000002,449456.0073398581,2918.989054738767,True,0.1122359820064518,359.5648058718865
thickness_grids_L5000mm.csv,65,5.0,450.5893960384063,2.3351125368874817,52,149,1.5,1.5504749335615513,0.0504749335615512,35.34291735288517,35.34291735288517,7.076302105720153,1169.132802785315,1169.132802785315,130.68717483942987,750.0000000000003,450589.3960384063,2922.832006963288,True,0.111781291678827,360.471516830725
thickness_grids_L5000mm.csv,66,5.0,458.98983911835705,2.295768857031361,53,147,1.48,1.5323572812035493,0.0523572812035493,34.40672274211541,34.40672274211541,7.267201224502678,1160.0426911091442,1160.0426911091442,128.9510403414702,750.0000000000002,458989.83911835705,2900.1067277728603,True,0.1111605989415588,367.19187129468565
thickness_grids_L5000mm.csv,67,5.0,460.1478891417384,2.235121300278993,53,148,1.49,1.542357281203549,0.0523572812035493,34.8732492511735,34.8732492511735,7.23435300145618,1161.5957839893158,1161.5957839893158,128.5956796782762,750.0,460147.8891417384,2903.9894599732893,True,0.1107060489119845,368.11831131339073
thickness_grids_L5000mm.csv,68,5.0,461.3018888869379,2.176601206251716,53,149,1.5,1.552357281203549,0.0523572812035493,35.34291735288517,35.34291735288517,7.201759319444646,1163.141356730799,1163.141356730799,128.24388049066832,750.0000000000002,461301.8888869379,2907.8533918269977,True,0.1102564875271213,369.0415111095503
thickness_grids_L5000mm.csv,69,5.0,469.7483469524703,2.142819298789653,54,147,1.48,1.5342754830863474,0.0542754830863474,34.40672274211541,34.40672274211541,7.393547008795435,1154.11115231728,1154.11115231728,126.5778261169428,750.0,469748.3469524703,2885.2778807931995,True,0.1096755939519289,375.79867756197626
thickness_grids_L5000mm.csv,70,5.0,470.9271573959606,2.086179446238391,54,148,1.49,1.5442754830863474,0.0542754830863474,34.8732492511735,34.8732492511735,7.3601566064008015,1155.6722522396612,1155.6722522396612,126.22956619265996,750.0000000000001,470927.1573959606,2889.180630599153,True,0.1092260941179737,376.7417259167685
thickness_grids_L5000mm.csv,71,5.0,472.1018113610043,2.03152744407746,54,149,1.5,1.5542754830863474,0.0542754830863474,35.34291735288517,35.34291735288517,7.32702454278415,1157.2258593107954,1157.2258593107954,125.8847918676097,750.0000000000001,472101.8113610043,2893.0646482769885,True,0.1087815233774523,377.68144908880345
thickness_grids_L5000mm.csv,72,5.0,480.59353473612623,2.0026175800631063,55,147,1.48,1.5362295392099454,0.0562295392099454,34.40672274211541,34.40672274211541,7.519686235205011,1148.255269333243,1148.255269333243,124.285032747485,750.0000000000001,480593.53473612625,2870.6381733331073,True,0.1082381558062899,384.474827788901
thickness_grids_L5000mm.csv,73,5.0,481.79315190422136,1.9496524408172793,55,148,1.49,1.5462295392099454,0.0562295392099454,34.8732492511735,34.8732492511735,7.485756072764998,1149.8240266833998,1149.8240266833998,123.94364095144633,750.0000000000002,481793.15190422133,2874.560066708499,True,0.1077935736905363,385.43452152337704
thickness_grids_L5000mm.csv,74,5.0,482.9885048246688,1.89854710907408,55,149,1.5,1.5562295392099454,0.0562295392099454,35.34291735288517,35.34291735288517,7.452088008038026,1151.3853202819653,1151.3853202819653,123.6056613131462,749.9999999999999,482988.5048246688,2878.463300704913,True,0.107353862460984,386.39080385973506
thickness_grids_L5000mm.csv,75,5.0,491.5247531872333,1.8739089116509489,56,147,1.48,1.5382194495743435,0.0582194495743435,34.40672274211541,34.40672274211541,7.64560939440667,1142.474032214609,1142.474032214609,122.0686653434233,749.9999999999998,491524.7531872333,2856.1850805365225,True,0.1068458992514704,393.2198025497866
thickness_grids_L5000mm.csv,76,5.0,492.7452250228664,1.824318218095688,56,148,1.49,1.5482194495743435,0.0582194495743435,34.8732492511735,34.8732492511735,7.611141953975484,1144.0501069513527,1144.0501069513527,121.73392053946596,749.9999999999998,492745.2250228664,2860.125267378382,True,0.1064061091378774,394.1961800182931
thickness_grids_L5000mm.csv,77,5.0,493.9613232564057,1.7764697232484272,56,149,1.5,1.5582194495743436,0.0582194495743435,35.34291735288517,35.34291735288517,7.576940330691983,1145.618748759926,1145.618748759926,121.40251676767316,750.0,493961.32325640565,2864.046871899815,True,0.1059711329786503,395.1690586051245
thickness_grids_L5000mm.csv,78,5.0,502.54136435734745,1.7555797579532186,57,147,1.48,1.5402452141795415,0.0602452141795414,34.40672274211541,34.40672274211541,7.771307336273972,1136.7664328228354,1136.7664328228354,119.92498458444372,750.0000000000001,502541.3643573474,2841.9160820570883,True,0.1054965920190343,402.03309148587795
thickness_grids_L5000mm.csv,79,5.0,503.7827404959368,1.709092285589865,57,148,1.49,1.5502452141795415,0.0602452141795414,34.8732492511735,34.8732492511735,7.736305160574043,1138.3494942410289,1138.3494942410289,119.5966763758885,750.0,503782.7404959368,2845.8737356025717,True,0.1050614745128227,403.0261923967495
thickness_grids_L5000mm.csv,80,5.0,505.01963207650954,1.6642388294587749,57,149,1.5,1.5602452141795415,0.0602452141795414,35.34291735288517,35.34291735288517,7.701572481289413,1139.9251551932673,1139.9251551932673,119.27164027853624,750.0,505019.63207650953,2849.8128879831684,True,0.1046311152404689,404.0157056612076
thickness_grids_L5000mm.csv,81,5.0,513.6427405917461,1.6466400465813635,58,147,1.48,1.5423068330255394,0.0623068330255393,34.40672274211541,34.40672274211541,7.896771244302179,1131.1314665356745,1131.1314665356745,117.85048704545456,750.0000000000001,513642.7405917461,2827.828666339186,True,0.1041881430514847,410.9141924733969
thickness_grids_L5000mm.csv,82,5.0,514.9050724101376,1.6030103970788956,58,148,1.49,1.5523068330255394,0.0623068330255393,34.8732492511735,34.8732492511735,7.861236934756021,1132.721193031084,1132.721193031084,117.52841509669176,750.0,514905.0724101376,2831.80298257771,True,0.103757584672883,411.9240579281101
thickness_grids_L5000mm.csv,83,5.0,516.1628070968751,1.5609151114095925,58,149,1.5,1.5623068330255394,0.0623068330255393,35.34291735288517,35.34291735288517,7.825975760081967,1134.3035530800378,1134.3035530800378,117.20954843850362,750.0000000000002,516162.8070968751,2835.758882700094,True,0.1033317299590907,412.93024567750007
thickness_grids_L5000mm.csv,84,5.0,524.828263597583,1.5462078444859269,59,147,1.48,1.5444043061123374,0.0644043061123372,34.40672274211541,34.40672274211541,8.02199261252447,1125.568133732,1125.568133732,115.84188726851217,750.0000000000001,524828.263597583,2813.9203343299996,True,0.1029185917732229,419.8626108780665
thickness_grids_L5000mm.csv,85,5.0,526.1116042582165,1.5052136277556245,59,148,1.49,1.5544043061123372,0.0644043061123372,34.8732492511735,34.8732492511735,7.985928827388267,1127.1642125688847,1127.1642125688847,115.525860678159,750.0000000000002,526111.6042582166,2817.9105314222115,True,0.1024924845820535,420.88928340657327
thickness_grids_L5000mm.csv,86,5.0,527.390233579751,1.465661853996605,59,149,1.5,1.5644043061123374,0.0644043061123372,35.34291735288517,35.34291735288517,7.950141774151365,1128.7529604577865,1128.7529604577865,115.2129745603184,750.0000000000002,527390.233579751,2821.8824011444663,True,0.1020710275821484,421.9121868638008
thickness_grids_L5000mm.csv,87,5.0,536.0973236083247,1.4534961288682808,60,147,1.48,1.546537633439935,0.0665376334399351,34.40672274211541,34.40672274211541,8.146963224647187,1120.0754410764273,1120.0754410764273,113.8961014077613,749.9999999999998,536097.3236083247,2800.1886026910684,True,0.1016860983027211,428.8778588866598
thickness_grids_L5000mm.csv,88,5.0,537.4017280989985,1.4149354896374435,60,148,1.49,1.5565376334399352,0.0665376334399351,34.8732492511735,34.8732492511735,8.110372677237438,1121.6775681582856,1121.6775681582856,113.58593812886168,750.0,537401.7280989985,2804.193920395714,True,0.1012643395511258,429.9213824791988
thickness_grids_L5000mm.csv,89,5.0,538.7013053933629,1.377732391280713,60,149,1.5,1.566537633439935,0.0665376334399351,35.34291735288517,35.34291735288517,8.074062416727955,1123.2724011944754,1123.2724011944754,113.27885241524017,749.9999999999999,538701.3053933629,2808.181002986189,True,0.1008471785604103,430.9610443146903
thickness_grids_L5000mm.csv,90,5.0,547.4493186341265,1.3678013414319323,61,147,1.48,1.548706815008333,0.0687068150083329,34.40672274211541,34.40672274211541,8.271675135164264,1114.6524026276406,1114.6524026276406,112.01023229298076,750.0000000000001,547449.3186341265,2786.6310065691014,True,0.1004889345135146,437.9594549073011
thickness_grids_L5000mm.csv,91,5.0,548.7748438037779,1.3314907838982015,61,148,1.49,1.558706815008333,0.0687068150083329,34.8732492511735,34.8732492511735,8.234560592167854,1116.2602822715394,1116.2602822715394,111.70575859619802,749.9999999999998,548774.8438037779,2790.650705678848,True,0.1000714263244069,439.0198750430223
thickness_grids_L5000mm.csv,92,5.0,550.095424254297,1.2964592465698035,61,149,1.5,1.568706815008333,0.0687068150083329,35.34291735288517,35.34291735288517,8.197729848472232,1117.860906103812,1117.860906103812,111.4043013821032,750.0000000000001,550095.4242542969,2794.6522652595295,True,0.0996584644599401,440.07633940343754
thickness_grids_L5000mm.csv,93,5.0,558.8836537892194,1.2884934643827142,62,147,1.48,1.5509118508175308,0.0709118508175307,34.40672274211541,34.40672274211541,8.396120652241079,1109.2980407912844,1109.2980407912844,110.18155577389238,749.9999999999999,558883.6537892193,2773.24510197821,True,0.0993254758615616,447.10692303137546
thickness_grids_L5000mm.csv,94,5.0,560.2303583798861,1.2542659353364167,62,148,1.49,1.5609118508175308,0.0709118508175307,34.8732492511735,34.8732492511735,8.35848493210115,1110.9113855060812,1110.9113855060812,109.88260574996742,750.0,560230.358379886,2777.278463765203,True,0.0989121249305675,448.1842867039088
thickness_grids_L5000mm.csv,95,5.0,561.5719990473232,1.2212447163975162,62,149,1.5,1.5709118508175308,0.0709118508175307,35.34291735288517,35.34291735288517,8.321136480509402,1112.5175139058265,1112.5175139058265,109.58661286977572,750.0,561571.9990473231,2781.2937847645658,True,0.0985032698362105,449.2575992378585
thickness_grids_L5000mm.csv,96,5.0,570.3997406880951,1.2150073979228508,63,147,1.48,1.5531527408675283,0.0731527408675285,34.40672274211541,34.40672274211541,8.52029232217978,1104.011387135879,1104.011387135879,108.40750822193824,750.0000000000001,570399.7406880951,2760.0284678396974,True,0.0981941939051718,456.3197925504761
thickness_grids_L5000mm.csv,97,5.0,571.7676853634132,1.182710594456993,63,148,1.49,1.5631527408675283,0.0731527408675285,34.8732492511735,34.8732492511735,8.482138293549648,1105.6299174046103,1105.6299174046103,108.11392332011734,750.0000000000002,571767.6853634132,2764.0747935115264,True,0.0977849112240986,457.41414829073057
thickness_grids_L5000mm.csv,98,5.0,573.1304452146245,1.1515526894085903,63,149,1.5,1.5731527408675283,0.0731527408675285,35.34291735288517,35.34291735288517,8.444274959030247,1107.2412720510115,1107.2412720510115,107.82323789048516,750.0,573130.4452146245,2768.1031801275285,True,0.0973800747968484,458.5043561716996
thickness_grids_L5000mm.csv,99,5.0,581.9969969035202,1.1468354533378982,64,147,1.48,1.555429485158326,0.0754294851583262,34.40672274211541,34.40672274211541,8.644182915303361,1098.791483087776,1098.791483087776,106.68567507928655,750.0,581996.9969035202,2746.97870771944,True,0.0970936494515621,465.59759752281616
thickness_grids_L5000mm.csv,100,5.0,583.3862442739581,1.1163303261024338,64,148,1.49,1.565429485158326,0.0754294851583262,34.8732492511735,34.8732492511735,8.60551349556255,1100.4149271544015,1100.4149271544015,106.39730367869208,749.9999999999999,583386.2442739581,2751.0373178860036,True,0.096688350051583,466.7089954191665
thickness_grids_L5000mm.csv,101,5.0,584.770184207364,1.0869015237560822,64,149,1.5,1.575429485158326,0.0754294851583262,35.34291735288517,35.34291735288517,8.567138151299815,1102.031237423839,1102.031237423839,106.11177567437768,750.0,584770.184207364,2755.0780935595976,True,0.0962874481874303,467.8161473658912
thickness_grids_L5000mm.csv,102,5.0,593.6748454801416,1.0835208044065316,65,147,1.48,1.5577420836899238,0.0777420836899238,34.40672274211541,34.40672274211541,8.767785413111726,1093.637380519399,1093.637380519399,105.01378035632747,750.0,593674.8454801416,2734.0934512984963,True,0.0960224862709553,474.9398763841133
thickness_grids_L5000mm.csv,103,5.0,595.0854601251543,1.0546802314567605,65,148,1.49,1.5677420836899238,0.0777420836899238,34.8732492511735,34.8732492511735,8.728603566938439,1095.2654741800418,1095.2654741800418,104.7304773675382,750.0000000000002,595085.4601251543,2738.1636854501044,True,0.0956210889838771,476.0683681001235
thickness_grids_L5000mm.csv,104,5.0,596.4906429931129,1.0268578337866645,65,149,1.5,1.577742083689924,0.0777420836899238,35.34291735288517,35.34291735288517,8.689719132924798,1096.8864769399445,1096.8864769399445,104.44996322711675,750.0,596490.6429931129,2742.216192349861,True,0.0952240413415503,477.19251439449033
thickness_grids_L5000mm.csv,105,5.0,605.432714498036,1.0246517637761532,66,147,1.48,1.5600905364623214,0.0800905364623215,34.40672274211541,34.40672274211541,8.89109299658231,1088.5481422431735,1088.5481422431735,103.38967698911752,750.0,605432.7144980361,2721.3703556079336,True,0.094979425325243,484.3461715984288
thickness_grids_L5000mm.csv,106,5.0,606.864762985406,0.99735937353584,66,148,1.49,1.5700905364623214,0.0800905364623215,34.8732492511735,34.8732492511735,8.851401734577149,1090.180628641981,1090.180628641981,103.11130348350127,750.0000000000001,606864.762985406,2725.4515716049523,True,0.0945818525613918,485.4918103883248
thickness_grids_L5000mm.csv,107,5.0,608.2912536137992,0.9710310594761952,66,149,1.5,1.5800905364623214,0.0800905364623215,35.34291735288517,35.34291735288517,8.812011176256801,1091.806068049162,1091.806068049162,102.83566574254178,750.0,608291.2536137992,2729.515170122905,True,0.0941885823425477,486.6330028910394
thickness_grids_L5000mm.csv,108,5.0,617.2700366812578,0.9698567709740024,67,147,1.48,1.5624748434755191,0.0824748434755191,34.40672274211541,34.40672274211541,9.014099035498718,1083.5228424222375,1083.5228424222375,101.81133797735174,750.0000000000002,617270.0366812578,2708.8071060555935,True,0.0939632594636864,493.8160293450062
thickness_grids_L5000mm.csv,109,5.0,645.5673448990759,0.9501573688314764,70,142,1.43,1.5198428899599117,0.0898428899599117,32.12121408662883,32.12121408662883,9.594591092115426,1060.4777383624876,1060.4777383624876,98.67153500428628,749.9999999999999,645567.3448990759,2651.194345906219,True,0.0930444189772881,516.4538759192608
thickness_grids_L6000mm.csv,0,6.0,263.78269513366934,10.851733308225535,28,148,1.49,1.506054862393586,0.0160548623935858,41.8478991014082,41.8478991014082,4.186641952764999,1328.7714392858743,1328.7714392858743,231.94785683331125,749.9999999999998,263782.69513366936,3321.9285982146853,True,0.1745581293935454,175.85513008911292
thickness_grids_L6000mm.csv,1,6.0,264.5521780817178,10.555523458730734,28,149,1.5,1.516054862393586,0.0160548623935858,42.411500823462205,42.411500823462205,4.168972248212764,1329.8959350704142,1329.8959350704142,231.27745657530107,750.0000000000001,264552.1780817178,3324.739837676035,True,0.1739064316811041,176.3681187211452
thickness_grids_L6000mm.csv,2,6.0,271.34410441245484,10.453662198849836,29,145,1.46,1.4770767082563847,0.0170767082563848,40.17971340235201,40.17971340235201,4.371654563932622,1317.1211281349358,1317.1211281349358,226.81761815953664,749.9999999999999,271344.1044124548,3292.802820337339,True,0.1722071063279608,180.8960696083032
thickness_grids_L6000mm.csv,3,6.0,272.1440098404445,10.161001597451826,29,146,1.47,1.4870767082563847,0.0170767082563848,40.7320053908531,40.7320053908531,4.352993565901699,1318.286065959246,1318.286065959246,226.1475145889252,750.0,272144.0098404445,3295.7151648981144,True,0.1715466167992679,181.42933989362965
thickness_grids_L6000mm.csv,4,6.0,272.94167648181696,9.878906396761955,29,147,1.48,1.4970767082563847,0.0170767082563848,41.28806729053849,41.28806729053849,4.334486318248951,1319.4436375559776,1319.4436375559776,225.48447303891487,749.9999999999999,272941.676481817,3298.609093889944,True,0.1708935998634869,181.96111765454464
thickness_grids_L6000mm.csv,5,6.0,273.73712473232246,9.60692004528509,29,148,1.49,1.5070767082563847,0.0170767082563848,41.8478991014082,41.8478991014082,4.316130377667463,1320.5939472989958,1320.5939472989958,224.82837085386032,750.0000000000002,273737.12473232247,3301.484868247489,True,0.1702479186079117,182.49141648821495
thickness_grids_L6000mm.csv,6,6.0,274.53037463027624,9.344608779277074,29,149,1.5,1.5170767082563847,0.0170767082563848,42.411500823462205,42.411500823462205,4.297923360329497,1321.7370971482628,1321.7370971482628,224.1790882524564,749.9999999999999,274530.37463027623,3304.342742870657,True,0.169609439529342,183.02024975351748
thickness_grids_L6000mm.csv,7,6.0,281.36614398796445,9.28507980549108,30,145,1.46,1.4781344083599837,0.0181344083599837,40.17971340235201,40.17971340235201,4.503151344228038,1308.9757580436385,1308.9757580436385,220.0282878394229,750.0000000000002,281366.14398796443,3272.439395109096,True,0.1680919501276872,187.5774293253096
thickness_grids_L6000mm.csv,8,6.0,282.1901601981684,9.025051603473106,30,146,1.47,1.4881344083599837,0.0181344083599837,40.7320053908531,40.7320053908531,4.483939370879031,1310.1589261476724,1310.1589261476724,219.3788114294556,750.0000000000002,282190.1601981684,3275.397315369181,True,0.1674444275813976,188.1267734654456
thickness_grids_L6000mm.csv,9,6.0,283.0118543972597,8.77441346667572,30,147,1.48,1.4981344083599837,0.0181344083599837,41.28806729053849,41.28806729053849,4.464885542750448,1311.3346716724136,1311.3346716724136,218.73617475514985,749.9999999999999,283011.8543972597,3278.3366791810336,True,0.1668042334884535,188.67456959817315
thickness_grids_L6000mm.csv,10,6.0,283.83124772904,8.532759516330833,30,148,1.49,1.5081344083599837,0.0181344083599837,41.8478991014082,41.8478991014082,4.445987348928714,1312.5030994678573,1312.5030994678573,218.10025909959867,750.0000000000002,283831.24772904,3281.2577486696428,True,0.1661712335673915,189.22083181936
thickness_grids_L6000mm.csv,11,6.0,284.6483609680333,8.299704137928241,30,149,1.5,1.5181344083599837,0.0181344083599837,42.411500823462205,42.411500823462205,4.427242339588628,1313.6643119617438,1313.6643119617438,217.4709485260843,750.0000000000001,284648.36096803326,3284.160779904359,True,0.1655452968813066,189.76557397868885
thickness_grids_L6000mm.csv,12,6.0,291.5248558759306,8.273046637673367,31,145,1.46,1.4792279627043827,0.0192279627043826,40.17971340235201,40.17971340235201,4.634966347546393,1300.9206327011707,1300.9206327011707,213.60429284403867,750.0000000000001,291524.8558759306,3252.3015817529263,True,0.1641947152460182,194.34990391728704
thickness_grids_L6000mm.csv,13,6.0,292.3730771624529,8.041283789151457,31,146,1.47,1.4892279627043827,0.0192279627043826,40.7320053908531,40.7320053908531,4.615202995387362,1302.1214318802422,1302.1214318802422,212.97434921019052,750.0000000000001,292373.0771624529,3255.303579700605,True,0.1635595144937127,194.9153847749686
thickness_grids_L6000mm.csv,14,6.0,293.2188918164046,7.81789281095087,31,147,1.48,1.4992279627043827,0.0192279627043826,41.28806729053849,41.28806729053849,4.595602173379728,1303.3147572487233,1303.3147572487233,212.35103469663565,750.0000000000003,293218.8918164046,3258.2868931218077,True,0.162931504853751,195.4792612109364
thickness_grids_L6000mm.csv,15,6.0,294.0623217436971,7.60251172845413,31,148,1.49,1.5092279627043828,0.0192279627043826,41.8478991014082,41.8478991014082,4.576161303364492,1304.5007140590994,1304.5007140590994,211.7342343202967,750.0,294062.3217436971,3261.2517851477483,True,0.1623105545580439,196.0415478291314
thickness_grids_L6000mm.csv,16,6.0,294.90338846876455,7.39479664459447,31,149,1.5,1.5192279627043828,0.0192279627043826,42.411500823462205,42.411500823462205,4.556877869864848,1305.6794051351008,1305.6794051351008,211.12383578890052,750.0,294903.38846876455,3264.1985128377514,True,0.161696535120775,196.60225897917636
thickness_grids_L6000mm.csv,17,6.0,301.8177581513181,7.393534917478766,32,145,1.46,1.4803573712895814,0.0203573712895815,40.17971340235201,40.17971340235201,4.767052351510528,1292.9571006883723,1292.9571006883723,207.5186896039057,750.0,301817.7581513181,3232.392751720931,True,0.1604992845419406,201.2118387675454
thickness_grids_L6000mm.csv,18,6.0,302.6902735383856,7.186340278656286,32,146,1.47,1.4903573712895817,0.0203573712895815,40.7320053908531,40.7320053908531,4.7467374492817855,1294.174940790233,1294.174940790233,206.9072649817712,750.0000000000001,302690.27353838563,3235.4373519755823,True,0.1598758084864725,201.7935156922571
thickness_grids_L6000mm.csv,19,6.0,303.5602962694193,6.986632362668939,32,147,1.48,1.5003573712895817,0.0203573712895815,41.28806729053849,41.28806729053849,4.72658944990722,1295.3852607974618,1295.3852607974618,206.30226967577093,750.0,303560.2962694193,3238.4631519936543,True,0.1592593924905148,202.37353084627955
thickness_grids_L6000mm.csv,20,6.0,304.42784902671167,6.794087367749153,32,148,1.49,1.5103573712895817,0.0203573712895815,41.8478991014082,41.8478991014082,4.706605708384604,1296.588166294635,1296.588166294635,205.70359224678103,750.0000000000001,304427.84902671166,3241.470415736587,True,0.158649907190374,202.9518993511411
thickness_grids_L6000mm.csv,21,6.0,305.29295409862436,6.608397668154612,32,149,1.5,1.5203573712895817,0.0203573712895815,42.411500823462205,42.411500823462205,4.686783643973293,1297.7837604327278,1297.7837604327278,205.11112386158536,750.0000000000002,305292.95409862435,3244.4594010818196,True,0.1580472264448693,203.52863606574957
thickness_grids_L6000mm.csv,22,6.0,313.13947310516676,6.440852047581137,33,146,1.47,1.4915226341155805,0.0215226341155803,40.7320053908531,40.7320053908531,4.878500168925545,1286.3204306141026,1286.3204306141026,201.15305484582947,750.0,313139.47310516675,3215.8010765352565,True,0.1563786518960885,208.75964873677785
thickness_grids_L6000mm.csv,23,6.0,314.03378710520514,6.261798657315172,33,147,1.48,1.5015226341155803,0.0215226341155803,41.28806729053849,41.28806729053849,4.857805019352953,1287.5471698755823,1287.5471698755823,200.56544855119515,750.0,314033.7871052051,3218.867924688956,True,0.1557732821319284,209.35585807013675
thickness_grids_L6000mm.csv,24,6.0,314.9255444897828,6.089169408482497,33,148,1.49,1.5115226341155803,0.0215226341155803,41.8478991014082,41.8478991014082,4.837278419555459,1288.766453381285,1288.766453381285,199.98397372545145,749.9999999999999,314925.54448978277,3221.916133453212,True,0.1551747201370438,209.95036299318852
thickness_grids_L6000mm.csv,25,6.0,315.81476832550976,5.922688318045492,33,149,1.5,1.5215226341155803,0.0215226341155803,42.411500823462205,42.411500823462205,4.816917723956657,1289.978384543604,1289.978384543604,199.40852482245757,749.9999999999999,315814.76832550974,3224.9459613590097,True,0.1545828420163866,210.54317888367316
thickness_grids_L6000mm.csv,26,6.0,323.71858352072013,5.788697243386291,34,146,1.47,1.4927237511823792,0.0227237511823791,40.7320053908531,40.7320053908531,5.010452463693242,1278.5585548371466,1278.5585548371466,195.6893527506111,750.0000000000002,323718.58352072013,3196.3963870928665,True,0.1530546661396642,215.81238901381343
thickness_grids_L6000mm.csv,27,6.0,324.63726829158827,5.627715648187292,34,147,1.48,1.5027237511823792,0.0227237511823791,41.28806729053849,41.28806729053849,4.989210384852239,1279.80114852304,1279.80114852304,195.1182716798669,750.0000000000002,324637.2682915883,3199.502871307599,True,0.1524598347993701,216.42484552772552
thickness_grids_L6000mm.csv,28,6.0,325.5533084019966,5.472511692143227,34,148,1.49,1.5127237511823792,0.0227237511823791,41.8478991014082,41.8478991014082,4.968141131810479,1281.0362497434892,1281.0362497434892,194.55314481991277,750.0000000000001,325553.3084019966,3202.590624358723,True,0.1518716936065388,217.0355389346644
thickness_grids_L6000mm.csv,29,6.0,326.46672771138446,5.32283708689889,34,149,1.5,1.5227237511823792,0.0227237511823791,42.411500823462205,42.411500823462205,4.9472419946188495,1282.263962109516,1282.263962109516,193.99386975191825,750.0000000000001,326466.7277113845,3205.6599052737893,True,0.1512901208209652,217.644485140923
thickness_grids_L6000mm.csv,30,6.0,334.42567311546276,5.216407064838905,35,146,1.47,1.4939607224899778,0.0239607224899779,40.7320053908531,40.7320053908531,5.142559041803424,1270.8896900588445,1270.8896900588445,190.49572778847804,750.0000000000003,334425.67311546276,3177.2242251471102,True,0.1498916304684616,222.95044874364183
thickness_grids_L6000mm.csv,31,6.0,335.36880511975073,5.071287003917666,35,147,1.48,1.5039607224899778,0.0239607224899779,41.28806729053849,41.28806729053849,5.1207704335140765,1272.1475844551396,1272.1475844551396,189.94036881634992,750.0000000000002,335368.80511975073,3180.3689611378486,True,0.149306865915012,223.57920341316716
thickness_grids_L6000mm.csv,32,6.0,336.30920300499906,4.931377057200843,35,148,1.49,1.5139607224899778,0.0239607224899779,41.8478991014082,41.8478991014082,5.099158909314247,1273.3979540438872,1273.3979540438872,189.39079530561048,750.0,336309.2030049991,3183.494885109718,True,0.1487286788110256,224.20613533666605
thickness_grids_L6000mm.csv,33,6.0,337.24689143832535,4.79645325169447,35,149,1.5,1.5239607224899778,0.0239607224899779,42.411500823462205,42.411500823462205,5.077721695380141,1274.6409025747716,1274.6409025747716,188.8469078161253,749.9999999999999,337246.89143832534,3186.6022564369287,True,0.1481569494864436,224.8312609588836
thickness_grids_L6000mm.csv,34,6.0,345.25895096136514,4.712688268382327,36,146,1.47,1.4952335480383767,0.0252335480383766,40.7320053908531,40.7320053908531,5.274787602951709,1263.3139764009477,1263.3139764009477,185.5534996228807,749.9999999999999,345258.95096136513,3158.284941002368,True,0.146878371560096,230.1726339742434
thickness_grids_L6000mm.csv,35,6.0,346.2266041962282,4.581531810584416,36,147,1.48,1.5052335480383767,0.0252335480383766,41.28806729053849,41.28806729053849,5.252453030789593,1264.5866293264708,1264.5866293264708,185.01311508769783,750.0000000000002,346226.6041962282,3161.4665733161764,True,0.1463032352210123,230.8177361308188
thickness_grids_L6000mm.csv,36,6.0,347.1914324281046,4.455085766047241,36,148,1.49,1.5152335480383767,0.0252335480383766,41.8478991014082,41.8478991014082,5.230299781554865,1265.8517293037214,1265.8517293037214,184.4783551868227,749.9999999999999,347191.43242810457,3164.6293232593034,True,0.1457345682091018,231.46095495206973
thickness_grids_L6000mm.csv,37,6.0,348.1534611469991,4.333147574766893,36,149,1.5,1.5252335480383767,0.0252335480383766,42.411500823462205,42.411500823462205,5.20832501807776,1267.1093801639654,1267.1093801639654,183.94912332045251,750.0000000000002,348153.4611469991,3167.773450409913,True,0.1451722528458034,232.10230743133272
thickness_grids_L6000mm.csv,38,6.0,356.21674970669636,4.268038098334339,37,146,1.47,1.4965422278275753,0.0265422278275753,40.7320053908531,40.7320053908531,5.407108487342579,1255.8313520556069,1255.8313520556069,180.8455711905895,750.0000000000001,356216.74970669637,3139.578380139016,True,0.1440046634403358,237.47783313779755
thickness_grids_L6000mm.csv,39,6.0,357.2089962110702,4.149210143907619,37,147,1.48,1.5065422278275753,0.0265422278275753,41.28806729053849,41.28806729053849,5.384228671001154,1257.118233158539,1257.118233158539,180.31946419231352,749.9999999999999,357208.9962110702,3142.7955828963472,True,0.1434387469977717,238.13933080738013
thickness_grids_L6000mm.csv,40,6.0,358.19832539024657,4.034651339418187,37,148,1.49,1.5165422278275753,0.0265422278275753,41.8478991014082,41.8478991014082,5.3615343953569035,1258.3975372106795,1258.3975372106795,179.79882838701835,750.0,358198.3253902466,3145.993843026699,True,0.1428791960174637,238.79888359349772
thickness_grids_L6000mm.csv,41,6.0,359.18476357257185,3.924178036892916,37,149,1.5,1.526542227827575,0.0265422278275753,42.411500823462205,42.411500823462205,5.339022760453222,1259.6693680704975,1259.6693680704975,179.28356988616255,750.0000000000001,359184.76357257186,3149.1734201762433,True,0.1423258947391733,239.45650904838124
thickness_grids_L6000mm.csv,42,6.0,367.29751075261447,3.874432673733003,38,146,1.47,1.497886761857574,0.0278867618575739,40.7320053908531,40.7320053908531,5.539494372475646,1248.441582884893,1248.441582884893,176.35627755726395,749.9999999999999,367297.5107526145,3121.103957212232,True,0.1412611370647721,244.86500716840965
thickness_grids_L6000mm.csv,43,6.0,368.3144210570702,3.7665200683765905,38,147,1.48,1.507886761857574,0.0278867618575739,41.28806729053849,41.28806729053849,5.516070175420964,1249.742173838824,1249.742173838824,175.84379770439293,750.0000000000001,368314.4210570702,3124.3554345970592,True,0.1407040599136178,245.54294737138017
thickness_grids_L6000mm.csv,44,6.0,369.3283202615919,3.662485860451421,38,148,1.49,1.517886761857574,0.0278867618575739,41.8478991014082,41.8478991014082,5.492835714239225,1251.0351675181075,1251.0351675181075,175.33664249723145,750.0000000000001,369328.3202615919,3127.5879187952687,True,0.140153248325606,246.21888017439463
thickness_grids_L6000mm.csv,45,6.0,370.3392355488411,3.562163152063867,38,149,1.5,1.527886761857574,0.0278867618575739,42.411500823462205,42.411500823462205,5.469788026778059,1252.3206677564797,1252.3206677564797,174.8347206380678,750.0000000000001,370339.23554884107,3130.801669391199,True,0.1396085883907693,246.8928236992274
thickness_grids_L6000mm.csv,46,6.0,378.4997714181689,3.5250739375813076,39,146,1.47,1.4992671501283723,0.0292671501283726,40.7320053908531,40.7320053908531,5.67192001046844,1241.14428783142,1241.14428783142,172.07124967890272,750.0,378499.7714181689,3102.8607195785494,True,0.1386391988151135,252.33318094544595
thickness_grids_L6000mm.csv,47,6.0,379.54141494444144,3.4268515805614377,39,147,1.48,1.5092671501283723,0.0292671501283726,41.28806729053849,41.28806729053849,5.647952430708006,1242.4580824479506,1242.4580824479506,171.57178923977114,750.0,379541.41494444147,3106.145206119876,True,0.1380906057625156,253.02760996296095
thickness_grids_L6000mm.csv,48,6.0,380.5799521285549,3.3321606624263964,39,148,1.49,1.5192671501283723,0.0292671501283726,41.8478991014082,41.8478991014082,5.624178757964879,1243.764263288656,1243.764263288656,171.07751334225486,750.0000000000001,380579.9521285549,3109.4106582216396,True,0.137548182072627,253.71996808570327
thickness_grids_L6000mm.csv,49,6.0,381.61541102356495,3.240849160716438,39,149,1.5,1.5292671501283726,0.0292671501283726,42.411500823462205,42.411500823462205,5.600595968503773,1245.062934113432,1245.062934113432,170.58833316680304,749.9999999999998,381615.4110235649,3112.65733528358,True,0.1370118156222145,254.41027401570992
thickness_grids_L6000mm.csv,50,6.0,389.82215379825954,3.2141834442752573,40,146,1.47,1.5006833926399712,0.0306833926399711,40.7320053908531,40.7320053908531,5.80436199988977,1233.93896077391,1233.93896077391,167.97729178786187,750.0,389822.1537982595,3084.847401934775,True,0.136130957144354,259.8814358655064
thickness_grids_L6000mm.csv,51,6.0,390.8885992154609,3.124586096278972,40,147,1.48,1.5106833926399712,0.0306833926399711,41.28806729053849,41.28806729053849,5.779852161716578,1235.2654650454003,1235.2654650454,167.49028220613988,750.0000000000002,390888.5992154609,3088.1636626135,True,0.1355905163267751,260.5923994769739
thickness_grids_L6000mm.csv,52,6.0,391.9518415646921,3.0382113122680794,40,148,1.49,1.5206833926399712,0.0306833926399711,41.8478991014082,41.8478991014082,5.75554037630646,1236.5843426109816,1236.5843426109816,167.00832309099417,749.9999999999999,391951.8415646921,3091.460856527454,True,0.1350561521249452,261.3012277097947
thickness_grids_L6000mm.csv,53,6.0,393.0119097860554,2.954920314816656,40,149,1.5,1.5306833926399712,0.0306833926399711,42.411500823462205,42.411500823462205,5.731423558984256,1237.8956971097978,1237.8956971097978,166.53132799565338,750.0000000000001,393011.9097860554,3094.739242774494,True,0.1345277541431526,262.0079398573703
thickness_grids_L6000mm.csv,54,6.0,401.2633550669868,2.93683373156305,41,146,1.47,1.5021354893923695,0.0321354893923697,40.7320053908531,40.7320053908531,5.936798587052557,1226.824989358314,1226.824989358314,164.06227114669676,749.9999999999999,401263.3550669867,3067.0624733957848,True,0.1337291566195671,267.50890337799115
thickness_grids_L6000mm.csv,55,6.0,402.35467060957006,2.854932483683626,41,147,1.48,1.5121354893923695,0.0321354893923697,41.28806729053849,41.28806729053849,5.911747733630012,1228.163721443069,1228.163721443069,163.5871798842062,750.0000000000001,402354.6706095701,3070.409303607673,True,0.1331965576152944,268.2364470730467
thickness_grids_L6000mm.csv,56,6.0,403.4426848581083,2.7759781383788016,41,148,1.49,1.5221354893923698,0.0321354893923697,41.8478991014082,41.8478991014082,5.886899052022304,1229.494817315469,1229.494817315469,163.11701066165338,750.0000000000002,403442.68485810835,3073.737043288672,True,0.1326699457081161,268.96178990540557
thickness_grids_L6000mm.csv,57,6.0,404.5274276565293,2.6998437411991656,41,149,1.5,1.5321354893923698,0.0321354893923697,42.411500823462205,42.411500823462205,5.8622493972787115,1230.8183804495136,1230.8183804495136,162.6516793062134,750.0000000000001,404527.4276565293,3077.0459511237837,True,0.1321492121744318,269.68495177101954
thickness_grids_L6000mm.csv,58,6.0,412.82213901860865,2.688809952250973,42,146,1.47,1.5036234403855682,0.0336234403855682,40.7320053908531,40.7320053908531,6.069209492522776,1219.801671249658,1219.801671249658,160.3150189725029,750.0,412822.13901860866,3049.5041781241453,True,0.1314271186464796,275.2147593457391
thickness_grids_L6000mm.csv,59,6.0,413.938392771006,2.6137925198480136,42,147,1.48,1.5136234403855682,0.0336234403855682,41.28806729053849,41.28806729053849,6.043618979207021,1221.1521614092917,1221.1521614092917,159.85134664629075,750.0,413938.3927710061,3052.880403523229,True,0.1309020707639018,275.958928514004
thickness_grids_L6000mm.csv,60,6.0,415.05124548542574,2.541475375582015,42,148,1.49,1.5236234403855682,0.0336234403855682,41.8478991014082,41.8478991014082,6.01823472882833,1222.4950091308729,1222.4950091308729,159.39247323131872,750.0000000000001,415051.24548542575,3056.237522827182,True,0.1303829234809212,276.70083032361714
thickness_grids_L6000mm.csv,61,6.0,416.1607279270705,2.4717421441643315,42,149,1.5,1.5336234403855682,0.0336234403855682,42.411500823462205,42.411500823462205,5.993053536851862,1223.8303176809193,1223.8303176809193,158.9383167360768,749.9999999999999,416160.7279270705,3059.5757942022983,True,0.1298695696943141,277.4404852847137
thickness_grids_L6000mm.csv,62,6.0,424.49732867063193,2.466495950130759,43,146,1.47,1.5051472456195667,0.0351472456195666,40.7320053908531,40.7320053908531,6.201575759267061,1212.868228179265,1212.868228179265,156.7252414132239,749.9999999999999,424497.3286706319,3032.1705704481633,True,0.1292186882069595,282.9982191137546
thickness_grids_L6000mm.csv,63,6.0,425.6385888224538,2.3976501160143053,43,147,1.48,1.5151472456195667,0.0351472456195666,41.28806729053849,41.28806729053849,6.175447047572647,1214.230018676725,1214.230018676725,156.27251919697517,750.0000000000001,425638.5888224538,3035.5750466918125,True,0.1287009189307326,283.7590592149692
thickness_grids_L6000mm.csv,64,6.0,426.7763466565101,2.3312834272704435,43,148,1.49,1.5251472456195667,0.0351472456195666,41.8478991014082,41.8478991014082,6.149528660832001,1215.5841636526825,1215.5841636526825,155.82447773831154,749.9999999999999,426776.34665651,3038.960409131706,True,0.1281889665871246,284.51756443767334
thickness_grids_L6000mm.csv,65,6.0,427.9106338769173,2.267288996928028,43,149,1.5,1.5351472456195667,0.0351472456195666,42.411500823462205,42.411500823462205,6.123817335637695,1216.930766126106,1216.930766126106,155.3810371399604,749.9999999999999,427910.6338769173,3042.3269153152646,True,0.1276827256447708,285.27375591794487
thickness_grids_L6000mm.csv,66,6.0,436.2877997812449,2.2667801484466388,44,146,1.47,1.5067069050943651,0.0367069050943651,40.7320053908531,40.7320053908531,6.333879619422748,1206.0238181029863,1206.0238181029863,153.2834395455856,750.0000000000001,436287.79978124495,3015.059545257466,True,0.1270981859932854,290.8585331874966
thickness_grids_L6000mm.csv,67,6.0,437.45413485659697,2.203479807813324,44,147,1.48,1.5167069050943651,0.0367069050943651,41.28806729053849,41.28806729053849,6.307214271551784,1207.3964630683647,1207.3964630683647,152.84122680865474,749.9999999999999,437454.13485659694,3018.491157670912,True,0.1265874395724485,291.636089904398
thickness_grids_L6000mm.csv,68,6.0,438.61686477995505,2.142459864507224,44,148,1.49,1.5267069050943651,0.0367069050943651,41.8478991014082,41.8478991014082,6.280763280422332,1208.7614624370713,1208.7614624370715,152.40358135273593,750.0000000000001,438616.86477995507,3021.903656092679,True,0.1260824290720388,292.41124318663674
thickness_grids_L6000mm.csv,69,6.0,439.77602221235776,2.0836219606884954,44,149,1.5,1.5367069050943651,0.0367069050943651,42.411500823462205,42.411500823462205,6.254523324487157,1210.1189189425338,1210.1189189425338,151.97042529291213,750.0000000000001,439776.0222123578,3025.297297356334,True,0.1255830504870645,293.18401480823854
thickness_grids_L6000mm.csv,70,6.0,449.38395421957944,2.028670912153448,45,147,1.48,1.5183024188099634,0.0383024188099635,41.28806729053849,41.28806729053849,6.43890405099856,1200.6506110076198,1200.6506110076198,149.54871961490946,750.0,449383.95421957946,3001.6265275190494,True,0.1245564015408312,299.589302813053
thickness_grids_L6000mm.csv,71,6.0,450.5717237237523,1.9724656623676868,45,148,1.49,1.5283024188099634,0.0383024188099635,41.8478991014082,41.8478991014082,6.411922082091185,1202.0260334846942,1202.0260334846942,149.12105998121822,749.9999999999999,450571.7237237523,3005.0650837117355,True,0.124058095105406,300.3811491491682
thickness_grids_L6000mm.csv,72,6.0,451.7558173045358,1.9182711267344292,45,149,1.5,1.5383024188099634,0.0383024188099635,42.411500823462205,42.411500823462205,6.3851550914747905,1203.3939155806777,1203.3939155806777,148.69778260414623,750.0,451755.8173045358,3008.4847889516936,True,0.1235653435495347,301.17054486969056
thickness_grids_L6000mm.csv,73,6.0,461.4270124796196,1.8709644666128449,46,147,1.48,1.5199337867663618,0.0399337867663618,41.28806729053849,41.28806729053849,6.570500749958458,1193.9915346378846,1193.9915346378846,146.38690411340093,749.9999999999998,461427.0124796196,2984.978836594711,True,0.1226029664923858,307.61800831974637
thickness_grids_L6000mm.csv,74,6.0,462.63988976366545,1.8191038684040433,46,148,1.49,1.5299337867663618,0.0399337867663618,41.8478991014082,41.8478991014082,6.5429895200285335,1195.3769603390112,1195.3769603390112,145.96884395989613,750.0,462639.88976366544,2988.442400847528,True,0.1221111405045811,308.426593175777
thickness_grids_L6000mm.csv,75,6.0,463.8489861176955,1.7690993527024246,46,149,1.5,1.5399337867663618,0.0399337867663618,42.411500823462205,42.411500823462205,6.515697179925326,1196.754850860994,1196.754850860994,145.55506299814456,749.9999999999999,463848.9861176955,2991.887127152485,True,0.1216247946631896,309.232657411797
thickness_grids_L6000mm.csv,76,6.0,473.5823129898602,1.7284006321060092,47,147,1.48,1.52160100896356,0.0416010089635602,41.28806729053849,41.28806729053849,6.701989605825901,1187.4182697429071,1187.4182697429071,143.34828511432306,749.9999999999999,473582.31298986025,2968.5456743572677,True,0.1207226541540075,315.7215419932402
thickness_grids_L6000mm.csv,77,6.0,474.82036712807735,1.6804684475653302,47,148,1.49,1.53160100896356,0.0416010089635602,41.8478991014082,41.8478991014082,6.673950917661434,1188.8132899897264,1188.8132899897264,142.93946017398247,749.9999999999999,474820.36712807737,2972.033224974316,True,0.1202370981024427,316.54691141871825
thickness_grids_L6000mm.csv,78,6.0,476.0545337359089,1.6342524986384843,47,149,1.5,1.54160100896356,0.0416010089635602,42.411500823462205,42.411500823462205,6.646134998328173,1190.2007828605138,1190.2007828605138,142.534815203497,749.9999999999998,476054.53373590886,2975.5019571512844,True,0.1197569496307426,317.36968915727255
thickness_grids_L6000mm.csv,79,6.0,485.8488929678532,1.599274687880742,48,147,1.48,1.5233040854015585,0.0433040854015584,41.28806729053849,41.28806729053849,6.833356648924806,1180.929822631128,1180.929822631128,140.42591344920976,749.9999999999999,485848.8929678532,2952.3245565778197,True,0.118911311034841,323.8992619785688
thickness_grids_L6000mm.csv,80,6.0,487.11219406125355,1.5549014839052104,48,148,1.49,1.5333040854015585,0.0433040854015584,41.8478991014082,41.8478991014082,6.804792387570513,1182.334039743854,1182.334039743854,140.02597992066657,749.9999999999997,487112.1940612536,2955.8350993596346,True,0.1184318265513208,324.74146270750236
thickness_grids_L6000mm.csv,81,6.0,488.37149941049745,1.5121177926425442,48,149,1.5,1.5433040854015585,0.0433040854015584,42.411500823462205,42.411500823462205,6.776454740591494,1183.730739770352,1183.730739770352,139.63013076835335,750.0000000000002,488371.49941049743,2959.3268494258796,True,0.117957679121725,325.58099960699826
thickness_grids_L6000mm.csv,82,6.0,498.22582002535074,1.4821001046966933,49,147,1.48,1.5250430160803568,0.0450430160803567,41.28806729053849,41.28806729053849,6.964588631170741,1174.5251761230438,1174.5251761230438,137.61333882735485,750.0,498225.8200253507,2936.3129403076096,True,0.117165082217819,332.15054668356714
thickness_grids_L6000mm.csv,83,6.0,499.5144393388687,1.4409572664245676,49,148,1.49,1.5350430160803568,0.0450430160803567,41.8478991014082,41.8478991014082,6.935500760452071,1175.9382032027463,1175.9382032027463,137.22197190452405,750.0000000000002,499514.4393388687,2939.845508006866,True,0.116691482197611,333.0096262259125
thickness_grids_L6000mm.csv,84,6.0,500.7989530610134,1.4012888934861736,49,149,1.5,1.5450430160803568,0.0450430160803567,42.411500823462205,42.411500823462205,6.906643315297685,1177.3437258625192,1177.3437258625192,136.83459719328562,750.0,500798.95306101337,2943.359314656298,True,0.1162231506292191,333.86596870734223
thickness_grids_L6000mm.csv,85,6.0,510.71218909125975,1.3755774669132774,50,147,1.48,1.526817800999955,0.0468178009999549,41.28806729053849,41.28806729053849,7.095672962660606,1168.2032947607772,1168.2032947607772,134.9045672929494,750.0,510712.1890912598,2920.508236901943,True,0.1154803859037009,340.4747927275065
thickness_grids_L6000mm.csv,86,6.0,512.0261991779719,1.3373720634749882,50,148,1.49,1.536817800999955,0.0468178009999549,41.8478991014082,41.8478991014082,7.066063521971529,1169.624755464033,1169.624755464033,134.5214598200394,750.0,512026.19917797187,2924.0618886600814,True,0.1150124937007423,341.35079945198123
thickness_grids_L6000mm.csv,87,6.0,513.3359921724734,1.3005364871168823,50,149,1.5,1.546817800999955,0.0468178009999549,42.411500823462205,42.411500823462205,7.036688282821868,1171.0387266839696,1171.0387266839696,134.1422556379245,750.0000000000003,513335.9921724734,2927.596816709924,True,0.1145498031630219,342.2239947816489
thickness_grids_L6000mm.csv,88,6.0,523.3071196791126,1.2785682423615177,51,147,1.48,1.5286284401603532,0.0486284401603531,41.28806729053849,41.28806729053849,7.22659765520119,1161.9631293418474,1161.9631293418474,132.29402279576453,749.9999999999999,523307.1196791126,2904.9078233546184,True,0.1138538904162111,348.87141311940843
thickness_grids_L6000mm.csv,89,6.0,524.646594492849,1.243038612033659,51,148,1.49,1.5386284401603532,0.0486284401603531,41.8478991014082,41.8478991014082,7.196468756528452,1163.3926576498416,1163.3926576498416,131.91888403556447,749.9999999999998,524646.594492849,2908.481644124604,True,0.113391539106025,349.76439632856597
thickness_grids_L6000mm.csv,90,6.0,525.981739039488,1.2087834698375592,51,149,1.5,1.5486284401603532,0.0486284401603531,42.411500823462205,42.411500823462205,7.166577799327893,1164.814713579346,1164.814713579346,131.54756271697917,750.0,525981.739039488,2912.036783948365,True,0.1129343243894543,350.654492692992
thickness_grids_L6000mm.csv,91,6.0,536.0097534565814,1.1900725821669886,52,147,1.48,1.5304749335615513,0.0504749335615512,41.28806729053849,41.28806729053849,7.357351271922328,1155.8036208649137,1155.8036208649137,129.7765124415394,749.9999999999997,536009.7534565814,2889.509052162284,True,0.11228249340872,357.3398356377209
thickness_grids_L6000mm.csv,92,6.0,537.3747684539732,1.1569845264382612,52,148,1.49,1.5404749335615513,0.0504749335615512,41.8478991014082,41.8478991014082,7.326705097077829,1157.2408608489627,1157.2408608489627,129.40906694612963,750.0,537374.7684539731,2893.1021521224066,True,0.1118255251125456,358.24984563598207
thickness_grids_L6000mm.csv,93,6.0,538.735338314882,1.1250839443640384,52,149,1.5,1.5504749335615513,0.0504749335615512,42.411500823462205,42.411500823462205,7.2963005668003955,1158.6706476292488,1158.6706476292488,129.04535595442297,750.0000000000002,538735.338314882,2896.676619073122,True,0.11137362995987,359.15689220992135
thickness_grids_L6000mm.csv,94,6.0,548.8192520806926,1.1092104803936047,53,147,1.48,1.5323572812035493,0.0523572812035493,41.28806729053849,41.28806729053849,7.487922882236846,1149.7237039630654,1149.7237039630654,127.34719503619266,750.0000000000001,548819.2520806927,2874.3092599076635,True,0.1107633030416181,365.87950138712847
thickness_grids_L6000mm.csv,95,6.0,550.2098843138006,1.0783539748169049,53,148,1.49,1.542357281203549,0.0523572812035493,41.8478991014082,41.8478991014082,7.456761680278208,1151.168309547984,1151.168309547984,126.9871816103972,749.9999999999999,550209.8843138006,2877.92077386996,True,0.1103115683059932,366.80658954253374
thickness_grids_L6000mm.csv,96,6.0,551.5959548259109,1.0486053947228813,53,149,1.5,1.552357281203549,0.0523572812035493,42.411500823462205,42.411500823462205,7.425845788375972,1152.6054830792734,1152.6054830792734,126.63082251217884,750.0,551595.9548259109,2881.5137076981837,True,0.1098648447983042,367.7306365506072
thickness_grids_L6000mm.csv,97,6.0,561.7347952671834,1.035205742766545,54,147,1.48,1.5342754830863474,0.0542754830863474,41.28806729053849,41.28806729053849,7.618302021509045,1143.7223098898382,1143.7223098898382,125.00155258062853,750.0,561734.7952671833,2859.3057747245953,True,0.1092936209250552,374.4898635114555
thickness_grids_L6000mm.csv,98,6.0,563.1511234673837,1.0063920875724064,54,148,1.49,1.5442754830863474,0.0542754830863474,41.8478991014082,41.8478991014082,7.58662810632632,1145.1739446165625,1145.1739446165625,124.6487233294672,750.0,563151.1234673838,2862.934861541406,True,0.1088469781516057,375.4340823115892
thickness_grids_L6000mm.csv,99,6.0,564.5627716263702,0.9786135189039812,54,149,1.5,1.5542754830863474,0.0542754830863474,42.411500823462205,42.411500823462205,7.555203128345347,1146.618170324299,1146.618170324299,124.2994708520871,750.0,564562.7716263703,2866.5454258107475,True,0.1084052861441497,376.3751810842468
thickness_grids_L6000mm.csv,100,6.0,574.7555790666235,0.9673723105252018,55,147,1.48,1.5362295392099454,0.0562295392099454,41.28806729053849,41.28806729053849,7.748478654879829,1137.7983691142351,1137.7983691142351,122.73536441083034,749.9999999999998,574755.5790666235,2844.495922785588,True,0.1078709266443918,383.1703860444157
thickness_grids_L6000mm.csv,101,6.0,584.9299380226497,0.958431626607068,56,145,1.46,1.5182194495743435,0.0582194495743435,40.17971340235201,40.17971340235201,7.944611586968261,1128.99890866316,1128.99890866316,121.2335182749365,750.0000000000001,584929.9380226497,2822.4972716578995,True,0.1073814308806447,389.9532920150998
thickness_grids_L6000mm.csv,102,6.0,595.0826930477477,0.9517225579642186,57,143,1.44,1.5002452141795417,0.0602452141795414,39.08643915890276,39.08643915890276,8.143653786549395,1120.220139211341,1120.220139211341,119.79114573569042,749.9999999999999,595082.6930477477,2800.550348028351,True,0.1069353616692036,396.7217953651651
thickness_grids_L6000mm.csv,103,6.0,645.4044055041144,0.9505086656095724,62,133,1.34,1.410911850817531,0.0709118508175307,33.84626261271499,33.84626261271499,9.1844684994267,1076.6460138402103,1076.6460138402103,113.38601568143784,749.9999999999999,645404.4055041143,2691.6150346005256,True,0.1053141090236423,430.26960366940955
thickness_grids_L7000mm.csv,0,7.0,260.00415794566055,10.782627589522455,24,146,1.47,1.4823260213503897,0.0123260213503896,47.52067295599528,47.52067295599528,3.771829147981595,1355.732070735497,1355.732070735497,264.28363440882947,749.9999999999999,260004.15794566055,3389.3301768387423,True,0.1949379527958302,148.57380454037747
thickness_grids_L7000mm.csv,1,7.0,260.78440431756013,10.473845228902858,24,147,1.48,1.4923260213503895,0.0123260213503896,48.16941183896158,48.16941183896158,3.756637804693733,1356.7422200510553,1356.7422200510553,263.4892699033292,750.0000000000002,260784.40431756017,3391.855550127638,True,0.194207319569825,149.01965961003435
thickness_grids_L7000mm.csv,2,7.0,261.56258082632445,10.1762712116095,24,148,1.49,1.5023260213503895,0.0123260213503896,48.8225489516429,48.8225489516429,3.7415748650245217,1357.745460277807,1357.745460277807,262.7032744365254,749.9999999999999,261562.58082632444,3394.363650694517,True,0.1934849219696701,149.46433190075683
thickness_grids_L7000mm.csv,3,7.0,262.3387073282422,9.889421554284976,24,149,1.5,1.5123260213503895,0.0123260213503896,49.48008429403925,49.48008429403925,3.726638223517598,1358.741894495368,1358.741894495368,261.9255045784003,750.0000000000005,262338.7073282422,3396.8547362384193,True,0.1927706105475451,149.90783275899554
thickness_grids_L7000mm.csv,4,7.0,270.0263495488262,9.68795063711977,25,145,1.46,1.4732044502499888,0.0132044502499887,46.87633230274401,46.87633230274401,3.918465097112929,1346.0655142633525,1346.0655142633525,256.0430671663527,750.0000000000001,270026.3495488262,3365.1637856583807,True,0.1902159029060891,154.30077117075786
thickness_grids_L7000mm.csv,5,7.0,270.8359760594223,9.40822738253502,25,146,1.47,1.4832044502499888,0.0132044502499887,47.52067295599528,47.52067295599528,3.902619520457778,1347.1028101598365,1347.1028101598365,255.26812805547397,749.9999999999998,270835.9760594223,3367.7570253995905,True,0.1894941693612723,154.76341489109845
thickness_grids_L7000mm.csv,6,7.0,271.6434279127838,9.138733628069586,25,147,1.48,1.4932044502499888,0.0132044502499887,48.16941183896158,48.16941183896158,3.88690886489193,1348.1330039423483,1348.1330039423483,254.5014036897951,750.0000000000001,271643.4279127838,3370.332509855871,True,0.1887806343628974,155.22481595016217
thickness_grids_L7000mm.csv,7,7.0,272.44872612911126,8.879024486160578,25,148,1.49,1.5032044502499888,0.0132044502499887,48.8225489516429,48.8225489516429,3.8713309023198264,1349.1562020822882,1349.1562020822882,253.74275248739292,750.0,272448.72612911125,3372.8905052057203,True,0.1880751480783072,155.68498635949214
thickness_grids_L7000mm.csv,8,7.0,273.2518913328137,8.628677349344853,25,149,1.5,1.5132044502499888,0.0132044502499887,49.48008429403925,49.48008429403925,3.855883458398274,1350.172508648487,1350.172508648487,252.99203616535868,750.0,273251.8913328137,3375.4312716212175,True,0.1873775643814595,156.143937904465
thickness_grids_L7000mm.csv,9,7.0,281.01064013418755,8.485667348274283,26,145,1.46,1.4741187333903878,0.0141187333903878,46.87633230274401,46.87633230274401,4.050442407296025,1337.493391650804,1337.493391650804,247.53939506461165,750.0000000000002,281010.64013418753,3343.73347912701,True,0.1850770976588419,160.57750864810717
thickness_grids_L7000mm.csv,10,7.0,281.8477352329518,8.240591305080573,26,146,1.47,1.4841187333903878,0.0141187333903878,47.52067295599528,47.52067295599528,4.03407130000176,1338.550219626051,1338.550219626051,246.79074709851176,750.0,281847.73523295176,3346.375549065128,True,0.1843716757728053,161.05584870454388
thickness_grids_L7000mm.csv,11,7.0,282.6825696441718,8.004480000382086,26,147,1.48,1.4941187333903878,0.0141187333903878,48.16941183896158,48.16941183896158,4.017839478523714,1339.599863731498,1339.599863731498,246.05003037084276,750.0,282682.5696441718,3348.999659328745,True,0.1836742724692898,161.53289693952675
thickness_grids_L7000mm.csv,12,7.0,283.5151651835404,7.776943453707233,26,148,1.49,1.5041187333903878,0.0141187333903878,48.8225489516429,48.8225489516429,4.00174464428477,1340.6424313543628,1340.6424313543628,245.31710826507995,750.0000000000002,283515.1651835404,3351.6060783859066,True,0.1829847411417914,162.00866581916594
thickness_grids_L7000mm.csv,13,7.0,284.34554325669166,7.55761121979754,26,149,1.5,1.5141187333903878,0.0141187333903878,49.48008429403925,49.48008429403925,3.985784554131541,1341.6780274632415,1341.6780274632415,244.5918473461679,750.0000000000002,284345.54325669166,3354.195068658104,True,0.1823029388120981,162.48316757525237
thickness_grids_L7000mm.csv,14,7.0,292.1698964358598,7.460096739242108,27,145,1.46,1.4750688707715869,0.0150688707715868,46.87633230274401,46.87633230274401,4.1829998330346125,1329.0030524693177,1329.0030524693177,239.53323394054237,750.0,292169.8964358598,3322.507631173294,True,0.1802352774852429,166.95422653477704
thickness_grids_L7000mm.csv,15,7.0,293.0346251744558,7.244579501821137,27,146,1.47,1.485068870771587,0.0150688707715868,47.52067295599528,47.52067295599528,4.166101706390986,1330.078812555255,1330.078812555255,238.8093560794589,750.0000000000001,293034.6251744558,3325.197031388137,True,0.179545267412143,167.44835724254617
thickness_grids_L7000mm.csv,16,7.0,293.8970057334314,7.0369478489180555,27,147,1.48,1.495068870771587,0.0150688707715868,48.16941183896158,48.16941183896158,4.149347231499651,1331.1473126918129,1331.1473126918129,238.09314221191585,749.9999999999999,293897.0057334314,3327.868281729531,True,0.1788631054893916,167.94114613338937
thickness_grids_L7000mm.csv,17,7.0,294.75706073731425,6.836858655331261,27,148,1.49,1.505068870771587,0.0150688707715868,48.8225489516429,48.8225489516429,4.132734039447731,1332.2086610934111,1332.2086610934111,237.3844604041933,750.0000000000001,294757.0607373142,3330.5216527335274,True,0.1781886481726968,168.43260613560813
thickness_grids_L7000mm.csv,18,7.0,295.61481238596053,6.643985988426902,27,149,1.5,1.515068870771587,0.0150688707715868,49.48008429403925,49.48008429403925,4.116259818408811,1333.2629635419553,1333.2629635419553,236.68318179304805,750.0000000000002,295614.81238596054,3333.157408854888,True,0.1775217554714592,168.9227499348346
thickness_grids_L7000mm.csv,19,7.0,303.49982509908034,6.581798171228555,28,145,1.46,1.476054862393586,0.0160548623935858,46.87633230274401,46.87633230274401,4.316063463090788,1320.5981446470073,1320.5981446470073,231.98596522834103,750.0000000000002,303499.82509908034,3301.495361617518,True,0.1756673414760478,173.42847148518877
thickness_grids_L7000mm.csv,20,7.0,304.39234098249665,6.391598708940082,28,146,1.47,1.486054862393586,0.0160548623935858,47.52067295599528,47.52067295599528,4.298637160247715,1321.6922395165043,1321.6922395165043,231.28545440144777,750.0000000000001,304392.3409824966,3304.230598791261,True,0.1749919137650801,173.93848056142664
thickness_grids_L7000mm.csv,21,7.0,305.2824197399479,6.208360387911826,28,147,1.48,1.496054862393586,0.0160548623935858,48.16941183896158,48.16941183896158,4.28135887305074,1322.7790038906678,1322.7790038906678,230.592355325211,750.0000000000001,305282.4197399479,3306.947509726669,True,0.1743241725541255,174.44709699425593
thickness_grids_L7000mm.csv,22,7.0,306.1700848183358,6.031780226194089,28,148,1.49,1.506054862393586,0.0160548623935858,48.8225489516429,48.8225489516429,4.264226162456952,1323.8585467255032,1323.8585467255032,229.9065404880234,750.0000000000001,306170.0848183358,3309.6463668137576,True,0.1736639772101676,174.95433418190615
thickness_grids_L7000mm.csv,23,7.0,307.0553592247621,5.861570427100677,28,149,1.5,1.516054862393586,0.0160548623935858,49.48008429403925,49.48008429403925,4.247236648160791,1324.930974532778,1324.930974532778,229.2278853437247,750.0000000000001,307055.3592247621,3312.3274363319447,True,0.1730111905826334,175.46020527129264
thickness_grids_L7000mm.csv,24,7.0,314.99656556660324,5.826727539753146,29,145,1.46,1.4770767082563847,0.0170767082563848,46.87633230274401,46.87633230274401,4.449567345858921,1312.2815821608951,1312.2815821608951,224.86234829629,750.0000000000002,314996.5655666032,3280.7039554022376,True,0.1713522092766217,179.9980374666304
thickness_grids_L7000mm.csv,25,7.0,315.9170122376857,5.658296912117588,29,146,1.47,1.4870767082563847,0.0170767082563848,47.52067295599528,47.52067295599528,4.431612009165672,1313.3934192895458,1313.3934192895458,224.18390908527627,750.0,315917.0122376857,3283.483548223864,True,0.1706905987137838,180.52400699296325
thickness_grids_L7000mm.csv,26,7.0,316.83493138556025,5.496032456853197,29,147,1.48,1.4970767082563847,0.0170767082563848,48.16941183896158,48.16941183896158,4.413809047005978,1314.497860757847,1314.497860757847,223.51264323437692,750.0,316834.93138556025,3286.244651894618,True,0.1700365210982657,181.04853222032017
thickness_grids_L7000mm.csv,27,7.0,317.7503472929768,5.339665717663493,29,148,1.49,1.5070767082563847,0.0170767082563848,48.8225489516429,48.8225489516429,4.396155950463833,1315.5950161810915,1315.5950161810915,222.8484274132129,750.0000000000001,317750.3472929768,3288.9875404527284,True,0.1693898385690888,181.57162702455815
thickness_grids_L7000mm.csv,28,7.0,318.66328378781066,5.188941696849698,29,149,1.5,1.5170767082563847,0.0170767082563848,49.48008429403925,49.48008429403925,4.378650271006838,1316.6849927201556,1316.6849927201556,222.19114115765925,750.0000000000001,318663.28378781065,3291.712481800389,True,0.168750416679871,182.09330502160608
thickness_grids_L7000mm.csv,29,7.0,326.6566304035539,5.175173841991171,30,145,1.46,1.4781344083599837,0.0181344083599837,46.87633230274401,46.87633230274401,4.5834524087541615,1304.055655708641,1304.055655708641,218.1302475020132,750.0000000000002,326656.6304035539,3260.139139271603,True,0.1672706579256222,186.66093165917368
thickness_grids_L7000mm.csv,30,7.0,327.6051431012112,5.025530508504999,30,146,1.47,1.4881344083599837,0.0181344083599837,47.52067295599528,47.52067295599528,4.564967451486753,1305.1846491226552,1305.1846491226552,217.4726826572848,749.9999999999998,327605.1431012112,3262.9616228066375,True,0.1666221578712788,187.2029389149778
thickness_grids_L7000mm.csv,31,7.0,328.5510364271833,4.8813671620368115,30,147,1.48,1.4981344083599837,0.0181344083599837,48.16941183896158,48.16941183896158,4.546639219917161,1306.306186932682,1306.306186932682,216.8220655860704,750.0000000000002,328551.0364271833,3265.765467331705,True,0.1659810446853865,187.74344938696188
thickness_grids_L7000mm.csv,32,7.0,329.4943355137963,4.742445151663281,30,148,1.49,1.5081344083599837,0.0181344083599837,48.8225489516429,48.8225489516429,4.528465135565035,1307.4203793340546,1307.4203793340546,216.17827691654512,749.9999999999999,329494.33551379625,3268.550948335136,True,0.1653471831505772,188.282477436455
thickness_grids_L7000mm.csv,33,7.0,330.4350650232805,4.608537794251622,30,149,1.5,1.5181344083599837,0.0181344083599837,49.48008429403925,49.48008429403925,4.510442681968872,1308.527334059303,1308.527334059303,215.54120004926156,750.0,330435.0650232805,3271.318335148257,True,0.1647204413992724,188.82003715616028
thickness_grids_L7000mm.csv,34,7.0,339.45356157953046,4.477545840180233,31,146,1.47,1.4892279627043827,0.0192279627043826,47.52067295599528,47.52067295599528,4.698650624665733,1297.0676976928423,1297.0676976928423,211.1225670878859,750.0000000000003,339453.5615795305,3242.6692442321055,True,0.1627691195019504,193.97346375973171
thickness_grids_L7000mm.csv,35,7.0,340.427555730147,4.349060771764636,31,147,1.48,1.4992279627043827,0.0192279627043826,48.16941183896158,48.16941183896158,4.679796773107957,1298.2057588825146,1298.2057588825146,210.49150289425285,749.9999999999997,340427.555730147,3245.5143972062865,True,0.1621403244085454,194.53003184579828
thickness_grids_L7000mm.csv,36,7.0,341.3988632017912,4.225248432258058,31,148,1.49,1.5092279627043828,0.0192279627043826,48.8225489516429,48.8225489516429,4.661101340501072,1299.336420281078,1299.336420281078,209.8670571163563,750.0,341398.8632017912,3248.3410507026947,True,0.1615186443176564,195.0850646867378
thickness_grids_L7000mm.csv,37,7.0,342.3675095047795,4.1059066703499925,31,149,1.5,1.5192279627043828,0.0192279627043826,49.48008429403925,49.48008429403925,4.6425617427977866,1300.4597901183188,1300.4597901183188,209.2491168181915,749.9999999999999,342367.5095047795,3251.149475295797,True,0.1609039498246643,195.638576859874
thickness_grids_L7000mm.csv,38,7.0,351.459376435481,4.001329215483365,32,146,1.47,1.4903573712895817,0.0203573712895815,47.52067295599528,47.52067295599528,4.832613830930891,1289.0438836611972,1289.0438836611972,205.1069303378044,750.0,351459.37643548095,3222.6097091529928,True,0.1591155529594935,200.8339293917034
thickness_grids_L7000mm.csv,39,7.0,352.4615920167661,3.8864712909066186,32,147,1.48,1.5003573712895817,0.0203573712895815,48.16941183896158,48.16941183896158,4.813234231463966,1290.1979041735142,1290.1979041735142,204.4944038543038,749.9999999999998,352461.5920167661,3225.494760433786,True,0.1584984777860886,201.4066240095806
thickness_grids_L7000mm.csv,40,7.0,353.46102703261226,3.775791802033496,32,148,1.49,1.5103573712895817,0.0203573712895815,48.8225489516429,48.8225489516429,4.79401731054805,1291.3444753299711,1291.3444753299711,203.8882965862484,750.0000000000001,353461.02703261224,3228.361188324928,True,0.1578883872439612,201.9777297329213
thickness_grids_L7000mm.csv,41,7.0,354.4577078555134,3.669109926379013,32,149,1.5,1.5203573712895817,0.0203573712895815,49.48008429403925,49.48008429403925,4.7749604169352695,1292.4837057862862,1292.4837057862862,203.288499074682,750.0000000000002,354457.7078555134,3231.2092644657155,True,0.1572851542844099,202.5472616317219
thickness_grids_L7000mm.csv,42,7.0,363.6199404914209,3.5860893945375976,33,146,1.47,1.4915226341155805,0.0215226341155803,47.52067295599528,47.52067295599528,4.966813877704957,1281.1141422096407,1281.1141422096407,199.40147913796045,749.9999999999999,363619.9404914209,3202.7853555241018,True,0.1556469268179622,207.7828231379548
thickness_grids_L7000mm.csv,43,7.0,364.65049303067593,3.4831157191034623,33,147,1.48,1.5015226341155803,0.0215226341155803,48.16941183896158,48.16941183896158,4.946908606516202,1282.283567770536,1282.283567770536,198.80654884160293,750.0,364650.4930306759,3205.70891942634,True,0.1550410173213568,208.3717103032434
thickness_grids_L7000mm.csv,44,7.0,365.67816966259744,3.38388933836059,33,148,1.49,1.5115226341155803,0.0215226341155803,48.8225489516429,48.8225489516429,4.927170259241569,1283.445499064187,1283.445499064187,198.21784856487383,750.0000000000002,365678.1696625974,3208.613747660467,True,0.154441967897665,208.9589540929128
thickness_grids_L7000mm.csv,45,7.0,366.7029976362826,3.2882480364775097,33,149,1.5,1.5215226341155803,0.0215226341155803,49.48008429403925,49.48008429403925,4.907596117859025,1284.600045103823,1284.600045103823,197.63527215294025,749.9999999999999,366702.9976362826,3211.5001127595574,True,0.1538496537550464,209.54457007787576
thickness_grids_L7000mm.csv,46,7.0,375.9328192879941,3.2228443397226605,34,146,1.47,1.4927237511823792,0.0227237511823791,47.52067295599528,47.52067295599528,5.101211514173552,1273.2790815283151,1273.2790815283151,193.98403968750316,750.0,375932.81928799406,3183.197703820788,True,0.1523499777084725,214.81875387885376
thickness_grids_L7000mm.csv,47,7.0,376.9918200767467,3.130268598084682,34,147,1.48,1.5027237511823792,0.0227237511823791,48.16941183896158,48.16941183896158,5.080780835281295,1274.463368327177,1274.463368327177,193.4058312740278,750.0000000000002,376991.8200767467,3186.1584208179424,True,0.1517547197357948,215.4238971867124
thickness_grids_L7000mm.csv,48,7.0,378.04784815025016,3.0410628706121967,34,148,1.49,1.5127237511823792,0.0227237511823791,48.8225489516429,48.8225489516429,5.060521309472756,1275.6401204366127,1275.6401204366125,192.8336729758851,750.0000000000001,378047.84815025015,3189.100301091531,True,0.1511662026668493,216.02734180014295
thickness_grids_L7000mm.csv,49,7.0,379.10093164890384,2.9550812262554236,34,149,1.5,1.5227237511823792,0.0227237511823791,49.48008429403925,49.48008429403925,5.040430152413932,1276.809447161968,1276.809447161968,192.26746178170896,749.9999999999999,379100.9316489038,3192.0236179049193,True,0.1505843038748437,216.6291037993736
thickness_grids_L7000mm.csv,50,7.0,388.3957642410639,2.904090184765412,35,146,1.47,1.4939607224899778,0.0239607224899779,47.52067295599528,47.52067295599528,5.235770948603352,1265.5390308810147,1265.5390308810147,188.83435669438384,750.0000000000002,388395.7642410639,3163.8475772025367,True,0.1492125901189514,221.94043670917935
thickness_grids_L7000mm.csv,51,7.0,389.4833210764046,2.82064043090512,35,147,1.48,1.5039607224899778,0.0239607224899779,48.16941183896158,48.16941183896158,5.2148152995278725,1266.7376460865153,1266.7376460865153,188.2720572616874,749.9999999999998,389483.3210764046,3166.844115216288,True,0.1486275061322594,222.56189775794547
thickness_grids_L7000mm.csv,52,7.0,390.5678069099619,2.740229507534882,35,148,1.49,1.5139607224899778,0.0239607224899779,48.8225489516429,48.8225489516429,5.194035014683667,1267.9286905067988,1267.9286905067988,187.71563668024592,749.9999999999999,390567.8069099619,3169.821726266997,True,0.1480490488824058,223.18160394854968
thickness_grids_L7000mm.csv,53,7.0,391.649250788531,2.6627257810026506,35,149,1.5,1.5239607224899778,0.0239607224899779,49.48008429403925,49.48008429403925,5.17342724392132,1269.1122736768375,1269.1122736768375,187.16499493276984,750.0000000000001,391649.250788531,3172.780684192094,True,0.1474770978224964,223.79957187916057
thickness_grids_L7000mm.csv,54,7.0,401.00668958703307,2.6235351870994843,36,146,1.47,1.4952335480383767,0.0252335480383766,47.52067295599528,47.52067295599528,5.37045943365593,1257.894081595418,1257.894081595418,183.9339103894495,750.0000000000001,401006.68958703306,3144.7352039885445,True,0.146223686938857,229.1466797640189
thickness_grids_L7000mm.csv,55,7.0,402.12290742523913,2.548119229636479,36,147,1.48,1.5052335480383767,0.0252335480383766,48.16941183896158,48.16941183896158,5.348979412763926,1259.1065037340134,1259.1065037340134,183.38676317556812,749.9999999999998,402122.9074252392,3147.7662593350333,True,0.1456483328707423,229.78451852870808
thickness_grids_L7000mm.csv,56,7.0,403.23595448219703,2.4754505053726064,36,148,1.49,1.5152335480383767,0.0252335480383766,48.8225489516429,48.8225489516429,5.327678947512711,1260.3113231574098,1260.3113231574098,182.8453315936198,749.9999999999999,403235.954482197,3150.778307893524,True,0.145079496021304,230.4205454183983
thickness_grids_L7000mm.csv,57,7.0,404.3458607265693,2.405409971183885,36,149,1.5,1.5252335480383767,0.0252335480383766,49.48008429403925,49.48008429403925,5.306555122466779,1261.5086495705218,1261.5086495705218,182.30951848127,750.0000000000002,404345.86072656926,3153.771623926304,True,0.1445170578444602,231.0547775580396
thickness_grids_L7000mm.csv,58,7.0,413.7636525270042,2.375885177562793,37,146,1.47,1.4965422278275753,0.0265422278275753,47.52067295599528,47.52067295599528,5.505246909115902,1250.3441220945597,1250.3441220945597,179.2657506670958,750.0000000000001,413763.6525270042,3125.8603052363987,True,0.1433731302441701,236.43637287257383
thickness_grids_L7000mm.csv,59,7.0,414.9086340613748,2.307562090472645,37,147,1.48,1.5065422278275753,0.0265422278275753,48.16941183896158,48.16941183896158,5.483243264400348,1251.569841314867,1251.569841314867,178.7330502909171,749.9999999999999,414908.6340613748,3128.924603287167,True,0.1428070926534509,237.09064803507133
thickness_grids_L7000mm.csv,60,7.0,416.05034352645055,2.2417287466632883,37,148,1.49,1.5165422278275753,0.0265422278275753,48.8225489516429,48.8225489516429,5.4614233453852234,1252.7879298978587,1252.7879298978587,178.205909827195,750.0000000000001,416050.34352645057,3131.9698247446463,True,0.1422474670886431,237.74305344368605
thickness_grids_L7000mm.csv,61,7.0,417.1888118285323,2.178277222758244,37,149,1.5,1.526542227827575,0.0265422278275753,49.48008429403925,49.48008429403925,5.439784171909131,1253.998497661435,1253.998497661435,177.68423483878033,749.9999999999999,417188.8118285323,3134.996244153587,True,0.1416941369308984,238.39360675916132
thickness_grids_L7000mm.csv,62,7.0,426.6648360796325,2.1566699390217936,38,146,1.47,1.497886761857574,0.0278867618575739,47.52067295599528,47.52067295599528,5.640105693223899,1242.8888678976875,1242.8888678976875,174.81434724036123,749.9999999999999,426664.8360796325,3107.2221697442187,True,0.1406516316587941,243.80847775979
thickness_grids_L7000mm.csv,63,7.0,427.83868225299653,2.0946265294337323,38,147,1.48,1.507886761857574,0.0278867618575739,48.16941183896158,48.16941183896158,5.617579312330023,1244.1273861394457,1244.1273861394457,174.2954353966402,750.0000000000002,427838.68225299654,3110.3184653486137,True,0.1400945251574943,244.4792470017123
thickness_grids_L7000mm.csv,64,7.0,429.0091535432549,2.0348448536031776,38,148,1.49,1.517886761857574,0.0278867618575739,48.8225489516429,48.8225489516429,5.595240804324151,1245.3582496750537,1245.3582496750537,173.78193474643106,750.0,429009.1535432549,3113.395624187634,True,0.1395437295186146,245.1480877390028
thickness_grids_L7000mm.csv,65,7.0,430.1762818106361,1.9772268365084325,38,149,1.5,1.527886761857574,0.0278867618575739,49.48008429403925,49.48008429403925,5.573087124909426,1246.581568381023,1246.581568381023,173.2737534566656,750.0,430176.2818106361,3116.4539209525574,True,0.1389991299820853,245.81501817750635
thickness_grids_L7000mm.csv,66,7.0,439.70853423376184,1.9621022149193004,39,146,1.47,1.4992671501283723,0.0292671501283726,47.52067295599528,47.52067295599528,5.775010215275145,1235.527887363152,1235.527887363152,170.5654545736296,750.0,439708.53423376183,3088.81971840788,True,0.1380506715535561,251.2620195621496
thickness_grids_L7000mm.csv,67,7.0,440.9113446938362,1.9056335165575888,39,147,1.48,1.5092671501283723,0.0292671501283726,48.16941183896158,48.16941183896158,5.751962116598882,1236.7787184471863,1236.7787184471863,170.0597161373911,749.9999999999997,440911.3446938363,3091.946796117966,True,0.1375021364783073,251.94933982504932
thickness_grids_L7000mm.csv,68,7.0,442.1106759130538,1.8512241021551032,39,148,1.49,1.5192671501283723,0.0292671501283726,48.8225489516429,48.8225489516429,5.729106013689056,1238.0218744584083,1238.0218744584083,169.559246718344,749.9999999999997,442110.6759130538,3095.0546861460207,True,0.1369598148599113,252.6346719503165
thickness_grids_L7000mm.csv,69,7.0,443.30656072212827,1.7987846426213976,39,149,1.5,1.5292671501283726,0.0292671501283726,49.48008429403925,49.48008429403925,5.7064387987286125,1239.257465280276,1239.257465280276,169.06395697424136,750.0000000000002,443306.56072212826,3098.14366320069,True,0.1364235937332079,253.318034698359
thickness_grids_L7000mm.csv,70,7.0,452.8931390594153,1.7889628151143555,40,146,1.47,1.5006833926399712,0.0306833926399711,47.52067295599528,47.52067295599528,5.909936783348656,1228.2606238183955,1228.2606238183955,166.5059903227988,750.0,452893.1390594153,3070.6515595459887,True,0.1355624263237942,258.79607946252304
thickness_grids_L7000mm.csv,71,7.0,454.1250125646402,1.7374558623790115,40,147,1.48,1.5106833926399712,0.0306833926399711,48.16941183896158,48.16941183896158,5.886368108069949,1229.5232934707929,1229.5232934707929,166.0128498223145,750.0000000000002,454125.0125646402,3073.808233676982,True,0.1350221266273701,259.5000071797944
thickness_grids_L7000mm.csv,72,7.0,455.3533009079653,1.687827970418314,40,148,1.49,1.5206833926399712,0.0306833926399711,48.8225489516429,48.8225489516429,5.8629955257622015,1230.7782712388007,1230.7782712388007,165.5248422847948,749.9999999999999,455353.30090796534,3076.9456780970013,True,0.1344879464911182,260.20188623312305
thickness_grids_L7000mm.csv,73,7.0,456.5780379077026,1.6399975972999372,40,149,1.5,1.5306833926399712,0.0306833926399711,49.48008429403925,49.48008429403925,5.839815865732501,1232.02566696347,1232.02566696347,165.04188075284625,750.0000000000001,456578.0379077026,3080.0641674086746,True,0.1339597746852296,260.90173594725866
thickness_grids_L7000mm.csv,74,7.0,466.21712949033326,1.6345066629815503,41,146,1.47,1.5021354893923695,0.0321354893923697,47.52067295599528,47.52067295599528,6.0448633820193445,1221.0864146172555,1221.0864146172555,162.62392603684037,750.0000000000001,466217.12949033326,3052.7160365431387,True,0.1331797030006383,266.4097882801904
thickness_grids_L7000mm.csv,75,7.0,467.4781642723617,1.5874269478433,41,147,1.48,1.5121354893923695,0.0321354893923697,48.16941183896158,48.16941183896158,6.020775386947328,1222.3604604391548,1222.3604604391548,162.14284445797588,750.0000000000001,467478.1642723617,3055.901151097887,True,0.1326473243414002,267.1303795842067
thickness_grids_L7000mm.csv,76,7.0,468.7355063879744,1.5420654542300614,41,148,1.49,1.5221354893923698,0.0321354893923697,48.8225489516429,48.8225489516429,5.996887555082059,1223.626800977063,1223.626800977063,161.66676552335406,750.0,468735.5063879744,3059.0670024426577,True,0.132120974625812,267.8488607931282
thickness_grids_L7000mm.csv,77,7.0,469.9891906604624,1.4983475911235264,41,149,1.5,1.5321354893923698,0.0321354893923697,49.48008429403925,49.48008429403925,5.973196653522084,1224.885545982749,1224.885545982749,161.195604561086,750.0000000000001,469989.1906604624,3062.2138649568724,True,0.1316005443037175,268.5652518059785
thickness_grids_L7000mm.csv,78,7.0,479.6790615382508,1.496385702477202,42,146,1.47,1.5036234403855682,0.0336234403855682,47.52067295599528,47.52067295599528,6.179769495742512,1214.0045075770238,1214.0045075770238,158.90818893387035,750.0000000000001,479679.0615382508,3035.0112689425596,True,0.1308958804864966,274.10232087900044
thickness_grids_L7000mm.csv,79,7.0,480.9693556263222,1.4532658328535442,42,147,1.48,1.5136234403855682,0.0336234403855682,48.16941183896158,48.16941183896158,6.15516354686799,1215.2894789695906,1215.2894789695906,158.43866082222686,750.0,480969.3556263222,3038.2236974239763,True,0.1303711284957082,274.83963178646985
thickness_grids_L7000mm.csv,80,7.0,482.25584793888225,1.4117202974991967,42,148,1.49,1.5236234403855682,0.0336234403855682,48.8225489516429,48.8225489516429,6.130761803233633,1216.5667349516905,1216.5667349516905,157.97401041573178,749.9999999999998,482255.84793888225,3041.4168373792263,True,0.1298523179018246,275.57477025078987
thickness_grids_L7000mm.csv,81,7.0,483.53857432217256,1.3716807248958875,42,149,1.5,1.5336234403855682,0.0336234403855682,49.48008429403925,49.48008429403925,6.106560970421174,1217.836385141184,1217.836385141184,157.51415523483917,750.0000000000001,483538.57432217256,3044.59096285296,True,0.1293393407822829,276.3077567555272
thickness_grids_L7000mm.csv,82,7.0,494.5972112474448,1.333015595625046,43,147,1.48,1.5151472456195667,0.0351472456195666,48.16941183896158,48.16941183896158,6.289513520930435,1208.3095332292482,1208.3095332292485,154.89012447336418,750.0000000000001,494597.2112474448,3020.773833073121,True,0.128187455460535,282.62697785568275
thickness_grids_L7000mm.csv,83,7.0,495.91295024840593,1.2948910785736971,43,148,1.49,1.5251472456195667,0.0351472456195666,48.8225489516429,48.8225489516429,6.264599305492464,1209.5972688834029,1209.5972688834029,154.43643312177267,750.0,495912.9502484059,3023.993172208507,True,0.1276759108958101,283.3788287133748
thickness_grids_L7000mm.csv,84,7.0,497.2248136259783,1.2581490802297828,43,149,1.5,1.5351472456195667,0.0351472456195666,49.48008429403925,49.48008429403925,6.239889952729086,1210.8773915806566,1210.8773915806566,153.98741921318853,750.0000000000002,497224.8136259783,3027.1934789516413,True,0.1271701167136139,284.1284649291305
thickness_grids_L7000mm.csv,85,7.0,508.3604170390044,1.2249923958175275,44,147,1.48,1.5167069050943651,0.0367069050943651,48.16941183896158,48.16941183896158,6.423807446601276,1201.419744185533,1201.419744185533,151.487846676264,750.0,508360.4170390044,3003.5493604638327,True,0.1260906917914527,290.4916668794311
thickness_grids_L7000mm.csv,86,7.0,509.7054995474157,1.1899417166222046,44,148,1.49,1.5267069050943651,0.0367069050943651,48.8225489516429,48.8225489516429,6.398382296269681,1202.7175351555047,1202.7175351555047,151.04467314348372,750.0000000000001,509705.4995474157,3006.7938378887616,True,0.1255861569557597,291.2602854556661
thickness_grids_L7000mm.csv,87,7.0,511.0465951083752,1.1561626172972606,44,149,1.5,1.5367069050943651,0.0367069050943651,49.48008429403925,49.48008429403925,6.373165930698753,1204.0077089722452,1204.0077089722452,150.60606393790562,750.0000000000001,511046.5951083752,3010.019272430613,True,0.1250872920626602,292.0266257762144
thickness_grids_L7000mm.csv,88,7.0,522.2577135733872,1.1277432584217653,45,147,1.48,1.5183024188099634,0.0383024188099635,48.16941183896158,48.16941183896158,6.5580285469086474,1194.6191802159951,1194.6191802159951,148.22315331658325,750.0000000000001,522257.7135733872,2986.5479505399876,True,0.1240756516982956,298.43297918479266
thickness_grids_L7000mm.csv,89,7.0,523.6322369706863,1.0954604517346995,45,148,1.49,1.5283024188099634,0.0383024188099635,48.8225489516429,48.8225489516429,6.5320940907768374,1195.9266133994668,1195.9266133994668,147.7900824531658,750.0000000000002,523632.2369706863,2989.816533498667,True,0.1235778857977471,299.2184211261065
thickness_grids_L7000mm.csv,90,7.0,525.0026604439404,1.0643493081404498,45,149,1.5,1.5383024188099634,0.0383024188099635,49.48008429403925,49.48008429403925,6.506372310669993,1197.2264280774502,1197.2264280774502,147.36146719321087,750.0,525002.6604439404,2993.066070193626,True,0.1230857118898129,300.00152025368027
thickness_grids_L7000mm.csv,91,7.0,536.2878902713155,1.0400109729125693,46,147,1.48,1.5199337867663618,0.0399337867663618,48.16941183896158,48.16941183896158,6.692161025721013,1187.9068663069254,1187.9068663069254,145.08802096204832,750.0,536287.8902713155,2969.767165767313,True,0.1221375387896454,306.4502230121803
thickness_grids_L7000mm.csv,92,7.0,537.691952712997,1.0102257387233342,46,148,1.49,1.5299337867663618,0.0399337867663618,48.8225489516429,48.8225489516429,6.665718980720646,1189.2235396739468,1189.2235396739468,144.6646617470913,749.9999999999999,537691.952712997,2973.058849184867,True,0.1216463153653639,307.25254440742685
thickness_grids_L7000mm.csv,93,7.0,539.0918005785472,0.9815219893613248,46,149,1.5,1.5399337867663618,0.0399337867663618,49.48008429403925,49.48008429403925,6.639493471177601,1190.5325959075717,1190.5325959075717,144.2456535498646,750.0000000000003,539091.8005785473,2976.331489768929,True,0.1211606083241279,308.0524574734556
thickness_grids_L7000mm.csv,94,7.0,550.4497802683488,0.960704816663474,47,147,1.48,1.52160100896356,0.0416010089635602,48.16941183896158,48.16941183896158,6.826189975237636,1181.2817920353853,1181.2817920353853,142.0750193134885,750.0000000000002,550449.7802683489,2953.2044800884632,True,0.120271911639888,314.54273158191364
thickness_grids_L7000mm.csv,95,7.0,571.6277437959501,0.9561483711352454,49,142,1.43,1.4750430160803567,0.0450430160803567,44.96969972128037,44.96969972128037,7.237201594626971,1161.460919411257,1161.460919411257,138.43350256018485,749.9999999999999,571627.7437959501,2903.652298528142,True,0.1191891179863,326.6444250262572
thickness_grids_L7000mm.csv,96,7.0,614.9737926449175,0.951833472482506,53,133,1.34,1.3923572812035492,0.0523572812035493,39.487306381500815,39.487306381500815,8.07446607982473,1123.254644003942,1123.254644003942,131.7418008443364,749.9999999999997,614973.7926449175,2808.1366100098553,True,0.1172857833685253,351.4135957970957
thickness_grids_L7000mm.csv,97,7.0,694.1775695774958,0.9513802200384894,60,120,1.21,1.276537633439935,0.0665376334399351,32.19724062884571,32.19724062884571,9.572629311495934,1061.330035499148,1061.330035499148,121.49600067009652,750.0,694177.5695774958,2653.32508874787,True,0.1144752307070594,396.67289690142616
thickness_grids_L7000mm.csv,98,7.0,1276.3121259721463,0.9501380779257432,104,80,0.81,1.0058997342462053,0.1958997342462051,14.428392580141844,14.428392580141844,18.692770590570312,801.4582383654081,801.4582383654081,78.45405916382369,749.9999999999998,1276312.1259721464,2003.64559591352,True,0.0978891418270682,729.3212148412265
thickness_grids_L8000mm.csv,0,8.0,250.98144019306105,10.85548157852921,20,149,1.5,1.5091708481599928,0.0091708481599927,56.54866776461627,56.54866776461627,3.2573997630684604,1390.8823850539266,1390.8823850539266,301.98617125221205,749.9999999999999,250981.44019306105,3477.2059626348164,True,0.2171184095055626,125.49072009653052
thickness_grids_L8000mm.csv,1,8.0,258.58027628118214,10.803988237276952,21,144,1.45,1.459905860096392,0.009905860096392,52.84158843338032,52.84158843338032,3.450849903358471,1377.4322009585126,1377.4322009585126,294.9890452105621,749.9999999999997,258580.27628118213,3443.580502396281,True,0.2141586678497049,129.29013814059107
thickness_grids_L8000mm.csv,2,8.0,259.3725498458111,10.483257801392623,21,145,1.46,1.469905860096392,0.009905860096392,53.572951203136014,53.572951203136014,3.437346182610445,1378.361837788731,1378.361837788731,294.07139806633796,750.0,259372.5498458111,3445.9045944718273,True,0.213348476433524,129.68627492290554
thickness_grids_L8000mm.csv,3,8.0,260.1627130927282,10.174436701592306,21,146,1.47,1.479905860096392,0.009905860096392,54.309340521137464,54.309340521137464,3.4239620916181672,1379.2845958285338,1379.2845958285338,293.1635573594827,749.9999999999999,260162.7130927282,3448.2114895713344,True,0.2125475469283986,130.0813565463641
thickness_grids_L8000mm.csv,4,8.0,260.9507879093226,9.877001400760747,21,147,1.48,1.489905860096392,0.009905860096392,55.05075638738466,55.05075638738466,3.4106956035141023,1380.200581911895,1380.200581911895,292.2653541378507,750.0000000000002,260950.78790932265,3450.5014547797373,True,0.2117557099802088,130.4753939546613
thickness_grids_L8000mm.csv,5,8.0,261.7367957582788,9.59045480850059,21,148,1.49,1.4999058600963922,0.009905860096392,55.7971988018776,55.7971988018776,3.397544740113299,1381.1099004838115,1381.1099004838115,291.37662339817683,750.0,261736.7957582788,3452.7747512095284,True,0.2109728004238517,130.8683978791394
thickness_grids_L8000mm.csv,6,8.0,262.52075768862875,9.31432477621335,21,149,1.5,1.5099058600963922,0.009905860096392,56.54866776461627,56.54866776461627,3.3845075704609253,1382.0126536662,1382.0126536662,290.4972039689964,750.0000000000001,262520.75768862874,3455.0316341655,True,0.2101986571529328,131.26037884431437
thickness_grids_L8000mm.csv,7,8.0,270.2058511632097,9.311023500367568,22,144,1.45,1.4606767262735911,0.0106767262735912,52.84158843338032,52.84158843338032,3.581564195452172,1368.5038901596454,1368.5038901596454,284.0665484013688,749.9999999999998,270205.85116320965,3421.259725399113,True,0.2075745275142992,135.10292558160484
thickness_grids_L8000mm.csv,8,8.0,271.0283933593406,9.034550185678114,22,145,1.46,1.4706767262735911,0.0106767262735912,53.572951203136014,53.572951203136014,3.5675552355249187,1369.4546923470634,1369.4546923470634,283.18342218680925,750.0000000000001,271028.3933593406,3423.636730867658,True,0.2067855357094512,135.5141966796703
thickness_grids_L8000mm.csv,9,8.0,271.8487355478358,8.76834510970745,22,146,1.47,1.4806767262735911,0.0106767262735912,54.309340521137464,54.309340521137464,3.5536702997430907,1370.398505658541,1370.398505658541,282.3097286983352,749.9999999999999,271848.7355478358,3425.9962641463517,True,0.2060055724905159,135.9243677739179
thickness_grids_L8000mm.csv,10,8.0,272.6669005036902,8.511956780301803,22,147,1.48,1.4906767262735912,0.0106767262735912,55.05075638738466,55.05075638738466,3.5399072879507667,1371.3354383179894,1371.3354383179894,281.4453055038926,749.9999999999998,272666.90050369024,3428.3385957949736,True,0.205234472645948,136.3334502518451
thickness_grids_L8000mm.csv,11,8.0,273.48291056015,8.264956517549225,22,148,1.49,1.5006767262735912,0.0106767262735912,55.7971988018776,55.7971988018776,3.526264150412122,1372.2655961350702,1372.2655961350702,280.58999396599586,750.0000000000001,273482.91056015,3430.6639903376754,True,0.2044720750533031,136.741455280075
thickness_grids_L8000mm.csv,12,8.0,274.29678761999,8.026937155448275,22,149,1.5,1.5106767262735912,0.0106767262735912,56.54866776461627,56.54866776461627,3.5127388863025297,1373.1890825719663,1373.1890825719663,279.7436391290733,749.9999999999999,274296.78761999,3432.9727064299163,True,0.203718222551782,137.148393809995
thickness_grids_L8000mm.csv,13,8.0,282.9108387305259,7.8192216640891585,23,145,1.46,1.4714834466915905,0.0114834466915904,53.572951203136014,53.572951203136014,3.6987626061656327,1360.6057878046804,1360.6057878046804,272.98173276261934,749.9999999999999,282910.83873052587,3401.514469511701,True,0.2006324941503238,141.45541936526294
thickness_grids_L8000mm.csv,14,8.0,283.76163750494635,7.588771549504089,23,146,1.47,1.4814834466915905,0.0114834466915904,54.309340521137464,54.309340521137464,3.684373682887719,1361.5700914021322,1361.5700914021322,272.1400529042892,750.0000000000002,283761.6375049463,3403.9252285053303,True,0.1998722317879661,141.88081875247315
thickness_grids_L8000mm.csv,15,8.0,284.6101686321858,7.366821596117436,23,147,1.48,1.4914834466915905,0.0114834466915904,55.05075638738466,55.05075638738466,3.670111022729955,1362.5274116592857,1362.5274116592857,271.30729893420335,750.0000000000001,284610.1686321858,3406.318529148214,True,0.1991206170331688,142.3050843160929
thickness_grids_L8000mm.csv,16,8.0,285.4564553304108,7.1530005332983135,23,148,1.49,1.5014834466915905,0.0114834466915904,55.7971988018776,55.7971988018776,3.655972504234181,1363.477855650848,1363.477855650848,270.483318188033,749.9999999999999,285456.4553304108,3408.69463912712,True,0.1983774925768188,142.7282276652054
thickness_grids_L8000mm.csv,17,8.0,286.300520370481,6.946955727322768,23,149,1.5,1.5114834466915903,0.0114834466915904,56.54866776461627,56.54866776461627,3.641956056540838,1364.4215280816284,1364.4215280816284,269.6679615429078,749.9999999999998,286300.520370481,3411.0538202040707,True,0.1976427049799338,143.1502601852405
thickness_grids_L8000mm.csv,18,8.0,295.0120647245205,6.795331736139077,24,145,1.46,1.4723260213503897,0.0123260213503896,53.572951203136014,53.572951203136014,3.830845824552136,1351.8233324699268,1351.8233324699268,263.41223057180935,750.0000000000003,295012.0647245205,3379.558331174817,True,0.1948569936949725,147.50603236226024
thickness_grids_L8000mm.csv,19,8.0,295.89357361480876,6.595008113140858,24,146,1.47,1.4823260213503897,0.0123260213503896,54.309340521137464,54.309340521137464,3.815950283038338,1352.8075500003977,1352.8075500003977,262.60059881706934,749.9999999999999,295893.57361480873,3382.018875000994,True,0.1941152670363143,147.94678680740438
thickness_grids_L8000mm.csv,20,8.0,296.7727228680517,6.402075191562505,24,147,1.48,1.4923260213503895,0.0123260213503896,55.05075638738466,55.05075638738466,3.8011853568625087,1353.784687460135,1353.784687460135,261.79756953685865,750.0000000000001,296772.7228680517,3384.4617186503374,True,0.1933819845665582,148.38636143402584
thickness_grids_L8000mm.csv,21,8.0,297.64953660181425,6.216210083924861,24,148,1.49,1.5023260213503895,0.0123260213503896,55.7971988018776,55.7971988018776,3.786548852768286,1354.7548530907416,1354.7548530907416,261.00299567850254,750.0000000000001,297649.53660181427,3386.8871327268535,True,0.1926569925791736,148.82476830090712
thickness_grids_L8000mm.csv,22,8.0,298.524038468997,6.037106114748206,24,149,1.5,1.5123260213503895,0.0123260213503896,56.54866776461627,56.54866776461627,3.772038629778967,1355.7181527441237,1355.7181527441237,260.2167335986041,749.9999999999999,298524.038468997,3389.295381860308,True,0.191940141150944,149.2620192344985
thickness_grids_L8000mm.csv,23,8.0,307.325165164455,5.929081701590819,25,145,1.46,1.4732044502499888,0.0132044502499887,53.572951203136014,53.572951203136014,3.963697300162547,1343.1140886068652,1343.1140886068652,254.42498593659505,750.0000000000001,307325.16516445496,3357.7852215171624,True,0.1894291691932852,153.6625825822275
thickness_grids_L8000mm.csv,24,8.0,308.237617054459,5.754249463579995,25,146,1.47,1.4832044502499888,0.0132044502499887,54.309340521137464,54.309340521137464,3.948292963196187,1344.117637042307,1344.117637042307,253.6415918781359,750.0000000000002,308237.617054459,3360.294092605767,True,0.1887049056481894,154.1188085272295
thickness_grids_L8000mm.csv,25,8.0,309.1476157706166,5.5858690496848755,25,147,1.48,1.4932044502499888,0.0132044502499887,55.05075638738466,55.05075638738466,3.933023602458,1345.1140145533673,1345.1140145533673,252.86649621740364,749.9999999999999,309147.61577061657,3362.785036383418,True,0.1879888942361258,154.5738078853083
thickness_grids_L8000mm.csv,26,8.0,310.0551863440809,5.423658521438882,25,148,1.49,1.5032044502499888,0.0132044502499887,55.7971988018776,55.7971988018776,3.9178869528912306,1346.1033304531493,1346.1033304531493,252.0995571802533,750.0000000000001,310055.1863440809,3365.258326132873,True,0.1872809846591695,155.02759317204044
thickness_grids_L8000mm.csv,27,8.0,310.96035332378193,5.267350099778366,25,149,1.5,1.5132044502499888,0.0132044502499887,56.54866776461627,56.54866776461627,3.902880803402616,1347.0856916470666,1347.0856916470666,251.34063627741756,750.0,310960.3533237819,3367.714229117666,True,0.1865810303204291,155.48017666189097
thickness_grids_L8000mm.csv,28,8.0,319.8440140645801,5.1931553192360775,26,145,1.46,1.4741187333903878,0.0141187333903878,53.572951203136014,53.572951203136014,4.097222147345082,1334.4835983794223,1334.4835983794223,245.97413204256557,749.9999999999999,319844.0140645801,3336.2089959485556,True,0.1843215850245541,159.92200703229005
thickness_grids_L8000mm.csv,29,8.0,320.7876241572758,5.039982241957287,26,146,1.47,1.4841187333903878,0.0141187333903878,54.309340521137464,54.309340521137464,4.081307241286652,1335.5058918620834,1335.5058918620834,245.21730777728817,749.9999999999999,320787.6241572758,3338.764729655208,True,0.1836137970423956,160.3938120786379
thickness_grids_L8000mm.csv,30,8.0,321.7286860132294,4.892463156658019,26,147,1.48,1.4941187333903878,0.0141187333903878,55.05075638738466,55.05075638738466,4.065531677046503,1336.5209293384803,1336.5209293384803,244.46849564925927,749.9999999999998,321728.68601322937,3341.302323346201,True,0.182914079594893,160.8643430066147
thickness_grids_L8000mm.csv,31,8.0,322.6672255912786,4.750350926531081,26,148,1.49,1.5041187333903878,0.0141187333903878,55.7971988018776,55.7971988018776,4.049893117840886,1337.5288211002442,1337.5288211002442,243.7275588557903,749.9999999999999,322667.22559127863,3343.82205275061,True,0.1822222856142279,161.3336127956393
thickness_grids_L8000mm.csv,32,8.0,323.60326835046595,4.613410829501534,26,149,1.5,1.5141187333903878,0.0141187333903878,56.54866776461627,56.54866776461627,4.03438928252879,1338.5296750154234,1338.5296750154234,242.99436376208504,750.0000000000002,323603.268350466,3346.3241875385584,True,0.1815382716556396,161.80163417523298
thickness_grids_L8000mm.csv,33,8.0,332.5631524220791,4.565403408398303,27,145,1.46,1.4750688707715869,0.0150688707715868,53.572951203136014,53.572951203136014,4.2313363598924285,1325.9363728822195,1325.9363728822195,238.01766943530987,750.0,332563.1524220791,3314.8409322055486,True,0.1795091184639012,166.28157621103955
thickness_grids_L8000mm.csv,34,8.0,333.53812078244266,4.430708314627171,27,146,1.47,1.485068870771587,0.0150688707715868,54.309340521137464,54.309340521137464,4.214909471862999,1326.9768258684007,1326.9768258684007,237.2858775539004,750.0,333538.1207824427,3317.4420646710014,True,0.1788168963678892,166.76906039122133
thickness_grids_L8000mm.csv,35,8.0,334.5104443312233,4.300986473184686,27,147,1.48,1.495068870771587,0.0150688707715868,55.05075638738466,55.05075638738466,4.198626292353808,1328.0099434145104,1328.0099434145104,236.561827972946,749.9999999999999,334510.4443312233,3320.024858536276,True,0.1781325728365485,167.25522216561166
thickness_grids_L8000mm.csv,36,8.0,335.48014996942504,4.176020445130839,27,148,1.49,1.505068870771587,0.0150688707715868,55.7971988018776,55.7971988018776,4.182484412994909,1329.0358367004876,1329.0358367004876,235.84538857835017,749.9999999999999,335480.14996942505,3322.589591751219,True,0.1774560038680886,167.74007498471252
thickness_grids_L8000mm.csv,37,8.0,336.44726408004686,4.055603717275244,27,149,1.5,1.515068870771587,0.0150688707715868,56.54866776461627,56.54866776461627,4.166481482728203,1330.0546144690677,1330.0546144690677,235.13643031330236,750.0,336447.26408004685,3325.1365361726685,True,0.1767870490093855,168.22363204002343
thickness_grids_L8000mm.csv,38,8.0,345.4776930193663,4.027803260606917,28,145,1.46,1.476054862393586,0.0160548623935858,53.572951203136014,53.572951203136014,4.365965275952987,1317.476050522265,1317.476050522265,230.51722177802833,750.0000000000003,345477.6930193663,3293.6901263056625,True,0.1749688138062534,172.73884650968316
thickness_grids_L8000mm.csv,39,8.0,346.48420676151244,3.908934757709834,28,146,1.47,1.486054862393586,0.0160548623935858,54.309340521137464,54.309340521137464,4.349025317011913,1318.5340803442696,1318.5340803442696,229.80904411107733,750.0000000000001,346484.20676151244,3296.3352008606735,True,0.1742913190769207,173.24210338075622
thickness_grids_L8000mm.csv,40,8.0,347.48797761411663,3.7944563676037064,28,147,1.48,1.496054862393586,0.0160548623935858,55.05075638738466,55.05075638738466,4.332233431148261,1319.5847008027265,1319.5847008027265,229.108354059128,750.0000000000001,347487.9776141166,3298.9617520068155,True,0.1736215598132938,173.74398880705832
thickness_grids_L8000mm.csv,41,8.0,348.489033434816,3.6841760947133575,28,148,1.49,1.506054862393586,0.0160548623935858,55.7971988018776,55.7971988018776,4.315587138606635,1320.6280238786806,1320.6280238786806,228.4150239355832,749.9999999999998,348489.033434816,3301.5700596967013,True,0.1729593949284288,174.244516717408
thickness_grids_L8000mm.csv,42,8.0,349.48740154456885,3.5779115933776677,28,149,1.5,1.516054862393586,0.0160548623935858,56.54866776461627,56.54866776461627,4.299084018602841,1321.664159104409,1321.664159104409,227.72892900655452,750.0000000000001,349487.4015445688,3304.160397761022,True,0.1723046868130774,174.74370077228443
thickness_grids_L8000mm.csv,43,8.0,358.5832401974615,3.56563584360737,29,145,1.46,1.4770767082563847,0.0170767082563848,53.572951203136014,53.572951203136014,4.501042284277358,1309.1055299621614,1309.1055299621614,223.43776947429103,750.0,358583.2401974615,3272.7638249054035,True,0.1706797231853029,179.29162009873076
thickness_grids_L8000mm.csv,44,8.0,359.6214753723243,3.46037523600194,29,146,1.47,1.4870767082563847,0.0170767082563848,54.309340521137464,54.309340521137464,4.483588457651577,1310.1805589074077,1310.1805589074077,222.75189666475504,750.0000000000003,359621.4753723243,3275.451397268519,True,0.1700161822356098,179.81073768616216
thickness_grids_L8000mm.csv,45,8.0,360.6568680804176,3.359003280637382,29,147,1.48,1.4970767082563847,0.0170767082563848,55.05075638738466,55.05075638738466,4.466287063547175,1311.248109927834,1311.248109927834,222.07327077492027,750.0000000000002,360656.8680804176,3278.120274819584,True,0.1693602218325732,180.3284340402088
thickness_grids_L8000mm.csv,46,8.0,361.68944715050594,3.2613498645376637,29,148,1.49,1.5070767082563847,0.0170767082563848,55.7971988018776,55.7971988018776,4.449135551075844,1312.3082957216968,1312.3082957216968,221.40176830451847,750.0000000000001,361689.4471505059,3280.770739304242,True,0.1687117036646939,180.84472357525297
thickness_grids_L8000mm.csv,47,8.0,362.71924085595,3.167253427193999,29,149,1.5,1.5170767082563847,0.0170767082563848,56.54866776461627,56.54866776461627,4.43213142997406,1313.3612265285558,1313.3612265285558,220.73726860718304,750.0000000000001,362719.2408559501,3283.40306632139,True,0.1680704928305447,181.35962042797505
thickness_grids_L8000mm.csv,48,8.0,371.87582208283106,3.1668347740388594,30,145,1.46,1.4781344083599837,0.0181344083599837,53.572951203136014,53.572951203136014,4.636507731202709,1300.8270819377128,1300.8270819377128,216.74737843736713,749.9999999999999,371875.82208283106,3252.0677048442817,True,0.1666227444423282,185.93791104141553
thickness_grids_L8000mm.csv,49,8.0,372.94594531227585,3.0733181044290014,30,146,1.47,1.4881344083599837,0.0181344083599837,54.309340521137464,54.309340521137464,4.618539504783579,1301.918538926815,1301.918538926815,216.08260035454944,750.0,372945.94531227584,3254.796347317037,True,0.1659724428939068,186.47297265613793
thickness_grids_L8000mm.csv,50,8.0,374.013124998054,2.983257252127047,30,147,1.48,1.4981344083599837,0.0181344083599837,55.05075638738466,55.05075638738466,4.600728062493529,1303.002454636884,1303.002454636884,215.4248414274347,749.9999999999998,374013.12499805394,3257.50613659221,True,0.1653295745229187,187.00656249902696
thickness_grids_L8000mm.csv,51,8.0,375.0773909548472,2.8965009947814218,30,148,1.49,1.5081344083599837,0.0181344083599837,55.7971988018776,55.7971988018776,4.5830707826177495,1304.0789424024515,1304.0789424024515,214.77398211913996,750.0,375077.3909548472,3260.1973560061283,True,0.1646940036647402,187.5386954774236
thickness_grids_L8000mm.csv,52,8.0,376.13877242293427,2.8129057149823105,30,149,1.5,1.5181344083599837,0.0181344083599837,56.54866776461627,56.54866776461627,4.565565105707896,1305.1481130912737,1305.1481130912737,214.1299056531364,750.0,376138.77242293424,3262.870282728184,True,0.1640655980001877,188.06938621146713
thickness_grids_L8000mm.csv,53,8.0,386.4540030807846,2.7381256652494064,31,146,1.47,1.4892279627043827,0.0192279627043826,54.309340521137464,54.309340521137464,4.753825077241644,1293.749765444829,1293.749765444829,209.77213186651292,750.0,386454.00308078463,3234.374413612073,True,0.1621427400177244,193.2270015403923
thickness_grids_L8000mm.csv,54,8.0,387.5531268525721,2.6578617796990747,31,147,1.48,1.4992279627043827,0.0192279627043826,55.05075638738466,55.05075638738466,4.7355032850892265,1294.8494877903204,1294.8494877903204,209.13413220097516,749.9999999999999,387553.12685257214,3237.123719475801,True,0.1615123102514915,193.7765634262861
thickness_grids_L8000mm.csv,55,8.0,388.6492353156853,2.580543903439424,31,148,1.49,1.5092279627043828,0.0192279627043826,55.7971988018776,55.7971988018776,4.717339926144621,1295.9417244426777,1295.9417244426777,208.50282011327727,750.0,388649.2353156852,3239.8543111066942,True,0.1608890401325293,194.32461765784265
thickness_grids_L8000mm.csv,56,8.0,389.7423586920974,2.5060439648201287,31,149,1.5,1.5192279627043828,0.0192279627043826,56.54866776461627,56.54866776461627,4.699332372115411,1297.026586821826,1297.026586821826,207.8780824952499,750.0,389742.3586920975,3242.566467054565,True,0.1602727998079243,194.8711793460487
thickness_grids_L8000mm.csv,57,8.0,400.1423540452219,2.4468365084017303,32,146,1.47,1.4903573712895817,0.0203573712895815,54.309340521137464,54.309340521137464,4.889397018338527,1285.6755305307836,1285.6755305307836,203.79402758346055,749.9999999999999,400142.354045222,3214.188826326959,True,0.1585112438900703,200.07117702261095
thickness_grids_L8000mm.csv,58,8.0,401.2735722308689,2.375087755151616,32,147,1.48,1.5003573712895817,0.0203573712895815,55.05075638738466,55.05075638738466,4.87056479227906,1286.790510340649,1286.790510340649,203.1747610834716,749.9999999999998,401273.5722308689,3216.976275851622,True,0.1578926479879663,200.6367861154345
thickness_grids_L8000mm.csv,59,8.0,402.4016720324414,2.3059732952351637,32,148,1.49,1.5103573712895817,0.0203573712895815,55.7971988018776,55.7971988018776,4.8518952579643715,1287.897951518342,1287.897951518342,202.56198101492663,750.0000000000001,402401.6720324414,3219.744878795854,True,0.1572810802099034,201.2008360162207
thickness_grids_L8000mm.csv,60,8.0,403.5266846685845,2.2393785728597337,32,149,1.5,1.5203573712895817,0.0203573712895815,56.54866776461627,56.54866776461627,4.833385718639512,1288.997965963089,1288.997965963089,201.95557775130263,750.0000000000001,403526.6846685845,3222.494914907722,True,0.1566764130619937,201.76334233429225
thickness_grids_L8000mm.csv,61,8.0,414.00798076562023,2.192848895019398,33,146,1.47,1.4915226341155805,0.0215226341155803,54.309340521137464,54.309340521137464,5.02521172860305,1277.696740481112,1277.696740481112,198.1241478659506,749.9999999999999,414007.98076562025,3194.2418512027793,True,0.1550635151431533,207.00399038281012
thickness_grids_L8000mm.csv,62,8.0,415.1714379907236,2.1285260810550475,33,147,1.48,1.5015226341155803,0.0215226341155803,55.05075638738466,55.05075638738466,5.005869184181778,1278.8264383031458,1278.8264383031458,197.52266287400815,750.0,415171.4379907236,3197.0660957578643,True,0.1544561927700664,207.5857189953618
thickness_grids_L8000mm.csv,63,8.0,416.33167225052864,2.0665656741051777,33,148,1.49,1.5115226341155803,0.0215226341155803,55.7971988018776,55.7971988018776,4.986693575675928,1279.9485492029626,1279.9485492029626,196.9274732725395,750.0,416331.67225052865,3199.871373007406,True,0.1538557728708457,208.16583612526432
thickness_grids_L8000mm.csv,64,8.0,417.4887157759314,2.0068649090662007,33,149,1.5,1.5215226341155803,0.0215226341155803,56.54866776461627,56.54866776461627,4.967682138293059,1281.0631854890296,1281.0631854890296,196.3384727435471,750.0,417488.71577593137,3202.6579637225736,True,0.1532621302114754,208.7443578879657
thickness_grids_L8000mm.csv,65,8.0,428.04810740139425,1.9706679312891544,34,146,1.47,1.4927237511823792,0.0227237511823791,54.309340521137464,54.309340521137464,5.161229595786743,1269.8139728576168,1269.813972857617,192.74045913787185,750.0,428048.1074013942,3174.5349321440426,True,0.1517863744278419,214.02405370069712
thickness_grids_L8000mm.csv,66,8.0,429.2439435341658,1.9128422177625073,34,147,1.48,1.5027237511823792,0.0227237511823791,55.05075638738466,55.05075638738466,5.141377032299497,1270.9578596037854,1270.9578596037854,192.1558719399639,749.9999999999999,429243.9435341658,3177.3946490094636,True,0.1511898057736292,214.6219717670829
thickness_grids_L8000mm.csv,67,8.0,430.4364506023595,1.8571409940436705,34,148,1.49,1.5127237511823792,0.0227237511823791,55.7971988018776,55.7971988018776,5.12169563257262,1272.0941156258623,1272.0941156258623,191.5773984768402,750.0,430436.4506023595,3180.2352890646553,True,0.1506000193881765,215.21822530117976
thickness_grids_L8000mm.csv,68,8.0,431.6256618648604,1.803471814252933,34,149,1.5,1.5227237511823792,0.0227237511823791,56.54866776461627,56.54866776461627,5.102182564235987,1273.222853574609,1273.222853574609,191.00493557813215,749.9999999999999,431625.6618648605,3183.0571339365224,True,0.1500168922053829,215.81283093243024
thickness_grids_L8000mm.csv,69,8.0,442.26016922630686,1.7757030443577158,35,146,1.47,1.4939607224899778,0.0239607224899779,54.309340521137464,54.309340521137464,5.297414506556909,1262.027525010626,1262.027525010626,187.62283419843075,750.0000000000001,442260.1692263069,3155.0688125265647,True,0.1486677829763269,221.13008461315343
thickness_grids_L8000mm.csv,70,8.0,443.4885202087697,1.7235795657177602,35,147,1.48,1.5039607224899778,0.0239607224899779,55.05075638738466,55.05075638738466,5.277052393108599,1263.185082443152,1263.185082443152,187.0543231447592,750.0000000000002,443488.5202087697,3157.9627061078795,True,0.1480814852428225,221.7442601043849
thickness_grids_L8000mm.csv,71,8.0,444.71343449466127,1.6733717320947872,35,148,1.49,1.5139607224899778,0.0239607224899779,55.7971988018776,55.7971988018776,5.2568656531062965,1264.334969678338,1264.334969678338,186.49175289756283,750.0,444713.4344946613,3160.8374241958445,True,0.1475018546271868,222.35671724733064
thickness_grids_L8000mm.csv,72,8.0,445.9349463870836,1.6249961573553255,35,149,1.5,1.5239607224899778,0.0239607224899779,56.54866776461627,56.54866776461627,5.236851387097856,1265.4772996451493,1265.4772996451493,185.9350232845001,750.0000000000002,445934.9463870835,3163.693249112873,True,0.1469287701459661,222.9674731935418
thickness_grids_L8000mm.csv,73,8.0,456.6417864455179,1.6041052154346422,36,146,1.47,1.4952335480383767,0.0252335480383766,54.309340521137464,54.309340521137464,5.433733426978227,1254.3374554491377,1254.3374554491377,182.752870393796,750.0000000000003,456641.7864455179,3135.8436386228436,True,0.1456967338413395,228.32089322275897
thickness_grids_L8000mm.csv,74,8.0,457.9027850264181,1.557001445683119,36,147,1.48,1.5052335480383767,0.0252335480383766,55.05075638738466,55.05075638738466,5.412862390164238,1255.5081765343396,1255.5081765343396,182.1996705800475,750.0000000000001,457902.7850264181,3138.770441335849,True,0.1451202580639379,228.95139251320904
thickness_grids_L8000mm.csv,75,8.0,459.16023772940656,1.5116294423029983,36,148,1.49,1.5152335480383767,0.0252335480383766,55.7971988018776,55.7971988018776,5.392170916603298,1256.6711921199678,1256.6711921199678,181.6522467703448,750.0,459160.23772940657,3141.6779802999195,True,0.1445503389505593,229.58011886470328
thickness_grids_L8000mm.csv,76,8.0,460.4141799184206,1.4679137972118643,36,149,1.5,1.5252335480383767,0.0252335480383766,56.54866776461627,56.54866776461627,5.371656040289339,1257.8266153519617,1257.8266153519617,181.11050165104552,750.0000000000001,460414.17991842056,3144.566538379904,True,0.1439868575211915,230.2070899592103
thickness_grids_L8000mm.csv,77,8.0,471.1907416454161,1.4526357192263006,37,146,1.47,1.4965422278275753,0.0265422278275753,54.309340521137464,54.309340521137464,5.570156041073518,1246.7436191875986,1246.7436191875986,178.11372480696258,749.9999999999999,471190.74164541607,3116.8590479689965,True,0.1428631533105618,235.59537082270805
thickness_grids_L8000mm.csv,78,8.0,472.4845180282465,1.4099636665623394,37,147,1.48,1.5065422278275753,0.0265422278275753,55.05075638738466,55.05075638738466,5.548776854059733,1247.9270083395515,1247.9270083395515,177.57512326370377,749.9999999999999,472484.5180282465,3119.8175208488788,True,0.1422960814831462,236.24225901412325
thickness_grids_L8000mm.csv,79,8.0,473.7746377843114,1.3688610120802065,37,148,1.49,1.5165422278275753,0.0265422278275753,55.7971988018776,55.7971988018776,5.527581398611329,1249.102660705616,1249.1026607056158,177.04214049752213,749.9999999999999,473774.6377843114,3122.7566517640394,True,0.1417354602363198,236.8873188921557
thickness_grids_L8000mm.csv,80,8.0,475.0611373553081,1.32925939367894,37,149,1.5,1.526542227827575,0.0265422278275753,56.54866776461627,56.54866776461627,5.506566642727064,1250.2706895902493,1250.2706895902493,176.51468192350703,750.0000000000002,475061.1373553081,3125.676723975623,True,0.1411811725198133,237.5305686776541
thickness_grids_L8000mm.csv,81,8.0,485.90496031949704,1.3185599038127125,38,146,1.47,1.497886761857574,0.0278867618575739,54.309340521137464,54.309340521137464,5.7066544385588465,1239.24569800771,1239.24569800771,173.68996536065484,749.9999999999999,485904.96031949704,3098.1142450192747,True,0.1401578118365792,242.95248015974852
thickness_grids_L8000mm.csv,82,8.0,487.2316427373804,1.279811403455808,38,147,1.48,1.507886761857574,0.0278867618575739,55.05075638738466,55.05075638738466,5.684768011369888,1240.44127124023,1240.44127124023,173.1652967019663,750.0000000000001,487231.6427373804,3101.1031781005745,True,0.1395997543106821,243.6158213686902
thickness_grids_L8000mm.csv,83,8.0,488.55455619206776,1.2424885252674198,38,148,1.49,1.517886761857574,0.0278867618575739,55.7971988018776,55.7971988018776,5.663069461037572,1241.6290802645449,1241.6290802645449,172.64609666444218,749.9999999999997,488554.55619206774,3104.0727006613615,True,0.1390480453531724,244.27727809603388
thickness_grids_L8000mm.csv,84,8.0,489.8737382206789,1.2065291474218434,38,149,1.5,1.527886761857574,0.0278867618575739,56.54866776461627,56.54866776461627,5.641555690155708,1242.8092384877268,1242.8092384877268,172.1322732706616,750.0,489873.7382206789,3107.023096219317,True,0.1385025697750004,244.93686911033944
thickness_grids_L8000mm.csv,85,8.0,500.78249400596167,1.19956093356245,39,146,1.47,1.4992671501283723,0.0292671501283726,54.309340521137464,54.309340521137464,5.843202844320167,1231.8432264172295,1231.8432264172295,169.4674366043619,750.0,500782.4940059617,3079.608066043074,True,0.1375722437482987,250.39124700298083
thickness_grids_L8000mm.csv,86,8.0,502.1422092323662,1.1642954565900168,39,147,1.48,1.5092671501283723,0.0292671501283726,55.05075638738466,55.05075638738466,5.82081021517106,1233.0505114198477,1233.0505114198477,168.95607909021305,750.0000000000001,502142.2092323663,3082.6262785496187,True,0.1370228368792949,251.0711046161831
thickness_grids_L8000mm.csv,87,8.0,503.4980415505579,1.1303279451610715,39,148,1.49,1.5192671501283723,0.0292671501283726,55.7971988018776,55.7971988018776,5.798609583708273,1234.2500085072927,1234.250008507293,168.45004664986564,750.0000000000001,503498.04155055794,3085.625021268232,True,0.136479680363616,251.74902077527895
thickness_grids_L8000mm.csv,88,8.0,504.8500296108481,1.097601819104805,39,149,1.5,1.5292671501283726,0.0292671501283726,56.54866776461627,56.54866776461627,5.77659778773562,1235.4418311360998,1235.4418311360998,167.94924979993408,749.9999999999999,504850.02961084805,3088.6045778402495,True,0.1359426608094447,252.42501480542404
thickness_grids_L8000mm.csv,89,8.0,515.8215056491806,1.0936694983578588,40,146,1.47,1.5006833926399712,0.0306833926399711,54.309340521137464,54.309340521137464,5.979777383430053,1224.5356139579098,1224.5356139579098,165.4331389233265,750.0000000000003,515821.5056491806,3061.3390348947746,True,0.1350986749896298,257.9107528245903
thickness_grids_L8000mm.csv,90,8.0,517.2143794533895,1.0615040109242828,40,147,1.48,1.5106833926399712,0.0306833926399711,55.05075638738466,55.05075638738466,5.95687971096757,1225.754150108627,1225.754150108627,164.9345108945757,749.9999999999999,517214.3794533895,3064.3853752715677,True,0.1345575790055119,258.60718972669474
thickness_grids_L8000mm.csv,91,8.0,518.6032547731892,1.030522849601697,40,148,1.49,1.5206833926399712,0.0306833926399711,55.7971988018776,55.7971988018776,5.934178131190445,1226.9648782078127,1226.9648782078127,164.44107057599086,749.9999999999998,518603.25477318914,3067.412195519532,True,0.13402263870518,259.3016273865946
thickness_grids_L8000mm.csv,92,8.0,519.9881713906286,1.000674368293046,40,149,1.5,1.5306833926399712,0.0306833926399711,56.54866776461627,56.54866776461627,5.911669417756553,1228.1679117106576,1228.1679117106576,163.95273087212297,749.9999999999999,519988.1713906287,3070.4197792766436,True,0.1334937424344207,259.9940856953143
thickness_grids_L8000mm.csv,93,8.0,531.0202568597159,0.9992063346321696,41,146,1.47,1.5021354893923695,0.0321354893923697,54.309340521137464,54.309340521137464,6.116355876499772,1217.3221644087537,1217.3221644087532,161.57511993141992,750.0000000000001,531020.2568597159,3043.305411021883,True,0.1327299581453822,265.51012842985796
thickness_grids_L8000mm.csv,94,8.0,532.4464144134713,0.9698068339277608,41,147,1.48,1.5121354893923695,0.0321354893923697,55.05075638738466,55.05075638738466,6.092954432829795,1218.5515027348306,1218.5515027348308,161.08867657968796,750.0000000000001,532446.4144134714,3046.378756837077,True,0.1321968552155177,266.22320720673565
thickness_grids_L8000mm.csv,95,8.0,566.7422045658502,0.9569862418799324,44,139,1.4,1.436706905094365,0.0367069050943651,49.26017280828795,49.26017280828795,6.7064951709468374,1187.194437197142,1187.194437197142,154.26114979970828,749.9999999999999,566742.2045658502,2967.986092992855,True,0.1299375611663956,283.3711022829251
thickness_grids_L8000mm.csv,96,8.0,589.8341932187235,0.9556798444103376,46,134,1.35,1.389933786766362,0.0399337867663618,45.80442088933919,45.80442088933919,7.128000339562546,1166.6556736297073,1166.6556736297073,150.14244058900417,750.0,589834.1932187235,2916.639184074268,True,0.1286947331442532,294.91709660936175
thickness_grids_L8000mm.csv,97,8.0,737.4108304175483,0.9520062879156664,58,111,1.12,1.1823068330255395,0.0623068330255393,31.526510597304295,31.526510597304295,9.740444449633054,1054.855318685915,1054.855318685915,129.45383475208263,750.0,737410.8304175483,2637.138296714788,True,0.122721886555352,368.7054152087741
thickness_grids_L8000mm.csv,98,8.0,803.2562264013674,0.9502665054302712,63,104,1.05,1.1231527408675286,0.0731527408675285,27.708847204661975,27.708847204661975,10.851553402740985,1014.0773069927618,1014.0773069927618,122.32513417362009,749.9999999999998,803256.2264013673,2535.1932674819045,True,0.1206270304345674,401.6281132006837
thickness_grids_L9000mm.csv,0,9.0,253.97932811701776,10.679401093076372,18,146,1.47,1.4778083870095942,0.0078083870095941,61.09800808627965,61.09800808627965,3.0664982048950256,1404.440579952082,1404.440579952082,328.85165153264006,750.0,253979.32811701775,3511.1014498802047,True,0.2341513455441882,112.87970138534122
thickness_grids_L9000mm.csv,1,9.0,254.75615748477273,10.362806034833644,18,147,1.48,1.4878083870095942,0.0078083870095941,61.93210093580774,61.93210093580774,3.054940779878721,1405.2707126050668,1405.2707126050668,327.82824224051467,750.0,254756.15748477273,3513.176781512667,True,0.2332847609360564,113.2249588821212
thickness_grids_L9000mm.csv,2,9.0,255.53094199247357,10.057866700966851,18,148,1.49,1.4978083870095942,0.0078083870095941,62.7718486521123,62.7718486521123,3.043486742355425,1406.0944799719025,1406.0944799719025,326.81561242974493,749.9999999999999,255530.9419924736,3515.2361999297555,True,0.2324279179563208,113.56930755221047
thickness_grids_L9000mm.csv,3,9.0,256.30370343180306,9.76407632485552,18,149,1.5,1.5078083870095942,0.0078083870095941,63.61725123519331,63.61725123519331,3.032134351853156,1406.91198093109,1406.91198093109,325.8135797363057,749.9999999999999,256303.70343180303,3517.279952327725,True,0.2315806419678673,113.91275708080134
thickness_grids_L9000mm.csv,4,9.0,264.63620593671425,9.651559330926272,19,144,1.45,1.4584716904643935,0.0084716904643934,59.44678698755286,59.44678698755286,3.2177005316328495,1393.6782585399642,1393.6782585399642,317.6404002214603,749.9999999999999,264636.20593671425,3484.19564634991,True,0.2279151578027949,117.61609152742857
thickness_grids_L9000mm.csv,5,9.0,265.44976204521004,9.361067449753692,19,145,1.46,1.4684716904643935,0.0084716904643934,60.26957010352802,60.26957010352802,3.2054491656259976,1394.543564974355,1394.543564974355,316.63738140901296,750.0000000000001,265449.76204521005,3486.3589124358873,True,0.2270544924961421,117.97767202009337
thickness_grids_L9000mm.csv,6,9.0,266.2611344594046,9.081423206750378,19,146,1.47,1.4784716904643935,0.0084716904643934,61.09800808627965,61.09800808627965,3.1933091142893786,1395.4021706011508,1395.4021706011508,315.64506156610213,750.0,266261.1344594046,3488.5054265028766,True,0.2262036481067817,118.3382819819576
thickness_grids_L9000mm.csv,7,9.0,267.070346812074,8.81214841273983,19,147,1.48,1.4884716904643935,0.0084716904643934,61.93210093580774,61.93210093580774,3.181278478582251,1396.2541805690676,1396.2541805690676,314.66325747170384,750.0000000000002,267070.34681207396,3490.6354514226687,True,0.2253624460722885,118.69793191647732
thickness_grids_L9000mm.csv,8,9.0,267.87742228115656,8.552789070227467,19,148,1.49,1.4984716904643935,0.0084716904643934,62.7718486521123,62.7718486521123,3.1693554047022148,1397.0996976982956,1397.0996976982956,313.69179017915394,750.0000000000001,267877.4222811565,3492.7492442457387,True,0.224530712229025,119.05663212495844
thickness_grids_L9000mm.csv,9,9.0,268.6823836008794,8.30291399575648,19,149,1.5,1.5084716904643936,0.0084716904643934,63.61725123519331,63.61725123519331,3.1575380827309383,1397.9388225453968,1397.9388225453968,312.7304848889885,749.9999999999998,268682.3836008794,3494.847056363491,True,0.2237082766751996,119.41439271150196
thickness_grids_L9000mm.csv,10,9.0,277.14194001023577,8.244636889781884,20,144,1.45,1.4591708481599928,0.0091708481599927,59.44678698755286,59.44678698755286,3.3469722387962606,1384.6190029751788,1384.6190029751788,305.2197826325183,750.0,277141.94001023576,3461.5475074379465,True,0.2204359336226658,123.17419556010478
thickness_grids_L9000mm.csv,11,9.0,277.98849678353946,7.996438903702216,20,145,1.46,1.4691708481599928,0.0091708481599927,60.26957010352802,60.26957010352802,3.3342340452186554,1385.505956131503,1385.505956131503,304.2565134020102,749.9999999999999,277988.4967835395,3463.7648903287572,True,0.2195995708683422,123.55044301490643
thickness_grids_L9000mm.csv,12,9.0,278.83277398477213,7.757511064573883,20,146,1.47,1.4791708481599928,0.0091708481599927,61.09800808627965,61.09800808627965,3.321611522197972,1386.3860834204877,1386.3860834204877,303.30351441151004,750.0000000000005,278832.77398477215,3465.9652085512184,True,0.2187727632574041,123.9256773265654
thickness_grids_L9000mm.csv,13,9.0,279.67479624548395,7.527444641451891,20,147,1.48,1.4891708481599928,0.0091708481599927,61.93210093580774,61.93210093580774,3.309102697345645,1387.259491627914,1387.259491627914,302.3606098634455,749.9999999999999,279674.796245484,3468.1487290697846,True,0.21795533689853,124.29990944243733
thickness_grids_L9000mm.csv,14,9.0,280.51458772288237,7.305851585274335,20,148,1.49,1.4991708481599928,0.0091708481599927,62.7718486521123,62.7718486521123,3.2967056452351073,1388.12628518132,1388.12628518132,301.4276280594116,750.0000000000001,280514.5877228824,3470.3157129532997,True,0.2171471221871131,124.67315009905884
thickness_grids_L9000mm.csv,15,9.0,281.35217211172676,7.092363350808711,20,149,1.5,1.5091708481599928,0.0091708481599927,63.61725123519331,63.61725123519331,3.2844184860022305,1388.9865662151497,1388.9865662151497,300.50440127847514,749.9999999999999,281352.1721117268,3472.466415537874,True,0.2163479536719493,125.04540982743411
thickness_grids_L9000mm.csv,16,9.0,289.9236232030417,7.0742782457582765,21,144,1.45,1.459905860096392,0.009905860096392,59.44678698755286,59.44678698755286,3.477558616799044,1375.5975300701948,1375.5975300701948,293.6045150851277,750.0000000000001,289923.6232030417,3438.9938251754866,True,0.2134378033305609,128.8549436457963
thickness_grids_L9000mm.csv,17,9.0,290.8035685485543,6.861266474203655,21,145,1.46,1.469905860096392,0.009905860096392,60.26957010352802,60.26957010352802,3.4643292916882844,1376.5056075288194,1376.5056075288194,292.67843786448316,750.0000000000001,290803.5685485543,3441.264018822048,True,0.212624224895034,129.24603046602414
thickness_grids_L9000mm.csv,18,9.0,291.68113661653683,6.656212328471502,21,146,1.47,1.479905860096392,0.009905860096392,61.09800808627965,61.09800808627965,3.451220023373806,1377.4067401130965,1377.4067401130965,291.7622295691341,750.0000000000002,291681.1366165368,3443.516850282741,True,0.2118199519955725,129.6360607184608
thickness_grids_L9000mm.csv,19,9.0,292.55635305511777,6.458764874872683,21,147,1.48,1.489905860096392,0.009905860096392,61.93210093580774,61.93210093580774,3.438228765724139,1378.3010361408697,1378.3010361408697,290.85572135328545,749.9999999999999,292556.35305511777,3445.7525903521737,True,0.2110248151359283,130.02504580227458
thickness_grids_L9000mm.csv,20,9.0,293.4292430181218,6.268590940719607,21,148,1.49,1.4999058600963922,0.009905860096392,62.7718486521123,62.7718486521123,3.4253535213036184,1379.18860154427,1379.18860154427,289.9587483060304,749.9999999999999,293429.2430181218,3447.971503860675,True,0.2102386490008437,130.412996896943
thickness_grids_L9000mm.csv,21,9.0,294.2998311774942,6.085374102466529,21,149,1.5,1.5099058600963922,0.009905860096392,63.61725123519331,63.61725123519331,3.4125923399182305,1380.0695399356978,1380.0695399356978,289.0711493346824,749.9999999999998,294299.8311774942,3450.173849839244,True,0.209461292326002,130.7999249677752
thickness_grids_L9000mm.csv,22,9.0,303.8835862292199,5.913007182939876,22,145,1.46,1.4706767262735911,0.0106767262735912,60.26957010352802,60.26957010352802,3.595573209845293,1367.5545288474668,1367.5545288474668,281.84136878126793,750.0000000000003,303883.58622921986,3418.886322118667,True,0.2060915033631567,135.05937165743106
thickness_grids_L9000mm.csv,23,9.0,304.79479474687577,5.7362523450345595,22,146,1.47,1.4806767262735911,0.0106767262735912,61.09800808627965,61.09800808627965,3.581973571392393,1368.4761271432872,1368.4761271432872,280.9596155960758,750.0000000000002,304794.79474687576,3421.190317858218,True,0.2053083791695971,135.4643532208337
thickness_grids_L9000mm.csv,24,9.0,305.7035532043605,5.566055845758185,22,147,1.48,1.4906767262735912,0.0106767262735912,61.93210093580774,61.93210093580774,3.568496279769177,1369.3907774006448,1369.3907774006448,280.0871930002885,750.0000000000001,305703.5532043605,3423.4769435016115,True,0.2045341604621768,135.86824586860465
thickness_grids_L9000mm.csv,25,9.0,306.60988776901553,5.402130367860556,22,148,1.49,1.5006767262735912,0.0106767262735912,62.7718486521123,62.7718486521123,3.5551392652570732,1370.29858695421,1370.29858695421,279.2239424452482,750.0,306609.8877690155,3425.7464673855247,True,0.2037686859663811,136.27106123067355
thickness_grids_L9000mm.csv,26,9.0,307.5138241063794,5.244203041135096,22,149,1.5,1.5106767262735912,0.0106767262735912,63.61725123519331,63.61725123519331,3.541900507062086,1371.1996607946649,1371.1996607946649,278.36970905103374,750.0000000000005,307513.8241063794,3427.9991519866617,True,0.2030117983618136,136.6728107139464
thickness_grids_L9000mm.csv,27,9.0,317.2185784507672,5.117513079312714,23,145,1.46,1.4714834466915905,0.0114834466915904,60.26957010352802,60.26957010352802,3.727824834209051,1358.6626762678943,1358.6626762678943,271.6873533359343,750.0000000000001,317218.5784507672,3396.656690669736,True,0.1999667453015131,140.98603486700765
thickness_grids_L9000mm.csv,28,9.0,318.16374579947575,4.964501257388763,23,146,1.47,1.4814834466915905,0.0114834466915904,61.09800808627965,61.09800808627965,3.713731770501723,1359.604184256849,1359.604184256849,270.8379021979564,750.0,318163.74579947576,3399.0104606421223,True,0.1992034927032786,141.40610924421145
thickness_grids_L9000mm.csv,29,9.0,319.1063629701036,4.81716811115818,23,147,1.48,1.4914834466915905,0.0114834466915904,61.93210093580774,61.93210093580774,3.699765407889882,1360.538638713142,1360.538638713142,269.99743509027826,749.9999999999999,319106.36297010357,3401.3465967828547,True,0.198448928540283,141.82505020893493
thickness_grids_L9000mm.csv,30,9.0,320.04645715958503,4.6752648044730005,23,148,1.49,1.5014834466915905,0.0114834466915904,62.7718486521123,62.7718486521123,3.685923604195598,1361.4661482734332,1361.4661482734332,269.16579943401865,750.0,320046.457159585,3403.6653706835828,True,0.1977028953495214,142.24286984870446
thickness_grids_L9000mm.csv,31,9.0,320.98405504322324,4.538555016113111,23,149,1.5,1.5114834466915903,0.0114834466915904,63.61725123519331,63.61725123519331,3.6722042678535622,1362.386819208211,1362.386819208211,268.34284617910043,750.0000000000002,320984.05504322326,3405.9670480205264,True,0.1969652395309104,142.65958001921032
thickness_grids_L9000mm.csv,32,9.0,330.7997785851769,4.447330213424927,24,145,1.46,1.4723260213503897,0.0123260213503896,60.26957010352802,60.26957010352802,3.860960809000101,1349.8382784691237,1349.8382784691237,262.16254723676866,750.0,330799.7785851769,3374.5956961728084,True,0.1942177455021441,147.0221238156342
thickness_grids_L9000mm.csv,33,9.0,331.77919644820446,4.314323673104833,24,146,1.47,1.4823260213503897,0.0123260213503896,61.09800808627965,61.09800808627965,3.846371767465457,1350.7991292743495,1350.7991292743495,261.34341468031965,750.0000000000001,331779.19644820446,3376.9978231858736,True,0.19347318858631,147.45742064364643
thickness_grids_L9000mm.csv,34,9.0,332.75596237076593,4.186254539762837,24,147,1.48,1.4923260213503895,0.0123260213503896,61.93210093580774,61.93210093580774,3.831913794435837,1351.7528269954064,1351.7528269954064,260.5329407212337,749.9999999999997,332755.9623707659,3379.382067488516,True,0.1927371154831097,147.89153883145153
thickness_grids_L9000mm.csv,35,9.0,333.73010459556104,4.062906407996012,24,148,1.49,1.5023260213503895,0.0123260213503896,62.7718486521123,62.7718486521123,3.8175846751896674,1352.6994814721038,1352.6994814721038,259.730978389102,750.0000000000005,333730.10459556105,3381.7487036802595,True,0.1920093723303895,148.32449093136046
thickness_grids_L9000mm.csv,36,9.0,334.70165082326963,3.944073758813635,24,149,1.5,1.5123260213503895,0.0123260213503896,63.61725123519331,63.61725123519331,3.803382247305072,1353.6392001581648,1353.6392001581648,258.9373841105998,750.0,334701.6508232696,3384.098000395412,True,0.1912898090424276,148.7562892547865
thickness_grids_L9000mm.csv,37,9.0,344.61944462065037,3.880334268136109,25,145,1.46,1.4732044502499888,0.0132044502499887,60.26957010352802,60.26957010352802,3.9948727739826095,1341.0881089864658,1341.0881089864658,253.2172560735904,750.0,344619.4446206504,3352.7202724661643,True,0.1888147798618247,153.16419760917793
thickness_grids_L9000mm.csv,38,9.0,345.6333818224398,3.764254959441364,25,146,1.47,1.4832044502499888,0.0132044502499887,61.09800808627965,61.09800808627965,3.979785647332589,1342.0677294492864,1342.0677294492864,252.42661516939555,750.0000000000002,345633.3818224398,3355.169323623216,True,0.1880878361280455,153.6148363655288
thickness_grids_L9000mm.csv,39,9.0,346.6445637097768,3.6524857658677816,25,147,1.48,1.4932044502499888,0.0132044502499887,61.93210093580774,61.93210093580774,3.964833965308454,1343.0401031424208,1343.0401031424208,251.64432689006497,750.0000000000001,346644.5637097768,3357.6002578560515,True,0.1873691830208734,154.06425053767856
thickness_grids_L9000mm.csv,40,9.0,347.653019586969,3.544837729528304,25,148,1.49,1.5032044502499888,0.0132044502499887,62.7718486521123,62.7718486521123,3.9500154406412262,1344.0053410122975,1344.0053410122975,250.87024954066675,750.0,347653.019586969,3360.013352530744,True,0.1866586700851297,154.512453149764
thickness_grids_L9000mm.csv,41,9.0,348.6587781956714,3.441131400508519,25,149,1.5,1.5132044502499888,0.0132044502499887,63.61725123519331,63.61725123519331,3.935327840044083,1344.963551601651,1344.963551601651,250.1042446994791,750.0000000000002,348658.7781956714,3362.4088790041274,True,0.1859561505600967,154.95945697585395
thickness_grids_L9000mm.csv,42,9.0,358.6707081514987,3.3986443418539403,26,145,1.46,1.4741187333903878,0.0141187333903878,60.26957010352802,60.26957010352802,4.129465172873028,1332.4177138286634,1332.4177138286634,244.80582914457733,750.0,358670.7081514987,3331.0442845716584,True,0.1837305423095396,159.4092036228883
thickness_grids_L9000mm.csv,43,9.0,359.7194139403869,3.2969474005713058,26,146,1.47,1.4841187333903878,0.0141187333903878,61.09800808627965,61.09800808627965,4.113878250170033,1333.415528256899,1333.415528256899,244.04199676948411,750.0,359719.4139403869,3333.538820642247,True,0.1830202150776711,159.8752950846164
thickness_grids_L9000mm.csv,44,9.0,360.76525945332975,3.199027523235717,26,147,1.48,1.4941187333903878,0.0141187333903878,61.93210093580774,61.93210093580774,4.098431152939255,1334.406007994732,1334.406007994732,243.28622897677175,750.0,360765.2594533297,3336.0150199868294,True,0.1823179958117606,160.340115312591
thickness_grids_L9000mm.csv,45,9.0,361.8082750721653,3.1047190788304815,26,148,1.49,1.5041187333903878,0.0141187333903878,62.7718486521123,62.7718486521123,4.083121521434081,1335.3892650012567,1335.3892650012567,242.5383890402105,750.0000000000001,361808.2750721653,3338.473162503142,True,0.1816237372853092,160.80367780985125
thickness_grids_L9000mm.csv,46,9.0,362.84849059507434,3.0138647726672043,26,149,1.5,1.5141187333903878,0.0141187333903878,63.61725123519331,63.61725123519331,4.067947051568435,1336.3654088163355,1336.3654088163355,241.79834339005387,750.0000000000003,362848.4905950743,3340.913522040839,True,0.1809372958884224,161.26599582003303
thickness_grids_L9000mm.csv,47,9.0,372.94744761932736,2.9877618806536015,27,145,1.46,1.4750688707715869,0.0150688707715868,60.26957010352802,60.26957010352802,4.264653413649254,1323.831601892642,1323.831601892642,236.88646487791863,750.0000000000003,372947.44761932734,3309.579004731605,True,0.1789400287311839,165.7544211641455
thickness_grids_L9000mm.csv,48,9.0,374.03115448256034,2.898334794544442,27,146,1.47,1.485068870771587,0.0150688707715868,61.09800808627965,61.09800808627965,4.248565338353058,1324.8470351228916,1324.8470351228916,236.1478895945687,750.0000000000001,374031.15448256035,3312.1175878072286,True,0.1782453999096309,166.2360686589157
thickness_grids_L9000mm.csv,49,9.0,375.1118945375435,2.812229957290026,27,147,1.48,1.495068870771587,0.0150688707715868,61.93210093580774,61.93210093580774,4.232621470500991,1325.855051386649,1325.855051386649,235.4171073796747,749.9999999999999,375111.8945375435,3314.637628466622,True,0.1775587060843967,166.71639757224156
thickness_grids_L9000mm.csv,50,9.0,376.1896992596872,2.729301643626465,27,148,1.49,1.505068870771587,0.0150688707715868,62.7718486521123,62.7718486521123,4.216819378006175,1326.8557635644818,1326.8557635644818,234.6939861929235,749.9999999999999,376189.6992596872,3317.139408911204,True,0.1768798030936223,167.19542189319432
thickness_grids_L9000mm.csv,51,9.0,377.26459951929206,2.649411464684577,27,149,1.5,1.515068870771587,0.0150688707715868,63.61725123519331,63.61725123519331,4.201156686111949,1327.8492821043635,1327.8492821043635,233.97839704030383,750.0000000000001,377264.59951929207,3319.6232052609093,True,0.1762085503179223,167.67315534190757
thickness_grids_L9000mm.csv,52,9.0,387.4441817196843,2.6358895043176904,28,145,1.46,1.476054862393586,0.0160548623935858,60.26957010352802,60.26957010352802,4.400362321455006,1315.3334044914563,1315.3334044914563,229.42096774279997,750.0000000000002,387444.18171968433,3288.333511228641,True,0.1744203917876626,172.19741409763748
thickness_grids_L9000mm.csv,53,9.0,388.56310780500945,2.556971582978054,28,146,1.47,1.486054862393586,0.0160548623935858,61.09800808627965,61.09800808627965,4.383772055343049,1316.3658843824214,1316.3658843824214,228.7062184429575,750.0000000000002,388563.10780500947,3290.9147109560536,True,0.1737406150952141,172.69471458000422
thickness_grids_L9000mm.csv,54,9.0,389.6789589894125,2.4809863071934117,28,147,1.48,1.496054862393586,0.0160548623935858,61.93210093580774,61.93210093580774,4.367330376507392,1317.3908705408066,1317.3908705408066,227.99900594567845,750.0000000000001,389678.95898941247,3293.477176352016,True,0.1730686093581943,173.19064843973888
thickness_grids_L9000mm.csv,55,9.0,390.7917678579889,2.4078050056409612,28,148,1.49,1.506054862393586,0.0160548623935858,62.7718486521123,62.7718486521123,4.351034780715996,1318.4084766806309,1318.4084766806309,227.29920263564856,750.0000000000001,390791.7678579889,3296.0211917015763,True,0.1724042333282943,173.68523015910617
thickness_grids_L9000mm.csv,56,9.0,391.90156636867056,2.33730548659956,28,149,1.5,1.516054862393586,0.0160548623935858,63.61725123519331,63.61725123519331,4.33488282272903,1319.4188140718902,1319.4188140718902,226.6066838396209,750.0000000000001,391901.56636867055,3298.5470351797253,True,0.1717473492289264,174.17847394163135
thickness_grids_L9000mm.csv,57,9.0,402.15597957202294,2.3333924013858183,29,145,1.46,1.4770767082563847,0.0170767082563848,60.26957010352802,60.26957010352802,4.536524834734376,1306.9260092463328,1306.9260092463328,222.37448312929376,749.9999999999999,402155.9795720229,3267.315023115832,True,0.1701507824896153,178.73599092089907
thickness_grids_L9000mm.csv,58,9.0,403.3103307778072,2.263510300787008,29,146,1.47,1.4870767082563847,0.0170767082563848,61.09800808627965,61.09800808627965,4.519431626772524,1307.9749687000665,1307.9749687000665,221.68223851099688,750.0000000000002,403310.3307778072,3269.937421750166,True,0.1694850771733928,179.24903590124762
thickness_grids_L9000mm.csv,59,9.0,404.46149743440304,2.196225816209244,29,147,1.48,1.4970767082563847,0.0170767082563848,61.93210093580774,61.93210093580774,4.502491380798245,1309.0163630201866,1309.0163630201866,220.99728850882525,750.0,404461.49743440305,3272.5409075504663,True,0.1688269870049112,179.76066552640137
thickness_grids_L9000mm.csv,60,9.0,405.6095132526845,2.1314249434758055,29,148,1.49,1.5070767082563847,0.0170767082563848,62.7718486521123,62.7718486521123,4.485701520685323,1310.0503066692106,1310.0503066692106,220.3195096913963,749.9999999999998,405609.5132526845,3275.125766673026,True,0.1681763735100802,180.27089477897087
thickness_grids_L9000mm.csv,61,9.0,406.75441129424627,2.068999421026631,29,149,1.5,1.5170767082563847,0.0170767082563848,63.61725123519331,63.61725123519331,4.469059530953878,1311.076911655978,1311.076911655978,219.64878147094575,750.0,406754.41129424627,3277.6922791399447,True,0.1675331016191221,180.77973835299835
thickness_grids_L9000mm.csv,62,9.0,418.2683566181803,2.0102881160135544,30,146,1.47,1.4881344083599837,0.0181344083599837,61.09800808627965,61.09800808627965,4.655484263056321,1299.676551282495,1299.676551282495,215.04426629106015,750.0,418268.35661818035,3249.191378206237,True,0.1654598338939475,185.89704738585797
thickness_grids_L9000mm.csv,63,9.0,419.4550326497577,1.9505125049443035,30,147,1.48,1.4981344083599837,0.0181344083599837,61.93210093580774,61.93210093580774,4.638044951293429,1300.7337985519744,1300.7337985519744,214.38037062854164,750.0000000000002,419455.0326497577,3251.834496379935,True,0.1648149458922324,186.42445895544788
thickness_grids_L9000mm.csv,64,9.0,420.6384477812515,1.8929439897237308,30,148,1.49,1.5081344083599837,0.0181344083599837,62.7718486521123,62.7718486521123,4.620760320660839,1301.78352962853,1301.78352962853,213.72342093925033,750.0,420638.4477812516,3254.4588240713247,True,0.1641773890012553,186.95042123611185
thickness_grids_L9000mm.csv,65,9.0,421.8186361939895,1.837486334118556,30,149,1.5,1.5181344083599837,0.0181344083599837,63.61725123519331,63.61725123519331,4.603627785729688,1302.8258571798451,1302.8258571798451,213.0733005033178,750.0000000000001,421818.6361939895,3257.0646429496123,True,0.163547030732523,187.47494941955088
thickness_grids_L9000mm.csv,66,9.0,433.43313037818734,1.7909991874227542,31,146,1.47,1.4892279627043827,0.0192279627043826,61.09800808627965,61.09800808627965,4.7918762298306605,1291.4723604601334,1291.4723604601334,208.7634164523448,750.0,433433.13037818734,3228.6809011503333,True,0.1616476069050098,192.63694683474992
thickness_grids_L9000mm.csv,67,9.0,434.655500815091,1.7377272235400103,31,147,1.48,1.4992279627043827,0.0192279627043826,61.93210093580774,61.93210093580774,4.773937587938881,1292.5449132861993,1292.5449132861993,208.11945729240003,749.9999999999999,434655.500815091,3231.362283215498,True,0.1610152615612186,193.1802225844849
thickness_grids_L9000mm.csv,68,9.0,435.87449874677225,1.6864228215053358,31,148,1.49,1.5092279627043828,0.0192279627043826,62.7718486521123,62.7718486521123,4.756157912431494,1293.6098893740218,1293.6098893740218,207.48223073024155,749.9999999999999,435874.49874677224,3234.0247234350545,True,0.1603901086676465,193.72199944300988
thickness_grids_L9000mm.csv,69,9.0,437.09015949072176,1.6370001636439393,31,149,1.5,1.5192279627043828,0.0192279627043826,63.61725123519331,63.61725123519331,4.738534548270495,1294.6674019730444,1294.6674019730444,206.85162371252633,750.0000000000001,437090.15949072177,3236.66850493261,True,0.1597720182011913,194.26229310698744
thickness_grids_L9000mm.csv,70,9.0,448.8009541547867,1.6004344713163483,32,146,1.47,1.4903573712895817,0.0203573712895815,61.09800808627965,61.09800808627965,4.928559058382568,1283.363669588627,1283.363669588627,202.81335118948013,750.0000000000001,448800.9541547867,3208.4091739715673,True,0.1580326418734375,199.46709073546077
thickness_grids_L9000mm.csv,71,9.0,450.0591965208826,1.552815157610135,32,147,1.48,1.5003573712895817,0.0203573712895815,61.93210093580774,61.93210093580774,4.910121036112658,1284.4509894286246,1284.4509894286246,202.18829304795136,750.0,450059.1965208826,3211.127473571561,True,0.1574122288137228,200.0263095648367
thickness_grids_L9000mm.csv,72,9.0,451.31395322550947,1.5069551825841991,32,148,1.49,1.5103573712895817,0.0203573712895815,62.7718486521123,62.7718486521123,4.891846253189123,1285.530676804272,1285.530676804272,201.56976509414383,749.9999999999997,451313.95322550944,3213.8266920106794,True,0.1567988759282123,200.58397921133752
thickness_grids_L9000mm.csv,73,9.0,452.56526073890393,1.4627777866300715,32,149,1.5,1.5203573712895817,0.0203573712895815,63.61725123519331,63.61725123519331,4.873731985344899,1286.602845472917,1286.602845472917,200.95765775460703,750.0000000000001,452565.26073890395,3216.507113682291,True,0.1561924555520013,201.14011588395732
thickness_grids_L9000mm.csv,74,9.0,464.36844042718417,1.43427455626853,33,146,1.47,1.4915226341155805,0.0215226341155803,61.09800808627965,61.09800808627965,5.0654888730949015,1275.3513647033608,1275.3513647033608,197.1700456248365,749.9999999999999,464368.44042718416,3188.378411758402,True,0.154600568189847,206.38597352319297
thickness_grids_L9000mm.csv,75,9.0,465.6627259339558,1.3915847932250085,33,147,1.48,1.5015226341155803,0.0215226341155803,61.93210093580774,61.93210093580774,5.0465516166068545,1276.452922671644,1276.452922671644,196.56292813820775,750.0000000000002,465662.72593395587,3191.1323066791097,True,0.1539915218547952,206.96121152620265
thickness_grids_L9000mm.csv,76,9.0,466.9534110606736,1.3504727533157146,33,148,1.49,1.5115226341155803,0.0215226341155803,62.7718486521123,62.7718486521123,5.027781858019897,1277.5467971101798,1277.5467971101798,195.96214860030824,750.0000000000001,466953.4110606736,3193.8669927754495,True,0.153389409330113,207.53484936029935
thickness_grids_L9000mm.csv,77,9.0,468.2405334476358,1.310869578754093,33,149,1.5,1.5215226341155803,0.0215226341155803,63.61725123519331,63.61725123519331,5.009176804260701,1278.6331022132354,1278.6331022132354,195.36760074457104,749.9999999999999,468240.5334476358,3196.5827555330884,True,0.1527941052100104,208.1069037545048
thickness_grids_L9000mm.csv,78,9.0,480.1324722038633,1.2889242368984484,34,146,1.47,1.4927237511823792,0.0227237511823791,61.09800808627965,61.09800808627965,5.202625816929595,1267.436001935075,1267.436001935075,191.81157093063464,750.0,480132.4722038633,3168.590004837687,True,0.1513382692599734,213.3922098683837
thickness_grids_L9000mm.csv,79,9.0,481.46296679702505,1.2505473860189915,34,147,1.48,1.5027237511823792,0.0227237511823791,61.93210093580774,61.93210093580774,5.183189653271649,1268.5512794240476,1268.5512794240476,191.22150230148088,750.0000000000002,481462.96679702506,3171.378198560119,True,0.1507400649883858,213.9835407986778
thickness_grids_L9000mm.csv,80,9.0,482.7897447155368,1.2135893351687053,34,148,1.49,1.5127237511823792,0.0227237511823791,62.7718486521123,62.7718486521123,5.163925229695391,1269.6588268198436,1269.6588268198436,190.6375888283152,749.9999999999999,482789.7447155368,3174.1470670496087,True,0.1501486736447234,214.57321987357193
thickness_grids_L9000mm.csv,81,9.0,484.1128447871234,1.1779881421806953,34,149,1.5,1.5227237511823792,0.0227237511823791,63.61725123519331,63.61725123519331,5.144829684779484,1270.758758685761,1270.758758685761,190.059727390608,749.9999999999999,484112.8447871234,3176.8968967144024,True,0.1495639719903806,215.1612643498326
thickness_grids_L9000mm.csv,82,9.0,496.0901688888885,1.1613800010045756,35,146,1.47,1.4939607224899778,0.0239607224899779,61.09800808627965,61.09800808627965,5.339933559243734,1259.6178563462552,1259.6178563462552,186.7178955906176,749.9999999999998,496090.1688888885,3149.0446408656376,True,0.1482337636370335,220.48451950617263
thickness_grids_L9000mm.csv,83,9.0,497.45703416922663,1.1267883698218475,35,147,1.48,1.5039607224899778,0.0239607224899779,61.93210093580774,61.93210093580774,5.319998982688032,1260.7463454923109,1260.7463454923109,186.1440466544828,750.0000000000001,497457.03416922665,3151.8658637307767,True,0.1476459141206513,221.09201518632295
thickness_grids_L9000mm.csv,84,9.0,498.82006488779086,1.0934760367314709,35,148,1.49,1.5139607224899778,0.0239607224899779,62.7718486521123,62.7718486521123,5.300240370180635,1261.8670623260562,1261.8670623260562,185.57617886563852,749.9999999999999,498820.0648877909,3154.6676558151403,True,0.1470647617377044,221.69780661679596
thickness_grids_L9000mm.csv,85,9.0,500.17930107771394,1.061387131066677,35,149,1.5,1.5239607224899778,0.0239607224899779,63.61725123519331,63.61725123519331,5.280654792446471,1262.980121714806,1262.980121714806,185.01419210006907,749.9999999999998,500179.3010777139,3157.4503042870147,True,0.1464901853315528,222.3019115900951
thickness_grids_L9000mm.csv,86,9.0,512.2388569652804,1.0491235303559523,36,146,1.47,1.4952335480383767,0.0252335480383766,61.09800808627965,61.09800808627965,5.477378872941293,1251.8969635610138,1251.8969635610138,181.87070443646343,750.0000000000003,512238.8569652805,3129.742408902534,True,0.1452760967796688,227.66171420679132
thickness_grids_L9000mm.csv,87,9.0,513.6422510006477,1.017864009245808,36,147,1.48,1.5052335480383767,0.0252335480383766,61.93210093580774,61.93210093580774,5.456946532909007,1253.038167581626,1253.038167581626,181.3123032943922,749.9999999999998,513642.2510006476,3132.5954189540653,True,0.1446981488555344,228.28544488917672
thickness_grids_L9000mm.csv,88,9.0,515.0416909758317,0.9877609622486984,36,148,1.49,1.5152335480383767,0.0252335480383766,62.7718486521123,62.7718486521123,5.436694360952133,1254.1715612592316,1254.1715612592316,180.75971746953277,749.9999999999999,515041.6909758317,3135.4289031480785,True,0.1441267869987769,228.90741821148077
thickness_grids_L9000mm.csv,89,9.0,516.4372181478478,0.958763865234408,36,149,1.5,1.5252335480383767,0.0252335480383766,63.61725123519331,63.61725123519331,5.416619360469541,1255.2972597029711,1255.2972597029711,180.2128496951425,750.0000000000001,516437.2181478478,3138.2431492574274,True,0.1435618920555793,229.52765251015455
thickness_grids_L9000mm.csv,90,9.0,528.576044745675,0.9500358164516064,37,146,1.47,1.4965422278275753,0.0265422278275753,61.09800808627965,61.09800808627965,5.614931270163819,1244.2731553270985,1244.2731553270985,177.25323462136618,750.0000000000001,528576.0447456749,3110.6828883177454,True,0.1424552429364027,234.9226865536333
thickness_grids_L10000mm.csv,0,10.0,253.64241456375836,10.95519719921653,16,144,1.45,1.4565893428223953,0.0065893428223953,66.0519855417254,66.0519855417254,2.855345733835023,1419.7784414528246,1419.7784414528246,359.1021902041796,750.0,253642.41456375836,3549.4461036320613,True,0.2529283300264223,101.45696582550336
thickness_grids_L10000mm.csv,1,10.0,254.43046347816025,10.622320621247251,16,145,1.46,1.4665893428223953,0.0065893428223953,66.96618900392002,66.96618900392002,2.8446847457658824,1420.5625809734956,1420.5625809734956,357.9537920986971,750.0000000000001,254430.4634781602,3551.4064524337387,True,0.251980304770097,101.77218539126407
thickness_grids_L10000mm.csv,2,10.0,255.2163717110755,10.30192100179342,16,146,1.47,1.4765893428223953,0.0065893428223953,67.88667565142183,67.88667565142183,2.834122665607628,1421.3403811818416,1421.3403811818416,356.81761485110025,750.0000000000002,255216.3717110755,3553.350952954604,True,0.2510430432957988,102.0865486844302
thickness_grids_L10000mm.csv,3,10.0,256.00016309395784,9.993447385360987,16,147,1.48,1.4865893428223953,0.0065893428223953,68.81344548423083,68.81344548423083,2.8236578013030957,1422.1119424385056,1422.1119424385056,355.6934500223343,750.0000000000001,256000.16309395785,3555.279856096264,True,0.2501163511871113,102.40006523758312
thickness_grids_L10000mm.csv,4,10.0,256.78186100810495,9.696376711884714,16,148,1.49,1.4965893428223953,0.0065893428223953,69.746498502347,69.746498502347,2.8132885009016473,1422.8773628841318,1422.8773628841318,354.5810940361687,750.0,256781.86100810496,3557.193407210329,True,0.2492000387984548,102.71274440324198
thickness_grids_L10000mm.csv,5,10.0,257.56148839567834,9.410212227521413,16,149,1.5,1.506589342822395,0.0065893428223953,70.68583470577035,70.68583470577035,2.803013151365378,1423.636738501153,1423.636738501153,353.480348034529,750.0000000000002,257561.48839567837,3559.0918462528825,True,0.248293921107068,103.02459535827134
thickness_grids_L10000mm.csv,6,10.0,266.4933850260255,9.232560640698456,17,144,1.45,1.4571809377955949,0.0071809377955947,66.0519855417254,66.0519855417254,2.9801162740637173,1410.6712222847718,1410.6712222847718,343.92234300862765,749.9999999999999,266493.3850260255,3526.678055711929,True,0.2438004955198555,106.5973540104102
thickness_grids_L10000mm.csv,7,10.0,267.3161613129686,8.951977512192789,17,145,1.46,1.4671809377955949,0.0071809377955947,66.96618900392002,66.96618900392002,2.968993520277264,1411.4778975367494,1411.4778975367494,342.8229932919454,750.0000000000001,267316.1613129686,3528.6947438418733,True,0.2428822965561312,106.92646452518744
thickness_grids_L10000mm.csv,8,10.0,268.13669720023603,8.681913066079504,17,146,1.47,1.477180937795595,0.0071809377955947,67.88667565142183,67.88667565142183,2.9579739087647923,1412.2780890399315,1412.2780890399315,341.7353379159439,749.9999999999999,268136.697200236,3530.6952225998293,True,0.2419745378534166,107.25467888009442
thickness_grids_L10000mm.csv,9,10.0,268.955017598412,8.421902741331001,17,147,1.48,1.487180937795595,0.0071809377955947,68.81344548423083,68.81344548423083,2.947055675747918,1413.0718991234976,1413.0718991234976,340.65917750100755,749.9999999999998,268955.017598412,3532.6797478087437,True,0.2410770306254849,107.5820070393648
thickness_grids_L10000mm.csv,10,10.0,269.7711469473686,8.171505502035918,17,148,1.49,1.4971809377955947,0.0071809377955947,69.746498502347,69.746498502347,2.9362370992417586,1413.8594278591763,1413.8594278591763,339.59431731723953,750.0000000000001,269771.14694736863,3534.648569647941,True,0.2401895907229215,107.90845877894743
thickness_grids_L10000mm.csv,11,10.0,270.5851092274777,7.93030249704093,17,149,1.5,1.5071809377955947,0.0071809377955947,70.68583470577035,70.68583470577035,2.9255164978029784,1414.6407731245222,1414.6407731245222,338.5405671458627,750.0,270585.1092274777,3536.6019328113052,True,0.2393120384888433,108.23404369099109
thickness_grids_L10000mm.csv,12,10.0,279.7010921082088,7.815645668111842,18,144,1.45,1.457808387009594,0.0078083870095941,66.0519855417254,66.0519855417254,3.1068660960862178,1401.5494890202854,1401.5494890202854,329.7439697603807,749.9999999999998,279701.0921082088,3503.873722550713,True,0.235271014219326,111.88043684328352
thickness_grids_L10000mm.csv,13,10.0,280.5591958081723,7.57807919097004,18,145,1.46,1.4678083870095942,0.0078083870095941,66.96618900392002,66.96618900392002,3.0952747901969513,1402.3783074764397,1402.3783074764397,328.69045320782135,749.9999999999999,280559.19580817234,3505.945768691099,True,0.2343807312588108,112.22367832326894
thickness_grids_L10000mm.csv,14,10.0,281.4149570932578,7.349420374643189,18,146,1.47,1.4778083870095942,0.0078083870095941,67.88667565142183,67.88667565142183,3.0837909166007083,1403.2005031873914,1403.2005031873914,327.64813881103134,750.0,281414.9570932578,3508.001257968478,True,0.2335005853167623,112.56598283730312
thickness_grids_L10000mm.csv,15,10.0,282.26840197671794,7.129275738713993,18,147,1.48,1.4878083870095942,0.0078083870095941,68.81344548423083,68.81344548423083,3.0724126389503743,1404.0161803503431,1404.0161803503431,326.6168356622223,750.0,282268.4019767179,3510.0404508758584,True,0.232630392892425,112.90736079068716
thickness_grids_L10000mm.csv,16,10.0,283.1195559798571,6.9172717319536465,18,148,1.49,1.4978083870095942,0.0078083870095941,69.746498502347,69.746498502347,3.061138164393884,1404.8254408703142,1404.8254408703142,325.5963573037332,750.0,283119.5559798571,3512.063602175785,True,0.2317699749956268,113.24782239194283
thickness_grids_L10000mm.csv,17,10.0,283.96844414401477,6.713053596628886,18,149,1.5,1.5078083870095942,0.0078083870095941,70.68583470577035,70.68583470577035,3.0499657422734137,1405.6283844240995,1405.6283844240995,324.5865215957463,750.0,283968.4441440148,3514.0709610602494,True,0.2309191570065887,113.58737765760593
thickness_grids_L10000mm.csv,18,10.0,293.2463366925239,6.646198396100568,19,144,1.45,1.4584716904643935,0.0084716904643934,66.0519855417254,66.0519855417254,3.235343716174509,1392.4341948071817,1392.4341948071817,316.5000135190566,750.0000000000001,293246.3366925239,3481.0854870179533,True,0.2272997996597492,117.29853467700956
thickness_grids_L10000mm.csv,19,10.0,294.14030322079066,6.444138994272237,19,145,1.46,1.4684716904643935,0.0084716904643934,66.96618900392002,66.96618900392002,3.223278049133917,1393.2847112315253,1393.2847112315253,315.4893299174984,749.9999999999999,294140.30322079064,3483.211778078813,True,0.2264356504986243,117.65612128831626
thickness_grids_L10000mm.csv,20,10.0,295.03182316569973,6.249657350253389,19,146,1.47,1.4784716904643935,0.0084716904643934,67.88667565142183,67.88667565142183,3.211324150533716,1394.128471646903,1394.128471646903,314.48938832584196,750.0,295031.8231656997,3485.3211791172575,True,0.2255813540299706,118.01272926627988
thickness_grids_L10000mm.csv,21,10.0,295.9209236655717,6.062418666251878,19,147,1.48,1.4884716904643935,0.0084716904643934,68.81344548423083,68.81344548423083,3.199480110783057,1394.9655820146972,1394.9655820146972,313.5000057599395,750.0,295920.9236655717,3487.413955036743,True,0.2247367317171818,118.36836946622869
thickness_grids_L10000mm.csv,22,10.0,296.8076313447739,5.882105104695621,19,148,1.49,1.4984716904643935,0.0084716904643934,69.746498502347,69.746498502347,3.1877440654982423,1395.7961459720957,1395.7961459720957,312.5210034987934,750.0,296807.63134477386,3489.4903649302382,True,0.2239016094152772,118.72305253790957
thickness_grids_L10000mm.csv,23,10.0,297.6919723265573,5.708414821519543,19,149,1.5,1.5084716904643936,0.0084716904643934,70.68583470577035,70.68583470577035,3.1761141941551996,1396.6202648965018,1396.6202648965018,311.552206958125,750.0000000000001,297691.97232655727,3491.550662241254,True,0.2230758172345529,119.07678893062293
thickness_grids_L10000mm.csv,24,10.0,307.11250541609263,5.677318842662652,20,144,1.45,1.4591708481599928,0.0091708481599927,66.0519855417254,66.0519855417254,3.365332115439307,1383.3428004524976,1383.3428004524976,304.12348806084043,749.9999999999999,307112.50541609264,3458.3570011312436,True,0.2198468000566167,122.84500216643706
thickness_grids_L10000mm.csv,25,10.0,308.0428151288566,5.504679785241164,20,145,1.46,1.4691708481599928,0.0091708481599927,66.96618900392002,66.96618900392002,3.3527871263032964,1384.2145288699255,1384.2145288699255,303.152852052169,750.0,308042.81512885663,3460.5363221748144,True,0.219007130563543,123.21712605154264
thickness_grids_L10000mm.csv,26,10.0,308.97057205540654,5.338516450792406,20,146,1.47,1.4791708481599928,0.0091708481599927,67.88667565142183,67.88667565142183,3.3403582795679143,1385.0793739404844,1385.0793739404844,302.19252765496196,750.0000000000002,308970.5720554065,3462.6984348512105,True,0.2181770469913494,123.5882288221626
thickness_grids_L10000mm.csv,27,10.0,309.89580447983604,5.178542674075263,20,147,1.48,1.4891708481599928,0.0091708481599927,68.81344548423083,68.81344548423083,3.328043591868864,1385.9374432845416,1385.9374432845416,301.24233929914925,749.9999999999999,309895.804479836,3464.8436082113535,True,0.217356375469035,123.9583217919344
thickness_grids_L10000mm.csv,28,10.0,310.818540150128,5.024486789324461,20,148,1.49,1.4991708481599928,0.0091708481599927,69.746498502347,69.746498502347,3.3158411267717436,1386.7888421687285,1386.7888421687285,300.30211550311094,750.0,310818.540150128,3466.972105421821,True,0.2165449464054554,124.3274160600512
thickness_grids_L10000mm.csv,29,10.0,311.7388062916639,4.876090803615799,20,149,1.5,1.5091708481599928,0.0091708481599927,70.68583470577035,70.68583470577035,3.303748993376761,1387.633673570785,1387.633673570785,299.37168875252036,749.9999999999997,311738.8062916639,3469.0841839269624,True,0.2157425943564413,124.69552251666556
thickness_grids_L10000mm.csv,30,10.0,321.2851707786998,4.871353159532402,21,144,1.45,1.459905860096392,0.009905860096392,66.0519855417254,66.0519855417254,3.4966434295291946,1374.289833477747,1374.289833477747,292.5494345608918,749.9999999999998,321285.1707786998,3435.724583694367,True,0.2128731708802449,128.51406831147992
thickness_grids_L10000mm.csv,31,10.0,322.2522570717366,4.723190103471994,21,145,1.46,1.469905860096392,0.009905860096392,66.96618900392002,66.96618900392002,3.4836148960934885,1375.1822570665872,1375.1822570665872,291.61626918577986,750.0,322252.2570717366,3437.9556426664676,True,0.212056451199297,128.90090282869463
thickness_grids_L10000mm.csv,32,10.0,323.2166824380516,4.580585847682731,21,146,1.47,1.479905860096392,0.009905860096392,67.88667565142183,67.88667565142183,3.4707069095363865,1376.0676760097658,1376.0676760097658,290.6930125473796,749.9999999999998,323216.68243805156,3440.1691900244145,True,0.2112490668993205,129.28667297522065
thickness_grids_L10000mm.csv,33,10.0,324.17847632752677,4.443294694647785,21,147,1.48,1.489905860096392,0.009905860096392,68.81344548423083,68.81344548423083,3.4579174123209446,1376.9461994811145,1376.9461994811145,289.7794960184357,749.9999999999999,324178.4763275268,3442.365498702786,True,0.2104508484991175,129.67139053101073
thickness_grids_L10000mm.csv,34,10.0,325.13766763153,4.311083398488406,21,148,1.49,1.4999058600963922,0.009905860096392,69.746498502347,69.746498502347,3.4452443955721903,1377.8179342734948,1377.8179342734948,288.8755548965852,750.0,325137.66763153,3444.544835683737,True,0.2096616306920881,130.055067052612
thickness_grids_L10000mm.csv,35,10.0,326.09428469654904,4.1837304549559455,21,149,1.5,1.5099058600963922,0.009905860096392,70.68583470577035,70.68583470577035,3.432685897626338,1378.6829848645375,1378.6829848645375,287.9810282877896,750.0000000000001,326094.28469654906,3446.7074621613433,True,0.2088812522162846,130.43771387861963
thickness_grids_L10000mm.csv,36,10.0,336.7560103555923,4.070380767027183,22,145,1.46,1.4706767262735911,0.0106767262735912,66.96618900392002,66.96618900392002,3.615598820268619,1366.1999372625414,1366.1999372625414,280.8180184072801,750.0,336756.0103555923,3415.4998431563536,True,0.2055467949807961,134.70240414223693
thickness_grids_L10000mm.csv,37,10.0,337.75749559907587,3.9474585143582206,22,146,1.47,1.4806767262735911,0.0106767262735912,67.88667565142183,67.88667565142183,3.6022081418900394,1367.1053966557442,1367.1053966557442,279.929476148366,750.0000000000001,337757.49559907586,3417.7634916393604,True,0.2047607132801452,135.10299823963035
thickness_grids_L10000mm.csv,38,10.0,338.7562405512066,3.82911706763969,22,147,1.48,1.4906767262735912,0.0106767262735912,68.81344548423083,68.81344548423083,3.5889403069632624,1368.0038468148496,1368.0038468148496,279.05030304088916,749.9999999999998,338756.2405512066,3420.0096170371235,True,0.2039835660481566,135.50249622048264
thickness_grids_L10000mm.csv,39,10.0,339.752275265646,3.715155285035473,22,148,1.49,1.5006767262735912,0.0106767262735912,69.746498502347,69.746498502347,3.5757932338938736,1368.8953959564442,1368.8953959564442,278.18034073681827,750.0,339752.275265646,3422.23848989111,True,0.2032151920143279,135.9009101062584
thickness_grids_L10000mm.csv,40,10.0,340.7456292286419,3.605382152412356,22,149,1.5,1.5106767262735912,0.0106767262735912,70.68583470577035,70.68583470577035,3.5627648899825166,1369.7801499576826,1369.7801499576826,277.31943454744794,749.9999999999999,340745.6292286419,3424.4503748942066,True,0.2024554338563128,136.29825169145676
thickness_grids_L10000mm.csv,41,10.0,351.5430280931832,3.5227422931982817,23,145,1.46,1.4714834466915905,0.0114834466915904,66.96618900392002,66.96618900392002,3.7485972050481178,1357.2775477399068,1357.2775477399068,270.70035614157183,749.9999999999999,351543.0280931832,3393.193869349767,True,0.1994436263919144,140.61721123727327
thickness_grids_L10000mm.csv,42,10.0,352.58193043728517,3.4163330791445827,23,146,1.47,1.4814834466915905,0.0114834466915904,67.88667565142183,67.88667565142183,3.734720844695312,1358.2024981840468,1358.2024981840468,269.8443587970541,750.0000000000002,352581.93043728516,3395.506245460117,True,0.1986775603474763,141.03277217491407
thickness_grids_L10000mm.csv,43,10.0,353.61798189808934,3.313890211170637,23,147,1.48,1.4914834466915905,0.0114834466915904,68.81344548423083,68.81344548423083,3.7209717001218743,1359.120331613336,1359.120331613336,268.9973826699109,750.0,353617.98189808935,3397.8008290333396,True,0.1979202108989121,141.44719275923575
thickness_grids_L10000mm.csv,44,10.0,354.65121370988487,3.2152394884861546,23,148,1.49,1.5014834466915905,0.0114834466915904,69.746498502347,69.746498502347,3.707347616833869,1360.0311575669934,1360.0311575669934,268.1592753745746,750.0,354651.21370988485,3400.0778939174834,True,0.1971714205829622,141.86048548395394
thickness_grids_L10000mm.csv,45,10.0,355.6816565169088,3.1202154834665965,23,149,1.5,1.5114834466915903,0.0114834466915904,70.68583470577035,70.68583470577035,3.6938464909214055,1360.9350832226855,1360.9350832226855,267.3298880451681,750.0,355681.6565169088,3402.3377080567134,True,0.1964310357935168,142.2726626067635
thickness_grids_L10000mm.csv,46,10.0,366.6035971902866,3.0613737896012823,24,145,1.46,1.4723260213503897,0.0123260213503896,66.96618900392002,66.96618900392002,3.882486063803936,1348.4233313637346,1348.4233313637346,261.2096324889206,750.0000000000001,366603.5971902866,3371.0583284093364,True,0.1937148567614481,146.64143887611465
thickness_grids_L10000mm.csv,47,10.0,367.6802445828732,2.968877976636138,24,146,1.47,1.4823260213503897,0.0123260213503896,67.88667565142183,67.88667565142183,3.8681215270075806,1349.3672129595916,1349.3672129595916,260.384181484292,749.9999999999999,367680.2445828733,3373.4180323989785,True,0.1929676214032106,147.0720978331493
thickness_grids_L10000mm.csv,48,10.0,368.7539287716588,2.8798307233415255,24,147,1.48,1.4923260213503895,0.0123260213503896,68.81344548423083,68.81344548423083,3.853888591557865,1350.3038756998058,1350.3038756998058,259.5674249747962,750.0,368753.9287716588,3375.759689249514,True,0.1922288972474979,147.50157150866352
thickness_grids_L10000mm.csv,49,10.0,369.8246821899454,2.7940805339346406,24,148,1.49,1.5023260213503895,0.0123260213503896,69.746498502347,69.746498502347,3.839785029977363,1351.2334303465932,1351.2334303465932,258.7592161765045,750.0000000000001,369824.6821899454,3378.0835758664825,True,0.1914985304279604,147.92987287597816
thickness_grids_L10000mm.csv,50,10.0,370.89253665755547,2.711483544131585,24,149,1.5,1.5123260213503895,0.0123260213503896,70.68583470577035,70.68583470577035,3.825808667053601,1352.1559852812395,1352.1559852812395,257.95941169372594,750.0000000000001,370892.5366575555,3380.389963203099,True,0.1907763708490127,148.3570146630222
thickness_grids_L10000mm.csv,51,10.0,381.92913892389714,2.671043627104646,25,145,1.46,1.4732044502499888,0.0132044502499887,66.96618900392002,66.96618900392002,4.017156488413152,1339.6440693822517,1339.6440693822517,252.296332437772,750.0000000000002,381929.1389238971,3349.1101734556287,True,0.1883308695227629,152.77165556955885
thickness_grids_L10000mm.csv,52,10.0,383.04383424747056,2.59032040343751,25,146,1.47,1.4832044502499888,0.0132044502499887,67.88667565142183,67.88667565142183,4.0023017199939925,1340.6063162236924,1340.6063162236924,251.49958692851396,749.9999999999999,383043.83424747054,3351.5157905592305,True,0.1876013740088548,153.2175336989882
thickness_grids_L10000mm.csv,53,10.0,384.1554523560797,2.5126075697999264,25,147,1.48,1.4932044502499888,0.0132044502499887,68.81344548423083,68.81344548423083,3.9875829472827697,1341.561248234808,1341.561248234808,250.71122873150753,749.9999999999999,384155.45235607965,3353.9031205870197,True,0.1868801957878456,153.66218094243186
thickness_grids_L10000mm.csv,54,10.0,385.2640268999047,2.4377728465358883,25,148,1.49,1.5032044502499888,0.0132044502499887,69.746498502347,69.746498502347,3.972997869809313,1342.5089773038817,1342.5089773038817,249.93111633189227,749.9999999999998,385264.0268999047,3356.272443259704,True,0.1861671843966518,154.10561075996188
thickness_grids_L10000mm.csv,55,10.0,386.3695908919418,2.3656906191233165,25,149,1.5,1.5132044502499888,0.0132044502499887,70.68583470577035,70.68583470577035,3.958544241050639,1343.4496129207982,1343.4496129207982,249.15911147936785,750.0000000000001,386369.59089194186,3358.624032301995,True,0.185462193061093,154.54783635677674
thickness_grids_L10000mm.csv,56,10.0,397.5120417593435,2.339441612541713,26,145,1.46,1.4741187333903878,0.0141187333903878,66.96618900392002,66.96618900392002,4.15251244552418,1330.9453102371515,1330.9453102371515,243.9149700787263,750.0,397512.0417593435,3327.3632755928784,True,0.1832644573767383,159.00481670373742
thickness_grids_L10000mm.csv,57,10.0,398.66506643113456,2.2687210084760205,26,146,1.47,1.4841187333903878,0.0141187333903878,67.88667565142183,67.88667565142183,4.137165781398632,1331.9253540893264,1331.9253540893264,243.14523412286968,750.0,398665.0664311346,3329.813385223316,True,0.1825516973427648,159.46602657245384
thickness_grids_L10000mm.csv,58,10.0,399.8148982140272,2.200638454947456,26,147,1.48,1.4941187333903878,0.0141187333903878,68.81344548423083,68.81344548423083,4.121959512135856,1332.897992904184,1332.897992904184,242.3835962991257,750.0,399814.8982140272,3332.244982260459,True,0.181847071260876,159.9259592856109
thickness_grids_L10000mm.csv,59,10.0,400.96157199293725,2.135078003462742,26,148,1.49,1.5041187333903878,0.0141187333903878,69.746498502347,69.746498502347,4.10689126434032,1333.8633396015236,1333.8633396015236,241.62992005524256,750.0000000000001,400961.5719929373,3334.658349003809,True,0.1811504318931403,160.38462879717488
thickness_grids_L10000mm.csv,60,10.0,402.1051219917089,2.0719295492785186,26,149,1.5,1.5141187333903878,0.0141187333903878,70.68583470577035,70.68583470577035,4.091958720241053,1334.8215046874038,1334.8215046874038,240.88407198715575,750.0000000000002,402105.12199170893,3337.053761718509,True,0.1804616356128959,160.84204879668357
thickness_grids_L10000mm.csv,61,10.0,413.3455210154407,2.0565861708202533,27,145,1.46,1.4750688707715869,0.0150688707715868,66.96618900392002,66.96618900392002,4.288468926660819,1322.3315609662532,1322.3315609662532,236.02389473140403,750.0,413345.5210154407,3305.8289024156325,True,0.1784907066416359,165.33820840617628
thickness_grids_L10000mm.csv,62,10.0,414.53713807481313,1.9943989259179329,27,146,1.47,1.485068870771587,0.0150688707715868,67.88667565142183,67.88667565142183,4.2726290525239445,1323.3288342688402,1323.3288342688402,235.2796050767503,750.0,414537.1380748131,3308.3220856721,True,0.1777937569135988,165.81485522992526
thickness_grids_L10000mm.csv,63,10.0,415.72544492807384,1.9345320422904344,27,147,1.48,1.495068870771587,0.0150688707715868,68.81344548423083,68.81344548423083,4.256933973585232,1324.3186179771428,1324.3186179771428,234.54314096967013,750.0000000000001,415725.44492807385,3310.7965449428566,True,0.1771047675278686,166.29017797122953
thickness_grids_L10000mm.csv,64,10.0,416.9104777129268,1.8768835074086627,27,148,1.49,1.505068870771587,0.0150688707715868,69.746498502347,69.746498502347,4.241381243658209,1325.3010259507337,1325.3010259507337,233.8143705380896,749.9999999999999,416910.4777129268,3313.2525648768337,True,0.1764235943078348,166.76419108517072
thickness_grids_L10000mm.csv,65,10.0,418.0922718813881,1.8213564514922085,27,149,1.5,1.515068870771587,0.0150688707715868,70.68583470577035,70.68583470577035,4.2259684738487735,1326.2761696223351,1326.2761696223351,233.0931649481605,750.0000000000001,418092.2718813881,3315.6904240558374,True,0.1757500966141427,167.23690875255522
thickness_grids_L10000mm.csv,66,10.0,429.42350085480126,1.8143553789898128,28,145,1.46,1.476054862393586,0.0160548623935858,66.96618900392002,66.96618900392002,4.424950392556607,1313.806447548196,1313.806447548196,228.58504873497697,750.0000000000003,429423.50085480127,3284.5161188704897,True,0.1739868526003648,171.76940034192052
thickness_grids_L10000mm.csv,67,10.0,430.6539576193389,1.7594769311350198,28,146,1.47,1.486054862393586,0.0160548623935858,67.88667565142183,67.88667565142183,4.4086163083450325,1314.8203858593706,1314.8203858593706,227.86476337586348,749.9999999999998,430653.9576193389,3287.050964648426,True,0.1733048603645815,172.26158304773554
thickness_grids_L10000mm.csv,68,10.0,431.8809852295524,1.706646707506039,28,147,1.48,1.496054862393586,0.0160548623935858,68.81344548423083,68.81344548423083,4.39243141756983,1315.8267555370076,1315.8267555370076,227.15204628960143,750.0,431880.9852295524,3289.5668888425184,True,0.1726306638269393,172.75239409182095
thickness_grids_L10000mm.csv,69,10.0,433.1046210940384,1.6557746349268614,28,148,1.49,1.506054862393586,0.0160548623935858,69.746498502347,69.746498502347,4.376393201447168,1316.8256712918046,1316.8256712918046,226.44677002368903,750.0000000000001,433104.6210940384,3292.0641782295115,True,0.1719641217212488,173.24184843761535
thickness_grids_L10000mm.csv,70,10.0,434.3249019106254,1.6067751823183043,28,149,1.5,1.516054862393586,0.0160548623935858,70.68583470577035,70.68583470577035,4.36049920014695,1317.8172453963534,1317.8172453963534,225.7488100599302,749.9999999999998,434324.9019106254,3294.543113490883,True,0.1713050962480255,173.72996076425017
thickness_grids_L10000mm.csv,71,10.0,445.7405148327007,1.60611615500336,29,145,1.46,1.4770767082563847,0.0170767082563848,66.96618900392002,66.96618900392002,4.561889462058354,1305.3728494712325,1305.3728494712325,221.56370328669328,750.0,445740.51483270066,3263.43212367808,True,0.1697321216512524,178.29620593308027
thickness_grids_L10000mm.csv,72,10.0,447.0100451907261,1.5575217960270276,29,146,1.47,1.4870767082563847,0.0170767082563848,67.88667565142183,67.88667565142183,4.545060451289426,1306.4028934473986,1306.4028934473986,220.86609086084712,750.0,447010.0451907261,3266.007233618496,True,0.1690643001241486,178.80401807629045
thickness_grids_L10000mm.csv,73,10.0,448.27602582116407,1.5107416453450753,29,147,1.48,1.4970767082563847,0.0170767082563848,68.81344548423083,68.81344548423083,4.52838502710704,1307.4252951255485,1307.4252951255485,220.17580356961096,750.0000000000003,448276.0258211641,3268.5632378138707,True,0.1684041179182387,179.31041032846562
thickness_grids_L10000mm.csv,74,10.0,449.5384954216704,1.4656958980983208,29,148,1.49,1.5070767082563847,0.0170767082563848,69.746498502347,69.746498502347,4.511860598378711,1308.4401699819837,1308.4401699819837,219.49271813933535,749.9999999999998,449538.4954216704,3271.1004249549587,True,0.1677514365386364,179.81539816866814
thickness_grids_L10000mm.csv,75,10.0,450.79749195380697,1.422308774865524,29,149,1.5,1.5170767082563847,0.0170767082563848,70.68583470577035,70.68583470577035,4.495484634579752,1309.4476310453829,1309.4476310453829,218.8167141324367,750.0000000000002,450797.49195380695,3273.619077613457,True,0.1671061208898799,180.31899678152277
thickness_grids_L10000mm.csv,76,10.0,463.6004482782853,1.3832597259415034,30,146,1.47,1.4881344083599837,0.0181344083599837,67.88667565142183,67.88667565142183,4.6819014076792165,1298.078609888454,1298.078609888454,214.25201950728643,750.0,463600.4482782853,3245.196524721135,True,0.1650531931388172,185.4401793113141
thickness_grids_L10000mm.csv,77,10.0,464.9056027483074,1.3417008138686308,30,147,1.48,1.4981344083599837,0.0181344083599837,68.81344548423083,68.81344548423083,4.664734982810097,1299.116496140783,1299.116496140783,213.58294461137493,750.0,464905.6027483074,3247.791240351957,True,0.1644063063211455,185.96224109932297
thickness_grids_L10000mm.csv,78,10.0,466.2071252980521,1.3016831820851595,30,148,1.49,1.5081344083599837,0.0181344083599837,69.746498502347,69.746498502347,4.647723866670483,1300.1467878141991,1300.1467878141991,212.92084546101793,750.0,466207.1252980521,3250.366969535498,True,0.1637667742263006,186.48285011922084
thickness_grids_L10000mm.csv,79,10.0,467.5050551708771,1.2631394693210083,30,149,1.5,1.5181344083599837,0.0181344083599837,70.68583470577035,70.68583470577035,4.630865458330111,1301.1695986129052,1301.1695986129052,212.26560548194357,750.0000000000001,467505.0551708771,3252.9239965322627,True,0.1631344643374903,187.00202206835084
thickness_grids_L10000mm.csv,80,10.0,480.4206703151117,1.232350860859972,31,146,1.47,1.4892279627043827,0.0192279627043826,67.88667565142183,67.88667565142183,4.81908519293976,1289.8492513591382,1289.8492513591382,207.99376926655063,749.9999999999999,480420.6703151117,3224.623128397845,True,0.1612543241370134,192.1682681260447
thickness_grids_L10000mm.csv,81,10.0,481.7652097196255,1.195314177394199,31,147,1.48,1.4992279627043827,0.0192279627043826,68.81344548423083,68.81344548423083,4.8014275315528545,1290.9020825714051,1290.9020825714051,207.3447803766134,750.0,481765.2097196255,3227.255206428513,True,0.1606200680717736,192.70608388785016
thickness_grids_L10000mm.csv,82,10.0,483.10599470331545,1.1596514810055607,31,148,1.49,1.5092279627043828,0.0192279627043826,69.746498502347,69.746498502347,4.783929482169376,1291.9472564367568,1291.9472564367568,206.70255300194268,749.9999999999998,483105.99470331543,3229.8681410918916,True,0.1599930275575155,193.24239788132616
thickness_grids_L10000mm.csv,83,10.0,484.44306580967833,1.1253027037379582,31,149,1.5,1.5192279627043828,0.0192279627043826,70.68583470577035,70.68583470577035,4.76658837379118,1292.9848872572843,1292.9848872572843,206.06697423042675,750.0000000000001,484443.06580967834,3232.4622181432105,True,0.1593730725403463,193.77722632387133
thickness_grids_L10000mm.csv,84,10.0,497.46661002149705,1.1012101985781049,32,146,1.47,1.4903573712895817,0.0203573712895815,67.88667565142183,67.88667565142183,4.956563117589643,1281.716077648486,1281.716077648486,202.06509832858023,749.9999999999999,497466.61002149706,3204.2901941212144,True,0.1576519962980421,198.98664400859883
thickness_grids_L10000mm.csv,85,10.0,498.8507372294821,1.0681039837545083,32,147,1.48,1.5003573712895817,0.0203573712895815,68.81344548423083,68.81344548423083,4.938414195387883,1282.7833230244937,1282.7833230244937,201.4351520391604,750.0,498850.7372294821,3206.958307561234,True,0.1570297558626073,199.54029489179285
thickness_grids_L10000mm.csv,86,10.0,500.2309858976224,1.0362263316362823,32,148,1.49,1.5103573712895817,0.0203573712895815,69.746498502347,69.746498502347,4.920429176177162,1283.8428531190104,1283.8428531190104,200.8117640454971,749.9999999999999,500230.9858976224,3209.607132797526,True,0.1564145982178724,200.09239435904897
thickness_grids_L10000mm.csv,87,10.0,501.6073978881778,1.0055235151553816,32,149,1.5,1.5203573712895817,0.0203573712895815,70.68583470577035,70.68583470577035,4.902605319270308,1284.8947827575737,1284.8947827575737,200.19482491125495,749.9999999999999,501607.3978881777,3212.2369568939334,True,0.1558063956658049,200.6429591552711
thickness_grids_L10000mm.csv,88,10.0,514.734509745978,0.9868650143629422,33,146,1.47,1.4915226341155805,0.0215226341155803,67.88667565142183,67.88667565142183,5.094291110901826,1273.6799601360888,1273.6799601360888,196.4420693798455,750.0000000000001,514734.50974597805,3184.1999003402216,True,0.1542318914704886,205.8938038983912
thickness_grids_L10000mm.csv,89,10.0,516.1584207104421,0.9571864470037108,33,147,1.48,1.5015226341155803,0.0215226341155803,68.81344548423083,68.81344548423083,5.075651097706371,1274.7610984839712,1274.7610984839712,195.83019798164645,750.0,516158.4207104421,3186.902746209928,True,0.1536210967016019,206.46336828417685
thickness_grids_L10000mm.csv,90,10.0,606.285381161741,0.9567646545126274,40,126,1.27,1.3006833926399712,0.0306833926399711,50.67074790974977,50.67074790974977,6.550929707158965,1194.976742254183,1194.976742254183,175.42276723021558,750.0000000000002,606285.3811617411,2987.4418556354567,True,0.146800151858438,242.51415246469645
thickness_grids_L10000mm.csv,91,10.0,647.2409375264184,0.9529392492082926,43,119,1.2,1.235147245619567,0.0351472456195666,45.23893421169302,45.23893421169302,7.2073460504374305,1162.87611707786,1162.87611707786,167.95165355086013,750.0,647240.9375264184,2907.19029269465,True,0.144427812287433,258.89637501056734
thickness_grids_L10000mm.csv,92,10.0,717.9053688558918,0.9523210394488788,48,109,1.1,1.1433040854015584,0.0433040854015584,38.01327110843649,38.01327110843649,8.33348711588008,1111.985825075482,1111.985825075482,156.94620262239212,749.9999999999999,717905.3688558917,2779.9645626887054,True,0.1411404705736591,287.1621475423567
thickness_grids_L10000mm.csv,93,10.0,1365.6109175361617,0.950350685565601,87,70,0.71,0.8476903743074635,0.1376903743074636,15.836768566746146,15.836768566746146,17.295861573047198,831.9620432177308,831.9620432177308,101.16892933496048,750.0000000000001,1365610.9175361616,2079.905108044327,True,0.1216028184935881,546.2443670144646
