candidate_rank,source_file,pareto_rank,row_i,col_j,solenoid_length_m,ri,rf,th,v,v_bore,b0,scan,je_tape,je_max,je_coil,stress,length_tape,j_crit,converged,f_tape_min,length_tape_km,pancake_length_m,scan_error_yrs,abs_scan_error_yrs,target_scan_yrs,scan_margin_yrs,search_pool,pick_rule
0,thickness_grids_L10000mm.csv,87,32,149,10.0,1.5,1.5203573712895817,0.0203573712895815,70.68583470577035,70.68583470577035,4.902605319270308,1.0055235151553816,1284.8947827575737,1284.8947827575737,200.19482491125495,749.9999999999999,501607.3978881777,3212.2369568939334,True,0.1558063956658049,501.6073978881778,200.6429591552711,0.005523515155381631,0.005523515155381631,1.0,0.25,pareto,closest
1,thickness_grids_L10000mm.csv,88,33,146,10.0,1.47,1.4915226341155805,0.0215226341155803,67.88667565142183,67.88667565142183,5.094291110901826,0.9868650143629422,1273.6799601360888,1273.6799601360888,196.4420693798455,750.0000000000001,514734.50974597805,3184.1999003402216,True,0.1542318914704886,514.734509745978,205.8938038983912,-0.013134985637057839,0.013134985637057839,1.0,0.25,pareto,closest
2,thickness_grids_L10000mm.csv,86,32,148,10.0,1.49,1.5103573712895817,0.0203573712895815,69.746498502347,69.746498502347,4.920429176177162,1.0362263316362823,1283.8428531190104,1283.8428531190104,200.8117640454971,749.9999999999999,500230.9858976224,3209.607132797526,True,0.1564145982178724,500.2309858976224,200.09239435904897,0.036226331636282305,0.036226331636282305,1.0,0.25,pareto,closest
3,thickness_grids_L10000mm.csv,89,33,147,10.0,1.48,1.5015226341155803,0.0215226341155803,68.81344548423083,68.81344548423083,5.075651097706371,0.9571864470037108,1274.7610984839712,1274.7610984839712,195.83019798164645,750.0,516158.4207104421,3186.902746209928,True,0.1536210967016019,516.1584207104421,206.46336828417685,-0.042813552996289195,0.042813552996289195,1.0,0.25,pareto,closest
4,thickness_grids_L10000mm.csv,90,40,126,10.0,1.27,1.3006833926399712,0.0306833926399711,50.67074790974977,50.67074790974977,6.550929707158965,0.9567646545126274,1194.976742254183,1194.976742254183,175.42276723021558,750.0000000000002,606285.3811617411,2987.4418556354567,True,0.146800151858438,606.285381161741,242.51415246469645,-0.04323534548737262,0.04323534548737262,1.0,0.25,pareto,closest
5,thickness_grids_L10000mm.csv,91,43,119,10.0,1.2,1.235147245619567,0.0351472456195666,45.23893421169302,45.23893421169302,7.2073460504374305,0.9529392492082926,1162.87611707786,1162.87611707786,167.95165355086013,750.0,647240.9375264184,2907.19029269465,True,0.144427812287433,647.2409375264184,258.89637501056734,-0.04706075079170735,0.04706075079170735,1.0,0.25,pareto,closest
6,thickness_grids_L10000mm.csv,92,48,109,10.0,1.1,1.1433040854015584,0.0433040854015584,38.01327110843649,38.01327110843649,8.33348711588008,0.9523210394488788,1111.985825075482,1111.985825075482,156.94620262239212,749.9999999999999,717905.3688558917,2779.9645626887054,True,0.1411404705736591,717.9053688558918,287.1621475423567,-0.0476789605511212,0.0476789605511212,1.0,0.25,pareto,closest
7,thickness_grids_L10000mm.csv,93,87,70,10.0,0.71,0.8476903743074635,0.1376903743074636,15.836768566746146,15.836768566746146,17.295861573047198,0.950350685565601,831.9620432177308,831.9620432177308,101.16892933496048,750.0000000000001,1365610.9175361616,2079.905108044327,True,0.1216028184935881,1365.6109175361617,546.2443670144646,-0.04964931443439902,0.04964931443439902,1.0,0.25,pareto,closest
8,thickness_grids_L10000mm.csv,85,32,147,10.0,1.48,1.5003573712895817,0.0203573712895815,68.81344548423083,68.81344548423083,4.938414195387883,1.0681039837545083,1282.7833230244937,1282.7833230244937,201.4351520391604,750.0,498850.7372294821,3206.958307561234,True,0.1570297558626073,498.8507372294821,199.54029489179285,0.06810398375450832,0.06810398375450832,1.0,0.25,pareto,closest
9,thickness_grids_L10000mm.csv,84,32,146,10.0,1.47,1.4903573712895817,0.0203573712895815,67.88667565142183,67.88667565142183,4.956563117589643,1.1012101985781049,1281.716077648486,1281.716077648486,202.06509832858023,749.9999999999999,497466.61002149706,3204.2901941212144,True,0.1576519962980421,497.46661002149705,198.98664400859883,0.10121019857810487,0.10121019857810487,1.0,0.25,pareto,closest
10,thickness_grids_L10000mm.csv,83,31,149,10.0,1.5,1.5192279627043828,0.0192279627043826,70.68583470577035,70.68583470577035,4.76658837379118,1.1253027037379582,1292.9848872572843,1292.9848872572843,206.06697423042675,750.0000000000001,484443.06580967834,3232.4622181432105,True,0.1593730725403463,484.44306580967833,193.77722632387133,0.12530270373795815,0.12530270373795815,1.0,0.25,pareto,closest
11,thickness_grids_L10000mm.csv,82,31,148,10.0,1.49,1.5092279627043828,0.0192279627043826,69.746498502347,69.746498502347,4.783929482169376,1.1596514810055607,1291.9472564367568,1291.9472564367568,206.70255300194268,749.9999999999998,483105.99470331543,3229.8681410918916,True,0.1599930275575155,483.10599470331545,193.24239788132616,0.1596514810055607,0.1596514810055607,1.0,0.25,pareto,closest
12,thickness_grids_L10000mm.csv,81,31,147,10.0,1.48,1.4992279627043827,0.0192279627043826,68.81344548423083,68.81344548423083,4.8014275315528545,1.195314177394199,1290.9020825714051,1290.9020825714051,207.3447803766134,750.0,481765.2097196255,3227.255206428513,True,0.1606200680717736,481.7652097196255,192.70608388785016,0.1953141773941991,0.1953141773941991,1.0,0.25,pareto,closest
13,thickness_grids_L10000mm.csv,80,31,146,10.0,1.47,1.4892279627043827,0.0192279627043826,67.88667565142183,67.88667565142183,4.81908519293976,1.232350860859972,1289.8492513591382,1289.8492513591382,207.99376926655063,749.9999999999999,480420.6703151117,3224.623128397845,True,0.1612543241370134,480.4206703151117,192.1682681260447,0.23235086085997203,0.23235086085997203,1.0,0.25,pareto,closest
0,thickness_grids_L10000mm.csv,62,27,146,10.0,1.47,1.485068870771587,0.0150688707715868,67.88667565142183,67.88667565142183,4.2726290525239445,1.9943989259179329,1323.3288342688402,1323.3288342688402,235.2796050767503,750.0,414537.1380748131,3308.3220856721,True,0.1777937569135988,414.53713807481313,165.81485522992526,-0.0056010740820671145,0.0056010740820671145,2.0,0.25,pareto,closest
1,thickness_grids_L10000mm.csv,61,27,145,10.0,1.46,1.4750688707715869,0.0150688707715868,66.96618900392002,66.96618900392002,4.288468926660819,2.0565861708202533,1322.3315609662532,1322.3315609662532,236.02389473140403,750.0,413345.5210154407,3305.8289024156325,True,0.1784907066416359,413.3455210154407,165.33820840617628,0.0565861708202533,0.0565861708202533,2.0,0.25,pareto,closest
2,thickness_grids_L10000mm.csv,63,27,147,10.0,1.48,1.495068870771587,0.0150688707715868,68.81344548423083,68.81344548423083,4.256933973585232,1.9345320422904344,1324.3186179771428,1324.3186179771428,234.54314096967013,750.0000000000001,415725.44492807385,3310.7965449428566,True,0.1771047675278686,415.72544492807384,166.29017797122953,-0.0654679577095656,0.0654679577095656,2.0,0.25,pareto,closest
3,thickness_grids_L10000mm.csv,60,26,149,10.0,1.5,1.5141187333903878,0.0141187333903878,70.68583470577035,70.68583470577035,4.091958720241053,2.0719295492785186,1334.8215046874038,1334.8215046874038,240.88407198715575,750.0000000000002,402105.12199170893,3337.053761718509,True,0.1804616356128959,402.1051219917089,160.84204879668357,0.07192954927851858,0.07192954927851858,2.0,0.25,pareto,closest
4,thickness_grids_L10000mm.csv,64,27,148,10.0,1.49,1.505068870771587,0.0150688707715868,69.746498502347,69.746498502347,4.241381243658209,1.8768835074086627,1325.3010259507337,1325.3010259507337,233.8143705380896,749.9999999999999,416910.4777129268,3313.2525648768337,True,0.1764235943078348,416.9104777129268,166.76419108517072,-0.12311649259133728,0.12311649259133728,2.0,0.25,pareto,closest
5,thickness_grids_L10000mm.csv,59,26,148,10.0,1.49,1.5041187333903878,0.0141187333903878,69.746498502347,69.746498502347,4.10689126434032,2.135078003462742,1333.8633396015236,1333.8633396015236,241.62992005524256,750.0000000000001,400961.5719929373,3334.658349003809,True,0.1811504318931403,400.96157199293725,160.38462879717488,0.13507800346274212,0.13507800346274212,2.0,0.25,pareto,closest
6,thickness_grids_L10000mm.csv,65,27,149,10.0,1.5,1.515068870771587,0.0150688707715868,70.68583470577035,70.68583470577035,4.2259684738487735,1.8213564514922085,1326.2761696223351,1326.2761696223351,233.0931649481605,750.0000000000001,418092.2718813881,3315.6904240558374,True,0.1757500966141427,418.0922718813881,167.23690875255522,-0.17864354850779152,0.17864354850779152,2.0,0.25,pareto,closest
7,thickness_grids_L10000mm.csv,66,28,145,10.0,1.46,1.476054862393586,0.0160548623935858,66.96618900392002,66.96618900392002,4.424950392556607,1.8143553789898128,1313.806447548196,1313.806447548196,228.58504873497697,750.0000000000003,429423.50085480127,3284.5161188704897,True,0.1739868526003648,429.42350085480126,171.76940034192052,-0.1856446210101872,0.1856446210101872,2.0,0.25,pareto,closest
8,thickness_grids_L10000mm.csv,58,26,147,10.0,1.48,1.4941187333903878,0.0141187333903878,68.81344548423083,68.81344548423083,4.121959512135856,2.200638454947456,1332.897992904184,1332.897992904184,242.3835962991257,750.0,399814.8982140272,3332.244982260459,True,0.181847071260876,399.8148982140272,159.9259592856109,0.2006384549474558,0.2006384549474558,2.0,0.25,pareto,closest
9,thickness_grids_L10000mm.csv,67,28,146,10.0,1.47,1.486054862393586,0.0160548623935858,67.88667565142183,67.88667565142183,4.4086163083450325,1.7594769311350198,1314.8203858593706,1314.8203858593706,227.86476337586348,749.9999999999998,430653.9576193389,3287.050964648426,True,0.1733048603645815,430.6539576193389,172.26158304773554,-0.2405230688649802,0.2405230688649802,2.0,0.25,pareto,closest
0,thickness_grids_L10000mm.csv,47,24,146,10.0,1.47,1.4823260213503897,0.0123260213503896,67.88667565142183,67.88667565142183,3.8681215270075806,2.968877976636138,1349.3672129595916,1349.3672129595916,260.384181484292,749.9999999999999,367680.2445828733,3373.4180323989785,True,0.1929676214032106,367.6802445828732,147.0720978331493,-0.031122023363861828,0.031122023363861828,3.0,0.25,pareto,closest
1,thickness_grids_L10000mm.csv,46,24,145,10.0,1.46,1.4723260213503897,0.0123260213503896,66.96618900392002,66.96618900392002,3.882486063803936,3.0613737896012823,1348.4233313637346,1348.4233313637346,261.2096324889206,750.0000000000001,366603.5971902866,3371.0583284093364,True,0.1937148567614481,366.6035971902866,146.64143887611465,0.06137378960128226,0.06137378960128226,3.0,0.25,pareto,closest
2,thickness_grids_L10000mm.csv,48,24,147,10.0,1.48,1.4923260213503895,0.0123260213503896,68.81344548423083,68.81344548423083,3.853888591557865,2.8798307233415255,1350.3038756998058,1350.3038756998058,259.5674249747962,750.0,368753.9287716588,3375.759689249514,True,0.1922288972474979,368.7539287716588,147.50157150866352,-0.12016927665847454,0.12016927665847454,3.0,0.25,pareto,closest
3,thickness_grids_L10000mm.csv,45,23,149,10.0,1.5,1.5114834466915903,0.0114834466915904,70.68583470577035,70.68583470577035,3.6938464909214055,3.1202154834665965,1360.9350832226855,1360.9350832226855,267.3298880451681,750.0,355681.6565169088,3402.3377080567134,True,0.1964310357935168,355.6816565169088,142.2726626067635,0.1202154834665965,0.1202154834665965,3.0,0.25,pareto,closest
4,thickness_grids_L10000mm.csv,49,24,148,10.0,1.49,1.5023260213503895,0.0123260213503896,69.746498502347,69.746498502347,3.839785029977363,2.7940805339346406,1351.2334303465932,1351.2334303465932,258.7592161765045,750.0000000000001,369824.6821899454,3378.0835758664825,True,0.1914985304279604,369.8246821899454,147.92987287597816,-0.20591946606535938,0.20591946606535938,3.0,0.25,pareto,closest
5,thickness_grids_L10000mm.csv,44,23,148,10.0,1.49,1.5014834466915905,0.0114834466915904,69.746498502347,69.746498502347,3.707347616833869,3.2152394884861546,1360.0311575669934,1360.0311575669934,268.1592753745746,750.0,354651.21370988485,3400.0778939174834,True,0.1971714205829622,354.65121370988487,141.86048548395394,0.2152394884861546,0.2152394884861546,3.0,0.25,pareto,closest
0,thickness_grids_L10000mm.csv,37,22,146,10.0,1.47,1.4806767262735911,0.0106767262735912,67.88667565142183,67.88667565142183,3.6022081418900394,3.9474585143582206,1367.1053966557442,1367.1053966557442,279.929476148366,750.0000000000001,337757.49559907586,3417.7634916393604,True,0.2047607132801452,337.75749559907587,135.10299823963035,-0.052541485641779406,0.052541485641779406,4.0,0.25,pareto,closest
1,thickness_grids_L10000mm.csv,36,22,145,10.0,1.46,1.4706767262735911,0.0106767262735912,66.96618900392002,66.96618900392002,3.615598820268619,4.070380767027183,1366.1999372625414,1366.1999372625414,280.8180184072801,750.0,336756.0103555923,3415.4998431563536,True,0.2055467949807961,336.7560103555923,134.70240414223693,0.07038076702718321,0.07038076702718321,4.0,0.25,pareto,closest
2,thickness_grids_L10000mm.csv,38,22,147,10.0,1.48,1.4906767262735912,0.0106767262735912,68.81344548423083,68.81344548423083,3.5889403069632624,3.82911706763969,1368.0038468148496,1368.0038468148496,279.05030304088916,749.9999999999998,338756.2405512066,3420.0096170371235,True,0.2039835660481566,338.7562405512066,135.50249622048264,-0.17088293236031005,0.17088293236031005,4.0,0.25,pareto,closest
3,thickness_grids_L10000mm.csv,35,21,149,10.0,1.5,1.5099058600963922,0.009905860096392,70.68583470577035,70.68583470577035,3.432685897626338,4.1837304549559455,1378.6829848645375,1378.6829848645375,287.9810282877896,750.0000000000001,326094.28469654906,3446.7074621613433,True,0.2088812522162846,326.09428469654904,130.43771387861963,0.18373045495594553,0.18373045495594553,4.0,0.25,pareto,closest
0,thickness_grids_L3000mm.csv,148,130,148,3.0,1.49,1.7949683347596954,0.3049683347596955,20.9239495507041,20.9239495507041,13.527444571459696,1.0035353207498643,928.697157186154,928.697157186154,52.317678394078264,750.0,886502.9000367903,2321.7428929653847,True,0.0563344875013883,886.5029000367903,1182.0038667157205,0.0035353207498642902,0.0035353207498642902,1.0,0.25,pareto,closest
1,thickness_grids_L3000mm.csv,147,129,149,3.0,1.5,1.8003252105761,0.3003252105761002,21.205750411731103,21.205750411731103,13.376110856478713,1.0039444268381752,933.1046928622349,933.1046928622349,52.666875698129914,750.0000000000001,878770.7369470103,2332.7617321555867,True,0.0564426222491475,878.7707369470103,1171.694315929347,0.003944426838175197,0.003944426838175197,1.0,0.25,pareto,closest
2,thickness_grids_L3000mm.csv,149,130,149,3.0,1.5,1.8049683347596956,0.3049683347596955,21.205750411731103,21.205750411731103,13.454752081030762,0.980677726371515,930.8085769352522,930.8085769352522,52.209324028913066,750.0,888034.057679454,2327.0214423381303,True,0.0560902910895123,888.034057679454,1184.045410239272,-0.019322273628485043,0.019322273628485043,1.0,0.25,pareto,closest
3,thickness_grids_L3000mm.csv,150,131,148,3.0,1.49,1.7996473131840909,0.3096473131840908,20.9239495507041,20.9239495507041,13.605920241551203,0.9805822597131514,926.4295355473748,926.4295355473748,51.86546556396464,749.9999999999999,895782.1838132928,2316.0738388684367,True,0.0559842530639097,895.7821838132928,1194.3762450843903,-0.019417740286848617,0.019417740286848617,1.0,0.25,pareto,closest
4,thickness_grids_L3000mm.csv,146,129,148,3.0,1.49,1.7903252105761005,0.3003252105761002,20.9239495507041,20.9239495507041,13.448500119082006,1.0273071491037211,930.990663532933,930.990663532933,52.77662952039961,749.9999999999999,877253.0658564472,2327.4766588323323,True,0.0566886775428255,877.2530658564472,1169.670754475263,0.027307149103721118,0.027307149103721118,1.0,0.25,pareto,closest
5,thickness_grids_L3000mm.csv,145,128,149,3.0,1.5,1.7957179406333048,0.2957179406333048,21.205750411731103,21.205750411731103,13.297006036475087,1.0280486025771824,935.426934360447,935.426934360447,53.13129676995677,750.0000000000001,869537.1298874265,2338.5673359011175,True,0.0567989811051172,869.5371298874265,1159.382839849902,0.028048602577182447,0.028048602577182447,1.0,0.25,pareto,closest
6,thickness_grids_L3000mm.csv,151,131,149,3.0,1.5,1.8096473131840909,0.3096473131840908,21.205750411731103,21.205750411731103,13.532928981703678,0.9582126496964392,928.5382841810872,928.5382841810874,51.75849042267822,749.9999999999999,897326.9183084419,2321.3457104527183,True,0.0557419024120539,897.3269183084419,1196.4358910779224,-0.041787350303560844,0.041787350303560844,1.0,0.25,pareto,closest
7,thickness_grids_L3000mm.csv,152,139,142,3.0,1.43,1.7783698932480518,0.3483698932480519,19.2727284519773,19.2727284519773,14.680595883735622,0.9515300738759028,896.5549971808504,896.5549971808504,49.06897183212689,749.9999999999998,960892.8180110249,2241.3874929521257,True,0.0547305764692858,960.8928180110248,1281.1904240146996,-0.048469926124097173,0.048469926124097173,1.0,0.25,pareto,closest
8,thickness_grids_L3000mm.csv,153,147,136,3.0,1.37,1.7593871447232108,0.3893871447232107,17.68936575456805,17.68936575456805,15.770772000174826,0.9507986961716602,868.3308960297766,868.3308960297766,46.53850246166686,750.0000000000002,1025859.609869604,2170.8272400744413,True,0.0535953548059298,1025.859609869604,1367.812813159472,-0.04920130382833976,0.04920130382833976,1.0,0.25,pareto,closest
9,thickness_grids_L3000mm.csv,144,128,148,3.0,1.49,1.7857179406333048,0.2957179406333048,20.9239495507041,20.9239495507041,13.369087605456269,1.0519343537342356,933.3103586920934,933.3103586920934,53.24247069688642,750.0000000000001,868032.855880235,2333.2758967302334,True,0.0570469085669406,868.0328558802349,1157.3771411736466,0.051934353734235605,0.051934353734235605,1.0,0.25,pareto,closest
10,thickness_grids_L3000mm.csv,143,127,149,3.0,1.5,1.7911465249313094,0.2911465249313094,21.205750411731103,21.205750411731103,13.217438402354333,1.053028026701737,937.7756080016449,937.7756080016449,53.60274326242561,750.0000000000001,860333.4126547831,2344.4390200041116,True,0.0571594556363547,860.3334126547832,1147.1112168730442,0.0530280267017369,0.0530280267017369,1.0,0.25,pareto,closest
11,thickness_grids_L3000mm.csv,142,127,148,3.0,1.49,1.7811465249313094,0.2911465249313094,20.9239495507041,20.9239495507041,13.289207805133303,1.077455505548606,935.6565509815032,935.6565509815032,53.71535836838997,749.9999999999998,858842.4471172258,2339.1413774537577,True,0.0574092687237027,858.8424471172259,1145.1232628229675,0.07745550554860592,0.07745550554860592,1.0,0.25,pareto,closest
12,thickness_grids_L3000mm.csv,141,126,149,3.0,1.5,1.786610963470114,0.286610963470114,21.205750411731103,21.205750411731103,13.137408788845628,1.0789225136638023,940.1510245994656,940.1510245994656,54.08137605439644,750.0000000000002,851159.7637599574,2350.3775614986635,True,0.0575241366964811,851.1597637599574,1134.8796850132765,0.07892251366380232,0.07892251366380232,1.0,0.25,pareto,closest
13,thickness_grids_L3000mm.csv,140,126,148,3.0,1.49,1.776610963470114,0.286610963470114,20.9239495507041,20.9239495507041,13.208861546673187,1.1039112596077592,938.029553002064,938.029553002064,54.1954538535756,750.0,849682.0189566127,2345.07388250516,True,0.0577758490445517,849.6820189566126,1132.909358608817,0.10391125960775915,0.10391125960775915,1.0,0.25,pareto,closest
14,thickness_grids_L3000mm.csv,139,125,149,3.0,1.5,1.7821112562497186,0.2821112562497185,21.205750411731103,21.205750411731103,13.05691808455976,1.1057740474541171,942.5534992791296,942.5534992791296,54.567361076529835,750.0,842016.3640490726,2356.383748197824,True,0.0578931181288523,842.0163640490726,1122.6884853987635,0.10577404745411711,0.10577404745411711,1.0,0.25,pareto,closest
15,thickness_grids_L3000mm.csv,138,125,148,3.0,1.49,1.7721112562497183,0.2821112562497185,20.9239495507041,20.9239495507041,13.128049713140111,1.1313444860030928,940.429681708474,940.429681708474,54.682923536409895,750.0000000000003,840551.7531460414,2351.074204271185,True,0.0581467435577614,840.5517531460414,1120.7356708613886,0.1313444860030928,0.1313444860030928,1.0,0.25,pareto,closest
16,thickness_grids_L3000mm.csv,137,124,149,3.0,1.5,1.777647403270123,0.277647403270123,21.205750411731103,21.205750411731103,12.975967232474254,1.1336269189726804,944.9833515483432,944.9833515483432,55.06086951127024,750.0000000000003,832903.3966812595,2362.458378870858,True,0.0582664968870125,832.9033966812596,1110.5378622416792,0.13362691897268042,0.13362691897268042,1.0,0.25,pareto,closest
17,thickness_grids_L3000mm.csv,136,124,148,3.0,1.49,1.767647403270123,0.277647403270123,20.9239495507041,20.9239495507041,13.046773242596409,1.1598004100942527,942.8572584811878,942.8572584811878,55.17793906668676,750.0,831451.8337693324,2357.1431462029695,True,0.0585220494092295,831.4518337693324,1108.6024450257764,0.15980041009425272,0.15980041009425272,1.0,0.25,pareto,closest
18,thickness_grids_L3000mm.csv,135,123,149,3.0,1.5,1.7732194045313274,0.2732194045313274,21.205750411731103,21.205750411731103,12.894557230418298,1.1625278733055222,947.4409053693709,947.4409053693709,55.5620780023416,750.0000000000002,823821.0471058596,2368.602263423427,True,0.058644373160857,823.8210471058596,1098.428062807813,0.1625278733055222,0.1625278733055222,1.0,0.25,pareto,closest
19,thickness_grids_L3000mm.csv,134,123,148,3.0,1.49,1.7632194045313274,0.2732194045313274,20.9239495507041,20.9239495507041,12.965033128595357,1.1893267628596529,945.31260919961,945.31260919961,55.68067757009051,750.0000000000002,822382.4472235816,2363.2815229990247,True,0.05890186698899,822.3824472235816,1096.5099296314422,0.1893267628596529,0.1893267628596529,1.0,0.25,pareto,closest
20,thickness_grids_L3000mm.csv,133,122,149,3.0,1.5,1.7688272600333317,0.2688272600333318,21.205750411731103,21.205750411731103,12.812689131556652,1.192526267710008,949.9264892323212,949.9264892323212,56.07116887428284,749.9999999999999,814769.5030390176,2374.816223080803,True,0.0590268505088183,814.7695030390175,1086.3593373853566,0.19252626771000791,0.19252626771000791,1.0,0.25,pareto,closest
21,thickness_grids_L3000mm.csv,132,122,148,3.0,1.49,1.758827260033332,0.2688272600333318,20.9239495507041,20.9239495507041,12.882830420673562,1.2199739421781144,947.7960643165078,947.7960643165078,56.19132186832518,750.0000000000002,813343.782195647,2369.4901607912693,True,0.0592863000637662,813.343782195647,1084.458376260863,0.2199739421781144,0.2199739421781144,1.0,0.25,pareto,closest
22,thickness_grids_L3000mm.csv,131,121,149,3.0,1.5,1.764470969776136,0.2644709697761361,21.205750411731103,21.205750411731103,12.730364044874005,1.223674241182099,952.44043622961,952.44043622961,56.58833036258738,749.9999999999999,805748.9544397506,2381.1010905740245,True,0.0594140359964151,805.7489544397506,1074.3319392530009,0.2236742411820991,0.2236742411820991,1.0,0.25,pareto,closest
0,thickness_grids_L3000mm.csv,97,104,149,3.0,1.5,1.6958997342462052,0.1958997342462051,21.205750411731103,21.205750411731103,11.262273457433736,1.997675015748425,999.86376308968,999.86376308968,66.83156159705034,749.9999999999999,657336.3508124005,2499.6594077242,True,0.0668406677631101,657.3363508124005,876.4484677498673,-0.002324984251574902,0.002324984251574902,2.0,0.25,pareto,closest
1,thickness_grids_L3000mm.csv,98,105,148,3.0,1.49,1.6896465024098013,0.1996465024098013,20.9239495507041,20.9239495507041,11.41590585397354,1.9785826701923488,994.658746155898,994.6587461558984,66.29200228586762,749.9999999999998,664580.2856367619,2486.6468653897455,True,0.0666479860978142,664.5802856367619,886.1070475156826,-0.02141732980765121,0.02141732980765121,2.0,0.25,pareto,closest
2,thickness_grids_L3000mm.csv,96,104,148,3.0,1.49,1.6858997342462052,0.1958997342462051,20.9239495507041,20.9239495507041,11.325622730514388,2.0424308058989245,997.71027884165,997.7102788416502,66.98435686887129,749.9999999999998,656129.3306387572,2494.275697104126,True,0.0671380843611641,656.1293306387572,874.839107518343,0.04243080589892445,0.04243080589892445,2.0,0.25,pareto,closest
3,thickness_grids_L3000mm.csv,95,103,149,3.0,1.5,1.6921888203234088,0.1921888203234088,21.205750411731103,21.205750411731103,11.171978809981947,2.06304498315878,1002.950928576146,1002.950928576146,67.5346491907419,750.0000000000003,648908.6058253512,2507.377321440365,True,0.0673359456245964,648.9086058253512,865.2114744338016,0.06304498315877982,0.06304498315877982,2.0,0.25,pareto,closest
4,thickness_grids_L3000mm.csv,99,105,149,3.0,1.5,1.6996465024098013,0.1996465024098013,21.205750411731103,21.205750411731103,11.352141190030435,1.9351648857388104,996.8118352660886,996.8118352660886,66.141288705742,750.0000000000003,665798.8643132121,2492.0295881652214,True,0.0663528324662059,665.7988643132121,887.7318190842828,-0.0648351142611896,0.0648351142611896,2.0,0.25,pareto,closest
5,thickness_grids_L3000mm.csv,100,106,148,3.0,1.49,1.6934291248141975,0.2034291248141975,20.9239495507041,20.9239495507041,11.505755420098737,1.917499076153419,991.6421401231815,991.6421401231815,65.61214762109365,749.9999999999998,673065.7205707736,2479.105350307954,True,0.0661651466454857,673.0657205707736,897.4209607610314,-0.08250092384658103,0.08250092384658103,2.0,0.25,pareto,closest
6,thickness_grids_L3000mm.csv,94,103,148,3.0,1.49,1.6821888203234088,0.1921888203234088,20.9239495507041,20.9239495507041,11.234908259875745,2.109199176536452,1000.7971712486138,1000.7971712486138,67.6895629585952,749.9999999999997,647713.08275888,2501.9929281215345,True,0.0676356457664087,647.71308275888,863.6174436785067,0.10919917653645195,0.10919917653645195,2.0,0.25,pareto,closest
7,thickness_grids_L3000mm.csv,101,106,149,3.0,1.5,1.7034291248141975,0.2034291248141975,21.205750411731103,21.205750411731103,11.441579807806075,1.875362094893659,993.7947151275966,993.7947151275964,65.4634798783245,750.0000000000001,674295.9205190446,2484.486787818991,True,0.0658722358670617,674.2959205190447,899.0612273587261,-0.1246379051063411,0.1246379051063411,2.0,0.25,pareto,closest
8,thickness_grids_L3000mm.csv,93,102,149,3.0,1.5,1.6885137606414125,0.1885137606414125,21.205750411731103,21.205750411731103,11.081259513523683,2.1314375253605973,1006.0737679298328,1006.0737679298328,68.25091552665864,750.0000000000001,640515.8568922135,2515.1844198245817,True,0.0678388779255187,640.5158568922135,854.0211425229513,0.13143752536059727,0.13143752536059727,2.0,0.25,pareto,closest
9,thickness_grids_L3000mm.csv,102,107,148,3.0,1.49,1.6972476014593938,0.2072476014593937,20.9239495507041,20.9239495507041,11.595169284786234,1.8590340349486123,988.6600338826792,988.6600338826792,64.94445411377752,750.0000000000002,681585.4100357862,2471.6500847066977,True,0.0656893693363195,681.5854100357863,908.7805467143816,-0.1409659650513877,0.1409659650513877,2.0,0.25,pareto,closest
10,thickness_grids_L3000mm.csv,92,102,148,3.0,1.49,1.6785137606414129,0.1885137606414125,20.9239495507041,20.9239495507041,11.143764718898243,2.179053927985064,1003.9198627476288,1003.9198627476288,68.40798558105999,749.9999999999999,639331.7709291867,2509.7996568690724,True,0.0681408826734776,639.3317709291867,852.4423612389156,0.17905392798506403,0.17905392798506403,2.0,0.25,pareto,closest
11,thickness_grids_L3000mm.csv,103,107,149,3.0,1.5,1.7072476014593938,0.2072476014593937,21.205750411731103,21.205750411731103,11.530587176048725,1.8181236511787584,990.8119788296624,990.8119788296626,64.79779726949472,750.0000000000002,682827.2953793549,2477.029947074157,True,0.065398681741851,682.8272953793548,910.4363938391398,-0.1818763488212416,0.1818763488212416,2.0,0.25,pareto,closest
12,thickness_grids_L3000mm.csv,104,108,148,3.0,1.49,1.7011019323453898,0.2111019323453898,20.9239495507041,20.9239495507041,11.684145369366025,1.8030505738040603,985.712006686187,985.7120066861872,64.2885952537426,750.0000000000001,690139.1304313908,2464.280016715468,True,0.0652204648190002,690.1391304313909,920.1855072418545,-0.1969494261959397,0.1969494261959397,2.0,0.25,pareto,closest
13,thickness_grids_L3000mm.csv,91,101,149,3.0,1.5,1.6848745552002162,0.1848745552002162,21.205750411731103,21.205750411731103,10.990117900438994,2.2030264161678375,1009.2327236754112,1009.2327236754112,68.9807386889142,749.9999999999997,632158.3332581619,2523.081809188528,True,0.0683496849346115,632.1583332581619,842.8777776775493,0.20302641616783745,0.20302641616783745,2.0,0.25,pareto,closest
14,thickness_grids_L3000mm.csv,105,108,149,3.0,1.5,1.7111019323453898,0.2111019323453898,21.205750411731103,21.205750411731103,11.619161224691425,1.7633153944102788,987.8632085681344,987.8632085681344,64.14391525158307,750.0000000000001,691392.7666289803,2469.658021420336,True,0.0649319811642311,691.3927666289803,921.8570221719738,-0.23668460558972115,0.23668460558972115,2.0,0.25,pareto,closest
0,thickness_grids_L3000mm.csv,74,93,148,3.0,1.49,1.6470516643394442,0.1570516643394441,20.9239495507041,20.9239495507041,10.304574263132972,2.9804064950315547,1033.7107848922672,1033.7107848922672,75.53631211057979,750.0000000000002,565510.6934335458,2584.276962230668,True,0.073072965102567,565.5106934335457,754.0142579113943,-0.019593504968445252,0.019593504968445252,3.0,0.25,pareto,closest
1,thickness_grids_L3000mm.csv,73,92,149,3.0,1.5,1.6537351470654476,0.1537351470654475,21.205750411731103,21.205750411731103,10.151257824857918,3.0265627156652286,1039.364829048247,1039.364829048247,76.22948815842827,750.0000000000001,558564.396515021,2598.4120726206174,True,0.0733423779869789,558.564396515021,744.7525286866946,0.02656271566522861,0.02656271566522861,3.0,0.25,pareto,closest
2,thickness_grids_L3000mm.csv,75,93,149,3.0,1.5,1.6570516643394442,0.1570516643394441,21.205750411731103,21.205750411731103,10.246083996888192,2.916066765282357,1035.8598228441467,1035.8598228441467,75.3579518370073,750.0000000000001,566594.3072663778,2589.649557110367,True,0.0727491791602631,566.5943072663779,755.4590763551705,-0.08393323471764313,0.08393323471764313,3.0,0.25,pareto,closest
3,thickness_grids_L3000mm.csv,72,92,148,3.0,1.49,1.6437351470654475,0.1537351470654475,20.9239495507041,20.9239495507041,10.209280420175403,3.093251154751246,1037.2170878895272,1037.2170878895272,76.41044621713142,750.0000000000001,557491.7001115652,2593.0427197238178,True,0.0736687113134698,557.4917001115651,743.3222668154202,0.09325115475124601,0.09325115475124601,3.0,0.25,pareto,closest
4,thickness_grids_L3000mm.csv,76,94,148,3.0,1.49,1.650404035854241,0.1604040358542408,20.9239495507041,20.9239495507041,10.39946563006783,2.8731058030609455,1030.2450424357571,1030.2450424357571,74.67994628011989,749.9999999999999,573567.0028391397,2575.6126060893935,True,0.0724875570413401,573.5670028391397,764.7560037855195,-0.12689419693905446,0.12689419693905446,3.0,0.25,pareto,closest
5,thickness_grids_L3000mm.csv,71,91,149,3.0,1.5,1.6504544840322508,0.1504544840322508,21.205750411731103,21.205750411731103,10.056036482201923,3.1428362210256258,1042.910745107314,1042.910745107314,77.11930612956465,750.0,550572.0920151147,2607.276862768286,True,0.0739462187836881,550.5720920151148,734.0961226868196,0.14283622102562576,0.14283622102562576,3.0,0.25,pareto,closest
6,thickness_grids_L3000mm.csv,77,94,149,3.0,1.5,1.660404035854241,0.1604040358542408,21.205750411731103,21.205750411731103,10.34051195839882,2.8110006495158744,1032.3952156379062,1032.3952156379062,74.50413370856015,750.0000000000002,574661.5792513561,2580.9880390947656,True,0.0721662911451258,574.6615792513561,766.2154390018081,-0.18899935048412564,0.18899935048412564,3.0,0.25,pareto,closest
7,thickness_grids_L3000mm.csv,70,91,148,3.0,1.49,1.6404544840322508,0.1504544840322508,20.9239495507041,20.9239495507041,10.113587161436913,3.211994761654599,1040.7644664328143,1040.7644664328143,77.30291358221939,750.0,549510.2694601156,2601.911166082036,True,0.0742751276349514,549.5102694601156,732.6803592801541,0.21199476165459918,0.21199476165459918,3.0,0.25,pareto,closest
8,thickness_grids_L3000mm.csv,78,95,148,3.0,1.49,1.6537922616098375,0.1637922616098374,20.9239495507041,20.9239495507041,10.49395153640498,2.771018965885827,1026.819352858672,1026.819352858672,73.84080680457878,750.0,581660.3832445343,2567.0483821466796,True,0.0719121689701362,581.6603832445343,775.547177659379,-0.22898103411417292,0.22898103411417292,3.0,0.25,pareto,closest
0,thickness_grids_L3000mm.csv,59,85,149,3.0,1.5,1.63152344488987,0.1315234448898698,21.205750411731103,21.205750411731103,9.476589784589034,3.984930801440352,1065.0748899385685,1065.0748899385685,82.87690649271032,749.9999999999998,503421.9019042949,2662.687224846421,True,0.0778132197797757,503.4219019042949,671.2292025390599,-0.015069198559647834,0.015069198559647834,4.0,0.25,pareto,closest
1,thickness_grids_L3000mm.csv,58,85,148,3.0,1.49,1.62152344488987,0.1315234448898698,20.9239495507041,20.9239495507041,9.53122107307668,4.071941623319607,1062.9411114268196,1062.9411114268196,83.0775882727733,750.0000000000001,502424.4967068765,2657.352778567049,True,0.0781582228588897,502.4244967068764,669.8993289425019,0.0719416233196073,0.0719416233196073,4.0,0.25,pareto,closest
2,thickness_grids_L3000mm.csv,60,86,148,3.0,1.49,1.6245889824782669,0.1345889824782667,20.9239495507041,20.9239495507041,9.629242178621032,3.908654443978689,1059.1360424819827,1059.1360424819827,82.06179982118661,750.0000000000001,510175.29038032464,2647.840106204957,True,0.0774799426416296,510.17529038032467,680.2337205070995,-0.09134555602131078,0.09134555602131078,4.0,0.25,pareto,closest
3,thickness_grids_L3000mm.csv,57,84,149,3.0,1.5,1.628493761542273,0.1284937615422728,21.205750411731103,21.205750411731103,9.37869388944094,4.1539347084185145,1068.9221045716884,1068.9221045716884,83.91268350256826,750.0000000000001,495699.82441156165,2672.3052614292205,True,0.0785021501039981,495.6998244115617,660.9330992154155,0.15393470841851453,0.15393470841851453,4.0,0.25,pareto,closest
4,thickness_grids_L3000mm.csv,61,86,149,3.0,1.5,1.634588982478267,0.1345889824782667,21.205750411731103,21.205750411731103,9.574113981456511,3.825029039325029,1061.2723707520172,1061.2723707520172,81.86411306607825,750.0000000000001,511183.34159322904,2653.180926880043,True,0.077137703121461,511.18334159322904,681.577788790972,-0.1749709606749712,0.1749709606749712,4.0,0.25,pareto,closest
5,thickness_grids_L3000mm.csv,56,84,148,3.0,1.49,1.6184937615422728,0.1284937615422728,20.9239495507041,20.9239495507041,9.432824192248988,4.244521661151313,1066.7910736145598,1066.7910736145598,84.11642465057196,749.9999999999997,494713.0329706568,2666.9776840363993,True,0.0788499517206908,494.71303297065674,659.6173772942091,0.24452166115131302,0.24452166115131302,4.0,0.25,pareto,closest
6,thickness_grids_L3000mm.csv,62,87,148,3.0,1.49,1.6276903743074635,0.1376903743074636,20.9239495507041,20.9239495507041,9.72688388450833,3.754056365798476,1055.3752980730976,1055.3752980730976,81.06829357424773,750.0000000000002,517965.1571571457,2638.438245182744,True,0.0768146589391111,517.9651571571457,690.620209542861,-0.2459436342015242,0.2459436342015242,4.0,0.25,pareto,closest
0,thickness_grids_L4000mm.csv,116,86,148,4.0,1.49,1.6245889824782669,0.1345889824782667,27.8985994009388,27.8985994009388,10.646329884579004,1.0026135824294538,1021.347064052064,1021.347064052064,79.7785239200353,750.0,685774.7937934689,2553.36766013016,True,0.078111081656733,685.7747937934688,685.7747937934688,0.0026135824294537535,0.0026135824294537535,1.0,0.25,pareto,closest
1,thickness_grids_L4000mm.csv,115,85,149,4.0,1.5,1.63152344488987,0.1315234448898698,28.274333882308134,28.274333882308134,10.485566658951118,1.0190583066586645,1027.1223445304622,1027.1223445304622,80.57051499533817,750.0000000000005,676661.4250507689,2567.8058613261555,True,0.0784429580608239,676.6614250507689,676.6614250507689,0.01905830665866448,0.01905830665866448,1.0,0.25,pareto,closest
2,thickness_grids_L4000mm.csv,117,86,149,4.0,1.5,1.634588982478267,0.1345889824782667,28.274333882308134,28.274333882308134,10.594188963383507,0.9779030383968528,1023.2123572158596,1023.2123572158596,79.580525809047,750.0000000000001,687210.4486831973,2558.030893039649,True,0.0777751805359192,687.2104486831972,687.2104486831972,-0.022096961603147225,0.022096961603147225,1.0,0.25,pareto,closest
3,thickness_grids_L4000mm.csv,118,87,148,4.0,1.49,1.6276903743074635,0.1376903743074636,27.8985994009388,27.8985994009388,10.755025011578708,0.9626924389177756,1017.4824931241488,1017.4824931241488,78.80727266574743,749.9999999999999,696361.1417847561,2543.7062328103716,True,0.0774531976700376,696.3611417847561,696.3611417847561,-0.03730756108222444,0.03730756108222444,1.0,0.25,pareto,closest
4,thickness_grids_L4000mm.csv,119,89,145,4.0,1.46,1.6040007206882572,0.1440007206882573,26.786475601568007,26.786475601568007,11.134230517791655,0.9598024257901452,1004.2477530754936,1004.2477530754936,77.50582625218718,750.0000000000001,713190.6224366426,2510.6193826887343,True,0.0771779931942359,713.1906224366427,713.1906224366427,-0.040197574209854814,0.040197574209854814,1.0,0.25,pareto,closest
5,thickness_grids_L4000mm.csv,114,85,148,4.0,1.49,1.62152344488987,0.1315234448898698,27.8985994009388,27.8985994009388,10.537236257933092,1.0447837022103372,1025.25835364723,1025.25835364723,80.77150450580146,750.0,675242.4277928484,2563.145884118075,True,0.0787816107213043,675.2424277928484,675.2424277928484,0.04478370221033723,0.04478370221033723,1.0,0.25,pareto,closest
6,thickness_grids_L4000mm.csv,120,92,141,4.0,1.42,1.5737351470654477,0.1537351470654475,25.338829706793835,25.338829706793835,11.688334873574949,0.951135015368701,985.5736723467352,985.5736723467352,75.56974817817785,750.0000000000001,739101.423492466,2463.9341808668382,True,0.076675899832267,739.101423492466,739.101423492466,-0.04886498463129896,0.04886498463129896,1.0,0.25,pareto,closest
7,thickness_grids_L4000mm.csv,121,106,125,4.0,1.26,1.4634291248141975,0.2034291248141975,19.950369987356623,19.950369987356623,14.268113805151774,0.9503972175920604,907.7681574419366,907.7681574419366,67.52370913656678,750.0,863116.0007636675,2269.4203936048416,True,0.0743843112175762,863.1160007636676,863.1160007636676,-0.04960278240793958,0.04960278240793958,1.0,0.25,pareto,closest
8,thickness_grids_L4000mm.csv,113,84,149,4.0,1.5,1.628493761542273,0.1284937615422728,28.274333882308134,28.274333882308134,10.376553656971506,1.0625615851918429,1031.0795249115324,1031.0795249115324,81.58291581022914,749.9999999999999,666166.8389727556,2577.698812278831,True,0.0791237861281641,666.1668389727556,666.1668389727556,0.06256158519184285,0.06256158519184285,1.0,0.25,pareto,closest
9,thickness_grids_L4000mm.csv,112,84,148,4.0,1.49,1.6184937615422728,0.1284937615422728,27.8985994009388,27.8985994009388,10.427748111998124,1.0893592655824798,1029.2170015773504,1029.2170015773504,81.78696095100798,750.0,664764.4339536842,2573.042503943376,True,0.0794652253369925,664.7644339536841,664.7644339536841,0.08935926558247975,0.08935926558247975,1.0,0.25,pareto,closest
10,thickness_grids_L4000mm.csv,111,83,149,4.0,1.5,1.625499932435476,0.1254999324354758,28.274333882308134,28.274333882308134,10.267154000638254,1.108578242218101,1035.0845435330627,1035.0845435330627,82.61850721416856,750.0,655727.080459891,2587.711358832657,True,0.0798181247419327,655.727080459891,655.727080459891,0.10857824221810097,0.10857824221810097,1.0,0.25,pareto,closest
11,thickness_grids_L4000mm.csv,110,83,148,4.0,1.49,1.615499932435476,0.1254999324354758,27.8985994009388,27.8985994009388,10.317869516424542,1.1365096676333823,1033.2236575798686,1033.2236575798686,82.82567437897701,750.0000000000001,654341.2041067535,2583.0591439496716,True,0.0801623866927132,654.3412041067535,654.3412041067535,0.13650966763338235,0.13650966763338235,1.0,0.25,pareto,closest
12,thickness_grids_L4000mm.csv,109,82,149,4.0,1.5,1.6225419575694788,0.1225419575694788,28.274333882308134,28.274333882308134,10.157371823500728,1.1572874747327528,1039.1380556283527,1039.1380556283527,83.67810466912265,750.0000000000001,645342.5411824526,2597.8451390708815,True,0.0805264557638817,645.3425411824526,645.3425411824526,0.15728747473275284,0.15728747473275284,1.0,0.25,pareto,closest
13,thickness_grids_L4000mm.csv,108,82,148,4.0,1.49,1.6125419575694788,0.1225419575694788,27.8985994009388,27.8985994009388,10.207604632137569,1.1864184680830836,1037.2789815752462,1037.2789815752462,83.88846251614972,750.0,643973.1317531278,2593.1974539381154,True,0.0808735778958462,643.9731317531277,643.9731317531277,0.1864184680830836,0.1864184680830836,1.0,0.25,pareto,closest
14,thickness_grids_L4000mm.csv,107,81,149,4.0,1.5,1.6196198369442818,0.1196198369442817,28.274333882308134,28.274333882308134,10.047211351580716,1.2088836475114737,1043.240726593402,1043.240726593402,84.76256228032098,750.0,635013.6144871445,2608.1018164835045,True,0.0812492841964717,635.0136144871445,635.0136144871445,0.2088836475114737,0.2088836475114737,1.0,0.25,pareto,closest
15,thickness_grids_L4000mm.csv,106,81,148,4.0,1.49,1.6096198369442818,0.1196198369442817,27.8985994009388,27.8985994009388,10.09695771346606,1.2392847627564474,1041.3836437738246,1041.3836437738246,84.97618183981488,750.0000000000001,633660.6120801807,2603.4591094345615,True,0.0815993052587934,633.6606120801806,633.6606120801806,0.2392847627564474,0.2392847627564474,1.0,0.25,pareto,closest
0,thickness_grids_L4000mm.csv,84,71,148,4.0,1.49,1.5823706139363092,0.0923706139363091,27.8985994009388,27.8985994009388,8.970484537404335,1.989159700034204,1085.29883872891,1085.29883872891,97.44586778162468,750.0000000000001,533679.0266239375,2713.247096822275,True,0.0897871298708401,533.6790266239375,533.6790266239375,-0.010840299965795941,0.010840299965795941,2.0,0.25,pareto,closest
1,thickness_grids_L4000mm.csv,83,71,147,4.0,1.48,1.5723706139363092,0.0923706139363091,27.52537819369233,27.52537819369233,9.015515635199089,2.0392383796199054,1083.4652649485886,1083.4652649485886,97.69901469575584,750.0,532481.9598138492,2708.6631623714716,True,0.0901727243654569,532.4819598138491,532.4819598138491,0.039238379619905395,0.039238379619905395,2.0,0.25,pareto,closest
2,thickness_grids_L4000mm.csv,82,70,149,4.0,1.5,1.5898428899599115,0.0898428899599117,28.274333882308134,28.274333882308134,8.81178773241193,2.0431984380750494,1091.815303561786,1091.815303561786,98.62312123750468,750.0,525180.1343586241,2729.538258904465,True,0.0903294915502378,525.1801343586241,525.1801343586241,0.04319843807504942,0.04319843807504942,2.0,0.25,pareto,closest
3,thickness_grids_L4000mm.csv,85,71,149,4.0,1.5,1.5923706139363092,0.0923706139363091,28.274333882308134,28.274333882308134,8.925801401429846,1.9407865644987257,1087.124988335124,1087.124988335124,97.1951113373019,750.0,534870.8434788508,2717.81247083781,True,0.0894056455147362,534.8708434788508,534.8708434788508,-0.059213435501274336,0.059213435501274336,2.0,0.25,pareto,closest
4,thickness_grids_L4000mm.csv,86,72,147,4.0,1.48,1.5749341921535065,0.0949341921535066,27.52537819369233,27.52537819369233,9.130251972052394,1.938649186376638,1078.8240113866448,1078.8240113866448,96.30029627081284,749.9999999999999,542200.7966265992,2697.060028466612,True,0.0892641387792576,542.2007966265992,542.2007966265992,-0.06135081362336203,0.06135081362336203,2.0,0.25,pareto,closest
5,thickness_grids_L4000mm.csv,81,70,148,4.0,1.49,1.5798428899599115,0.0898428899599117,27.8985994009388,27.8985994009388,8.855945434309481,2.0940812669122,1089.9934757410977,1089.9934757410977,98.87811549747772,750.0,524004.18885267247,2724.983689352744,True,0.0907144104053003,524.0041888526724,524.0041888526724,0.09408126691219998,0.09408126691219998,2.0,0.25,pareto,closest
6,thickness_grids_L4000mm.csv,87,72,148,4.0,1.49,1.5849341921535065,0.0949341921535066,27.8985994009388,27.8985994009388,9.084695371546696,1.8910011077255109,1080.6616116662003,1080.6616116662003,96.0513247174702,750.0000000000001,543413.8875061183,2701.654029165501,True,0.0888819623835578,543.4138875061183,543.4138875061183,-0.10899889227448911,0.10899889227448911,2.0,0.25,pareto,closest
7,thickness_grids_L4000mm.csv,80,70,147,4.0,1.48,1.5698428899599115,0.0898428899599117,27.52537819369233,27.52537819369233,8.900447618514843,2.146756988668803,1088.1641709636606,1088.1641709636606,99.13554531685816,750.0,522823.1053522248,2720.4104274091515,True,0.0911034823257094,522.8231053522247,522.8231053522247,0.14675698866880316,0.14675698866880316,2.0,0.25,pareto,closest
8,thickness_grids_L4000mm.csv,79,69,149,4.0,1.5,1.5873510202243142,0.0873510202243142,28.274333882308134,28.274333882308134,8.697454734016906,2.1527715572778026,1096.5635781337248,1096.5635781337248,100.09028435761633,750.0,515549.9054058849,2741.408945334312,True,0.0912763166254008,515.5499054058849,515.5499054058849,0.15277155727780256,0.15277155727780256,2.0,0.25,pareto,closest
9,thickness_grids_L4000mm.csv,88,72,149,4.0,1.5,1.5949341921535063,0.0949341921535066,28.274333882308134,28.274333882308134,9.039490164188216,1.844976799067348,1082.4918412862733,1082.4918412862733,95.8046996535377,749.9999999999999,544621.6150219459,2706.229603215683,True,0.088503853793205,544.6216150219459,544.6216150219459,-0.15502320093265198,0.15502320093265198,2.0,0.25,pareto,closest
10,thickness_grids_L4000mm.csv,89,73,147,4.0,1.48,1.577533624611504,0.097533624611504,27.52537819369233,27.52537819369233,9.244651108484398,1.8444554813620289,1074.239616482526,1074.239616482526,94.93790748284049,749.9999999999998,551979.196860303,2685.5990412063147,True,0.0883768444452865,551.9791968603031,551.9791968603031,-0.15554451863797114,0.15554451863797114,2.0,0.25,pareto,closest
11,thickness_grids_L4000mm.csv,90,73,148,4.0,1.49,1.587533624611504,0.097533624611504,27.8985994009388,27.8985994009388,9.19857245606502,1.7990843483714145,1076.081007274748,1076.081007274748,94.69300788767144,749.9999999999998,553208.3544540023,2690.20251818687,True,0.0879980291887952,553.2083544540023,553.2083544540023,-0.2009156516285855,0.2009156516285855,2.0,0.25,pareto,closest
12,thickness_grids_L4000mm.csv,78,69,148,4.0,1.49,1.5773510202243142,0.0873510202243142,27.8985994009388,27.8985994009388,8.741083679845557,2.2063385252803016,1094.7463205138872,1094.7463205138872,100.34962719358458,749.9999999999999,514389.793807948,2736.865801284718,True,0.0916647311922265,514.389793807948,514.389793807948,0.2063385252803016,0.2063385252803016,2.0,0.25,pareto,closest
13,thickness_grids_L4000mm.csv,91,73,149,4.0,1.5,1.597533624611504,0.097533624611504,28.274333882308134,28.274333882308134,9.152848579568106,1.7552603588482398,1077.91508160531,1077.91508160531,94.45041186901298,750.0000000000002,554432.0338183577,2694.787704013275,True,0.0876232399757785,554.4320338183577,554.4320338183577,-0.24473964115176017,0.24473964115176017,2.0,0.25,pareto,closest
0,thickness_grids_L4000mm.csv,61,63,149,4.0,1.5,1.5731527408675283,0.0731527408675285,28.274333882308134,28.274333882308134,8.005081840164735,2.9998777038706894,1126.3159378333955,1126.3159378333955,109.814217231456,750.0,459062.37901367666,2815.7898445834885,True,0.0974985912413677,459.06237901367666,459.06237901367666,-0.00012229612931058398,0.00012229612931058398,3.0,0.25,pareto,closest
1,thickness_grids_L4000mm.csv,62,64,147,4.0,1.48,1.555429485158326,0.0754294851583262,27.52537819369233,27.52537819369233,8.203401588890332,2.9747768272060924,1117.6140905109255,1117.6140905109255,108.64277040708004,749.9999999999998,466153.4132864855,2794.0352262773135,True,0.0972095567955958,466.1534132864855,466.1534132864855,-0.025223172793907622,0.025223172793907622,3.0,0.25,pareto,closest
2,thickness_grids_L4000mm.csv,60,63,148,4.0,1.49,1.5631527408675283,0.0731527408675285,27.8985994009388,27.8985994009388,8.045470919425465,3.074166474539516,1124.5317133952983,1124.5317133952983,110.1022521957445,750.0000000000002,457996.5883699061,2811.3292834882454,True,0.0979094238821534,457.99658836990614,457.99658836990614,0.07416647453951608,0.07416647453951608,3.0,0.25,pareto,closest
3,thickness_grids_L4000mm.csv,63,64,148,4.0,1.49,1.565429485158326,0.0754294851583262,27.8985994009388,27.8985994009388,8.162142128479594,2.902128565414851,1119.412300805847,1119.412300805847,108.35712207805489,750.0,467239.3480939134,2798.5307520146175,True,0.0967982234964278,467.2393480939134,467.2393480939134,-0.0978714345851488,0.0978714345851488,3.0,0.25,pareto,closest
4,thickness_grids_L4000mm.csv,59,63,147,4.0,1.48,1.5531527408675283,0.0731527408675285,27.52537819369233,27.52537819369233,8.086178809739398,3.151061773197717,1122.7396675836285,1122.7396675836285,110.39307343018793,749.9999999999999,456926.4037484126,2806.849168959071,True,0.0983247288908719,456.9264037484126,456.9264037484126,0.15106177319771685,0.15106177319771685,3.0,0.25,pareto,closest
5,thickness_grids_L4000mm.csv,64,64,149,4.0,1.5,1.575429485158326,0.0754294851583262,28.274333882308134,28.274333882308134,8.121205284161586,2.8319442613075902,1121.2027358305384,1121.2027358305384,108.07420578374054,750.0,468320.78681716934,2803.006839576346,True,0.0963913147283607,468.32078681716933,468.32078681716933,-0.16805573869240975,0.16805573869240975,3.0,0.25,pareto,closest
6,thickness_grids_L4000mm.csv,58,62,149,4.0,1.5,1.5709118508175308,0.0709118508175307,28.274333882308134,28.274333882308134,7.888682474953523,3.180890743873722,1131.4929098272764,1131.4929098272764,111.60705205374336,750.0000000000001,449867.46423897415,2828.732274568191,True,0.0986369875448713,449.86746423897415,449.86746423897415,0.18089074387372195,0.18089074387372195,3.0,0.25,pareto,closest
7,thickness_grids_L4000mm.csv,65,65,147,4.0,1.48,1.5577420836899238,0.0777420836899238,27.52537819369233,27.52537819369233,8.320335572105733,2.811039253183229,1112.5520118811332,1112.5520118811332,106.9432742492175,749.9999999999999,475443.4200257323,2781.380029702833,True,0.0961242918148113,475.44342002573234,475.44342002573234,-0.18896074681677089,0.18896074681677089,3.0,0.25,pareto,closest
0,thickness_grids_L4000mm.csv,47,59,147,4.0,1.48,1.5444043061123374,0.0644043061123372,27.52537819369233,27.52537819369233,7.614539386074332,4.007335744193063,1143.8945424693884,1143.8945424693884,117.95084705171264,750.0,420657.31261965726,2859.736356173471,True,0.1031133926009347,420.65731261965726,420.65731261965726,0.007335744193063043,0.007335744193063043,4.0,0.25,pareto,closest
1,thickness_grids_L4000mm.csv,46,58,149,4.0,1.5,1.5623068330255394,0.0623068330255393,28.274333882308134,28.274333882308134,7.420467622365835,4.0629507456115554,1152.8558975194271,1152.8558975194271,119.35781725375163,749.9999999999999,413731.73721839057,2882.1397437985675,True,0.1035322953289921,413.73173721839055,413.73173721839055,0.06295074561155545,0.06295074561155545,4.0,0.25,pareto,closest
2,thickness_grids_L4000mm.csv,48,59,148,4.0,1.49,1.5544043061123372,0.0644043061123372,27.8985994009388,27.8985994009388,7.576067718806081,3.909829938836044,1145.6588324333577,1145.6588324333577,117.6377599097822,750.0000000000001,421664.738660461,2864.1470810833944,True,0.1026813188878593,421.66473866046096,421.66473866046096,-0.0901700611639562,0.0901700611639562,4.0,0.25,pareto,closest
3,thickness_grids_L4000mm.csv,45,58,148,4.0,1.49,1.5523068330255394,0.0623068330255393,27.8985994009388,27.8985994009388,7.458073890703938,4.1631928827532185,1151.1073963411004,1151.1073963411004,119.67382013242012,749.9999999999999,412743.8526910303,2877.768490852751,True,0.103964078862506,412.7438526910303,412.7438526910303,0.16319288275321853,0.16319288275321853,4.0,0.25,pareto,closest
4,thickness_grids_L4000mm.csv,49,59,149,4.0,1.5,1.5644043061123374,0.0644043061123372,28.274333882308134,28.274333882308134,7.537899201966929,3.81562207408829,1147.415129400533,1147.415129400533,117.32769209609772,750.0000000000001,422668.16561431834,2868.5378235013327,True,0.1022539176012046,422.6681656143183,422.6681656143183,-0.18437792591170998,0.18437792591170998,4.0,0.25,pareto,closest
5,thickness_grids_L4000mm.csv,50,60,147,4.0,1.48,1.546537633439935,0.0665376334399351,27.52537819369233,27.52537819369233,7.73284698750428,3.7676678810793898,1138.5061613776058,1138.5061613776058,115.97269582154028,750.0000000000001,429627.8336799611,2846.2654034440147,True,0.1018639158537464,429.6278336799611,429.6278336799611,-0.23233211892061023,0.23233211892061023,4.0,0.25,pareto,closest
0,thickness_grids_L5000mm.csv,106,66,148,5.0,1.49,1.5700905364623214,0.0800905364623215,34.8732492511735,34.8732492511735,8.851401734577149,0.99735937353584,1090.180628641981,1090.180628641981,103.11130348350127,750.0000000000001,606864.762985406,2725.4515716049523,True,0.0945818525613918,606.864762985406,485.4918103883248,-0.0026406264641599675,0.0026406264641599675,1.0,0.25,pareto,closest
1,thickness_grids_L5000mm.csv,105,66,147,5.0,1.48,1.5600905364623214,0.0800905364623215,34.40672274211541,34.40672274211541,8.89109299658231,1.0246517637761532,1088.5481422431735,1088.5481422431735,103.38967698911752,750.0,605432.7144980361,2721.3703556079336,True,0.094979425325243,605.432714498036,484.3461715984288,0.02465176377615319,0.02465176377615319,1.0,0.25,pareto,closest
2,thickness_grids_L5000mm.csv,104,65,149,5.0,1.5,1.577742083689924,0.0777420836899238,35.34291735288517,35.34291735288517,8.689719132924798,1.0268578337866645,1096.8864769399445,1096.8864769399445,104.44996322711675,750.0,596490.6429931129,2742.216192349861,True,0.0952240413415503,596.4906429931129,477.19251439449033,0.02685783378666451,0.02685783378666451,1.0,0.25,pareto,closest
3,thickness_grids_L5000mm.csv,107,66,149,5.0,1.5,1.5800905364623214,0.0800905364623215,35.34291735288517,35.34291735288517,8.812011176256801,0.9710310594761952,1091.806068049162,1091.806068049162,102.83566574254178,750.0,608291.2536137992,2729.515170122905,True,0.0941885823425477,608.2912536137992,486.6330028910394,-0.02896894052380483,0.02896894052380483,1.0,0.25,pareto,closest
4,thickness_grids_L5000mm.csv,108,67,147,5.0,1.48,1.5624748434755191,0.0824748434755191,34.40672274211541,34.40672274211541,9.014099035498718,0.9698567709740024,1083.5228424222375,1083.5228424222375,101.81133797735174,750.0000000000002,617270.0366812578,2708.8071060555935,True,0.0939632594636864,617.2700366812578,493.8160293450062,-0.030143229025997642,0.030143229025997642,1.0,0.25,pareto,closest
5,thickness_grids_L5000mm.csv,109,70,142,5.0,1.43,1.5198428899599117,0.0898428899599117,32.12121408662883,32.12121408662883,9.594591092115426,0.9501573688314764,1060.4777383624876,1060.4777383624876,98.67153500428628,749.9999999999999,645567.3448990759,2651.194345906219,True,0.0930444189772881,645.5673448990759,516.4538759192608,-0.04984263116852361,0.04984263116852361,1.0,0.25,pareto,closest
6,thickness_grids_L5000mm.csv,103,65,148,5.0,1.49,1.5677420836899238,0.0777420836899238,34.8732492511735,34.8732492511735,8.728603566938439,1.0546802314567605,1095.2654741800418,1095.2654741800418,104.7304773675382,750.0000000000002,595085.4601251543,2738.1636854501044,True,0.0956210889838771,595.0854601251543,476.0683681001235,0.054680231456760486,0.054680231456760486,1.0,0.25,pareto,closest
7,thickness_grids_L5000mm.csv,102,65,147,5.0,1.48,1.5577420836899238,0.0777420836899238,34.40672274211541,34.40672274211541,8.767785413111726,1.0835208044065316,1093.637380519399,1093.637380519399,105.01378035632747,750.0,593674.8454801416,2734.0934512984963,True,0.0960224862709553,593.6748454801416,474.9398763841133,0.08352080440653165,0.08352080440653165,1.0,0.25,pareto,closest
8,thickness_grids_L5000mm.csv,101,64,149,5.0,1.5,1.575429485158326,0.0754294851583262,35.34291735288517,35.34291735288517,8.567138151299815,1.0869015237560822,1102.031237423839,1102.031237423839,106.11177567437768,750.0,584770.184207364,2755.0780935595976,True,0.0962874481874303,584.770184207364,467.8161473658912,0.08690152375608218,0.08690152375608218,1.0,0.25,pareto,closest
9,thickness_grids_L5000mm.csv,100,64,148,5.0,1.49,1.565429485158326,0.0754294851583262,34.8732492511735,34.8732492511735,8.60551349556255,1.1163303261024338,1100.4149271544015,1100.4149271544015,106.39730367869208,749.9999999999999,583386.2442739581,2751.0373178860036,True,0.096688350051583,583.3862442739581,466.7089954191665,0.11633032610243377,0.11633032610243377,1.0,0.25,pareto,closest
10,thickness_grids_L5000mm.csv,99,64,147,5.0,1.48,1.555429485158326,0.0754294851583262,34.40672274211541,34.40672274211541,8.644182915303361,1.1468354533378982,1098.791483087776,1098.791483087776,106.68567507928655,750.0,581996.9969035202,2746.97870771944,True,0.0970936494515621,581.9969969035202,465.59759752281616,0.14683545333789816,0.14683545333789816,1.0,0.25,pareto,closest
11,thickness_grids_L5000mm.csv,98,63,149,5.0,1.5,1.5731527408675283,0.0731527408675285,35.34291735288517,35.34291735288517,8.444274959030247,1.1515526894085903,1107.2412720510115,1107.2412720510115,107.82323789048516,750.0,573130.4452146245,2768.1031801275285,True,0.0973800747968484,573.1304452146245,458.5043561716996,0.15155268940859035,0.15155268940859035,1.0,0.25,pareto,closest
12,thickness_grids_L5000mm.csv,97,63,148,5.0,1.49,1.5631527408675283,0.0731527408675285,34.8732492511735,34.8732492511735,8.482138293549648,1.182710594456993,1105.6299174046103,1105.6299174046103,108.11392332011734,750.0000000000002,571767.6853634132,2764.0747935115264,True,0.0977849112240986,571.7676853634132,457.41414829073057,0.1827105944569929,0.1827105944569929,1.0,0.25,pareto,closest
13,thickness_grids_L5000mm.csv,96,63,147,5.0,1.48,1.5531527408675283,0.0731527408675285,34.40672274211541,34.40672274211541,8.52029232217978,1.2150073979228508,1104.011387135879,1104.011387135879,108.40750822193824,750.0000000000001,570399.7406880951,2760.0284678396974,True,0.0981941939051718,570.3997406880951,456.3197925504761,0.21500739792285084,0.21500739792285084,1.0,0.25,pareto,closest
14,thickness_grids_L5000mm.csv,95,62,149,5.0,1.5,1.5709118508175308,0.0709118508175307,35.34291735288517,35.34291735288517,8.321136480509402,1.2212447163975162,1112.5175139058265,1112.5175139058265,109.58661286977572,750.0,561571.9990473231,2781.2937847645658,True,0.0985032698362105,561.5719990473232,449.2575992378585,0.2212447163975162,0.2212447163975162,1.0,0.25,pareto,closest
0,thickness_grids_L5000mm.csv,72,55,147,5.0,1.48,1.5362295392099454,0.0562295392099454,34.40672274211541,34.40672274211541,7.519686235205011,2.0026175800631063,1148.255269333243,1148.255269333243,124.285032747485,750.0000000000001,480593.53473612625,2870.6381733331073,True,0.1082381558062899,480.59353473612623,384.474827788901,0.002617580063106306,0.002617580063106306,2.0,0.25,pareto,closest
1,thickness_grids_L5000mm.csv,71,54,149,5.0,1.5,1.5542754830863474,0.0542754830863474,35.34291735288517,35.34291735288517,7.32702454278415,2.03152744407746,1157.2258593107954,1157.2258593107954,125.8847918676097,750.0000000000001,472101.8113610043,2893.0646482769885,True,0.1087815233774523,472.1018113610043,377.68144908880345,0.03152744407746022,0.03152744407746022,2.0,0.25,pareto,closest
2,thickness_grids_L5000mm.csv,73,55,148,5.0,1.49,1.5462295392099454,0.0562295392099454,34.8732492511735,34.8732492511735,7.485756072764998,1.9496524408172793,1149.8240266833998,1149.8240266833998,123.94364095144633,750.0000000000002,481793.15190422133,2874.560066708499,True,0.1077935736905363,481.79315190422136,385.43452152337704,-0.050347559182720714,0.050347559182720714,2.0,0.25,pareto,closest
3,thickness_grids_L5000mm.csv,70,54,148,5.0,1.49,1.5442754830863474,0.0542754830863474,34.8732492511735,34.8732492511735,7.3601566064008015,2.086179446238391,1155.6722522396612,1155.6722522396612,126.22956619265996,750.0000000000001,470927.1573959606,2889.180630599153,True,0.1092260941179737,470.9271573959606,376.7417259167685,0.08617944623839113,0.08617944623839113,2.0,0.25,pareto,closest
4,thickness_grids_L5000mm.csv,74,55,149,5.0,1.5,1.5562295392099454,0.0562295392099454,35.34291735288517,35.34291735288517,7.452088008038026,1.89854710907408,1151.3853202819653,1151.3853202819653,123.6056613131462,749.9999999999999,482988.5048246688,2878.463300704913,True,0.107353862460984,482.9885048246688,386.39080385973506,-0.10145289092592003,0.10145289092592003,2.0,0.25,pareto,closest
5,thickness_grids_L5000mm.csv,75,56,147,5.0,1.48,1.5382194495743435,0.0582194495743435,34.40672274211541,34.40672274211541,7.64560939440667,1.8739089116509489,1142.474032214609,1142.474032214609,122.0686653434233,749.9999999999998,491524.7531872333,2856.1850805365225,True,0.1068458992514704,491.5247531872333,393.2198025497866,-0.12609108834905114,0.12609108834905114,2.0,0.25,pareto,closest
6,thickness_grids_L5000mm.csv,69,54,147,5.0,1.48,1.5342754830863474,0.0542754830863474,34.40672274211541,34.40672274211541,7.393547008795435,2.142819298789653,1154.11115231728,1154.11115231728,126.5778261169428,750.0,469748.3469524703,2885.2778807931995,True,0.1096755939519289,469.7483469524703,375.79867756197626,0.14281929878965283,0.14281929878965283,2.0,0.25,pareto,closest
7,thickness_grids_L5000mm.csv,76,56,148,5.0,1.49,1.5482194495743435,0.0582194495743435,34.8732492511735,34.8732492511735,7.611141953975484,1.824318218095688,1144.0501069513527,1144.0501069513527,121.73392053946596,749.9999999999998,492745.2250228664,2860.125267378382,True,0.1064061091378774,492.7452250228664,394.1961800182931,-0.17568178190431194,0.17568178190431194,2.0,0.25,pareto,closest
8,thickness_grids_L5000mm.csv,68,53,149,5.0,1.5,1.552357281203549,0.0523572812035493,35.34291735288517,35.34291735288517,7.201759319444646,2.176601206251716,1163.141356730799,1163.141356730799,128.24388049066832,750.0000000000002,461301.8888869379,2907.8533918269977,True,0.1102564875271213,461.3018888869379,369.0415111095503,0.17660120625171594,0.17660120625171594,2.0,0.25,pareto,closest
9,thickness_grids_L5000mm.csv,77,56,149,5.0,1.5,1.5582194495743436,0.0582194495743435,35.34291735288517,35.34291735288517,7.576940330691983,1.7764697232484272,1145.618748759926,1145.618748759926,121.40251676767316,750.0,493961.32325640565,2864.046871899815,True,0.1059711329786503,493.9613232564057,395.1690586051245,-0.22353027675157278,0.22353027675157278,2.0,0.25,pareto,closest
10,thickness_grids_L5000mm.csv,67,53,148,5.0,1.49,1.542357281203549,0.0523572812035493,34.8732492511735,34.8732492511735,7.23435300145618,2.235121300278993,1161.5957839893158,1161.5957839893158,128.5956796782762,750.0,460147.8891417384,2903.9894599732893,True,0.1107060489119845,460.1478891417384,368.11831131339073,0.23512130027899314,0.23512130027899314,2.0,0.25,pareto,closest
11,thickness_grids_L5000mm.csv,78,57,147,5.0,1.48,1.5402452141795415,0.0602452141795414,34.40672274211541,34.40672274211541,7.771307336273972,1.7555797579532186,1136.7664328228354,1136.7664328228354,119.92498458444372,750.0000000000001,502541.3643573474,2841.9160820570883,True,0.1054965920190343,502.54136435734745,402.03309148587795,-0.24442024204678137,0.24442024204678137,2.0,0.25,pareto,closest
0,thickness_grids_L5000mm.csv,55,49,148,5.0,1.49,1.5350430160803568,0.0450430160803567,34.8732492511735,34.8732492511735,6.7293002999452245,2.985521789624432,1186.062916099533,1186.062916099533,138.95187271737484,750.0,417911.4994442856,2965.1572902488315,True,0.1171538801451863,417.9114994442856,334.3291995554285,-0.014478210375568068,0.014478210375568068,3.0,0.25,pareto,closest
1,thickness_grids_L5000mm.csv,54,49,147,5.0,1.48,1.5250430160803568,0.0450430160803567,34.40672274211541,34.40672274211541,6.759956948013326,3.066346174100158,1184.5455473529298,1184.5455473529298,139.3382213202448,750.0000000000001,416836.0586033132,2961.3638683823247,True,0.1176301085522797,416.8360586033132,333.4688468826506,0.06634617410015808,0.06634617410015808,3.0,0.25,pareto,closest
2,thickness_grids_L5000mm.csv,56,49,149,5.0,1.5,1.5450430160803568,0.0450430160803567,35.34291735288517,35.34291735288517,6.698882628650693,2.9075273215043587,1187.572675578824,1187.572675578824,138.569416128172,750.0,418983.29944580945,2968.9316889470597,True,0.1166828935842879,418.98329944580945,335.18663955664755,-0.09247267849564134,0.09247267849564134,3.0,0.25,pareto,closest
3,thickness_grids_L5000mm.csv,53,48,149,5.0,1.5,1.5433040854015585,0.0433040854015584,35.34291735288517,35.34291735288517,6.572763965681956,3.1371922406704935,1193.8777190804608,1193.8777190804608,141.39840127961088,749.9999999999998,408627.4130160305,2984.694297701152,True,0.1184362510664137,408.62741301603046,326.90193041282436,0.13719224067049351,0.13719224067049351,3.0,0.25,pareto,closest
4,thickness_grids_L5000mm.csv,57,50,147,5.0,1.48,1.526817800999955,0.0468178009999549,34.40672274211541,34.40672274211541,6.887025624054326,2.846230759095427,1178.3013253114225,1178.3013253114225,136.5974598324289,750.0,427241.08350175206,2945.753313278556,True,0.1159274430895904,427.2410835017521,341.79286680140166,-0.15376924090457278,0.15376924090457278,3.0,0.25,pareto,closest
5,thickness_grids_L5000mm.csv,52,48,148,5.0,1.49,1.5333040854015585,0.0433040854015584,34.8732492511735,34.8732492511735,6.602632365459877,3.221301814679352,1192.3778834294374,1192.3778834294374,141.7892340739326,749.9999999999997,407576.0655718243,2980.9447085735933,True,0.1189130023664376,407.5760655718243,326.0608524574595,0.22130181467935195,0.22130181467935195,3.0,0.25,pareto,closest
6,thickness_grids_L5000mm.csv,58,50,148,5.0,1.49,1.536817800999955,0.0468178009999549,34.8732492511735,34.8732492511735,6.855817793349437,2.7711677461059727,1179.8282000644444,1179.8282000644444,136.2192741682225,750.0,428337.114639983,2949.570500161111,True,0.1154568725860103,428.337114639983,342.6696917119864,-0.22883225389402728,0.22883225389402728,3.0,0.25,pareto,closest
0,thickness_grids_L5000mm.csv,43,45,149,5.0,1.5,1.5383024188099634,0.0383024188099635,35.34291735288517,35.34291735288517,6.19364307410503,3.978767679663595,1213.2813141108588,1213.2813141108588,150.5747938648203,750.0000000000002,378108.63443464594,3033.203285277147,True,0.1241054256037624,378.1086344346459,302.4869075477167,-0.021232320336404875,0.021232320336404875,4.0,0.25,pareto,closest
1,thickness_grids_L5000mm.csv,44,46,146,5.0,1.47,1.5099337867663618,0.0399337867663618,33.94333782571091,33.94333782571091,6.4071072968583,3.9753751577858982,1202.2718334890103,1202.2718334890103,148.63260770506133,750.0,385147.5683435825,3005.679583722526,True,0.1236264574823543,385.14756834358246,308.11805467486596,-0.024624842214101772,0.024624842214101772,4.0,0.25,pareto,closest
2,thickness_grids_L5000mm.csv,42,45,148,5.0,1.49,1.5283024188099634,0.0383024188099635,34.8732492511735,34.8732492511735,6.221852246061417,4.085273239165427,1211.8137522512686,1211.8137522512686,150.99273599432993,749.9999999999995,377118.4297982595,3029.534380628171,True,0.124600612688064,377.1184297982595,301.6947438386076,0.08527323916542695,0.08527323916542695,4.0,0.25,pareto,closest
3,thickness_grids_L5000mm.csv,45,46,147,5.0,1.48,1.5199337867663618,0.0399337867663618,34.40672274211541,34.40672274211541,6.3778860450459,3.8698121308867224,1203.7659775379766,1203.7659775379766,148.2156328620228,749.9999999999998,386164.84857048,3009.4149438449413,True,0.123126617322383,386.16484857048,308.931878856384,-0.13018786911327762,0.13018786911327762,4.0,0.25,pareto,closest
4,thickness_grids_L5000mm.csv,41,45,147,5.0,1.48,1.5183024188099634,0.0383024188099635,34.40672274211541,34.40672274211541,6.250284272312768,4.1956361864869285,1210.338529066344,1210.338529066344,151.414951634229,750.0000000000001,376124.9699588626,3025.84632266586,True,0.125101323305828,376.1249699588626,300.8999759670901,0.1956361864869285,0.1956361864869285,4.0,0.25,pareto,closest
5,thickness_grids_L5000mm.csv,46,46,148,5.0,1.49,1.5299337867663618,0.0399337867663618,34.8732492511735,34.8732492511735,6.348895043497092,3.767968752178657,1205.252377761275,1205.252377761275,147.80290387347284,750.0000000000003,387178.7487621952,3013.1309444031876,True,0.1226323271379998,387.1787487621952,309.74299900975615,-0.2320312478213431,0.2320312478213431,4.0,0.25,pareto,closest
0,thickness_grids_L6000mm.csv,98,54,148,6.0,1.49,1.5442754830863474,0.0542754830863474,41.8478991014082,41.8478991014082,7.58662810632632,1.0063920875724064,1145.1739446165625,1145.1739446165625,124.6487233294672,750.0,563151.1234673838,2862.934861541406,True,0.1088469781516057,563.1511234673837,375.4340823115892,0.006392087572406391,0.006392087572406391,1.0,0.25,pareto,closest
1,thickness_grids_L6000mm.csv,99,54,149,6.0,1.5,1.5542754830863474,0.0542754830863474,42.411500823462205,42.411500823462205,7.555203128345347,0.9786135189039812,1146.618170324299,1146.618170324299,124.2994708520871,750.0,564562.7716263703,2866.5454258107475,True,0.1084052861441497,564.5627716263702,376.3751810842468,-0.021386481096018817,0.021386481096018817,1.0,0.25,pareto,closest
2,thickness_grids_L6000mm.csv,100,55,147,6.0,1.48,1.5362295392099454,0.0562295392099454,41.28806729053849,41.28806729053849,7.748478654879829,0.9673723105252018,1137.7983691142351,1137.7983691142351,122.73536441083034,749.9999999999998,574755.5790666235,2844.495922785588,True,0.1078709266443918,574.7555790666235,383.1703860444157,-0.032627689474798216,0.032627689474798216,1.0,0.25,pareto,closest
3,thickness_grids_L6000mm.csv,97,54,147,6.0,1.48,1.5342754830863474,0.0542754830863474,41.28806729053849,41.28806729053849,7.618302021509045,1.035205742766545,1143.7223098898382,1143.7223098898382,125.00155258062853,750.0,561734.7952671833,2859.3057747245953,True,0.1092936209250552,561.7347952671834,374.4898635114555,0.03520574276654509,0.03520574276654509,1.0,0.25,pareto,closest
4,thickness_grids_L6000mm.csv,101,56,145,6.0,1.46,1.5182194495743435,0.0582194495743435,40.17971340235201,40.17971340235201,7.944611586968261,0.958431626607068,1128.99890866316,1128.99890866316,121.2335182749365,750.0000000000001,584929.9380226497,2822.4972716578995,True,0.1073814308806447,584.9299380226497,389.9532920150998,-0.04156837339293196,0.04156837339293196,1.0,0.25,pareto,closest
5,thickness_grids_L6000mm.csv,102,57,143,6.0,1.44,1.5002452141795417,0.0602452141795414,39.08643915890276,39.08643915890276,8.143653786549395,0.9517225579642186,1120.220139211341,1120.220139211341,119.79114573569042,749.9999999999999,595082.6930477477,2800.550348028351,True,0.1069353616692036,595.0826930477477,396.7217953651651,-0.04827744203578144,0.04827744203578144,1.0,0.25,pareto,closest
6,thickness_grids_L6000mm.csv,96,53,149,6.0,1.5,1.552357281203549,0.0523572812035493,42.411500823462205,42.411500823462205,7.425845788375972,1.0486053947228813,1152.6054830792734,1152.6054830792734,126.63082251217884,750.0,551595.9548259109,2881.5137076981837,True,0.1098648447983042,551.5959548259109,367.7306365506072,0.04860539472288128,0.04860539472288128,1.0,0.25,pareto,closest
7,thickness_grids_L6000mm.csv,103,62,133,6.0,1.34,1.410911850817531,0.0709118508175307,33.84626261271499,33.84626261271499,9.1844684994267,0.9505086656095724,1076.6460138402103,1076.6460138402103,113.38601568143784,749.9999999999999,645404.4055041143,2691.6150346005256,True,0.1053141090236423,645.4044055041144,430.26960366940955,-0.04949133439042763,0.04949133439042763,1.0,0.25,pareto,closest
8,thickness_grids_L6000mm.csv,95,53,148,6.0,1.49,1.542357281203549,0.0523572812035493,41.8478991014082,41.8478991014082,7.456761680278208,1.0783539748169049,1151.168309547984,1151.168309547984,126.9871816103972,749.9999999999999,550209.8843138006,2877.92077386996,True,0.1103115683059932,550.2098843138006,366.80658954253374,0.07835397481690487,0.07835397481690487,1.0,0.25,pareto,closest
9,thickness_grids_L6000mm.csv,94,53,147,6.0,1.48,1.5323572812035493,0.0523572812035493,41.28806729053849,41.28806729053849,7.487922882236846,1.1092104803936047,1149.7237039630654,1149.7237039630654,127.34719503619266,750.0000000000001,548819.2520806927,2874.3092599076635,True,0.1107633030416181,548.8192520806926,365.87950138712847,0.1092104803936047,0.1092104803936047,1.0,0.25,pareto,closest
10,thickness_grids_L6000mm.csv,93,52,149,6.0,1.5,1.5504749335615513,0.0504749335615512,42.411500823462205,42.411500823462205,7.2963005668003955,1.1250839443640384,1158.6706476292488,1158.6706476292488,129.04535595442297,750.0000000000002,538735.338314882,2896.676619073122,True,0.11137362995987,538.735338314882,359.15689220992135,0.12508394436403836,0.12508394436403836,1.0,0.25,pareto,closest
11,thickness_grids_L6000mm.csv,92,52,148,6.0,1.49,1.5404749335615513,0.0504749335615512,41.8478991014082,41.8478991014082,7.326705097077829,1.1569845264382612,1157.2408608489627,1157.2408608489627,129.40906694612963,750.0,537374.7684539731,2893.1021521224066,True,0.1118255251125456,537.3747684539732,358.24984563598207,0.15698452643826122,0.15698452643826122,1.0,0.25,pareto,closest
12,thickness_grids_L6000mm.csv,91,52,147,6.0,1.48,1.5304749335615513,0.0504749335615512,41.28806729053849,41.28806729053849,7.357351271922328,1.1900725821669886,1155.8036208649137,1155.8036208649137,129.7765124415394,749.9999999999997,536009.7534565814,2889.509052162284,True,0.11228249340872,536.0097534565814,357.3398356377209,0.19007258216698864,0.19007258216698864,1.0,0.25,pareto,closest
13,thickness_grids_L6000mm.csv,90,51,149,6.0,1.5,1.5486284401603532,0.0486284401603531,42.411500823462205,42.411500823462205,7.166577799327893,1.2087834698375592,1164.814713579346,1164.814713579346,131.54756271697917,750.0,525981.739039488,2912.036783948365,True,0.1129343243894543,525.981739039488,350.654492692992,0.20878346983755924,0.20878346983755924,1.0,0.25,pareto,closest
14,thickness_grids_L6000mm.csv,89,51,148,6.0,1.49,1.5386284401603532,0.0486284401603531,41.8478991014082,41.8478991014082,7.196468756528452,1.243038612033659,1163.3926576498416,1163.3926576498416,131.91888403556447,749.9999999999998,524646.594492849,2908.481644124604,True,0.113391539106025,524.646594492849,349.76439632856597,0.24303861203365895,0.24303861203365895,1.0,0.25,pareto,closest
0,thickness_grids_L6000mm.csv,71,45,148,6.0,1.49,1.5283024188099634,0.0383024188099635,41.8478991014082,41.8478991014082,6.411922082091185,1.9724656623676868,1202.0260334846942,1202.0260334846942,149.12105998121822,749.9999999999999,450571.7237237523,3005.0650837117355,True,0.124058095105406,450.5717237237523,300.3811491491682,-0.027534337632313166,0.027534337632313166,2.0,0.25,pareto,closest
1,thickness_grids_L6000mm.csv,70,45,147,6.0,1.48,1.5183024188099634,0.0383024188099635,41.28806729053849,41.28806729053849,6.43890405099856,2.028670912153448,1200.6506110076198,1200.6506110076198,149.54871961490946,750.0,449383.95421957946,3001.6265275190494,True,0.1245564015408312,449.38395421957944,299.589302813053,0.02867091215344786,0.02867091215344786,2.0,0.25,pareto,closest
2,thickness_grids_L6000mm.csv,72,45,149,6.0,1.5,1.5383024188099634,0.0383024188099635,42.411500823462205,42.411500823462205,6.3851550914747905,1.9182711267344292,1203.3939155806777,1203.3939155806777,148.69778260414623,750.0,451755.8173045358,3008.4847889516936,True,0.1235653435495347,451.7558173045358,301.17054486969056,-0.08172887326557077,0.08172887326557077,2.0,0.25,pareto,closest
3,thickness_grids_L6000mm.csv,69,44,149,6.0,1.5,1.5367069050943651,0.0367069050943651,42.411500823462205,42.411500823462205,6.254523324487157,2.0836219606884954,1210.1189189425338,1210.1189189425338,151.97042529291213,750.0000000000001,439776.0222123578,3025.297297356334,True,0.1255830504870645,439.77602221235776,293.18401480823854,0.08362196068849537,0.08362196068849537,2.0,0.25,pareto,closest
4,thickness_grids_L6000mm.csv,73,46,147,6.0,1.48,1.5199337867663618,0.0399337867663618,41.28806729053849,41.28806729053849,6.570500749958458,1.8709644666128449,1193.9915346378846,1193.9915346378846,146.38690411340093,749.9999999999998,461427.0124796196,2984.978836594711,True,0.1226029664923858,461.4270124796196,307.61800831974637,-0.12903553338715512,0.12903553338715512,2.0,0.25,pareto,closest
5,thickness_grids_L6000mm.csv,68,44,148,6.0,1.49,1.5267069050943651,0.0367069050943651,41.8478991014082,41.8478991014082,6.280763280422332,2.142459864507224,1208.7614624370713,1208.7614624370715,152.40358135273593,750.0000000000001,438616.86477995507,3021.903656092679,True,0.1260824290720388,438.61686477995505,292.41124318663674,0.14245986450722414,0.14245986450722414,2.0,0.25,pareto,closest
6,thickness_grids_L6000mm.csv,74,46,148,6.0,1.49,1.5299337867663618,0.0399337867663618,41.8478991014082,41.8478991014082,6.5429895200285335,1.8191038684040433,1195.3769603390112,1195.3769603390112,145.96884395989613,750.0,462639.88976366544,2988.442400847528,True,0.1221111405045811,462.63988976366545,308.426593175777,-0.18089613159595674,0.18089613159595674,2.0,0.25,pareto,closest
7,thickness_grids_L6000mm.csv,67,44,147,6.0,1.48,1.5167069050943651,0.0367069050943651,41.28806729053849,41.28806729053849,6.307214271551784,2.203479807813324,1207.3964630683647,1207.3964630683647,152.84122680865474,749.9999999999999,437454.13485659694,3018.491157670912,True,0.1265874395724485,437.45413485659697,291.636089904398,0.20347980781332398,0.20347980781332398,2.0,0.25,pareto,closest
8,thickness_grids_L6000mm.csv,75,46,149,6.0,1.5,1.5399337867663618,0.0399337867663618,42.411500823462205,42.411500823462205,6.515697179925326,1.7690993527024246,1196.754850860994,1196.754850860994,145.55506299814456,749.9999999999999,463848.9861176955,2991.887127152485,True,0.1216247946631896,463.8489861176955,309.232657411797,-0.23090064729757542,0.23090064729757542,2.0,0.25,pareto,closest
0,thickness_grids_L6000mm.csv,52,40,148,6.0,1.49,1.5206833926399712,0.0306833926399711,41.8478991014082,41.8478991014082,5.75554037630646,3.0382113122680794,1236.5843426109816,1236.5843426109816,167.00832309099417,749.9999999999999,391951.8415646921,3091.460856527454,True,0.1350561521249452,391.9518415646921,261.3012277097947,0.03821131226807939,0.03821131226807939,3.0,0.25,pareto,closest
1,thickness_grids_L6000mm.csv,53,40,149,6.0,1.5,1.5306833926399712,0.0306833926399711,42.411500823462205,42.411500823462205,5.731423558984256,2.954920314816656,1237.8956971097978,1237.8956971097978,166.53132799565338,750.0000000000001,393011.9097860554,3094.739242774494,True,0.1345277541431526,393.0119097860554,262.0079398573703,-0.045079685183344154,0.045079685183344154,3.0,0.25,pareto,closest
2,thickness_grids_L6000mm.csv,54,41,146,6.0,1.47,1.5021354893923695,0.0321354893923697,40.7320053908531,40.7320053908531,5.936798587052557,2.93683373156305,1226.824989358314,1226.824989358314,164.06227114669676,749.9999999999999,401263.3550669867,3067.0624733957848,True,0.1337291566195671,401.2633550669868,267.50890337799115,-0.06316626843694984,0.06316626843694984,3.0,0.25,pareto,closest
3,thickness_grids_L6000mm.csv,51,40,147,6.0,1.48,1.5106833926399712,0.0306833926399711,41.28806729053849,41.28806729053849,5.779852161716578,3.124586096278972,1235.2654650454003,1235.2654650454,167.49028220613988,750.0000000000002,390888.5992154609,3088.1636626135,True,0.1355905163267751,390.8885992154609,260.5923994769739,0.12458609627897221,0.12458609627897221,3.0,0.25,pareto,closest
4,thickness_grids_L6000mm.csv,55,41,147,6.0,1.48,1.5121354893923695,0.0321354893923697,41.28806729053849,41.28806729053849,5.911747733630012,2.854932483683626,1228.163721443069,1228.163721443069,163.5871798842062,750.0000000000001,402354.6706095701,3070.409303607673,True,0.1331965576152944,402.35467060957006,268.2364470730467,-0.14506751631637416,0.14506751631637416,3.0,0.25,pareto,closest
5,thickness_grids_L6000mm.csv,50,40,146,6.0,1.47,1.5006833926399712,0.0306833926399711,40.7320053908531,40.7320053908531,5.80436199988977,3.2141834442752573,1233.93896077391,1233.93896077391,167.97729178786187,750.0,389822.1537982595,3084.847401934775,True,0.136130957144354,389.82215379825954,259.8814358655064,0.21418344427525726,0.21418344427525726,3.0,0.25,pareto,closest
6,thickness_grids_L6000mm.csv,56,41,148,6.0,1.49,1.5221354893923698,0.0321354893923697,41.8478991014082,41.8478991014082,5.886899052022304,2.7759781383788016,1229.494817315469,1229.494817315469,163.11701066165338,750.0000000000002,403442.68485810835,3073.737043288672,True,0.1326699457081161,403.4426848581083,268.96178990540557,-0.22402186162119841,0.22402186162119841,3.0,0.25,pareto,closest
7,thickness_grids_L6000mm.csv,49,39,149,6.0,1.5,1.5292671501283726,0.0292671501283726,42.411500823462205,42.411500823462205,5.600595968503773,3.240849160716438,1245.062934113432,1245.062934113432,170.58833316680304,749.9999999999998,381615.4110235649,3112.65733528358,True,0.1370118156222145,381.61541102356495,254.41027401570992,0.2408491607164378,0.2408491607164378,3.0,0.25,pareto,closest
0,thickness_grids_L6000mm.csv,40,37,148,6.0,1.49,1.5165422278275753,0.0265422278275753,41.8478991014082,41.8478991014082,5.3615343953569035,4.034651339418187,1258.3975372106795,1258.3975372106795,179.79882838701835,750.0,358198.3253902466,3145.993843026699,True,0.1428791960174637,358.19832539024657,238.79888359349772,0.0346513394181871,0.0346513394181871,4.0,0.25,pareto,closest
1,thickness_grids_L6000mm.csv,41,37,149,6.0,1.5,1.526542227827575,0.0265422278275753,42.411500823462205,42.411500823462205,5.339022760453222,3.924178036892916,1259.6693680704975,1259.6693680704975,179.28356988616255,750.0000000000001,359184.76357257186,3149.1734201762433,True,0.1423258947391733,359.18476357257185,239.45650904838124,-0.07582196310708378,0.07582196310708378,4.0,0.25,pareto,closest
2,thickness_grids_L6000mm.csv,42,38,146,6.0,1.47,1.497886761857574,0.0278867618575739,40.7320053908531,40.7320053908531,5.539494372475646,3.874432673733003,1248.441582884893,1248.441582884893,176.35627755726395,749.9999999999999,367297.5107526145,3121.103957212232,True,0.1412611370647721,367.29751075261447,244.86500716840965,-0.12556732626699718,0.12556732626699718,4.0,0.25,pareto,closest
3,thickness_grids_L6000mm.csv,39,37,147,6.0,1.48,1.5065422278275753,0.0265422278275753,41.28806729053849,41.28806729053849,5.384228671001154,4.149210143907619,1257.118233158539,1257.118233158539,180.31946419231352,749.9999999999999,357208.9962110702,3142.7955828963472,True,0.1434387469977717,357.2089962110702,238.13933080738013,0.14921014390761922,0.14921014390761922,4.0,0.25,pareto,closest
4,thickness_grids_L6000mm.csv,43,38,147,6.0,1.48,1.507886761857574,0.0278867618575739,41.28806729053849,41.28806729053849,5.516070175420964,3.7665200683765905,1249.742173838824,1249.742173838824,175.84379770439293,750.0000000000001,368314.4210570702,3124.3554345970592,True,0.1407040599136178,368.3144210570702,245.54294737138017,-0.23347993162340952,0.23347993162340952,4.0,0.25,pareto,closest
0,thickness_grids_L7000mm.csv,92,46,148,7.0,1.49,1.5299337867663618,0.0399337867663618,48.8225489516429,48.8225489516429,6.665718980720646,1.0102257387233342,1189.2235396739468,1189.2235396739468,144.6646617470913,749.9999999999999,537691.952712997,2973.058849184867,True,0.1216463153653639,537.691952712997,307.25254440742685,0.01022573872333421,0.01022573872333421,1.0,0.25,pareto,closest
1,thickness_grids_L7000mm.csv,93,46,149,7.0,1.5,1.5399337867663618,0.0399337867663618,49.48008429403925,49.48008429403925,6.639493471177601,0.9815219893613248,1190.5325959075717,1190.5325959075717,144.2456535498646,750.0000000000003,539091.8005785473,2976.331489768929,True,0.1211606083241279,539.0918005785472,308.0524574734556,-0.018478010638675157,0.018478010638675157,1.0,0.25,pareto,closest
2,thickness_grids_L7000mm.csv,94,47,147,7.0,1.48,1.52160100896356,0.0416010089635602,48.16941183896158,48.16941183896158,6.826189975237636,0.960704816663474,1181.2817920353853,1181.2817920353853,142.0750193134885,750.0000000000002,550449.7802683489,2953.2044800884632,True,0.120271911639888,550.4497802683488,314.54273158191364,-0.03929518333652604,0.03929518333652604,1.0,0.25,pareto,closest
3,thickness_grids_L7000mm.csv,91,46,147,7.0,1.48,1.5199337867663618,0.0399337867663618,48.16941183896158,48.16941183896158,6.692161025721013,1.0400109729125693,1187.9068663069254,1187.9068663069254,145.08802096204832,750.0,536287.8902713155,2969.767165767313,True,0.1221375387896454,536.2878902713155,306.4502230121803,0.040010972912569276,0.040010972912569276,1.0,0.25,pareto,closest
4,thickness_grids_L7000mm.csv,95,49,142,7.0,1.43,1.4750430160803567,0.0450430160803567,44.96969972128037,44.96969972128037,7.237201594626971,0.9561483711352454,1161.460919411257,1161.460919411257,138.43350256018485,749.9999999999999,571627.7437959501,2903.652298528142,True,0.1191891179863,571.6277437959501,326.6444250262572,-0.04385162886475458,0.04385162886475458,1.0,0.25,pareto,closest
5,thickness_grids_L7000mm.csv,96,53,133,7.0,1.34,1.3923572812035492,0.0523572812035493,39.487306381500815,39.487306381500815,8.07446607982473,0.951833472482506,1123.254644003942,1123.254644003942,131.7418008443364,749.9999999999997,614973.7926449175,2808.1366100098553,True,0.1172857833685253,614.9737926449175,351.4135957970957,-0.04816652751749395,0.04816652751749395,1.0,0.25,pareto,closest
6,thickness_grids_L7000mm.csv,97,60,120,7.0,1.21,1.276537633439935,0.0665376334399351,32.19724062884571,32.19724062884571,9.572629311495934,0.9513802200384894,1061.330035499148,1061.330035499148,121.49600067009652,750.0,694177.5695774958,2653.32508874787,True,0.1144752307070594,694.1775695774958,396.67289690142616,-0.04861977996151057,0.04861977996151057,1.0,0.25,pareto,closest
7,thickness_grids_L7000mm.csv,98,104,80,7.0,0.81,1.0058997342462053,0.1958997342462051,14.428392580141844,14.428392580141844,18.692770590570312,0.9501380779257432,801.4582383654081,801.4582383654081,78.45405916382369,749.9999999999998,1276312.1259721464,2003.64559591352,True,0.0978891418270682,1276.3121259721463,729.3212148412265,-0.04986192207425677,0.04986192207425677,1.0,0.25,pareto,closest
8,thickness_grids_L7000mm.csv,90,45,149,7.0,1.5,1.5383024188099634,0.0383024188099635,49.48008429403925,49.48008429403925,6.506372310669993,1.0643493081404498,1197.2264280774502,1197.2264280774502,147.36146719321087,750.0,525002.6604439404,2993.066070193626,True,0.1230857118898129,525.0026604439404,300.00152025368027,0.06434930814044981,0.06434930814044981,1.0,0.25,pareto,closest
9,thickness_grids_L7000mm.csv,89,45,148,7.0,1.49,1.5283024188099634,0.0383024188099635,48.8225489516429,48.8225489516429,6.5320940907768374,1.0954604517346995,1195.9266133994668,1195.9266133994668,147.7900824531658,750.0000000000002,523632.2369706863,2989.816533498667,True,0.1235778857977471,523.6322369706863,299.2184211261065,0.09546045173469953,0.09546045173469953,1.0,0.25,pareto,closest
10,thickness_grids_L7000mm.csv,88,45,147,7.0,1.48,1.5183024188099634,0.0383024188099635,48.16941183896158,48.16941183896158,6.5580285469086474,1.1277432584217653,1194.6191802159951,1194.6191802159951,148.22315331658325,750.0000000000001,522257.7135733872,2986.5479505399876,True,0.1240756516982956,522.2577135733872,298.43297918479266,0.12774325842176526,0.12774325842176526,1.0,0.25,pareto,closest
11,thickness_grids_L7000mm.csv,87,44,149,7.0,1.5,1.5367069050943651,0.0367069050943651,49.48008429403925,49.48008429403925,6.373165930698753,1.1561626172972606,1204.0077089722452,1204.0077089722452,150.60606393790562,750.0000000000001,511046.5951083752,3010.019272430613,True,0.1250872920626602,511.0465951083752,292.0266257762144,0.15616261729726055,0.15616261729726055,1.0,0.25,pareto,closest
12,thickness_grids_L7000mm.csv,86,44,148,7.0,1.49,1.5267069050943651,0.0367069050943651,48.8225489516429,48.8225489516429,6.398382296269681,1.1899417166222046,1202.7175351555047,1202.7175351555047,151.04467314348372,750.0000000000001,509705.4995474157,3006.7938378887616,True,0.1255861569557597,509.7054995474157,291.2602854556661,0.1899417166222046,0.1899417166222046,1.0,0.25,pareto,closest
13,thickness_grids_L7000mm.csv,85,44,147,7.0,1.48,1.5167069050943651,0.0367069050943651,48.16941183896158,48.16941183896158,6.423807446601276,1.2249923958175275,1201.419744185533,1201.419744185533,151.487846676264,750.0,508360.4170390044,3003.5493604638327,True,0.1260906917914527,508.3604170390044,290.4916668794311,0.2249923958175275,0.2249923958175275,1.0,0.25,pareto,closest
0,thickness_grids_L7000mm.csv,65,38,149,7.0,1.5,1.527886761857574,0.0278867618575739,49.48008429403925,49.48008429403925,5.573087124909426,1.9772268365084325,1246.581568381023,1246.581568381023,173.2737534566656,750.0,430176.2818106361,3116.4539209525574,True,0.1389991299820853,430.1762818106361,245.81501817750635,-0.02277316349156755,0.02277316349156755,2.0,0.25,pareto,closest
1,thickness_grids_L7000mm.csv,64,38,148,7.0,1.49,1.517886761857574,0.0278867618575739,48.8225489516429,48.8225489516429,5.595240804324151,2.0348448536031776,1245.3582496750537,1245.3582496750537,173.78193474643106,750.0,429009.1535432549,3113.395624187634,True,0.1395437295186146,429.0091535432549,245.1480877390028,0.03484485360317757,0.03484485360317757,2.0,0.25,pareto,closest
2,thickness_grids_L7000mm.csv,66,39,146,7.0,1.47,1.4992671501283723,0.0292671501283726,47.52067295599528,47.52067295599528,5.775010215275145,1.9621022149193004,1235.527887363152,1235.527887363152,170.5654545736296,750.0,439708.53423376183,3088.81971840788,True,0.1380506715535561,439.70853423376184,251.2620195621496,-0.03789778508069963,0.03789778508069963,2.0,0.25,pareto,closest
3,thickness_grids_L7000mm.csv,67,39,147,7.0,1.48,1.5092671501283723,0.0292671501283726,48.16941183896158,48.16941183896158,5.751962116598882,1.9056335165575888,1236.7787184471863,1236.7787184471863,170.0597161373911,749.9999999999997,440911.3446938363,3091.946796117966,True,0.1375021364783073,440.9113446938362,251.94933982504932,-0.09436648344241116,0.09436648344241116,2.0,0.25,pareto,closest
4,thickness_grids_L7000mm.csv,63,38,147,7.0,1.48,1.507886761857574,0.0278867618575739,48.16941183896158,48.16941183896158,5.617579312330023,2.0946265294337323,1244.1273861394457,1244.1273861394457,174.2954353966402,750.0000000000002,427838.68225299654,3110.3184653486137,True,0.1400945251574943,427.83868225299653,244.4792470017123,0.09462652943373229,0.09462652943373229,2.0,0.25,pareto,closest
5,thickness_grids_L7000mm.csv,68,39,148,7.0,1.49,1.5192671501283723,0.0292671501283726,48.8225489516429,48.8225489516429,5.729106013689056,1.8512241021551032,1238.0218744584083,1238.0218744584083,169.559246718344,749.9999999999997,442110.6759130538,3095.0546861460207,True,0.1369598148599113,442.1106759130538,252.6346719503165,-0.14877589784489675,0.14877589784489675,2.0,0.25,pareto,closest
6,thickness_grids_L7000mm.csv,62,38,146,7.0,1.47,1.497886761857574,0.0278867618575739,47.52067295599528,47.52067295599528,5.640105693223899,2.1566699390217936,1242.8888678976875,1242.8888678976875,174.81434724036123,749.9999999999999,426664.8360796325,3107.2221697442187,True,0.1406516316587941,426.6648360796325,243.80847775979,0.1566699390217936,0.1566699390217936,2.0,0.25,pareto,closest
7,thickness_grids_L7000mm.csv,61,37,149,7.0,1.5,1.526542227827575,0.0265422278275753,49.48008429403925,49.48008429403925,5.439784171909131,2.178277222758244,1253.998497661435,1253.998497661435,177.68423483878033,749.9999999999999,417188.8118285323,3134.996244153587,True,0.1416941369308984,417.1888118285323,238.39360675916132,0.17827722275824387,0.17827722275824387,2.0,0.25,pareto,closest
8,thickness_grids_L7000mm.csv,69,39,149,7.0,1.5,1.5292671501283726,0.0292671501283726,49.48008429403925,49.48008429403925,5.7064387987286125,1.7987846426213976,1239.257465280276,1239.257465280276,169.06395697424136,750.0000000000002,443306.56072212826,3098.14366320069,True,0.1364235937332079,443.30656072212827,253.318034698359,-0.2012153573786024,0.2012153573786024,2.0,0.25,pareto,closest
9,thickness_grids_L7000mm.csv,70,40,146,7.0,1.47,1.5006833926399712,0.0306833926399711,47.52067295599528,47.52067295599528,5.909936783348656,1.7889628151143555,1228.2606238183955,1228.2606238183955,166.5059903227988,750.0,452893.1390594153,3070.6515595459887,True,0.1355624263237942,452.8931390594153,258.79607946252304,-0.2110371848856445,0.2110371848856445,2.0,0.25,pareto,closest
10,thickness_grids_L7000mm.csv,60,37,148,7.0,1.49,1.5165422278275753,0.0265422278275753,48.8225489516429,48.8225489516429,5.4614233453852234,2.2417287466632883,1252.7879298978587,1252.7879298978587,178.205909827195,750.0000000000001,416050.34352645057,3131.9698247446463,True,0.1422474670886431,416.05034352645055,237.74305344368605,0.24172874666328825,0.24172874666328825,2.0,0.25,pareto,closest
0,thickness_grids_L7000mm.csv,48,34,148,7.0,1.49,1.5127237511823792,0.0227237511823791,48.8225489516429,48.8225489516429,5.060521309472756,3.0410628706121967,1275.6401204366127,1275.6401204366125,192.8336729758851,750.0000000000001,378047.84815025015,3189.100301091531,True,0.1511662026668493,378.04784815025016,216.02734180014295,0.04106287061219671,0.04106287061219671,3.0,0.25,pareto,closest
1,thickness_grids_L7000mm.csv,49,34,149,7.0,1.5,1.5227237511823792,0.0227237511823791,49.48008429403925,49.48008429403925,5.040430152413932,2.9550812262554236,1276.809447161968,1276.809447161968,192.26746178170896,749.9999999999999,379100.9316489038,3192.0236179049193,True,0.1505843038748437,379.10093164890384,216.6291037993736,-0.04491877374457642,0.04491877374457642,3.0,0.25,pareto,closest
2,thickness_grids_L7000mm.csv,50,35,146,7.0,1.47,1.4939607224899778,0.0239607224899779,47.52067295599528,47.52067295599528,5.235770948603352,2.904090184765412,1265.5390308810147,1265.5390308810147,188.83435669438384,750.0000000000002,388395.7642410639,3163.8475772025367,True,0.1492125901189514,388.3957642410639,221.94043670917935,-0.09590981523458808,0.09590981523458808,3.0,0.25,pareto,closest
3,thickness_grids_L7000mm.csv,47,34,147,7.0,1.48,1.5027237511823792,0.0227237511823791,48.16941183896158,48.16941183896158,5.080780835281295,3.130268598084682,1274.463368327177,1274.463368327177,193.4058312740278,750.0000000000002,376991.8200767467,3186.1584208179424,True,0.1517547197357948,376.9918200767467,215.4238971867124,0.13026859808468183,0.13026859808468183,3.0,0.25,pareto,closest
4,thickness_grids_L7000mm.csv,51,35,147,7.0,1.48,1.5039607224899778,0.0239607224899779,48.16941183896158,48.16941183896158,5.2148152995278725,2.82064043090512,1266.7376460865153,1266.7376460865153,188.2720572616874,749.9999999999998,389483.3210764046,3166.844115216288,True,0.1486275061322594,389.4833210764046,222.56189775794547,-0.17935956909487993,0.17935956909487993,3.0,0.25,pareto,closest
5,thickness_grids_L7000mm.csv,46,34,146,7.0,1.47,1.4927237511823792,0.0227237511823791,47.52067295599528,47.52067295599528,5.101211514173552,3.2228443397226605,1273.2790815283151,1273.2790815283151,193.98403968750316,750.0,375932.81928799406,3183.197703820788,True,0.1523499777084725,375.9328192879941,214.81875387885376,0.2228443397226605,0.2228443397226605,3.0,0.25,pareto,closest
0,thickness_grids_L7000mm.csv,38,32,146,7.0,1.47,1.4903573712895817,0.0203573712895815,47.52067295599528,47.52067295599528,4.832613830930891,4.001329215483365,1289.0438836611972,1289.0438836611972,205.1069303378044,750.0,351459.37643548095,3222.6097091529928,True,0.1591155529594935,351.459376435481,200.8339293917034,0.0013292154833646208,0.0013292154833646208,4.0,0.25,pareto,closest
1,thickness_grids_L7000mm.csv,37,31,149,7.0,1.5,1.5192279627043828,0.0192279627043826,49.48008429403925,49.48008429403925,4.6425617427977866,4.1059066703499925,1300.4597901183188,1300.4597901183188,209.2491168181915,749.9999999999999,342367.5095047795,3251.149475295797,True,0.1609039498246643,342.3675095047795,195.638576859874,0.10590667034999246,0.10590667034999246,4.0,0.25,pareto,closest
2,thickness_grids_L7000mm.csv,39,32,147,7.0,1.48,1.5003573712895817,0.0203573712895815,48.16941183896158,48.16941183896158,4.813234231463966,3.8864712909066186,1290.1979041735142,1290.1979041735142,204.4944038543038,749.9999999999998,352461.5920167661,3225.494760433786,True,0.1584984777860886,352.4615920167661,201.4066240095806,-0.11352870909338142,0.11352870909338142,4.0,0.25,pareto,closest
3,thickness_grids_L7000mm.csv,40,32,148,7.0,1.49,1.5103573712895817,0.0203573712895815,48.8225489516429,48.8225489516429,4.79401731054805,3.775791802033496,1291.3444753299711,1291.3444753299711,203.8882965862484,750.0000000000001,353461.02703261224,3228.361188324928,True,0.1578883872439612,353.46102703261226,201.9777297329213,-0.22420819796650404,0.22420819796650404,4.0,0.25,pareto,closest
4,thickness_grids_L7000mm.csv,36,31,148,7.0,1.49,1.5092279627043828,0.0192279627043826,48.8225489516429,48.8225489516429,4.661101340501072,4.225248432258058,1299.336420281078,1299.336420281078,209.8670571163563,750.0,341398.8632017912,3248.3410507026947,True,0.1615186443176564,341.3988632017912,195.0850646867378,0.22524843225805835,0.22524843225805835,4.0,0.25,pareto,closest
0,thickness_grids_L8000mm.csv,92,40,149,8.0,1.5,1.5306833926399712,0.0306833926399711,56.54866776461627,56.54866776461627,5.911669417756553,1.000674368293046,1228.1679117106576,1228.1679117106576,163.95273087212297,749.9999999999999,519988.1713906287,3070.4197792766436,True,0.1334937424344207,519.9881713906286,259.9940856953143,0.0006743682930459016,0.0006743682930459016,1.0,0.25,pareto,closest
1,thickness_grids_L8000mm.csv,93,41,146,8.0,1.47,1.5021354893923695,0.0321354893923697,54.309340521137464,54.309340521137464,6.116355876499772,0.9992063346321696,1217.3221644087537,1217.3221644087532,161.57511993141992,750.0000000000001,531020.2568597159,3043.305411021883,True,0.1327299581453822,531.0202568597159,265.51012842985796,-0.0007936653678304317,0.0007936653678304317,1.0,0.25,pareto,closest
2,thickness_grids_L8000mm.csv,94,41,147,8.0,1.48,1.5121354893923695,0.0321354893923697,55.05075638738466,55.05075638738466,6.092954432829795,0.9698068339277608,1218.5515027348306,1218.5515027348308,161.08867657968796,750.0000000000001,532446.4144134714,3046.378756837077,True,0.1321968552155177,532.4464144134713,266.22320720673565,-0.030193166072239208,0.030193166072239208,1.0,0.25,pareto,closest
3,thickness_grids_L8000mm.csv,91,40,148,8.0,1.49,1.5206833926399712,0.0306833926399711,55.7971988018776,55.7971988018776,5.934178131190445,1.030522849601697,1226.9648782078127,1226.9648782078127,164.44107057599086,749.9999999999998,518603.25477318914,3067.412195519532,True,0.13402263870518,518.6032547731892,259.3016273865946,0.030522849601696933,0.030522849601696933,1.0,0.25,pareto,closest
4,thickness_grids_L8000mm.csv,95,44,139,8.0,1.4,1.436706905094365,0.0367069050943651,49.26017280828795,49.26017280828795,6.7064951709468374,0.9569862418799324,1187.194437197142,1187.194437197142,154.26114979970828,749.9999999999999,566742.2045658502,2967.986092992855,True,0.1299375611663956,566.7422045658502,283.3711022829251,-0.04301375812006758,0.04301375812006758,1.0,0.25,pareto,closest
5,thickness_grids_L8000mm.csv,96,46,134,8.0,1.35,1.389933786766362,0.0399337867663618,45.80442088933919,45.80442088933919,7.128000339562546,0.9556798444103376,1166.6556736297073,1166.6556736297073,150.14244058900417,750.0,589834.1932187235,2916.639184074268,True,0.1286947331442532,589.8341932187235,294.91709660936175,-0.0443201555896624,0.0443201555896624,1.0,0.25,pareto,closest
6,thickness_grids_L8000mm.csv,97,58,111,8.0,1.12,1.1823068330255395,0.0623068330255393,31.526510597304295,31.526510597304295,9.740444449633054,0.9520062879156664,1054.855318685915,1054.855318685915,129.45383475208263,750.0,737410.8304175483,2637.138296714788,True,0.122721886555352,737.4108304175483,368.7054152087741,-0.04799371208433356,0.04799371208433356,1.0,0.25,pareto,closest
7,thickness_grids_L8000mm.csv,98,63,104,8.0,1.05,1.1231527408675286,0.0731527408675285,27.708847204661975,27.708847204661975,10.851553402740985,0.9502665054302712,1014.0773069927618,1014.0773069927618,122.32513417362009,749.9999999999998,803256.2264013673,2535.1932674819045,True,0.1206270304345674,803.2562264013674,401.6281132006837,-0.04973349456972875,0.04973349456972875,1.0,0.25,pareto,closest
8,thickness_grids_L8000mm.csv,90,40,147,8.0,1.48,1.5106833926399712,0.0306833926399711,55.05075638738466,55.05075638738466,5.95687971096757,1.0615040109242828,1225.754150108627,1225.754150108627,164.9345108945757,749.9999999999999,517214.3794533895,3064.3853752715677,True,0.1345575790055119,517.2143794533895,258.60718972669474,0.061504010924282815,0.061504010924282815,1.0,0.25,pareto,closest
9,thickness_grids_L8000mm.csv,89,40,146,8.0,1.47,1.5006833926399712,0.0306833926399711,54.309340521137464,54.309340521137464,5.979777383430053,1.0936694983578588,1224.5356139579098,1224.5356139579098,165.4331389233265,750.0000000000003,515821.5056491806,3061.3390348947746,True,0.1350986749896298,515.8215056491806,257.9107528245903,0.09366949835785876,0.09366949835785876,1.0,0.25,pareto,closest
10,thickness_grids_L8000mm.csv,88,39,149,8.0,1.5,1.5292671501283726,0.0292671501283726,56.54866776461627,56.54866776461627,5.77659778773562,1.097601819104805,1235.4418311360998,1235.4418311360998,167.94924979993408,749.9999999999999,504850.02961084805,3088.6045778402495,True,0.1359426608094447,504.8500296108481,252.42501480542404,0.09760181910480492,0.09760181910480492,1.0,0.25,pareto,closest
11,thickness_grids_L8000mm.csv,87,39,148,8.0,1.49,1.5192671501283723,0.0292671501283726,55.7971988018776,55.7971988018776,5.798609583708273,1.1303279451610715,1234.2500085072927,1234.250008507293,168.45004664986564,750.0000000000001,503498.04155055794,3085.625021268232,True,0.136479680363616,503.4980415505579,251.74902077527895,0.1303279451610715,0.1303279451610715,1.0,0.25,pareto,closest
12,thickness_grids_L8000mm.csv,86,39,147,8.0,1.48,1.5092671501283723,0.0292671501283726,55.05075638738466,55.05075638738466,5.82081021517106,1.1642954565900168,1233.0505114198477,1233.0505114198477,168.95607909021305,750.0000000000001,502142.2092323663,3082.6262785496187,True,0.1370228368792949,502.1422092323662,251.0711046161831,0.16429545659001676,0.16429545659001676,1.0,0.25,pareto,closest
13,thickness_grids_L8000mm.csv,85,39,146,8.0,1.47,1.4992671501283723,0.0292671501283726,54.309340521137464,54.309340521137464,5.843202844320167,1.19956093356245,1231.8432264172295,1231.8432264172295,169.4674366043619,750.0,500782.4940059617,3079.608066043074,True,0.1375722437482987,500.78249400596167,250.39124700298083,0.19956093356244997,0.19956093356244997,1.0,0.25,pareto,closest
14,thickness_grids_L8000mm.csv,84,38,149,8.0,1.5,1.527886761857574,0.0278867618575739,56.54866776461627,56.54866776461627,5.641555690155708,1.2065291474218434,1242.8092384877268,1242.8092384877268,172.1322732706616,750.0,489873.7382206789,3107.023096219317,True,0.1385025697750004,489.8737382206789,244.93686911033944,0.20652914742184336,0.20652914742184336,1.0,0.25,pareto,closest
15,thickness_grids_L8000mm.csv,83,38,148,8.0,1.49,1.517886761857574,0.0278867618575739,55.7971988018776,55.7971988018776,5.663069461037572,1.2424885252674198,1241.6290802645449,1241.6290802645449,172.64609666444218,749.9999999999997,488554.55619206774,3104.0727006613615,True,0.1390480453531724,488.55455619206776,244.27727809603388,0.24248852526741982,0.24248852526741982,1.0,0.25,pareto,closest
0,thickness_grids_L8000mm.csv,64,33,149,8.0,1.5,1.5215226341155803,0.0215226341155803,56.54866776461627,56.54866776461627,4.967682138293059,2.0068649090662007,1281.0631854890296,1281.0631854890296,196.3384727435471,750.0,417488.71577593137,3202.6579637225736,True,0.1532621302114754,417.4887157759314,208.7443578879657,0.006864909066200742,0.006864909066200742,2.0,0.25,pareto,closest
1,thickness_grids_L8000mm.csv,65,34,146,8.0,1.47,1.4927237511823792,0.0227237511823791,54.309340521137464,54.309340521137464,5.161229595786743,1.9706679312891544,1269.8139728576168,1269.813972857617,192.74045913787185,750.0,428048.1074013942,3174.5349321440426,True,0.1517863744278419,428.04810740139425,214.02405370069712,-0.029332068710845594,0.029332068710845594,2.0,0.25,pareto,closest
2,thickness_grids_L8000mm.csv,63,33,148,8.0,1.49,1.5115226341155803,0.0215226341155803,55.7971988018776,55.7971988018776,4.986693575675928,2.0665656741051777,1279.9485492029626,1279.9485492029626,196.9274732725395,750.0,416331.67225052865,3199.871373007406,True,0.1538557728708457,416.33167225052864,208.16583612526432,0.06656567410517766,0.06656567410517766,2.0,0.25,pareto,closest
3,thickness_grids_L8000mm.csv,66,34,147,8.0,1.48,1.5027237511823792,0.0227237511823791,55.05075638738466,55.05075638738466,5.141377032299497,1.9128422177625073,1270.9578596037854,1270.9578596037854,192.1558719399639,749.9999999999999,429243.9435341658,3177.3946490094636,True,0.1511898057736292,429.2439435341658,214.6219717670829,-0.08715778223749271,0.08715778223749271,2.0,0.25,pareto,closest
4,thickness_grids_L8000mm.csv,62,33,147,8.0,1.48,1.5015226341155803,0.0215226341155803,55.05075638738466,55.05075638738466,5.005869184181778,2.1285260810550475,1278.8264383031458,1278.8264383031458,197.52266287400815,750.0,415171.4379907236,3197.0660957578643,True,0.1544561927700664,415.1714379907236,207.5857189953618,0.12852608105504748,0.12852608105504748,2.0,0.25,pareto,closest
5,thickness_grids_L8000mm.csv,67,34,148,8.0,1.49,1.5127237511823792,0.0227237511823791,55.7971988018776,55.7971988018776,5.12169563257262,1.8571409940436705,1272.0941156258623,1272.0941156258623,191.5773984768402,750.0,430436.4506023595,3180.2352890646553,True,0.1506000193881765,430.4364506023595,215.21822530117976,-0.1428590059563295,0.1428590059563295,2.0,0.25,pareto,closest
6,thickness_grids_L8000mm.csv,61,33,146,8.0,1.47,1.4915226341155805,0.0215226341155803,54.309340521137464,54.309340521137464,5.02521172860305,2.192848895019398,1277.696740481112,1277.696740481112,198.1241478659506,749.9999999999999,414007.98076562025,3194.2418512027793,True,0.1550635151431533,414.00798076562023,207.00399038281012,0.19284889501939784,0.19284889501939784,2.0,0.25,pareto,closest
7,thickness_grids_L8000mm.csv,68,34,149,8.0,1.5,1.5227237511823792,0.0227237511823791,56.54866776461627,56.54866776461627,5.102182564235987,1.803471814252933,1273.222853574609,1273.222853574609,191.00493557813215,749.9999999999999,431625.6618648605,3183.0571339365224,True,0.1500168922053829,431.6256618648604,215.81283093243024,-0.1965281857470671,0.1965281857470671,2.0,0.25,pareto,closest
8,thickness_grids_L8000mm.csv,69,35,146,8.0,1.47,1.4939607224899778,0.0239607224899779,54.309340521137464,54.309340521137464,5.297414506556909,1.7757030443577158,1262.027525010626,1262.027525010626,187.62283419843075,750.0000000000001,442260.1692263069,3155.0688125265647,True,0.1486677829763269,442.26016922630686,221.13008461315343,-0.22429695564228425,0.22429695564228425,2.0,0.25,pareto,closest
9,thickness_grids_L8000mm.csv,60,32,149,8.0,1.5,1.5203573712895817,0.0203573712895815,56.54866776461627,56.54866776461627,4.833385718639512,2.2393785728597337,1288.997965963089,1288.997965963089,201.95557775130263,750.0000000000001,403526.6846685845,3222.494914907722,True,0.1566764130619937,403.5266846685845,201.76334233429225,0.23937857285973374,0.23937857285973374,2.0,0.25,pareto,closest
0,thickness_grids_L8000mm.csv,50,30,147,8.0,1.48,1.4981344083599837,0.0181344083599837,55.05075638738466,55.05075638738466,4.600728062493529,2.983257252127047,1303.002454636884,1303.002454636884,215.4248414274347,749.9999999999998,374013.12499805394,3257.50613659221,True,0.1653295745229187,374.013124998054,187.00656249902696,-0.016742747872953156,0.016742747872953156,3.0,0.25,pareto,closest
1,thickness_grids_L8000mm.csv,49,30,146,8.0,1.47,1.4881344083599837,0.0181344083599837,54.309340521137464,54.309340521137464,4.618539504783579,3.0733181044290014,1301.918538926815,1301.918538926815,216.08260035454944,750.0,372945.94531227584,3254.796347317037,True,0.1659724428939068,372.94594531227585,186.47297265613793,0.07331810442900144,0.07331810442900144,3.0,0.25,pareto,closest
2,thickness_grids_L8000mm.csv,51,30,148,8.0,1.49,1.5081344083599837,0.0181344083599837,55.7971988018776,55.7971988018776,4.5830707826177495,2.8965009947814218,1304.0789424024515,1304.0789424024515,214.77398211913996,750.0,375077.3909548472,3260.1973560061283,True,0.1646940036647402,375.0773909548472,187.5386954774236,-0.10349900521857824,0.10349900521857824,3.0,0.25,pareto,closest
3,thickness_grids_L8000mm.csv,48,30,145,8.0,1.46,1.4781344083599837,0.0181344083599837,53.572951203136014,53.572951203136014,4.636507731202709,3.1668347740388594,1300.8270819377128,1300.8270819377128,216.74737843736713,749.9999999999999,371875.82208283106,3252.0677048442817,True,0.1666227444423282,371.87582208283106,185.93791104141553,0.16683477403885938,0.16683477403885938,3.0,0.25,pareto,closest
4,thickness_grids_L8000mm.csv,47,29,149,8.0,1.5,1.5170767082563847,0.0170767082563848,56.54866776461627,56.54866776461627,4.43213142997406,3.167253427193999,1313.3612265285558,1313.3612265285558,220.73726860718304,750.0000000000001,362719.2408559501,3283.40306632139,True,0.1680704928305447,362.71924085595,181.35962042797505,0.16725342719399894,0.16725342719399894,3.0,0.25,pareto,closest
5,thickness_grids_L8000mm.csv,52,30,149,8.0,1.5,1.5181344083599837,0.0181344083599837,56.54866776461627,56.54866776461627,4.565565105707896,2.8129057149823105,1305.1481130912737,1305.1481130912737,214.1299056531364,750.0,376138.77242293424,3262.870282728184,True,0.1640655980001877,376.13877242293427,188.06938621146713,-0.18709428501768954,0.18709428501768954,3.0,0.25,pareto,closest
0,thickness_grids_L8000mm.csv,38,28,145,8.0,1.46,1.476054862393586,0.0160548623935858,53.572951203136014,53.572951203136014,4.365965275952987,4.027803260606917,1317.476050522265,1317.476050522265,230.51722177802833,750.0000000000003,345477.6930193663,3293.6901263056625,True,0.1749688138062534,345.4776930193663,172.73884650968316,0.027803260606916957,0.027803260606916957,4.0,0.25,pareto,closest
1,thickness_grids_L8000mm.csv,37,27,149,8.0,1.5,1.515068870771587,0.0150688707715868,56.54866776461627,56.54866776461627,4.166481482728203,4.055603717275244,1330.0546144690677,1330.0546144690677,235.13643031330236,750.0,336447.26408004685,3325.1365361726685,True,0.1767870490093855,336.44726408004686,168.22363204002343,0.05560371727524416,0.05560371727524416,4.0,0.25,pareto,closest
2,thickness_grids_L8000mm.csv,39,28,146,8.0,1.47,1.486054862393586,0.0160548623935858,54.309340521137464,54.309340521137464,4.349025317011913,3.908934757709834,1318.5340803442696,1318.5340803442696,229.80904411107733,750.0000000000001,346484.20676151244,3296.3352008606735,True,0.1742913190769207,346.48420676151244,173.24210338075622,-0.0910652422901661,0.0910652422901661,4.0,0.25,pareto,closest
3,thickness_grids_L8000mm.csv,36,27,148,8.0,1.49,1.505068870771587,0.0150688707715868,55.7971988018776,55.7971988018776,4.182484412994909,4.176020445130839,1329.0358367004876,1329.0358367004876,235.84538857835017,749.9999999999999,335480.14996942505,3322.589591751219,True,0.1774560038680886,335.48014996942504,167.74007498471252,0.17602044513083914,0.17602044513083914,4.0,0.25,pareto,closest
4,thickness_grids_L8000mm.csv,40,28,147,8.0,1.48,1.496054862393586,0.0160548623935858,55.05075638738466,55.05075638738466,4.332233431148261,3.7944563676037064,1319.5847008027265,1319.5847008027265,229.108354059128,750.0000000000001,347487.9776141166,3298.9617520068155,True,0.1736215598132938,347.48797761411663,173.74398880705832,-0.20554363239629359,0.20554363239629359,4.0,0.25,pareto,closest
0,thickness_grids_L9000mm.csv,88,36,148,9.0,1.49,1.5152335480383767,0.0252335480383766,62.7718486521123,62.7718486521123,5.436694360952133,0.9877609622486984,1254.1715612592316,1254.1715612592316,180.75971746953277,749.9999999999999,515041.6909758317,3135.4289031480785,True,0.1441267869987769,515.0416909758317,228.90741821148077,-0.01223903775130164,0.01223903775130164,1.0,0.25,pareto,closest
1,thickness_grids_L9000mm.csv,87,36,147,9.0,1.48,1.5052335480383767,0.0252335480383766,61.93210093580774,61.93210093580774,5.456946532909007,1.017864009245808,1253.038167581626,1253.038167581626,181.3123032943922,749.9999999999998,513642.2510006476,3132.5954189540653,True,0.1446981488555344,513.6422510006477,228.28544488917672,0.017864009245808,0.017864009245808,1.0,0.25,pareto,closest
2,thickness_grids_L9000mm.csv,89,36,149,9.0,1.5,1.5252335480383767,0.0252335480383766,63.61725123519331,63.61725123519331,5.416619360469541,0.958763865234408,1255.2972597029711,1255.2972597029711,180.2128496951425,750.0000000000001,516437.2181478478,3138.2431492574274,True,0.1435618920555793,516.4372181478478,229.52765251015455,-0.04123613476559196,0.04123613476559196,1.0,0.25,pareto,closest
3,thickness_grids_L9000mm.csv,86,36,146,9.0,1.47,1.4952335480383767,0.0252335480383766,61.09800808627965,61.09800808627965,5.477378872941293,1.0491235303559523,1251.8969635610138,1251.8969635610138,181.87070443646343,750.0000000000003,512238.8569652805,3129.742408902534,True,0.1452760967796688,512.2388569652804,227.66171420679132,0.049123530355952294,0.049123530355952294,1.0,0.25,pareto,closest
4,thickness_grids_L9000mm.csv,90,37,146,9.0,1.47,1.4965422278275753,0.0265422278275753,61.09800808627965,61.09800808627965,5.614931270163819,0.9500358164516064,1244.2731553270985,1244.2731553270985,177.25323462136618,750.0000000000001,528576.0447456749,3110.6828883177454,True,0.1424552429364027,528.576044745675,234.9226865536333,-0.049964183548393604,0.049964183548393604,1.0,0.25,pareto,closest
5,thickness_grids_L9000mm.csv,85,35,149,9.0,1.5,1.5239607224899778,0.0239607224899779,63.61725123519331,63.61725123519331,5.280654792446471,1.061387131066677,1262.980121714806,1262.980121714806,185.01419210006907,749.9999999999998,500179.3010777139,3157.4503042870147,True,0.1464901853315528,500.17930107771394,222.3019115900951,0.061387131066676925,0.061387131066676925,1.0,0.25,pareto,closest
6,thickness_grids_L9000mm.csv,84,35,148,9.0,1.49,1.5139607224899778,0.0239607224899779,62.7718486521123,62.7718486521123,5.300240370180635,1.0934760367314709,1261.8670623260562,1261.8670623260562,185.57617886563852,749.9999999999999,498820.0648877909,3154.6676558151403,True,0.1470647617377044,498.82006488779086,221.69780661679596,0.09347603673147087,0.09347603673147087,1.0,0.25,pareto,closest
7,thickness_grids_L9000mm.csv,83,35,147,9.0,1.48,1.5039607224899778,0.0239607224899779,61.93210093580774,61.93210093580774,5.319998982688032,1.1267883698218475,1260.7463454923109,1260.7463454923109,186.1440466544828,750.0000000000001,497457.03416922665,3151.8658637307767,True,0.1476459141206513,497.45703416922663,221.09201518632295,0.1267883698218475,0.1267883698218475,1.0,0.25,pareto,closest
8,thickness_grids_L9000mm.csv,82,35,146,9.0,1.47,1.4939607224899778,0.0239607224899779,61.09800808627965,61.09800808627965,5.339933559243734,1.1613800010045756,1259.6178563462552,1259.6178563462552,186.7178955906176,749.9999999999998,496090.1688888885,3149.0446408656376,True,0.1482337636370335,496.0901688888885,220.48451950617263,0.1613800010045756,0.1613800010045756,1.0,0.25,pareto,closest
9,thickness_grids_L9000mm.csv,81,34,149,9.0,1.5,1.5227237511823792,0.0227237511823791,63.61725123519331,63.61725123519331,5.144829684779484,1.1779881421806953,1270.758758685761,1270.758758685761,190.059727390608,749.9999999999999,484112.8447871234,3176.8968967144024,True,0.1495639719903806,484.1128447871234,215.1612643498326,0.17798814218069525,0.17798814218069525,1.0,0.25,pareto,closest
10,thickness_grids_L9000mm.csv,80,34,148,9.0,1.49,1.5127237511823792,0.0227237511823791,62.7718486521123,62.7718486521123,5.163925229695391,1.2135893351687053,1269.6588268198436,1269.6588268198436,190.6375888283152,749.9999999999999,482789.7447155368,3174.1470670496087,True,0.1501486736447234,482.7897447155368,214.57321987357193,0.21358933516870526,0.21358933516870526,1.0,0.25,pareto,closest
0,thickness_grids_L9000mm.csv,62,30,146,9.0,1.47,1.4881344083599837,0.0181344083599837,61.09800808627965,61.09800808627965,4.655484263056321,2.0102881160135544,1299.676551282495,1299.676551282495,215.04426629106015,750.0,418268.35661818035,3249.191378206237,True,0.1654598338939475,418.2683566181803,185.89704738585797,0.010288116013554394,0.010288116013554394,2.0,0.25,pareto,closest
1,thickness_grids_L9000mm.csv,63,30,147,9.0,1.48,1.4981344083599837,0.0181344083599837,61.93210093580774,61.93210093580774,4.638044951293429,1.9505125049443035,1300.7337985519744,1300.7337985519744,214.38037062854164,750.0000000000002,419455.0326497577,3251.834496379935,True,0.1648149458922324,419.4550326497577,186.42445895544788,-0.049487495055696495,0.049487495055696495,2.0,0.25,pareto,closest
2,thickness_grids_L9000mm.csv,61,29,149,9.0,1.5,1.5170767082563847,0.0170767082563848,63.61725123519331,63.61725123519331,4.469059530953878,2.068999421026631,1311.076911655978,1311.076911655978,219.64878147094575,750.0,406754.41129424627,3277.6922791399447,True,0.1675331016191221,406.75441129424627,180.77973835299835,0.06899942102663115,0.06899942102663115,2.0,0.25,pareto,closest
3,thickness_grids_L9000mm.csv,64,30,148,9.0,1.49,1.5081344083599837,0.0181344083599837,62.7718486521123,62.7718486521123,4.620760320660839,1.8929439897237308,1301.78352962853,1301.78352962853,213.72342093925033,750.0,420638.4477812516,3254.4588240713247,True,0.1641773890012553,420.6384477812515,186.95042123611185,-0.10705601027626921,0.10705601027626921,2.0,0.25,pareto,closest
4,thickness_grids_L9000mm.csv,60,29,148,9.0,1.49,1.5070767082563847,0.0170767082563848,62.7718486521123,62.7718486521123,4.485701520685323,2.1314249434758055,1310.0503066692106,1310.0503066692106,220.3195096913963,749.9999999999998,405609.5132526845,3275.125766673026,True,0.1681763735100802,405.6095132526845,180.27089477897087,0.13142494347580547,0.13142494347580547,2.0,0.25,pareto,closest
5,thickness_grids_L9000mm.csv,65,30,149,9.0,1.5,1.5181344083599837,0.0181344083599837,63.61725123519331,63.61725123519331,4.603627785729688,1.837486334118556,1302.8258571798451,1302.8258571798451,213.0733005033178,750.0000000000001,421818.6361939895,3257.0646429496123,True,0.163547030732523,421.8186361939895,187.47494941955088,-0.1625136658814439,0.1625136658814439,2.0,0.25,pareto,closest
6,thickness_grids_L9000mm.csv,59,29,147,9.0,1.48,1.4970767082563847,0.0170767082563848,61.93210093580774,61.93210093580774,4.502491380798245,2.196225816209244,1309.0163630201866,1309.0163630201866,220.99728850882525,750.0,404461.49743440305,3272.5409075504663,True,0.1688269870049112,404.46149743440304,179.76066552640137,0.19622581620924384,0.19622581620924384,2.0,0.25,pareto,closest
7,thickness_grids_L9000mm.csv,66,31,146,9.0,1.47,1.4892279627043827,0.0192279627043826,61.09800808627965,61.09800808627965,4.7918762298306605,1.7909991874227542,1291.4723604601334,1291.4723604601334,208.7634164523448,750.0,433433.13037818734,3228.6809011503333,True,0.1616476069050098,433.43313037818734,192.63694683474992,-0.2090008125772458,0.2090008125772458,2.0,0.25,pareto,closest
0,thickness_grids_L9000mm.csv,47,27,145,9.0,1.46,1.4750688707715869,0.0150688707715868,60.26957010352802,60.26957010352802,4.264653413649254,2.9877618806536015,1323.831601892642,1323.831601892642,236.88646487791863,750.0000000000003,372947.44761932734,3309.579004731605,True,0.1789400287311839,372.94744761932736,165.7544211641455,-0.012238119346398513,0.012238119346398513,3.0,0.25,pareto,closest
1,thickness_grids_L9000mm.csv,46,26,149,9.0,1.5,1.5141187333903878,0.0141187333903878,63.61725123519331,63.61725123519331,4.067947051568435,3.0138647726672043,1336.3654088163355,1336.3654088163355,241.79834339005387,750.0000000000003,362848.4905950743,3340.913522040839,True,0.1809372958884224,362.84849059507434,161.26599582003303,0.013864772667204317,0.013864772667204317,3.0,0.25,pareto,closest
2,thickness_grids_L9000mm.csv,48,27,146,9.0,1.47,1.485068870771587,0.0150688707715868,61.09800808627965,61.09800808627965,4.248565338353058,2.898334794544442,1324.8470351228916,1324.8470351228916,236.1478895945687,750.0000000000001,374031.15448256035,3312.1175878072286,True,0.1782453999096309,374.03115448256034,166.2360686589157,-0.10166520545555802,0.10166520545555802,3.0,0.25,pareto,closest
3,thickness_grids_L9000mm.csv,45,26,148,9.0,1.49,1.5041187333903878,0.0141187333903878,62.7718486521123,62.7718486521123,4.083121521434081,3.1047190788304815,1335.3892650012567,1335.3892650012567,242.5383890402105,750.0000000000001,361808.2750721653,3338.473162503142,True,0.1816237372853092,361.8082750721653,160.80367780985125,0.10471907883048148,0.10471907883048148,3.0,0.25,pareto,closest
4,thickness_grids_L9000mm.csv,49,27,147,9.0,1.48,1.495068870771587,0.0150688707715868,61.93210093580774,61.93210093580774,4.232621470500991,2.812229957290026,1325.855051386649,1325.855051386649,235.4171073796747,749.9999999999999,375111.8945375435,3314.637628466622,True,0.1775587060843967,375.1118945375435,166.71639757224156,-0.18777004270997422,0.18777004270997422,3.0,0.25,pareto,closest
5,thickness_grids_L9000mm.csv,44,26,147,9.0,1.48,1.4941187333903878,0.0141187333903878,61.93210093580774,61.93210093580774,4.098431152939255,3.199027523235717,1334.406007994732,1334.406007994732,243.28622897677175,750.0,360765.2594533297,3336.0150199868294,True,0.1823179958117606,360.76525945332975,160.340115312591,0.19902752323571704,0.19902752323571704,3.0,0.25,pareto,closest
0,thickness_grids_L9000mm.csv,36,24,149,9.0,1.5,1.5123260213503895,0.0123260213503896,63.61725123519331,63.61725123519331,3.803382247305072,3.944073758813635,1353.6392001581648,1353.6392001581648,258.9373841105998,750.0,334701.6508232696,3384.098000395412,True,0.1912898090424276,334.70165082326963,148.7562892547865,-0.05592624118636502,0.05592624118636502,4.0,0.25,pareto,closest
1,thickness_grids_L9000mm.csv,35,24,148,9.0,1.49,1.5023260213503895,0.0123260213503896,62.7718486521123,62.7718486521123,3.8175846751896674,4.062906407996012,1352.6994814721038,1352.6994814721038,259.730978389102,750.0000000000005,333730.10459556105,3381.7487036802595,True,0.1920093723303895,333.73010459556104,148.32449093136046,0.06290640799601199,0.06290640799601199,4.0,0.25,pareto,closest
2,thickness_grids_L9000mm.csv,37,25,145,9.0,1.46,1.4732044502499888,0.0132044502499887,60.26957010352802,60.26957010352802,3.9948727739826095,3.880334268136109,1341.0881089864658,1341.0881089864658,253.2172560735904,750.0,344619.4446206504,3352.7202724661643,True,0.1888147798618247,344.61944462065037,153.16419760917793,-0.11966573186389118,0.11966573186389118,4.0,0.25,pareto,closest
3,thickness_grids_L9000mm.csv,34,24,147,9.0,1.48,1.4923260213503895,0.0123260213503896,61.93210093580774,61.93210093580774,3.831913794435837,4.186254539762837,1351.7528269954064,1351.7528269954064,260.5329407212337,749.9999999999997,332755.9623707659,3379.382067488516,True,0.1927371154831097,332.75596237076593,147.89153883145153,0.186254539762837,0.186254539762837,4.0,0.25,pareto,closest
4,thickness_grids_L9000mm.csv,38,25,146,9.0,1.47,1.4832044502499888,0.0132044502499887,61.09800808627965,61.09800808627965,3.979785647332589,3.764254959441364,1342.0677294492864,1342.0677294492864,252.42661516939555,750.0000000000002,345633.3818224398,3355.169323623216,True,0.1880878361280455,345.6333818224398,153.6148363655288,-0.2357450405586361,0.2357450405586361,4.0,0.25,pareto,closest
